time_ns,minimum_heavy_atom_bond_A,maximum_heavy_atom_bond_A,maximum_absolute_change_from_frame0_A,implausible_heavy_atom_bond_count
0.0,1.2601018,1.6137087,0.0,0
0.05000000001018634,1.2274967,1.576884,0.10820353,0
0.10000000002037268,1.2220743,1.5587833,0.14087665,0
0.15000000003055902,1.2206826,1.578188,0.14713466,0
0.20000000004074536,1.2087288,1.6199484,0.17138684,0
0.2500000000509317,1.2589257,1.6283821,0.116018176,0
0.30000000006111804,1.2126952,1.5948846,0.121378064,0
0.3500000000713044,1.2170233,1.626069,0.19960606,0
0.4000000000814907,1.2133971,1.5826184,0.09844589,0
0.45000000009167707,1.2025318,1.5931385,0.14912415,0
0.5000000001018634,1.2447596,1.6178513,0.1130625,0
0.5500000001120497,1.2495543,1.5980612,0.099639416,0
0.6000000001222361,1.2376798,1.6372309,0.13425541,0
0.6500000001324215,1.1754762,1.5804439,0.11040723,0
0.7000000001426079,1.1992377,1.576975,0.16236055,0
0.7500000001527942,1.256134,1.5961026,0.1318872,0
0.8000000001629806,1.2119796,1.6484337,0.117743134,0
0.8500000001731669,1.228367,1.6570618,0.13101315,0
0.9000000001833532,1.2458241,1.6516643,0.13523746,0
0.9500000001935396,1.1878275,1.5857447,0.12234664,0
1.000000000203726,1.2293844,1.5928664,0.10545671,0
1.0500000002139123,1.198733,1.6007907,0.116518736,0
1.1000000002240986,1.2370245,1.5713885,0.1318506,0
1.150000000234285,1.2472298,1.609795,0.091371894,0
1.2000000002444713,1.1992567,1.6265445,0.09015906,0
1.2500000002546576,1.2568961,1.6034844,0.1494546,0
1.300000000264844,1.2138393,1.5831215,0.123560905,0
1.3500000002750303,1.2169375,1.6682436,0.092711926,0
1.4000000002852167,1.2443687,1.5977353,0.10842621,0
1.450000000295403,1.2440292,1.6108999,0.10839629,0
1.5000000003055893,1.2051842,1.6438789,0.112252355,0
1.5500000003157757,1.2335542,1.6423736,0.1265074,0
1.600000000325962,1.2224041,1.5793343,0.15708804,0
1.6500000003361501,1.2188817,1.6907403,0.15911376,0
1.700000000346333,1.2390783,1.5737085,0.11490476,0
1.750000000356521,1.2271423,1.6309783,0.111436486,0
1.8000000003667074,1.218265,1.6309175,0.16842532,0
1.8500000003768937,1.234333,1.5816376,0.09970105,0
1.90000000038708,1.2189741,1.6288183,0.159922,0
1.9500000003972664,1.2159325,1.5846629,0.113227844,0
2.0000000004074545,1.2558587,1.6437811,0.115474224,0
2.0500000004176373,1.241389,1.6203898,0.16111195,0
2.1000000004278254,1.2074826,1.5735602,0.14299762,0
2.1500000004380118,1.2478178,1.6436026,0.11839855,0
2.200000000448198,1.2189339,1.6053296,0.09951794,0
2.250000000458386,1.18865,1.5998614,0.13406825,0
2.300000000468569,1.2277501,1.6121924,0.1760782,0
2.350000000478757,1.2649522,1.6226602,0.18037963,0
2.4000000004889435,1.1817672,1.6308377,0.09628284,0
2.45000000049913,1.2007554,1.5724312,0.1383028,0
2.500000000509316,1.2416784,1.596374,0.10920048,0
2.5500000005195025,1.2160022,1.5744324,0.109455585,0
2.6000000005296906,1.2393574,1.6080408,0.13122153,0
2.6500000005398734,1.2215946,1.5800478,0.11548698,0
2.7000000005500615,1.2894435,1.6599171,0.10974288,0
2.750000000560248,1.2287023,1.6463158,0.12818265,0
2.800000000570434,1.2191389,1.6399548,0.14952648,0
2.8500000005806223,1.2016447,1.6114974,0.103836894,0
2.900000000590805,1.2399639,1.6046705,0.12440145,0
2.950000000600993,1.2161347,1.5795302,0.084923744,0
3.0000000006111796,1.2093064,1.5782855,0.08570957,0
3.050000000621366,1.2136565,1.6243596,0.10909498,0
3.1000000006315522,1.2002782,1.5942134,0.14180303,0
3.1500000006417386,1.1781402,1.592509,0.09685218,0
3.200000000651925,1.2489184,1.588954,0.16828406,0
3.2500000006621113,1.2041445,1.5959845,0.13811195,0
3.3000000006722976,1.2221136,1.5991415,0.09906113,0
3.350000000682484,1.2397193,1.5699248,0.14172709,0
3.4000000006926703,1.224169,1.6023092,0.16594005,0
3.4500000007028584,1.2184173,1.6154377,0.11978233,0
3.500000000713041,1.262076,1.6226528,0.18672526,0
3.5500000007232293,1.236981,1.6324754,0.09945607,0
3.6000000007334156,1.1822901,1.5987673,0.11025965,0
3.650000000743602,1.2482711,1.6202233,0.09916079,0
3.70000000075379,1.2395871,1.5899358,0.11231542,0
3.750000000763973,1.1878018,1.5988362,0.1265539,0
3.800000000774161,1.1988912,1.6014359,0.17677093,0
3.8500000007843473,1.2161176,1.6097772,0.11733174,0
3.9000000007945337,1.2301708,1.5896585,0.14670587,0
3.95000000080472,1.2227465,1.6107609,0.17740738,0
4.000000000814906,1.2113924,1.5805409,0.1820488,0
4.0500000008250945,1.2615197,1.618612,0.10603356,0
4.100000000835277,1.240547,1.5979934,0.14536238,0
4.150000000845465,1.2437549,1.617433,0.15113163,0
4.200000000855652,1.2238679,1.6095352,0.10704315,0
4.250000000865838,1.2234342,1.6157842,0.12541366,0
4.300000000876026,1.197088,1.647607,0.12536037,0
4.350000000886209,1.2101375,1.6031005,0.17828298,0
4.400000000896397,1.2237916,1.5982966,0.09818256,0
4.450000000906583,1.2447567,1.6104001,0.07796419,0
4.50000000091677,1.2612791,1.6552474,0.11886203,0
4.550000000926956,1.2224267,1.6287916,0.12057614,0
4.6000000009371425,1.2287897,1.5986639,0.1533786,0
4.650000000947331,1.2073879,1.5673394,0.09941387,0
4.700000000957513,1.2276697,1.6166164,0.09435928,0
4.7500000009677015,1.2094829,1.5688258,0.11611593,0
4.800000000977888,1.235492,1.6022482,0.12558985,0
4.850000000988074,1.2023704,1.5789673,0.118276596,0
4.900000000998262,1.1955764,1.5848031,0.10202205,0
4.950000001008445,1.2031773,1.6455513,0.1311953,0
5.000000001018633,1.2575632,1.5850227,0.13378501,0
5.0500000010288195,1.2062662,1.6616042,0.12521875,0
5.100000001039006,1.2109778,1.5967025,0.09675026,0
5.150000001049192,1.201729,1.5815102,0.19443917,0
5.2000000010593785,1.1936048,1.5984856,0.124201655,0
5.250000001069565,1.2216151,1.6254523,0.137887,0
5.300000001079751,1.2479268,1.6461979,0.17292857,0
5.350000001089938,1.1857464,1.6505731,0.1249702,0
5.400000001100124,1.2303598,1.6043454,0.089066505,0
5.45000000111031,1.2410722,1.6471386,0.11165345,0
5.500000001120498,1.2568829,1.5967436,0.10174775,0
5.550000001130681,1.2323079,1.6190345,0.15645516,0
5.600000001140869,1.2366536,1.5956925,0.09954941,0
5.650000001151056,1.206414,1.654254,0.13915741,0
5.700000001161242,1.2312577,1.6021513,0.13504136,0
5.75000000117143,1.2064756,1.612808,0.1207428,0
5.800000001181615,1.2365102,1.6140821,0.13839877,0
5.850000001191801,1.2080123,1.5701152,0.1315893,0
5.900000001201987,1.2086867,1.6293174,0.107613325,0
5.950000001212174,1.219733,1.5790191,0.12586904,0
6.00000000122236,1.2290342,1.6159549,0.14098096,0
6.050000001232546,1.2205198,1.6797132,0.15450919,0
6.1000000012427344,1.205925,1.6220826,0.11242044,0
6.150000001252917,1.2323643,1.6235371,0.09627652,0
6.200000001263105,1.2132814,1.6133056,0.14580727,0
6.250000001273292,1.213114,1.6023232,0.11665511,0
6.300000001283478,1.234832,1.6118954,0.12538421,0
6.350000001293666,1.2293395,1.6049066,0.10666275,0
6.400000001303849,1.1951406,1.6140145,0.16354847,0
6.450000001314037,1.2004412,1.592289,0.14988458,0
6.500000001324223,1.2726938,1.6123719,0.12081087,0
6.55000000133441,1.2432333,1.6194742,0.16057336,0
6.600000001344596,1.2310178,1.5893172,0.08859646,0
6.650000001354782,1.241772,1.5934561,0.09385002,0
6.7000000013649705,1.240931,1.6077256,0.16638124,0
6.750000001375153,1.2378488,1.6501424,0.12260628,0
6.800000001385341,1.2354687,1.5897554,0.121055126,0
6.850000001395528,1.224113,1.6630588,0.16461885,0
6.900000001405714,1.2067096,1.5956198,0.119620085,0
6.950000001415902,1.194032,1.6145222,0.14229667,0
7.000000001426085,1.2490832,1.6062543,0.0931133,0
7.050000001436273,1.2081767,1.5899684,0.16133583,0
7.1000000014464595,1.2428288,1.6581573,0.08670008,0
7.150000001456646,1.1998116,1.590799,0.10460472,0
7.200000001466832,1.2144179,1.6047828,0.12517393,0
7.2500000014770185,1.223184,1.599517,0.13127685,0
7.300000001487205,1.2119406,1.6044393,0.09192455,0
7.350000001497391,1.2452748,1.6036683,0.12599432,0
7.4000000015075775,1.2306634,1.5858334,0.16269255,0
7.450000001517764,1.2443825,1.6147721,0.13973272,0
7.50000000152795,1.2268751,1.6140816,0.11350763,0
7.550000001538138,1.2425189,1.6141498,0.1174773,0
7.600000001548321,1.2212479,1.6028411,0.15070748,0
7.650000001558509,1.195497,1.5811992,0.1194396,0
7.700000001568696,1.1746877,1.6079028,0.15728283,0
7.750000001578882,1.2518721,1.655255,0.09662676,0
7.80000000158907,1.2078907,1.62929,0.101002455,0
7.850000001599255,1.2040399,1.6095393,0.14951599,0
7.900000001609441,1.2653003,1.6617833,0.10896826,0
7.950000001619627,1.2341712,1.6110469,0.1549002,0
8.000000001629813,1.210031,1.612178,0.13367319,0
8.050000001639999,1.197636,1.6637089,0.13208234,0
8.100000001650185,1.2438548,1.583619,0.12195039,0
8.150000001660372,1.2180266,1.6028647,0.12421429,0
8.200000001670556,1.1999683,1.6000097,0.17259705,0
8.250000001680746,1.2241735,1.5849895,0.11622894,0
8.300000001690933,1.2517335,1.5885253,0.12626123,0
8.350000001701119,1.1829824,1.602212,0.08580172,0
8.400000001711305,1.2520106,1.5702372,0.11797202,0
8.450000001721488,1.2321514,1.5826938,0.13222873,0
8.500000001731678,1.2631018,1.6275322,0.14800501,0
8.550000001741864,1.224147,1.6199043,0.0971179,0
8.60000000175205,1.195495,1.601521,0.12466347,0
8.650000001762237,1.23847,1.5837373,0.11187363,0
8.700000001772423,1.1951499,1.5815768,0.19310653,0
8.75000000178261,1.2323049,1.5857365,0.08268082,0
8.800000001792792,1.2328186,1.6279541,0.15695202,0
8.850000001802979,1.2359912,1.5684476,0.11722696,0
8.900000001813165,1.24582,1.6162735,0.13036561,0
8.950000001823351,1.2227924,1.5977125,0.13315797,0
9.000000001833538,1.1822264,1.5847096,0.134395,0
9.050000001843724,1.2093751,1.6319504,0.111528754,0
9.10000000185391,1.192611,1.656103,0.1197176,0
9.150000001864097,1.2028785,1.6445873,0.119383216,0
9.200000001874283,1.2355647,1.5897508,0.13037717,0
9.25000000188447,1.2328484,1.6197417,0.1175642,0
9.300000001894656,1.2499822,1.6193707,0.111530304,0
9.350000001904842,1.2397965,1.6355169,0.12286246,0
9.400000001915028,1.2017868,1.5781356,0.16353977,0
9.450000001925215,1.2361021,1.6060886,0.11326039,0
9.500000001935401,1.2052736,1.6833938,0.15176725,0
9.550000001945588,1.2618607,1.6046252,0.123583674,0
9.600000001955774,1.2206187,1.5706275,0.14327371,0
9.65000000196596,1.2192621,1.6076872,0.1423279,0
9.700000001976147,1.2035636,1.6273379,0.15198696,0
9.750000001986333,1.236862,1.6488873,0.16171372,0
9.80000000199652,1.1910167,1.6366816,0.12555218,0
9.850000002006706,1.2367384,1.6148798,0.10494673,0
9.900000002016892,1.197073,1.6341584,0.11254251,0
9.950000002027078,1.2049825,1.6135138,0.11483228,0
10.000000002037265,1.2474693,1.6134201,0.17178643,0
10.050000002047451,1.2368939,1.6463373,0.122615576,0
10.100000002057637,1.2354943,1.6110517,0.11602998,0
10.150000002067824,1.2565161,1.5852116,0.1821022,0
10.20000000207801,1.2178425,1.6329281,0.14934051,0
10.250000002088196,1.2341825,1.624135,0.11631322,0
10.300000002098383,1.2142717,1.6003071,0.10780883,0
10.350000002108569,1.2537079,1.6344701,0.12656379,0
10.400000002118755,1.207777,1.6067911,0.11977899,0
10.450000002128942,1.2308099,1.5951574,0.17085266,0
10.500000002139128,1.1919277,1.6162871,0.12205398,0
10.550000002149318,1.201498,1.6046168,0.08792782,0
10.6000000021595,1.2704803,1.6244891,0.14724183,0
10.65000000216969,1.2342577,1.5936131,0.12762535,0
10.700000002179873,1.2128695,1.6119416,0.0914644,0
10.75000000219006,1.2169745,1.6106887,0.20070827,0
10.800000002200246,1.2585132,1.6311703,0.10596621,0
10.850000002210432,1.2214526,1.6330261,0.11777949,0
10.900000002220619,1.2142112,1.5869367,0.15000188,0
10.950000002230805,1.215999,1.6279094,0.17537129,0
11.000000002240991,1.2129816,1.5992248,0.15656507,0
11.050000002251178,1.2018902,1.5928066,0.16611946,0
11.100000002261364,1.228521,1.5966266,0.12935841,0
11.15000000227155,1.211461,1.6012282,0.1192106,0
11.200000002281737,1.209584,1.5863258,0.12149763,0
11.25000000229192,1.2231169,1.6192887,0.13163614,0
11.30000000230211,1.2240397,1.5877907,0.15944004,0
11.350000002312292,1.2044209,1.5669571,0.105481625,0
11.400000002322482,1.2522526,1.6104476,0.1281234,0
11.450000002332668,1.1976401,1.6041261,0.14884222,0
11.500000002342851,1.1834384,1.5785784,0.16444135,0
11.550000002353041,1.2626467,1.5622194,0.13688159,0
11.600000002363227,1.2410722,1.5895725,0.12949574,0
11.650000002373414,1.2051644,1.6092776,0.126194,0
11.7000000023836,1.1667414,1.6153417,0.17258346,0
11.750000002393787,1.1968857,1.575194,0.15749681,0
11.80000000240397,1.2380483,1.6064627,0.09758639,0
11.85000000241416,1.2215028,1.601854,0.16436267,0
11.900000002424346,1.1964324,1.5810685,0.14281452,0
11.950000002434532,1.2115809,1.6391124,0.10272694,0
12.000000002444722,1.2265255,1.6199578,0.11638987,0
12.050000002454905,1.1822757,1.5813296,0.20647228,0
12.10000000246509,1.2076317,1.6324589,0.09607351,0
12.15000000247528,1.266036,1.5853041,0.17082167,0
12.200000002485464,1.2104772,1.6444423,0.16761124,0
12.25000000249565,1.2723925,1.6391395,0.14207304,0
12.300000002505836,1.2091677,1.603909,0.106667995,0
12.350000002516023,1.231915,1.6066549,0.1532929,0
12.400000002526209,1.2166648,1.6184956,0.15787363,0
12.450000002536395,1.2596741,1.6197884,0.08340299,0
12.500000002546582,1.1998152,1.6573142,0.10568428,0
12.550000002556768,1.2630643,1.6136384,0.15323925,0
12.600000002566958,1.1981897,1.5962019,0.105874896,0
12.65000000257714,1.2587707,1.6201617,0.14467323,0
12.70000000258733,1.2246685,1.6004622,0.12751341,0
12.750000002597513,1.2247933,1.6399474,0.11921227,0
12.8000000026077,1.2483462,1.633557,0.10193038,0
12.850000002617886,1.2040558,1.5874376,0.1499902,0
12.900000002628072,1.2022119,1.6150904,0.11073768,0
12.950000002638259,1.2272592,1.6254613,0.14054894,0
13.000000002648445,1.2177871,1.6292255,0.107026935,0
13.050000002658631,1.2264289,1.6568154,0.11892247,0
13.100000002668818,1.2218623,1.6138434,0.11461592,0
13.150000002679004,1.2109373,1.6316916,0.10648751,0
13.20000000268919,1.2335781,1.6371275,0.118361235,0
13.250000002699377,1.2366126,1.5919149,0.10643196,0
13.30000000270956,1.2506249,1.5821686,0.14262354,0
13.35000000271975,1.1956124,1.5874434,0.10552299,0
13.400000002729932,1.21243,1.6254733,0.11655164,0
13.450000002740122,1.2008805,1.6269988,0.14136231,0
13.500000002750308,1.2468685,1.6532848,0.14862311,0
13.550000002760491,1.2737619,1.5937762,0.16479969,0
13.600000002770681,1.2096468,1.597944,0.1263411,0
13.650000002780867,1.2254746,1.5884495,0.14536023,0
13.700000002791054,1.2156024,1.6198678,0.12916875,0
13.75000000280124,1.2342594,1.614676,0.12718475,0
13.800000002811426,1.2119532,1.611724,0.12827599,0
13.85000000282161,1.2301446,1.6499722,0.14080513,0
13.9000000028318,1.1963905,1.5684198,0.11071861,0
13.950000002841985,1.2654469,1.6084145,0.12972045,0
14.000000002852172,1.211767,1.6029931,0.14328325,0
14.050000002862362,1.203216,1.6085443,0.11206448,0
14.100000002872545,1.2001985,1.621554,0.1556313,0
14.15000000288273,1.2039794,1.6072105,0.12649608,0
14.20000000289292,1.232756,1.6245303,0.11893284,0
14.250000002903104,1.1758296,1.6228468,0.11192429,0
14.30000000291329,1.2057219,1.6021447,0.121089816,0
14.350000002923476,1.2599812,1.6369269,0.1643002,0
14.400000002933663,1.2367028,1.5800899,0.12672019,0
14.450000002943849,1.1986793,1.5956357,0.15535545,0
14.500000002954035,1.2263544,1.6228782,0.10351741,0
14.550000002964222,1.1899949,1.6054655,0.09767854,0
14.600000002974408,1.2190776,1.6042583,0.15687633,0
14.650000002984598,1.2003058,1.610678,0.1880498,0
14.70000000299478,1.2283998,1.6105868,0.16109037,0
14.75000000300497,1.2386091,1.649837,0.13345253,0
14.800000003015153,1.204296,1.5971997,0.13470149,0
14.85000000302534,1.2064724,1.5858746,0.20691788,0
14.900000003035526,1.193833,1.5993975,0.11264253,0
14.950000003045712,1.1873076,1.6377285,0.11915815,0
15.000000003055899,1.2124085,1.6367577,0.19118953,0
15.050000003066085,1.2453351,1.6226485,0.1207751,0
15.100000003076271,1.1959274,1.5968817,0.15710938,0
15.150000003086458,1.1988555,1.5965116,0.11166942,0
15.200000003096644,1.2472473,1.6386638,0.12651515,0
15.25000000310683,1.217065,1.5876008,0.14654398,0
15.300000003117017,1.2348331,1.5777409,0.09212923,0
15.3500000031272,1.1894791,1.5808003,0.13325632,0
15.40000000313739,1.1950281,1.627017,0.15953696,0
15.450000003147572,1.222553,1.5955104,0.20698714,0
15.500000003157762,1.2215354,1.6219487,0.1727475,0
15.550000003167948,1.2231327,1.6692216,0.14401758,0
15.600000003178131,1.192204,1.6230621,0.111486435,0
15.650000003188321,1.2019727,1.5897261,0.10044098,0
15.700000003198507,1.250737,1.6081227,0.16937554,0
15.750000003208694,1.2124441,1.6066287,0.14495814,0
15.80000000321888,1.232875,1.5956026,0.12171805,0
15.850000003229066,1.2329172,1.6229646,0.10178447,0
15.90000000323925,1.2646879,1.6339126,0.16553473,0
15.95000000324944,1.2174356,1.6150556,0.098689556,0
16.000000003259625,1.2417297,1.6071899,0.13595867,0
16.050000003269812,1.1795588,1.637324,0.10569739,0
16.10000000328,1.1900988,1.5847719,0.11636317,0
16.150000003290184,1.2299993,1.5853381,0.13738978,0
16.20000000330037,1.1693059,1.6305435,0.10533941,0
16.25000000331056,1.2008741,1.6106918,0.14210069,0
16.300000003320744,1.2111676,1.61344,0.14282107,0
16.35000000333093,1.188563,1.6118735,0.13251412,0
16.400000003341116,1.245356,1.605267,0.12012243,0
16.450000003351303,1.2312839,1.6131109,0.15873134,0
16.50000000336149,1.2006055,1.6209404,0.1276375,0
16.550000003371675,1.2324278,1.6332875,0.12756324,0
16.60000000338186,1.2117405,1.6056576,0.13496447,0
16.650000003392048,1.2321411,1.6184955,0.102924705,0
16.700000003402238,1.2304254,1.6008317,0.16431487,0
16.75000000341242,1.2068195,1.5653203,0.14150739,0
16.80000000342261,1.2394984,1.5646443,0.13899994,0
16.850000003432793,1.2112911,1.6193922,0.10952222,0
16.90000000344298,1.2519591,1.6049082,0.18732965,0
16.950000003453166,1.2519662,1.5947837,0.16413641,0
17.000000003463352,1.2590549,1.6280174,0.10281336,0
17.05000000347354,1.2124095,1.6299313,0.17363775,0
17.100000003483725,1.2055557,1.6233252,0.10883117,0
17.15000000349391,1.2400904,1.6044635,0.14335418,0
17.200000003504098,1.2231323,1.6329552,0.117381334,0
17.250000003514284,1.2579546,1.6044343,0.13794231,0
17.30000000352447,1.1900623,1.6045847,0.14683926,0
17.350000003534657,1.2361484,1.5808008,0.07891369,0
17.40000000354484,1.1953173,1.5742924,0.13390768,0
17.45000000355503,1.2324514,1.6094065,0.1520772,0
17.500000003565212,1.2103599,1.6131666,0.10608518,0
17.550000003575402,1.206304,1.6014987,0.16935718,0
17.60000000358559,1.1974369,1.6089921,0.199821,0
17.650000003595775,1.1938888,1.6378974,0.10305643,0
17.70000000360596,1.2183796,1.5759939,0.10660684,0
17.750000003616144,1.2477181,1.61603,0.13603842,0
17.800000003626334,1.196639,1.593936,0.10516989,0
17.85000000363652,1.2469883,1.6148317,0.109105706,0
17.900000003646706,1.2255514,1.613878,0.1580584,0
17.95000000365689,1.218673,1.6046034,0.08393252,0
18.00000000366708,1.2524436,1.579001,0.119928956,0
18.050000003677265,1.210817,1.6361743,0.11058378,0
18.10000000368745,1.1904708,1.6275239,0.14792633,0
18.15000000369764,1.2311807,1.5764039,0.107836366,0
18.200000003707824,1.2190385,1.6048393,0.103358746,0
18.25000000371801,1.2270143,1.6141288,0.10596156,0
18.3000000037282,1.2307394,1.5979034,0.17574275,0
18.350000003738383,1.2330955,1.6183331,0.13849151,0
18.40000000374857,1.1918836,1.6038727,0.14786303,0
18.450000003758756,1.237991,1.5977936,0.13571525,0
18.500000003768942,1.1927185,1.6044931,0.124557614,0
18.55000000377913,1.2356298,1.6137455,0.17204964,0
18.600000003789315,1.24838,1.5986307,0.121578574,0
18.6500000037995,1.2178111,1.5748122,0.112077355,0
18.700000003809688,1.2272228,1.587342,0.12551105,0
18.750000003819878,1.2606348,1.6098404,0.12287927,0
18.80000000383006,1.2440223,1.6215413,0.114468336,0
18.85000000384025,1.230212,1.5918934,0.13884103,0
18.900000003850433,1.2398658,1.62799,0.13309443,0
18.95000000386062,1.2254134,1.5866425,0.11688173,0
19.000000003870806,1.2151229,1.6059655,0.1487838,0
19.050000003880992,1.2565308,1.597004,0.10401118,0
19.10000000389118,1.247852,1.6410298,0.11582577,0
19.150000003901365,1.2279798,1.5781106,0.108510375,0
19.20000000391155,1.215891,1.6034968,0.10099518,0
19.250000003921738,1.2368553,1.6085428,0.11527467,0
19.300000003931924,1.2067348,1.5943172,0.09998727,0
19.35000000394211,1.2563102,1.5655149,0.14961171,0
19.400000003952297,1.1956377,1.6111572,0.12398362,0
19.45000000396248,1.2108301,1.622035,0.13627017,0
19.50000000397267,1.2140919,1.5674716,0.10816777,0
19.550000003982852,1.2165729,1.590587,0.09776592,0
19.600000003993042,1.2470696,1.6375151,0.101632714,0
19.65000000400323,1.2384497,1.6144428,0.08711851,0
19.700000004013415,1.2303183,1.5962162,0.12456691,0
19.7500000040236,1.2138008,1.5855765,0.082235694,0
19.800000004033784,1.1682599,1.5665878,0.13912594,0
19.850000004043974,1.2227387,1.580677,0.10677922,0
19.90000000405416,1.2276722,1.6005843,0.15806377,0
19.950000004064346,1.2222492,1.6001968,0.1447388,0
20.000000004074533,1.2590089,1.6131537,0.13019991,0
20.050000004084723,1.2052954,1.6285295,0.19014752,0
20.100000004094905,1.2691882,1.6132702,0.110992074,0
20.15000000410509,1.2332069,1.602843,0.11756587,0
20.20000000411528,1.2080873,1.5934314,0.0928967,0
20.250000004125464,1.2125585,1.5910859,0.13673067,0
20.30000000413565,1.2330042,1.6121004,0.11710596,0
20.35000000414584,1.2347968,1.6081339,0.19331038,0
20.400000004156023,1.2279737,1.6171048,0.11788964,0
20.45000000416621,1.1944267,1.6204951,0.13555777,0
20.500000004176396,1.2129625,1.6103114,0.15157497,0
20.550000004186582,1.225553,1.5631748,0.15619528,0
20.60000000419677,1.2276875,1.6455235,0.116291165,0
20.650000004206955,1.2149845,1.594804,0.1265558,0
20.70000000421714,1.2186862,1.6121325,0.14110196,0
20.750000004227328,1.2336888,1.6398256,0.13065195,0
20.800000004237518,1.2321253,1.6278088,0.11964989,0
20.8500000042477,1.2487646,1.6063302,0.092100024,0
20.90000000425789,1.2371674,1.6304846,0.098858,0
20.950000004268073,1.2034236,1.5719658,0.093034625,0
21.00000000427826,1.20086,1.5941031,0.13010299,0
21.050000004288446,1.2264814,1.6129332,0.13476098,0
21.100000004298632,1.1775209,1.6136146,0.09129655,0
21.15000000430882,1.2302527,1.6168612,0.11371434,0
21.200000004319005,1.2057471,1.6196187,0.13280213,0
21.25000000432919,1.2166159,1.6120291,0.095026016,0
21.300000004339378,1.2102184,1.5646846,0.08903229,0
21.350000004349564,1.2058856,1.6078026,0.17672026,0
21.40000000435975,1.2148464,1.6032578,0.16242039,0
21.450000004369937,1.2460663,1.5761191,0.10184181,0
21.50000000438012,1.229899,1.6414866,0.13362944,0
21.55000000439031,1.2309327,1.6051294,0.06833267,0
21.600000004400492,1.183111,1.5848584,0.11685479,0
21.650000004410682,1.2266692,1.5964298,0.1357454,0
21.70000000442087,1.2181897,1.5943403,0.12555635,0
21.750000004431055,1.2158614,1.6161155,0.112942934,0
21.80000000444124,1.2296848,1.5854747,0.113578916,0
21.850000004451424,1.1888467,1.6192513,0.11035979,0
21.900000004461614,1.241342,1.6120301,0.13079059,0
21.9500000044718,1.231432,1.6296495,0.14247596,0
22.000000004481986,1.2449944,1.624006,0.12670875,0
22.050000004492173,1.2314403,1.5972614,0.090628386,0
22.100000004502363,1.2153717,1.6117852,0.113452554,0
22.150000004512545,1.2232493,1.6131351,0.111509085,0
22.20000000452273,1.2292062,1.5961682,0.1003077,0
22.25000000453292,1.2413361,1.63471,0.11044574,0
22.300000004543104,1.2346401,1.592642,0.1457187,0
22.35000000455329,1.2164919,1.6149681,0.09952819,0
22.40000000456348,1.2301973,1.5733297,0.09825194,0
22.450000004573663,1.2069783,1.617131,0.09759867,0
22.50000000458385,1.228727,1.6256871,0.107821345,0
22.550000004594036,1.2163317,1.5911533,0.1539408,0
22.600000004604222,1.2158806,1.5578662,0.1263007,0
22.65000000461441,1.2140294,1.6161671,0.10873234,0
22.700000004624595,1.2473152,1.6055869,0.112911105,0
22.75000000463478,1.2309179,1.5720463,0.16303623,0
22.800000004644968,1.2552216,1.5956069,0.108026266,0
22.850000004655158,1.2256956,1.6122795,0.11791432,0
22.90000000466534,1.2250295,1.6014986,0.13672042,0
22.95000000467553,1.2058657,1.6349487,0.15262556,0
23.000000004685713,1.2327622,1.6198828,0.11691761,0
23.0500000046959,1.2522333,1.5985281,0.120833635,0
23.100000004706086,1.1780701,1.6580653,0.09926844,0
23.150000004716272,1.258766,1.5745685,0.10499287,0
23.20000000472646,1.2330611,1.5941143,0.12181485,0
23.250000004736645,1.1921939,1.5987613,0.11299002,0
23.30000000474683,1.1936601,1.5765047,0.10098696,0
23.350000004757018,1.2591742,1.5876102,0.14067054,0
23.400000004767204,1.1834828,1.58149,0.17159152,0
23.45000000477739,1.2059312,1.6072218,0.16248894,0
23.500000004787577,1.2024293,1.6479689,0.10370755,0
23.55000000479776,1.2361035,1.6199663,0.124611855,0
23.60000000480795,1.2292824,1.6381648,0.17986429,0
23.650000004818132,1.2065425,1.6311055,0.1389333,0
23.700000004828322,1.255684,1.6092609,0.111637235,0
23.75000000483851,1.2216388,1.5806192,0.13981462,0
23.800000004848695,1.2244422,1.6189058,0.13605249,0
23.85000000485888,1.2155633,1.5819423,0.12335646,0
23.900000004869064,1.2565105,1.6412641,0.15447485,0
23.950000004879254,1.2416004,1.6096915,0.12180829,0
24.00000000488944,1.2589545,1.5690153,0.13389969,0
24.050000004899626,1.2425358,1.6040505,0.12965405,0
24.100000004909813,1.203234,1.6229951,0.14046478,0
24.150000004920003,1.2528611,1.6275437,0.0983628,0
24.200000004930185,1.2195761,1.5662146,0.11683273,0
24.25000000494037,1.2341018,1.6189147,0.103995204,0
24.30000000495056,1.2296607,1.5783634,0.10820854,0
24.350000004960744,1.191492,1.5886426,0.120607615,0
24.40000000497093,1.2070874,1.6274788,0.1376028,0
24.45000000498112,1.2401826,1.5930325,0.091977835,0
24.500000004991303,1.2395067,1.641965,0.1109159,0
24.55000000500149,1.2310317,1.5913234,0.15146899,0
24.600000005011676,1.218649,1.5959051,0.13409209,0
24.650000005021862,1.2317013,1.5915896,0.192428,0
24.70000000503205,1.2223108,1.6111106,0.13200772,0
24.75000000504224,1.222706,1.6327786,0.1534313,0
24.80000000505242,1.2010999,1.593591,0.15626645,0
24.850000005062608,1.192678,1.634279,0.10265243,0
24.900000005072798,1.2249671,1.5992508,0.12512612,0
24.95000000508298,1.2286867,1.60111,0.08014858,0
25.00000000509317,1.258527,1.6342145,0.119027495,0
25.050000005103353,1.2136587,1.6373557,0.14110243,0
25.10000000511354,1.2380738,1.6210057,0.11131644,0
25.150000005123726,1.216052,1.6257447,0.11654961,0
25.200000005133912,1.1895845,1.614803,0.13904381,0
25.250000005144095,1.22474,1.6257575,0.11243296,0
25.30000000515428,1.2506431,1.6196424,0.114418745,0
25.350000005164468,1.2261972,1.5832782,0.08851409,0
25.400000005174654,1.2224355,1.5755835,0.10984528,0
25.45000000518484,1.1705334,1.6052932,0.08956838,0
25.500000005195027,1.2285645,1.6254466,0.15393102,0
25.550000005205213,1.2068391,1.6210903,0.14388931,0
25.6000000052154,1.207976,1.5882455,0.16162169,0
25.650000005225586,1.2506406,1.6084164,0.17442477,0
25.700000005235772,1.2188063,1.64623,0.13664973,0
25.75000000524596,1.2271338,1.6368105,0.14623606,0
25.800000005256145,1.1979531,1.5948409,0.10266864,0
25.85000000526633,1.263583,1.6130631,0.09165156,0
25.900000005276517,1.1852107,1.6127002,0.09869528,0
25.950000005286704,1.2429489,1.6245768,0.13160408,0
26.00000000529689,1.2409492,1.6408346,0.14023197,0
26.050000005307076,1.24251,1.5973403,0.115334034,0
26.100000005317263,1.2616792,1.6179003,0.17127395,0
26.15000000532745,1.2050922,1.6024841,0.111138344,0
26.200000005337635,1.2290461,1.5986879,0.15890348,0
26.25000000534782,1.2231233,1.5793527,0.100556016,0
26.300000005358008,1.222042,1.605973,0.101032615,0
26.350000005368194,1.2166141,1.6155916,0.19136584,0
26.40000000537838,1.2288637,1.6178836,0.123446465,0
26.450000005388567,1.1870596,1.6364836,0.1462686,0
26.500000005398753,1.2158897,1.5997381,0.16558278,0
26.55000000540894,1.2243181,1.6002004,0.16022074,0
26.600000005419126,1.2615871,1.6247982,0.10264087,0
26.650000005429312,1.2652678,1.600193,0.10320401,0
26.7000000054395,1.2477436,1.5706145,0.10733247,0
26.750000005449685,1.2045025,1.5835419,0.1420418,0
26.80000000545987,1.2375638,1.5897195,0.15132141,0
26.850000005470058,1.2174166,1.588325,0.12253952,0
26.900000005480244,1.1858172,1.606112,0.13154852,0
26.95000000549043,1.1928203,1.5868424,0.1202091,0
27.000000005500617,1.2238398,1.6046184,0.1323415,0
27.050000005510803,1.2436519,1.5904897,0.12036717,0
27.10000000552099,1.2473603,1.6292511,0.10404706,0
27.150000005531176,1.2119486,1.5948496,0.08300865,0
27.200000005541362,1.2588578,1.6244209,0.114643455,0
27.25000000555155,1.2358412,1.615013,0.17157137,0
27.300000005561735,1.2082336,1.6436018,0.11197519,0
27.35000000557192,1.1925926,1.6387522,0.10712564,0
27.400000005582108,1.2470324,1.6321398,0.10704839,0
27.450000005592294,1.211244,1.6033016,0.13224614,0
27.50000000560248,1.2143456,1.5914137,0.14070618,0
27.550000005612667,1.209229,1.5962471,0.123729706,0
27.600000005622853,1.2076719,1.6102682,0.16436899,0
27.65000000563304,1.2160735,1.6272054,0.10556352,0
27.700000005643226,1.2180928,1.6156447,0.10908663,0
27.750000005653412,1.2006829,1.617627,0.100866795,0
27.8000000056636,1.2066817,1.5806769,0.11964214,0
27.850000005673785,1.2086244,1.5865515,0.13975751,0
27.90000000568397,1.2393568,1.5912671,0.09490681,0
27.950000005694164,1.2353315,1.6154867,0.15544844,0
28.000000005704344,1.2175653,1.5930705,0.10805619,0
28.05000000571453,1.2246765,1.6124779,0.13055456,0
28.100000005724716,1.2138793,1.6177616,0.11737871,0
28.150000005734903,1.232614,1.6314454,0.10443711,0
28.20000000574509,1.2250307,1.5888317,0.22107637,0
28.250000005755275,1.2469875,1.6026844,0.08435321,0
28.30000000576546,1.2070987,1.6241314,0.13391387,0
28.350000005775648,1.2369933,1.6216695,0.18107164,0
28.400000005785834,1.2427003,1.5950023,0.12908459,0
28.45000000579602,1.2172724,1.617734,0.09709489,0
28.500000005806207,1.2001333,1.6060374,0.11512351,0
28.550000005816393,1.2135407,1.6039448,0.12486541,0
28.60000000582658,1.1786911,1.6113749,0.09567368,0
28.650000005836766,1.2300371,1.6248238,0.08843839,0
28.700000005846952,1.2141668,1.6060302,0.12004936,0
28.75000000585714,1.2178384,1.6174232,0.12222016,0
28.800000005867332,1.2326545,1.626487,0.08754802,0
28.85000000587751,1.2396088,1.626628,0.11891091,0
28.900000005887698,1.2443967,1.615308,0.16716254,0
28.950000005897884,1.2141457,1.5841211,0.12761247,0
29.00000000590807,1.2188957,1.6226465,0.09704411,0
29.050000005918257,1.235056,1.6262755,0.11825907,0
29.100000005928443,1.2309325,1.621479,0.11915982,0
29.15000000593863,1.2249229,1.611672,0.09170163,0
29.200000005948816,1.2179446,1.6781685,0.115341544,0
29.250000005959002,1.2286596,1.5949745,0.12590766,0
29.30000000596919,1.2122154,1.6234276,0.15839219,0
29.350000005979375,1.2289889,1.6021132,0.1528393,0
29.40000000598956,1.2354863,1.6154253,0.12712598,0
29.450000005999748,1.2044247,1.6149987,0.1590724,0
29.500000006009934,1.1983429,1.6487191,0.09785271,0
29.55000000602012,1.2258449,1.5788454,0.10964239,0
29.600000006030314,1.2174444,1.6376394,0.13995838,0
29.650000006040493,1.2093112,1.6087587,0.11592817,0
29.70000000605068,1.25185,1.6002887,0.12629747,0
29.750000006060873,1.2206886,1.63934,0.12360656,0
29.800000006071052,1.2276446,1.5935696,0.15509892,0
29.85000000608124,1.2193005,1.5979052,0.09500635,0
29.900000006091425,1.2133285,1.5995786,0.15729702,0
29.95000000610161,1.2481631,1.6381457,0.14682865,0
30.000000006111804,1.211366,1.5860131,0.14374268,0
30.050000006121984,1.2265499,1.605725,0.120773196,0
30.10000000613217,1.2465897,1.6291524,0.11918914,0
30.150000006142363,1.2409744,1.607319,0.106783986,0
30.200000006152543,1.1759123,1.6173738,0.10295963,0
30.25000000616273,1.2004765,1.6228931,0.13072085,0
30.300000006172915,1.2836038,1.6144266,0.126212,0
30.3500000061831,1.2173042,1.6028411,0.12553394,0
30.400000006193288,1.1921484,1.6168355,0.1362201,0
30.450000006203474,1.2226932,1.5946636,0.103085876,0
30.50000000621366,1.229749,1.6036255,0.11721921,0
30.550000006223847,1.2022707,1.5918862,0.13166666,0
30.600000006234033,1.2259119,1.6346183,0.10710478,0
30.65000000624422,1.2433089,1.60708,0.16895783,0
30.700000006254406,1.196066,1.6042161,0.13162982,0
30.750000006264592,1.2664021,1.6440076,0.12768197,0
30.80000000627478,1.2560825,1.6094571,0.07916832,0
30.850000006284958,1.2404538,1.6018536,0.12960589,0
30.90000000629515,1.235816,1.6237526,0.102984786,0
30.950000006305338,1.1714379,1.5845488,0.121887445,0
31.000000006315524,1.204076,1.6078696,0.08136773,0
31.05000000632571,1.2003942,1.6187109,0.09720302,0
31.100000006335897,1.2511964,1.627654,0.09126854,0
31.150000006346083,1.2476978,1.5859294,0.13142705,0
31.20000000635627,1.2051057,1.5959226,0.12529671,0
31.250000006366456,1.2830453,1.6155583,0.11048758,0
31.300000006376642,1.2064749,1.5652143,0.11142337,0
31.35000000638683,1.2338727,1.622759,0.072734594,0
31.400000006397008,1.1949346,1.6007621,0.15311015,0
31.4500000064072,1.1990864,1.6044774,0.10493541,0
31.500000006417388,1.2124022,1.5998055,0.14415061,0
31.550000006427574,1.194769,1.6111118,0.14005351,0
31.60000000643776,1.1977686,1.6435088,0.12110913,0
31.650000006447947,1.2046912,1.5979503,0.092815876,0
31.700000006458133,1.2077754,1.6230772,0.11847317,0
31.75000000646832,1.2339926,1.6060426,0.15202701,0
31.800000006478506,1.2241881,1.5824738,0.090382695,0
31.850000006488692,1.2262839,1.5989516,0.1465993,0
31.90000000649888,1.2046682,1.612083,0.102000594,0
31.950000006509065,1.2127869,1.6228663,0.07739544,0
32.00000000651925,1.2571592,1.6141071,0.08775151,0
32.050000006529444,1.2291975,1.6002998,0.12764192,0
32.100000006539624,1.2029102,1.5879288,0.11372697,0
32.15000000654981,1.257491,1.6052021,0.13280046,0
32.20000000656,1.1895955,1.6258317,0.16328347,0
32.25000000657018,1.2247332,1.6186291,0.11723983,0
32.30000000658037,1.2352123,1.6530365,0.10663402,0
32.35000000659056,1.2098258,1.619503,0.15933263,0
32.40000000660074,1.2230604,1.6074907,0.10657501,0
32.45000000661093,1.2220823,1.5903436,0.12700045,0
32.500000006621114,1.2496339,1.6034977,0.15934765,0
32.5500000066313,1.2410233,1.6260229,0.10081887,0
32.60000000664149,1.2548219,1.6209692,0.10278404,0
32.65000000665167,1.2071817,1.5671266,0.11582005,0
32.70000000666186,1.2340378,1.6895347,0.13884866,0
32.750000006672046,1.2052636,1.5819149,0.13374567,0
32.80000000668223,1.2182091,1.6179925,0.14494193,0
32.85000000669242,1.2440335,1.6018982,0.098029494,0
32.90000000670261,1.2298406,1.6121876,0.10856891,0
32.95000000671279,1.2295521,1.5925437,0.109478235,0
33.00000000672298,1.194096,1.6007099,0.14715588,0
33.050000006733164,1.2489581,1.592454,0.13683736,0
33.10000000674335,1.2084801,1.6264976,0.12591553,0
33.15000000675354,1.2204473,1.6407886,0.107252955,0
33.20000000676372,1.2108896,1.5961813,0.13297355,0
33.25000000677391,1.2276586,1.5958002,0.1353705,0
33.300000006784096,1.2149738,1.6131678,0.10772419,0
33.35000000679428,1.2307997,1.6115489,0.09213686,0
33.40000000680447,1.2376465,1.6147425,0.1421324,0
33.450000006814655,1.2626739,1.5851187,0.116104245,0
33.50000000682484,1.1983501,1.5985042,0.0981282,0
33.55000000683503,1.2652111,1.5992011,0.10504091,0
33.600000006845214,1.2407097,1.6720428,0.14041626,0
33.6500000068554,1.226509,1.6554438,0.12607479,0
33.700000006865594,1.2883418,1.6138809,0.12670732,0
33.75000000687577,1.1928725,1.6119934,0.12754309,0
33.80000000688596,1.2031035,1.5956014,0.107634544,0
33.85000000689615,1.2355503,1.651753,0.12012637,0
33.90000000690633,1.1942525,1.5934119,0.08033121,0
33.95000000691652,1.2023078,1.5934074,0.13866055,0
34.000000006926705,1.2369208,1.5861834,0.10039306,0
34.05000000693689,1.2209445,1.6251905,0.07414389,0
34.100000006947084,1.2548643,1.6353338,0.083676934,0
34.150000006957264,1.1792489,1.619897,0.1481123,0
34.20000000696745,1.2183331,1.6561438,0.15029252,0
34.25000000697764,1.2296195,1.6031523,0.14417684,0
34.30000000698782,1.2239192,1.6048659,0.10788965,0
34.35000000699801,1.2021046,1.5973535,0.12355459,0
34.400000007008195,1.21685,1.5979666,0.09262335,0
34.45000000701838,1.2377653,1.6098576,0.10187781,0
34.50000000702857,1.2178495,1.6337373,0.15149343,0
34.550000007038754,1.2259347,1.6199458,0.10213685,0
34.60000000704894,1.1947378,1.6294782,0.11977255,0
34.65000000705913,1.195256,1.6015087,0.12700999,0
34.70000000706931,1.2224954,1.606276,0.13029456,0
34.7500000070795,1.2543975,1.5898015,0.108133554,0
34.800000007089686,1.2383277,1.5905874,0.10043228,0
34.85000000709987,1.2142445,1.6293253,0.13837326,0
34.90000000711006,1.2432765,1.585363,0.12061334,0
34.95000000712024,1.2359613,1.601665,0.12513638,0
35.00000000713043,1.2041994,1.6342537,0.12909186,0
35.05000000714062,1.2351917,1.663025,0.093583465,0
35.100000007150804,1.2298969,1.5878314,0.13107729,0
35.15000000716099,1.2549077,1.6260593,0.14761508,0
35.20000000717118,1.2117612,1.6117908,0.16208458,0
35.25000000718136,1.2103481,1.606893,0.11108041,0
35.30000000719155,1.2291223,1.608181,0.12459171,0
35.350000007201736,1.2053477,1.5928831,0.105758786,0
35.40000000721192,1.2195938,1.6343106,0.098638415,0
35.45000000722211,1.2477703,1.595174,0.14555407,0
35.50000000723229,1.2135243,1.6307218,0.10236645,0
35.55000000724248,1.2370374,1.5993018,0.11419296,0
35.60000000725267,1.2232127,1.6399895,0.14340246,0
35.650000007262854,1.2217004,1.5770926,0.08991909,0
35.70000000727304,1.2074695,1.6223509,0.11930597,0
35.75000000728323,1.2641482,1.6094548,0.14352751,0
35.80000000729341,1.2197452,1.6020517,0.09531689,0
35.8500000073036,1.234765,1.6250787,0.1246686,0
35.900000007313785,1.2390867,1.6014487,0.10679567,0
35.95000000732397,1.2243092,1.6277244,0.117283225,0
36.00000000733416,1.2280791,1.6482286,0.19884694,0
36.050000007344345,1.2198086,1.5888547,0.108047724,0
36.10000000735453,1.2673928,1.5923519,0.08400333,0
36.150000007364724,1.2122785,1.6110122,0.14666355,0
36.2000000073749,1.2154155,1.7023156,0.1771115,0
36.25000000738509,1.2587421,1.6457456,0.1860553,0
36.30000000739528,1.2219629,1.624937,0.14502692,0
36.35000000740546,1.2678359,1.6203592,0.11218786,0
36.40000000741565,1.229274,1.6308976,0.15384519,0
36.45000000742584,1.2115532,1.5919015,0.112957954,0
36.50000000743602,1.2334037,1.6198978,0.13611913,0
36.55000000744621,1.2350581,1.5969826,0.11002433,0
36.600000007456394,1.2110482,1.5825723,0.11038113,0
36.65000000746658,1.2129182,1.5966332,0.15543592,0
36.70000000747677,1.2218432,1.577563,0.13490546,0
36.75000000748695,1.2170408,1.6072414,0.13789344,0
36.80000000749714,1.2330661,1.5637591,0.1336757,0
36.850000007507326,1.2601691,1.5877264,0.09807384,0
36.90000000751751,1.2254976,1.5664115,0.13262677,0
36.9500000075277,1.2219361,1.6097652,0.12663186,0
37.00000000753789,1.2066313,1.5855598,0.1165719,0
37.05000000754807,1.1978174,1.6152773,0.12725425,0
37.10000000755826,1.2117252,1.6440798,0.1926297,0
37.150000007568444,1.2075763,1.6271026,0.1085552,0
37.20000000757863,1.2314738,1.6322095,0.14203393,0
37.25000000758882,1.2120185,1.6003953,0.094246626,0
37.300000007599,1.2370899,1.5566177,0.11801875,0
37.35000000760919,1.205048,1.5859419,0.19457924,0
37.400000007619376,1.2315427,1.5901779,0.13745832,0
37.45000000762956,1.2252554,1.5879774,0.12940049,0
37.50000000763975,1.2221098,1.6153508,0.10944617,0
37.550000007649935,1.2458758,1.5970157,0.12326753,0
37.60000000766012,1.1822267,1.5999796,0.15191615,0
37.65000000767031,1.2235086,1.5985204,0.13504636,0
37.700000007680494,1.2169697,1.6238103,0.13663673,0
37.75000000769068,1.2669845,1.6236761,0.101967454,0
37.80000000770087,1.1738799,1.6069568,0.12299681,0
37.85000000771105,1.2528195,1.6664577,0.14296114,0
37.90000000772124,1.2486404,1.6090329,0.106402636,0
37.950000007731425,1.2202625,1.5921484,0.1300658,0
38.00000000774161,1.2069337,1.6048155,0.15194404,0
38.0500000077518,1.2279897,1.6376768,0.12912834,0
38.100000007761984,1.1784389,1.5936731,0.09972191,0
38.15000000777217,1.2529509,1.6217239,0.10831261,0
38.200000007782364,1.2197927,1.5993799,0.13090706,0
38.25000000779254,1.1973308,1.6268017,0.12529933,0
38.30000000780273,1.2152096,1.6325916,0.12900972,0
38.35000000781292,1.2091355,1.6057802,0.11606145,0
38.4000000078231,1.2116055,1.58862,0.1250794,0
38.45000000783329,1.2013202,1.6568404,0.13163638,0
38.500000007843475,1.2049686,1.610694,0.15536273,0
38.55000000785366,1.2099565,1.6066236,0.100054264,0
38.60000000786385,1.2177856,1.6357177,0.124480724,0
38.650000007874034,1.2211078,1.5954269,0.13271332,0
38.70000000788422,1.23561,1.5768242,0.14907742,0
38.75000000789441,1.2353855,1.6222315,0.12405038,0
38.80000000790459,1.2374586,1.617634,0.105605245,0
38.85000000791478,1.2296052,1.6060137,0.11330533,0
38.900000007924966,1.2189765,1.5974767,0.09944618,0
38.95000000793515,1.224185,1.6039114,0.09891641,0
39.00000000794534,1.2087445,1.61983,0.11718404,0
39.05000000795552,1.1931536,1.6144042,0.13239336,0
39.10000000796571,1.2032977,1.615509,0.14687133,0
39.1500000079759,1.2064339,1.5968261,0.10766983,0
39.200000007986084,1.2200823,1.5843648,0.16779435,0
39.25000000799627,1.2097533,1.638853,0.1389147,0
39.30000000800646,1.2236698,1.619907,0.19555295,0
39.35000000801664,1.2107521,1.5907205,0.113998294,0
39.40000000802683,1.2423729,1.608486,0.10822189,0
39.450000008037016,1.234553,1.6269927,0.13421953,0
39.5000000080472,1.2264082,1.6270865,0.09684813,0
39.55000000805739,1.2392374,1.6116856,0.11250925,0
39.60000000806757,1.2302703,1.5925348,0.07428527,0
39.65000000807776,1.2238085,1.5815649,0.12857676,0
39.70000000808795,1.2072468,1.6364353,0.10958433,0
39.750000008098134,1.2789812,1.6317493,0.13181102,0
39.80000000810832,1.2481173,1.6108984,0.14522254,0
39.850000008118506,1.2249542,1.6212167,0.13978326,0
39.90000000812869,1.227796,1.6251554,0.11450744,0
39.95000000813888,1.2444274,1.5866916,0.13646138,0
40.00000000814906,1.2381912,1.6193326,0.13744187,0
40.05000000815925,1.2172664,1.5780156,0.16585815,0
40.10000000816944,1.2325647,1.5842515,0.11137164,0
40.150000008179624,1.2104826,1.5944868,0.12315655,0
40.20000000818981,1.2379187,1.572537,0.16990459,0
40.250000008200004,1.2164963,1.5708405,0.10741711,0
40.30000000821018,1.2048922,1.5989554,0.11929631,0
40.35000000822037,1.1838735,1.5828054,0.1040529,0
40.40000000823056,1.202072,1.5834795,0.097676635,0
40.45000000824074,1.1697071,1.573978,0.15139532,0
40.50000000825093,1.202435,1.6335452,0.13762069,0
40.55000000826112,1.2449675,1.5722616,0.103711486,0
40.6000000082713,1.2489626,1.5925488,0.14321697,0
40.65000000828149,1.214142,1.5946784,0.15116167,0
40.700000008291674,1.2229141,1.6147249,0.0784179,0
40.75000000830186,1.1974874,1.5909642,0.15218425,0
40.80000000831205,1.2327319,1.5753781,0.12470257,0
40.85000000832223,1.2292489,1.6240735,0.14198697,0
40.90000000833242,1.1838543,1.605394,0.1571573,0
40.950000008342606,1.2013383,1.5939975,0.105739236,0
41.00000000835279,1.2630749,1.6126275,0.11580956,0
41.05000000836298,1.2338011,1.613231,0.115241885,0
41.10000000837317,1.2167121,1.6141632,0.110485315,0
41.15000000838335,1.2326556,1.6250591,0.14230382,0
41.20000000839354,1.2421968,1.6528822,0.117726445,0
41.250000008403724,1.2413911,1.5708756,0.17176795,0
41.30000000841391,1.2040628,1.6116362,0.09438193,0
41.3500000084241,1.2035342,1.6072786,0.124913454,0
41.40000000843428,1.24499,1.5856804,0.079769254,0
41.45000000844447,1.2223412,1.6599705,0.13476646,0
41.500000008454656,1.1999327,1.5929395,0.15216279,0
41.55000000846484,1.243193,1.6232376,0.09370971,0
41.60000000847503,1.1906224,1.6056658,0.1046499,0
41.650000008485215,1.2297807,1.6085215,0.115534544,0
41.7000000084954,1.2522349,1.6013615,0.10929704,0
41.750000008505594,1.2403677,1.5773294,0.15447259,0
41.800000008515774,1.2034665,1.6176302,0.09604573,0
41.85000000852596,1.2213962,1.6203309,0.117952704,0
41.90000000853615,1.203187,1.6012956,0.10378611,0
41.95000000854633,1.1983474,1.5925037,0.11377835,0
42.00000000855652,1.2462558,1.5613009,0.1554128,0
42.050000008566705,1.2544565,1.6362989,0.10467231,0
42.10000000857689,1.2170533,1.6054177,0.096996546,0
42.15000000858708,1.1913062,1.6384041,0.11684382,0
42.200000008597264,1.225429,1.5987717,0.08891845,0
42.25000000860745,1.1979448,1.5799402,0.14276505,0
42.300000008617644,1.1673603,1.601016,0.14590263,0
42.35000000862782,1.2275882,1.6054657,0.14286864,0
42.40000000863801,1.2433524,1.5958036,0.1707766,0
42.4500000086482,1.2170882,1.5985205,0.17108285,0
42.50000000865838,1.1964655,1.6064584,0.11272848,0
42.55000000866857,1.2307687,1.5756605,0.13487756,0
42.600000008678755,1.2245246,1.644424,0.15566778,0
42.65000000868894,1.2434218,1.6034768,0.12322676,0
42.70000000869913,1.2099544,1.6045446,0.13388872,0
42.750000008709314,1.2624731,1.5911955,0.16002059,0
42.8000000087195,1.2399551,1.5727781,0.104283094,0
42.85000000872969,1.1875753,1.6182346,0.11774528,0
42.90000000873987,1.226459,1.6612535,0.13415587,0
42.95000000875006,1.2084606,1.6169939,0.11044121,0
43.000000008760246,1.2138095,1.6134411,0.13798535,0
43.05000000877043,1.2266417,1.6228665,0.1663872,0
43.10000000878062,1.2412275,1.6016543,0.12679219,0
43.1500000087908,1.1993048,1.5970805,0.111756325,0
43.20000000880099,1.2485398,1.5906311,0.07795644,0
43.25000000881118,1.2250146,1.6091417,0.20122337,0
43.300000008821364,1.2025721,1.6270773,0.11954987,0
43.35000000883155,1.2123367,1.6305852,0.11020577,0
43.40000000884174,1.2190269,1.6029544,0.12002504,0
43.45000000885192,1.2366703,1.5950102,0.10993636,0
43.50000000886211,1.2297744,1.5650338,0.1225878,0
43.550000008872296,1.1947088,1.6184187,0.11155832,0
43.60000000888248,1.2200736,1.5939684,0.16237187,0
43.65000000889267,1.2372135,1.5938003,0.1305573,0
43.70000000890285,1.2188865,1.5975771,0.09565067,0
43.75000000891304,1.2574208,1.6236935,0.1079483,0
43.80000000892323,1.2042314,1.6028898,0.16059077,0
43.850000008933414,1.2135749,1.5692784,0.16598761,0
43.9000000089436,1.2417986,1.6558713,0.09965372,0
43.950000008953786,1.226413,1.6486694,0.1234653,0
44.00000000896397,1.2235712,1.6357975,0.17487943,0
44.05000000897416,1.1924112,1.607642,0.11047387,0
44.10000000898434,1.2353604,1.5839022,0.08834052,0
44.15000000899453,1.2270263,1.6242021,0.09320104,0
44.20000000900472,1.2378547,1.613534,0.14972126,0
44.250000009014904,1.212868,1.5962529,0.10470724,0
44.30000000902509,1.2322068,1.5923841,0.11612761,0
44.350000009035284,1.1932354,1.639898,0.18180358,0
44.40000000904546,1.230794,1.6132662,0.13792169,0
44.45000000905565,1.1585264,1.5969108,0.12047815,0
44.50000000906584,1.1929221,1.5678995,0.09356046,0
44.55000000907602,1.2399715,1.625306,0.104035616,0
44.60000000908621,1.2072577,1.5913428,0.12130296,0
44.6500000090964,1.202497,1.5942249,0.113877416,0
44.70000000910658,1.1918252,1.6601229,0.13491881,0
44.75000000911677,1.2395456,1.6018026,0.10315871,0
44.800000009126954,1.2331313,1.5975444,0.115410686,0
44.85000000913714,1.2422062,1.5973508,0.11552334,0
44.90000000914733,1.2227626,1.6065835,0.120250225,0
44.95000000915751,1.2432183,1.6570957,0.11472058,0
45.0000000091677,1.2367334,1.5979292,0.12159109,0
45.050000009177886,1.2118175,1.604172,0.20638871,0
45.10000000918807,1.2097265,1.6142641,0.1763376,0
45.15000000919826,1.2550037,1.6301006,0.103927135,0
45.20000000920845,1.1921204,1.597657,0.09879446,0
45.25000000921863,1.2389374,1.575638,0.09954274,0
45.30000000922882,1.2775232,1.6053075,0.0890336,0
45.350000009239004,1.2172855,1.6198407,0.11613703,0
45.40000000924919,1.2183155,1.6451075,0.119903445,0
45.45000000925938,1.2449749,1.6111448,0.11643112,0
45.50000000926956,1.2125233,1.6062676,0.10734832,0
45.55000000927975,1.2016417,1.6221594,0.13244545,0
45.600000009289936,1.2526065,1.6484774,0.120824456,0
45.65000000930012,1.2389315,1.577984,0.11803734,0
45.70000000931031,1.2431277,1.5847253,0.14117157,0
45.750000009320495,1.23842,1.6420453,0.1964575,0
45.80000000933068,1.2082007,1.629077,0.12306094,0
45.850000009340874,1.2357272,1.5919292,0.12225139,0
45.900000009351054,1.2152035,1.633166,0.09678054,0
45.95000000936124,1.21882,1.5983233,0.12650883,0
46.00000000937143,1.2150893,1.6055332,0.12282562,0
46.05000000938161,1.2159066,1.5809121,0.19261587,0
46.1000000093918,1.2196399,1.6372478,0.11248183,0
46.150000009401985,1.2364086,1.5632976,0.13085556,0
46.20000000941217,1.2423382,1.638865,0.10760856,0
46.25000000942236,1.2296543,1.6154399,0.1218797,0
46.300000009432544,1.2469572,1.6676247,0.1312393,0
46.35000000944273,1.2631142,1.5923963,0.15249145,0
46.400000009452924,1.2179126,1.6005111,0.11079061,0
46.4500000094631,1.2626158,1.6321564,0.14356196,0
46.50000000947329,1.215279,1.6458728,0.14138043,0
46.55000000948348,1.2082003,1.6632484,0.15178692,0
46.60000000949366,1.2379221,1.6496397,0.16046643,0
46.65000000950385,1.2272016,1.6105781,0.09496057,0
46.700000009514035,1.2318629,1.6035237,0.12522137,0
46.75000000952422,1.195602,1.5763206,0.09585154,0
46.80000000953441,1.2456177,1.6073816,0.09262872,0
46.850000009544594,1.2401155,1.5867807,0.13368332,0
46.90000000955478,1.2151678,1.6315616,0.13524055,0
46.95000000956497,1.2071391,1.6654079,0.10232234,0
47.00000000957515,1.2329799,1.6269821,0.11779213,0
47.05000000958534,1.2202349,1.5885816,0.07556641,0
47.100000009595526,1.2328511,1.6039349,0.13414705,0
47.15000000960571,1.2071853,1.6134752,0.11903739,0
47.2000000096159,1.2702887,1.6205316,0.112668395,0
47.25000000962608,1.2130868,1.6276875,0.10248339,0
47.30000000963627,1.2271192,1.6565753,0.12726557,0
47.35000000964646,1.2240819,1.6470721,0.124362946,0
47.400000009656644,1.1898859,1.6011701,0.12646449,0
47.45000000966683,1.2436168,1.589701,0.13964367,0
47.50000000967702,1.2135335,1.5875046,0.11804092,0
47.5500000096872,1.2013847,1.61185,0.13953352,0
47.60000000969739,1.1957645,1.6055107,0.16950083,0
47.650000009707576,1.2188451,1.6416543,0.11095226,0
47.70000000971776,1.2202355,1.6087359,0.08730495,0
47.75000000972795,1.2101455,1.5953754,0.10820186,0
47.800000009738135,1.2520554,1.5869262,0.09373975,0
47.85000000974832,1.2024328,1.6366993,0.12626421,0
47.90000000975851,1.1896914,1.6044858,0.10991943,0
47.950000009768694,1.2402312,1.61089,0.1286732,0
48.00000000977888,1.232312,1.6367234,0.11151934,0
48.050000009789066,1.241065,1.6309526,0.12482679,0
48.10000000979925,1.2241521,1.6233915,0.10851872,0
48.15000000980944,1.2091482,1.6560854,0.13088131,0
48.20000000981962,1.2174888,1.6042901,0.121463776,0
48.25000000982981,1.196145,1.6075382,0.15934336,0
48.30000000984,1.2141271,1.6030132,0.13235652,0
48.350000009850184,1.1992893,1.6303821,0.13033795,0
48.40000000986037,1.2062519,1.6345025,0.10604501,0
48.450000009870564,1.2014651,1.6399062,0.14989138,0
48.50000000988074,1.197842,1.6468431,0.0846442,0
48.55000000989093,1.213288,1.6011704,0.15227473,0
48.60000000990112,1.1880387,1.6264945,0.08672571,0
48.6500000099113,1.2270463,1.587428,0.112196326,0
48.70000000992149,1.218348,1.6223377,0.10435736,0
48.75000000993168,1.214009,1.5930336,0.1339556,0
48.80000000994186,1.2015278,1.6074533,0.12996483,0
48.85000000995205,1.2290628,1.5785344,0.11126602,0
48.900000009962234,1.2662889,1.5956694,0.10002744,0
48.95000000997242,1.2451755,1.6056712,0.08023739,0
49.00000000998261,1.2319874,1.6125132,0.08476472,0
49.05000000999279,1.2305002,1.5758564,0.13786983,0
49.10000001000298,1.2348347,1.6227936,0.11888015,0
49.150000010013166,1.2261406,1.6098012,0.13271224,0
49.20000001002335,1.2206913,1.5950205,0.115574,0
49.25000001003354,1.1920376,1.6502784,0.13915455,0
49.30000001004373,1.2234361,1.6043563,0.12803352,0
49.35000001005391,1.2200866,1.6105597,0.09768903,0
49.4000000100641,1.1799929,1.6081482,0.11105609,0
49.450000010074284,1.2539341,1.6258376,0.1006335,0
49.50000001008447,1.2096072,1.6343765,0.14872742,0
49.55000001009466,1.2419667,1.6280402,0.08523965,0
49.60000001010484,1.2150263,1.596369,0.095090866,0
49.65000001011503,1.2218333,1.6304493,0.18644011,0
49.700000010125216,1.219026,1.5897875,0.122365475,0
49.7500000101354,1.2563772,1.634203,0.10603356,0
49.80000001014559,1.215434,1.5915837,0.08769345,0
49.850000010155775,1.1811244,1.6419322,0.10072672,0
49.90000001016596,1.2381896,1.604851,0.13214576,0
49.950000010176154,1.2170854,1.6443937,0.13603115,0
50.000000010186334,1.1985679,1.6680651,0.13643849,0
50.05000001019652,1.2667197,1.605284,0.12424433,0
50.10000001020671,1.2537302,1.5623313,0.09528828,0
50.15000001021689,1.2300265,1.6137049,0.08207834,0
50.20000001022708,1.2542214,1.6189778,0.13180423,0
50.250000010237265,1.2281042,1.5912495,0.09190285,0
50.30000001024745,1.187499,1.6260387,0.10599244,0
50.35000001025764,1.2064773,1.6041923,0.11964369,0
50.400000010267824,1.2465768,1.5724411,0.1400305,0
50.45000001027801,1.2414323,1.5852826,0.10754275,0
50.500000010288204,1.2191389,1.5980003,0.10942483,0
50.55000001029838,1.230637,1.6148171,0.1309371,0
50.60000001030857,1.2271135,1.6438074,0.12704444,0
50.65000001031876,1.2023507,1.6136421,0.13942814,0
50.70000001032894,1.2148614,1.600536,0.13282347,0
50.75000001033913,1.2417979,1.6135563,0.11277485,0
50.800000010349315,1.2036165,1.5799128,0.12613022,0
50.8500000103595,1.2178113,1.6173007,0.10335088,0
50.90000001036969,1.2338772,1.6239235,0.13494241,0
50.950000010379874,1.2106167,1.5691518,0.10779691,0
51.00000001039006,1.1982696,1.6455564,0.117029786,0
51.05000001040025,1.2247585,1.6131026,0.13090932,0
51.10000001041043,1.213221,1.6459961,0.1297108,0
51.15000001042062,1.1932846,1.6438639,0.10743344,0
51.200000010430806,1.210642,1.638397,0.104028106,0
51.25000001044099,1.2144519,1.605011,0.12743247,0
51.30000001045118,1.196614,1.56361,0.09034395,0
51.35000001046136,1.2296407,1.6196586,0.10832596,0
51.40000001047155,1.187624,1.5997033,0.11082709,0
51.45000001048174,1.2344697,1.5947077,0.106215954,0
51.500000010491924,1.2345388,1.6325928,0.1181308,0
51.55000001050211,1.2425153,1.6157438,0.116286635,0
51.6000000105123,1.1940787,1.6295916,0.120391965,0
51.65000001052248,1.2270303,1.605263,0.12502778,0
51.70000001053267,1.2149318,1.5946534,0.11406696,0
51.75000001054285,1.2248108,1.6109294,0.13264477,0
51.80000001055304,1.2457047,1.6220577,0.10924423,0
51.85000001056323,1.2569915,1.591527,0.13284266,0
51.900000010573414,1.1860032,1.608854,0.107833266,0
51.9500000105836,1.2352712,1.6073523,0.1187551,0
52.00000001059379,1.2003131,1.5909241,0.07542372,0
52.05000001060397,1.2002006,1.6164945,0.09748125,0
52.10000001061416,1.2640555,1.6253077,0.118141174,0
52.150000010624346,1.2312772,1.614744,0.12472284,0
52.20000001063453,1.2073545,1.6073282,0.10066128,0
52.25000001064472,1.240558,1.6029403,0.12559128,0
52.3000000106549,1.2112353,1.5997651,0.072081804,0
52.35000001066509,1.2417376,1.5989437,0.087673664,0
52.40000001067528,1.2195499,1.6495556,0.1243515,0
52.450000010685464,1.2252058,1.580131,0.11530137,0
52.50000001069565,1.2171093,1.5921587,0.16742945,0
52.550000010705844,1.2032467,1.6243048,0.105161786,0
52.60000001071602,1.1759828,1.6461735,0.17160475,0
52.65000001072621,1.2393152,1.6083587,0.13000906,0
52.7000000107364,1.2230058,1.6612505,0.09957421,0
52.75000001074658,1.236528,1.6185126,0.14492023,0
52.80000001075677,1.2669708,1.6295369,0.1327126,0
52.85000001076696,1.2512181,1.6269869,0.15523064,0
52.90000001077714,1.2282338,1.6060045,0.100883245,0
52.95000001078733,1.2351369,1.5975323,0.1157459,0
53.000000010797514,1.2052501,1.5941812,0.09085524,0
53.0500000108077,1.2517744,1.6399875,0.16041017,0
53.10000001081789,1.1856626,1.6050618,0.145913,0
53.15000001082807,1.2157805,1.6025188,0.116532564,0
53.20000001083826,1.256218,1.5921066,0.092086434,0
53.250000010848446,1.2359557,1.6295881,0.15035868,0
53.30000001085863,1.2170428,1.6195745,0.12862849,0
53.35000001086882,1.2210591,1.636541,0.116525054,0
53.40000001087901,1.1916342,1.6505222,0.12531817,0
53.45000001088919,1.2311419,1.6636484,0.17647481,0
53.50000001089938,1.2162001,1.6420656,0.15035391,0
53.550000010909564,1.2550141,1.5816386,0.124264956,0
53.60000001091975,1.2541581,1.6067836,0.13391316,0
53.650000010929936,1.2186469,1.6145128,0.10537624,0
53.70000001094012,1.2076311,1.6039679,0.11401808,0
53.75000001095031,1.2493683,1.6053225,0.11081898,0
53.800000010960495,1.2488534,1.6336915,0.09521365,0
53.85000001097068,1.2410383,1.6116852,0.11375022,0
53.90000001098087,1.1922534,1.6273807,0.14410496,0
53.950000010991054,1.2299331,1.5928526,0.13422072,0
54.00000001100124,1.2611033,1.5716225,0.09194279,0
54.050000011011434,1.2409173,1.6210036,0.1328243,0
54.10000001102161,1.2468655,1.6110593,0.1268574,0
54.1500000110318,1.217396,1.5812964,0.1136049,0
54.20000001104199,1.2483703,1.6180314,0.0877713,0
54.25000001105217,1.2273154,1.6049738,0.09005892,0
54.30000001106236,1.2596788,1.639883,0.13382828,0
54.350000011072545,1.2234201,1.6048448,0.1347928,0
54.40000001108273,1.229358,1.6126603,0.11984658,0
54.45000001109292,1.2363051,1.6133516,0.14022553,0
54.500000011103104,1.260364,1.6295694,0.1341908,0
54.55000001111329,1.2320657,1.6096396,0.09596908,0
54.600000011123484,1.2181348,1.6597202,0.103827,0
54.65000001113366,1.2198577,1.6119896,0.12618816,0
54.70000001114385,1.2543136,1.5997022,0.11932647,0
54.75000001115404,1.2654675,1.5881841,0.09369767,0
54.80000001116422,1.2161552,1.6098117,0.09288192,0
54.85000001117441,1.1979429,1.6032344,0.1790582,0
54.900000011184595,1.2554024,1.5813613,0.10332966,0
54.95000001119478,1.222415,1.6806233,0.15541923,0
55.00000001120497,1.2380233,1.5781853,0.142995,0
55.050000011215154,1.2132214,1.5744902,0.1269226,0
55.10000001122534,1.2252369,1.6063602,0.13959992,0
55.15000001123553,1.2548099,1.6361339,0.12931204,0
55.20000001124571,1.2375522,1.6399658,0.11476171,0
55.2500000112559,1.2057467,1.6463201,0.18191743,0
55.300000011266086,1.2099117,1.5786594,0.12340081,0
55.35000001127627,1.2378576,1.5977633,0.10424566,0
55.40000001128646,1.2472667,1.6298087,0.1046046,0
55.45000001129664,1.2504568,1.6066442,0.08857167,0
55.50000001130683,1.2057531,1.5841435,0.093401074,0
55.55000001131702,1.2335184,1.6185964,0.084473014,0
55.600000011327204,1.2389395,1.6029394,0.15286899,0
55.65000001133739,1.2122887,1.592529,0.09386158,0
55.700000011347576,1.219349,1.63985,0.12336576,0
55.75000001135776,1.2286253,1.6325667,0.12926817,0
55.80000001136795,1.2086403,1.5871078,0.098823786,0
55.85000001137813,1.215998,1.5988015,0.081686735,0
55.90000001138832,1.2080518,1.6501234,0.14294875,0
55.95000001139851,1.1876757,1.6101518,0.10278797,0
56.000000011408694,1.2318286,1.5583993,0.13552344,0
56.05000001141888,1.2179594,1.6324437,0.10661292,0
56.10000001142907,1.2460026,1.6356709,0.11046684,0
56.15000001143925,1.248262,1.6293008,0.106909275,0
56.20000001144944,1.2517726,1.6797577,0.1218493,0
56.250000011459626,1.2529864,1.6267726,0.10512471,0
56.30000001146981,1.26234,1.5760912,0.104209304,0
56.35000001148,1.1901953,1.6156538,0.16316879,0
56.40000001149018,1.2098994,1.5834886,0.19535422,0
56.45000001150037,1.2267567,1.6268475,0.12858164,0
56.50000001151056,1.2216516,1.5993214,0.1569258,0
56.550000011520744,1.228846,1.593536,0.09175122,0
56.60000001153093,1.2512419,1.628489,0.103284955,0
56.650000011541124,1.2027994,1.6600721,0.13486803,0
56.7000000115513,1.231601,1.6599001,0.110998034,0
56.75000001156149,1.2576816,1.622985,0.15822375,0
56.80000001157168,1.1778368,1.6235203,0.113080144,0
56.85000001158186,1.2480749,1.6258143,0.085606694,0
56.90000001159205,1.2311249,1.6130863,0.110551834,0
56.95000001160224,1.2248775,1.623556,0.0896616,0
57.00000001161242,1.2264475,1.6628741,0.1652776,0
57.05000001162261,1.1982788,1.6302583,0.13916016,0
57.100000011632794,1.1912491,1.5924904,0.10455656,0
57.15000001164298,1.2227936,1.6060929,0.08360803,0
57.20000001165317,1.1604491,1.6111277,0.13356566,0
57.25000001166335,1.2219467,1.5981108,0.12681532,0
57.30000001167354,1.2017269,1.6244127,0.14427376,0
57.350000011683726,1.2422289,1.5729434,0.12996745,0
57.40000001169391,1.2279241,1.625923,0.106943965,0
57.4500000117041,1.222299,1.6252837,0.15351117,0
57.50000001171429,1.213432,1.63972,0.11912644,0
57.55000001172447,1.2369974,1.6064861,0.097251415,0
57.60000001173466,1.247723,1.6211206,0.1173048,0
57.650000011744844,1.2639358,1.6150225,0.11696291,0
57.70000001175503,1.2114782,1.630929,0.13586247,0
57.750000011765216,1.2476236,1.598654,0.12922728,0
57.8000000117754,1.203007,1.6121494,0.10153723,0
57.85000001178559,1.1788628,1.622362,0.10868549,0
57.900000011795775,1.2073781,1.5761666,0.16388464,0
57.95000001180596,1.1878122,1.585945,0.09776068,0
58.00000001176521,1.2543083,1.578034,0.18636477,0
58.0500000115935,1.2564976,1.5963924,0.101281404,0
58.100000011421784,1.206784,1.593089,0.13936329,0
58.15000001125007,1.2585442,1.5653825,0.121174216,0
58.20000001107836,1.2156672,1.5991323,0.10254967,0
58.250000010906646,1.2699239,1.5855588,0.099280715,0
58.300000010734934,1.2284107,1.6488156,0.12270725,0
58.35000001056322,1.2319762,1.621095,0.15082431,0
58.40000001039151,1.184592,1.6277312,0.16511595,0
58.450000010219796,1.228856,1.6368245,0.16192758,0
58.50000001004808,1.2446961,1.6073058,0.12013221,0
58.55000000987637,1.2002678,1.6134756,0.14225996,0
58.60000000970466,1.2393926,1.5809166,0.13698626,0
58.650000009532945,1.2233318,1.5447687,0.1220721,0
58.70000000936123,1.2345957,1.5884547,0.12956321,0
58.75000000918952,1.2251678,1.6405685,0.1071136,0
58.80000000901781,1.2276565,1.6483618,0.12315774,0
58.850000008846095,1.228014,1.6542636,0.13971937,0
58.90000000867438,1.2051365,1.6147194,0.113904476,0
58.95000000850267,1.260406,1.6603429,0.15752304,0
59.00000000833096,1.2198248,1.6304526,0.1503284,0
59.050000008159245,1.208895,1.6751938,0.13252974,0
59.10000000798753,1.2388899,1.5857148,0.12666166,0
59.15000000781582,1.235002,1.6397955,0.14215899,0
59.20000000764411,1.24984,1.5794687,0.09652996,0
59.250000007472394,1.2363455,1.6261787,0.14303958,0
59.30000000730068,1.230798,1.5895213,0.12110472,0
59.35000000712897,1.2250642,1.6143078,0.10670078,0
59.40000000695726,1.2217934,1.6503847,0.16093612,0
59.450000006785544,1.2267904,1.624219,0.12423003,0
59.50000000661383,1.2134073,1.6162703,0.10915232,0
59.55000000644212,1.2198454,1.6344724,0.09373808,0
59.600000006270406,1.2253262,1.5939622,0.13041508,0
59.65000000609869,1.2092208,1.6284518,0.13204205,0
59.70000000592698,1.2280618,1.6112616,0.14419723,0
59.75000000575527,1.2368813,1.6061006,0.117088675,0
59.800000005583556,1.2702332,1.6117655,0.09799671,0
59.85000000541184,1.2360387,1.6256044,0.14770436,0
59.90000000524013,1.2324263,1.6115259,0.11603296,0
59.95000000506842,1.1944987,1.5942909,0.14617503,0
60.000000004896705,1.210832,1.5970064,0.11242628,0
60.05000000472499,1.1802632,1.6367419,0.1455661,0
60.10000000455328,1.2320337,1.6280224,0.12829602,0
60.15000000438157,1.2180254,1.6084534,0.09117317,0
60.200000004209855,1.2241135,1.6294224,0.10347879,0
60.25000000403814,1.2371364,1.6230154,0.14427185,0
60.30000000386643,1.212486,1.6236498,0.09174013,0
60.35000000369472,1.2167593,1.5997242,0.085258245,0
60.400000003523004,1.2320716,1.6197048,0.1669656,0
60.45000000335129,1.2424445,1.6127777,0.12685001,0
60.50000000317958,1.2232656,1.5764707,0.14122784,0
60.55000000300787,1.2583275,1.6086911,0.13078606,0
60.600000002836154,1.2229843,1.5850157,0.11884296,0
60.65000000266444,1.2230558,1.6002929,0.112623096,0
60.70000000249273,1.2219821,1.6261584,0.10829973,0
60.750000002321016,1.2305578,1.5794038,0.08600223,0
60.800000002149304,1.2043362,1.5952218,0.13455665,0
60.85000000197759,1.2356387,1.6021014,0.14734423,0
60.90000000180588,1.2153639,1.5804014,0.11625373,0
60.950000001634166,1.2224467,1.5969653,0.09635377,0
61.00000000146245,1.2076001,1.6017869,0.14703047,0
61.05000000129074,1.225149,1.6290783,0.14315927,0
61.10000000111903,1.1989745,1.5780754,0.11510265,0
61.150000000947315,1.212505,1.5885221,0.116635084,0
61.2000000007756,1.1889921,1.6314937,0.07546353,0
61.25000000060389,1.2262458,1.610813,0.12881231,0
61.30000000043218,1.2332762,1.6536005,0.1463033,0
61.350000000260465,1.2118994,1.609925,0.096238256,0
61.40000000008875,1.2323366,1.6395496,0.12330043,0
61.44999999991704,1.2316431,1.5891128,0.10216975,0
61.49999999974533,1.1764325,1.6186632,0.14152169,0
61.549999999573615,1.2303532,1.5976028,0.16697705,0
61.5999999994019,1.228491,1.5842348,0.09211779,0
61.64999999923019,1.2434525,1.6564173,0.12479067,0
61.69999999905848,1.2339289,1.5780091,0.11877835,0
61.749999998886764,1.2236111,1.6520879,0.102727175,0
61.79999999871505,1.2092248,1.5928476,0.12195945,0
61.84999999854334,1.2455947,1.5915333,0.12536097,0
61.89999999837163,1.1887466,1.6721553,0.14052868,0
61.949999998199914,1.2071787,1.5843952,0.14796484,0
61.9999999980282,1.1827753,1.6086357,0.16249824,0
62.04999999785649,1.213571,1.5914315,0.09895074,0
62.099999997684776,1.2425532,1.5997517,0.119980454,0
62.14999999751306,1.2395663,1.6307015,0.09430468,0
62.19999999734135,1.2027847,1.6686518,0.098038435,0
62.24999999716964,1.2425265,1.5865649,0.10741782,0
62.299999996997926,1.2077836,1.5895605,0.12679541,0
62.34999999682621,1.2197622,1.5976176,0.13964355,0
62.3999999966545,1.219403,1.600518,0.11736953,0
62.44999999648279,1.2168887,1.6335481,0.10291493,0
62.499999996311075,1.2127057,1.6398221,0.1637522,0
62.54999999613936,1.2177229,1.593298,0.11784947,0
62.59999999596765,1.1932805,1.6006787,0.111560464,0
62.64999999579594,1.2000613,1.6018158,0.14598846,0
62.699999995624225,1.2313883,1.6312475,0.13804245,0
62.74999999545251,1.205003,1.6228701,0.12164426,0
62.7999999952808,1.2197174,1.610348,0.09181869,0
62.84999999510909,1.2041326,1.6283685,0.09626031,0
62.899999994937374,1.2447062,1.608845,0.15277874,0
62.94999999476566,1.2042333,1.5556372,0.18033743,0
62.99999999459395,1.2412624,1.5635015,0.21403635,0
63.04999999442224,1.1967053,1.6075323,0.11167741,0
63.099999994250524,1.2299608,1.6097213,0.10315764,0
63.14999999407881,1.2255394,1.6349388,0.11438334,0
63.1999999939071,1.1897688,1.6070282,0.10765934,0
63.249999993735386,1.2499985,1.5834718,0.08622539,0
63.299999993563674,1.2450724,1.5716673,0.16781688,0
63.34999999339196,1.2069525,1.6223837,0.13180614,0
63.39999999322025,1.2368815,1.6208596,0.09872091,0
63.449999993048536,1.2469953,1.609754,0.14164484,0
63.49999999287682,1.2473994,1.6283466,0.12245083,0
63.54999999270511,1.2341204,1.6176273,0.10398829,0
63.5999999925334,1.2190367,1.6197524,0.14904392,0
63.649999992361685,1.2438079,1.5691257,0.11641371,0
63.69999999218997,1.217594,1.6265537,0.17238891,0
63.74999999201826,1.2039545,1.6245271,0.1624099,0
63.79999999184655,1.1982098,1.5833533,0.108564615,0
63.849999991674835,1.2143744,1.6504905,0.1544975,0
63.89999999150312,1.2261077,1.616572,0.15029204,0
63.94999999133141,1.2552464,1.5958804,0.117019534,0
63.9999999911597,1.2297995,1.6090991,0.12192559,0
64.04999999098798,1.2084364,1.5810443,0.14199984,0
64.09999999081627,1.2080894,1.6724112,0.14116418,0
64.14999999064456,1.2289219,1.6059257,0.11506748,0
64.19999999047285,1.2178725,1.6145099,0.13526201,0
64.24999999030113,1.2397165,1.5788532,0.08699429,0
64.29999999012942,1.1978369,1.6366373,0.15056384,0
64.34999998995771,1.2585562,1.6048131,0.12927091,0
64.399999989786,1.2448947,1.6304998,0.1326195,0
64.44999998961428,1.2321578,1.5792936,0.082619905,0
64.49999998944257,1.2060654,1.6049538,0.16124964,0
64.54999998927086,1.2057645,1.5911835,0.1292119,0
64.59999998909915,1.2426673,1.6015525,0.14419329,0
64.64999998892743,1.2012695,1.5822673,0.10171962,0
64.69999998875572,1.2239871,1.6192467,0.08193457,0
64.74999998858401,1.2394596,1.6054453,0.11731207,0
64.7999999884123,1.20688,1.6215961,0.11412346,0
64.84999998824058,1.1905872,1.5940211,0.13156652,0
64.89999998806887,1.2365199,1.5876828,0.15042496,0
64.94999998789716,1.1991544,1.5792714,0.15516877,0
64.99999998772545,1.2541384,1.6416306,0.12667465,0
65.04999998755373,1.2411027,1.6517609,0.12655687,0
65.09999998738202,1.235453,1.622508,0.10434687,0
65.14999998721031,1.2354797,1.6206526,0.11754942,0
65.1999999870386,1.2176316,1.6616776,0.11789274,0
65.24999998686688,1.2122598,1.6159644,0.0943073,0
65.29999998669517,1.2286901,1.6152853,0.11379969,0
65.34999998652346,1.2319745,1.6048096,0.13843846,0
65.39999998635174,1.2239845,1.6103973,0.12783754,0
65.44999998618003,1.1864598,1.5862792,0.113450885,0
65.49999998600832,1.2440414,1.5960383,0.098870635,0
65.5499999858366,1.2212601,1.6120224,0.13395345,0
65.5999999856649,1.2110723,1.6169394,0.09829402,0
65.64999998549318,1.2013267,1.6456668,0.12330127,0
65.69999998532147,1.2441771,1.6070762,0.103913546,0
65.74999998514976,1.2339882,1.6537693,0.12214267,0
65.79999998497804,1.2395602,1.6093771,0.09071648,0
65.84999998480633,1.2113475,1.5986217,0.09009719,0
65.89999998463462,1.2353488,1.6335902,0.112677336,0
65.9499999844629,1.2473972,1.6216264,0.13689125,0
65.9999999842912,1.2179435,1.6040117,0.14251125,0
66.04999998411948,1.2119763,1.6295351,0.19467127,0
66.09999998394777,1.1688046,1.5977414,0.09129715,0
66.14999998377606,1.2198851,1.6032095,0.088893294,0
66.19999998360434,1.1890259,1.6196904,0.13726354,0
66.24999998343263,1.2237194,1.6141392,0.10380316,0
66.29999998326092,1.2235227,1.577271,0.12482369,0
66.3499999830892,1.2671174,1.6199288,0.12448478,0
66.39999998291749,1.2187003,1.5895576,0.11865032,0
66.44999998274578,1.2199693,1.601296,0.10433066,0
66.49999998257407,1.2208493,1.6246492,0.14578044,0
66.54999998240235,1.201644,1.6013485,0.13692772,0
66.59999998223064,1.2315707,1.5798347,0.16482401,0
66.64999998205893,1.2342772,1.6221514,0.12904358,0
66.69999998188722,1.2188842,1.621624,0.13227868,0
66.7499999817155,1.2045931,1.5952574,0.09696221,0
66.79999998154379,1.241278,1.6732924,0.110693336,0
66.84999998137208,1.2543476,1.6674186,0.1929115,0
66.89999998120037,1.2041507,1.5942461,0.1065886,0
66.94999998102865,1.2652879,1.5894438,0.12122679,0
66.99999998085694,1.208096,1.630774,0.10194957,0
67.04999998068523,1.2557998,1.6119745,0.111877084,0
67.09999998051352,1.202239,1.5871842,0.09311187,0
67.1499999803418,1.240327,1.5943458,0.10520935,0
67.19999998017009,1.2488065,1.5974272,0.08681083,0
67.24999997999838,1.2031437,1.6129136,0.12242663,0
67.29999997982667,1.2240844,1.5949308,0.11905241,0
67.34999997965495,1.2152766,1.6079451,0.09178901,0
67.39999997948324,1.2096063,1.5858172,0.19468069,0
67.44999997931153,1.216787,1.5837743,0.07645917,0
67.49999997913982,1.1930901,1.6356157,0.12344372,0
67.5499999789681,1.2483759,1.5752237,0.11901569,0
67.59999997879639,1.1942596,1.6150771,0.14796567,0
67.64999997862468,1.1840416,1.6245829,0.15474856,0
67.69999997845296,1.1963143,1.6212826,0.1752187,0
67.74999997828125,1.2226039,1.6200659,0.1332916,0
67.79999997810954,1.1946265,1.5966283,0.11039424,0
67.84999997793783,1.1955861,1.5972912,0.09720862,0
67.89999997776611,1.2565314,1.6083856,0.11201978,0
67.9499999775944,1.2743859,1.6074724,0.14321601,0
67.99999997742269,1.2146784,1.5994846,0.07514238,0
68.04999997725098,1.2300842,1.6483628,0.1265086,0
68.09999997707926,1.2253077,1.5787618,0.15898943,0
68.14999997690755,1.2006568,1.6055518,0.14480841,0
68.19999997673584,1.2514439,1.5845085,0.10468984,0
68.24999997656413,1.2071396,1.5900466,0.11074102,0
68.29999997639241,1.2202297,1.5953397,0.129022,0
68.3499999762207,1.2329899,1.6144531,0.1646663,0
68.39999997604899,1.2148057,1.5924144,0.10271418,0
68.44999997587728,1.1974038,1.6278875,0.17596912,0
68.49999997570556,1.1959181,1.6132352,0.15256369,0
68.54999997553385,1.2348777,1.6150191,0.13075185,0
68.59999997536214,1.2330141,1.6203867,0.20389855,0
68.64999997519043,1.2240386,1.5838693,0.1393497,0
68.69999997501871,1.2068375,1.6104459,0.11350238,0
68.749999974847,1.227708,1.6184361,0.13737321,0
68.79999997467529,1.2198654,1.6070967,0.14137304,0
68.84999997450358,1.2076869,1.6074389,0.10956442,0
68.89999997433186,1.2428193,1.6267741,0.10033524,0
68.94999997416015,1.2173424,1.5820377,0.13620615,0
68.99999997398844,1.2217557,1.59773,0.1071769,0
69.04999997381672,1.2392304,1.5972602,0.14471555,0
69.09999997364501,1.2430401,1.616105,0.1580584,0
69.1499999734733,1.2330471,1.6167817,0.115170956,0
69.19999997330159,1.1916083,1.5738077,0.15590918,0
69.24999997312987,1.2407185,1.6097988,0.11190915,0
69.29999997295816,1.2428104,1.6338879,0.12722647,0
69.34999997278645,1.2295957,1.5960789,0.1679604,0
69.39999997261474,1.2341485,1.611833,0.11597836,0
69.44999997244302,1.2214198,1.6135881,0.1131295,0
69.49999997227131,1.2383351,1.6031098,0.099163175,0
69.5499999720996,1.2325383,1.6119413,0.108128905,0
69.59999997192789,1.2489225,1.6483237,0.11535013,0
69.64999997175617,1.2179906,1.6171136,0.1660645,0
69.69999997158446,1.2335882,1.6517241,0.13759816,0
69.74999997141275,1.238846,1.6297108,0.09831166,0
69.79999997124104,1.2712431,1.593349,0.108309984,0
69.84999997106932,1.2394704,1.623486,0.15729809,0
69.89999997089761,1.2413802,1.6291978,0.111676455,0
69.9499999707259,1.206961,1.6090419,0.11474037,0
69.99999997055419,1.1863543,1.6065944,0.14327812,0
70.04999997038247,1.2173457,1.5929446,0.12529552,0
70.09999997021076,1.2117949,1.6112279,0.14233637,0
70.14999997003905,1.2232707,1.6234983,0.11290574,0
70.19999996986733,1.2450753,1.5765784,0.10741305,0
70.24999996969562,1.1877487,1.6166847,0.078400135,0
70.29999996952391,1.2035316,1.5986636,0.11709082,0
70.3499999693522,1.236099,1.6363759,0.14287579,0
70.39999996918048,1.1734854,1.6201003,0.120984554,0
70.44999996900877,1.2274606,1.6152303,0.12796092,0
70.49999996883706,1.2304237,1.6542265,0.11891186,0
70.54999996866535,1.1872149,1.6102457,0.1048733,0
70.59999996849363,1.2360485,1.6325729,0.12472916,0
70.64999996832192,1.2163792,1.648321,0.12311697,0
70.69999996815021,1.233544,1.6040661,0.13806641,0
70.7499999679785,1.1920248,1.6189224,0.11179268,0
70.79999996780678,1.2248377,1.5846276,0.14256597,0
70.84999996763507,1.2298149,1.5961956,0.14188695,0
70.89999996746336,1.2317868,1.6638591,0.13865507,0
70.94999996729165,1.230772,1.6220846,0.12972105,0
70.99999996711993,1.2415426,1.6062545,0.14626515,0
71.04999996694822,1.2075492,1.61221,0.15210497,0
71.09999996677651,1.2296091,1.5936114,0.17531025,0
71.1499999666048,1.2318542,1.6253465,0.10433316,0
71.19999996643308,1.2253579,1.5837023,0.09627712,0
71.24999996626137,1.220067,1.6053313,0.13110292,0
71.29999996608966,1.2384024,1.5499307,0.10571623,0
71.34999996591795,1.2160503,1.6231238,0.11752331,0
71.39999996574623,1.2465825,1.6150512,0.12181234,0
71.44999996557452,1.2393384,1.5889935,0.08993995,0
71.49999996540281,1.2591519,1.6694492,0.1330638,0
71.5499999652311,1.2384431,1.5788096,0.15065086,0
71.59999996505938,1.2201235,1.6379477,0.10678041,0
71.64999996488767,1.2110469,1.6007054,0.1008538,0
71.69999996471596,1.2035288,1.6076741,0.12499976,0
71.74999996454424,1.1803148,1.6371913,0.10556471,0
71.79999996437253,1.2189127,1.5788031,0.1477592,0
71.84999996420082,1.2281426,1.60271,0.13358283,0
71.8999999640291,1.1816252,1.5972823,0.11970878,0
71.9499999638574,1.2188847,1.6038938,0.08290601,0
71.99999996368568,1.2446443,1.6425216,0.13333404,0
72.04999996351397,1.2043012,1.6122615,0.18721306,0
72.09999996334226,1.2560786,1.6132623,0.10847628,0
72.14999996317054,1.2394569,1.5786057,0.11872423,0
72.19999996299883,1.2348017,1.6110814,0.15987206,0
72.24999996282712,1.2394131,1.5974934,0.10582602,0
72.2999999626554,1.2330112,1.6482551,0.13482392,0
72.3499999624837,1.2577081,1.5644037,0.121588826,0
72.39999996231198,1.2375553,1.5604494,0.11200404,0
72.44999996214027,1.2480208,1.6106281,0.15552342,0
72.49999996196856,1.2402467,1.6393752,0.10656083,0
72.54999996179684,1.2264134,1.6164874,0.091987014,0
72.59999996162513,1.1928282,1.6168071,0.12741935,0
72.64999996145342,1.2362181,1.5758275,0.1107254,0
72.6999999612817,1.2651615,1.6827123,0.1463269,0
72.74999996110999,1.2327604,1.5755296,0.09343779,0
72.79999996093828,1.2439852,1.6114213,0.1147604,0
72.84999996076657,1.201228,1.5989982,0.11253309,0
72.89999996059485,1.2461307,1.6346234,0.14946926,0
72.94999996042314,1.2065396,1.6193503,0.12680483,0
72.99999996025143,1.2376771,1.6119403,0.14694023,0
73.04999996007972,1.2174127,1.6043365,0.111369014,0
73.099999959908,1.2383883,1.650141,0.113755584,0
73.14999995973629,1.2319468,1.5948257,0.09122014,0
73.19999995956458,1.246705,1.5600485,0.09442198,0
73.24999995939287,1.2333177,1.6468264,0.12444663,0
73.29999995922115,1.1886537,1.6448934,0.14182699,0
73.34999995904944,1.2375382,1.5970964,0.0862087,0
73.39999995887773,1.2004917,1.6253052,0.12720633,0
73.44999995870602,1.2378047,1.59025,0.10644925,0
73.4999999585343,1.2526405,1.5910342,0.13594162,0
73.54999995836259,1.2214411,1.6322898,0.10133219,0
73.59999995819088,1.230916,1.6091437,0.14316344,0
73.64999995801917,1.2791839,1.5899252,0.11381745,0
73.69999995784745,1.2182794,1.6076314,0.10369742,0
73.74999995767574,1.1949224,1.6173117,0.15597713,0
73.79999995750403,1.237743,1.6592069,0.16509223,0
73.84999995733232,1.2273034,1.6186438,0.117124796,0
73.8999999571606,1.2072859,1.6654111,0.13378453,0
73.94999995698889,1.2257711,1.6115826,0.09381986,0
73.99999995681718,1.2160722,1.6212816,0.13218093,0
74.04999995664546,1.2299563,1.5976024,0.15093994,0
74.09999995647375,1.2535967,1.647107,0.15755737,0
74.14999995630204,1.2222303,1.6055734,0.1450156,0
74.19999995613033,1.2527632,1.6243278,0.15003693,0
74.24999995595861,1.2074852,1.6148579,0.137586,0
74.2999999557869,1.230602,1.6211746,0.09396207,0
74.34999995561519,1.2295116,1.6380376,0.10641098,0
74.39999995544348,1.243119,1.6014552,0.10860777,0
74.44999995527176,1.2592614,1.587882,0.11050975,0
74.49999995510005,1.2533009,1.6173289,0.10012126,0
74.54999995492834,1.2189118,1.635207,0.08978486,0
74.59999995475663,1.1818098,1.5850165,0.15259373,0
74.64999995458491,1.2428467,1.5884857,0.1285677,0
74.6999999544132,1.2082043,1.6275952,0.13602483,0
74.74999995424149,1.218299,1.6250775,0.10539806,0
74.79999995406978,1.2105231,1.5939163,0.10418594,0
74.84999995389806,1.2373484,1.6085951,0.104177356,0
74.89999995372635,1.2309245,1.5852668,0.12788403,0
74.94999995355464,1.2340006,1.6236565,0.121778965,0
74.99999995338293,1.2110384,1.6260135,0.094386935,0
75.04999995321121,1.2278113,1.6308571,0.13775265,0
75.0999999530395,1.2025206,1.6213454,0.10794914,0
75.14999995286779,1.2321831,1.6009797,0.12129676,0
75.19999995269607,1.2368004,1.5934414,0.11764109,0
75.24999995252436,1.2050874,1.5932834,0.14120138,0
75.29999995235265,1.2268996,1.6300573,0.10485327,0
75.34999995218094,1.2134829,1.620177,0.09661877,0
75.39999995200922,1.214361,1.6090108,0.1316787,0
75.44999995183751,1.2377595,1.6429036,0.101569414,0
75.4999999516658,1.196845,1.6037129,0.0996598,0
75.54999995149409,1.2440553,1.5968324,0.10739088,0
75.59999995132237,1.2476797,1.5878706,0.15179574,0
75.64999995115066,1.2296764,1.6045119,0.12088287,0
75.69999995097895,1.2136277,1.6397426,0.14431608,0
75.74999995080724,1.2074519,1.626535,0.11981642,0
75.79999995063552,1.2493156,1.6062741,0.16470802,0
75.84999995046381,1.2115608,1.5743394,0.15007567,0
75.8999999502921,1.2028841,1.6517556,0.12813413,0
75.94999995012039,1.2469146,1.6008741,0.16306412,0
75.99999994994867,1.233021,1.6145828,0.09827089,0
76.04999994977696,1.1941923,1.6133294,0.12303293,0
76.09999994960525,1.2335364,1.6224661,0.13561237,0
76.14999994943354,1.2505239,1.577695,0.10827422,0
76.19999994926182,1.1636493,1.615233,0.096452475,0
76.24999994909011,1.215369,1.63887,0.123322845,0
76.2999999489184,1.2257938,1.6342239,0.09927869,0
76.34999994874669,1.2438306,1.6149247,0.12480104,0
76.39999994857497,1.2279389,1.6330042,0.12444973,0
76.44999994840326,1.2204196,1.5904737,0.18541455,0
76.49999994823155,1.2104306,1.6416221,0.13298571,0
76.54999994805983,1.2238767,1.6303086,0.09599924,0
76.59999994788812,1.1862317,1.5982668,0.124409914,0
76.64999994771641,1.2097518,1.5869806,0.10286331,0
76.6999999475447,1.2177346,1.5708723,0.11351061,0
76.74999994737298,1.2661762,1.6122675,0.2032001,0
76.79999994720127,1.211523,1.6177006,0.09344387,0
76.84999994702956,1.2219504,1.6643848,0.11460972,0
76.89999994685785,1.232665,1.6434104,0.12220168,0
76.94999994668613,1.235923,1.5818522,0.08774841,0
76.99999994651442,1.2366737,1.5859854,0.16994524,0
77.04999994634271,1.2269112,1.6326536,0.12470794,0
77.099999946171,1.2126304,1.5901464,0.11974096,0
77.14999994599928,1.2599514,1.6041989,0.10753238,0
77.19999994582757,1.2108076,1.5897261,0.2012999,0
77.24999994565586,1.2131424,1.6145775,0.1244508,0
77.29999994548415,1.2516026,1.6100264,0.09306145,0
77.34999994531243,1.2166216,1.6433699,0.11816585,0
77.39999994514072,1.1624025,1.5981852,0.097699285,0
77.44999994496901,1.216125,1.6166002,0.12020826,0
77.4999999447973,1.2062724,1.595602,0.12870228,0
77.54999994462558,1.2515094,1.6078103,0.08658004,0
77.59999994445387,1.2334253,1.6136091,0.10090959,0
77.64999994428216,1.2288787,1.6226076,0.12104869,0
77.69999994411044,1.2195244,1.6343433,0.09668374,0
77.74999994393873,1.2521443,1.6523938,0.12011552,0
77.79999994376702,1.210695,1.616709,0.09883976,0
77.84999994359531,1.2265444,1.5850168,0.08713353,0
77.8999999434236,1.2177167,1.6046712,0.20207918,0
77.94999994325188,1.213416,1.6038836,0.094169974,0
77.99999994308017,1.2267317,1.5922751,0.118924975,0
78.04999994290846,1.1916308,1.6234802,0.13824594,0
78.09999994273674,1.2350581,1.5837088,0.09702921,0
78.14999994256503,1.2250857,1.6218268,0.12252271,0
78.19999994239332,1.1988833,1.6048696,0.13013303,0
78.2499999422216,1.2116045,1.6232874,0.13400137,0
78.2999999420499,1.2495064,1.600065,0.1117686,0
78.34999994187818,1.2520541,1.5919299,0.125759,0
78.39999994170647,1.2561624,1.6098605,0.14274287,0
78.44999994153476,1.2076784,1.6120288,0.11439192,0
78.49999994136304,1.2026352,1.6180978,0.090394616,0
78.54999994119133,1.2090167,1.6188109,0.12010574,0
78.59999994101962,1.2285218,1.61474,0.15743423,0
78.6499999408479,1.239,1.5826209,0.13370109,0
78.6999999406762,1.2134947,1.6256534,0.10044932,0
78.74999994050448,1.2133683,1.5729059,0.10401094,0
78.79999994033277,1.2194719,1.6632283,0.15443671,0
78.84999994016106,1.2230026,1.6133947,0.12982261,0
78.89999993998934,1.1955557,1.5959702,0.1931678,0
78.94999993981763,1.2032877,1.6007065,0.1811136,0
78.99999993964592,1.2384255,1.608552,0.14742255,0
79.0499999394742,1.200058,1.6234262,0.12394202,0
79.09999993930249,1.2254896,1.6067548,0.12758613,0
79.14999993913078,1.2492249,1.6526521,0.13246012,0
79.19999993895907,1.2362527,1.5716596,0.106802344,0
79.24999993878735,1.2415544,1.5960357,0.07391775,0
79.29999993861564,1.2421314,1.6105764,0.14764237,0
79.34999993844393,1.2233789,1.6013298,0.14804602,0
79.39999993827222,1.23057,1.574329,0.14407349,0
79.4499999381005,1.239405,1.635897,0.104767084,0
79.49999993792879,1.2501276,1.6141648,0.1571089,0
79.54999993775708,1.2180887,1.6578524,0.108946204,0
79.59999993758537,1.2290452,1.7000439,0.16841733,0
79.64999993741365,1.2182084,1.5935726,0.11114454,0
79.69999993724194,1.2150519,1.594696,0.1719563,0
79.74999993707023,1.2416062,1.5970616,0.1355145,0
79.79999993689852,1.2237542,1.594767,0.18504667,0
79.8499999367268,1.2139133,1.5816225,0.13634324,0
79.89999993655509,1.1907412,1.6044345,0.12941933,0
79.94999993638338,1.237469,1.6433549,0.11815083,0
79.99999993621167,1.1865985,1.6242816,0.11918962,0
80.04999993603995,1.2265958,1.5887694,0.104739785,0
80.09999993586824,1.1965635,1.6448591,0.17356241,0
80.14999993569653,1.2427667,1.5685878,0.09882271,0
80.19999993552481,1.2493633,1.6143781,0.09779036,0
80.2499999353531,1.2460337,1.6157508,0.1184417,0
80.29999993518139,1.2308499,1.6276275,0.16532171,0
80.34999993500968,1.2366794,1.5988551,0.14433217,0
80.39999993483796,1.243916,1.6214912,0.15168548,0
80.44999993466625,1.2273688,1.5941297,0.13889611,0
80.49999993449454,1.2634828,1.6076845,0.12936592,0
80.54999993432283,1.2065957,1.5939376,0.09374952,0
80.59999993415111,1.2230147,1.603005,0.17422545,0
80.6499999339794,1.2245144,1.6109905,0.11904812,0
80.69999993380769,1.2152092,1.5987372,0.09189856,0
80.74999993363598,1.1977832,1.614893,0.1062299,0
80.79999993346426,1.2362795,1.6226692,0.087129354,0
80.84999993329255,1.2171397,1.5827738,0.11022222,0
80.89999993312084,1.2353705,1.6099861,0.10937631,0
80.94999993294913,1.2021648,1.6118028,0.11089599,0
80.99999993277741,1.2457815,1.5837826,0.10727131,0
81.0499999326057,1.2334775,1.607171,0.16357815,0
81.09999993243399,1.2133758,1.6261858,0.1380372,0
81.14999993226228,1.1988101,1.6100154,0.15382087,0
81.19999993209056,1.221984,1.6034665,0.13739264,0
81.24999993191885,1.2253305,1.5964851,0.13812351,0
81.29999993174714,1.221435,1.597556,0.10948467,0
81.34999993157543,1.2372067,1.633743,0.11103177,0
81.39999993140371,1.2369149,1.6700488,0.15344536,0
81.449999931232,1.2308934,1.5778642,0.124987006,0
81.49999993106029,1.2182813,1.6225038,0.15327752,0
81.54999993088857,1.2217782,1.6095006,0.16301394,0
81.59999993071686,1.2065521,1.6236616,0.1363033,0
81.64999993054515,1.2250009,1.6023022,0.14651692,0
81.69999993037344,1.2321925,1.6035104,0.11340666,0
81.74999993020172,1.1935606,1.60595,0.13779199,0
81.79999993003001,1.2562182,1.6169143,0.12974072,0
81.8499999298583,1.2524922,1.6217182,0.110848784,0
81.89999992968659,1.2562158,1.6440966,0.11559379,0
81.94999992951487,1.2356455,1.591071,0.103491664,0
81.99999992934316,1.241055,1.6064876,0.16580188,0
82.04999992917145,1.2650894,1.6100895,0.08937776,0
82.09999992899974,1.2146668,1.6375934,0.1168195,0
82.14999992882802,1.2283425,1.5761762,0.12877893,0
82.19999992865631,1.2367818,1.6219673,0.13479376,0
82.2499999284846,1.2229452,1.5815835,0.10255849,0
82.29999992831289,1.1970408,1.6136967,0.10650039,0
82.34999992814117,1.2227383,1.638193,0.13791049,0
82.39999992796946,1.1894646,1.6578922,0.14271462,0
82.44999992779775,1.2743031,1.593488,0.09761214,0
82.49999992762604,1.2415235,1.6081352,0.12436736,0
82.54999992745432,1.2357236,1.5963756,0.14238036,0
82.5999999272826,1.2218534,1.6084423,0.12352431,0
82.6499999271109,1.211757,1.5863024,0.1578039,0
82.69999992693919,1.2209808,1.6468632,0.12610447,0
82.74999992676749,1.1877422,1.6094775,0.19058049,0
82.79999992659576,1.2391251,1.624892,0.108432055,0
82.84999992642405,1.2543386,1.6275489,0.111355424,0
82.89999992625232,1.2313391,1.5947208,0.1332556,0
82.94999992608062,1.2202079,1.5969117,0.13501096,0
82.99999992590892,1.2565355,1.590212,0.19570935,0
83.0499999257372,1.2336736,1.604394,0.12452495,0
83.09999992556548,1.2499179,1.6210186,0.120491505,0
83.14999992539376,1.2393767,1.6079718,0.17245948,0
83.19999992522206,1.2482896,1.6005609,0.10408735,0
83.24999992505036,1.2337301,1.5595461,0.110925436,0
83.29999992487865,1.2211735,1.575111,0.15674222,0
83.34999992470692,1.2296501,1.6152298,0.11289096,0
83.3999999245352,1.2571616,1.6282144,0.1030103,0
83.44999992436348,1.2334872,1.5694909,0.1362611,0
83.49999992419178,1.2281054,1.6296316,0.1877768,0
83.54999992402009,1.2033818,1.6601036,0.11283231,0
83.59999992384836,1.2153215,1.5956961,0.107954025,0
83.64999992367665,1.2458,1.5746508,0.18486094,0
83.69999992350492,1.2168791,1.617511,0.10554969,0
83.74999992333322,1.1988978,1.6257801,0.099612,0
83.79999992316152,1.246809,1.6167499,0.1095438,0
83.8499999229898,1.2417891,1.6402723,0.10388684,0
83.89999992281808,1.2590975,1.6372259,0.167544,0
83.94999992264636,1.2064605,1.578576,0.19018734,0
83.99999992247466,1.2269467,1.6112576,0.122778535,0
84.04999992230294,1.2170849,1.6136092,0.09352994,0
84.09999992213125,1.2371823,1.6521682,0.12696409,0
84.14999992195952,1.229983,1.584736,0.12143278,0
84.1999999217878,1.1984199,1.6126698,0.15984821,0
84.24999992161608,1.2105703,1.6148319,0.11604786,0
84.29999992144438,1.2236856,1.6636838,0.11536348,0
84.34999992127268,1.2240399,1.6132886,0.15390909,0
84.39999992110096,1.2089672,1.5823367,0.10494268,0
84.44999992092924,1.2222869,1.6032662,0.12178433,0
84.49999992075752,1.2375112,1.6029398,0.10937929,0
84.54999992058582,1.2420458,1.6172223,0.1013248,0
84.59999992041412,1.2370499,1.6586728,0.1341176,0
84.64999992024241,1.2017665,1.5736698,0.13330662,0
84.69999992007068,1.2516096,1.6256,0.14013755,0
84.74999991989897,1.2138071,1.6296209,0.10862243,0
84.79999991972726,1.2261777,1.6395812,0.10905671,0
84.84999991955554,1.1866958,1.6154771,0.07728493,0
84.89999991938384,1.2077329,1.596135,0.12115359,0
84.94999991921212,1.2236812,1.6620317,0.13682759,0
84.9999999190404,1.2605656,1.6235589,0.1813705,0
85.04999991886868,1.2469283,1.5870763,0.13944829,0
85.09999991869698,1.1846683,1.5953801,0.10647547,0
85.14999991852527,1.2260084,1.632271,0.15713418,0
85.19999991835356,1.210237,1.6019787,0.12416446,0
85.24999991818184,1.2263678,1.6456105,0.18342412,0
85.29999991801012,1.2405691,1.6470104,0.13735521,0
85.34999991783842,1.2368895,1.5856481,0.14251578,0
85.3999999176667,1.2260193,1.6043658,0.140077,0
85.449999917495,1.2381698,1.6161323,0.1289587,0
85.49999991732328,1.2062123,1.597656,0.12766731,0
85.54999991715157,1.2531291,1.6086112,0.11071718,0
85.59999991697985,1.233197,1.5910635,0.17561388,0
85.64999991680814,1.2098163,1.6207173,0.15301704,0
85.69999991663644,1.1742611,1.6022339,0.17962492,0
85.74999991646472,1.1907203,1.6146404,0.11785865,0
85.799999916293,1.2097652,1.6166208,0.090309024,0
85.84999991612128,1.1952108,1.5848243,0.12926447,0
85.89999991594958,1.2537296,1.6159959,0.08127177,0
85.94999991577787,1.237776,1.5980679,0.13882172,0
85.99999991560617,1.2137734,1.5883483,0.15830433,0
86.04999991543444,1.2314484,1.593294,0.14650702,0
86.09999991526273,1.2272344,1.6964012,0.16477466,0
86.149999915091,1.223356,1.5942973,0.10126138,0
86.1999999149193,1.238965,1.5792836,0.16501105,0
86.2499999147476,1.2131164,1.5747644,0.13917875,0
86.29999991457588,1.2333828,1.6315565,0.08989942,0
86.34999991440417,1.1995698,1.6020495,0.12395978,0
86.39999991423244,1.236932,1.5752897,0.12490904,0
86.44999991406074,1.244937,1.5926915,0.1626395,0
86.49999991388904,1.2686045,1.58427,0.15221083,0
86.54999991371731,1.1816438,1.6146657,0.17239404,0
86.5999999135456,1.2127477,1.6212727,0.09606862,0
86.64999991337388,1.2282711,1.6422592,0.15217113,0
86.69999991320218,1.1841291,1.5768212,0.12224424,0
86.74999991303046,1.254561,1.5873848,0.14281833,0
86.79999991285877,1.1815681,1.588406,0.08415699,0
86.84999991268704,1.1988255,1.585096,0.09176195,0
86.89999991251533,1.2325794,1.6067694,0.17517841,0
86.9499999123436,1.2053641,1.6094086,0.10984838,0
86.9999999121719,1.2387042,1.5986274,0.10894954,0
87.0499999120002,1.2470518,1.5895815,0.1224823,0
87.09999991182848,1.2463883,1.6093386,0.096429944,0
87.14999991165676,1.2226408,1.6128863,0.12042844,0
87.19999991148504,1.2501125,1.5941609,0.12120855,0
87.24999991131334,1.2309544,1.5934843,0.108722925,0
87.29999991114163,1.206923,1.5987475,0.09420109,0
87.34999991096993,1.2162404,1.5803452,0.16399455,0
87.3999999107982,1.2442575,1.590318,0.16676545,0
87.44999991062649,1.2164735,1.5749717,0.14571798,0
87.49999991045476,1.2391133,1.6331177,0.10350883,0
87.54999991028306,1.2308537,1.6381018,0.12817502,0
87.59999991011136,1.2307082,1.666395,0.19879866,0
87.64999990993964,1.2545228,1.6236395,0.1364659,0
87.69999990976793,1.2221222,1.6377889,0.13783503,0
87.7499999095962,1.2152841,1.569911,0.12149441,0
87.7999999094245,1.2044263,1.5739963,0.11606419,0
87.8499999092528,1.2357329,1.5900635,0.10790193,0
87.89999990908107,1.1858016,1.6012619,0.08983123,0
87.94999990890936,1.2542179,1.6045611,0.10524762,0
87.99999990873764,1.2226896,1.6096332,0.12587333,0
88.04999990856594,1.2418988,1.6211197,0.09863746,0
88.09999990839422,1.2043903,1.6373351,0.124699,0
88.14999990822253,1.2487202,1.6344128,0.11935818,0
88.1999999080508,1.2641441,1.6012325,0.100073576,0
88.24999990787909,1.2497653,1.6168916,0.16582668,0
88.29999990770736,1.2159088,1.5846301,0.09835923,0
88.34999990753566,1.2254682,1.6001391,0.14683211,0
88.39999990736396,1.2380402,1.6059716,0.09761977,0
88.44999990719224,1.2334857,1.6067531,0.14487064,0
88.49999990702052,1.2374685,1.5753598,0.12437141,0
88.5499999068488,1.207632,1.5896183,0.14615953,0
88.5999999066771,1.2133453,1.6475878,0.15802586,0
88.64999990650539,1.2306144,1.6502715,0.15288556,0
88.69999990633369,1.219729,1.6312648,0.10975039,0
88.74999990616196,1.2449334,1.5809637,0.120603204,0
88.79999990599025,1.2100084,1.5892482,0.120458126,0
88.84999990581852,1.2090008,1.6047797,0.16390765,0
88.89999990564682,1.1871991,1.6553168,0.15149617,0
88.94999990547512,1.2423729,1.5990041,0.10006642,0
88.9999999053034,1.2341884,1.5851874,0.13930857,0
89.04999990513168,1.2469478,1.6081891,0.17266023,0
89.09999990495996,1.2067963,1.6158634,0.16234922,0
89.14999990478826,1.2023314,1.5997778,0.11109114,0
89.19999990461656,1.2362037,1.5748842,0.10242164,0
89.24999990444483,1.2365484,1.598786,0.0862236,0
89.29999990427312,1.2076073,1.625906,0.13224006,0
89.3499999041014,1.243443,1.6262767,0.116532326,0
89.3999999039297,1.2122109,1.5981154,0.09272039,0
89.44999990375798,1.2282556,1.6197352,0.09467137,0
89.49999990358629,1.2244289,1.6315733,0.12961543,0
89.54999990341456,1.2467912,1.6227485,0.13557494,0
89.59999990324285,1.2140528,1.6071362,0.13242638,0
89.64999990307112,1.2125243,1.6006927,0.20900714,0
89.69999990289942,1.239181,1.5622902,0.11134374,0
89.74999990272772,1.225372,1.6098858,0.10814977,0
89.799999902556,1.2445441,1.6096058,0.13467634,0
89.84999990238428,1.2197939,1.6091431,0.15539527,0
89.89999990221256,1.2263503,1.6430037,0.13486671,0
89.94999990204086,1.2325077,1.576469,0.14585543,0
89.99999990186915,1.229365,1.6298138,0.10754228,0
90.04999990169745,1.2363548,1.5794731,0.14035738,0
90.09999990152572,1.2263658,1.5849679,0.096868396,0
90.14999990135401,1.2389555,1.6213617,0.11440647,0
90.19999990118228,1.2059246,1.6244383,0.13906848,0
90.24999990101058,1.2337772,1.6468091,0.16804993,0
90.29999990083888,1.2369384,1.6298872,0.1718558,0
90.34999990066716,1.2003137,1.6080797,0.10637498,0
90.39999990049544,1.2081449,1.5733064,0.1103636,0
90.44999990032372,1.223953,1.6278834,0.11843872,0
90.49999990015202,1.2242926,1.5777409,0.136325,0
90.54999989998032,1.2609181,1.5898587,0.121312976,0
90.5999998998086,1.1945608,1.6136914,0.09743905,0
90.64999989963688,1.2336041,1.5946105,0.113307476,0
90.69999989946515,1.197758,1.6239506,0.13135195,0
90.74999989929346,1.217416,1.5930257,0.11740446,0
90.79999989912174,1.2403913,1.592822,0.18751371,0
90.84999989895005,1.2165385,1.6136378,0.11391306,0
90.89999989877832,1.2302114,1.597292,0.14568639,0
90.9499998986066,1.2201434,1.6085744,0.10361731,0
90.99999989843488,1.2364233,1.6333252,0.14795196,0
91.04999989826318,1.2481439,1.5649757,0.16712868,0
91.09999989809147,1.2655311,1.5855076,0.1280148,0
91.14999989791976,1.2333585,1.6262081,0.11774194,0
91.19999989774804,1.2076324,1.6272106,0.095299006,0
91.24999989757632,1.2309976,1.6253536,0.12451923,0
91.29999989740462,1.2254382,1.6264858,0.11738384,0
91.3499998972329,1.2434107,1.6132314,0.14985919,0
91.3999998970612,1.2381783,1.6163592,0.18086612,0
91.44999989688948,1.2721883,1.6309664,0.10576236,0
91.49999989671777,1.2094778,1.5978737,0.09291339,0
91.54999989654605,1.2328894,1.5977837,0.1283524,0
91.59999989637434,1.2448057,1.698013,0.17280889,0
91.64999989620264,1.2218783,1.5703738,0.10138905,0
91.69999989603092,1.2114711,1.6169304,0.12320042,0
91.7499998958592,1.2152126,1.6099252,0.13111639,0
91.79999989568748,1.2591832,1.5596092,0.09576011,0
91.84999989551578,1.2246754,1.585754,0.10191071,0
91.89999989534407,1.184301,1.667429,0.14222491,0
91.94999989517235,1.2012206,1.600011,0.112523556,0
91.99999989500064,1.2181101,1.6296448,0.1592313,0
92.04999989482891,1.2497069,1.6039033,0.16689098,0
92.09999989465722,1.248634,1.593467,0.13941705,0
92.1499998944855,1.1934359,1.6077878,0.11535454,0
92.1999998943138,1.1976736,1.657054,0.19759941,0
92.24999989414208,1.2071166,1.5879858,0.11916828,0
92.29999989397037,1.1905589,1.5922879,0.15277755,0
92.34999989379864,1.1848809,1.603059,0.11021197,0
92.39999989362694,1.2388458,1.5913461,0.114533186,0
92.44999989345524,1.2376179,1.6022568,0.14679372,0
92.49999989328352,1.1965938,1.5709388,0.12631333,0
92.5499998931118,1.2210156,1.5707947,0.15950644,0
92.59999989294008,1.2370768,1.5924646,0.13131857,0
92.64999989276838,1.2118927,1.6057187,0.11705589,0
92.69999989259667,1.2290472,1.6258323,0.16972959,0
92.74999989242497,1.2086229,1.6017808,0.11638725,0
92.79999989225324,1.2302334,1.6176444,0.15030265,0
92.84999989208153,1.1977305,1.5517955,0.098688126,0
92.8999998919098,1.2577862,1.5990479,0.0984838,0
92.9499998917381,1.2030362,1.6256466,0.10684955,0
92.9999998915664,1.2396504,1.5918921,0.106256604,0
93.04999989139468,1.2209283,1.5775377,0.09920013,0
93.09999989122296,1.2008991,1.5804551,0.11651766,0
93.14999989105124,1.222585,1.5900037,0.10863805,0
93.19999989087954,1.2269428,1.6079079,0.12535167,0
93.24999989070784,1.267703,1.6150622,0.1338116,0
93.29999989053613,1.2119513,1.6044631,0.16857862,0
93.3499998903644,1.2340894,1.5899692,0.14788997,0
93.39999989019267,1.2439692,1.5893621,0.17529857,0
93.44999989002096,1.2228842,1.587305,0.12664366,0
93.49999988984926,1.22416,1.5930338,0.16839778,0
93.54999988967757,1.2422501,1.5724213,0.10542917,0
93.59999988950584,1.190948,1.6039124,0.116738796,0
93.64999988933413,1.2091877,1.6110954,0.13553798,0
93.6999998891624,1.2191881,1.560065,0.14237106,0
93.7499998889907,1.2273978,1.5997733,0.08711946,0
93.799999888819,1.2344362,1.6691976,0.1439935,0
93.84999988864728,1.20311,1.6381158,0.09685671,0
93.89999988847556,1.2228224,1.5818205,0.12174499,0
93.94999988830384,1.2079649,1.612468,0.11699629,0
93.99999988813214,1.2160002,1.610028,0.17485917,0
94.04999988796042,1.2087251,1.6257598,0.110723734,0
94.09999988778873,1.2284521,1.5906185,0.123049736,0
94.149999887617,1.2396215,1.5928079,0.12293935,0
94.19999988744529,1.2453105,1.6542635,0.12581515,0
94.24999988727356,1.2296069,1.6017413,0.090070486,0
94.29999988710186,1.1992893,1.59293,0.106250525,0
94.34999988693016,1.2330337,1.5979378,0.12741363,0
94.39999988675844,1.2157838,1.5980066,0.08183491,0
94.44999988658672,1.217234,1.6060953,0.111302495,0
94.499999886415,1.176006,1.5859865,0.11003041,0
94.5499998862433,1.238561,1.6582693,0.12188387,0
94.5999998860716,1.2387999,1.5882716,0.1461376,0
94.64999988589989,1.2113303,1.5995346,0.0952698,0
94.69999988572816,1.2382722,1.6282654,0.13443339,0
94.74999988555643,1.2151748,1.6000305,0.16296208,0
94.79999988538472,1.269961,1.5884161,0.13222623,0
94.84999988521302,1.2222974,1.6057032,0.088777065,0
94.89999988504132,1.2561183,1.6223571,0.11137056,0
94.9499998848696,1.2417532,1.6046991,0.1493243,0
94.99999988469789,1.2263217,1.5959902,0.10731852,0
95.04999988452616,1.2327818,1.6328114,0.15119982,0
95.09999988435446,1.230784,1.6071062,0.13110328,0
95.14999988418276,1.2506306,1.6264719,0.13884103,0
95.19999988401104,1.2348254,1.6164138,0.09612441,0
95.24999988383932,1.2346666,1.6470045,0.15228462,0
95.2999998836676,1.1962594,1.5982697,0.10177648,0
95.3499998834959,1.2061491,1.6123606,0.12047875,0
95.39999988332418,1.2507501,1.6449995,0.11576712,0
95.44999988315249,1.2802826,1.5538718,0.13220143,0
95.49999988298076,1.242821,1.6064286,0.118560314,0
95.54999988280905,1.2215976,1.5967555,0.1345396,0
95.59999988263732,1.2618928,1.5853782,0.14821005,0
95.64999988246562,1.2278785,1.5966864,0.14513648,0
95.69999988229392,1.2184856,1.5869102,0.100762725,0
95.7499998821222,1.2148602,1.5911847,0.09787953,0
95.79999988195048,1.2238439,1.6449039,0.10851848,0
95.84999988177876,1.2098979,1.6153562,0.093232036,0
95.89999988160706,1.2335646,1.6304541,0.13828182,0
95.94999988143535,1.2224042,1.6258615,0.11176765,0
95.99999988126365,1.2116327,1.6059995,0.09750533,0
96.04999988109192,1.245399,1.6075213,0.13181055,0
96.09999988092021,1.2355545,1.6448367,0.1196326,0
96.14999988074848,1.2161353,1.6318436,0.10952842,0
96.19999988057678,1.2232138,1.5928028,0.11959982,0
96.24999988040508,1.239255,1.6096001,0.11259115,0
96.29999988023336,1.190664,1.6270686,0.14426994,0
96.34999988006165,1.2651843,1.6442244,0.12124145,0
96.39999987988992,1.1838582,1.5801244,0.10836089,0
96.44999987971822,1.2359861,1.612724,0.11366308,0
96.49999987954652,1.2667255,1.6082246,0.1390953,0
96.5499998793748,1.20552,1.5773156,0.13157701,0
96.59999987920308,1.2505971,1.6240978,0.18661022,0
96.64999987903136,1.206517,1.5968535,0.1351409,0
96.69999987885966,1.2242788,1.559108,0.09343779,0
96.74999987868794,1.213135,1.6119633,0.1739713,0
96.79999987851625,1.2384061,1.6400955,0.13452733,0
96.84999987834452,1.2629257,1.6396623,0.14730346,0
96.8999998781728,1.2277706,1.5922816,0.11854243,0
96.94999987800108,1.2259545,1.6322129,0.1509422,0
96.99999987782938,1.2391137,1.6315227,0.1384641,0
97.04999987765768,1.2485657,1.6291155,0.10692036,0
97.09999987748596,1.2597747,1.5915871,0.12261355,0
97.14999987731424,1.2197299,1.5879024,0.1725266,0
97.19999987714252,1.2022405,1.5960834,0.11723721,0
97.24999987697082,1.2261778,1.5692205,0.1360774,0
97.2999998767991,1.2325068,1.6391325,0.1050539,0
97.34999987662741,1.2343167,1.6704323,0.15047085,0
97.39999987645568,1.2427025,1.6207057,0.17329276,0
97.44999987628397,1.2176872,1.5932407,0.15089107,0
97.49999987611226,1.2162234,1.615994,0.111340284,0
97.54999987594054,1.1996617,1.6111417,0.15299761,0
97.59999987576884,1.2305094,1.5976626,0.13952458,0
97.64999987559712,1.231222,1.5669396,0.117731094,0
97.6999998754254,1.2248541,1.6196324,0.11908007,0
97.74999987525368,1.2259493,1.5850241,0.15921354,0
97.79999987508198,1.2169964,1.5675282,0.12302601,0
97.84999987491027,1.2300493,1.6231189,0.14420354,0
97.89999987473855,1.2641354,1.6187097,0.14622402,0
97.94999987456684,1.2443244,1.5814257,0.14671993,0
97.99999987439512,1.2308692,1.5626571,0.10021675,0
98.04999987422342,1.2107679,1.595478,0.10196769,0
98.0999998740517,1.231763,1.624563,0.10002601,0
98.14999987388,1.2378064,1.6161515,0.13631582,0
98.19999987370828,1.2017188,1.6396667,0.14910042,0
98.24999987353657,1.218035,1.6358207,0.10592294,0
98.29999987336485,1.2020837,1.5931375,0.11275375,0
98.34999987319314,1.2323705,1.5961292,0.13971925,0
98.39999987302144,1.2609643,1.600073,0.11639953,0
98.44999987284972,1.2398963,1.5739584,0.13866115,0
98.499999872678,1.208809,1.6140021,0.10861719,0
98.54999987250628,1.222969,1.6178899,0.13086033,0
98.59999987233458,1.2298484,1.5975645,0.1338203,0
98.64999987216287,1.2094111,1.588803,0.11125767,0
98.69999987199117,1.2320579,1.5857646,0.096283436,0
98.74999987181944,1.2411208,1.575978,0.11630058,0
98.79999987164773,1.2103429,1.6302472,0.099630356,0
98.849999871476,1.174139,1.5846372,0.15039623,0
98.8999998713043,1.206816,1.5523826,0.10390663,0
98.9499998711326,1.2109425,1.6056703,0.120789886,0
98.99999987096088,1.2160652,1.6115289,0.16213453,0
99.04999987078916,1.2217326,1.5802343,0.1167053,0
99.09999987061744,1.2409346,1.6144786,0.1734531,0
99.14999987044574,1.260817,1.5788083,0.13337338,0
99.19999987027404,1.1940045,1.6255281,0.15780771,0
99.24999987010231,1.2385423,1.5829331,0.08953881,0
99.2999998699306,1.208998,1.6143806,0.13155782,0
99.34999986975888,1.1967784,1.5856392,0.10932374,0
99.39999986958718,1.1608993,1.5897869,0.09920251,0
99.44999986941546,1.2108734,1.6249647,0.15285254,0
99.49999986924377,1.2276572,1.6152575,0.13549888,0
99.54999986907204,1.245345,1.5806963,0.10600686,0
99.59999986890033,1.1861514,1.613229,0.13342524,0
99.6499998687286,1.2139537,1.5892392,0.12772083,0
99.6999998685569,1.2319663,1.6145787,0.12709188,0
99.7499998683852,1.251265,1.6122518,0.07425487,0
99.79999986821348,1.2152312,1.5825182,0.11164105,0
99.84999986804176,1.2159243,1.5659271,0.11880767,0
99.89999986787004,1.1944118,1.5814937,0.13373601,0
99.94999986769834,1.2310174,1.6327035,0.14835215,0
