time_ns,minimum_heavy_atom_bond_A,maximum_heavy_atom_bond_A,maximum_absolute_change_from_frame0_A,implausible_heavy_atom_bond_count
0.0,1.3283713,1.6299235,0.0,0
0.05000000001018634,1.3609712,1.5920259,0.12616038,0
0.10000000002037268,1.3682293,1.5742196,0.10338235,0
0.15000000003055902,1.3493477,1.5793259,0.14773536,0
0.20000000004074536,1.3395821,1.5997964,0.14402068,0
0.2500000000509317,1.3147244,1.5997834,0.10058069,0
0.30000000006111804,1.3196194,1.5943807,0.10502255,0
0.3500000000713044,1.342607,1.5834227,0.19852161,0
0.4000000000814907,1.3000445,1.6821816,0.11852598,0
0.45000000009167707,1.347157,1.5933006,0.10296631,0
0.5000000001018634,1.3448721,1.567368,0.15353835,0
0.5500000001120497,1.3555979,1.588142,0.14909554,0
0.6000000001222361,1.3444366,1.580825,0.13320386,0
0.6500000001324215,1.3652077,1.6113539,0.16970682,0
0.7000000001426079,1.3522762,1.5936916,0.112855434,0
0.7500000001527942,1.3473413,1.623922,0.095876455,0
0.8000000001629806,1.3404429,1.6060508,0.08552122,0
0.8500000001731669,1.3216411,1.6250632,0.1514628,0
0.9000000001833532,1.3512919,1.6060121,0.120305896,0
0.9500000001935396,1.312556,1.6016484,0.103649855,0
1.000000000203726,1.3179724,1.5885215,0.082380414,0
1.0500000002139123,1.3450606,1.648427,0.15705502,0
1.1000000002240986,1.363055,1.6015755,0.12470877,0
1.150000000234285,1.3469303,1.6055684,0.16704309,0
1.2000000002444713,1.3612729,1.5641314,0.11450088,0
1.2500000002546576,1.3593683,1.5851496,0.16108096,0
1.300000000264844,1.3411516,1.6112576,0.10530698,0
1.3500000002750303,1.3231041,1.5964947,0.12786174,0
1.4000000002852167,1.3438442,1.5951167,0.11846638,0
1.450000000295403,1.3438182,1.589434,0.10208595,0
1.5000000003055893,1.3464211,1.5987866,0.12020409,0
1.5500000003157757,1.3384349,1.5696542,0.14710999,0
1.600000000325962,1.3278811,1.62839,0.12633514,0
1.6500000003361501,1.3154037,1.6073241,0.15537131,0
1.700000000346333,1.3235162,1.5915341,0.10428977,0
1.750000000356521,1.340196,1.6090868,0.13153136,0
1.8000000003667074,1.3819565,1.619437,0.20418787,0
1.8500000003768937,1.3407176,1.6500165,0.118187785,0
1.90000000038708,1.3685042,1.584828,0.12541747,0
1.9500000003972664,1.3450981,1.6013584,0.17258382,0
2.0000000004074545,1.3312842,1.6010377,0.1225996,0
2.0500000004176373,1.3658412,1.6125507,0.118539095,0
2.1000000004278254,1.3169594,1.62735,0.17550969,0
2.1500000004380118,1.3213557,1.5766883,0.13609982,0
2.200000000448198,1.3089322,1.6051803,0.11115301,0
2.250000000458386,1.3501126,1.5962157,0.16630113,0
2.300000000468569,1.3363903,1.5795757,0.17038846,0
2.350000000478757,1.3244803,1.6572757,0.092530966,0
2.4000000004889435,1.3510336,1.5913796,0.11229277,0
2.45000000049913,1.3410221,1.6074957,0.14101064,0
2.500000000509316,1.3224711,1.6218526,0.15966487,0
2.5500000005195025,1.3473194,1.6142756,0.14379132,0
2.6000000005296906,1.3375044,1.6212792,0.120026946,0
2.6500000005398734,1.3419197,1.6677417,0.14024973,0
2.7000000005500615,1.3628309,1.6103255,0.107251406,0
2.750000000560248,1.3518095,1.5927435,0.14618099,0
2.800000000570434,1.3312017,1.6405481,0.14836466,0
2.8500000005806223,1.3066511,1.5841315,0.11794233,0
2.900000000590805,1.3707848,1.5864767,0.1303482,0
2.950000000600993,1.3635141,1.6484858,0.10562992,0
3.0000000006111796,1.3488585,1.625468,0.1149168,0
3.050000000621366,1.343193,1.6534531,0.107858896,0
3.1000000006315522,1.3466877,1.5920832,0.11519456,0
3.1500000006417386,1.3655927,1.613952,0.1064415,0
3.200000000651925,1.3460433,1.6283072,0.14518213,0
3.2500000006621113,1.3645961,1.6168163,0.15536237,0
3.3000000006722976,1.3365765,1.608203,0.14476895,0
3.350000000682484,1.326396,1.6219378,0.12156761,0
3.4000000006926703,1.3483132,1.6312485,0.11806798,0
3.4500000007028584,1.3579572,1.6229659,0.16741514,0
3.500000000713041,1.3304926,1.5820326,0.12607634,0
3.5500000007232293,1.329001,1.6213132,0.09693062,0
3.6000000007334156,1.3113561,1.6102481,0.14291644,0
3.650000000743602,1.3210523,1.6157849,0.15731812,0
3.70000000075379,1.2999333,1.6658518,0.15267134,0
3.750000000763973,1.3622911,1.6239266,0.12272549,0
3.800000000774161,1.3336418,1.6001549,0.108217,0
3.8500000007843473,1.3340927,1.6145606,0.11650264,0
3.9000000007945337,1.3382114,1.6033537,0.10027969,0
3.95000000080472,1.3350523,1.5614115,0.11301088,0
4.000000000814906,1.3395631,1.6167943,0.11042547,0
4.0500000008250945,1.3026415,1.594002,0.15005612,0
4.100000000835277,1.3393675,1.667987,0.14291918,0
4.150000000845465,1.3413086,1.6678464,0.1065563,0
4.200000000855652,1.3550053,1.6293288,0.122107506,0
4.250000000865838,1.3393958,1.6289902,0.16542673,0
4.300000000876026,1.3403835,1.5746429,0.1315639,0
4.350000000886209,1.3478756,1.6149013,0.19205093,0
4.400000000896397,1.3554342,1.6119896,0.1562202,0
4.450000000906583,1.338305,1.6175936,0.14201152,0
4.50000000091677,1.341616,1.5816535,0.1098541,0
4.550000000926956,1.3447363,1.5936536,0.09819019,0
4.6000000009371425,1.3647938,1.6320676,0.14085793,0
4.650000000947331,1.344967,1.638303,0.14136481,0
4.700000000957513,1.3285742,1.5972315,0.094825506,0
4.7500000009677015,1.3353513,1.6666923,0.11269534,0
4.800000000977888,1.3334947,1.584953,0.1567303,0
4.850000000988074,1.3576549,1.607833,0.13976622,0
4.900000000998262,1.2821954,1.6144241,0.13205576,0
4.950000001008445,1.3305581,1.6262649,0.11518335,0
5.000000001018633,1.3177652,1.6068594,0.16001678,0
5.0500000010288195,1.3323083,1.6252306,0.088949084,0
5.100000001039006,1.3607692,1.5891169,0.13560998,0
5.150000001049192,1.3483825,1.5981709,0.16061187,0
5.2000000010593785,1.3519709,1.5901364,0.10386431,0
5.250000001069565,1.3402511,1.6014798,0.18451095,0
5.300000001079751,1.3314992,1.6039038,0.10727501,0
5.350000001089938,1.3486795,1.6227597,0.11933184,0
5.400000001100124,1.3586842,1.6062384,0.11863923,0
5.45000000111031,1.3594402,1.6257681,0.115900755,0
5.500000001120498,1.3321899,1.6064794,0.117850065,0
5.550000001130681,1.3421906,1.5858464,0.08354664,0
5.600000001140869,1.3588291,1.583097,0.12329614,0
5.650000001151056,1.3443842,1.6107244,0.1280055,0
5.700000001161242,1.3166881,1.6343294,0.1453464,0
5.75000000117143,1.3527453,1.6112959,0.15417922,0
5.800000001181615,1.323185,1.6433214,0.13948023,0
5.850000001191801,1.3520156,1.5996991,0.15960264,0
5.900000001201987,1.3524673,1.5772347,0.13330162,0
5.950000001212174,1.3497827,1.6006038,0.12719679,0
6.00000000122236,1.3537288,1.6299714,0.13293087,0
6.050000001232546,1.3373482,1.6402273,0.13715327,0
6.1000000012427344,1.3453221,1.6189951,0.098590255,0
6.150000001252917,1.3661995,1.5999753,0.14463007,0
6.200000001263105,1.3348057,1.5765855,0.12781382,0
6.250000001273292,1.3772296,1.6510892,0.12253106,0
6.300000001283478,1.3549381,1.6263664,0.12798226,0
6.350000001293666,1.3720193,1.628892,0.13495302,0
6.400000001303849,1.3674662,1.5846493,0.11025822,0
6.450000001314037,1.3376504,1.5938807,0.11046767,0
6.500000001324223,1.3093127,1.5910095,0.12373781,0
6.55000000133441,1.3518916,1.5848821,0.09872317,0
6.600000001344596,1.3416286,1.595812,0.1955781,0
6.650000001354782,1.3442613,1.6009868,0.105348945,0
6.7000000013649705,1.3720253,1.6208411,0.15607047,0
6.750000001375153,1.3776028,1.6000414,0.15103972,0
6.800000001385341,1.3680733,1.6211475,0.14551616,0
6.850000001395528,1.3548976,1.5791224,0.14195406,0
6.900000001405714,1.3559831,1.6176233,0.11600244,0
6.950000001415902,1.2762566,1.5846199,0.10769534,0
7.000000001426085,1.3469629,1.5561061,0.16375661,0
7.050000001436273,1.3462112,1.5761535,0.13425887,0
7.1000000014464595,1.3221698,1.6193951,0.16228116,0
7.150000001456646,1.3402972,1.63316,0.0839417,0
7.200000001466832,1.3780923,1.6144465,0.15357077,0
7.2500000014770185,1.3324969,1.6282903,0.12895656,0
7.300000001487205,1.3572245,1.6121104,0.14231491,0
7.350000001497391,1.3316998,1.6352857,0.12210524,0
7.4000000015075775,1.3572521,1.5859364,0.12481618,0
7.450000001517764,1.3645684,1.6222241,0.14521265,0
7.50000000152795,1.3230214,1.625184,0.15321672,0
7.550000001538138,1.3496051,1.6202557,0.10188413,0
7.600000001548321,1.3692706,1.6227847,0.1335311,0
7.650000001558509,1.3179971,1.6127326,0.14208531,0
7.700000001568696,1.3617201,1.5998358,0.10219991,0
7.750000001578882,1.3678651,1.5962017,0.14889693,0
7.80000000158907,1.3526795,1.5761398,0.12547052,0
7.850000001599255,1.3629355,1.6025596,0.12132001,0
7.900000001609441,1.344714,1.5881357,0.14873624,0
7.950000001619627,1.3319252,1.616578,0.15493393,0
8.000000001629813,1.341915,1.5785103,0.09818125,0
8.050000001639999,1.3510468,1.6161169,0.11788154,0
8.100000001650185,1.3274128,1.5790315,0.1403948,0
8.150000001660372,1.3355367,1.581695,0.13466763,0
8.200000001670556,1.3447354,1.5770695,0.17404306,0
8.250000001680746,1.3376281,1.6006901,0.09829283,0
8.300000001690933,1.3183782,1.5935977,0.15728402,0
8.350000001701119,1.3600062,1.6100347,0.11589098,0
8.400000001711305,1.3341978,1.5933961,0.13118088,0
8.450000001721488,1.3553857,1.6386265,0.10698676,0
8.500000001731678,1.3545153,1.6087674,0.11748433,0
8.550000001741864,1.3333695,1.5954683,0.17528367,0
8.60000000175205,1.3485339,1.6444694,0.116245985,0
8.650000001762237,1.3503239,1.5796531,0.13617969,0
8.700000001772423,1.3468416,1.5961145,0.17033756,0
8.75000000178261,1.3328273,1.6202188,0.117144704,0
8.800000001792792,1.376602,1.6217022,0.14189422,0
8.850000001802979,1.376611,1.6150396,0.1260879,0
8.900000001813165,1.3410962,1.595669,0.12575746,0
8.950000001823351,1.3578504,1.6006567,0.1260364,0
9.000000001833538,1.2884789,1.6125507,0.12252128,0
9.050000001843724,1.3369532,1.5835326,0.13270068,0
9.10000000185391,1.3461077,1.6200867,0.14024115,0
9.150000001864097,1.3173494,1.6135547,0.14254904,0
9.200000001874283,1.3678954,1.6001432,0.11983824,0
9.25000000188447,1.3185073,1.6230923,0.109247565,0
9.300000001894656,1.3295524,1.5728885,0.16451383,0
9.350000001904842,1.3563406,1.6485554,0.16975677,0
9.400000001915028,1.3213147,1.6602864,0.15721238,0
9.450000001925215,1.3571696,1.6062353,0.14060307,0
9.500000001935401,1.3181912,1.6365399,0.14244342,0
9.550000001945588,1.3495746,1.6310805,0.117900014,0
9.600000001955774,1.3315611,1.6352179,0.14863133,0
9.65000000196596,1.3588668,1.6168171,0.16530609,0
9.700000001976147,1.3447373,1.6233982,0.1460433,0
9.750000001986333,1.3739552,1.6436617,0.10394478,0
9.80000000199652,1.3560866,1.6735406,0.12065506,0
9.850000002006706,1.3602917,1.6231713,0.12325001,0
9.900000002016892,1.3547313,1.6080045,0.07641351,0
9.950000002027078,1.3386219,1.6089375,0.15296435,0
10.000000002037265,1.3428904,1.6411884,0.14364791,0
10.050000002047451,1.365254,1.5872611,0.1285938,0
10.100000002057637,1.3213334,1.5870991,0.15131176,0
10.150000002067824,1.2978793,1.598052,0.14985597,0
10.20000000207801,1.3372105,1.5552593,0.11372852,0
10.250000002088196,1.3618674,1.6106119,0.15642285,0
10.300000002098383,1.3318433,1.6301848,0.16317427,0
10.350000002108569,1.3751252,1.6016133,0.12536025,0
10.400000002118755,1.3609892,1.5863227,0.13423014,0
10.450000002128942,1.372444,1.598193,0.09129596,0
10.500000002139128,1.3708752,1.6083108,0.17012465,0
10.550000002149318,1.3583196,1.5945858,0.12211633,0
10.6000000021595,1.3645512,1.5628393,0.16234922,0
10.65000000216969,1.3241327,1.6020786,0.1514566,0
10.700000002179873,1.3398879,1.5864561,0.18731463,0
10.75000000219006,1.2810628,1.6175163,0.117685676,0
10.800000002200246,1.3495995,1.5670937,0.10672498,0
10.850000002210432,1.3467408,1.6488454,0.13566494,0
10.900000002220619,1.3666253,1.6090167,0.11414623,0
10.950000002230805,1.3575225,1.5954356,0.1773578,0
11.000000002240991,1.3583142,1.6051365,0.13700032,0
11.050000002251178,1.3006287,1.6031563,0.12612522,0
11.100000002261364,1.3345807,1.6357043,0.18040156,0
11.15000000227155,1.3112646,1.5822487,0.12570238,0
11.200000002281737,1.3506143,1.6080366,0.102929115,0
11.25000000229192,1.3316697,1.6145768,0.116552114,0
11.30000000230211,1.3392906,1.623132,0.109951496,0
11.350000002312292,1.3662663,1.5546573,0.10122597,0
11.400000002322482,1.3447933,1.6189716,0.19677544,0
11.450000002332668,1.3880649,1.650262,0.16208935,0
11.500000002342851,1.3503863,1.6061785,0.09882879,0
11.550000002353041,1.348936,1.6750242,0.10659087,0
11.600000002363227,1.3270688,1.5960407,0.09867239,0
11.650000002373414,1.3858234,1.6000916,0.09701753,0
11.7000000023836,1.3305733,1.5821526,0.11129427,0
11.750000002393787,1.3201692,1.5959555,0.08633268,0
11.80000000240397,1.309648,1.6235996,0.14770067,0
11.85000000241416,1.3334665,1.5924757,0.12593174,0
11.900000002424346,1.3272104,1.604798,0.12240386,0
11.950000002434532,1.3187779,1.5793799,0.15167046,0
12.000000002444722,1.3424839,1.6110363,0.18929589,0
12.050000002454905,1.3529419,1.5996149,0.15325415,0
12.10000000246509,1.300236,1.6023777,0.13585925,0
12.15000000247528,1.3337071,1.6367655,0.16639543,0
12.200000002485464,1.3511367,1.6246833,0.123351336,0
12.25000000249565,1.3368866,1.5857989,0.113444805,0
12.300000002505836,1.3296928,1.5938661,0.123846054,0
12.350000002516023,1.3652157,1.5864295,0.12095368,0
12.400000002526209,1.3472857,1.575846,0.13034344,0
12.450000002536395,1.3605928,1.5964984,0.14589977,0
12.500000002546582,1.3204588,1.6185046,0.105186105,0
12.550000002556768,1.357146,1.5824126,0.132586,0
12.600000002566958,1.3419976,1.5993927,0.14292002,0
12.65000000257714,1.3562864,1.6304922,0.12248349,0
12.70000000258733,1.3536408,1.6102885,0.18253386,0
12.750000002597513,1.3577098,1.5854787,0.15284419,0
12.8000000026077,1.3837512,1.5555788,0.13543105,0
12.850000002617886,1.3297338,1.6172422,0.12667894,0
12.900000002628072,1.3565825,1.585397,0.13535726,0
12.950000002638259,1.3329556,1.6366638,0.16580534,0
13.000000002648445,1.3441427,1.5880246,0.19437826,0
13.050000002658631,1.3083518,1.5830181,0.15111935,0
13.100000002668818,1.3501936,1.5881466,0.085609436,0
13.150000002679004,1.3321104,1.598174,0.12720418,0
13.20000000268919,1.3226256,1.5921619,0.14616549,0
13.250000002699377,1.3767219,1.587626,0.13933957,0
13.30000000270956,1.3308258,1.610095,0.19590902,0
13.35000000271975,1.3277143,1.6585082,0.15543413,0
13.400000002729932,1.3458967,1.5856482,0.10544944,0
13.450000002740122,1.3295525,1.6087068,0.13201654,0
13.500000002750308,1.3359214,1.6144702,0.17445314,0
13.550000002760491,1.3365949,1.6239448,0.13255334,0
13.600000002770681,1.3353219,1.5761267,0.12890446,0
13.650000002780867,1.3503926,1.61819,0.10798025,0
13.700000002791054,1.3426471,1.5878072,0.15393448,0
13.75000000280124,1.3506446,1.6388037,0.125579,0
13.800000002811426,1.3861132,1.5617186,0.16364002,0
13.85000000282161,1.3403516,1.5850662,0.12312472,0
13.9000000028318,1.3535738,1.6437471,0.13506722,0
13.950000002841985,1.3572314,1.6270466,0.114822865,0
14.000000002852172,1.334732,1.5827162,0.14392805,0
14.050000002862362,1.3311112,1.5872235,0.13563335,0
14.100000002872545,1.3533795,1.6255181,0.15412498,0
14.15000000288273,1.3296653,1.5799624,0.10712433,0
14.20000000289292,1.3502533,1.6100181,0.113569856,0
14.250000002903104,1.2914848,1.5698291,0.12048471,0
14.30000000291329,1.3330542,1.657723,0.116223335,0
14.350000002923476,1.3542633,1.63689,0.12840676,0
14.400000002933663,1.3595289,1.5918349,0.12041187,0
14.450000002943849,1.3394549,1.6092299,0.17039132,0
14.500000002954035,1.3229507,1.6097301,0.18459702,0
14.550000002964222,1.3585446,1.5894307,0.117869854,0
14.600000002974408,1.3652489,1.5828067,0.13415086,0
14.650000002984598,1.3306854,1.6166947,0.12035954,0
14.70000000299478,1.3288758,1.5968043,0.13393474,0
14.75000000300497,1.3611176,1.6302361,0.1554178,0
14.800000003015153,1.3089187,1.6126906,0.15053296,0
14.85000000302534,1.3532037,1.593104,0.11397624,0
14.900000003035526,1.3641908,1.627329,0.10529828,0
14.950000003045712,1.3667506,1.6791553,0.1760813,0
15.000000003055899,1.3125967,1.6221969,0.16444278,0
15.050000003066085,1.3163359,1.6200075,0.13980234,0
15.100000003076271,1.3140199,1.6188009,0.13016844,0
15.150000003086458,1.3584102,1.5963945,0.13742745,0
15.200000003096644,1.3393838,1.5952457,0.11835599,0
15.25000000310683,1.3563743,1.5913315,0.120361686,0
15.300000003117017,1.3114381,1.6050828,0.15157604,0
15.3500000031272,1.3679864,1.6204225,0.11386037,0
15.40000000313739,1.3592448,1.5816238,0.15552151,0
15.450000003147572,1.3641267,1.6023113,0.08625972,0
15.500000003157762,1.3470738,1.5891005,0.14923286,0
15.550000003167948,1.3579044,1.5970718,0.100926995,0
15.600000003178131,1.3435035,1.5803006,0.121662855,0
15.650000003188321,1.3261122,1.6578326,0.09627509,0
15.700000003198507,1.3673187,1.6098747,0.106800675,0
15.750000003208694,1.3501658,1.5799122,0.17076552,0
15.80000000321888,1.37906,1.6436169,0.111026525,0
15.850000003229066,1.3351855,1.6305022,0.11732173,0
15.90000000323925,1.3341295,1.6228888,0.11981475,0
15.95000000324944,1.3536288,1.606401,0.14203537,0
16.000000003259625,1.3225275,1.6077433,0.100317,0
16.050000003269812,1.3295544,1.6121886,0.111668825,0
16.10000000328,1.2998977,1.5828006,0.07670796,0
16.150000003290184,1.3484885,1.5796542,0.14366806,0
16.20000000330037,1.356179,1.5960927,0.15194356,0
16.25000000331056,1.3255286,1.6111411,0.15333056,0
16.300000003320744,1.3568395,1.5813906,0.14173901,0
16.35000000333093,1.3050745,1.5935979,0.10574639,0
16.400000003341116,1.3654,1.5871667,0.13747287,0
16.450000003351303,1.3486685,1.6003273,0.13010597,0
16.50000000336149,1.3579565,1.627013,0.1407044,0
16.550000003371675,1.3188654,1.6315303,0.1316824,0
16.60000000338186,1.3458647,1.6543306,0.12955487,0
16.650000003392048,1.3497739,1.6159394,0.1447469,0
16.700000003402238,1.348654,1.5989506,0.09158397,0
16.75000000341242,1.2933841,1.6300131,0.11662078,0
16.80000000342261,1.3557447,1.6033235,0.13235366,0
16.850000003432793,1.3611157,1.6261648,0.10861313,0
16.90000000344298,1.340246,1.6235533,0.12784505,0
16.950000003453166,1.3514242,1.5832537,0.14878178,0
17.000000003463352,1.3631212,1.5820277,0.14836454,0
17.05000000347354,1.3310002,1.6277236,0.11454308,0
17.100000003483725,1.3150376,1.6641412,0.14428663,0
17.15000000349391,1.3429916,1.6216202,0.15087962,0
17.200000003504098,1.3429171,1.6026961,0.16418004,0
17.250000003514284,1.2960951,1.6720483,0.15310943,0
17.30000000352447,1.3572834,1.6152619,0.10255611,0
17.350000003534657,1.3306084,1.6201413,0.16473937,0
17.40000000354484,1.3554405,1.5793227,0.14282966,0
17.45000000355503,1.3482744,1.5783491,0.11976099,0
17.500000003565212,1.3539892,1.5785818,0.15306032,0
17.550000003575402,1.3344127,1.6010318,0.17318225,0
17.60000000358559,1.354459,1.6187804,0.13632154,0
17.650000003595775,1.3564377,1.6244103,0.1732204,0
17.70000000360596,1.3424469,1.5538727,0.17424345,0
17.750000003616144,1.312163,1.6004168,0.13968134,0
17.800000003626334,1.3493437,1.6272014,0.08208108,0
17.85000000363652,1.3350487,1.5911239,0.105691075,0
17.900000003646706,1.3662392,1.6219263,0.16215253,0
17.95000000365689,1.3644819,1.5870429,0.13808846,0
18.00000000366708,1.3345306,1.6015774,0.13056016,0
18.050000003677265,1.3134086,1.6115439,0.0962286,0
18.10000000368745,1.345538,1.5995455,0.123450756,0
18.15000000369764,1.2804772,1.647289,0.16630149,0
18.200000003707824,1.3596326,1.6399318,0.109099865,0
18.25000000371801,1.3324732,1.6161418,0.19082928,0
18.3000000037282,1.3483216,1.5733641,0.10832822,0
18.350000003738383,1.3447653,1.5814627,0.17378306,0
18.40000000374857,1.3442698,1.5891534,0.13426244,0
18.450000003758756,1.3489726,1.6077877,0.18779445,0
18.500000003768942,1.3459818,1.6221688,0.14067042,0
18.55000000377913,1.3352151,1.6102233,0.18039656,0
18.600000003789315,1.3054532,1.6277575,0.1643424,0
18.6500000037995,1.3750155,1.639772,0.115605,0
18.700000003809688,1.3102481,1.6191895,0.11261165,0
18.750000003819878,1.3673487,1.5898217,0.105188966,0
18.80000000383006,1.340622,1.5946271,0.10830951,0
18.85000000384025,1.3361976,1.6283656,0.1612432,0
18.900000003850433,1.3091302,1.5684383,0.12434173,0
18.95000000386062,1.3452182,1.6063111,0.11923337,0
19.000000003870806,1.3249328,1.5930718,0.12861526,0
19.050000003880992,1.3172204,1.5661837,0.09314251,0
19.10000000389118,1.3509535,1.5911753,0.10934293,0
19.150000003901365,1.3625429,1.6098266,0.11746383,0
19.20000000391155,1.353661,1.6246153,0.2034632,0
19.250000003921738,1.3625462,1.6131828,0.12098825,0
19.300000003931924,1.3522309,1.5855955,0.1595751,0
19.35000000394211,1.3345188,1.6098905,0.1493237,0
19.400000003952297,1.3294923,1.6176178,0.1529243,0
19.45000000396248,1.3598502,1.6150615,0.12209535,0
19.50000000397267,1.336554,1.6503031,0.09333241,0
19.550000003982852,1.3491046,1.5834676,0.124355435,0
19.600000003993042,1.3019503,1.6437913,0.19117284,0
19.65000000400323,1.3481839,1.6012841,0.11125302,0
19.700000004013415,1.3448931,1.6309764,0.1293956,0
19.7500000040236,1.3091538,1.6157507,0.10188401,0
19.800000004033784,1.3135391,1.6217449,0.10245204,0
19.850000004043974,1.3164196,1.607259,0.1318723,0
19.90000000405416,1.3703936,1.5728186,0.12706256,0
19.950000004064346,1.2978662,1.5975027,0.16036153,0
20.000000004074533,1.3268299,1.6016037,0.1491605,0
20.050000004084723,1.3195124,1.6190176,0.12721157,0
20.100000004094905,1.3283203,1.6474701,0.11803293,0
20.15000000410509,1.3441914,1.5931959,0.112392426,0
20.20000000411528,1.3534957,1.5946925,0.0984292,0
20.250000004125464,1.331576,1.5718341,0.12380171,0
20.30000000413565,1.3468685,1.6077838,0.104709744,0
20.35000000414584,1.3221178,1.5943598,0.16207206,0
20.400000004156023,1.3181512,1.5962433,0.13130116,0
20.45000000416621,1.3188803,1.5978878,0.08703685,0
20.500000004176396,1.3597219,1.6119349,0.14277875,0
20.550000004186582,1.3650905,1.654563,0.106164455,0
20.60000000419677,1.2943754,1.5704007,0.16021347,0
20.650000004206955,1.3483944,1.5845764,0.10859728,0
20.70000000421714,1.2893807,1.5928627,0.11614382,0
20.750000004227328,1.3275732,1.6101898,0.100201845,0
20.800000004237518,1.3509375,1.6003114,0.13197303,0
20.8500000042477,1.2681644,1.6088955,0.13040853,0
20.90000000425789,1.2795745,1.5901345,0.107718706,0
20.950000004268073,1.3391852,1.5894575,0.13738966,0
21.00000000427826,1.3524699,1.6005814,0.1838795,0
21.050000004288446,1.3326882,1.6185106,0.19260693,0
21.100000004298632,1.3225422,1.5670491,0.113654375,0
21.15000000430882,1.3546051,1.6126038,0.13276625,0
21.200000004319005,1.3340467,1.6110525,0.1301353,0
21.25000000432919,1.3221428,1.6064551,0.17281532,0
21.300000004339378,1.3315939,1.6297668,0.11658633,0
21.350000004349564,1.3534083,1.5838404,0.12122059,0
21.40000000435975,1.3541932,1.6138691,0.1855843,0
21.450000004369937,1.3277448,1.6070842,0.13981259,0
21.50000000438012,1.3408184,1.6308297,0.12204611,0
21.55000000439031,1.3678038,1.5987246,0.13190293,0
21.600000004400492,1.3439848,1.595684,0.16602707,0
21.650000004410682,1.3535672,1.5752037,0.11420882,0
21.70000000442087,1.3292991,1.5813403,0.13279581,0
21.750000004431055,1.3396921,1.5762514,0.11451626,0
21.80000000444124,1.3507725,1.589314,0.1315608,0
21.850000004451424,1.3570427,1.6020101,0.122588515,0
21.900000004461614,1.3529022,1.6029327,0.1634556,0
21.9500000044718,1.3280206,1.6103112,0.093556166,0
22.000000004481986,1.3559963,1.6115974,0.12200034,0
22.050000004492173,1.3493063,1.5889544,0.12735295,0
22.100000004502363,1.3476743,1.6206138,0.14125597,0
22.150000004512545,1.3609396,1.6070037,0.086066246,0
22.20000000452273,1.3319606,1.6028847,0.09703684,0
22.25000000453292,1.3450382,1.5961946,0.1353867,0
22.300000004543104,1.3192079,1.582083,0.1310842,0
22.35000000455329,1.3284456,1.6530144,0.14994037,0
22.40000000456348,1.3383698,1.5859153,0.1315124,0
22.450000004573663,1.3430996,1.5741801,0.185076,0
22.50000000458385,1.3533754,1.5715091,0.18439603,0
22.550000004594036,1.3531601,1.5747529,0.1516205,0
22.600000004604222,1.3249017,1.62567,0.16659677,0
22.65000000461441,1.3762032,1.6061891,0.107450366,0
22.700000004624595,1.3084804,1.6405249,0.18166637,0
22.75000000463478,1.324849,1.6385854,0.17134464,0
22.800000004644968,1.3164651,1.6187431,0.11640644,0
22.850000004655158,1.3432536,1.6552382,0.097800136,0
22.90000000466534,1.3328037,1.5724236,0.13548648,0
22.95000000467553,1.3285851,1.6559845,0.13920009,0
23.000000004685713,1.3178427,1.587128,0.12137222,0
23.0500000046959,1.3684776,1.5465999,0.19101906,0
23.100000004706086,1.3312778,1.6082296,0.15455198,0
23.150000004716272,1.3343649,1.6364911,0.096658945,0
23.20000000472646,1.3492085,1.6092243,0.120592356,0
23.250000004736645,1.3463134,1.6240658,0.13317454,0
23.30000000474683,1.2753667,1.6023095,0.09410405,0
23.350000004757018,1.3527275,1.5863742,0.16253102,0
23.400000004767204,1.3254154,1.6242709,0.15330112,0
23.45000000477739,1.3695992,1.5770528,0.08655381,0
23.500000004787577,1.3839136,1.590953,0.09215295,0
23.55000000479776,1.3642411,1.5742702,0.13894606,0
23.60000000480795,1.361877,1.617334,0.13651693,0
23.650000004818132,1.3562263,1.6269398,0.17142808,0
23.700000004828322,1.3408409,1.6062679,0.11277795,0
23.75000000483851,1.3511822,1.5880072,0.1469841,0
23.800000004848695,1.3278401,1.5948642,0.16239631,0
23.85000000485888,1.3246118,1.6162419,0.11678314,0
23.900000004869064,1.3360256,1.569252,0.16868818,0
23.950000004879254,1.3445768,1.600479,0.09188223,0
24.00000000488944,1.3510861,1.6660279,0.14403105,0
24.050000004899626,1.3406831,1.6140666,0.13122022,0
24.100000004909813,1.368388,1.6239439,0.117079854,0
24.150000004920003,1.3058681,1.6191559,0.1646049,0
24.200000004930185,1.3517649,1.6003836,0.13083887,0
24.25000000494037,1.346333,1.6465392,0.12840271,0
24.30000000495056,1.3744689,1.593925,0.11034477,0
24.350000004960744,1.3474953,1.6145204,0.12829864,0
24.40000000497093,1.3509215,1.5703918,0.14888716,0
24.45000000498112,1.3385738,1.5917124,0.19517136,0
24.500000004991303,1.3495674,1.6169832,0.1302712,0
24.55000000500149,1.3520279,1.5810122,0.16453922,0
24.600000005011676,1.3615043,1.6041217,0.09467268,0
24.650000005021862,1.3625064,1.5827413,0.11673522,0
24.70000000503205,1.3355603,1.598355,0.115697384,0
24.75000000504224,1.3483943,1.579492,0.12538242,0
24.80000000505242,1.3577102,1.616295,0.12317109,0
24.850000005062608,1.3439227,1.5939958,0.11418617,0
24.900000005072798,1.342372,1.6453264,0.09651327,0
24.95000000508298,1.3546878,1.6085315,0.11569178,0
25.00000000509317,1.291822,1.5828465,0.13007832,0
25.050000005103353,1.3239765,1.6204852,0.12696433,0
25.10000000511354,1.3421957,1.5776211,0.10994744,0
25.150000005123726,1.3458757,1.6118706,0.18403876,0
25.200000005133912,1.3688776,1.6075288,0.12431586,0
25.250000005144095,1.3518023,1.6038294,0.119202495,0
25.30000000515428,1.3360772,1.6082261,0.1606059,0
25.350000005164468,1.3567246,1.618731,0.11565697,0
25.400000005174654,1.3289943,1.6302481,0.09427881,0
25.45000000518484,1.3122926,1.6365184,0.123337865,0
25.500000005195027,1.3118958,1.6228347,0.10463309,0
25.550000005205213,1.3610377,1.5967821,0.11264753,0
25.6000000052154,1.3552802,1.6327021,0.12962806,0
25.650000005225586,1.318935,1.6081524,0.11042416,0
25.700000005235772,1.36263,1.5771325,0.16722488,0
25.75000000524596,1.3532115,1.5862691,0.11011267,0
25.800000005256145,1.3615788,1.6171517,0.13173556,0
25.85000000526633,1.3535674,1.5764441,0.1479119,0
25.900000005276517,1.3182626,1.6146816,0.11866677,0
25.950000005286704,1.366877,1.5998564,0.12795866,0
26.00000000529689,1.3343227,1.5956361,0.12972593,0
26.050000005307076,1.3527106,1.6072761,0.13011003,0
26.100000005317263,1.3464278,1.6049311,0.13318038,0
26.15000000532745,1.3560572,1.594492,0.19899893,0
26.200000005337635,1.3537991,1.6090738,0.10836589,0
26.25000000534782,1.3594335,1.6191952,0.17315388,0
26.300000005358008,1.3510042,1.5952735,0.138906,0
26.350000005368194,1.3609447,1.6583424,0.15526831,0
26.40000000537838,1.3519346,1.6563964,0.15283334,0
26.450000005388567,1.2953656,1.6350068,0.14953017,0
26.500000005398753,1.2817595,1.6188835,0.14741659,0
26.55000000540894,1.3668495,1.5693105,0.11595762,0
26.600000005419126,1.3843536,1.6445632,0.1312319,0
26.650000005429312,1.3723153,1.6162531,0.124569535,0
26.7000000054395,1.3399186,1.620609,0.098332524,0
26.750000005449685,1.3498573,1.5938246,0.11234629,0
26.80000000545987,1.3300111,1.5929495,0.14669478,0
26.850000005470058,1.3283923,1.6263196,0.13306308,0
26.900000005480244,1.3679795,1.5950884,0.097197056,0
26.95000000549043,1.3586133,1.5917403,0.11679554,0
27.000000005500617,1.3584028,1.6095382,0.14229536,0
27.050000005510803,1.3457668,1.5947546,0.17501426,0
27.10000000552099,1.3483319,1.5771692,0.20693994,0
27.150000005531176,1.3522198,1.575982,0.13450122,0
27.200000005541362,1.3167219,1.6128814,0.1861906,0
27.25000000555155,1.3660084,1.5982587,0.19057155,0
27.300000005561735,1.3351215,1.5902443,0.108245015,0
27.35000000557192,1.3500363,1.5873554,0.10992944,0
27.400000005582108,1.3379579,1.5889107,0.11280823,0
27.450000005592294,1.3220586,1.6153371,0.11226308,0
27.50000000560248,1.371081,1.5729492,0.121421695,0
27.550000005612667,1.3578222,1.5788908,0.11759412,0
27.600000005622853,1.337329,1.5783665,0.098606825,0
27.65000000563304,1.2980009,1.5967875,0.12443495,0
27.700000005643226,1.3358558,1.5527325,0.12057495,0
27.750000005653412,1.3389732,1.6125603,0.11866689,0
27.8000000056636,1.3503194,1.6275765,0.087414265,0
27.850000005673785,1.3602048,1.5804317,0.12614489,0
27.90000000568397,1.3460155,1.6131618,0.07959163,0
27.950000005694164,1.3441751,1.5992297,0.10716307,0
28.000000005704344,1.363862,1.6119016,0.13182151,0
28.05000000571453,1.3289629,1.626863,0.135077,0
28.100000005724716,1.3237964,1.6070492,0.11336446,0
28.150000005734903,1.3246578,1.5885813,0.11882782,0
28.20000000574509,1.3198806,1.6085656,0.12084043,0
28.250000005755275,1.3514465,1.622477,0.12949264,0
28.30000000576546,1.3483601,1.6135992,0.092544794,0
28.350000005775648,1.3422543,1.5924472,0.15898407,0
28.400000005785834,1.3595433,1.6378901,0.15499425,0
28.45000000579602,1.3364245,1.5973555,0.1678387,0
28.500000005806207,1.3789341,1.6003785,0.22065496,0
28.550000005816393,1.3065379,1.6018157,0.15977144,0
28.60000000582658,1.3589082,1.6343203,0.12398827,0
28.650000005836766,1.3376803,1.6271226,0.12967741,0
28.700000005846952,1.373375,1.5665101,0.089628935,0
28.75000000585714,1.3804342,1.6292907,0.10941112,0
28.800000005867332,1.3514255,1.5708988,0.10842085,0
28.85000000587751,1.3356562,1.592792,0.10907638,0
28.900000005887698,1.3641708,1.6329385,0.11172509,0
28.950000005897884,1.3575186,1.6402637,0.09794259,0
29.00000000590807,1.384618,1.6566823,0.1282115,0
29.050000005918257,1.3389409,1.5798639,0.13117814,0
29.100000005928443,1.3218403,1.6492589,0.1874739,0
29.15000000593863,1.3349105,1.5921183,0.11597395,0
29.200000005948816,1.360285,1.5863389,0.10557985,0
29.250000005959002,1.346803,1.5848386,0.1342479,0
29.30000000596919,1.3430144,1.6148016,0.10716486,0
29.350000005979375,1.382267,1.578607,0.16337788,0
29.40000000598956,1.351568,1.6027799,0.12049818,0
29.450000005999748,1.3223932,1.6239243,0.11940539,0
29.500000006009934,1.347717,1.585533,0.116322994,0
29.55000000602012,1.3626801,1.6231177,0.13943708,0
29.600000006030314,1.3649724,1.6136587,0.11064136,0
29.650000006040493,1.3583934,1.6341335,0.121319056,0
29.70000000605068,1.3380177,1.5997504,0.12484431,0
29.750000006060873,1.3229356,1.5936624,0.10564065,0
29.800000006071052,1.370534,1.6131887,0.10771966,0
29.85000000608124,1.3639786,1.6199516,0.103713155,0
29.900000006091425,1.3443893,1.6134539,0.14011908,0
29.95000000610161,1.3616576,1.634769,0.11449742,0
30.000000006111804,1.3409269,1.6083548,0.15409398,0
30.050000006121984,1.3509741,1.5935742,0.1240406,0
30.10000000613217,1.3377981,1.6088349,0.11851907,0
30.150000006142363,1.3739908,1.6520367,0.11247432,0
30.200000006152543,1.3534647,1.6245474,0.10228622,0
30.25000000616273,1.3649373,1.6063513,0.16639626,0
30.300000006172915,1.3466703,1.592855,0.12502491,0
30.3500000061831,1.3573283,1.5966203,0.107423425,0
30.400000006193288,1.3471227,1.6400769,0.10021567,0
30.450000006203474,1.338742,1.5927935,0.12813306,0
30.50000000621366,1.369469,1.6036929,0.15063763,0
30.550000006223847,1.3416669,1.6066736,0.13650608,0
30.600000006234033,1.3373344,1.6242363,0.14284682,0
30.65000000624422,1.3305241,1.6222721,0.21558022,0
30.700000006254406,1.3310368,1.5725147,0.12827075,0
30.750000006264592,1.3067311,1.654061,0.116741896,0
30.80000000627478,1.3411378,1.6008751,0.12395167,0
30.850000006284958,1.3443648,1.5977962,0.10137296,0
30.90000000629515,1.344812,1.586991,0.1457696,0
30.950000006305338,1.3266089,1.5632148,0.14951038,0
31.000000006315524,1.3575691,1.6142565,0.17963243,0
31.05000000632571,1.3541148,1.6662472,0.0966022,0
31.100000006335897,1.3494378,1.5913235,0.1570307,0
31.150000006346083,1.3472438,1.5695195,0.097120285,0
31.20000000635627,1.3019037,1.6119132,0.107325196,0
31.250000006366456,1.3419092,1.5855898,0.13490355,0
31.300000006376642,1.340468,1.6048853,0.0995338,0
31.35000000638683,1.3389791,1.58969,0.17459929,0
31.400000006397008,1.3315438,1.602624,0.13461149,0
31.4500000064072,1.3629628,1.5588194,0.13645113,0
31.500000006417388,1.3260748,1.5892329,0.12180042,0
31.550000006427574,1.3178189,1.6214024,0.12018061,0
31.60000000643776,1.3660376,1.611101,0.111980796,0
31.650000006447947,1.34225,1.6017269,0.12212992,0
31.700000006458133,1.3504293,1.6495667,0.13686645,0
31.75000000646832,1.3435454,1.6056441,0.10135198,0
31.800000006478506,1.3623447,1.610886,0.1511172,0
31.850000006488692,1.3335664,1.5636928,0.14051056,0
31.90000000649888,1.3725743,1.5683081,0.14348805,0
31.950000006509065,1.3514388,1.5828695,0.10515571,0
32.00000000651925,1.356728,1.5791042,0.1447413,0
32.050000006529444,1.3731871,1.6277171,0.1084795,0
32.100000006539624,1.3667308,1.6065179,0.12931442,0
32.15000000654981,1.3330576,1.5872525,0.16285467,0
32.20000000656,1.3525165,1.5892352,0.08799541,0
32.25000000657018,1.2894437,1.5687515,0.1213963,0
32.30000000658037,1.3686608,1.5811701,0.11126256,0
32.35000000659056,1.3082594,1.609052,0.13423121,0
32.40000000660074,1.3592316,1.6034228,0.113345265,0
32.45000000661093,1.3503124,1.6020352,0.1023047,0
32.500000006621114,1.3598036,1.5884664,0.118740916,0
32.5500000066313,1.3322864,1.6023884,0.14238834,0
32.60000000664149,1.3039101,1.5922387,0.091599226,0
32.65000000665167,1.3358592,1.5906849,0.12046647,0
32.70000000666186,1.3710581,1.6213677,0.17222512,0
32.750000006672046,1.3584739,1.5776097,0.12185335,0
32.80000000668223,1.3326218,1.6033485,0.09651375,0
32.85000000669242,1.349098,1.6126657,0.14168262,0
32.90000000670261,1.3395481,1.5929577,0.12574315,0
32.95000000671279,1.3690045,1.6177536,0.10273218,0
33.00000000672298,1.3358425,1.5829592,0.16340566,0
33.050000006733164,1.34233,1.5747517,0.10576868,0
33.10000000674335,1.3339478,1.6163903,0.14057088,0
33.15000000675354,1.3411696,1.6161098,0.17913723,0
33.20000000676372,1.328684,1.6091475,0.14363444,0
33.25000000677391,1.3720453,1.5938797,0.15107131,0
33.300000006784096,1.3268648,1.6200788,0.088231444,0
33.35000000679428,1.3715929,1.6335149,0.12300718,0
33.40000000680447,1.333494,1.5800555,0.12781072,0
33.450000006814655,1.3565694,1.6006571,0.15648055,0
33.50000000682484,1.3355424,1.601075,0.14112926,0
33.55000000683503,1.3544168,1.6026928,0.15348482,0
33.600000006845214,1.3590808,1.5850322,0.1316998,0
33.6500000068554,1.3527185,1.6336864,0.13250542,0
33.700000006865594,1.3053321,1.6086196,0.108827114,0
33.75000000687577,1.3571482,1.5902816,0.15724802,0
33.80000000688596,1.3587154,1.6011143,0.19863951,0
33.85000000689615,1.3565235,1.5921042,0.15294957,0
33.90000000690633,1.3375913,1.5707481,0.13973999,0
33.95000000691652,1.3677442,1.5959817,0.16137886,0
34.000000006926705,1.3481829,1.586721,0.20642328,0
34.05000000693689,1.3184519,1.6267573,0.13010812,0
34.100000006947084,1.3268567,1.7023575,0.14151084,0
34.150000006957264,1.3611084,1.628844,0.17606711,0
34.20000000696745,1.3296217,1.5970505,0.09261429,0
34.25000000697764,1.3170611,1.6372309,0.10451424,0
34.30000000698782,1.2969869,1.5830904,0.10050082,0
34.35000000699801,1.3361602,1.5913452,0.11844599,0
34.400000007008195,1.3307397,1.5696632,0.18905687,0
34.45000000701838,1.3485174,1.5961646,0.14169502,0
34.50000000702857,1.3152201,1.5969944,0.11381531,0
34.550000007038754,1.3738025,1.5924484,0.15320063,0
34.60000000704894,1.3198752,1.5778463,0.10373509,0
34.65000000705913,1.3592647,1.6399802,0.108272076,0
34.70000000706931,1.3126284,1.6317798,0.16102064,0
34.7500000070795,1.3547623,1.5553741,0.115048766,0
34.800000007089686,1.3556111,1.6331155,0.14242053,0
34.85000000709987,1.3358866,1.589514,0.10818291,0
34.90000000711006,1.360336,1.6258945,0.17282283,0
34.95000000712024,1.3663472,1.6183169,0.09408009,0
35.00000000713043,1.3560388,1.5799947,0.14116514,0
35.05000000714062,1.3302915,1.6068051,0.106691,0
35.100000007150804,1.3242127,1.6347153,0.08966839,0
35.15000000716099,1.3470113,1.5827847,0.15699422,0
35.20000000717118,1.3423806,1.6117105,0.085660696,0
35.25000000718136,1.3581126,1.645369,0.13004291,0
35.30000000719155,1.3422129,1.5980972,0.11342406,0
35.350000007201736,1.3305843,1.6043617,0.10735905,0
35.40000000721192,1.3583571,1.6222905,0.11429787,0
35.45000000722211,1.3436372,1.5661116,0.1189605,0
35.50000000723229,1.325414,1.5875208,0.18082654,0
35.55000000724248,1.2932498,1.5928907,0.1536591,0
35.60000000725267,1.3367628,1.609237,0.10637665,0
35.650000007262854,1.3710212,1.5784409,0.11093414,0
35.70000000727304,1.3106639,1.5853062,0.1335578,0
35.75000000728323,1.3544097,1.559124,0.11941719,0
35.80000000729341,1.3313096,1.5858923,0.12252343,0
35.8500000073036,1.270783,1.597668,0.12882578,0
35.900000007313785,1.3782643,1.6385186,0.15210009,0
35.95000000732397,1.3480344,1.6270148,0.09603381,0
36.00000000733416,1.3384912,1.6117859,0.114234924,0
36.050000007344345,1.2937574,1.6267481,0.09556484,0
36.10000000735453,1.3491279,1.6095059,0.15367258,0
36.150000007364724,1.3602358,1.606771,0.12151742,0
36.2000000073749,1.3340868,1.5811008,0.11042869,0
36.25000000738509,1.3618419,1.5875914,0.09925008,0
36.30000000739528,1.2999569,1.5778965,0.091329575,0
36.35000000740546,1.3448932,1.5928428,0.1215806,0
36.40000000741565,1.3347261,1.6408751,0.14464688,0
36.45000000742584,1.3577714,1.6344137,0.14470196,0
36.50000000743602,1.3703179,1.5997629,0.11892378,0
36.55000000744621,1.3469558,1.6093969,0.106322885,0
36.600000007456394,1.3526999,1.6286111,0.14489579,0
36.65000000746658,1.288885,1.5816798,0.12844622,0
36.70000000747677,1.3514123,1.6549766,0.14423299,0
36.75000000748695,1.3231885,1.6011821,0.13511503,0
36.80000000749714,1.3204739,1.6490549,0.17042017,0
36.850000007507326,1.341868,1.5939639,0.15094304,0
36.90000000751751,1.3198174,1.6123929,0.15871155,0
36.9500000075277,1.3587544,1.6017687,0.17318606,0
37.00000000753789,1.365493,1.6159296,0.095348954,0
37.05000000754807,1.3325541,1.602007,0.14943302,0
37.10000000755826,1.3707335,1.614592,0.111517906,0
37.150000007568444,1.3813694,1.5979995,0.11643767,0
37.20000000757863,1.3555127,1.6086894,0.11026454,0
37.25000000758882,1.3317444,1.5970156,0.12898612,0
37.300000007599,1.3744493,1.5996836,0.085006475,0
37.35000000760919,1.3582097,1.5847026,0.13257086,0
37.400000007619376,1.337971,1.5807006,0.120099545,0
37.45000000762956,1.3741014,1.6177285,0.14121747,0
37.50000000763975,1.3004075,1.6863638,0.13611126,0
37.550000007649935,1.359086,1.6143595,0.13887048,0
37.60000000766012,1.3393079,1.5821626,0.23078024,0
37.65000000767031,1.3400126,1.5692068,0.1222353,0
37.700000007680494,1.3019353,1.582366,0.113965034,0
37.75000000769068,1.3420768,1.5922134,0.11997795,0
37.80000000770087,1.34205,1.6424944,0.12931395,0
37.85000000771105,1.3530765,1.6019601,0.1040982,0
37.90000000772124,1.369573,1.6266955,0.104095936,0
37.950000007731425,1.3293357,1.5874743,0.15900302,0
38.00000000774161,1.334858,1.5797827,0.11631298,0
38.0500000077518,1.3618536,1.5746286,0.13454413,0
38.100000007761984,1.277871,1.626141,0.13361573,0
38.15000000777217,1.3470756,1.58635,0.13243961,0
38.200000007782364,1.3512887,1.6117762,0.123405695,0
38.25000000779254,1.3544618,1.6036404,0.11320269,0
38.30000000780273,1.3451316,1.579708,0.14381862,0
38.35000000781292,1.35289,1.5754073,0.11494231,0
38.4000000078231,1.357374,1.605875,0.11365473,0
38.45000000783329,1.3329417,1.6169946,0.12507915,0
38.500000007843475,1.364494,1.6284173,0.1400516,0
38.55000000785366,1.3246195,1.5995802,0.09654701,0
38.60000000786385,1.3418096,1.5996736,0.100696206,0
38.650000007874034,1.3373466,1.6066171,0.10832095,0
38.70000000788422,1.3615249,1.5933189,0.12077093,0
38.75000000789441,1.3500757,1.5842981,0.13708997,0
38.80000000790459,1.3595396,1.6093304,0.15202892,0
38.85000000791478,1.3453394,1.57912,0.14134419,0
38.900000007924966,1.3295541,1.6595988,0.18041754,0
38.95000000793515,1.329093,1.5574235,0.15757084,0
39.00000000794534,1.3474716,1.6020005,0.11073172,0
39.05000000795552,1.3567363,1.622373,0.17087042,0
39.10000000796571,1.3271933,1.5982242,0.108308196,0
39.1500000079759,1.3741578,1.5963601,0.13728714,0
39.200000007986084,1.3657584,1.6089959,0.12615669,0
39.25000000799627,1.3344071,1.6198239,0.11298418,0
39.30000000800646,1.34134,1.6138529,0.123485684,0
39.35000000801664,1.3692521,1.6151232,0.15559793,0
39.40000000802683,1.3504499,1.5810773,0.12858927,0
39.450000008037016,1.3149273,1.5959334,0.17522097,0
39.5000000080472,1.3650625,1.6165581,0.117218375,0
39.55000000805739,1.3149824,1.6388167,0.12262344,0
39.60000000806757,1.3210859,1.6301291,0.13456452,0
39.65000000807776,1.347724,1.5845066,0.16335607,0
39.70000000808795,1.338899,1.5958138,0.09763074,0
39.750000008098134,1.3313125,1.5759931,0.14369416,0
39.80000000810832,1.3346746,1.5893627,0.11186588,0
39.850000008118506,1.3383214,1.5947125,0.15932119,0
39.90000000812869,1.2887456,1.5787834,0.15735781,0
39.95000000813888,1.3355379,1.562358,0.11013448,0
40.00000000814906,1.3612874,1.5681603,0.119054794,0
40.05000000815925,1.3679256,1.6107751,0.10863185,0
40.10000000816944,1.3680873,1.592494,0.15122712,0
40.150000008179624,1.3229735,1.6270536,0.12705266,0
40.20000000818981,1.3609028,1.5913851,0.14547884,0
40.250000008200004,1.3778198,1.6000524,0.09616876,0
40.30000000821018,1.3713537,1.5804619,0.093937635,0
40.35000000822037,1.3406475,1.5921564,0.17059278,0
40.40000000823056,1.3338797,1.5771823,0.15536928,0
40.45000000824074,1.3747547,1.6222072,0.11093044,0
40.50000000825093,1.3542092,1.6052793,0.12294769,0
40.55000000826112,1.3338422,1.6015995,0.15443861,0
40.6000000082713,1.3267659,1.5752853,0.14791441,0
40.65000000828149,1.3274955,1.5994967,0.16328514,0
40.700000008291674,1.3559732,1.611821,0.12767136,0
40.75000000830186,1.3371013,1.644381,0.13120055,0
40.80000000831205,1.352244,1.6481969,0.1444714,0
40.85000000832223,1.3403791,1.6058145,0.18486333,0
40.90000000833242,1.3240213,1.5998528,0.19944406,0
40.950000008342606,1.3734059,1.6668935,0.1516664,0
41.00000000835279,1.3552923,1.6013217,0.13499987,0
41.05000000836298,1.3285393,1.5804313,0.116236925,0
41.10000000837317,1.345799,1.5735784,0.14963806,0
41.15000000838335,1.3511746,1.5893519,0.103227496,0
41.20000000839354,1.314907,1.5755571,0.10541427,0
41.250000008403724,1.3348781,1.6730092,0.112959385,0
41.30000000841391,1.3272153,1.5859557,0.2069161,0
41.3500000084241,1.3454618,1.6168153,0.13659298,0
41.40000000843428,1.3166764,1.5684944,0.12567806,0
41.45000000844447,1.3391719,1.603149,0.104723334,0
41.500000008454656,1.3541727,1.606432,0.11279559,0
41.55000000846484,1.3423569,1.6058891,0.12819827,0
41.60000000847503,1.3094646,1.6071191,0.18852067,0
41.650000008485215,1.3359048,1.6381469,0.11847603,0
41.7000000084954,1.2994778,1.6215713,0.11671102,0
41.750000008505594,1.3195239,1.6417431,0.19682205,0
41.800000008515774,1.3405414,1.581353,0.12223911,0
41.85000000852596,1.3685836,1.6472036,0.10765231,0
41.90000000853615,1.3163056,1.6017646,0.12410581,0
41.95000000854633,1.3217044,1.5965451,0.13977814,0
42.00000000855652,1.3247646,1.6253775,0.11539388,0
42.050000008566705,1.2842665,1.5787249,0.13887465,0
42.10000000857689,1.3655461,1.5909244,0.09756768,0
42.15000000858708,1.2505221,1.6136795,0.11376357,0
42.200000008597264,1.2875944,1.5913552,0.108783364,0
42.25000000860745,1.3436213,1.611004,0.13762593,0
42.300000008617644,1.3368428,1.6681236,0.16504955,0
42.35000000862782,1.3429785,1.6339979,0.14540792,0
42.40000000863801,1.3214524,1.6203403,0.09140444,0
42.4500000086482,1.3226491,1.5978295,0.10637319,0
42.50000000865838,1.331877,1.6027285,0.14105463,0
42.55000000866857,1.3580025,1.621399,0.10673082,0
42.600000008678755,1.3520182,1.6042564,0.1133275,0
42.65000000868894,1.3409001,1.5886449,0.11782336,0
42.70000000869913,1.3499153,1.6228063,0.11083841,0
42.750000008709314,1.3316092,1.6396612,0.08445215,0
42.8000000087195,1.3344963,1.5794148,0.11967015,0
42.85000000872969,1.3672085,1.5937068,0.18332791,0
42.90000000873987,1.3290579,1.5849719,0.095641494,0
42.95000000875006,1.3743863,1.6113878,0.08167219,0
43.000000008760246,1.330732,1.6243784,0.11119795,0
43.05000000877043,1.3278391,1.5889003,0.13241863,0
43.10000000878062,1.3512944,1.595232,0.14650369,0
43.1500000087908,1.3565888,1.5967213,0.12994528,0
43.20000000880099,1.348156,1.6165118,0.13982046,0
43.25000000881118,1.3612034,1.6467788,0.12602854,0
43.300000008821364,1.352459,1.6047969,0.15416324,0
43.35000000883155,1.3598455,1.5887462,0.09852266,0
43.40000000884174,1.3693999,1.5879482,0.14967299,0
43.45000000885192,1.3365339,1.6352954,0.13222134,0
43.50000000886211,1.3674757,1.6425645,0.084554315,0
43.550000008872296,1.360071,1.5824769,0.1724031,0
43.60000000888248,1.3517809,1.5978123,0.1389997,0
43.65000000889267,1.316019,1.60999,0.11025405,0
43.70000000890285,1.3567407,1.6009881,0.1302352,0
43.75000000891304,1.3677506,1.5818584,0.17076826,0
43.80000000892323,1.3650817,1.6280861,0.12074995,0
43.850000008933414,1.3744488,1.6184844,0.09870279,0
43.9000000089436,1.3699601,1.6031789,0.15050483,0
43.950000008953786,1.3345594,1.619098,0.24416852,0
44.00000000896397,1.3293431,1.6080862,0.077365875,0
44.05000000897416,1.3646827,1.5980393,0.10168707,0
44.10000000898434,1.3117744,1.6007283,0.09765422,0
44.15000000899453,1.3403966,1.6232326,0.13346016,0
44.20000000900472,1.3277317,1.5975001,0.14879823,0
44.250000009014904,1.3211994,1.6174911,0.13108015,0
44.30000000902509,1.3487084,1.6163534,0.13290119,0
44.350000009035284,1.3452417,1.6033697,0.10422194,0
44.40000000904546,1.3502222,1.593117,0.11457491,0
44.45000000905565,1.330842,1.6374428,0.10398197,0
44.50000000906584,1.3389711,1.554793,0.1052891,0
44.55000000907602,1.275215,1.6199076,0.114691734,0
44.60000000908621,1.3289756,1.6025653,0.15951979,0
44.6500000090964,1.357393,1.635109,0.1320349,0
44.70000000910658,1.3480724,1.5876114,0.0947088,0
44.75000000911677,1.3546504,1.5945625,0.16210604,0
44.800000009126954,1.358108,1.6092007,0.14801693,0
44.85000000913714,1.3319557,1.5860647,0.16608942,0
44.90000000914733,1.3066632,1.6052843,0.17378128,0
44.95000000915751,1.3430799,1.6270298,0.19775307,0
45.0000000091677,1.3503559,1.5934339,0.101062775,0
45.050000009177886,1.3658154,1.6655673,0.111896515,0
45.10000000918807,1.3371747,1.5914994,0.138847,0
45.15000000919826,1.3430374,1.6241794,0.13515401,0
45.20000000920845,1.3577421,1.661228,0.11955607,0
45.25000000921863,1.3212024,1.6063886,0.10515165,0
45.30000000922882,1.3658817,1.6109219,0.08805561,0
45.350000009239004,1.3305188,1.6097589,0.13150859,0
45.40000000924919,1.363739,1.6099228,0.17323315,0
45.45000000925938,1.3255686,1.6015208,0.13280547,0
45.50000000926956,1.3310473,1.6282499,0.112419724,0
45.55000000927975,1.3544704,1.6265641,0.14342535,0
45.600000009289936,1.3269756,1.598825,0.1041373,0
45.65000000930012,1.3634063,1.6170924,0.11401832,0
45.70000000931031,1.3176632,1.6011479,0.08299112,0
45.750000009320495,1.3179154,1.5683764,0.1380893,0
45.80000000933068,1.3580089,1.5795099,0.11666584,0
45.850000009340874,1.3693674,1.6321443,0.12915432,0
45.900000009351054,1.3470966,1.6429673,0.14855075,0
45.95000000936124,1.357403,1.5881052,0.16210532,0
46.00000000937143,1.3471994,1.6192935,0.109120846,0
46.05000000938161,1.3840733,1.5693047,0.17024755,0
46.1000000093918,1.3573827,1.6092088,0.12482047,0
46.150000009401985,1.3311784,1.5789301,0.09798086,0
46.20000000941217,1.321566,1.5847851,0.14708817,0
46.25000000942236,1.3649697,1.6036643,0.10410452,0
46.300000009432544,1.2983443,1.6121991,0.10912502,0
46.35000000944273,1.3237466,1.6034752,0.13982522,0
46.400000009452924,1.3261365,1.5903065,0.12430775,0
46.4500000094631,1.3409765,1.5836345,0.13838983,0
46.50000000947329,1.3117065,1.6090782,0.10969949,0
46.55000000948348,1.3520124,1.6077049,0.1120224,0
46.60000000949366,1.3521935,1.613637,0.14120746,0
46.65000000950385,1.2974467,1.6372918,0.124111295,0
46.700000009514035,1.3179363,1.574434,0.098413706,0
46.75000000952422,1.3651155,1.6048409,0.14036477,0
46.80000000953441,1.3505878,1.5902362,0.12735283,0
46.850000009544594,1.3536096,1.557361,0.122929096,0
46.90000000955478,1.3386356,1.617163,0.10992479,0
46.95000000956497,1.3499212,1.6494352,0.12279332,0
47.00000000957515,1.3449922,1.5805626,0.13392591,0
47.05000000958534,1.3251858,1.6083269,0.1157347,0
47.100000009595526,1.329311,1.6277654,0.12469137,0
47.15000000960571,1.3356829,1.611945,0.102160215,0
47.2000000096159,1.3595839,1.6351522,0.09462297,0
47.25000000962608,1.3122845,1.6059575,0.16048837,0
47.30000000963627,1.337435,1.6044757,0.10760474,0
47.35000000964646,1.3423018,1.5876544,0.08835399,0
47.400000009656644,1.3326954,1.596101,0.13793826,0
47.45000000966683,1.3528467,1.6011667,0.09783697,0
47.50000000967702,1.329145,1.6027734,0.10900974,0
47.5500000096872,1.319032,1.6498802,0.11350107,0
47.60000000969739,1.3569078,1.5840257,0.12087846,0
47.650000009707576,1.3804476,1.5681773,0.11213827,0
47.70000000971776,1.3657804,1.6094403,0.12500024,0
47.75000000972795,1.3249221,1.5855367,0.10887885,0
47.800000009738135,1.3534361,1.610596,0.13164091,0
47.85000000974832,1.3255861,1.5937505,0.13156128,0
47.90000000975851,1.321813,1.5712036,0.14143264,0
47.950000009768694,1.3607527,1.5349854,0.1518718,0
48.00000000977888,1.2843285,1.5922362,0.11118817,0
48.050000009789066,1.3711208,1.6017567,0.16506028,0
48.10000000979925,1.3671627,1.6249943,0.106871605,0
48.15000000980944,1.3605871,1.6381738,0.12734997,0
48.20000000981962,1.3625448,1.6111003,0.17497468,0
48.25000000982981,1.3728963,1.6165886,0.10664344,0
48.30000000984,1.3683344,1.5767627,0.13796759,0
48.350000009850184,1.3112423,1.6909132,0.123337984,0
48.40000000986037,1.3235421,1.6047567,0.13619292,0
48.450000009870564,1.350348,1.5911747,0.104928374,0
48.50000000988074,1.3553132,1.5915315,0.09368348,0
48.55000000989093,1.3349118,1.5908966,0.170784,0
48.60000000990112,1.3039382,1.647902,0.20717788,0
48.6500000099113,1.333848,1.614502,0.16294694,0
48.70000000992149,1.3527629,1.6008104,0.13247633,0
48.75000000993168,1.3563402,1.6162897,0.10673261,0
48.80000000994186,1.278892,1.5939511,0.1631465,0
48.85000000995205,1.3549858,1.6056459,0.15529656,0
48.900000009962234,1.3265688,1.5690826,0.097813725,0
48.95000000997242,1.3556008,1.6122885,0.105950356,0
49.00000000998261,1.3399484,1.5995941,0.16757286,0
49.05000000999279,1.3618727,1.6064333,0.15085733,0
49.10000001000298,1.3472698,1.5984552,0.13122141,0
49.150000010013166,1.3598495,1.6452734,0.1050818,0
49.20000001002335,1.3317268,1.5651095,0.15010786,0
49.25000001003354,1.3328512,1.6398507,0.11435163,0
49.30000001004373,1.3375283,1.6091001,0.15233326,0
49.35000001005391,1.3560944,1.6054989,0.15610218,0
49.4000000100641,1.3121182,1.6133465,0.19053328,0
49.450000010074284,1.3228589,1.6069629,0.13515937,0
49.50000001008447,1.3408273,1.59159,0.18292582,0
49.55000001009466,1.3319879,1.6005971,0.13410425,0
49.60000001010484,1.3100046,1.5903323,0.1079905,0
49.65000001011503,1.3554435,1.5633239,0.121593475,0
49.700000010125216,1.3599019,1.6080723,0.11366296,0
49.7500000101354,1.3436828,1.6510879,0.14801383,0
49.80000001014559,1.3656554,1.5792303,0.16370344,0
49.850000010155775,1.3029225,1.6316568,0.16210794,0
49.90000001016596,1.374926,1.612268,0.13023591,0
49.950000010176154,1.3566535,1.6088688,0.1124388,0
50.000000010186334,1.3231733,1.5800685,0.118615985,0
50.05000001019652,1.3654854,1.6086966,0.16210866,0
50.10000001020671,1.3338138,1.580596,0.15557826,0
50.15000001021689,1.367235,1.6223359,0.13374615,0
50.20000001022708,1.3452326,1.5967443,0.10569298,0
50.250000010237265,1.3425326,1.6136315,0.095989466,0
50.30000001024745,1.3443716,1.6230022,0.119259596,0
50.35000001025764,1.3431686,1.6451921,0.100355744,0
50.400000010267824,1.3719397,1.6386099,0.12913585,0
50.45000001027801,1.3476752,1.6013548,0.114251256,0
50.500000010288204,1.317827,1.5899763,0.11873782,0
50.55000001029838,1.3272319,1.591637,0.13285899,0
50.60000001030857,1.3700507,1.5797849,0.14499128,0
50.65000001031876,1.3609774,1.5712941,0.12859571,0
50.70000001032894,1.3675537,1.5903054,0.156389,0
50.75000001033913,1.3721302,1.6519414,0.13266432,0
50.800000010349315,1.3637128,1.5865408,0.1195209,0
50.8500000103595,1.3632387,1.5747195,0.11962104,0
50.90000001036969,1.3418796,1.5885129,0.13819861,0
50.950000010379874,1.3544366,1.5855855,0.13920486,0
51.00000001039006,1.3390313,1.5996542,0.17775607,0
51.05000001040025,1.3252664,1.6003381,0.10607505,0
51.10000001041043,1.3648782,1.5933726,0.15237546,0
51.15000001042062,1.3316727,1.6245544,0.097231746,0
51.200000010430806,1.358586,1.6474712,0.1434195,0
51.25000001044099,1.362698,1.5839477,0.13302517,0
51.30000001045118,1.370653,1.6012616,0.120040536,0
51.35000001046136,1.3287128,1.5686073,0.1269232,0
51.40000001047155,1.3579516,1.5484548,0.12527144,0
51.45000001048174,1.383358,1.6158962,0.16201198,0
51.500000010491924,1.3583305,1.6043745,0.13688838,0
51.55000001050211,1.3418983,1.5872651,0.1416856,0
51.6000000105123,1.3321007,1.6029956,0.14293528,0
51.65000001052248,1.36479,1.6157258,0.13183475,0
51.70000001053267,1.3479353,1.5907859,0.17851102,0
51.75000001054285,1.3410066,1.609611,0.11656511,0
51.80000001055304,1.2943351,1.5842925,0.17766106,0
51.85000001056323,1.3336964,1.6255869,0.14999771,0
51.900000010573414,1.3633041,1.5881007,0.119734645,0
51.9500000105836,1.3636862,1.5965314,0.095020294,0
52.00000001059379,1.3648617,1.6023595,0.13706839,0
52.05000001060397,1.3593937,1.5904576,0.116114974,0
52.10000001061416,1.356846,1.6193986,0.10474396,0
52.150000010624346,1.3582039,1.6078885,0.10753286,0
52.20000001063453,1.3311062,1.5686871,0.1391058,0
52.25000001064472,1.3332976,1.6236664,0.18243814,0
52.3000000106549,1.3561707,1.6124709,0.15333831,0
52.35000001066509,1.3735973,1.5903418,0.1268158,0
52.40000001067528,1.3836894,1.6156305,0.11964393,0
52.450000010685464,1.3310235,1.5972052,0.13870132,0
52.50000001069565,1.319064,1.6021988,0.11220455,0
52.550000010705844,1.3491032,1.5909677,0.124887824,0
52.60000001071602,1.3213454,1.64956,0.14529908,0
52.65000001072621,1.3540578,1.5856587,0.10953832,0
52.7000000107364,1.3254435,1.6348385,0.115659475,0
52.75000001074658,1.3611162,1.6017649,0.0999558,0
52.80000001075677,1.3662007,1.5622658,0.17642176,0
52.85000001076696,1.357513,1.5833611,0.08784723,0
52.90000001077714,1.3360162,1.6066672,0.20966935,0
52.95000001078733,1.3660166,1.60569,0.12896454,0
53.000000010797514,1.3431578,1.5957882,0.106143594,0
53.0500000108077,1.346251,1.6337175,0.13383925,0
53.10000001081789,1.3530095,1.5755701,0.12251842,0
53.15000001082807,1.3558805,1.5807801,0.10558486,0
53.20000001083826,1.3415849,1.5994166,0.1005857,0
53.250000010848446,1.3435625,1.5865269,0.10093212,0
53.30000001085863,1.362158,1.5878092,0.11246586,0
53.35000001086882,1.3584267,1.613881,0.1651504,0
53.40000001087901,1.3255033,1.595689,0.11453223,0
53.45000001088919,1.344282,1.5713142,0.098308325,0
53.50000001089938,1.3389764,1.613142,0.111982584,0
53.550000010909564,1.3254085,1.6025192,0.14376938,0
53.60000001091975,1.3670278,1.6110582,0.09787774,0
53.650000010929936,1.355583,1.5899732,0.14418828,0
53.70000001094012,1.3181179,1.5892324,0.12999058,0
53.75000001095031,1.3241123,1.6200567,0.124936104,0
53.800000010960495,1.3446026,1.579249,0.10827923,0
53.85000001097068,1.3603859,1.5949397,0.1321696,0
53.90000001098087,1.3525718,1.6068715,0.12537062,0
53.950000010991054,1.333964,1.6697974,0.14629269,0
54.00000001100124,1.3514814,1.5667777,0.1427877,0
54.050000011011434,1.3444114,1.6068434,0.14532042,0
54.10000001102161,1.328633,1.619547,0.101793766,0
54.1500000110318,1.3462293,1.6305687,0.121768475,0
54.20000001104199,1.3526422,1.599963,0.12559628,0
54.25000001105217,1.2969506,1.6324925,0.13823628,0
54.30000001106236,1.3413818,1.6051011,0.12957978,0
54.350000011072545,1.3590422,1.5992044,0.14912665,0
54.40000001108273,1.3254381,1.6045607,0.115834594,0
54.45000001109292,1.3676927,1.5747464,0.13019001,0
54.500000011103104,1.3604766,1.6461139,0.13293338,0
54.55000001111329,1.3238727,1.6022341,0.11372483,0
54.600000011123484,1.3691789,1.5792482,0.14821029,0
54.65000001113366,1.3479649,1.5774454,0.09977734,0
54.70000001114385,1.3238437,1.5913117,0.18500793,0
54.75000001115404,1.3274275,1.6086203,0.16353476,0
54.80000001116422,1.3502052,1.5949075,0.18896496,0
54.85000001117441,1.297766,1.5985227,0.10337877,0
54.900000011184595,1.3491514,1.6070968,0.13461423,0
54.95000001119478,1.3510514,1.619888,0.10347617,0
55.00000001120497,1.3242836,1.5711472,0.13983476,0
55.050000011215154,1.3495761,1.5875814,0.16695917,0
55.10000001122534,1.3335849,1.6115069,0.15861225,0
55.15000001123553,1.3590243,1.5701194,0.099487424,0
55.20000001124571,1.2985013,1.6109159,0.19383013,0
55.2500000112559,1.3145791,1.6290779,0.12239158,0
55.300000011266086,1.321827,1.5969719,0.15112245,0
55.35000001127627,1.346528,1.586666,0.12992477,0
55.40000001128646,1.2974597,1.6126051,0.12524664,0
55.45000001129664,1.3598412,1.6082451,0.088101864,0
55.50000001130683,1.3338785,1.6211032,0.15040398,0
55.55000001131702,1.3472829,1.5802083,0.14165103,0
55.600000011327204,1.3424098,1.5696731,0.12893462,0
55.65000001133739,1.3454497,1.6200995,0.13764524,0
55.700000011347576,1.3381244,1.5985255,0.12327254,0
55.75000001135776,1.3297497,1.6065004,0.13391924,0
55.80000001136795,1.3419365,1.5916353,0.16962707,0
55.85000001137813,1.3346683,1.6037534,0.1095072,0
55.90000001138832,1.3408648,1.5807544,0.14198256,0
55.95000001139851,1.3611357,1.5857972,0.18906903,0
56.000000011408694,1.3546605,1.6463072,0.116963625,0
56.05000001141888,1.3488221,1.5691538,0.101816416,0
56.10000001142907,1.3591672,1.5873307,0.12414992,0
56.15000001143925,1.3392277,1.6058631,0.11154163,0
56.20000001144944,1.3380123,1.5884894,0.1511066,0
56.250000011459626,1.3248931,1.6177226,0.14366138,0
56.30000001146981,1.323172,1.6079515,0.107259035,0
56.35000001148,1.3611875,1.5784789,0.15493917,0
56.40000001149018,1.3262749,1.5709159,0.13475728,0
56.45000001150037,1.3539073,1.6141027,0.12224102,0
56.50000001151056,1.3533976,1.5743791,0.093277216,0
56.550000011520744,1.3358635,1.5890336,0.12598276,0
56.60000001153093,1.2949222,1.6156601,0.08081865,0
56.650000011541124,1.3679495,1.5957222,0.21349847,0
56.7000000115513,1.3238305,1.6152276,0.12601924,0
56.75000001156149,1.3293624,1.6494386,0.18925476,0
56.80000001157168,1.3430836,1.5810692,0.11060977,0
56.85000001158186,1.3640604,1.5808854,0.12193155,0
56.90000001159205,1.3756782,1.6467698,0.1669203,0
56.95000001160224,1.3561454,1.5877599,0.22018266,0
57.00000001161242,1.367307,1.5794268,0.11991453,0
57.05000001162261,1.3472452,1.5856247,0.1363455,0
57.100000011632794,1.3458711,1.6066371,0.14626658,0
57.15000001164298,1.3247365,1.5994991,0.11755252,0
57.20000001165317,1.3349181,1.5887808,0.11575484,0
57.25000001166335,1.316489,1.5653784,0.13861465,0
57.30000001167354,1.2984126,1.6287912,0.12023151,0
57.350000011683726,1.3457835,1.5902467,0.1423111,0
57.40000001169391,1.3616211,1.6082017,0.15174532,0
57.4500000117041,1.311761,1.6010212,0.0851773,0
57.50000001171429,1.290371,1.5934303,0.11104846,0
57.55000001172447,1.3444983,1.5930185,0.11454606,0
57.60000001173466,1.3610159,1.5997529,0.13976765,0
57.650000011744844,1.3307935,1.6165385,0.14008856,0
57.70000001175503,1.361377,1.5950189,0.16514754,0
57.750000011765216,1.3508337,1.6095704,0.1239351,0
57.8000000117754,1.3497518,1.6014931,0.15997231,0
57.85000001178559,1.3236406,1.6158022,0.16745389,0
57.900000011795775,1.3578348,1.607117,0.12356067,0
57.95000001180596,1.3671516,1.6421515,0.11814666,0
58.00000001176521,1.3530947,1.6292781,0.11814773,0
58.0500000115935,1.3585912,1.6178391,0.12325835,0
58.100000011421784,1.3393915,1.6259556,0.15684533,0
58.15000001125007,1.3390882,1.6113744,0.15097594,0
58.20000001107836,1.3657651,1.6045974,0.13766265,0
58.250000010906646,1.3112738,1.6511881,0.12081301,0
58.300000010734934,1.3567975,1.5996714,0.19891298,0
58.35000001056322,1.3241343,1.6070056,0.1810044,0
58.40000001039151,1.3592639,1.5974662,0.0991621,0
58.450000010219796,1.3534975,1.5933607,0.13583231,0
58.50000001004808,1.2673762,1.5880699,0.16869521,0
58.55000000987637,1.3286513,1.6134126,0.15180695,0
58.60000000970466,1.3465416,1.6014661,0.16274607,0
58.650000009532945,1.3141264,1.6007496,0.12317324,0
58.70000000936123,1.3088967,1.6130351,0.1124872,0
58.75000000918952,1.3394773,1.6085218,0.1222378,0
58.80000000901781,1.3351808,1.5968394,0.11044419,0
58.850000008846095,1.3091767,1.5999234,0.12123847,0
58.90000000867438,1.3700634,1.6337354,0.11191738,0
58.95000000850267,1.3279195,1.5760639,0.11564195,0
59.00000000833096,1.3461058,1.5822619,0.17607093,0
59.050000008159245,1.3343139,1.597533,0.12618709,0
59.10000000798753,1.3166704,1.6251285,0.13405943,0
59.15000000781582,1.3193202,1.6121906,0.170573,0
59.20000000764411,1.3109516,1.6313429,0.12826884,0
59.250000007472394,1.3753153,1.5907525,0.16488099,0
59.30000000730068,1.3466095,1.6094363,0.10075617,0
59.35000000712897,1.3652155,1.6069448,0.12262213,0
59.40000000695726,1.3443398,1.5987028,0.13804543,0
59.450000006785544,1.3527691,1.6081574,0.124250054,0
59.50000000661383,1.3414258,1.6072643,0.12994671,0
59.55000000644212,1.3640052,1.5987391,0.15460241,0
59.600000006270406,1.3347275,1.6126578,0.1100533,0
59.65000000609869,1.348418,1.6145831,0.114862084,0
59.70000000592698,1.2821243,1.6370704,0.1513915,0
59.75000000575527,1.2981913,1.5961385,0.10614967,0
59.800000005583556,1.3401818,1.6295791,0.16420937,0
59.85000000541184,1.3496858,1.6194617,0.18475401,0
59.90000000524013,1.3402798,1.6364222,0.17467332,0
59.95000000506842,1.3638678,1.5830553,0.16856658,0
60.000000004896705,1.3651481,1.5964715,0.14159131,0
60.05000000472499,1.3648565,1.6499354,0.13992167,0
60.10000000455328,1.3608046,1.6163552,0.11224663,0
60.15000000438157,1.3579161,1.557677,0.14031863,0
60.200000004209855,1.3493414,1.590169,0.1247499,0
60.25000000403814,1.3570273,1.5930654,0.1695863,0
60.30000000386643,1.3438345,1.5945308,0.122819185,0
60.35000000369472,1.3580444,1.6365825,0.13628078,0
60.400000003523004,1.3544307,1.6207123,0.11752248,0
60.45000000335129,1.3169087,1.6102213,0.1207968,0
60.50000000317958,1.3705058,1.6309156,0.10755932,0
60.55000000300787,1.3662136,1.6409919,0.13791788,0
60.600000002836154,1.3560429,1.5763874,0.14823472,0
60.65000000266444,1.3428652,1.6002231,0.14466214,0
60.70000000249273,1.3580108,1.6425967,0.11581159,0
60.750000002321016,1.3282974,1.600321,0.1756512,0
60.800000002149304,1.3402134,1.5663943,0.15438747,0
60.85000000197759,1.3667231,1.6177645,0.13456368,0
60.90000000180588,1.3350132,1.6227834,0.11576915,0
60.950000001634166,1.2936904,1.5710312,0.19028056,0
61.00000000146245,1.345858,1.6079415,0.13274062,0
61.05000000129074,1.3546146,1.5743731,0.2418611,0
61.10000000111903,1.3528256,1.5996008,0.23845553,0
61.150000000947315,1.3224008,1.6031618,0.0841372,0
61.2000000007756,1.3313606,1.5687203,0.15462554,0
61.25000000060389,1.3448869,1.6027647,0.09903717,0
61.30000000043218,1.3569293,1.5879223,0.17141914,0
61.350000000260465,1.3520926,1.5927614,0.13266182,0
61.40000000008875,1.3463271,1.6422975,0.1246295,0
61.44999999991704,1.3554828,1.5572376,0.14347029,0
61.49999999974533,1.3454133,1.5677359,0.11406958,0
61.549999999573615,1.3474005,1.6140975,0.115890265,0
61.5999999994019,1.3775539,1.5977523,0.14870644,0
61.64999999923019,1.3442137,1.5943944,0.12821567,0
61.69999999905848,1.3230047,1.6072497,0.13979244,0
61.749999998886764,1.3735578,1.5967517,0.094877005,0
61.79999999871505,1.3484671,1.6090744,0.098344445,0
61.84999999854334,1.3365161,1.608978,0.16809678,0
61.89999999837163,1.3487732,1.5853169,0.12993097,0
61.949999998199914,1.3575513,1.5864791,0.12368369,0
61.9999999980282,1.3239982,1.6194756,0.1428783,0
62.04999999785649,1.3487691,1.5724518,0.14130473,0
62.099999997684776,1.3188722,1.6334524,0.12455106,0
62.14999999751306,1.3669287,1.6048087,0.14341664,0
62.19999999734135,1.3062364,1.6215911,0.112109184,0
62.24999999716964,1.3612115,1.5998333,0.13348222,0
62.299999996997926,1.3748461,1.6335326,0.122715235,0
62.34999999682621,1.3650781,1.5948372,0.122133374,0
62.3999999966545,1.300555,1.6522664,0.11358321,0
62.44999999648279,1.3434595,1.6038896,0.1097548,0
62.499999996311075,1.3582469,1.6407102,0.080050945,0
62.54999999613936,1.37944,1.5984468,0.13938785,0
62.59999999596765,1.3485163,1.5678072,0.1524489,0
62.64999999579594,1.3293695,1.5893261,0.17043948,0
62.699999995624225,1.3381305,1.6232457,0.16185856,0
62.74999999545251,1.3277922,1.5976036,0.11817479,0
62.7999999952808,1.3103474,1.5969461,0.104246974,0
62.84999999510909,1.3403091,1.580835,0.12900698,0
62.899999994937374,1.3526998,1.623425,0.12035096,0
62.94999999476566,1.3480258,1.6052394,0.122578144,0
62.99999999459395,1.3489852,1.6217934,0.11871934,0
63.04999999442224,1.3383527,1.612196,0.13043737,0
63.099999994250524,1.3343209,1.5959995,0.11455238,0
63.14999999407881,1.3189952,1.585914,0.12646472,0
63.1999999939071,1.3349934,1.6033041,0.11993885,0
63.249999993735386,1.3658836,1.5979288,0.10211146,0
63.299999993563674,1.3696518,1.6590666,0.12711322,0
63.34999999339196,1.3290797,1.5948857,0.096744776,0
63.39999999322025,1.3710217,1.5987743,0.13776493,0
63.449999993048536,1.3331085,1.6421102,0.14807892,0
63.49999999287682,1.3135237,1.5857369,0.15236568,0
63.54999999270511,1.3130909,1.6319363,0.108380556,0
63.5999999925334,1.3559991,1.6054213,0.14678943,0
63.649999992361685,1.3728621,1.6250325,0.12498951,0
63.69999999218997,1.3570359,1.604181,0.11702633,0
63.74999999201826,1.3207847,1.5933645,0.14386272,0
63.79999999184655,1.3178772,1.5929319,0.14844453,0
63.849999991674835,1.3607044,1.5827793,0.12939942,0
63.89999999150312,1.3476233,1.613499,0.19710875,0
63.94999999133141,1.3649057,1.6216567,0.11832166,0
63.9999999911597,1.3529623,1.599936,0.14217377,0
64.04999999098798,1.355744,1.6294158,0.1235348,0
64.09999999081627,1.3423984,1.6083401,0.12433982,0
64.14999999064456,1.3364699,1.5996447,0.18797028,0
64.19999999047285,1.3537529,1.605847,0.12569928,0
64.24999999030113,1.3448166,1.5907508,0.11536074,0
64.29999999012942,1.3328793,1.6304384,0.11269605,0
64.34999998995771,1.326388,1.603941,0.13304114,0
64.399999989786,1.3379039,1.5784388,0.114875674,0
64.44999998961428,1.357332,1.6188294,0.11567032,0
64.49999998944257,1.3638909,1.6366904,0.15584087,0
64.54999998927086,1.3611124,1.5564752,0.10869086,0
64.59999998909915,1.3434595,1.6063914,0.13679457,0
64.64999998892743,1.3717647,1.6121788,0.115596056,0
64.69999998875572,1.3597937,1.6016645,0.10964692,0
64.74999998858401,1.3341794,1.5605658,0.102380276,0
64.7999999884123,1.3104091,1.5887023,0.16756272,0
64.84999998824058,1.3250142,1.6178305,0.10493803,0
64.89999998806887,1.3395455,1.6054665,0.14957702,0
64.94999998789716,1.2964977,1.5971289,0.08262932,0
64.99999998772545,1.372649,1.6145755,0.090106726,0
65.04999998755373,1.3044666,1.5583092,0.12648904,0
65.09999998738202,1.3324274,1.5663123,0.09592736,0
65.14999998721031,1.3339584,1.5705013,0.15685129,0
65.1999999870386,1.3418365,1.5959351,0.12300205,0
65.24999998686688,1.3558538,1.6096771,0.15489078,0
65.29999998669517,1.3126206,1.6000378,0.081450105,0
65.34999998652346,1.3618494,1.6334832,0.15689039,0
65.39999998635174,1.324622,1.6521027,0.15388358,0
65.44999998618003,1.3610342,1.6332486,0.1430434,0
65.49999998600832,1.3343801,1.6471827,0.09908223,0
65.5499999858366,1.3120757,1.6124557,0.12395656,0
65.5999999856649,1.3229893,1.5999554,0.1685195,0
65.64999998549318,1.3710047,1.5919684,0.10072899,0
65.69999998532147,1.3777738,1.658629,0.12028241,0
65.74999998514976,1.3531239,1.626246,0.083786845,0
65.79999998497804,1.3093103,1.6065898,0.11895931,0
65.84999998480633,1.3326823,1.6200043,0.11625469,0
65.89999998463462,1.3307743,1.6389396,0.1502049,0
65.9499999844629,1.3352873,1.6231091,0.10189247,0
65.9999999842912,1.3534222,1.6063027,0.12133777,0
66.04999998411948,1.359964,1.6199738,0.09865904,0
66.09999998394777,1.3454983,1.5786235,0.14760804,0
66.14999998377606,1.3332195,1.597672,0.17563796,0
66.19999998360434,1.330083,1.630628,0.11049688,0
66.24999998343263,1.3260753,1.575855,0.17894363,0
66.29999998326092,1.350103,1.5920417,0.12046194,0
66.3499999830892,1.3349175,1.6145489,0.110862255,0
66.39999998291749,1.3377814,1.6028566,0.14664054,0
66.44999998274578,1.3630533,1.60438,0.11525619,0
66.49999998257407,1.3094625,1.6318314,0.12148285,0
66.54999998240235,1.3519363,1.610329,0.11244631,0
66.59999998223064,1.3300071,1.6221582,0.14575076,0
66.64999998205893,1.3357,1.6502708,0.113547325,0
66.69999998188722,1.3041852,1.6017245,0.10794425,0
66.7499999817155,1.3387129,1.5669738,0.14085841,0
66.79999998154379,1.3482546,1.5915583,0.12691975,0
66.84999998137208,1.3415403,1.6112863,0.101098776,0
66.89999998120037,1.3655316,1.6193471,0.15356958,0
66.94999998102865,1.3300817,1.6121738,0.17911935,0
66.99999998085694,1.3840531,1.6369567,0.11287868,0
67.04999998068523,1.3516026,1.622633,0.10294199,0
67.09999998051352,1.3501287,1.6146107,0.15115905,0
67.1499999803418,1.3505907,1.602623,0.14821994,0
67.19999998017009,1.3696964,1.5924413,0.09639788,0
67.24999997999838,1.3550243,1.6097782,0.1775682,0
67.29999997982667,1.3536829,1.6067113,0.14438963,0
67.34999997965495,1.3498329,1.5711532,0.1245743,0
67.39999997948324,1.3348224,1.6109062,0.105808854,0
67.44999997931153,1.3556123,1.6099975,0.1893425,0
67.49999997913982,1.3299739,1.5751911,0.15652609,0
67.5499999789681,1.3671006,1.6037061,0.15540755,0
67.59999997879639,1.321655,1.5956317,0.11229658,0
67.64999997862468,1.3345816,1.6220992,0.15027118,0
67.69999997845296,1.3489306,1.6217177,0.13578367,0
67.74999997828125,1.324538,1.5990012,0.11060667,0
67.79999997810954,1.306843,1.6276138,0.13600457,0
67.84999997793783,1.3204019,1.609646,0.12199628,0
67.89999997776611,1.3050355,1.6135429,0.09744489,0
67.9499999775944,1.3204682,1.5988259,0.14257693,0
67.99999997742269,1.3586552,1.572449,0.1265099,0
68.04999997725098,1.3579477,1.5965831,0.12722886,0
68.09999997707926,1.3521224,1.6323782,0.12038708,0
68.14999997690755,1.3631153,1.6048162,0.12168205,0
68.19999997673584,1.3626616,1.618029,0.09566522,0
68.24999997656413,1.3298159,1.5853648,0.12593126,0
68.29999997639241,1.3669552,1.6017348,0.16830063,0
68.3499999762207,1.3153155,1.6072767,0.117516994,0
68.39999997604899,1.3536943,1.6091547,0.12820303,0
68.44999997587728,1.3338543,1.5840795,0.09953773,0
68.49999997570556,1.3591566,1.607681,0.13388932,0
68.54999997553385,1.3431144,1.5822743,0.14600122,0
68.59999997536214,1.3467004,1.6160692,0.1298685,0
68.64999997519043,1.3652099,1.5872205,0.14704335,0
68.69999997501871,1.3177972,1.5888577,0.17968464,0
68.749999974847,1.3634218,1.6289942,0.123918295,0
68.79999997467529,1.3624412,1.6374485,0.19406784,0
68.84999997450358,1.3448155,1.6081958,0.11117363,0
68.89999997433186,1.3571323,1.601386,0.0983119,0
68.94999997416015,1.3028581,1.6184484,0.10569692,0
68.99999997398844,1.3206966,1.6311803,0.12749112,0
69.04999997381672,1.3549368,1.5717659,0.15612674,0
69.09999997364501,1.288275,1.6029252,0.16802979,0
69.1499999734733,1.3098894,1.6206872,0.14046252,0
69.19999997330159,1.3211298,1.5509889,0.12649405,0
69.24999997312987,1.3317591,1.6123261,0.09499419,0
69.29999997295816,1.3239272,1.6553086,0.1358149,0
69.34999997278645,1.3059964,1.6328555,0.15750933,0
69.39999997261474,1.286148,1.5943205,0.1331091,0
69.44999997244302,1.3200178,1.5858423,0.14666545,0
69.49999997227131,1.3544286,1.652055,0.1126765,0
69.5499999720996,1.3501121,1.6005495,0.09932709,0
69.59999997192789,1.3182306,1.5777216,0.14488375,0
69.64999997175617,1.3164763,1.5649731,0.14177442,0
69.69999997158446,1.357596,1.5882136,0.109998465,0
69.74999997141275,1.3539577,1.6261437,0.14375675,0
69.79999997124104,1.3400484,1.6250784,0.112822056,0
69.84999997106932,1.3587548,1.6001148,0.107800126,0
69.89999997089761,1.3405206,1.6011062,0.12519515,0
69.9499999707259,1.3649882,1.6299903,0.116809845,0
69.99999997055419,1.3623235,1.5777355,0.120100975,0
70.04999997038247,1.3518319,1.6272105,0.11403,0
70.09999997021076,1.3277673,1.6205959,0.101174235,0
70.14999997003905,1.320359,1.5920633,0.10183108,0
70.19999996986733,1.3350537,1.6401154,0.14046621,0
70.24999996969562,1.3400985,1.6244608,0.14640951,0
70.29999996952391,1.3509904,1.612526,0.1323278,0
70.3499999693522,1.337126,1.5927663,0.1490097,0
70.39999996918048,1.360831,1.5904725,0.1453315,0
70.44999996900877,1.3586252,1.6526331,0.14917731,0
70.49999996883706,1.3421359,1.5893055,0.0942781,0
70.54999996866535,1.3438427,1.6025954,0.11976576,0
70.59999996849363,1.3709832,1.5906057,0.22969699,0
70.64999996832192,1.3302131,1.5944278,0.1760695,0
70.69999996815021,1.3632053,1.5752139,0.12599814,0
70.7499999679785,1.3490237,1.625248,0.12108803,0
70.79999996780678,1.3484454,1.6289766,0.14815998,0
70.84999996763507,1.3384951,1.6024208,0.08666694,0
70.89999996746336,1.3616056,1.5941006,0.12982225,0
70.94999996729165,1.337577,1.6073823,0.1353221,0
70.99999996711993,1.356789,1.6197021,0.12539172,0
71.04999996694822,1.340749,1.5856016,0.13368154,0
71.09999996677651,1.3168314,1.5949701,0.090399265,0
71.1499999666048,1.3363352,1.5869926,0.15345573,0
71.19999996643308,1.3292341,1.6227847,0.117945194,0
71.24999996626137,1.3256007,1.6071761,0.18118894,0
71.29999996608966,1.3113153,1.5944982,0.13692081,0
71.34999996591795,1.3230815,1.6221803,0.16712165,0
71.39999996574623,1.338991,1.612366,0.10783696,0
71.44999996557452,1.3488438,1.6310861,0.15540433,0
71.49999996540281,1.3342808,1.6406773,0.16736686,0
71.5499999652311,1.349977,1.6131761,0.119724154,0
71.59999996505938,1.3428035,1.5639824,0.08785963,0
71.64999996488767,1.3616956,1.6138389,0.1195631,0
71.69999996471596,1.3538295,1.5931047,0.08285451,0
71.74999996454424,1.3745699,1.6052276,0.10215354,0
71.79999996437253,1.3463206,1.6034758,0.12317097,0
71.84999996420082,1.3759762,1.5867697,0.10264182,0
71.8999999640291,1.3282738,1.5989633,0.08921182,0
71.9499999638574,1.3447362,1.6099018,0.117581844,0
71.99999996368568,1.3104615,1.5883833,0.13979495,0
72.04999996351397,1.3222371,1.6246226,0.19703543,0
72.09999996334226,1.3226444,1.5977026,0.19193196,0
72.14999996317054,1.3173804,1.5995978,0.11305952,0
72.19999996299883,1.3437485,1.5889108,0.13143897,0
72.24999996282712,1.3685682,1.5947669,0.13326716,0
72.2999999626554,1.3687934,1.6230581,0.14113843,0
72.3499999624837,1.3229376,1.6189753,0.14172053,0
72.39999996231198,1.2966559,1.5689565,0.14375031,0
72.44999996214027,1.3489635,1.5978724,0.11428213,0
72.49999996196856,1.3321422,1.6038586,0.17324388,0
72.54999996179684,1.3393488,1.6028833,0.1629566,0
72.59999996162513,1.3081005,1.5684626,0.15841949,0
72.64999996145342,1.3607092,1.5780325,0.11114597,0
72.6999999612817,1.3407054,1.6042601,0.16826487,0
72.74999996110999,1.3001647,1.6223264,0.12625277,0
72.79999996093828,1.3655138,1.6145003,0.12331009,0
72.84999996076657,1.2976186,1.5738966,0.11998677,0
72.89999996059485,1.3375784,1.6017472,0.10257316,0
72.94999996042314,1.3576832,1.5843468,0.13063133,0
72.99999996025143,1.3508536,1.5951884,0.13078761,0
73.04999996007972,1.3588892,1.5871668,0.21308303,0
73.099999959908,1.3457203,1.5996265,0.119514465,0
73.14999995973629,1.3619819,1.6163366,0.14045358,0
73.19999995956458,1.2927364,1.5854083,0.119784,0
73.24999995939287,1.3484929,1.5786455,0.08883119,0
73.29999995922115,1.3344069,1.610596,0.1376772,0
73.34999995904944,1.3685284,1.6008718,0.17589366,0
73.39999995887773,1.3345765,1.6210328,0.09354067,0
73.44999995870602,1.3659971,1.5910373,0.12972987,0
73.4999999585343,1.3190768,1.6064174,0.13361192,0
73.54999995836259,1.3421155,1.6190398,0.14216948,0
73.59999995819088,1.3491799,1.6396612,0.15340424,0
73.64999995801917,1.315939,1.5759897,0.13847876,0
73.69999995784745,1.3364282,1.5766652,0.1204654,0
73.74999995767574,1.3390026,1.6206768,0.16177356,0
73.79999995750403,1.3793938,1.6344864,0.13913858,0
73.84999995733232,1.3835654,1.5901817,0.09865105,0
73.8999999571606,1.3621247,1.587462,0.1232456,0
73.94999995698889,1.3500197,1.5954654,0.15972841,0
73.99999995681718,1.2871145,1.5874755,0.1222018,0
74.04999995664546,1.3432038,1.5775614,0.1357454,0
74.09999995647375,1.3312321,1.5922205,0.17740476,0
74.14999995630204,1.3521053,1.6000626,0.11514032,0
74.19999995613033,1.3155341,1.5888224,0.12367523,0
74.24999995595861,1.3151169,1.619686,0.109087706,0
74.2999999557869,1.3591583,1.5647795,0.10433376,0
74.34999995561519,1.3437754,1.5905118,0.0967083,0
74.39999995544348,1.360734,1.5828937,0.1535598,0
74.44999995527176,1.3663263,1.6463771,0.16396332,0
74.49999995510005,1.3427603,1.5727215,0.15195096,0
74.54999995492834,1.3534821,1.5962456,0.15222347,0
74.59999995475663,1.3658426,1.5993767,0.10350406,0
74.64999995458491,1.3287117,1.6029216,0.11088395,0
74.6999999544132,1.3348234,1.6142952,0.102369666,0
74.74999995424149,1.2995083,1.5854516,0.17285764,0
74.79999995406978,1.3472522,1.6168374,0.10213411,0
74.84999995389806,1.343637,1.6420286,0.12884808,0
74.89999995372635,1.3360152,1.640039,0.17356014,0
74.94999995355464,1.3314809,1.6331363,0.1513853,0
74.99999995338293,1.33587,1.5995611,0.11087537,0
75.04999995321121,1.3151771,1.6148922,0.13886738,0
75.0999999530395,1.3299763,1.6003417,0.10768521,0
75.14999995286779,1.3334101,1.6205858,0.11636412,0
75.19999995269607,1.3815167,1.6207141,0.10147154,0
75.24999995252436,1.3465058,1.6222216,0.11953354,0
75.29999995235265,1.3256557,1.6249275,0.08365166,0
75.34999995218094,1.3468224,1.6150646,0.1540327,0
75.39999995200922,1.3133357,1.6047705,0.095980644,0
75.44999995183751,1.375061,1.5832001,0.16942728,0
75.4999999516658,1.3570852,1.5704983,0.12593961,0
75.54999995149409,1.3458704,1.6219677,0.16586089,0
75.59999995132237,1.3524148,1.6237968,0.11548078,0
75.64999995115066,1.3473549,1.5529554,0.1354177,0
75.69999995097895,1.3608873,1.6021067,0.10514951,0
75.74999995080724,1.3193271,1.587857,0.091590166,0
75.79999995063552,1.3669744,1.6020708,0.17321062,0
75.84999995046381,1.3408623,1.6142883,0.1840185,0
75.8999999502921,1.3545697,1.5921862,0.13913488,0
75.94999995012039,1.3769864,1.5684202,0.16044915,0
75.99999994994867,1.3357298,1.6048398,0.13468862,0
76.04999994977696,1.3435028,1.6111984,0.14148116,0
76.09999994960525,1.3294871,1.565897,0.14324832,0
76.14999994943354,1.349739,1.6148735,0.13262188,0
76.19999994926182,1.3342044,1.6306866,0.118110895,0
76.24999994909011,1.3462951,1.5918136,0.097767115,0
76.2999999489184,1.3543661,1.5844345,0.10270715,0
76.34999994874669,1.3244475,1.638559,0.16014802,0
76.39999994857497,1.3744137,1.6157807,0.117663026,0
76.44999994840326,1.3546686,1.6017545,0.14138687,0
76.49999994823155,1.3406752,1.5621879,0.087371945,0
76.54999994805983,1.3642099,1.5868365,0.12125707,0
76.59999994788812,1.3602605,1.5759747,0.13096595,0
76.64999994771641,1.3308938,1.6431266,0.13380802,0
76.6999999475447,1.3561769,1.5837235,0.18113291,0
76.74999994737298,1.331033,1.6022937,0.15030146,0
76.79999994720127,1.3443017,1.5825642,0.13111258,0
76.84999994702956,1.3607154,1.6076262,0.13483596,0
76.89999994685785,1.3462489,1.6171231,0.103483915,0
76.94999994668613,1.3488083,1.5958955,0.10899854,0
76.99999994651442,1.3358364,1.5629432,0.1441853,0
77.04999994634271,1.289726,1.625153,0.121974826,0
77.099999946171,1.3459641,1.5873088,0.19543326,0
77.14999994599928,1.328634,1.6127135,0.17260408,0
77.19999994582757,1.3287768,1.5970218,0.122769475,0
77.24999994565586,1.3504653,1.5907834,0.15246558,0
77.29999994548415,1.345436,1.576748,0.11497569,0
77.34999994531243,1.349591,1.6088762,0.13106978,0
77.39999994514072,1.3545065,1.5927519,0.10635543,0
77.44999994496901,1.3764207,1.573082,0.14631069,0
77.4999999447973,1.3158941,1.6057012,0.12001419,0
77.54999994462558,1.3201077,1.6084665,0.10990715,0
77.59999994445387,1.3251412,1.5871823,0.14865565,0
77.64999994428216,1.3397603,1.6262777,0.15863717,0
77.69999994411044,1.348479,1.6435163,0.12817168,0
77.74999994393873,1.3587271,1.5707613,0.08326948,0
77.79999994376702,1.340834,1.5907626,0.16535556,0
77.84999994359531,1.3360746,1.6033189,0.12872171,0
77.8999999434236,1.3396155,1.6126477,0.143103,0
77.94999994325188,1.3667717,1.6099896,0.15762877,0
77.99999994308017,1.3500195,1.5737908,0.09972727,0
78.04999994290846,1.3549647,1.5704793,0.110495806,0
78.09999994273674,1.3483729,1.610955,0.12713838,0
78.14999994256503,1.3330185,1.6282867,0.16667712,0
78.19999994239332,1.3609372,1.6038289,0.15354347,0
78.2499999422216,1.357151,1.6084685,0.1156019,0
78.2999999420499,1.3461428,1.6259334,0.11033094,0
78.34999994187818,1.3252877,1.6023433,0.1067785,0
78.39999994170647,1.3318529,1.5888633,0.115333796,0
78.44999994153476,1.2875264,1.6265874,0.081772566,0
78.49999994136304,1.3316329,1.6243589,0.16508055,0
78.54999994119133,1.311927,1.6407773,0.13739812,0
78.59999994101962,1.348625,1.6137015,0.14692867,0
78.6499999408479,1.3345585,1.6117966,0.10933161,0
78.6999999406762,1.344775,1.5874813,0.11868334,0
78.74999994050448,1.3708245,1.562172,0.10996294,0
78.79999994033277,1.347608,1.6008824,0.124626756,0
78.84999994016106,1.330954,1.5814663,0.14242697,0
78.89999993998934,1.3508977,1.5897344,0.14045715,0
78.94999993981763,1.3163195,1.589088,0.12629414,0
78.99999993964592,1.3148187,1.6225631,0.092238426,0
79.0499999394742,1.2984028,1.6343775,0.09947467,0
79.09999993930249,1.3588567,1.5937097,0.123707294,0
79.14999993913078,1.3378975,1.5934886,0.12732315,0
79.19999993895907,1.3540292,1.5982809,0.18275118,0
79.24999993878735,1.3378482,1.6428356,0.12835252,0
79.29999993861564,1.3413423,1.5962933,0.13312995,0
79.34999993844393,1.3490074,1.5657837,0.0720551,0
79.39999993827222,1.3393452,1.589204,0.13056183,0
79.4499999381005,1.3311756,1.6249619,0.13573945,0
79.49999993792879,1.3518543,1.6056652,0.1150763,0
79.54999993775708,1.3452572,1.609854,0.13612938,0
79.59999993758537,1.3462037,1.5671045,0.15592968,0
79.64999993741365,1.3390805,1.5923649,0.12132001,0
79.69999993724194,1.3084748,1.5882497,0.17461371,0
79.74999993707023,1.3402216,1.6087924,0.12335837,0
79.79999993689852,1.3211362,1.6304494,0.088377714,0
79.8499999367268,1.3187275,1.6283257,0.17867923,0
79.89999993655509,1.2579694,1.5927229,0.10631633,0
79.94999993638338,1.2957196,1.6551363,0.106051445,0
79.99999993621167,1.3643183,1.5951486,0.11579788,0
80.04999993603995,1.347673,1.5952479,0.13101566,0
80.09999993586824,1.364907,1.6641921,0.15414095,0
80.14999993569653,1.3388443,1.6223578,0.15488815,0
80.19999993552481,1.3298149,1.6114578,0.12208414,0
80.2499999353531,1.3389747,1.6119336,0.12290645,0
80.29999993518139,1.3521522,1.5997262,0.11057067,0
80.34999993500968,1.3495393,1.6276575,0.15857291,0
80.39999993483796,1.3560551,1.6109043,0.16383123,0
80.44999993466625,1.3455117,1.5718306,0.15022969,0
80.49999993449454,1.3581781,1.6129787,0.15463412,0
80.54999993432283,1.3175943,1.6226329,0.13275218,0
80.59999993415111,1.3495649,1.5913846,0.14720893,0
80.6499999339794,1.3307762,1.5948219,0.13095486,0
80.69999993380769,1.2893202,1.5994539,0.10610604,0
80.74999993363598,1.3747737,1.6234511,0.12254143,0
80.79999993346426,1.3452922,1.5908931,0.109567046,0
80.84999993329255,1.2964888,1.6186938,0.1417234,0
80.89999993312084,1.3550044,1.589687,0.13491786,0
80.94999993294913,1.3327162,1.6601549,0.09632945,0
80.99999993277741,1.3271248,1.607946,0.09919906,0
81.0499999326057,1.3334029,1.572165,0.11602235,0
81.09999993243399,1.3408464,1.6239228,0.11868107,0
81.14999993226228,1.3459069,1.6032315,0.16500473,0
81.19999993209056,1.2688141,1.5838084,0.12742758,0
81.24999993191885,1.321919,1.5862913,0.13751483,0
81.29999993174714,1.3330233,1.5786552,0.12502599,0
81.34999993157543,1.3321489,1.5846803,0.1326561,0
81.39999993140371,1.356688,1.6162782,0.14083838,0
81.449999931232,1.3673692,1.5971047,0.16160488,0
81.49999993106029,1.3616445,1.5872798,0.11631,0
81.54999993088857,1.325933,1.6148807,0.11119342,0
81.59999993071686,1.3669732,1.6038139,0.12380743,0
81.64999993054515,1.3374548,1.593315,0.12905061,0
81.69999993037344,1.2749877,1.6168755,0.12279153,0
81.74999993020172,1.3772959,1.5988553,0.15815651,0
81.79999993003001,1.3753653,1.5832031,0.09469545,0
81.8499999298583,1.3190825,1.5688349,0.09545076,0
81.89999992968659,1.3520414,1.5954958,0.17894721,0
81.94999992951487,1.3674726,1.5993092,0.10405457,0
81.99999992934316,1.3688891,1.609373,0.16814065,0
82.04999992917145,1.3518987,1.6142578,0.13887286,0
82.09999992899974,1.3377042,1.6418029,0.12862241,0
82.14999992882802,1.3456799,1.5993208,0.1377219,0
82.19999992865631,1.3451633,1.6204903,0.13091397,0
82.2499999284846,1.3443924,1.6351697,0.15232205,0
82.29999992831289,1.3299963,1.6185551,0.14583945,0
82.34999992814117,1.3363631,1.5879309,0.18494296,0
82.39999992796946,1.339208,1.6444923,0.120741606,0
82.44999992779775,1.3558881,1.6406317,0.12145889,0
82.49999992762604,1.3620074,1.5839957,0.120388746,0
82.54999992745432,1.3304884,1.604248,0.17014742,0
82.5999999272826,1.3183529,1.6492338,0.111974955,0
82.6499999271109,1.3485683,1.5960064,0.14221227,0
82.69999992693919,1.3101889,1.6275213,0.116494894,0
82.74999992676749,1.3289297,1.624191,0.17879248,0
82.79999992659576,1.3507991,1.5761018,0.13420534,0
82.84999992642405,1.3572681,1.5906675,0.15996039,0
82.89999992625232,1.3580729,1.6046418,0.16527247,0
82.94999992608062,1.2944597,1.6503369,0.12453961,0
82.99999992590892,1.3523445,1.6312816,0.10005665,0
83.0499999257372,1.3460361,1.5828028,0.1499958,0
83.09999992556548,1.3571827,1.5886679,0.13186562,0
83.14999992539376,1.3518097,1.6244378,0.09357345,0
83.19999992522206,1.349039,1.6135643,0.11078942,0
83.24999992505036,1.3666575,1.6526736,0.19497931,0
83.29999992487865,1.354127,1.5768684,0.13598335,0
83.34999992470692,1.3281904,1.5787817,0.07823217,0
83.3999999245352,1.3389391,1.5912058,0.11655903,0
83.44999992436348,1.3402742,1.6261207,0.15515089,0
83.49999992419178,1.3590922,1.6174371,0.21485078,0
83.54999992402009,1.3553339,1.6254787,0.14492416,0
83.59999992384836,1.3728819,1.5982856,0.20590806,0
83.64999992367665,1.3581108,1.6427308,0.13965678,0
83.69999992350492,1.317064,1.6043904,0.14456356,0
83.74999992333322,1.3385667,1.5897845,0.16366911,0
83.79999992316152,1.35574,1.5814023,0.1329149,0
83.8499999229898,1.3690518,1.6053696,0.097598314,0
83.89999992281808,1.3324282,1.5724784,0.12929535,0
83.94999992264636,1.3552274,1.6053926,0.16219568,0
83.99999992247466,1.3576353,1.5962303,0.16840649,0
84.04999992230294,1.3028048,1.6343194,0.12444413,0
84.09999992213125,1.3579669,1.6029601,0.08793056,0
84.14999992195952,1.3375448,1.6563164,0.11517966,0
84.1999999217878,1.3409874,1.6157241,0.098407626,0
84.24999992161608,1.354984,1.6022544,0.104528666,0
84.29999992144438,1.3347156,1.5951103,0.09667134,0
84.34999992127268,1.3644737,1.6314143,0.13283634,0
84.39999992110096,1.3254313,1.6261499,0.12888849,0
84.44999992092924,1.3092904,1.5614579,0.1373285,0
84.49999992075752,1.3307923,1.633982,0.14088547,0
84.54999992058582,1.3611288,1.6100113,0.13144541,0
84.59999992041412,1.3456725,1.5829136,0.1541003,0
84.64999992024241,1.3344018,1.5508229,0.16456032,0
84.69999992007068,1.3700043,1.6244376,0.15981126,0
84.74999991989897,1.3614926,1.6157627,0.14349222,0
84.79999991972726,1.3819164,1.5905759,0.13595736,0
84.84999991955554,1.3650496,1.6130028,0.07939339,0
84.89999991938384,1.2997372,1.6127968,0.111423254,0
84.94999991921212,1.3637005,1.5788307,0.11918378,0
84.9999999190404,1.346743,1.5949267,0.131567,0
85.04999991886868,1.356344,1.6108267,0.16646767,0
85.09999991869698,1.3356407,1.6399245,0.11411941,0
85.14999991852527,1.3380486,1.5981865,0.115056634,0
85.19999991835356,1.3606209,1.5963001,0.12579107,0
85.24999991818184,1.3729475,1.5986468,0.13474321,0
85.29999991801012,1.354161,1.5793529,0.19739962,0
85.34999991783842,1.3368934,1.6045617,0.17749262,0
85.3999999176667,1.3416208,1.6206409,0.17914689,0
85.449999917495,1.3674985,1.6164865,0.21031713,0
85.49999991732328,1.3409324,1.5572208,0.09886205,0
85.54999991715157,1.3573288,1.6034057,0.10341847,0
85.59999991697985,1.3813035,1.6113585,0.10278845,0
85.64999991680814,1.3480506,1.6256593,0.15177643,0
85.69999991663644,1.3361492,1.6229646,0.1613599,0
85.74999991646472,1.3368077,1.6109096,0.15856075,0
85.799999916293,1.2852101,1.6078788,0.103966,0
85.84999991612128,1.3643315,1.5927684,0.19284427,0
85.89999991594958,1.3400474,1.6045346,0.16120005,0
85.94999991577787,1.3555962,1.6111343,0.1073755,0
85.99999991560617,1.3267815,1.6444278,0.12002349,0
86.04999991543444,1.3487222,1.5818905,0.11346853,0
86.09999991526273,1.3164082,1.606794,0.13085663,0
86.149999915091,1.365289,1.5634365,0.12549162,0
86.1999999149193,1.3477497,1.6042274,0.111286044,0
86.2499999147476,1.3445523,1.5948707,0.16027033,0
86.29999991457588,1.364816,1.6092794,0.12358165,0
86.34999991440417,1.3659275,1.6329763,0.083162665,0
86.39999991423244,1.3565867,1.5902137,0.12987208,0
86.44999991406074,1.3421724,1.6192335,0.17843175,0
86.49999991388904,1.2994068,1.5596138,0.16480136,0
86.54999991371731,1.3480042,1.6051981,0.17813492,0
86.5999999135456,1.370598,1.5943736,0.142385,0
86.64999991337388,1.3360343,1.604631,0.092562914,0
86.69999991320218,1.3445948,1.5819218,0.16438186,0
86.74999991303046,1.3140768,1.6513277,0.12359071,0
86.79999991285877,1.3404309,1.6108093,0.10174394,0
86.84999991268704,1.3216363,1.5925753,0.1397667,0
86.89999991251533,1.3488204,1.6280495,0.12848723,0
86.9499999123436,1.3521378,1.5749174,0.15595269,0
86.9999999121719,1.303469,1.5942223,0.1380459,0
87.0499999120002,1.3296397,1.5982736,0.13054907,0
87.09999991182848,1.3357061,1.570965,0.14842868,0
87.14999991165676,1.3056233,1.5815549,0.12766588,0
87.19999991148504,1.3331707,1.607465,0.124711394,0
87.24999991131334,1.3486199,1.6240166,0.16551971,0
87.29999991114163,1.332016,1.6054378,0.093253374,0
87.34999991096993,1.357932,1.5915667,0.13904989,0
87.3999999107982,1.3378122,1.5843871,0.13160229,0
87.44999991062649,1.2982056,1.5828079,0.13776529,0
87.49999991045476,1.3381541,1.6370095,0.13393545,0
87.54999991028306,1.3592209,1.5897808,0.09093845,0
87.59999991011136,1.3445257,1.6242924,0.12583518,0
87.64999990993964,1.3396881,1.6021603,0.11693072,0
87.69999990976793,1.3453723,1.654324,0.14114356,0
87.7499999095962,1.3322114,1.5972474,0.13858736,0
87.7999999094245,1.3349968,1.6276623,0.11310482,0
87.8499999092528,1.3472499,1.605849,0.17148447,0
87.89999990908107,1.3559784,1.6148591,0.09313738,0
87.94999990890936,1.3230348,1.5887935,0.12592697,0
87.99999990873764,1.3213497,1.5978942,0.11004472,0
88.04999990856594,1.3441389,1.6479073,0.16177249,0
88.09999990839422,1.3379915,1.5787269,0.11824083,0
88.14999990822253,1.3263713,1.5811989,0.109148264,0
88.1999999080508,1.3113775,1.5880666,0.08866274,0
88.24999990787909,1.3229294,1.6012846,0.1519463,0
88.29999990770736,1.3481312,1.6332932,0.1302191,0
88.34999990753566,1.3539554,1.6015866,0.09884882,0
88.39999990736396,1.3576939,1.6348014,0.13970685,0
88.44999990719224,1.338488,1.6107548,0.1262784,0
88.49999990702052,1.3539712,1.6062942,0.13258576,0
88.5499999068488,1.3387916,1.647337,0.116336346,0
88.5999999066771,1.3422042,1.6196702,0.1165961,0
88.64999990650539,1.3436365,1.5995167,0.11423969,0
88.69999990633369,1.3330616,1.6254575,0.14295721,0
88.74999990616196,1.324393,1.661598,0.11261988,0
88.79999990599025,1.3376443,1.6733668,0.10999501,0
88.84999990581852,1.3391197,1.630959,0.11492193,0
88.89999990564682,1.3316524,1.5885627,0.13153243,0
88.94999990547512,1.3432115,1.6108565,0.10277343,0
88.9999999053034,1.3582706,1.6286558,0.12469745,0
89.04999990513168,1.3574551,1.6083659,0.0913167,0
89.09999990495996,1.3034008,1.5758466,0.1263653,0
89.14999990478826,1.3599705,1.5853608,0.12365103,0
89.19999990461656,1.3058975,1.5943196,0.13147354,0
89.24999990444483,1.3506459,1.5877955,0.14276385,0
89.29999990427312,1.3514836,1.6170993,0.114025235,0
89.3499999041014,1.3600581,1.6130378,0.15256798,0
89.3999999039297,1.3496773,1.5902978,0.12391603,0
89.44999990375798,1.3171257,1.5989954,0.12231231,0
89.49999990358629,1.325402,1.6462698,0.16401172,0
89.54999990341456,1.351543,1.597783,0.15570045,0
89.59999990324285,1.3271301,1.5689176,0.14743614,0
89.64999990307112,1.3521372,1.595206,0.15845716,0
89.69999990289942,1.336766,1.6014855,0.10446644,0
89.74999990272772,1.3061812,1.5966505,0.17943859,0
89.799999902556,1.310054,1.586478,0.12419438,0
89.84999990238428,1.3188506,1.6376035,0.11967325,0
89.89999990221256,1.3550067,1.6129751,0.12733293,0
89.94999990204086,1.3505263,1.5952002,0.1656394,0
89.99999990186915,1.3385808,1.6079897,0.17402089,0
90.04999990169745,1.3568397,1.6029887,0.17651343,0
90.09999990152572,1.3553405,1.5966104,0.11617482,0
90.14999990135401,1.3451983,1.6081889,0.18816948,0
90.19999990118228,1.3448689,1.6080709,0.1037662,0
90.24999990101058,1.3368345,1.6073002,0.17851055,0
90.29999990083888,1.3501269,1.6397514,0.15358996,0
90.34999990066716,1.3486638,1.5832267,0.07973528,0
90.39999990049544,1.3339655,1.6038301,0.12911296,0
90.44999990032372,1.347923,1.5763447,0.1545248,0
90.49999990015202,1.3351693,1.6350168,0.12264657,0
90.54999989998032,1.358692,1.607333,0.14821386,0
90.5999998998086,1.345957,1.572108,0.11923432,0
90.64999989963688,1.3084298,1.5802116,0.09061003,0
90.69999989946515,1.3609606,1.6039774,0.1467768,0
90.74999989929346,1.3569998,1.621639,0.09289026,0
90.79999989912174,1.3064891,1.5910089,0.09120393,0
90.84999989895005,1.3150847,1.5870093,0.17304051,0
90.89999989877832,1.3569853,1.5932217,0.11103022,0
90.9499998986066,1.3447856,1.6145021,0.113575816,0
90.99999989843488,1.3290411,1.6351583,0.16578412,0
91.04999989826318,1.323791,1.5879108,0.11315882,0
91.09999989809147,1.2874248,1.6300911,0.11691058,0
91.14999989791976,1.319171,1.6632642,0.14494824,0
91.19999989774804,1.348527,1.5917683,0.16818285,0
91.24999989757632,1.3058151,1.6095369,0.1868633,0
91.29999989740462,1.3592016,1.5921896,0.11759031,0
91.3499998972329,1.3786073,1.615391,0.1183939,0
91.3999998970612,1.3100432,1.619346,0.1512543,0
91.44999989688948,1.3636464,1.5833468,0.1256783,0
91.49999989671777,1.3234167,1.6116664,0.14580595,0
91.54999989654605,1.3091015,1.6457725,0.15436232,0
91.59999989637434,1.3375329,1.5967839,0.13153148,0
91.64999989620264,1.3521875,1.5940427,0.15724063,0
91.69999989603092,1.3309609,1.5846323,0.1040802,0
91.7499998958592,1.3341218,1.594178,0.121528625,0
91.79999989568748,1.3198684,1.6358609,0.13278687,0
91.84999989551578,1.3330448,1.6080271,0.12221062,0
91.89999989534407,1.3095127,1.6465138,0.13860011,0
91.94999989517235,1.3470055,1.6169201,0.13163257,0
91.99999989500064,1.348691,1.5890195,0.16326988,0
92.04999989482891,1.3406832,1.602644,0.11588156,0
92.09999989465722,1.34014,1.6085699,0.14020014,0
92.1499998944855,1.3385642,1.593477,0.09668827,0
92.1999998943138,1.3322269,1.5709912,0.13137317,0
92.24999989414208,1.2645375,1.5831553,0.10337818,0
92.29999989397037,1.3747814,1.5582453,0.13815343,0
92.34999989379864,1.3268023,1.5803936,0.13240325,0
92.39999989362694,1.335048,1.5821291,0.10932946,0
92.44999989345524,1.3311377,1.6133916,0.115475655,0
92.49999989328352,1.3493503,1.6223806,0.13526058,0
92.5499998931118,1.3132812,1.620753,0.14061034,0
92.59999989294008,1.3626606,1.5979921,0.18845534,0
92.64999989276838,1.3504791,1.598531,0.132501,0
92.69999989259667,1.3450505,1.5810604,0.09723067,0
92.74999989242497,1.3416069,1.5860945,0.11506605,0
92.79999989225324,1.3752168,1.6377344,0.08191931,0
92.84999989208153,1.3150573,1.5965333,0.14645159,0
92.8999998919098,1.3507872,1.5861104,0.14091253,0
92.9499998917381,1.3189971,1.5785981,0.1498369,0
92.9999998915664,1.3330433,1.6725744,0.14021492,0
93.04999989139468,1.3701773,1.5888135,0.11002374,0
93.09999989122296,1.3228427,1.6093689,0.16793787,0
93.14999989105124,1.3192719,1.5688525,0.1625464,0
93.19999989087954,1.3415129,1.6452498,0.1222589,0
93.24999989070784,1.3452464,1.5717028,0.08501172,0
93.29999989053613,1.3411392,1.5468831,0.10680711,0
93.3499998903644,1.3412131,1.6234152,0.14956748,0
93.39999989019267,1.3671445,1.6055988,0.11095476,0
93.44999989002096,1.3550712,1.6024625,0.15329981,0
93.49999988984926,1.357686,1.57427,0.10922718,0
93.54999988967757,1.349497,1.6054342,0.11656892,0
93.59999988950584,1.3083,1.5871184,0.109090924,0
93.64999988933413,1.349637,1.6172299,0.13820148,0
93.6999998891624,1.3784009,1.6120805,0.17211759,0
93.7499998889907,1.3735999,1.6055729,0.11196208,0
93.799999888819,1.3689127,1.5826858,0.09628475,0
93.84999988864728,1.3624746,1.625354,0.16801023,0
93.89999988847556,1.3168074,1.6293063,0.15466082,0
93.94999988830384,1.3757775,1.6091526,0.1726861,0
93.99999988813214,1.3471371,1.6348636,0.15695918,0
94.04999988796042,1.3614081,1.5732615,0.1759007,0
94.09999988778873,1.3726686,1.6527317,0.15879512,0
94.149999887617,1.3712705,1.613334,0.0774914,0
94.19999988744529,1.3337445,1.6159214,0.109344125,0
94.24999988727356,1.3258319,1.590712,0.09629035,0
94.29999988710186,1.3288646,1.6538464,0.1138854,0
94.34999988693016,1.3560498,1.6008805,0.121937156,0
94.39999988675844,1.331551,1.5892777,0.12420273,0
94.44999988658672,1.3449043,1.5887814,0.12066412,0
94.499999886415,1.3462185,1.6383569,0.13528287,0
94.5499998862433,1.3688983,1.6151097,0.17852223,0
94.5999998860716,1.3493718,1.615576,0.1775235,0
94.64999988589989,1.3719323,1.6051139,0.11987233,0
94.69999988572816,1.3590552,1.6278065,0.11771464,0
94.74999988555643,1.3360585,1.6591632,0.15608919,0
94.79999988538472,1.305829,1.6035603,0.13672376,0
94.84999988521302,1.3426502,1.6202539,0.12713826,0
94.89999988504132,1.3554583,1.6194509,0.15303838,0
94.9499998848696,1.3316296,1.6081629,0.14990425,0
94.99999988469789,1.3378828,1.620054,0.16785967,0
95.04999988452616,1.2851073,1.6255395,0.16445231,0
95.09999988435446,1.3598313,1.6117209,0.13630939,0
95.14999988418276,1.3365815,1.5845865,0.12696004,0
95.19999988401104,1.3644159,1.6316086,0.16853046,0
95.24999988383932,1.3736281,1.6113014,0.11244941,0
95.2999998836676,1.3607769,1.6112052,0.12922299,0
95.3499998834959,1.2977946,1.6102443,0.113203526,0
95.39999988332418,1.3498697,1.5935328,0.11853194,0
95.44999988315249,1.3461424,1.6460699,0.16005135,0
95.49999988298076,1.3446897,1.5742797,0.14904928,0
95.54999988280905,1.3538835,1.6220964,0.23168385,0
95.59999988263732,1.3302029,1.6431099,0.14995205,0
95.64999988246562,1.3449323,1.6007931,0.10418177,0
95.69999988229392,1.322624,1.6129737,0.13628542,0
95.7499998821222,1.3385828,1.5913266,0.10897827,0
95.79999988195048,1.3338357,1.5920128,0.117259026,0
95.84999988177876,1.3491888,1.6077981,0.1055783,0
95.89999988160706,1.285606,1.6056075,0.11375821,0
95.94999988143535,1.3674438,1.5952237,0.1116519,0
95.99999988126365,1.3340343,1.5706701,0.10878849,0
96.04999988109192,1.357573,1.633465,0.11989701,0
96.09999988092021,1.3586302,1.5914978,0.14170516,0
96.14999988074848,1.3518924,1.6260164,0.17919827,0
96.19999988057678,1.3056647,1.5789002,0.15656376,0
96.24999988040508,1.3608127,1.5898954,0.11271894,0
96.29999988023336,1.3690379,1.5928365,0.17487836,0
96.34999988006165,1.3361083,1.6061041,0.13513434,0
96.39999987988992,1.3377966,1.6025879,0.09536123,0
96.44999987971822,1.3508441,1.6316905,0.12518549,0
96.49999987954652,1.3229296,1.6000926,0.1882664,0
96.5499998793748,1.3236833,1.5671358,0.13002253,0
96.59999987920308,1.3568954,1.6316342,0.1368804,0
96.64999987903136,1.3461512,1.6241751,0.14462936,0
96.69999987885966,1.3445244,1.610879,0.103501916,0
96.74999987868794,1.3387787,1.5869803,0.13604546,0
96.79999987851625,1.3678052,1.5852469,0.14889026,0
96.84999987834452,1.3556492,1.6189176,0.10573709,0
96.8999998781728,1.3444643,1.6180155,0.17909741,0
96.94999987800108,1.3541831,1.6239555,0.16942573,0
96.99999987782938,1.2963872,1.6377176,0.14668465,0
97.04999987765768,1.3640752,1.5892862,0.1319387,0
97.09999987748596,1.3437653,1.5734838,0.16421914,0
97.14999987731424,1.3301487,1.5861335,0.11017561,0
97.19999987714252,1.3565688,1.6714697,0.16802728,0
97.24999987697082,1.3090979,1.6194457,0.13728595,0
97.2999998767991,1.3176844,1.6317737,0.117643714,0
97.34999987662741,1.3256966,1.604487,0.13097501,0
97.39999987645568,1.3621527,1.6169322,0.14652848,0
97.44999987628397,1.3519497,1.6164409,0.11580801,0
97.49999987611226,1.3660202,1.5942011,0.1490885,0
97.54999987594054,1.3210117,1.6084747,0.116152406,0
97.59999987576884,1.3257732,1.6480498,0.100343466,0
97.64999987559712,1.3535231,1.61215,0.17854011,0
97.6999998754254,1.3271751,1.6535343,0.1578486,0
97.74999987525368,1.3282365,1.6031892,0.14104187,0
97.79999987508198,1.362207,1.5769576,0.16580462,0
97.84999987491027,1.3378987,1.5794884,0.1510446,0
97.89999987473855,1.3555382,1.5605595,0.15089726,0
97.94999987456684,1.3428427,1.5998389,0.12874353,0
97.99999987439512,1.334082,1.5874563,0.10904968,0
98.04999987422342,1.3218235,1.5989895,0.15504873,0
98.0999998740517,1.3590117,1.6518615,0.11241627,0
98.14999987388,1.3379142,1.6036111,0.09085512,0
98.19999987370828,1.3462384,1.5898476,0.16458035,0
98.24999987353657,1.3189601,1.6265867,0.13104558,0
98.29999987336485,1.3330617,1.5963961,0.19949543,0
98.34999987319314,1.3506424,1.6022394,0.106398225,0
98.39999987302144,1.3618649,1.581275,0.16598082,0
98.44999987284972,1.3583944,1.6157008,0.10854936,0
98.499999872678,1.3487226,1.6127853,0.12291491,0
98.54999987250628,1.3438935,1.6046579,0.1249634,0
98.59999987233458,1.3435247,1.6209816,0.1849556,0
98.64999987216287,1.3608266,1.6203969,0.1376431,0
98.69999987199117,1.3282633,1.6550941,0.12600398,0
98.74999987181944,1.320071,1.6033708,0.13240099,0
98.79999987164773,1.3389864,1.5943549,0.15771139,0
98.849999871476,1.3732828,1.5943985,0.094115496,0
98.8999998713043,1.3606899,1.5963731,0.13009071,0
98.9499998711326,1.3295808,1.5704145,0.17290175,0
98.99999987096088,1.3326024,1.622333,0.12640882,0
99.04999987078916,1.2994481,1.6387928,0.097830534,0
99.09999987061744,1.3157922,1.6126313,0.13589847,0
99.14999987044574,1.356877,1.6403753,0.13400817,0
99.19999987027404,1.3128316,1.5837114,0.120776296,0
99.24999987010231,1.3719234,1.5891345,0.12591362,0
99.2999998699306,1.3572176,1.6131376,0.11669099,0
99.34999986975888,1.3215604,1.6159825,0.18587637,0
99.39999986958718,1.3124536,1.6072383,0.16731405,0
99.44999986941546,1.345529,1.5959984,0.104445696,0
99.49999986924377,1.3533175,1.6303649,0.09867525,0
99.54999986907204,1.362731,1.5687022,0.13320637,0
99.59999986890033,1.3441668,1.6109252,0.10163355,0
99.6499998687286,1.3621638,1.6056361,0.14846468,0
99.6999998685569,1.353525,1.5988435,0.12222922,0
99.7499998683852,1.345513,1.5765024,0.12921858,0
99.79999986821348,1.3357891,1.5894926,0.13099718,0
99.84999986804176,1.325822,1.5833697,0.13575828,0
99.89999986787004,1.3535093,1.656232,0.15315795,0
99.94999986769834,1.293582,1.6108842,0.13230705,0
