time_ns,protein_core_rmsd_A,backbone_rmsd_A,ligand_pose_rmsd_A,ligand_internal_rmsd_A
0.0,0.0,0.0,0.0,0.0
0.05000000001018634,0.5588568,0.7813194,0.6155043,0.373984
0.10000000002037268,0.5537333,0.7530687,0.5812283,0.18358839
0.15000000003055902,0.58339083,0.82919073,0.51091343,0.30273438
0.20000000004074536,0.5731408,0.8338696,0.43991137,0.33601916
0.2500000000509317,0.6096414,0.9293865,0.50350904,0.2313696
0.30000000006111804,0.62733006,0.9362273,0.72502995,0.3623696
0.3500000000713044,0.55980694,0.8200837,0.42771345,0.27399945
0.4000000000814907,0.5208198,0.90687364,0.6355005,0.43124545
0.45000000009167707,0.56467927,0.9511712,0.4314719,0.20708592
0.5000000001018634,0.62173736,1.0203635,0.47784004,0.24809054
0.5500000001120497,0.593242,1.0702704,0.44020352,0.23394145
0.6000000001222361,0.6504675,1.0675126,0.53527755,0.26515532
0.6500000001324215,0.63549393,1.0477949,0.60583234,0.3146534
0.7000000001426079,0.6696069,1.0268925,0.41436064,0.24807192
0.7500000001527942,0.627895,1.0716527,0.47184318,0.33876374
0.8000000001629806,0.63306487,1.0636092,0.35673863,0.23546192
0.8500000001731669,0.7166171,1.0825942,0.77142113,0.3198654
0.9000000001833532,0.6760359,1.1401455,0.59242094,0.34446862
0.9500000001935396,0.6504104,1.0709934,0.5638765,0.2394008
1.000000000203726,0.67103314,1.0356997,0.7956838,0.35285085
1.0500000002139123,0.61974996,1.0785496,0.6998051,0.46023268
1.1000000002240986,0.64929783,1.1290907,0.7364685,0.4066271
1.150000000234285,0.6850183,1.111153,0.6066273,0.3768847
1.2000000002444713,0.76046884,1.1411037,0.81391865,0.3184581
1.2500000002546576,0.7438311,1.1211625,0.5010896,0.2770754
1.300000000264844,0.703241,1.1083724,0.50251085,0.31093574
1.3500000002750303,0.701689,1.0612906,0.34639275,0.25498834
1.4000000002852167,0.76797163,1.1418236,0.76303613,0.24805331
1.450000000295403,0.68858624,1.0539135,0.5024011,0.28441715
1.5000000003055893,0.77409875,1.0760975,0.6480509,0.26538724
1.5500000003157757,0.80705273,1.206468,0.6878761,0.34124288
1.600000000325962,0.80384433,1.1883488,0.68506604,0.22204721
1.6500000003361501,0.889114,1.3079803,0.57218707,0.25308707
1.700000000346333,0.9300147,1.5001351,0.7169617,0.3155955
1.750000000356521,0.87436026,1.487609,0.67882633,0.34975082
1.8000000003667074,0.7391792,1.3094165,0.56105655,0.29546773
1.8500000003768937,0.85661656,1.4107552,0.8054731,0.3184871
1.90000000038708,0.8455777,1.482084,0.5256146,0.22963457
1.9500000003972664,0.86421394,1.4558257,0.4663156,0.28556138
2.0000000004074545,0.8295241,1.4349735,1.0079873,0.32131916
2.0500000004176373,0.8947294,1.5458679,0.84683746,0.20069602
2.1000000004278254,0.7870177,1.4163226,0.9103933,0.2567138
2.1500000004380118,0.8404912,1.6093534,0.8260708,0.21231589
2.200000000448198,0.8038831,1.4638557,0.8115233,0.2677588
2.250000000458386,0.87939334,1.5016675,1.0294281,0.35836583
2.300000000468569,0.8078307,1.4267657,1.0051925,0.27060452
2.350000000478757,0.8838895,1.5564737,0.6685442,0.20259544
2.4000000004889435,0.7842232,1.5301337,0.727826,0.21283686
2.45000000049913,0.7463222,1.4403744,0.568962,0.26545098
2.500000000509316,0.8040272,1.5212727,0.7313974,0.24135253
2.5500000005195025,0.78504866,1.4849721,0.85618764,0.32122344
2.6000000005296906,0.79352474,1.4729731,0.7484314,0.25399104
2.6500000005398734,0.8331147,1.4301497,0.64756936,0.25018966
2.7000000005500615,0.7752938,1.3888059,0.9120253,0.286862
2.750000000560248,0.7697449,1.4725822,0.62234604,0.19498146
2.800000000570434,0.7170601,1.4084282,0.43600154,0.18379772
2.8500000005806223,0.73893094,1.452418,0.5410472,0.23860922
2.900000000590805,0.8841255,1.4574227,0.8031086,0.23902142
2.950000000600993,0.8927839,1.3523936,0.8525849,0.23997837
3.0000000006111796,0.8926333,1.4812125,0.69632435,0.22723065
3.050000000621366,0.8301469,1.3838289,0.693956,0.2406888
3.1000000006315522,0.8260476,1.3881621,0.78625286,0.31598514
3.1500000006417386,0.79246974,1.4777209,0.603398,0.20573711
3.200000000651925,0.8647864,1.4688511,0.89256716,0.32159194
3.2500000006621113,0.84716743,1.4567239,0.7145837,0.28565294
3.3000000006722976,0.9561098,1.4177657,0.7207235,0.2990743
3.350000000682484,0.88744575,1.3979728,0.7697937,0.19916502
3.4000000006926703,0.88298357,1.3958324,0.52889425,0.30188975
3.4500000007028584,0.85296786,1.4419584,0.92269135,0.36130255
3.500000000713041,0.9065601,1.55537,0.96429354,0.32715434
3.5500000007232293,0.82766664,1.4121258,0.9565825,0.30216986
3.6000000007334156,0.8233768,1.4607248,0.6203745,0.31094563
3.650000000743602,0.85547453,1.5114079,0.9098424,0.2594613
3.70000000075379,0.8349881,1.5312119,0.5281705,0.2203365
3.750000000763973,0.8672148,1.4333324,0.6809967,0.25872517
3.800000000774161,0.8081666,1.5368853,0.77483904,0.29441428
3.8500000007843473,0.8413265,1.4649974,0.6227532,0.22995588
3.9000000007945337,0.8563883,1.5644395,0.6955922,0.32363737
3.95000000080472,0.85919684,1.4590559,0.915735,0.3424039
4.000000000814906,0.8868276,1.4959757,0.6130847,0.26649198
4.0500000008250945,0.8379812,1.4413418,0.6664502,0.21350792
4.100000000835277,0.8843505,1.5238242,0.8345822,0.19908777
4.150000000845465,0.8741187,1.603455,0.6018381,0.43280137
4.200000000855652,0.8373528,1.5209268,0.64631164,0.31316382
4.250000000865838,0.82845634,1.5811563,0.5971814,0.2706443
4.300000000876026,0.75486314,1.4547092,0.6355488,0.24012578
4.350000000886209,0.7746496,1.4253232,0.7012286,0.2642546
4.400000000896397,0.78168225,1.5148504,0.694083,0.31521022
4.450000000906583,0.7681256,1.446442,0.3873598,0.21905525
4.50000000091677,0.8544088,1.4283831,0.82181424,0.26596043
4.550000000926956,0.84814996,1.4201142,0.6824774,0.2455604
4.6000000009371425,0.82291234,1.4843793,0.8033539,0.27164274
4.650000000947331,0.88440883,1.431774,0.8610576,0.39167497
4.700000000957513,0.8626207,1.3958998,0.8342952,0.36723542
4.7500000009677015,0.82074606,1.4608049,0.79327875,0.26311123
4.800000000977888,0.8275498,1.4343424,0.7847505,0.2921117
4.850000000988074,0.86083466,1.4177918,0.88140404,0.3481949
4.900000000998262,0.8307788,1.4332844,0.9968941,0.27442577
4.950000001008445,0.8352547,1.355775,1.1250188,0.32490855
5.000000001018633,0.8075689,1.4567136,0.83116424,0.32558963
5.0500000010288195,0.76309955,1.477889,0.59714425,0.27517584
5.100000001039006,0.7967612,1.4117348,0.7170216,0.2548737
5.150000001049192,0.7716281,1.5126787,0.57378185,0.2882314
5.2000000010593785,0.7774389,1.5686704,0.8651397,0.36533728
5.250000001069565,0.7926359,1.4712358,0.8674726,0.34946924
5.300000001079751,0.7635485,1.4551944,0.83920527,0.27611887
5.350000001089938,0.76036036,1.4275703,0.5151022,0.30894068
5.400000001100124,0.711825,1.4788864,0.5407495,0.20711564
5.45000000111031,0.697017,1.5219164,0.50366163,0.24535985
5.500000001120498,0.77121615,1.5844512,0.57054144,0.24274424
5.550000001130681,0.75625885,1.6097317,0.74952996,0.2637652
5.600000001140869,0.7832389,1.4671435,0.6279659,0.28715673
5.650000001151056,0.74022704,1.5359797,0.44727582,0.23188756
5.700000001161242,0.808103,1.5143907,0.73714703,0.26987025
5.75000000117143,0.71943533,1.4572022,0.40620202,0.25291684
5.800000001181615,0.77269435,1.5149702,0.4894153,0.3113115
5.850000001191801,0.73609835,1.4634252,0.5987202,0.27630267
5.900000001201987,0.76578796,1.5809268,0.6649487,0.30311522
5.950000001212174,0.87188494,1.5614932,0.5332565,0.27729738
6.00000000122236,0.74900484,1.4871178,0.5375671,0.33530888
6.050000001232546,0.8884702,1.5125866,0.7402512,0.26677465
6.1000000012427344,0.8290395,1.4699537,0.9092185,0.50371283
6.150000001252917,0.8140073,1.489781,0.79647315,0.30058256
6.200000001263105,0.89607203,1.5326482,0.85277665,0.27198794
6.250000001273292,0.85302806,1.5194799,0.7331186,0.29777023
6.300000001283478,0.914393,1.5579723,0.66597724,0.24320005
6.350000001293666,0.91135955,1.5812885,0.6362491,0.2889616
6.400000001303849,0.92920065,1.6082506,0.67543316,0.28401124
6.450000001314037,0.85555685,1.5483141,0.8040761,0.28014505
6.500000001324223,0.8777419,1.5656326,0.7080973,0.22345589
6.55000000133441,0.9414202,1.5454615,0.8896972,0.3016196
6.600000001344596,0.886982,1.6073523,0.7362407,0.3156491
6.650000001354782,0.8578148,1.5425286,0.85783184,0.27119505
6.7000000013649705,0.8542665,1.6267962,0.4642579,0.29483715
6.750000001375153,0.8242953,1.6047372,1.0605361,0.29663157
6.800000001385341,0.8370585,1.5994965,1.0346575,0.2965486
6.850000001395528,0.8400202,1.5283026,0.96535295,0.29341468
6.900000001405714,0.90057796,1.5869306,0.9660881,0.29336226
6.950000001415902,0.92661196,1.5604699,0.6599983,0.31339946
7.000000001426085,0.90484226,1.5767573,0.8837081,0.35924897
7.050000001436273,0.94372517,1.6331409,0.7992879,0.2806552
7.1000000014464595,0.89782023,1.5801936,0.85144234,0.30154818
7.150000001456646,0.90973085,1.5462861,0.7455596,0.3096121
7.200000001466832,0.98619276,1.6125681,1.0078393,0.3223181
7.2500000014770185,0.94357145,1.6331302,1.0014213,0.2558495
7.300000001487205,0.91083837,1.5940228,0.63915604,0.18551372
7.350000001497391,0.8609952,1.7101763,0.6713166,0.26953375
7.4000000015075775,0.8633912,1.680132,0.77317977,0.29115704
7.450000001517764,0.8253532,1.6248055,0.91105753,0.31961042
7.50000000152795,0.89109296,1.6290326,0.80040187,0.27142182
7.550000001538138,0.86293054,1.6631339,0.8559536,0.30379444
7.600000001548321,0.8202105,1.67126,0.76636744,0.3210989
7.650000001558509,0.8160451,1.5730445,0.98441446,0.33845937
7.700000001568696,0.8922803,1.5667878,0.77160203,0.2943986
7.750000001578882,0.91643804,1.6549857,0.90454686,0.27974394
7.80000000158907,0.86839557,1.6492107,0.904624,0.35764402
7.850000001599255,0.9420489,1.6727202,0.75857246,0.27074093
7.900000001609441,0.8809123,1.5611279,0.79328454,0.36777115
7.950000001619627,0.82685935,1.5315104,0.85812163,0.30354118
8.000000001629813,0.7522143,1.435255,0.98647183,0.272818
8.050000001639999,0.88732135,1.5065633,0.5840201,0.1767412
8.100000001650185,0.89371943,1.5094628,0.7074046,0.39506125
8.150000001660372,0.8378663,1.5387068,1.2156149,0.24871595
8.200000001670556,0.88034856,1.5851932,1.0314741,0.44145072
8.250000001680746,0.80578274,1.5403391,0.84036773,0.2045825
8.300000001690933,0.8248034,1.6443096,0.89010394,0.22278029
8.350000001701119,0.7747996,1.705011,1.0353079,0.29532716
8.400000001711305,0.8199069,1.644962,0.55744094,0.21883042
8.450000001721488,0.8481539,1.5814176,0.870235,0.26220942
8.500000001731678,0.8081072,1.5337743,0.80708176,0.32818705
8.550000001741864,0.8417996,1.5961725,0.78064704,0.3481419
8.60000000175205,0.8921566,1.7107428,0.79706013,0.2947328
8.650000001762237,0.8477647,1.6012719,0.7185188,0.30517358
8.700000001772423,0.85541594,1.6532135,0.69931334,0.29528028
8.75000000178261,0.8243782,1.6565847,0.73068297,0.26539883
8.800000001792792,0.8899075,1.6040899,0.5836526,0.2025271
8.850000001802979,0.89887017,1.5690387,0.7236043,0.27006966
8.900000001813165,0.9219426,1.5744665,0.9722574,0.26664776
8.950000001823351,0.8798475,1.511022,0.8815299,0.37488773
9.000000001833538,0.9324849,1.6486304,0.69208395,0.3560189
9.050000001843724,0.8650546,1.5875751,0.9213811,0.3025209
9.10000000185391,0.7682272,1.5708115,0.54934627,0.26848164
9.150000001864097,0.8532895,1.6167455,0.9008476,0.31012338
9.200000001874283,0.8519938,1.5074176,0.73795927,0.39034534
9.25000000188447,0.8025003,1.5537596,0.6786848,0.26579264
9.300000001894656,0.8725575,1.5135605,0.86469585,0.30793828
9.350000001904842,0.9146399,1.6175138,0.8231015,0.28289336
9.400000001915028,0.87843204,1.6944959,0.8477284,0.3794959
9.450000001925215,0.8516661,1.626456,1.2092917,0.29831728
9.500000001935401,0.8520674,1.5701711,0.83122706,0.270934
9.550000001945588,0.851377,1.6272731,0.90651345,0.36064637
9.600000001955774,0.83743954,1.7122723,0.5874657,0.38086745
9.65000000196596,0.8327143,1.8011457,1.0810308,0.4168225
9.700000001976147,0.89633965,1.7044513,1.081676,0.21754736
9.750000001986333,0.86741745,1.7397712,0.80131143,0.28230554
9.80000000199652,0.8999226,1.6765313,0.9823444,0.2740163
9.850000002006706,0.86396694,1.606808,0.8564668,0.34455344
9.900000002016892,0.91502637,1.7138593,0.8064014,0.21146654
9.950000002027078,0.96874225,1.7499018,0.92464,0.22990905
10.000000002037265,0.99479324,1.7078311,1.1530217,0.2896103
10.050000002047451,0.94372463,1.6751717,0.9750837,0.21311852
10.100000002057637,0.9215505,1.7242086,0.7586274,0.25419688
10.150000002067824,0.8289542,1.583177,0.8548525,0.2877721
10.20000000207801,0.9693977,1.710207,1.0899634,0.24737027
10.250000002088196,0.90355086,1.64818,0.70869553,0.24606723
10.300000002098383,0.934615,1.5340734,1.3851584,0.2808141
10.350000002108569,0.93098134,1.7146243,1.1419113,0.2094273
10.400000002118755,0.92656666,1.5866189,1.1574264,0.34306362
10.450000002128942,0.7714743,1.6123043,0.85937893,0.21908334
10.500000002139128,0.8582376,1.6020364,1.0731158,0.24447432
10.550000002149318,0.7960504,1.5789707,1.0271559,0.3702223
10.6000000021595,0.8600379,1.5832624,0.89969003,0.2559397
10.65000000216969,0.8938787,1.6212071,0.890494,0.2952386
10.700000002179873,0.82661384,1.6610671,0.64463526,0.27363995
10.75000000219006,0.8355166,1.6512705,0.9228463,0.30637586
10.800000002200246,0.8548743,1.6304483,0.9057019,0.28698528
10.850000002210432,0.9258356,1.7778195,0.98283404,0.3121454
10.900000002220619,0.8407665,1.650506,0.869095,0.24541628
10.950000002230805,0.95553327,1.5915924,1.0357761,0.3392628
11.000000002240991,0.89371717,1.6396213,0.7971301,0.2335927
11.050000002251178,0.9191808,1.5248067,0.8776171,0.3475405
11.100000002261364,1.0064942,1.587007,0.9493334,0.2259
11.15000000227155,0.8939426,1.5648761,1.2486373,0.29315245
11.200000002281737,0.90063334,1.649122,0.7451686,0.29400125
11.25000000229192,0.9099158,1.6594719,0.98542,0.30012676
11.30000000230211,0.9466233,1.6028677,0.99396414,0.37103158
11.350000002312292,0.9365565,1.648885,0.93688464,0.32193136
11.400000002322482,0.9171078,1.6653787,0.9245154,0.30094054
11.450000002332668,0.8957895,1.5274619,1.2881172,0.26458618
11.500000002342851,0.908126,1.5705862,0.8819102,0.30003962
11.550000002353041,0.9776256,1.604575,1.0768002,0.32277596
11.600000002363227,0.87709546,1.6869754,0.9354217,0.22731864
11.650000002373414,0.9059203,1.628969,0.81001574,0.30836758
11.7000000023836,0.8232865,1.6478671,0.9204471,0.258743
11.750000002393787,0.91635466,1.5943837,0.9153013,0.2984822
11.80000000240397,0.83128357,1.6263871,1.0859883,0.32539114
11.85000000241416,0.8450799,1.6053627,0.8565071,0.31058434
11.900000002424346,0.8254062,1.6662239,0.95072836,0.19638848
11.950000002434532,0.7994671,1.5398586,0.9524122,0.3276711
12.000000002444722,0.88752925,1.5970598,0.88529915,0.2751423
12.050000002454905,0.8344507,1.4963387,1.0158594,0.31228334
12.10000000246509,0.82324874,1.5641792,0.8199263,0.22647125
12.15000000247528,0.8123199,1.5506805,0.9956455,0.27317297
12.200000002485464,0.8353662,1.5473979,1.1640532,0.32907635
12.25000000249565,0.7976881,1.5030644,0.8201529,0.2679311
12.300000002505836,0.82811403,1.550938,0.86649716,0.31092587
12.350000002516023,0.895128,1.6163958,1.1982574,0.25001132
12.400000002526209,0.82575476,1.5911733,0.85264117,0.21212743
12.450000002536395,0.820107,1.6152189,0.8815496,0.23238453
12.500000002546582,0.8632136,1.6742089,1.1545393,0.30544564
12.550000002556768,0.81682634,1.6240968,0.6480777,0.24207799
12.600000002566958,0.8389974,1.5539439,0.85915595,0.287146
12.65000000257714,0.8773376,1.6400558,0.95888025,0.21055534
12.70000000258733,0.83960474,1.5236555,0.8832433,0.29156882
12.750000002597513,0.8263921,1.5102258,0.69886136,0.24625471
12.8000000026077,0.84000146,1.497194,0.7188406,0.2776965
12.850000002617886,0.86269057,1.5438653,0.9620805,0.25193578
12.900000002628072,0.8173536,1.5733503,0.81742823,0.29023635
12.950000002638259,0.8174148,1.5672494,1.0355415,0.25805843
13.000000002648445,0.9021721,1.5089942,0.76160425,0.2764752
13.050000002658631,0.85845864,1.5624273,0.8226365,0.26895103
13.100000002668818,0.93121856,1.622442,1.1225077,0.28474146
13.150000002679004,0.86007386,1.6121752,1.0951002,0.25104892
13.20000000268919,0.8953991,1.5106053,1.002234,0.24110384
13.250000002699377,0.84661376,1.4994651,0.8261274,0.43786466
13.30000000270956,0.7878076,1.473695,0.81179655,0.34656096
13.35000000271975,0.83904743,1.5636058,1.0893692,0.28346372
13.400000002729932,0.86838907,1.5777686,1.0055362,0.28131214
13.450000002740122,0.84775937,1.4817618,0.79093647,0.31984136
13.500000002750308,0.8363252,1.5258713,1.147016,0.3340542
13.550000002760491,0.8838414,1.599401,0.6717923,0.26381767
13.600000002770681,0.79764366,1.5625231,0.7294839,0.2932731
13.650000002780867,0.8099284,1.5077531,0.8518703,0.25908163
13.700000002791054,0.8242004,1.5801488,0.9007284,0.26375937
13.75000000280124,0.8101337,1.5335356,0.9842726,0.29739806
13.800000002811426,0.91430056,1.661799,1.0422308,0.2550788
13.85000000282161,0.8708196,1.6291124,0.68261015,0.22789308
13.9000000028318,0.8450585,1.4997017,0.9654548,0.25814784
13.950000002841985,0.92467254,1.627801,1.1426955,0.30021387
14.000000002852172,0.95457697,1.6060226,1.1885084,0.2444869
14.050000002862362,0.92803127,1.6328735,1.1876427,0.21017513
14.100000002872545,0.9695662,1.7101692,1.0124308,0.24760646
14.15000000288273,0.9170302,1.6300164,1.3857057,0.2726488
14.20000000289292,0.85516465,1.598652,1.4937114,0.38697734
14.250000002903104,0.81029224,1.5532821,1.4731402,0.19289552
14.30000000291329,0.8530047,1.6232623,0.9115425,0.29546255
14.350000002923476,0.86420214,1.6519113,0.9083747,0.35162812
14.400000002933663,0.79609805,1.5268718,1.0488833,0.31981248
14.450000002943849,0.8650888,1.703332,0.91793644,0.23582095
14.500000002954035,0.8541456,1.6796353,0.8866876,0.2336783
14.550000002964222,0.7884723,1.7090018,0.8215102,0.30383494
14.600000002974408,0.87588704,1.6149573,1.1499741,0.23967695
14.650000002984598,0.76957947,1.6215838,1.2338178,0.2450776
14.70000000299478,0.8261177,1.5934334,1.1995175,0.34185535
14.75000000300497,0.7925778,1.601815,1.0986266,0.32616076
14.800000003015153,0.8371189,1.5634601,0.9975369,0.28382704
14.85000000302534,0.87876743,1.649183,0.9491441,0.22824378
14.900000003035526,0.82260245,1.5803742,0.86457086,0.30937353
14.950000003045712,0.8348233,1.4971155,0.8882905,0.27631938
15.000000003055899,0.7271558,1.4148117,0.87222546,0.3044772
15.050000003066085,0.76008373,1.5503968,0.7360553,0.25365776
15.100000003076271,0.76379967,1.5424714,1.0009428,0.24214786
15.150000003086458,0.87246096,1.5466006,1.0446815,0.2800352
15.200000003096644,0.85089797,1.5541135,0.81409776,0.327657
15.25000000310683,0.8219243,1.5596318,0.8610575,0.25130615
15.300000003117017,0.8332557,1.6194652,0.855532,0.2634384
15.3500000031272,0.8457473,1.737199,0.8861476,0.31927818
15.40000000313739,0.8318477,1.6732556,0.80082226,0.31971145
15.450000003147572,0.863804,1.6603224,0.88059545,0.35294238
15.500000003157762,0.7896726,1.6178651,0.803399,0.31574166
15.550000003167948,0.9292073,1.7345233,0.776984,0.2346046
15.600000003178131,0.8562738,1.6496474,0.79778063,0.21078898
15.650000003188321,0.7780957,1.4245254,0.6738349,0.25870138
15.700000003198507,0.7889979,1.5660542,0.9304277,0.3126919
15.750000003208694,0.8503647,1.6985905,1.128408,0.351278
15.80000000321888,0.82218796,1.584868,0.763883,0.25686952
15.850000003229066,0.80328053,1.5567853,0.7450205,0.2922854
15.90000000323925,0.8220774,1.4965382,0.8482957,0.3089805
15.95000000324944,0.80670005,1.4272256,0.70172775,0.2683212
16.000000003259625,0.7264394,1.5156728,0.7752806,0.26506826
16.050000003269812,0.867612,1.5619104,1.058777,0.3077084
16.10000000328,0.8207002,1.4939864,0.95678735,0.31350744
16.150000003290184,0.8453989,1.5900614,0.79558384,0.28939778
16.20000000330037,0.8520419,1.5670516,0.75392073,0.23932369
16.25000000331056,0.8466892,1.7021312,0.9969366,0.24576075
16.300000003320744,0.7631046,1.693227,0.6417555,0.31909022
16.35000000333093,0.83501154,1.6118665,0.8168081,0.26437682
16.400000003341116,0.86021847,1.5652561,0.8664754,0.2830619
16.450000003351303,0.79578173,1.6700302,0.78425056,0.29737738
16.50000000336149,0.8176777,1.6104832,0.82833874,0.34271818
16.550000003371675,0.7549986,1.5853102,0.77523685,0.27582908
16.60000000338186,0.7846039,1.5999948,0.8754766,0.27741385
16.650000003392048,0.7384216,1.594484,0.8285872,0.27021202
16.700000003402238,0.7305471,1.5092406,0.9006367,0.25353643
16.75000000341242,0.74757516,1.5171502,0.7777977,0.2635902
16.80000000342261,0.77059114,1.5764319,0.65975595,0.30148184
16.850000003432793,0.77606493,1.5336928,0.82247996,0.2537123
16.90000000344298,0.8019726,1.58325,0.7110742,0.22036442
16.950000003453166,0.82077134,1.5845455,0.6920575,0.29725838
17.000000003463352,0.82617426,1.547838,0.8832656,0.35436898
17.05000000347354,0.8659654,1.5833931,0.77757835,0.25122654
17.100000003483725,0.8635312,1.5486748,0.7745956,0.31795537
17.15000000349391,0.8262807,1.5362139,0.83229536,0.2624615
17.200000003504098,0.7945483,1.5372672,0.880945,0.27943033
17.250000003514284,0.8672229,1.5450459,0.83039653,0.28127384
17.30000000352447,0.87462896,1.537293,1.0537148,0.28483868
17.350000003534657,0.82398283,1.6019499,0.79758286,0.32441586
17.40000000354484,0.8345241,1.5884366,0.8425703,0.3247381
17.45000000355503,0.78059113,1.5122133,0.90305275,0.27268267
17.500000003565212,0.8027098,1.4947969,0.8190069,0.24945082
17.550000003575402,0.77749825,1.6333705,0.69716805,0.27043962
17.60000000358559,0.76363575,1.6165338,0.8049426,0.30175725
17.650000003595775,0.80968016,1.5103589,0.6018241,0.36259025
17.70000000360596,0.7544249,1.5030799,0.97292995,0.21939905
17.750000003616144,0.8496808,1.5618109,0.86395085,0.2197493
17.800000003626334,0.7583184,1.5495068,0.704971,0.227677
17.85000000363652,0.8012818,1.4617919,0.60868603,0.24485782
17.900000003646706,0.75105286,1.4464127,0.7902842,0.41579163
17.95000000365689,0.809454,1.4825432,0.8970367,0.31727254
18.00000000366708,0.8455593,1.530868,0.78930736,0.344214
18.050000003677265,0.8016419,1.5158958,0.8750787,0.3067923
18.10000000368745,0.8166492,1.5163504,0.64649254,0.36937374
18.15000000369764,0.8007166,1.631849,0.73893994,0.22233798
18.200000003707824,0.7458725,1.5060782,0.91495776,0.24006811
18.25000000371801,0.79322153,1.5371536,0.78394043,0.23623152
18.3000000037282,0.84330386,1.5571232,0.87214,0.31668052
18.350000003738383,0.8954766,1.6419983,0.7714074,0.2788021
18.40000000374857,0.9342069,1.5412794,0.97478837,0.31295744
18.450000003758756,0.8905332,1.5913608,0.7201023,0.3190661
18.500000003768942,0.778154,1.5409412,0.82298887,0.34434354
18.55000000377913,0.8959662,1.5650246,1.0009321,0.40169472
18.600000003789315,0.8485425,1.6169608,0.8530234,0.3762843
18.6500000037995,0.8954226,1.6151168,0.7943577,0.21837306
18.700000003809688,0.8705958,1.5551035,0.93488634,0.27625814
18.750000003819878,0.870895,1.5250741,0.8045206,0.3500234
18.80000000383006,0.9655747,1.6195952,0.9374726,0.2961801
18.85000000384025,0.8932251,1.6350085,0.91237897,0.2556029
18.900000003850433,0.8897985,1.643176,0.804305,0.28515172
18.95000000386062,0.912177,1.6290773,1.0596808,0.3083975
19.000000003870806,0.9216201,1.6181157,1.0454885,0.20542285
19.050000003880992,0.8815365,1.647858,1.1050477,0.3966932
19.10000000389118,0.9028716,1.6933084,0.84886205,0.2714728
19.150000003901365,0.8867395,1.6152225,1.0107173,0.24545388
19.20000000391155,0.84517926,1.5479289,1.0824108,0.20028941
19.250000003921738,0.854162,1.6481636,0.75179625,0.31996158
19.300000003931924,0.9120879,1.7075374,0.85691833,0.30555135
19.35000000394211,0.88518596,1.6799533,0.92031074,0.31697664
19.400000003952297,0.89486307,1.5946469,0.9816143,0.23774382
19.45000000396248,0.7993547,1.5963504,1.0163934,0.32513106
19.50000000397267,0.8687586,1.6546787,1.5220927,0.2856314
19.550000003982852,0.89312184,1.4832771,1.1984802,0.3563644
19.600000003993042,0.8630575,1.6234562,1.1741683,0.27119505
19.65000000400323,0.8374356,1.6022271,1.5518368,0.35620898
19.700000004013415,0.8322973,1.6458511,0.91673386,0.2941477
19.7500000040236,0.8665537,1.582616,1.0090106,0.3172871
19.800000004033784,0.8507481,1.6061916,0.9612529,0.18301776
19.850000004043974,0.8625426,1.6477119,0.9851916,0.2553982
19.90000000405416,0.80696434,1.5700167,1.1699697,0.24186185
19.950000004064346,0.7377353,1.5541458,0.82279116,0.3530034
20.000000004074533,0.8160738,1.4621885,1.2391657,0.37728447
20.050000004084723,0.7758922,1.538379,0.684389,0.31326693
20.100000004094905,0.73912513,1.5738345,0.9928149,0.5620854
20.15000000410509,0.84222203,1.6908507,1.1427897,0.3373532
20.20000000411528,0.77827024,1.5981674,0.59660316,0.29728943
20.250000004125464,0.83194625,1.5243266,0.73658717,0.2998037
20.30000000413565,0.82021224,1.5474998,0.86896753,0.23669988
20.35000000414584,0.77659696,1.5779121,0.75732046,0.3592832
20.400000004156023,0.753806,1.6435612,0.78832006,0.18829538
20.45000000416621,0.77936673,1.5909566,0.6674862,0.1992731
20.500000004176396,0.8331904,1.7038047,0.72264683,0.26099816
20.550000004186582,0.79508966,1.5835059,0.89521164,0.33717537
20.60000000419677,0.7897159,1.5569425,0.9995505,0.27362308
20.650000004206955,0.7895839,1.5381918,1.0586041,0.30524415
20.70000000421714,0.8455088,1.6736624,0.82867503,0.37975925
20.750000004227328,0.75922775,1.6072407,0.65387005,0.21732807
20.800000004237518,0.7698878,1.6459723,0.72467273,0.32708377
20.8500000042477,0.76225466,1.6239351,1.0500951,0.22919206
20.90000000425789,0.83495164,1.6907289,0.83621794,0.24311149
20.950000004268073,0.7872541,1.6026189,0.9311447,0.30360705
21.00000000427826,0.7926619,1.5993475,0.9759319,0.24491435
21.050000004288446,0.8253896,1.7218301,0.65557575,0.29354572
21.100000004298632,0.8251584,1.7272906,0.9759343,0.27449864
21.15000000430882,0.8944082,1.7737287,0.822875,0.1975832
21.200000004319005,0.7877887,1.7039539,0.69945383,0.35988212
21.25000000432919,0.7746727,1.7019993,0.840855,0.29812643
21.300000004339378,0.7856086,1.7649013,0.83497,0.34124738
21.350000004349564,0.7937677,1.8111656,0.82337105,0.31128678
21.40000000435975,0.7089221,1.8113711,0.71951145,0.32174972
21.450000004369937,0.7848594,1.7091562,0.9845238,0.3525979
21.50000000438012,0.80632323,1.7522552,0.9374672,0.30022925
21.55000000439031,0.6918406,1.6944652,1.0029862,0.31966817
21.600000004400492,0.79563016,1.6891874,0.89099634,0.2504969
21.650000004410682,0.73986626,1.8866317,0.95856893,0.3400463
21.70000000442087,0.7610751,1.784003,0.54197186,0.2473143
21.750000004431055,0.78430927,1.8202839,0.76043177,0.2984152
21.80000000444124,0.80561453,1.6517864,0.80378836,0.2356056
21.850000004451424,0.7761782,1.6786308,0.7458735,0.34487024
21.900000004461614,0.85449606,1.7606483,0.63499445,0.24752566
21.9500000044718,0.77084714,1.6635476,0.57513183,0.23625106
22.000000004481986,0.8110779,1.7697756,0.7844248,0.28700134
22.050000004492173,0.8056271,1.7784107,0.7639807,0.2568935
22.100000004502363,0.8043356,1.6726134,0.71420956,0.29991657
22.150000004512545,0.7488183,1.6587682,0.67727923,0.25158143
22.20000000452273,0.7668333,1.7351489,0.7209012,0.25718072
22.25000000453292,0.7124441,1.7148756,0.80908847,0.25978124
22.300000004543104,0.8373812,1.763902,0.97137576,0.27212363
22.35000000455329,0.8084413,1.6433324,0.7331461,0.2580763
22.40000000456348,0.7725352,1.6614091,0.7409817,0.31627712
22.450000004573663,0.76609784,1.7417382,0.8561725,0.23971544
22.50000000458385,0.80352354,1.8151839,0.944025,0.26216832
22.550000004594036,0.806131,1.7612451,0.737458,0.337116
22.600000004604222,0.76250464,1.740922,0.6502136,0.32390815
22.65000000461441,0.7568978,1.7830278,0.62673897,0.230997
22.700000004624595,0.7729716,1.709213,0.609385,0.23292008
22.75000000463478,0.8266807,1.7608025,0.8746192,0.2501405
22.800000004644968,0.78313863,1.7562484,0.7714455,0.2950562
22.850000004655158,0.7172067,1.6799647,0.80147296,0.25676772
22.90000000466534,0.780836,1.5908073,0.86790884,0.24357292
22.95000000467553,0.8274983,1.6808562,0.8247645,0.25698328
23.000000004685713,0.7819809,1.6305668,0.8623009,0.2857283
23.0500000046959,0.77347815,1.6201007,0.92666197,0.33433956
23.100000004706086,0.7966639,1.6836462,0.75632817,0.20646104
23.150000004716272,0.74641275,1.6425102,0.81229615,0.36047572
23.20000000472646,0.7878535,1.5934706,0.8804632,0.26561898
23.250000004736645,0.8040205,1.5911312,0.95766956,0.23247719
23.30000000474683,0.7750196,1.5360867,0.68485916,0.30758843
23.350000004757018,0.73702365,1.6411808,0.7421571,0.32658023
23.400000004767204,0.7301464,1.6515918,0.6925832,0.2629592
23.45000000477739,0.810811,1.5868201,0.5640387,0.27739722
23.500000004787577,0.76772654,1.6067472,0.73780096,0.18885005
23.55000000479776,0.7955251,1.6521759,0.5904784,0.24933979
23.60000000480795,0.8119714,1.7056546,1.0431204,0.22237948
23.650000004818132,0.7630631,1.7127316,0.8749802,0.23381649
23.700000004828322,0.79796636,1.664778,0.66272175,0.2711837
23.75000000483851,0.814268,1.6094041,0.895116,0.24584211
23.800000004848695,0.75960875,1.638489,0.68382704,0.20590153
23.85000000485888,0.81747997,1.7794111,0.9640305,0.18538101
23.900000004869064,0.7568013,1.7978778,0.6211745,0.21490818
23.950000004879254,0.8148032,1.745112,0.86260015,0.38003054
24.00000000488944,0.8761614,1.7556121,0.70821255,0.21809113
24.050000004899626,0.88299865,1.689874,0.624985,0.25487974
24.100000004909813,0.91140234,1.6957742,0.6055156,0.21639891
24.150000004920003,0.82600206,1.595994,0.6644708,0.24137163
24.200000004930185,0.7967851,1.5388597,0.7932126,0.27194268
24.25000000494037,0.88190246,1.6824116,0.72876805,0.2647547
24.30000000495056,0.8284521,1.6198456,0.51477265,0.20866203
24.350000004960744,0.8235555,1.6285926,0.4134846,0.28955185
24.40000000497093,0.7763055,1.652236,0.49878743,0.24132705
24.45000000498112,0.8999727,1.7525682,0.7205927,0.20695218
24.500000004991303,0.7982972,1.806283,0.54612684,0.40004855
24.55000000500149,0.8139744,1.8214912,0.5216366,0.25596374
24.600000005011676,0.74731714,1.8217112,0.6432701,0.19520222
24.650000005021862,0.78433996,1.6791468,0.59758556,0.3600872
24.70000000503205,0.76582897,1.6386061,0.717626,0.2779401
24.75000000504224,0.7887054,1.67329,0.5842353,0.33441317
24.80000000505242,0.89343655,1.7249272,0.65193784,0.2168817
24.850000005062608,0.85725594,1.8078902,0.6972995,0.3053046
24.900000005072798,0.95513797,1.7933791,0.6278093,0.31134114
24.95000000508298,0.8543887,1.6965688,0.64993227,0.28116447
25.00000000509317,0.8844697,1.6504532,0.85969836,0.339027
25.050000005103353,0.87735236,1.7537225,0.7810947,0.3366412
25.10000000511354,0.8305991,1.7542589,0.7388178,0.28707102
25.150000005123726,0.9027262,1.7367058,0.4911449,0.24693461
25.200000005133912,0.79017454,1.7034585,0.6991559,0.31757298
25.250000005144095,0.8517667,1.6109996,0.6455971,0.3591676
25.30000000515428,0.8678388,1.6628158,0.688503,0.23417804
25.350000005164468,0.90268135,1.7832994,0.79816884,0.29605544
25.400000005174654,0.8228675,1.6333185,0.64489996,0.32170668
25.45000000518484,0.894784,1.649296,0.6300894,0.3081081
25.500000005195027,0.87164795,1.7039872,0.6463729,0.3921185
25.550000005205213,0.88284963,1.7021853,0.45316982,0.22978188
25.6000000052154,0.93547887,1.7598234,0.7016547,0.2942941
25.650000005225586,0.8942617,1.7126871,0.5714552,0.23619244
25.700000005235772,0.84072703,1.7586256,0.5261004,0.20342132
25.75000000524596,0.89570284,1.7680163,0.5981065,0.27987036
25.800000005256145,0.79164433,1.5080676,0.68571085,0.24665415
25.85000000526633,0.7687882,1.7010698,0.40844545,0.20652808
25.900000005276517,0.7858246,1.6131597,0.39936936,0.21833079
25.950000005286704,0.77769035,1.5581865,0.38145345,0.22804826
26.00000000529689,0.8444274,1.6073209,0.55437016,0.26885378
26.050000005307076,0.7953309,1.5967531,0.3466518,0.24995594
26.100000005317263,0.92827356,1.7650974,0.64051914,0.2221857
26.15000000532745,0.79266834,1.7120655,0.48897696,0.24742
26.200000005337635,0.8995581,1.8230686,0.717321,0.25879055
26.25000000534782,0.8548404,1.6598345,0.62632394,0.21189526
26.300000005358008,0.86304164,1.7469349,0.8060329,0.35946727
26.350000005368194,0.85868514,1.715188,0.5899512,0.26933965
26.40000000537838,0.85081667,1.6774255,0.7296335,0.3613494
26.450000005388567,0.81968117,1.6129663,0.5030004,0.1900517
26.500000005398753,0.8268796,1.6869587,0.45042956,0.2976307
26.55000000540894,0.77858496,1.6848563,0.49297166,0.27635834
26.600000005419126,0.8280176,1.681783,0.54793465,0.27758014
26.650000005429312,0.91259634,1.727731,0.5862303,0.25994107
26.7000000054395,0.8088395,1.6591239,0.7505287,0.23047702
26.750000005449685,0.79368186,1.6772503,0.55021006,0.26848164
26.80000000545987,0.801981,1.6863858,0.45782295,0.26505667
26.850000005470058,0.8432719,1.7013156,0.51695615,0.3056621
26.900000005480244,0.7743415,1.7618735,0.76858044,0.26240292
26.95000000549043,0.82814246,1.7593957,0.60314965,0.2204412
27.000000005500617,0.93138444,1.7552161,0.6796205,0.32693797
27.050000005510803,0.92698824,1.814137,0.53084123,0.23632266
27.10000000552099,0.83627886,1.7951096,0.7473984,0.2919168
27.150000005531176,0.87103164,1.7512975,0.78454995,0.21515854
27.200000005541362,0.8565519,1.7901103,0.63962567,0.23317748
27.25000000555155,0.79309756,1.699415,0.6525778,0.28327915
27.300000005561735,0.81921285,1.620851,0.5384504,0.30477008
27.35000000557192,0.81006944,1.5694003,0.38262212,0.2238548
27.400000005582108,0.8382951,1.6802051,0.56353664,0.22634895
27.450000005592294,0.81059223,1.5858966,0.597557,0.27388716
27.50000000560248,0.79727674,1.5586529,0.6972864,0.2353051
27.550000005612667,0.9459826,1.7308159,0.7140117,0.2752038
27.600000005622853,0.82509166,1.7283536,0.53898376,0.27716976
27.65000000563304,0.8457646,1.6939895,0.6057459,0.20357251
27.700000005643226,0.9083462,1.6850822,0.724049,0.22377922
27.750000005653412,0.77070886,1.6616516,0.5034764,0.25569916
27.8000000056636,0.8288939,1.7349176,0.5817307,0.39394227
27.850000005673785,0.8368533,1.6797521,0.4734863,0.25360924
27.90000000568397,0.8152762,1.6455293,0.47267568,0.26492897
27.950000005694164,0.8288818,1.6827431,0.59938633,0.25722858
28.000000005704344,0.75154436,1.7077053,0.528,0.2757956
28.05000000571453,0.8010304,1.762935,0.27738714,0.2361208
28.100000005724716,0.8666625,1.7843204,0.54684544,0.273004
28.150000005734903,0.9051844,1.7748475,0.6015398,0.269568
28.20000000574509,0.88925606,1.7879313,0.6407773,0.28500062
28.250000005755275,0.8161771,1.717921,0.9827446,0.22499937
28.30000000576546,0.8526566,1.6736946,0.7865245,0.25689948
28.350000005775648,0.87355703,1.6687896,0.73889697,0.24937682
28.400000005785834,0.7920997,1.645521,0.4093662,0.22914506
28.45000000579602,0.84144545,1.6462313,0.6715485,0.23026335
28.500000005806207,0.8497527,1.7240422,0.40628675,0.21056265
28.550000005816393,0.8629675,1.7120543,0.52752125,0.23521355
28.60000000582658,0.81324726,1.6684152,0.49155805,0.21528004
28.650000005836766,0.8750283,1.7388532,0.593544,0.2935562
28.700000005846952,0.8487164,1.6603101,0.57858324,0.27376357
28.75000000585714,0.83992016,1.6656871,0.5708659,0.23824795
28.800000005867332,0.83053476,1.6528125,0.6453191,0.33190614
28.85000000587751,0.8323762,1.7010145,0.33273503,0.24105918
28.900000005887698,0.8331782,1.6686845,0.53552336,0.24416582
28.950000005897884,0.8390472,1.6447841,0.54668844,0.22492418
29.00000000590807,0.86875606,1.6339221,0.6472318,0.24132065
29.050000005918257,0.8878397,1.653337,0.58657163,0.18241164
29.100000005928443,0.8544927,1.5703548,0.7158817,0.24447432
29.15000000593863,0.86136794,1.6427952,0.5796244,0.31089124
29.200000005948816,0.839704,1.6777521,0.55721295,0.24045223
29.250000005959002,0.84723955,1.6563909,0.48838264,0.17988974
29.30000000596919,0.8758959,1.7310407,0.5423396,0.2341649
29.350000005979375,0.8488968,1.645235,0.65107137,0.29054356
29.40000000598956,0.8706043,1.7065084,0.4059013,0.20895669
29.450000005999748,0.8939414,1.7373294,0.43455917,0.20565486
29.500000006009934,0.9043349,1.67257,0.4740612,0.3102771
29.55000000602012,0.86517644,1.6844282,0.54418474,0.2358666
29.600000006030314,0.9324907,1.762945,0.5507783,0.2736793
29.650000006040493,0.8966147,1.669415,0.5351944,0.2809127
29.70000000605068,0.8789497,1.7182384,0.56213796,0.26624945
29.750000006060873,0.9596166,1.8043766,0.80336785,0.2174342
29.800000006071052,0.91137105,1.8242712,0.8472817,0.28336602
29.85000000608124,0.8391584,1.7756528,0.49718988,0.29937756
29.900000006091425,0.9401584,1.7293279,0.62997967,0.29936215
29.95000000610161,0.95617586,1.708644,0.6831267,0.37589166
30.000000006111804,0.89889395,1.6701771,0.73981875,0.26641694
30.050000006121984,0.8441159,1.6666723,0.8722526,0.22642368
30.10000000613217,0.8546494,1.7261552,0.7095839,0.22278029
30.150000006142363,0.8562175,1.6675351,0.714622,0.24146721
30.200000006152543,0.8345623,1.661062,0.63147557,0.2427189
30.25000000616273,0.8429183,1.6314921,0.56179297,0.29957277
30.300000006172915,0.8911239,1.71274,0.43343335,0.24280128
30.3500000061831,0.87147766,1.5716333,0.756413,0.33988792
30.400000006193288,0.89334315,1.7354821,0.6099805,0.28162363
30.450000006203474,0.8365775,1.6897237,0.66852283,0.22710201
30.50000000621366,0.90117,1.7105037,0.7344061,0.2257842
30.550000006223847,0.8571223,1.7180257,0.7382618,0.266313
30.600000006234033,0.8770568,1.7849165,0.631675,0.2909245
30.65000000624422,0.87851727,1.7020955,0.72558534,0.2745883
30.700000006254406,0.9280474,1.7418694,0.77444845,0.2350958
30.750000006264592,0.92146003,1.777843,0.915597,0.4043853
30.80000000627478,0.8826139,1.8109316,0.8268186,0.20245872
30.850000006284958,0.8956551,1.7669382,0.84310764,0.25394866
30.90000000629515,0.920242,1.7413166,0.65452427,0.2048755
30.950000006305338,0.874066,1.7694707,0.6058651,0.30989018
31.000000006315524,0.9550468,1.7830871,0.6639587,0.33349198
31.05000000632571,0.86442137,1.6629399,0.5243398,0.26814342
31.100000006335897,0.94668895,1.7787068,0.58223635,0.26712036
31.150000006346083,0.9188849,1.7499202,0.62275624,0.2547771
31.20000000635627,0.87065613,1.7510492,0.5784277,0.259319
31.250000006366456,0.9434131,1.7066374,0.73206776,0.26421386
31.300000006376642,0.95246464,1.6947279,0.61881435,0.2550366
31.35000000638683,0.9326719,1.7361808,0.6291771,0.32771334
31.400000006397008,0.9268869,1.6570772,0.5820063,0.23648532
31.4500000064072,0.8945275,1.5976894,0.6682391,0.35481578
31.500000006417388,0.80703676,1.5983176,0.7756814,0.3149954
31.550000006427574,0.95825374,1.6677755,0.4326078,0.20354228
31.60000000643776,0.83200186,1.6529233,0.55448174,0.26243222
31.650000006447947,0.92091626,1.6345487,0.5644801,0.27755243
31.700000006458133,0.9586179,1.7189163,0.5691476,0.3159803
31.75000000646832,0.9131329,1.6562853,0.5820184,0.3096866
31.800000006478506,0.88512397,1.6759884,0.63551337,0.29388613
31.850000006488692,0.9001715,1.7632998,0.634695,0.27835485
31.90000000649888,0.83566123,1.6751521,0.48519963,0.2781669
31.950000006509065,0.83972406,1.5981829,0.53755456,0.26602405
32.00000000651925,0.88753337,1.674048,0.5149387,0.31045553
32.050000006529444,0.8493716,1.6400058,0.57939696,0.2868459
32.100000006539624,0.90754604,1.6621886,0.5128858,0.3950496
32.15000000654981,0.90921015,1.7091483,0.7021838,0.37960935
32.20000000656,0.90303516,1.7637639,0.66302896,0.32042277
32.25000000657018,0.9536583,1.7640275,0.7034275,0.23122995
32.30000000658037,0.90964264,1.6445131,0.76805407,0.3969374
32.35000000659056,0.94908655,1.68025,0.50980324,0.2288428
32.40000000660074,0.96997035,1.7235823,0.6609764,0.29788384
32.45000000661093,1.0408823,1.7011589,0.5899201,0.2980129
32.500000006621114,1.0073804,1.6885906,0.5400434,0.22007807
32.5500000066313,0.87295747,1.7278996,0.51917815,0.19720137
32.60000000664149,0.8878932,1.6111554,0.7567923,0.20223068
32.65000000665167,0.9105264,1.6889658,0.6297001,0.25063193
32.70000000666186,0.9065858,1.7593329,0.31142917,0.24416582
32.750000006672046,0.9860585,1.7285175,0.61180955,0.20547526
32.80000000668223,0.9923074,1.7520202,0.552942,0.2726601
32.85000000669242,0.89928055,1.6975441,0.4388346,0.30144614
32.90000000670261,0.87327236,1.7933495,0.45918727,0.21930087
32.95000000671279,0.87839836,1.7212296,0.6002184,0.25031877
33.00000000672298,0.89607084,1.7167901,0.8630426,0.28734413
33.050000006733164,0.89186186,1.7380859,0.7588463,0.3106487
33.10000000674335,0.89553684,1.7985697,0.505176,0.2571867
33.15000000675354,0.8411946,1.7137109,0.462541,0.25111634
33.20000000676372,0.80452263,1.6596562,0.48980528,0.21226516
33.25000000677391,0.87317675,1.7035495,0.67958444,0.2967664
33.300000006784096,0.8215999,1.7233667,0.49745464,0.27177295
33.35000000679428,0.8655398,1.6800904,0.48798338,0.21712272
33.40000000680447,0.86171603,1.7256095,0.4250384,0.23736827
33.450000006814655,0.9339788,1.7125838,0.7053423,0.2818147
33.50000000682484,0.80891085,1.6930428,0.43985254,0.22344902
33.55000000683503,0.9032216,1.6639099,0.7982062,0.25679767
33.600000006845214,0.8513051,1.7121445,0.55760765,0.2679483
33.6500000068554,0.83089197,1.7197952,0.6512468,0.31917217
33.700000006865594,0.89604443,1.7315936,0.51349807,0.24449947
33.75000000687577,0.89102864,1.801448,0.7189585,0.30450752
33.80000000688596,0.933784,1.7458565,0.79148084,0.32518303
33.85000000689615,0.96776855,1.7128127,1.178142,0.27692547
33.90000000690633,0.94966924,1.7674675,0.7160722,0.20008194
33.95000000691652,0.97026837,1.7233669,0.5903361,0.28192386
34.000000006926705,0.9879419,1.7845192,1.30038,0.30737334
34.05000000693689,1.0073714,1.8115005,1.3933899,0.34795627
34.100000006947084,0.9941152,1.7947884,1.1763163,0.30375394
34.150000006957264,0.96852493,1.7139919,1.2406207,0.40303266
34.20000000696745,0.9841737,1.7828794,1.2234985,0.28900948
34.25000000697764,0.9197067,1.7307892,1.1762046,0.36348003
34.30000000698782,0.94036585,1.7164065,1.357971,0.4211472
34.35000000699801,0.96833175,1.7412704,1.313314,0.4624599
34.400000007008195,0.92551917,1.6764607,1.2222551,0.30743837
34.45000000701838,0.88404185,1.6739814,1.3150826,0.27331933
34.50000000702857,0.9144252,1.702667,1.0007101,0.338373
34.550000007038754,0.9820361,1.7319105,1.3584429,0.3456232
34.60000000704894,0.9695726,1.6916837,1.4136839,0.3743499
34.65000000705913,0.8934722,1.7374804,1.0599792,0.26873934
34.70000000706931,0.9287607,1.6671342,1.1799608,0.4275918
34.7500000070795,0.8892839,1.7249249,1.3546507,0.3223706
34.800000007089686,0.9668282,1.787442,1.231868,0.3575322
34.85000000709987,0.88148713,1.735105,1.0152595,0.28473067
34.90000000711006,0.93603456,1.7193292,1.375251,0.23063047
34.95000000712024,0.91873586,1.7373384,1.1106942,0.36663178
35.00000000713043,1.01402,1.7926775,1.168524,0.30218515
35.05000000714062,0.99363923,1.74219,1.2499123,0.30645615
35.100000007150804,0.9384979,1.7486317,1.1379821,0.43446147
35.15000000716099,0.9395369,1.7280759,1.0640773,0.29432544
35.20000000717118,0.91907144,1.7275252,1.0130856,0.2524603
35.25000000718136,0.958146,1.7907201,1.166734,0.2792376
35.30000000719155,0.91634333,1.764947,1.2331467,0.30081785
35.350000007201736,0.98577684,1.8357962,1.1322393,0.38211736
35.40000000721192,0.99405,1.8106892,1.1832602,0.4407847
35.45000000722211,0.9194331,1.7506614,0.91918,0.30834264
35.50000000723229,0.9152079,1.7284114,0.9558136,0.4010777
35.55000000724248,0.9966582,1.7546473,0.83383745,0.28492507
35.60000000725267,0.9369772,1.7006538,1.0848525,0.31969222
35.650000007262854,0.9269432,1.8034666,1.0795277,0.23623152
35.70000000727304,0.9331388,1.8180991,0.99554,0.32542422
35.75000000728323,0.9223949,1.7185503,1.0412751,0.30066442
35.80000000729341,1.0285594,1.8081598,1.163434,0.28594896
35.8500000073036,0.9819045,1.8518006,0.6514308,0.18543908
35.900000007313785,1.0527565,1.7882812,0.47868162,0.2444051
35.95000000732397,0.9187735,1.7686653,0.7424688,0.19958162
36.00000000733416,1.0251244,1.8217905,0.71216536,0.28344744
36.050000007344345,0.9123485,1.7545015,0.71493024,0.24622974
36.10000000735453,0.9646431,1.8535517,0.69874775,0.31220454
36.150000007364724,1.0676818,1.8120657,0.72739863,0.18616758
36.2000000073749,0.99773294,1.9211767,0.743747,0.28580368
36.25000000738509,1.0799513,1.8313944,0.559982,0.29956248
36.30000000739528,1.0110058,1.8499081,0.73160285,0.18144779
36.35000000740546,1.0600188,1.8634187,0.36963773,0.216406
36.40000000741565,0.951491,1.789839,0.8085888,0.32165408
36.45000000742584,0.99746835,1.8429139,0.80861336,0.25830865
36.50000000743602,1.0808331,1.8701588,0.5983881,0.28863138
36.55000000744621,1.0684736,1.8945557,0.46579215,0.23279457
36.600000007456394,0.9721782,1.8821664,0.6139992,0.18627496
36.65000000746658,1.0416565,1.8277128,0.49860328,0.30355638
36.70000000747677,0.93975055,1.7858219,0.46353284,0.20024332
36.75000000748695,1.0315598,1.833567,0.5696653,0.24429178
36.80000000749714,0.99545455,1.7272693,0.45354128,0.24746352
36.850000007507326,0.9702537,1.7408968,0.7435625,0.32002404
36.90000000751751,0.99119,1.6901431,0.5896438,0.19825158
36.9500000075277,0.9740926,1.7696296,0.4631958,0.26028407
37.00000000753789,0.99870294,1.8748732,0.68676376,0.25084668
37.05000000754807,1.0552938,1.8582695,0.46913767,0.36077428
37.10000000755826,1.0765758,1.914246,0.6813754,0.32093596
37.150000007568444,0.9324876,1.8351135,0.6269503,0.1935324
37.20000000757863,0.9351311,1.8129998,0.593646,0.22670883
37.25000000758882,0.99590355,1.7560363,0.65729076,0.30760843
37.300000007599,0.9580096,1.767905,0.51959145,0.2656769
37.35000000760919,0.98757315,1.8586602,0.69605386,0.27488503
37.400000007619376,1.0119094,1.8869963,0.58360845,0.24511524
37.45000000762956,0.99013275,1.8174016,0.52697295,0.21370955
37.50000000763975,1.011333,1.8361828,0.85228086,0.2656595
37.550000007649935,1.0064365,1.8092955,0.6725642,0.2764863
37.60000000766012,0.9516947,1.7068403,0.7264864,0.3095823
37.65000000767031,1.0659777,1.853008,0.79446137,0.21277905
37.700000007680494,0.9596555,1.8492334,0.62651,0.19860816
37.75000000769068,1.0164053,1.8788021,0.81389314,0.20563988
37.80000000770087,0.9207768,1.8433629,0.6168384,0.27060452
37.85000000771105,0.9110456,1.8491461,0.39432925,0.22266978
37.90000000772124,0.87935776,1.7805825,0.43855572,0.2196513
37.950000007731425,0.87801075,1.7854338,0.9889949,0.239015
38.00000000774161,0.92865443,1.7721199,0.628362,0.2261382
38.0500000077518,0.8931876,1.7593206,0.49107566,0.25807035
38.100000007761984,0.8998063,1.7351208,0.6202402,0.30306447
38.15000000777217,0.98215604,1.83535,0.66332453,0.23340167
38.200000007782364,0.95101035,1.754691,0.6048331,0.26100403
38.25000000779254,0.8829599,1.7376782,0.65147674,0.2222134
38.30000000780273,0.9180182,1.7563062,0.5641242,0.31792152
38.35000000781292,0.9520695,1.733051,0.45939717,0.22759593
38.4000000078231,0.8509802,1.6928077,0.69700396,0.19597292
38.45000000783329,0.82741976,1.7881384,0.599661,0.27411172
38.500000007843475,0.8866048,1.7422694,0.6392047,0.2979458
38.55000000785366,0.9403864,1.8035649,0.49327,0.23118338
38.60000000786385,0.9248594,1.8000219,0.40207082,0.2388283
38.650000007874034,0.92484796,1.7227778,0.4580704,0.24496458
38.70000000788422,0.9474918,1.8125783,0.59818274,0.23746544
38.75000000789441,0.96483994,1.8222915,0.58702046,0.32983273
38.80000000790459,0.84642315,1.7494459,0.6175293,0.23948433
38.85000000791478,0.89832485,1.8536079,0.4344015,0.23220576
38.900000007924966,1.0001155,1.8603845,0.67950594,0.2215201
38.95000000793515,0.9475264,1.9170799,0.57690376,0.23280779
39.00000000794534,0.9778055,1.9531269,0.58127844,0.28231645
39.05000000795552,1.0092187,1.9029784,0.62761307,0.44298118
39.10000000796571,0.8997861,1.8320963,0.4304138,0.28657225
39.1500000079759,0.9461004,1.809412,0.78679687,0.31664652
39.200000007986084,0.9398169,1.8349679,0.77181005,0.29720145
39.25000000799627,0.9724527,1.8878525,0.53584135,0.2959827
39.30000000800646,0.9515029,1.7389494,0.64962626,0.25814784
39.35000000801664,0.91137123,1.8670629,0.62874055,0.28762773
39.40000000802683,1.02565,1.8102843,0.6419781,0.26082718
39.450000008037016,1.0158798,1.8828797,0.6548795,0.33063388
39.5000000080472,0.93093103,1.8168447,0.29686543,0.26785645
39.55000000805739,0.95394874,1.8621466,0.42085385,0.26935107
39.60000000806757,0.88805324,1.8835474,0.49800876,0.22709522
39.65000000807776,0.9389583,1.8682604,0.51016325,0.22512925
39.70000000808795,0.9916061,1.9528391,0.42553592,0.25865975
39.750000008098134,0.9689707,1.9499972,0.6382709,0.27020633
39.80000000810832,0.96366847,1.8845786,0.61542267,0.25356677
39.850000008118506,0.96353185,1.8672099,0.8576455,0.28814065
39.90000000812869,0.9467368,1.8175048,0.52410877,0.26716068
39.95000000813888,0.9448426,1.834497,0.6517246,0.2791109
40.00000000814906,0.9743407,1.9166737,0.75818014,0.26560742
40.05000000815925,0.9651712,1.8292935,0.4861526,0.29062825
40.10000000816944,0.9301054,1.8147881,0.78084147,0.29665232
40.150000008179624,0.91621923,1.8305812,0.499968,0.22354537
40.20000000818981,0.9432019,1.8247689,0.64480495,0.28293142
40.250000008200004,0.96887976,1.8877889,0.5661195,0.36829358
40.30000000821018,0.9038769,1.825478,0.71897626,0.2598878
40.35000000822037,1.0182295,1.859467,0.8942535,0.27999675
40.40000000823056,0.90561265,1.8798375,0.45418358,0.26923114
40.45000000824074,0.9286517,1.8236716,0.57993084,0.2327417
40.50000000825093,0.9464801,1.8296529,0.7758865,0.27966145
40.55000000826112,0.9163862,1.7962787,0.59790725,0.2289436
40.6000000082713,0.9445969,1.7481433,0.5240543,0.20232193
40.65000000828149,0.9571272,1.7443956,0.60399586,0.23002276
40.700000008291674,0.9374124,1.7719891,0.827847,0.2977289
40.75000000830186,0.90434283,1.7768672,0.5462481,0.20607328
40.80000000831205,0.9397221,1.8112454,0.81015974,0.29326263
40.85000000832223,0.8889145,1.7848165,0.58433294,0.31171638
40.90000000833242,0.9458021,1.8344884,0.7871175,0.3139977
40.950000008342606,0.95242023,1.7494438,1.0113312,0.24906822
41.00000000835279,0.9580973,1.8579006,1.3911188,0.26470822
41.05000000836298,0.8978287,1.7706859,0.86970454,0.30407783
41.10000000837317,0.89353824,1.7784892,1.2174051,0.30921438
41.15000000838335,0.864672,1.7333226,1.3776081,0.35522306
41.20000000839354,0.8777752,1.7389436,1.106285,0.30491138
41.250000008403724,0.9472423,1.7814517,1.1980102,0.24919787
41.30000000841391,0.9499988,1.7967865,0.57936674,0.32678738
41.3500000084241,0.94551694,1.8131003,0.6323266,0.34560543
41.40000000843428,0.9177568,1.7897207,0.47643626,0.2551331
41.45000000844447,0.93238205,1.7788386,0.5446168,0.28095102
41.500000008454656,0.99758816,1.8007983,0.66022503,0.37181017
41.55000000846484,0.9415042,1.7434663,0.792915,0.34170687
41.60000000847503,1.0367768,1.7994906,0.52578455,0.22968815
41.650000008485215,0.94366395,1.7703984,0.51947653,0.26426625
41.7000000084954,1.0330219,1.7610226,0.75669897,0.21243176
41.750000008505594,0.9747503,1.798395,0.51813114,0.2798099
41.800000008515774,0.9947288,1.8197665,0.49826148,0.23934299
41.85000000852596,1.0823213,1.905145,0.8614046,0.32916516
41.90000000853615,1.0197383,1.8290768,0.5925571,0.2895306
41.95000000854633,1.1518131,1.8903155,0.81413335,0.31388012
42.00000000855652,1.0958778,1.8001173,0.5158933,0.30435595
42.050000008566705,1.0311581,1.8414948,0.7602812,0.31888288
42.10000000857689,0.924791,1.8442,0.5703341,0.28606728
42.15000000858708,0.8928348,1.8166143,0.49005014,0.26136917
42.200000008597264,0.97728956,1.7793612,0.32196963,0.270934
42.25000000860745,0.97854805,1.8317916,0.5965121,0.2647024
42.300000008617644,0.9404006,1.782784,0.65470564,0.2455228
42.35000000862782,1.0529258,1.8788519,0.5608511,0.2196583
42.40000000863801,1.0137833,1.8260438,0.56523126,0.257097
42.4500000086482,1.0422448,1.8011634,0.64520335,0.19594938
42.50000000865838,1.0314546,1.8514891,0.9147524,0.33916306
42.55000000866857,0.9773427,1.7717326,0.78845626,0.27623588
42.600000008678755,0.9746772,1.8556817,0.63521194,0.24070798
42.65000000868894,0.9904883,1.8452407,0.49870148,0.27124608
42.70000000869913,0.9670734,1.8158538,0.41245335,0.26699367
42.750000008709314,1.0369664,1.8106867,0.46485204,0.2643128
42.8000000087195,0.9203892,1.7146999,0.7057547,0.33074555
42.85000000872969,1.0433223,1.780902,0.5828408,0.33565733
42.90000000873987,0.9782113,1.7852523,0.3340187,0.22099176
42.95000000875006,0.9777465,1.8160183,0.41709605,0.22933966
43.000000008760246,1.0653899,1.8262328,0.54539436,0.23837058
43.05000000877043,1.0237417,1.9411817,0.5014529,0.2702917
43.10000000878062,1.0353388,1.895566,0.46129283,0.27943033
43.1500000087908,0.998389,1.9210786,0.56798714,0.28790033
43.20000000880099,1.0427871,1.8110547,0.51941687,0.2946545
43.25000000881118,1.0846596,1.9414091,0.4612158,0.24764994
43.300000008821364,1.1209689,1.9813241,0.5610317,0.29825026
43.35000000883155,1.0795193,1.9155447,0.6563806,0.24783619
43.40000000884174,1.0649596,1.8952818,0.3910571,0.3177812
43.45000000885192,1.0047648,1.9339691,0.510171,0.3329565
43.50000000886211,0.96431166,1.8705343,0.4941935,0.22115178
43.550000008872296,1.0665061,1.8687043,0.5959551,0.25393653
43.60000000888248,1.0518225,1.8387367,0.7112796,0.34673846
43.65000000889267,1.0717913,1.8397331,0.5733249,0.22174218
43.70000000890285,1.0337002,1.8673446,0.3846191,0.22053885
43.75000000891304,1.0504086,2.0111446,0.56405413,0.19765325
43.80000000892323,0.98341936,2.0053604,0.515651,0.32654253
43.850000008933414,0.97691023,2.010608,0.57229483,0.25259432
43.9000000089436,0.9888165,1.918236,0.81486297,0.2889616
43.950000008953786,0.9989656,1.8914319,0.4868328,0.26964787
44.00000000896397,0.9465163,1.9640784,0.61243796,0.23587313
44.05000000897416,0.94633234,1.9715785,0.7422464,0.25217378
44.10000000898434,1.0184536,1.9157441,0.6882534,0.2211935
44.15000000899453,1.0837705,1.8822378,0.614673,0.22610417
44.20000000900472,1.0220567,1.8811717,0.53655374,0.2712631
44.250000009014904,1.0483493,1.8684745,0.79013044,0.24039464
44.30000000902509,0.9916059,1.8315154,0.69391614,0.22451349
44.350000009035284,1.0138704,1.8248469,0.3684106,0.21060647
44.40000000904546,1.0391294,1.839242,0.4565753,0.28554523
44.45000000905565,0.9075067,1.7844818,0.39101347,0.24830744
44.50000000906584,0.9490814,1.887496,0.54796225,0.25357282
44.55000000907602,1.0266558,1.8427308,0.6071882,0.33732587
44.60000000908621,0.9529369,1.9200108,0.49124944,0.30295786
44.6500000090964,1.0097721,1.9207509,0.53423387,0.29112005
44.70000000910658,0.9698671,1.8124847,0.4150409,0.26916257
44.75000000911677,0.9595586,1.8749582,0.5300014,0.22650519
44.800000009126954,0.9603895,1.8565999,0.49461994,0.2618924
44.85000000913714,1.0449241,1.8689543,0.4957165,0.26282462
44.90000000914733,0.98979557,1.9430758,0.619541,0.17117947
44.95000000915751,0.8917218,1.8680502,0.4008989,0.28222924
45.0000000091677,1.0030673,1.9577894,0.5171066,0.32040834
45.050000009177886,1.001568,1.9197001,0.43357742,0.22514291
45.10000000918807,0.939461,1.9172704,0.50032514,0.20575954
45.15000000919826,0.9642296,1.9675026,0.5555674,0.27290818
45.20000000920845,1.0468329,1.8386221,0.54021406,0.26092154
45.25000000921863,0.9890503,1.8759372,0.5303915,0.38881338
45.30000000922882,0.962384,1.9005097,0.76266503,0.21676822
45.350000009239004,0.9442839,1.7340786,0.67859507,0.20367825
45.40000000924919,0.9618802,1.7339461,0.7054108,0.2652945
45.45000000925938,1.0227094,1.79042,0.5624412,0.35930035
45.50000000926956,1.0913806,1.9830948,0.5199541,0.3856754
45.55000000927975,0.9849673,1.8519682,0.80832833,0.3372392
45.600000009289936,1.0268174,1.806582,0.46442783,0.22483526
45.65000000930012,1.1089144,1.8509784,0.6674191,0.25181976
45.70000000931031,1.1157686,1.8763039,0.7062421,0.34251168
45.750000009320495,1.0312902,1.8693259,0.7651932,0.27771863
45.80000000933068,0.9946564,1.7919359,0.80132484,0.2842224
45.850000009340874,1.039354,1.9299545,0.59862775,0.23205999
45.900000009351054,1.0672915,1.8966918,0.6191509,0.21662624
45.95000000936124,0.9938594,1.8189113,0.7122689,0.2918799
46.00000000937143,0.99027485,1.8410243,0.5073448,0.34601018
46.05000000938161,0.99431396,1.9177756,0.44259462,0.24134615
46.1000000093918,1.0700233,2.0007992,0.7632572,0.34248024
46.150000009401985,1.0398283,1.9699018,0.5893097,0.27708095
46.20000000941217,1.0471227,1.9440914,0.8764117,0.24236375
46.25000000942236,1.0236813,2.0317254,0.53509885,0.2866474
46.300000009432544,0.9907749,2.0049493,0.6765175,0.32235152
46.35000000944273,1.0277122,1.9329801,0.63469917,0.23584703
46.400000009452924,1.0564566,1.9594897,1.0352206,0.38132757
46.4500000094631,1.0479267,1.9817512,0.4459805,0.3493768
46.50000000947329,0.99319047,1.9915559,0.59518945,0.1930868
46.55000000948348,0.9607682,1.9316933,0.56679773,0.3042953
46.60000000949366,1.0152199,2.0224257,0.55443335,0.27538258
46.65000000950385,0.9957385,1.9281607,0.86458004,0.31207642
46.700000009514035,0.99997306,1.9564636,0.59368277,0.29764104
46.75000000952422,0.9487596,1.9460089,0.65843946,0.22668846
46.80000000953441,0.9637493,2.0189989,0.5708777,0.29021513
46.850000009544594,1.0034676,1.935593,0.6328343,0.2788683
46.90000000955478,1.0658078,1.9266486,0.764254,0.31059423
46.95000000956497,1.0070778,2.0126593,0.5161077,0.32097912
47.00000000957515,0.95603263,1.8632103,0.44872865,0.33437178
47.05000000958534,1.0015004,1.8357761,0.8685137,0.36421984
47.100000009595526,0.9800701,1.8222373,0.4416718,0.22781882
47.15000000960571,1.0082271,1.7973835,0.51659185,0.23205334
47.2000000096159,1.0030248,1.9035381,0.54224503,0.2714615
47.25000000962608,1.0797452,1.8754793,0.4402167,0.18624194
47.30000000963627,1.0544025,1.8820697,0.87721086,0.2959567
47.35000000964646,1.0250353,1.8474473,0.5798414,0.27780172
47.400000009656644,1.0034721,1.8583435,0.77157444,0.2582074
47.45000000966683,1.0702832,1.8642917,0.59456086,0.26060298
47.50000000967702,1.0612143,1.981878,0.5741141,0.26106888
47.5500000096872,1.0952531,2.0095923,0.543247,0.26329824
47.60000000969739,1.0085498,1.9182448,0.6324894,0.22962786
47.650000009707576,0.994771,1.8798007,0.36278284,0.24071437
47.70000000971776,0.9917085,1.9439291,0.7303072,0.26163387
47.75000000972795,0.9871718,1.8085239,0.48364773,0.25586155
47.800000009738135,0.9771258,1.9168508,0.6037488,0.282926
47.85000000974832,0.9750429,1.9461713,0.56029594,0.23981167
47.90000000975851,1.0066822,1.934442,0.5605496,0.25215548
47.950000009768694,1.0326264,1.9891936,0.8008113,0.22126304
48.00000000977888,0.99642766,2.0428815,0.37491766,0.2998704
48.050000009789066,0.943459,2.0191185,0.49296355,0.21426304
48.10000000979925,0.9525961,1.902533,0.5290305,0.31023744
48.15000000980944,0.9989853,1.9760561,0.67226976,0.33644465
48.20000000981962,1.044479,1.9857609,0.37989783,0.26081538
48.25000000982981,0.93997484,1.966541,0.5709945,0.2312366
48.30000000984,0.9715779,2.0266564,0.41408467,0.25904006
48.350000009850184,0.9791881,1.9553068,0.5698507,0.22717652
48.40000000986037,0.93738544,2.0771716,0.60921204,0.23837702
48.450000009870564,0.95397234,2.0793498,0.641269,0.33548313
48.50000000988074,1.0066186,2.0495894,0.48222896,0.31627223
48.55000000989093,1.0046821,1.9738735,0.5128697,0.2566239
48.60000000990112,1.0132855,2.0488777,0.76306546,0.27646407
48.6500000099113,0.9804146,1.9156747,0.66763407,0.28618553
48.70000000992149,1.0157421,1.9320221,0.6388755,0.28918508
48.75000000993168,1.122509,1.9162345,0.6391486,0.257091
48.80000000994186,0.98570025,1.9512297,0.45683268,0.25193578
48.85000000995205,0.99958485,2.0144918,0.46953928,0.19056898
48.900000009962234,1.0392538,2.0174727,0.6811185,0.28246891
48.95000000997242,1.0875279,2.088009,0.56250024,0.27121773
49.00000000998261,1.0481927,2.0270333,0.5270668,0.3063909
49.05000000999279,1.0186536,2.0266666,0.58456534,0.27125743
49.10000001000298,1.0204254,1.9169226,0.5012876,0.22953407
49.150000010013166,0.9845177,1.934047,0.6140373,0.3609022
49.20000001002335,1.0289104,1.9228507,0.4793756,0.25245422
49.25000001003354,1.116127,2.034764,0.59824497,0.31346327
49.30000001004373,1.0403948,1.9903996,0.7937915,0.22345589
49.35000001005391,1.0662003,2.0932362,0.40853965,0.2571209
49.4000000100641,0.9892375,1.9669242,0.73577106,0.24656059
49.450000010074284,0.9565635,1.958107,0.6077176,0.31756815
49.50000001008447,1.0105674,2.0083241,0.63647956,0.27548867
49.55000001009466,0.9586835,1.8652536,0.4675684,0.305103
49.60000001010484,0.967055,1.9210796,0.4837076,0.2970254
49.65000001011503,1.0890749,1.9754999,0.78111535,0.36553514
49.700000010125216,1.0402657,1.9406778,0.96045613,0.591292
49.7500000101354,0.94891965,1.9780395,0.59920424,0.2793808
49.80000001014559,0.94976074,1.9376551,0.5069847,0.29630992
49.850000010155775,0.96139514,2.0452895,0.6587012,0.35152748
49.90000001016596,0.97125655,2.0953639,0.39866146,0.20800494
49.950000010176154,0.9963059,2.1198273,0.63300997,0.38924038
50.000000010186334,0.9417313,2.0890796,0.6195069,0.21713689
50.05000001019652,0.98578274,1.9748976,0.6836767,0.35167623
50.10000001020671,1.0515754,2.2024522,0.5673088,0.32302365
50.15000001021689,0.9747392,2.0828643,0.6012763,0.2599174
50.20000001022708,1.0238105,2.040606,0.6749054,0.3762761
50.250000010237265,1.0464354,2.1861947,0.7057122,0.31109402
50.30000001024745,1.0239767,2.0676713,0.59953606,0.3283979
50.35000001025764,1.0627438,2.0309672,0.6717222,0.29411632
50.400000010267824,0.9875795,1.8596969,0.5602651,0.37028044
50.45000001027801,0.97860986,1.9467084,0.78374946,0.29709274
50.500000010288204,0.9166902,1.9599898,0.571074,0.28671715
50.55000001029838,1.0631902,1.9193469,0.51883805,0.29162157
50.60000001030857,1.0236655,2.026862,0.3910853,0.25291684
50.65000001031876,0.995046,2.005722,0.6152007,0.24176008
50.70000001032894,1.0166051,2.014123,0.72330946,0.3171222
50.75000001033913,1.0824237,1.9811285,0.7258824,0.3458501
50.800000010349315,1.0471987,2.1002488,0.58023983,0.30586332
50.8500000103595,0.9415943,1.8950746,0.4678705,0.21664044
50.90000001036969,1.0195386,1.9667368,0.5809377,0.30121136
50.950000010379874,1.0221518,1.8358635,0.50979054,0.22450663
51.00000001039006,1.0152986,1.951498,0.45641774,0.35033527
51.05000001040025,1.0017265,1.819631,0.43542242,0.28173286
51.10000001041043,1.0783435,1.91814,0.5514727,0.25224087
51.15000001042062,0.9976551,1.8724208,0.32994354,0.21918862
51.200000010430806,1.114953,2.088853,0.7007824,0.3504889
51.25000001044099,1.0350608,1.9852322,0.74864924,0.3083127
51.30000001045118,0.9960742,1.9684142,0.4552219,0.30845237
51.35000001046136,1.0026946,1.9089153,0.7346341,0.37181017
51.40000001047155,1.0716143,1.9869293,0.4810104,0.3104456
51.45000001048174,0.97004557,1.8677498,0.7317269,0.30713803
51.500000010491924,0.9717033,1.8771766,0.7489748,0.30820292
51.55000001050211,1.0568335,1.9382765,0.7643729,0.27178428
51.6000000105123,1.0546293,1.9246094,0.68530625,0.2742856
51.65000001052248,1.0059917,1.9241637,0.6051285,0.25927153
51.70000001053267,1.0605588,1.8394948,0.4659719,0.20939055
51.75000001054285,0.98074144,1.8228345,0.544237,0.34615684
51.80000001055304,0.9785458,1.8425252,0.53756744,0.30371848
51.85000001056323,1.0731971,1.9000171,0.51972073,0.31797475
51.900000010573414,0.9813294,1.9776224,0.62438655,0.28878587
51.9500000105836,0.962325,1.9339083,0.47364223,0.26290655
52.00000001059379,1.0154845,1.9590641,0.550145,0.3141642
52.05000001060397,1.0169814,1.8703866,0.62123245,0.22972165
52.10000001061416,1.0522327,1.884268,0.6226317,0.33098263
52.150000010624346,1.1353605,2.0243623,0.6148864,0.23692721
52.20000001063453,1.0400418,1.9864446,0.58554786,0.4211947
52.25000001064472,1.0163026,2.0472913,0.57440186,0.245247
52.3000000106549,1.0456787,1.9597446,0.56138426,0.31030685
52.35000001066509,1.0264089,2.0601726,0.6489084,0.36805546
52.40000001067528,1.0026757,1.9659429,0.6703292,0.29276916
52.450000010685464,1.0511816,2.0401518,0.69613105,0.24508385
52.50000001069565,1.0036225,2.1106102,0.51716554,0.17585999
52.550000010705844,0.9920061,2.0224326,0.9755478,0.24576075
52.60000001071602,1.0347956,1.9962584,0.65679365,0.32878175
52.65000001072621,0.97675854,2.0027099,0.5003378,0.23140949
52.7000000107364,0.9921638,1.9949185,0.56038326,0.3257313
52.75000001074658,0.9617155,1.976313,0.47569707,0.25264302
52.80000001075677,0.9923804,1.8589203,0.6312165,0.3737166
52.85000001076696,0.98816216,1.9891067,0.5309732,0.25747362
52.90000001077714,1.0029132,2.059292,0.36719,0.2946023
52.95000001078733,0.9949238,2.2354212,0.5111504,0.21785119
53.000000010797514,0.95273924,2.042817,0.7029346,0.26263142
53.0500000108077,1.0095872,2.0526187,0.57828045,0.3087016
53.10000001081789,1.0436981,2.0018277,0.5980811,0.3139585
53.15000001082807,0.9706836,1.9507371,0.45418793,0.25107345
53.20000001083826,0.989805,1.8517611,0.6880251,0.32610887
53.250000010848446,0.9754181,1.8989174,0.4382639,0.23200032
53.30000001085863,0.9835804,1.8243545,0.54510844,0.2299425
53.35000001086882,0.9802055,1.8565785,0.57635075,0.3115387
53.40000001087901,1.0452211,1.9413671,0.7187722,0.36725637
53.45000001088919,1.0917386,1.8763747,0.5792748,0.29760486
53.50000001089938,1.0045258,1.9270995,0.5599117,0.24095707
53.550000010909564,1.0225216,1.8698211,0.47234637,0.2961022
53.60000001091975,1.0414672,2.0224376,0.7485226,0.32939875
53.650000010929936,1.0452368,2.0469198,0.5996922,0.39821413
53.70000001094012,1.0473139,2.1495035,0.45637164,0.21564412
53.75000001095031,0.98643744,1.9956588,0.47125283,0.26160446
53.800000010960495,1.0483401,2.0617957,0.4506151,0.31332093
53.85000001097068,0.9983213,2.1322694,0.8833626,0.37978762
53.90000001098087,1.0867344,2.0751593,0.3521633,0.239015
53.950000010991054,0.9594035,1.914509,0.453759,0.23938155
54.00000001100124,1.0264974,2.0089092,0.5344201,0.26960224
54.050000011011434,0.9938854,2.0934136,0.5412837,0.25267345
54.10000001102161,1.0817488,2.0156612,0.4866227,0.32876772
54.1500000110318,1.0283982,1.939297,0.45615658,0.31479028
54.20000001104199,1.0316775,1.9576118,0.73999697,0.43041003
54.25000001105217,1.0663103,2.0621367,0.7251346,0.34199032
54.30000001106236,1.021245,2.0887895,0.47195452,0.2905118
54.350000011072545,1.0652559,2.0865932,0.6248872,0.3009099
54.40000001108273,1.1410031,2.0875814,0.76343393,0.27558917
54.45000001109292,1.055084,2.0158138,0.736869,0.2933046
54.500000011103104,1.1426761,2.1729975,0.65575486,0.41307107
54.55000001111329,1.0793384,2.0702686,0.62425035,0.31211582
54.600000011123484,1.0069488,2.0125184,0.4732609,0.31718525
54.65000001113366,1.0154423,2.0628757,0.7557324,0.33015904
54.70000001114385,1.0092794,1.9292097,0.58731776,0.3031355
54.75000001115404,1.0598643,1.9197481,0.78650707,0.31595108
54.80000001116422,1.074645,1.8671176,0.6351203,0.30474484
54.85000001117441,0.98297775,1.8489481,0.51596206,0.23759498
54.900000011184595,1.0435171,1.9624588,0.68776953,0.2597931
54.95000001119478,1.0260178,2.0318813,0.42202222,0.23001605
55.00000001120497,1.0019275,2.0011482,0.6449635,0.32650954
55.050000011215154,1.0383323,1.9518704,0.6639227,0.277774
55.10000001122534,1.0287626,1.9821144,0.659011,0.34446415
55.15000001123553,0.97608805,1.936342,0.633324,0.29241693
55.20000001124571,1.0266064,1.9144554,0.5693003,0.3588377
55.2500000112559,0.936991,1.8471901,0.93910027,0.3340634
55.300000011266086,0.9852457,1.9345572,0.70163673,0.2819675
55.35000001127627,0.9056589,1.7875785,0.49408987,0.31431592
55.40000001128646,0.9097188,1.9316937,0.7411837,0.2950979
55.45000001129664,0.93967503,1.9804102,0.6020095,0.2766365
55.50000001130683,0.9408414,1.9441336,0.42207268,0.30293247
55.55000001131702,0.91432744,1.9718525,0.64468014,0.32384163
55.600000011327204,0.93886757,1.9667512,0.69516987,0.31041092
55.65000001133739,0.9480431,1.8849386,0.46329737,0.27744713
55.700000011347576,0.905,1.9703585,0.4684159,0.31320798
55.75000001135776,0.8896874,1.9909489,0.39462504,0.3613196
55.80000001136795,0.9458173,2.0737152,0.58117247,0.31673396
55.85000001137813,1.0249443,2.031229,0.80103564,0.21241003
55.90000001138832,1.0602357,1.9796573,0.7204417,0.28087983
55.95000001139851,0.95585674,1.9653792,0.77795476,0.27291948
56.000000011408694,0.9966948,1.9520884,0.6849432,0.26055577
56.05000001141888,0.9631919,1.9882114,0.5337607,0.31937933
56.10000001142907,0.9142088,1.990239,0.7168409,0.31945157
56.15000001143925,0.8104858,1.8809353,0.4086801,0.3139144
56.20000001144944,0.84813863,1.9105215,0.39136654,0.33086178
56.250000011459626,0.94689375,1.9459789,0.7138732,0.32563213
56.30000001146981,0.8587774,1.9147217,0.7204206,0.29109362
56.35000001148,0.876484,1.7955481,0.6133039,0.27905577
56.40000001149018,0.8970969,1.8752247,0.44725788,0.30364758
56.45000001150037,0.9622334,1.8837941,0.40976167,0.26173967
56.50000001151056,0.93052995,1.9012372,0.6634986,0.40220365
56.550000011520744,0.96639204,1.8647455,0.58194333,0.23286062
56.60000001153093,0.9853529,1.9045407,0.6397969,0.18981683
56.650000011541124,0.96032685,1.9231579,0.6662598,0.2626607
56.7000000115513,0.9037801,1.8256342,0.6710572,0.27762446
56.75000001156149,0.97908825,1.938966,0.40250242,0.2477555
56.80000001157168,0.97985876,1.9633924,0.46949512,0.2772308
56.85000001158186,0.9596286,1.952754,0.586639,0.35742894
56.90000001159205,0.96967876,1.9628764,0.66797185,0.28473607
56.95000001160224,1.0081465,2.161434,0.75000024,0.26239118
57.00000001161242,1.0067301,1.9741163,0.56702685,0.31624305
57.05000001162261,0.97332567,1.9749663,0.33753473,0.258267
57.100000011632794,0.9510463,1.9474044,0.6837107,0.28919572
57.15000001164298,0.9155995,1.9317358,0.6502459,0.23674534
57.20000001165317,0.96392447,1.9481196,0.53644216,0.25870734
57.25000001166335,0.96398866,1.9082077,0.39977553,0.2685504
57.30000001167354,0.8899672,1.7931074,0.5437144,0.35008493
57.350000011683726,0.9796858,1.8816748,0.692071,0.3108467
57.40000001169391,0.967879,1.9150872,0.49125937,0.2878469
57.4500000117041,0.92268515,1.9932216,0.512934,0.25029418
57.50000001171429,0.9206798,1.9286795,0.4977357,0.21137923
57.55000001172447,0.9344554,1.8474565,0.66241294,0.29301074
57.60000001173466,0.9955794,1.9024401,0.6617978,0.35610098
57.650000011744844,0.96485937,1.88392,0.6113651,0.37965798
57.70000001175503,0.9597539,1.9182677,0.58585197,0.23958707
57.750000011765216,0.99914885,1.8601565,0.5140568,0.2823491
57.8000000117754,1.0549448,1.9956448,0.43569434,0.21623535
57.85000001178559,0.9935459,1.8473374,0.5113768,0.30763844
57.900000011795775,1.0548711,1.89179,0.60488856,0.2700355
57.95000001180596,1.0423007,1.8526866,0.57386553,0.33015436
58.00000001176521,0.9825546,1.7645262,0.6061635,0.44668114
58.0500000115935,0.97307616,1.8415794,0.5590009,0.34712863
58.100000011421784,0.9346442,1.8386908,0.5452819,0.26458618
58.15000001125007,0.9060323,1.9059622,0.5039111,0.29474846
58.20000001107836,0.9993317,2.023871,0.5906645,0.2981419
58.250000010906646,0.9636084,2.0201085,0.61078596,0.3945665
58.300000010734934,0.98716605,1.874522,0.6185578,0.29879642
58.35000001056322,0.94891435,1.9347899,0.6913615,0.339154
58.40000001039151,0.9489111,1.9829429,0.6359025,0.32913712
58.450000010219796,0.9538439,1.8428594,0.49444407,0.30355132
58.50000001004808,0.9976084,1.9986135,0.6129394,0.36841053
58.55000000987637,0.9666743,1.9203721,0.65080523,0.39829525
58.60000000970466,1.0079432,1.8772378,0.88484526,0.3015788
58.650000009532945,0.9672341,1.9370108,0.4380812,0.33555192
58.70000000936123,0.9256813,1.8899883,0.56341577,0.3045025
58.75000000918952,0.9563184,1.9457244,0.5352289,0.2951813
58.80000000901781,1.0495447,1.9504559,0.5258092,0.264685
58.850000008846095,0.94857955,1.8254833,0.5241816,0.27454346
58.90000000867438,1.0072968,1.9387434,0.7340441,0.2941477
58.95000000850267,0.9655898,1.9055475,1.0390533,0.4200281
59.00000000833096,0.9626579,1.9507159,0.52429295,0.35560393
59.050000008159245,1.0313627,1.8863995,0.689134,0.30643108
59.10000000798753,0.9914743,1.9103886,0.6914983,0.34555644
59.15000000781582,0.9087658,1.8222106,0.72841823,0.27964497
59.20000000764411,0.94843864,1.8140085,0.7970828,0.4366827
59.250000007472394,0.9292981,1.8082618,0.5080842,0.29284796
59.30000000730068,0.97192264,1.8141377,0.7354144,0.31125712
59.35000000712897,0.93205726,1.8566022,0.6208624,0.30384
59.40000000695726,0.9335191,1.9116511,0.7000123,0.35246265
59.450000006785544,0.96134627,2.0260885,0.6287059,0.30229712
59.50000000661383,0.94918597,1.871586,0.55376166,0.27151814
59.55000000644212,0.8967229,1.9328122,0.45043555,0.29780123
59.600000006270406,0.92435575,1.8863736,0.56061393,0.2948476
59.65000000609869,0.97417325,2.0217543,0.7850793,0.32659435
59.70000000592698,0.8777619,1.8953373,0.45165274,0.27845982
59.75000000575527,0.9625178,1.9833691,0.48987865,0.2879858
59.800000005583556,0.87600887,1.9675846,0.49439138,0.29325214
59.85000000541184,0.9278291,1.9477175,0.465824,0.26965356
59.90000000524013,0.9301468,1.9632211,0.5948261,0.25052145
59.95000000506842,1.0139514,1.9664214,0.8878124,0.32001442
60.000000004896705,1.0063965,2.1528063,0.69241047,0.3109407
60.05000000472499,0.9445596,1.9881561,0.55767965,0.31685048
60.10000000455328,0.979983,1.9935277,0.63358784,0.33499223
60.15000000438157,0.9768749,2.0007722,0.6356662,0.3590948
60.200000004209855,0.8872528,1.985841,0.59584427,0.24285196
60.25000000403814,0.96444166,2.0538816,0.7340432,0.30495173
60.30000000386643,0.88090205,2.0201735,0.6690342,0.22421868
60.35000000369472,0.9099648,1.9306762,0.84764093,0.2917323
60.400000003523004,0.8509817,1.9351704,0.8044857,0.34829205
60.45000000335129,0.93802786,1.9765717,0.699986,0.29014623
60.50000000317958,0.94660014,2.015054,0.5236162,0.2854644
60.55000000300787,0.985344,2.0492265,0.8132642,0.25259432
60.600000002836154,0.90571284,1.9942088,0.90710604,0.2753714
60.65000000266444,0.88665545,1.9290421,0.5801573,0.28414118
60.70000000249273,0.92455566,2.088647,0.5561172,0.2628656
60.750000002321016,0.8767215,2.0430954,0.65248466,0.2979561
60.800000002149304,0.8642152,1.987714,0.72209007,0.2872424
60.85000000197759,0.92692405,2.019927,0.87391263,0.33706582
60.90000000180588,0.9363142,1.9419891,0.62853277,0.28025484
60.950000001634166,0.86416364,1.9553183,0.5036796,0.21997319
61.00000000146245,0.97817117,2.1162481,0.73840666,0.26668814
61.05000000129074,0.9096232,2.0272589,0.67027265,0.2651611
61.10000000111903,0.9566063,1.996488,0.60622346,0.25166088
61.150000000947315,0.96873254,1.9705896,0.64950526,0.26993296
61.2000000007756,0.9158183,1.9865388,0.5838968,0.24605474
61.25000000060389,0.9478129,2.0097246,0.7107127,0.278388
61.30000000043218,0.93617326,1.9413512,0.6372375,0.22226185
61.350000000260465,0.96214926,1.9823073,0.5640895,0.22533414
61.40000000008875,0.9477445,1.9355525,0.5472814,0.3157514
61.44999999991704,0.923518,1.9831107,0.53684896,0.30187958
61.49999999974533,0.92176414,1.9412944,0.52000505,0.2788738
61.549999999573615,0.9251172,1.8652477,0.72939396,0.3475582
61.5999999994019,0.96198356,1.8970186,0.6183144,0.3383003
61.64999999923019,0.9551584,2.0132742,0.56969416,0.2950979
61.69999999905848,0.98811513,2.0029976,0.63411057,0.31131643
61.749999998886764,1.069956,1.9203694,0.38908952,0.24198265
61.79999999871505,1.0407625,1.982527,0.6750172,0.33612904
61.84999999854334,0.9945711,1.9371111,0.84527856,0.21261993
61.89999999837163,0.9814378,1.8791245,0.62862307,0.25150803
61.949999998199914,1.0433637,1.8784378,0.5689604,0.30173686
61.9999999980282,0.95989835,1.8744332,0.3979841,0.26836705
62.04999999785649,0.9631613,1.9874547,0.37637657,0.2267292
62.099999997684776,1.0788248,1.927423,0.5849328,0.30858198
62.14999999751306,0.95643467,1.9665406,0.7111831,0.2331511
62.19999999734135,0.92672145,1.9107554,0.5897892,0.24971582
62.24999999716964,0.9738976,2.1415236,0.4779908,0.2876491
62.299999996997926,0.93760496,2.0197952,0.6023279,0.31468275
62.34999999682621,0.9662414,1.9811434,0.6504116,0.2691454
62.3999999966545,0.97500974,1.9564784,0.7350076,0.22876886
62.44999999648279,1.0158718,1.9785534,0.5713681,0.22493786
62.499999996311075,1.0069556,2.0262458,0.6106427,0.32484704
62.54999999613936,0.9596434,1.8561064,0.5430902,0.2862984
62.59999999596765,1.0157908,1.9680879,0.53366774,0.25752142
62.64999999579594,0.9688499,1.9136856,0.6251109,0.2841358
62.699999995624225,1.0176101,1.8691952,0.51986045,0.28674397
62.74999999545251,0.91180444,1.8467991,0.5119472,0.21746957
62.7999999952808,0.96647906,1.9727379,0.5090343,0.21005797
62.84999999510909,1.0407131,1.915596,0.7188087,0.26716068
62.899999994937374,0.95684683,1.8136884,0.7060225,0.21001405
62.94999999476566,1.0304575,2.0041623,0.3874033,0.27738613
62.99999999459395,1.0225409,1.9810901,0.5391079,0.26761514
63.04999999442224,0.97592914,1.9960934,0.54848385,0.2758179
63.099999994250524,0.9659102,1.9323506,0.5679839,0.23626408
63.14999999407881,1.0371553,1.9666618,0.8057863,0.27646407
63.1999999939071,0.98328596,2.0079126,0.39693984,0.23200694
63.249999993735386,0.91963637,2.0251992,0.6419409,0.27945235
63.299999993563674,1.0021204,2.04815,0.6756416,0.2526674
63.34999999339196,0.8910325,1.8942051,0.6234514,0.20366314
63.39999999322025,1.0021598,1.9167356,0.66203773,0.32171625
63.449999993048536,0.99011135,1.9974107,0.5045502,0.22996256
63.49999999287682,1.0088251,2.0778635,0.5577644,0.20663978
63.54999999270511,1.0634298,2.0940409,0.47886506,0.2104238
63.5999999925334,0.97198224,2.1563478,0.43076408,0.26060298
63.649999992361685,1.0230409,2.0097322,0.7480092,0.24500227
63.69999999218997,1.042613,1.9250562,0.62523305,0.2708545
63.74999999201826,1.1064209,2.0860312,0.9638851,0.30281568
63.79999999184655,1.0948641,2.2053607,1.3573422,0.29574874
63.849999991674835,1.0852648,2.0752075,1.1452577,0.3805887
63.89999999150312,1.0509005,2.1002965,1.2549863,0.28776672
63.94999999133141,1.1290176,2.0896935,0.88794404,0.29435158
63.9999999911597,1.1006386,2.163091,0.87617373,0.23810586
64.04999999098798,1.0327976,2.106017,1.029529,0.33260983
64.09999999081627,1.0018709,2.1427429,1.1730661,0.20460504
64.14999999064456,1.0783988,2.075685,1.2347577,0.28967932
64.19999999047285,1.0776521,2.0923204,1.1880382,0.3262362
64.24999999030113,0.99556625,1.963821,1.0341848,0.40655142
64.29999999012942,1.0538883,1.981067,1.1034313,0.2518686
64.34999998995771,1.0751686,1.9845209,0.5298472,0.3372164
64.399999989786,0.9487435,1.9704721,0.6187957,0.27216318
64.44999998961428,1.030265,1.9621729,0.5381216,0.2472521
64.49999998944257,1.1184146,2.113205,0.3673792,0.26771283
64.54999998927086,1.1026756,2.122161,0.4612162,0.26644582
64.59999998909915,1.0823092,2.1702144,0.44993377,0.22522487
64.64999998892743,1.0505862,2.1890101,0.49481735,0.23286062
64.69999998875572,1.0516474,2.2470608,0.6737602,0.29403788
64.74999998858401,1.1144338,2.1788611,0.5278807,0.20087224
64.7999999884123,1.0261353,2.0822942,0.5676541,0.24599223
64.84999998824058,1.0086838,2.0529838,0.5079979,0.18265602
64.89999998806887,1.0371135,2.2154102,0.4597551,0.2362185
64.94999998789716,0.9865961,2.2522519,0.5884392,0.28174376
64.99999998772545,0.99321336,2.2730305,0.75594914,0.29863164
65.04999998755373,0.9720361,2.1694944,0.42304587,0.22662741
65.09999998738202,1.0606952,2.366903,0.8380094,0.31970665
65.14999998721031,1.0460477,2.2354774,0.69821596,0.28716746
65.1999999870386,1.054504,2.0802643,0.5405701,0.39480034
65.24999998686688,0.95142865,2.1485827,0.549237,0.18647304
65.29999998669517,1.004802,2.0977666,0.91778445,0.28189656
65.34999998652346,0.98886675,2.1214242,0.34108067,0.25424528
65.39999998635174,1.0835842,2.1325727,0.5536724,0.3245865
65.44999998618003,1.0018504,2.0954256,0.53247225,0.28783622
65.49999998600832,1.0325195,2.0615153,0.512022,0.1943968
65.5499999858366,1.0554374,2.1615005,0.62219477,0.20596129
65.5999999856649,1.0304079,2.0986211,0.5008274,0.3040981
65.64999998549318,1.1163868,2.1986082,0.7512739,0.31602895
65.69999998532147,1.0840578,2.1087878,0.52471805,0.24398938
65.74999998514976,1.1048307,2.22547,0.4828697,0.26989874
65.79999998497804,1.1056304,2.1999989,0.7773736,0.20005889
65.84999998480633,1.1181345,2.3638659,0.5147568,0.21887259
65.89999998463462,1.1772193,2.3664215,0.40141726,0.307118
65.9499999844629,1.1676482,2.1486418,0.97224486,0.33764946
65.9999999842912,1.137198,2.32021,0.72032464,0.23805417
66.04999998411948,1.0813329,2.1505396,0.40494564,0.24974047
66.09999998394777,1.0422026,2.1625152,0.5545552,0.25345755
66.14999998377606,1.0897175,2.1573815,1.1189655,0.26033133
66.19999998360434,1.0687964,2.204718,0.9733316,0.37457582
66.24999998343263,1.1230955,2.2128127,0.5955279,0.24755053
66.29999998326092,1.035631,2.1665432,0.41766685,0.2243627
66.3499999830892,1.0839192,2.2336028,0.5882654,0.33674625
66.39999998291749,1.0714914,2.0895839,0.64637434,0.32659903
66.44999998274578,1.0569699,2.1203823,0.49600586,0.29616973
66.49999998257407,1.050168,1.9923722,0.558012,0.24933979
66.54999998240235,1.1516871,2.0468292,0.5194021,0.24993134
66.59999998223064,1.1256042,1.9803176,0.8119236,0.3567742
66.64999998205893,1.0641042,1.9707512,0.56792796,0.23791197
66.69999998188722,1.0619737,2.1147165,0.42534792,0.30763346
66.7499999817155,1.0978987,2.1011236,0.56349623,0.30310506
66.79999998154379,1.0564787,2.1982572,0.40527475,0.29625282
66.84999998137208,1.0565102,2.186723,0.7251633,0.27958444
66.89999998120037,1.0286287,2.130574,0.5603605,0.34286624
66.94999998102865,1.0397037,2.0876048,0.7273751,0.24004889
66.99999998085694,1.0839108,2.0590005,0.9194679,0.28344202
67.04999998068523,1.0333424,2.107545,0.6057777,0.25769457
67.09999998051352,1.0381588,2.2363946,0.6028507,0.25276476
67.1499999803418,1.077353,2.1929483,0.6422719,0.26477215
67.19999998017009,1.0622175,2.162833,0.77662534,0.30374888
67.24999997999838,1.0302931,2.1311257,0.69175637,0.27658087
67.29999997982667,1.1153127,2.2502475,0.46506077,0.25413635
67.34999997965495,1.095366,2.1846368,0.5341083,0.2177735
67.39999997948324,1.1003854,2.1372602,0.82132286,0.25718072
67.44999997931153,1.0290899,2.1553903,0.6512624,0.27749145
67.49999997913982,1.0673096,2.1890395,0.58661854,0.21712272
67.5499999789681,1.0975822,2.2244904,0.5901015,0.25898662
67.59999997879639,1.076757,2.2586691,0.5134549,0.25985822
67.64999997862468,1.0334725,2.3640485,0.49034202,0.26184544
67.69999997845296,1.054789,2.26921,0.6870639,0.2424272
67.74999997828125,1.1464382,2.2444024,0.71759963,0.30273947
67.79999997810954,1.0804174,2.2808633,0.5762682,0.2589569
67.84999997793783,0.99008924,2.4107032,0.76751184,0.25885594
67.89999997776611,1.0263603,2.2518275,0.6598203,0.22827747
67.9499999775944,1.0183429,2.3018267,0.6726983,0.3386184
67.99999997742269,1.0406251,2.3903468,0.678193,0.31152388
68.04999997725098,0.986837,2.2259424,0.8374492,0.23278135
68.09999997707926,1.0389171,2.2092364,0.67867607,0.23172833
68.14999997690755,1.0340621,2.2042122,0.6104142,0.24573572
68.19999997673584,0.95689744,2.218317,0.6407657,0.22307009
68.24999997656413,1.0328325,2.2410777,0.55479294,0.28273565
68.29999997639241,0.96913284,2.3275824,0.67406183,0.31233752
68.3499999762207,1.0402479,2.3216467,0.6479245,0.3822824
68.39999997604899,1.0425462,2.4020793,0.63544995,0.33340895
68.44999997587728,1.0183487,2.4316504,0.49035534,0.33054084
68.49999997570556,1.0022308,2.3098772,0.5930267,0.24281394
68.54999997553385,1.0519065,2.3993442,0.5815268,0.3878786
68.59999997536214,1.1063478,2.365834,0.5765776,0.22986889
68.64999997519043,1.0959436,2.4570656,0.85964847,0.23614687
68.69999997501871,1.0575246,2.3683097,0.781867,0.28346372
68.749999974847,1.0069889,2.3534458,0.7034507,0.5252687
68.79999997467529,0.9423562,2.1318693,0.813045,0.29291624
68.84999997450358,0.9493068,2.2238476,0.71498823,0.3134191
68.89999997433186,0.93947446,1.9950655,0.8904455,0.26606452
68.94999997416015,0.9997243,2.2235785,1.0013673,0.37916744
68.99999997398844,1.0422643,2.094899,0.84379447,0.28369153
69.04999997381672,1.1102973,2.1609857,0.84258175,0.30621517
69.09999997364501,1.0633323,2.046141,0.7952953,0.34494606
69.1499999734733,1.0127687,2.000611,0.71522087,0.24777412
69.19999997330159,0.97147757,1.8279107,0.53021157,0.30881616
69.24999997312987,0.99514174,1.8557634,0.4733541,0.2076941
69.29999997295816,1.0192237,2.0115561,0.61577076,0.18832804
69.34999997278645,1.048538,1.8905685,0.66729605,0.3064612
69.39999997261474,0.9583202,2.0116167,0.6518137,0.22967476
69.44999997244302,0.96194196,2.0220408,0.6822622,0.23610124
69.49999997227131,1.0227324,2.0553236,0.6927092,0.31735495
69.5499999720996,1.029696,1.980713,0.87519073,0.2470903
69.59999997192789,1.0441575,2.141833,0.9803957,0.3146632
69.64999997175617,1.0443206,1.9434307,1.349608,0.33755833
69.69999997158446,1.007667,1.895255,0.5770384,0.25884998
69.74999997141275,0.9723605,1.8553882,0.6054525,0.31611657
69.79999997124104,0.9717243,1.8976809,0.7066295,0.31328166
69.84999997106932,0.9746664,1.9446857,0.5519057,0.25945538
69.89999997089761,0.96746874,1.9673209,0.39096636,0.24053538
69.9499999707259,0.96486217,1.9409071,0.38215917,0.23837702
69.99999997055419,0.95484906,2.1124313,0.44555798,0.27943033
70.04999997038247,0.97297156,2.0814028,0.59906495,0.31440887
70.09999997021076,0.96822894,2.1288326,0.6521746,0.25408792
70.14999997003905,0.97264475,2.0986214,0.45421147,0.21182992
70.19999996986733,0.9969345,2.0401702,0.6905439,0.26868784
70.24999996969562,1.0021702,2.0400887,0.8366126,0.30971146
70.29999996952391,1.0642431,2.166408,0.4974958,0.2652945
70.3499999693522,1.0284357,2.042077,0.5238951,0.24540374
70.39999996918048,0.9675466,2.192795,0.571516,0.19925766
70.44999996900877,1.0160457,2.1589856,0.7645324,0.28573906
70.49999996883706,1.0098706,2.0878828,0.49785915,0.26801717
70.54999996866535,1.0272552,2.0389202,0.63276553,0.29953167
70.59999996849363,0.9961337,2.0342593,0.51738036,0.24258578
70.64999996832192,0.97973496,1.9271189,0.47495687,0.27028602
70.69999996815021,0.8960297,1.9138885,0.5302706,0.27715868
70.7499999679785,1.0094244,2.001699,0.7864103,0.24980204
70.79999996780678,1.0339161,2.0485947,0.7679873,0.23190749
70.84999996763507,1.1166905,2.0409586,0.9458706,0.34585452
70.89999996746336,1.0337411,2.0134275,0.7041723,0.37067902
70.94999996729165,1.0363106,2.009085,0.8051543,0.2800352
70.99999996711993,1.0883042,2.0664382,0.75048774,0.18622541
71.04999996694822,1.1145093,1.973516,0.8669772,0.26840717
71.09999996677651,1.0357462,1.95595,0.6975344,0.257384
71.1499999666048,0.972818,1.9516261,0.7858933,0.2555969
71.19999996643308,0.9775239,1.9400848,0.54013443,0.2803536
71.24999996626137,1.0549734,2.0467494,0.72396284,0.32664612
71.29999996608966,0.99246764,1.990938,0.53712755,0.23082381
71.34999996591795,1.0249485,2.0269194,0.400916,0.24874687
71.39999996574623,1.0313077,1.9374559,0.53544736,0.25478315
71.44999996557452,1.030835,1.953587,0.75790775,0.26236185
71.49999996540281,1.0759555,2.0619688,0.5478365,0.30428517
71.5499999652311,1.0834179,2.1014624,0.6182622,0.24690346
71.59999996505938,1.0454773,1.9928617,0.45877272,0.26066202
71.64999996488767,1.0543437,1.9333849,0.6374413,0.15756363
71.69999996471596,1.0036386,1.9580107,0.6869864,0.31062394
71.74999996454424,1.0406979,1.9975963,0.5150402,0.306692
71.79999996437253,1.0389795,2.0267782,0.38533354,0.20134643
71.84999996420082,1.0353422,2.0732856,0.38346943,0.23918869
71.8999999640291,0.9735484,2.0747452,0.5122046,0.30828774
71.9499999638574,1.0039278,2.1024313,0.51025367,0.2331379
71.99999996368568,1.0025185,1.9628991,0.40068346,0.19562727
72.04999996351397,0.95161116,2.0350404,0.4294622,0.24157548
72.09999996334226,0.95255786,2.0218658,0.52627486,0.27014938
72.14999996317054,1.0028586,1.948018,0.5588582,0.24677885
72.19999996299883,1.0210718,2.066432,0.5888492,0.3545469
72.24999996282712,1.0139217,2.158206,0.57639223,0.24495202
72.2999999626554,1.0818831,2.203956,0.43391037,0.2582074
72.3499999624837,1.0124524,2.0852242,0.57785165,0.2533908
72.39999996231198,1.0246156,2.2531683,0.7366867,0.21656233
72.44999996214027,0.98464155,2.1884098,0.59361297,0.27199924
72.49999996196856,1.0931721,2.1754823,0.75497615,0.24726453
72.54999996179684,0.9991472,2.1898203,0.6380944,0.22399904
72.59999996162513,1.0623481,2.137333,0.44278204,0.23426996
72.64999996145342,1.1270093,2.1911237,0.80640006,0.29467538
72.6999999612817,1.0647864,2.0888374,0.60830534,0.29471192
72.74999996110999,1.0653616,2.0702412,0.4285327,0.1882627
72.79999996093828,1.0688071,2.145995,0.62247235,0.24025384
72.84999996076657,1.0473584,2.1365595,0.61620986,0.32264248
72.89999996059485,1.0519168,2.0376592,0.53785497,0.32136226
72.94999996042314,1.0468376,2.0908089,0.9196495,0.23448655
72.99999996025143,1.0103056,2.0942762,1.1768274,0.1599375
73.04999996007972,0.9937971,2.115219,0.97671723,0.38890433
73.099999959908,0.9728631,2.1392064,0.95167285,0.22973505
73.14999995973629,1.0069385,2.0714903,0.90047085,0.31486845
73.19999995956458,1.0593812,2.0895677,1.0413758,0.31236213
73.24999995939287,1.018018,2.1086729,1.0016246,0.18577057
73.29999995922115,1.0242339,2.0782294,1.0496564,0.17712371
73.34999995904944,0.93033344,1.9803064,0.82274675,0.24892613
73.39999995887773,0.9448036,2.1257095,0.9239265,0.2746835
73.44999995870602,0.9337812,2.1035378,0.9483708,0.26959652
73.4999999585343,1.0093229,2.126793,1.0502301,0.19698285
73.54999995836259,0.9858694,2.000988,1.0056951,0.2763973
73.59999995819088,0.91064405,1.9381485,0.99106085,0.27457145
73.64999995801917,0.94966555,2.0928528,1.232325,0.30354118
73.69999995784745,0.9370154,1.9469543,1.0418873,0.26153392
73.74999995767574,1.0007226,2.0609684,0.7804218,0.26556107
73.79999995750403,1.016281,2.0957158,1.0567161,0.28058395
73.84999995733232,0.9485924,2.0601997,1.1361922,0.274151
73.8999999571606,0.9929751,2.0802934,1.1614026,0.24946316
73.94999995698889,1.0796945,2.117384,1.1937534,0.34174287
73.99999995681718,1.0160971,2.0323915,1.1748912,0.2606266
74.04999995664546,1.0308684,2.0362236,1.0223926,0.35130864
74.09999995647375,0.94770044,2.0128758,1.0888903,0.2444051
74.14999995630204,1.0123649,2.0871227,1.1736925,0.2979045
74.19999995613033,1.0223211,2.0589726,0.86193496,0.3095525
74.24999995595861,1.0253345,2.0931735,1.0502701,0.25224698
74.2999999557869,0.9811088,2.0514688,0.9700615,0.33281788
74.34999995561519,0.9662616,2.009241,1.1675355,0.31185946
74.39999995544348,1.0153693,2.0912476,0.9847474,0.28850877
74.44999995527176,0.9622019,2.004641,0.9242462,0.32605228
74.49999995510005,0.99316716,2.0097516,1.2334507,0.41001743
74.54999995492834,1.0037962,2.0990367,1.169297,0.2346636
74.59999995475663,0.9649491,2.0091467,0.93125975,0.28913718
74.64999995458491,1.0410798,1.9989086,0.946769,0.34114373
74.6999999544132,0.9516976,2.0132027,0.83765554,0.27655864
74.74999995424149,1.0584428,2.0497181,0.86730593,0.28609416
74.79999995406978,0.9898102,2.017031,0.9337951,0.2826921
74.84999995389806,0.9738613,2.2168925,1.3304795,0.37816408
74.89999995372635,1.052797,2.1200585,1.3459053,0.2806004
74.94999995355464,0.9938412,1.9633447,0.9938032,0.20449224
74.99999995338293,1.0022622,2.1163092,1.1233215,0.28128478
75.04999995321121,1.056587,2.0869749,1.1118228,0.30012164
75.0999999530395,1.0182331,2.1362398,1.1887295,0.24492063
75.14999995286779,0.92679226,2.099473,0.87751037,0.2488087
75.19999995269607,0.9835553,1.9821943,1.174901,0.2636427
75.24999995252436,0.98832977,1.9857329,1.0722349,0.32136706
75.29999995235265,1.0017924,1.9601331,0.8121376,0.20987484
75.34999995218094,1.0117563,2.0080597,0.8895608,0.2812301
75.39999995200922,0.9829652,1.931641,0.9654306,0.35004538
75.44999995183751,0.96465826,2.0235415,0.81488067,0.32471445
75.4999999516658,1.0149804,1.9802319,0.96436775,0.3051635
75.54999995149409,1.0118077,2.163443,0.88852525,0.2780563
75.59999995132237,1.0518872,2.0804038,0.91664904,0.2187742
75.64999995115066,1.0487329,2.033024,1.2822552,0.20960349
75.69999995097895,0.9703468,2.0220342,0.97747356,0.24856748
75.74999995080724,0.9647776,1.99051,1.084234,0.26867637
75.79999995063552,0.9195291,2.0372696,1.0089257,0.29892507
75.84999995046381,0.8674061,1.9938972,1.0793986,0.29733598
75.8999999502921,0.87545604,1.9054347,1.1234953,0.29721698
75.94999995012039,0.93214303,1.9367666,1.4399987,0.3049719
75.99999994994867,0.91652447,1.9488095,0.8633152,0.22271813
76.04999994977696,0.9757488,1.919327,1.4889553,0.34002367
76.09999994960525,0.9327204,1.9470434,0.8825022,0.27873588
76.14999994943354,0.9839111,1.9906843,1.2370018,0.3544948
76.19999994926182,0.9673205,1.9560041,1.023144,0.26389349
76.24999994909011,0.9372031,1.9319366,1.2689686,0.30430034
76.2999999489184,0.99554133,1.9719173,1.2485185,0.23839639
76.34999994874669,0.9727709,2.0625284,0.8461967,0.24037546
76.39999994857497,0.9277275,1.985597,0.8776775,0.24649195
76.44999994840326,1.0029428,2.0096235,1.2489872,0.24791065
76.49999994823155,1.0454429,1.907825,0.977866,0.2528317
76.54999994805983,1.0285574,2.0122364,1.1575783,0.32655194
76.59999994788812,1.008703,2.0970564,1.041377,0.23642677
76.64999994771641,0.9859976,1.9803219,0.88014394,0.3097611
76.6999999475447,1.0501957,2.041367,1.1693223,0.3096866
76.74999994737298,1.0389161,2.0439095,1.1595013,0.28650784
76.79999994720127,1.1530207,2.248924,1.0634545,0.3464278
76.84999994702956,1.0654738,1.9408811,1.0123994,0.25969243
76.89999994685785,1.0137234,2.0680687,1.0371274,0.32373714
76.94999994668613,1.007,2.0079017,0.9563981,0.2742071
76.99999994651442,1.0013382,1.8790956,0.7982298,0.2604613
77.04999994634271,1.0561893,2.0056934,0.9741039,0.2513306
77.099999946171,1.0321411,2.1238568,1.1569418,0.27748036
77.14999994599928,1.0563371,2.0760944,0.9970974,0.34066543
77.19999994582757,1.0439249,2.0272706,1.0526217,0.40924394
77.24999994565586,1.0834992,2.035639,1.1065671,0.3363166
77.29999994548415,1.0100616,2.0897381,1.2421306,0.29154772
77.34999994531243,1.0968496,2.0126362,1.1654198,0.33427978
77.39999994514072,1.1161379,2.0365915,0.93155634,0.2381317
77.44999994496901,0.9929819,1.9960446,1.013886,0.36495394
77.4999999447973,1.0695218,1.9820284,1.19991,0.22634895
77.54999994462558,1.0901146,1.969261,1.0718362,0.31022257
77.59999994445387,1.1044313,2.1315453,1.065826,0.27113262
77.64999994428216,1.0873119,2.1124053,1.004776,0.27082044
77.69999994411044,0.9989729,2.0756025,1.1096951,0.2945292
77.74999994393873,1.0514364,2.1518836,1.0346411,0.38789448
77.79999994376702,1.0447257,2.0765123,1.0667899,0.33548313
77.84999994359531,1.0266283,2.0972397,1.0889946,0.26631874
77.8999999434236,1.1127809,2.175849,1.2054021,0.26980755
77.94999994325188,1.070001,2.2596054,1.0646493,0.34404412
77.99999994308017,1.1100762,2.2686143,0.991552,0.24366133
78.04999994290846,1.0298058,2.1680105,1.1189196,0.27780172
78.09999994273674,1.020415,2.1023736,1.0892061,0.2956343
78.14999994256503,1.0562965,2.197229,0.99905163,0.3852484
78.19999994239332,0.9724352,2.11691,0.77594125,0.20801233
78.2499999422216,1.0726446,2.1948605,0.99665254,0.2517159
78.2999999420499,1.0209544,2.1396368,1.299054,0.35787192
78.34999994187818,1.0133245,2.0861897,1.2329752,0.39042413
78.39999994170647,0.913188,2.0800712,1.1491773,0.343646
78.44999994153476,0.9488977,2.1927407,1.0221034,0.35012448
78.49999994136304,1.0335808,2.3123596,1.0598896,0.30852216
78.54999994119133,1.0675007,2.397735,1.1501317,0.26245567
78.59999994101962,1.0418944,2.2760246,1.04431,0.39517808
78.6499999408479,1.037654,2.1761112,1.2380269,0.29842037
78.6999999406762,1.0071307,2.2812052,0.8928055,0.22974172
78.74999994050448,0.9997696,2.272307,1.2417166,0.29949057
78.79999994033277,1.0290564,2.1129186,1.2676979,0.42319122
78.84999994016106,0.9967439,2.1007702,1.410997,0.21404037
78.89999993998934,1.0057629,2.0500913,0.88747674,0.27969992
78.94999993981763,1.0301738,2.089271,1.3595228,0.3366412
78.99999993964592,1.0108902,2.0083518,1.1095065,0.24548522
79.0499999394742,0.9627789,1.9840612,1.023918,0.29201162
79.09999993930249,0.9927615,2.1811512,0.89449275,0.28569064
79.14999993913078,0.9864742,2.1019466,0.98264265,0.23945862
79.19999993895907,0.9809316,2.107637,0.9835904,0.27244
79.24999993878735,1.0119336,2.1325383,1.0972476,0.33396667
79.29999993861564,0.9240311,2.1073892,1.093785,0.32192653
79.34999993844393,0.98686695,2.1143231,1.1070435,0.30855706
79.39999993827222,1.0162482,2.1359243,0.95349073,0.3492667
79.4499999381005,1.0143666,2.1983352,1.0606971,0.24778032
79.49999993792879,1.090594,2.2836611,1.0333254,0.31401727
79.54999993775708,0.97398466,2.1006367,0.9527517,0.26635918
79.59999993758537,1.037746,2.110642,0.95287716,0.27272213
79.64999993741365,0.9611415,1.9957199,1.0771142,0.31708342
79.69999993724194,0.9693625,2.1287284,0.99279976,0.28098935
79.74999993707023,0.993076,2.1830173,1.0760639,0.2920011
79.79999993689852,0.9949318,2.0990262,0.9367163,0.3074784
79.8499999367268,0.9919682,2.2657893,1.0455047,0.24162643
79.89999993655509,0.9621178,2.243091,1.032613,0.22030859
79.94999993638338,1.001214,2.1758265,0.88291013,0.23321706
79.99999993621167,1.0122232,2.1425889,1.1121876,0.25936645
80.04999993603995,1.0444107,2.062367,1.0775212,0.27581233
80.09999993586824,1.0540931,2.230185,0.84097934,0.23262271
80.14999993569653,1.0398157,2.0350695,0.9209433,0.26953375
80.19999993552481,1.0072448,2.0966542,0.93541414,0.23085046
80.2499999353531,0.9999994,1.9846807,0.9997105,0.29135245
80.29999993518139,0.97877693,2.1147,1.121592,0.26280123
80.34999993500968,0.95241654,2.1946478,1.034272,0.31829387
80.39999993483796,0.9636217,2.0618186,1.1742481,0.23520702
80.44999993466625,0.9493928,2.093232,0.93610096,0.31807148
80.49999993449454,0.9299242,2.0854564,1.1205875,0.3423904
80.54999993432283,0.9676682,2.034253,1.100863,0.27119505
80.59999993415111,1.0265604,2.1664367,1.0753356,0.337335
80.6499999339794,1.0606709,2.1252193,1.089862,0.23947148
80.69999993380769,0.9779909,1.9558572,1.0790671,0.28497365
80.74999993363598,0.9535769,2.11713,1.124321,0.26965928
80.79999993346426,0.95142573,2.113649,1.1696634,0.3616728
80.84999993329255,0.92833346,2.1290672,1.2930703,0.27530995
80.89999993312084,0.9134609,2.2109149,1.2473668,0.3523055
80.94999993294913,0.9797652,2.1155944,1.0942723,0.23938155
80.99999993277741,0.94023776,2.075754,0.991072,0.25156918
81.0499999326057,0.9956256,2.071751,1.2143965,0.34629014
81.09999993243399,1.019958,2.1561518,1.0486143,0.28058943
81.14999993226228,0.97379744,2.182534,1.1429727,0.35601026
81.19999993209056,1.1165804,2.2256012,0.9576366,0.24483897
81.24999993191885,1.0794096,2.2379184,0.77270025,0.28879118
81.29999993174714,1.0203062,2.1337516,1.0300856,0.24481384
81.34999993157543,0.9962749,2.2605958,1.0888145,0.2821311
81.39999993140371,0.9712586,2.2227533,1.0602539,0.39743698
81.449999931232,1.045393,2.2034092,1.1198345,0.33667773
81.49999993106029,1.0310344,2.142931,1.2435158,0.30966672
81.54999993088857,1.0322065,2.1821947,0.76465905,0.31540048
81.59999993071686,0.99691737,2.2594993,0.95342743,0.26594883
81.64999993054515,0.96869475,2.1083307,1.0448328,0.27429122
81.69999993037344,0.98794436,2.1607516,0.83446205,0.32254234
81.74999993020172,1.05218,2.1451778,0.90064573,0.35817266
81.79999993003001,1.0719798,2.0978565,1.1371143,0.26493478
81.8499999298583,1.0788829,2.2422965,0.93639696,0.22907794
81.89999992968659,1.1386977,2.2052214,0.79849637,0.42138454
81.94999992951487,1.0393806,2.1272764,1.190081,0.40010625
81.99999992934316,1.0352756,2.0112526,1.1480348,0.2781448
82.04999992917145,1.0533087,2.1555595,1.0031435,0.31234244
82.09999992899974,1.0833042,2.211223,1.0823231,0.2738366
82.14999992882802,1.0905132,2.1818166,1.1235188,0.32517833
82.19999992865631,1.0423256,2.2409139,0.97944117,0.25920036
82.2499999284846,1.0335413,2.0898714,0.8897367,0.32450122
82.29999992831289,1.0389681,2.1171908,1.1203948,0.2859328
82.34999992814117,1.0030942,2.0417056,1.1984471,0.33693346
82.39999992796946,1.0722686,2.0126226,0.8787869,0.29740322
82.44999992779775,1.0589614,2.2585104,1.4345806,0.33853662
82.49999992762604,1.1421506,2.2942653,1.2885728,0.3393988
82.54999992745432,1.0675672,2.1804795,1.1242388,0.27490738
82.5999999272826,1.0057472,2.0503373,1.1380657,0.2931944
82.6499999271109,0.9880608,2.110419,1.1498506,0.23303233
82.69999992693919,0.9352005,1.9890343,1.1254902,0.27610776
82.74999992676749,0.94896567,2.173507,0.8605628,0.25243592
82.79999992659576,1.037452,2.2333183,1.2079505,0.32637292
82.84999992642405,0.987811,2.197775,1.4255526,0.38136792
82.89999992625232,0.97640896,2.2596083,1.2223246,0.37959313
82.94999992608062,0.9722661,2.1006947,1.08034,0.24038824
82.99999992590892,1.0089885,2.0009265,1.1876264,0.246891
83.0499999257372,0.9691575,1.9954556,1.0841563,0.33414626
83.09999992556548,1.0513253,2.1567345,1.2967159,0.3787981
83.14999992539376,1.0181307,2.0256498,1.269862,0.3015584
83.19999992522206,0.98978245,1.9360952,1.2892305,0.3171513
83.24999992505036,0.9534743,1.9826518,1.3381065,0.33315971
83.29999992487865,1.0864388,2.063145,1.4485629,0.29511875
83.34999992470692,1.0966954,2.0778193,1.1728836,0.3146681
83.3999999245352,1.0744705,1.9895844,1.3216307,0.24342132
83.44999992436348,1.0923412,2.1104808,1.2531722,0.35837874
83.49999992419178,0.98686683,2.043229,1.2976063,0.25752142
83.54999992402009,1.0399146,2.0081189,1.2466179,0.2956187
83.59999992384836,1.0520916,2.0458016,1.1371475,0.28093457
83.64999992367665,0.9284225,1.9031901,1.6088296,0.2988376
83.69999992350492,1.0327708,2.0698254,1.2218432,0.31182
83.74999992333322,1.0384623,2.022482,1.2831503,0.32950613
83.79999992316152,1.0983218,1.9176023,1.1991273,0.22585231
83.8499999229898,1.0437304,2.0864403,1.2251654,0.25434205
83.89999992281808,1.1103566,1.9425768,0.9598113,0.33811378
83.94999992264636,1.0779045,1.9300717,1.1834161,0.33266068
83.99999992247466,1.0196593,1.9626557,1.2658066,0.4145468
84.04999992230294,1.1271889,2.072519,1.1156304,0.2740668
84.09999992213125,0.94558275,2.042739,1.3690358,0.27796224
84.14999992195952,1.0465679,1.8629235,1.187614,0.342947
84.1999999217878,1.0237083,2.01134,1.130511,0.31948525
84.24999992161608,1.1501136,2.0663092,1.0316635,0.2857768
84.29999992144438,1.1258427,1.9593391,1.0488707,0.2607918
84.34999992127268,1.0820441,2.0034668,1.2728939,0.34582788
84.39999992110096,1.0846261,1.9151533,1.1602752,0.28720495
84.44999992092924,1.1425444,1.9775437,1.5037733,0.29572272
84.49999992075752,0.9920012,1.9353559,1.261189,0.38785878
84.54999992058582,1.0351998,1.8383532,0.9290956,0.324596
84.59999992041412,1.0238602,1.855697,1.1204237,0.33015436
84.64999992024241,1.007184,1.9065473,1.4755464,0.38542405
84.69999992007068,1.0713787,2.0166113,1.2822568,0.3768847
84.74999991989897,0.9965589,1.8599962,1.1157895,0.2971704
84.79999991972726,1.0170324,1.7739974,0.8340908,0.3304896
84.84999991955554,1.0352197,1.8012886,1.1616366,0.3094829
84.89999991938384,1.0252972,1.7721761,1.1335592,0.39107364
84.94999991921212,1.0950414,1.8636309,1.0750521,0.268109
84.9999999190404,1.0299168,1.8856382,1.0264622,0.258267
85.04999991886868,1.1326363,1.8685936,1.1503174,0.33168826
85.09999991869698,1.045908,1.8420893,1.1838572,0.31629655
85.14999991852527,0.9918707,1.7969674,1.1204324,0.3831184
85.19999991835356,1.0370847,1.7875373,1.146541,0.34529817
85.24999991818184,1.0715986,1.8516295,0.95485413,0.28253973
85.29999991801012,1.144161,2.1199038,0.829747,0.2490991
85.34999991783842,1.1191576,2.1719809,0.8835291,0.29788384
85.3999999176667,1.1584973,2.1965675,1.4143728,0.36589262
85.449999917495,1.1282239,1.9809289,1.0258548,0.30559164
85.49999991732328,1.1264517,1.9980681,1.0033362,0.24383171
85.54999991715157,1.1375502,2.091745,1.0588948,0.28585213
85.59999991697985,1.1945649,1.9938686,1.1721518,0.26132208
85.64999991680814,1.2101799,2.1752682,0.97679913,0.28728527
85.69999991663644,1.2155317,2.1677551,1.237021,0.32463863
85.74999991646472,1.1059713,1.9998927,1.0943713,0.27928716
85.799999916293,1.035402,1.9862353,1.0207629,0.2963307
85.84999991612128,1.0890901,1.9739478,1.0076259,0.24783619
85.89999991594958,1.1115079,1.9159437,0.9743209,0.25343934
85.94999991577787,1.083649,1.9519913,1.0750964,0.26061478
85.99999991560617,1.1924641,1.9972572,0.9072739,0.2759796
86.04999991543444,1.1305946,1.9696068,1.0880431,0.24739513
86.09999991526273,1.0689708,1.9255702,0.83946,0.25528374
86.149999915091,1.2062893,2.0196102,1.0391791,0.23551418
86.1999999149193,1.1519387,1.9469417,1.044922,0.2823818
86.2499999147476,1.2895952,1.9842405,1.1606281,0.2221511
86.29999991457588,1.1579661,1.9159578,1.0004605,0.2252522
86.34999991440417,1.1027681,1.8165321,1.0646216,0.32523036
86.39999991423244,1.1387618,1.95996,1.0294017,0.29361907
86.44999991406074,1.1393661,1.9688135,1.2356936,0.33765855
86.49999991388904,1.1972072,1.9466667,0.7179605,0.24574824
86.54999991371731,1.1644517,1.9549096,1.2604184,0.39682502
86.5999999135456,1.1561272,2.0368226,0.8224399,0.34311295
86.64999991337388,1.2165984,2.0097165,0.9872614,0.31099015
86.69999991320218,1.2111274,1.9229794,1.1546165,0.35129112
86.74999991303046,1.1945087,2.0181503,1.004145,0.27862552
86.79999991285877,1.1981355,2.121704,0.9361489,0.30719313
86.84999991268704,1.175595,2.209771,0.85597605,0.35984364
86.89999991251533,1.2694044,2.3409543,0.9338755,0.27708653
86.9499999123436,1.2522112,2.3040988,1.1117421,0.34545404
86.9999999121719,1.273687,2.2223215,0.93454623,0.2652829
87.0499999120002,1.2413682,2.2343922,1.0887026,0.3069627
87.09999991182848,1.2783282,2.2580833,0.93561983,0.3003778
87.14999991165676,1.334303,2.219544,1.0339568,0.34154478
87.19999991148504,1.3511951,2.061018,1.0952418,0.31373304
87.24999991131334,1.3623464,2.1025817,0.96446866,0.2599529
87.29999991114163,1.2242253,1.927579,0.8296675,0.34003723
87.34999991096993,1.2453777,1.9609851,0.7084957,0.27025187
87.3999999107982,1.1425552,1.9565116,1.3678057,0.24298492
87.44999991062649,1.1230448,2.1036777,1.1232601,0.31018788
87.49999991045476,1.1461074,2.0737147,0.8471519,0.24164551
87.54999991028306,1.2142653,2.0684304,1.0091004,0.2773806
87.59999991011136,1.2881165,2.1031477,1.0568616,0.37050053
87.64999990993964,1.2802185,2.1001725,0.94155794,0.23997197
87.69999990976793,1.1926289,2.089996,1.0075027,0.2567557
87.7499999095962,1.3305902,2.1342413,1.1630553,0.28067714
87.7999999094245,1.3637013,2.1206977,1.1705123,0.30963692
87.8499999092528,1.2557465,2.147261,1.1512358,0.2944247
87.89999990908107,1.2257872,2.09433,1.3031893,0.23517431
87.94999990890936,1.2873136,2.0962243,1.0736415,0.30602422
87.99999990873764,1.1771368,2.0901031,1.1253861,0.19645113
88.04999990856594,1.100836,2.0477417,1.2822133,0.2211031
88.09999990839422,1.1036124,2.1167924,1.087971,0.37207067
88.14999990822253,1.1351314,2.1492224,0.92389816,0.30247512
88.1999999080508,1.0948257,2.1386433,0.97221136,0.28151435
88.24999990787909,1.16754,2.1653745,1.0909606,0.30040342
88.29999990770736,1.2171961,2.206079,0.8798622,0.3083127
88.34999990753566,1.0811921,2.1290817,0.89732593,0.3496365
88.39999990736396,1.0587004,2.0388596,1.1490507,0.2558014
88.44999990719224,1.1118081,2.124024,0.881514,0.22955418
88.49999990702052,1.1326798,2.0559773,1.1530976,0.33116847
88.5499999068488,1.1896242,2.121909,1.0184879,0.27972746
88.5999999066771,1.1920995,2.0987315,1.1901795,0.2877614
88.64999990650539,1.2736458,2.1408513,1.3403418,0.23765323
88.69999990633369,1.2550496,2.1403446,1.1747288,0.27402192
88.74999990616196,1.2667401,2.2863743,1.3600733,0.25406978
88.79999990599025,1.1958863,2.2035987,1.2589333,0.24755053
88.84999990581852,1.2882322,2.2924612,0.96578777,0.22124217
88.89999990564682,1.2656981,2.1999977,1.0461684,0.3254573
88.94999990547512,1.3502167,2.2292366,1.244252,0.30239376
88.9999999053034,1.2980232,2.1596599,1.587472,0.40492505
89.04999990513168,1.350802,2.2102022,1.3390322,0.2802274
89.09999990495996,1.2390664,2.023138,1.3329555,0.2909985
89.14999990478826,1.2330726,2.1234074,1.2101457,0.35976237
89.19999990461656,1.269625,2.0594432,1.1733131,0.28886575
89.24999990444483,1.349668,2.117096,1.3671167,0.38583887
89.29999990427312,1.3131456,2.1781344,1.1305645,0.26642847
89.3499999041014,1.3467736,2.164537,1.1775723,0.26166913
89.3999999039297,1.3609273,2.1563683,1.165346,0.29933646
89.44999990375798,1.2450113,2.0588782,1.0274727,0.25018352
89.49999990358629,1.1638538,2.0182037,0.9510181,0.3116621
89.54999990341456,1.1988266,2.091474,1.203906,0.29357192
89.59999990324285,1.3034008,2.2906609,1.2707279,0.33097798
89.64999990307112,1.3182086,2.2407355,1.1262249,0.28168368
89.69999990289942,1.3709838,2.2181292,1.0096495,0.36085102
89.74999990272772,1.260506,2.0986688,1.1575732,0.3984999
89.799999902556,1.2404839,2.0557418,1.1620427,0.2923854
89.84999990238428,1.2172098,2.0671997,1.0310805,0.37416083
89.89999990221256,1.2753488,2.1701505,1.1511154,0.22226185
89.94999990204086,1.2096928,2.146395,1.2642063,0.23004949
89.99999990186915,1.2429421,2.0916967,1.0479323,0.2433202
90.04999990169745,1.230948,2.1217594,0.91547614,0.32789168
90.09999990152572,1.2696682,2.0772793,0.8395088,0.3496673
90.14999990135401,1.2143816,2.213093,1.2361475,0.27218017
90.19999990118228,1.2013683,2.175137,0.9397582,0.3738606
90.24999990101058,1.2518381,2.209131,1.0400833,0.25739595
90.29999990083888,1.2451466,2.1457639,0.9711522,0.34201282
90.34999990066716,1.2521094,2.2693584,1.1091576,0.36166427
90.39999990049544,1.2222145,2.1661675,1.1402798,0.24914232
90.44999990032372,1.248777,2.2017262,1.0053402,0.33755833
90.49999990015202,1.3230519,2.1916833,1.0414886,0.28944558
90.54999989998032,1.3553004,2.1864934,1.0173002,0.31387028
90.5999998998086,1.3615192,2.10722,1.1447489,0.26350263
90.64999989963688,1.3250237,2.1545014,1.272427,0.30430034
90.69999989946515,1.306045,2.261478,1.2104275,0.30796826
90.74999989929346,1.2781645,2.1104608,1.1484127,0.30022413
90.79999989912174,1.299199,2.1334562,0.88618267,0.2537305
90.84999989895005,1.4335966,2.3449821,1.3849789,0.3255471
90.89999989877832,1.3150026,2.2631307,1.4491849,0.2753714
90.9499998986066,1.308462,2.2216132,1.2543943,0.31697664
90.99999989843488,1.2479355,2.122185,1.1642002,0.22853339
91.04999989826318,1.2950844,2.2772932,1.1439826,0.29025754
91.09999989809147,1.3463094,2.326645,1.2327707,0.27482903
91.14999989791976,1.2957375,2.1672838,1.1580857,0.22201256
91.19999989774804,1.3486415,2.1441567,1.3542733,0.35453823
91.24999989757632,1.3388474,2.1689005,1.2552434,0.30505258
91.29999989740462,1.3011061,2.1436732,1.261755,0.29083458
91.3499998972329,1.2696398,2.2118568,1.3282369,0.3415718
91.3999998970612,1.2332358,2.11175,0.97348523,0.25008515
91.44999989688948,1.3309004,2.2480586,1.1407856,0.244707
91.49999989671777,1.2223698,2.117679,1.2255147,0.24198902
91.54999989654605,1.2699496,2.1637552,1.3839426,0.42454842
91.59999989637434,1.3772295,2.2044535,1.1059518,0.27755243
91.64999989620264,1.1854383,2.2061296,1.3404505,0.23549458
91.69999989603092,1.3671981,2.0619848,1.331455,0.26616853
91.7499998958592,1.3350136,2.17025,1.1161778,0.3009712
91.79999989568748,1.4049406,2.18811,1.1364768,0.28483868
91.84999989551578,1.3334434,2.1246078,1.1909894,0.28877524
91.89999989534407,1.3306242,2.1291866,1.0735928,0.31996638
91.94999989517235,1.2840515,2.1339822,1.0132319,0.3036121
91.99999989500064,1.3489504,2.091246,1.3800163,0.27650857
92.04999989482891,1.3072641,2.161639,0.8421776,0.24532226
92.09999989465722,1.2604938,2.0943823,0.86957264,0.29879642
92.1499998944855,1.3527287,2.1009367,1.1533151,0.2531053
92.1999998943138,1.4398521,2.3146248,1.1781709,0.28987044
92.24999989414208,1.2946509,2.1479428,1.1342019,0.29530632
92.29999989397037,1.3221648,2.1621199,0.973035,0.25034335
92.34999989379864,1.3647058,2.185177,0.9819213,0.2846172
92.39999989362694,1.4112189,2.0789273,1.2177223,0.28077576
92.44999989345524,1.3381476,2.2227623,1.2673681,0.2604908
92.49999989328352,1.3041885,2.1975024,1.1940117,0.3189311
92.5499998931118,1.3092997,2.1866686,1.3150536,0.31414953
92.59999989294008,1.3752179,2.2003284,1.0981863,0.28852475
92.64999989276838,1.3925443,2.2639127,1.1946776,0.30154818
92.69999989259667,1.4142047,2.2216437,1.1369817,0.30099165
92.74999989242497,1.2656236,2.203703,0.995528,0.29534277
92.79999989225324,1.2654303,2.25469,1.0905012,0.3023734
92.84999989208153,1.3046812,2.044438,1.2060527,0.28909463
92.8999998919098,1.4037354,2.2031975,1.255659,0.2623853
92.9499998917381,1.3547136,2.1520069,1.3616977,0.23959991
92.9999998915664,1.2773757,2.1342478,1.121268,0.2542392
93.04999989139468,1.3302698,2.1152105,1.0133487,0.3271402
93.09999989122296,1.2098305,2.0457425,1.1816856,0.2650973
93.14999989105124,1.353261,2.1110651,1.1289847,0.3126968
93.19999989087954,1.3701324,2.235647,1.2032459,0.21704479
93.24999989070784,1.3773173,2.2689338,1.395596,0.29512918
93.29999989053613,1.3588467,2.182201,1.4587476,0.25325114
93.3499998903644,1.3474422,2.2316012,1.1984843,0.2643128
93.39999989019267,1.2797682,2.1947224,1.2666311,0.27468908
93.44999989002096,1.4013141,2.2335815,1.0984539,0.20730123
93.49999988984926,1.3798677,2.1741989,1.0995065,0.30179295
93.54999988967757,1.3472626,2.2422352,1.1746035,0.30611968
93.59999988950584,1.370634,2.2644112,1.0578479,0.2958787
93.64999988933413,1.2319219,2.173098,1.0615814,0.2694881
93.6999998891624,1.3169811,2.1584768,0.87447953,0.30848727
93.7499998889907,1.3966424,2.3160868,1.1758639,0.2944404
93.799999888819,1.3179522,2.0944252,0.9711169,0.27134246
93.84999988864728,1.3583134,2.0698967,1.1098924,0.28628764
93.89999988847556,1.2928755,2.2365322,1.0422264,0.30310506
93.94999988830384,1.185183,2.1736772,1.1949458,0.29079756
93.99999988813214,1.304757,2.1726928,1.0188063,0.20726411
94.04999988796042,1.3635914,2.1561747,1.2046764,0.3020935
94.09999988778873,1.366487,2.0746546,1.0529563,0.32068667
94.149999887617,1.2978723,2.1929855,1.4495397,0.37254578
94.19999988744529,1.2993981,2.1156163,1.0787699,0.28393
94.24999988727356,1.2941666,2.0761554,1.4943287,0.2815963
94.29999988710186,1.2177494,2.0279493,1.1618913,0.24942616
94.34999988693016,1.3202589,2.0532172,1.1740655,0.23446687
94.39999988675844,1.3538622,2.0725732,1.3710719,0.3016553
94.44999988658672,1.309364,1.998108,1.3130124,0.2568456
94.499999886415,1.3511057,2.0162966,1.2787523,0.3284822
94.5499998862433,1.3989097,2.0873156,1.4670862,0.3882631
94.5999998860716,1.3469169,2.0432355,1.269228,0.28116447
94.64999988589989,1.2740469,1.9878929,1.3969436,0.37454706
94.69999988572816,1.2969096,2.0089777,1.7234604,0.2746667
94.74999988555643,1.2870011,2.0680468,1.3372633,0.33171144
94.79999988538472,1.315776,2.033605,1.6012119,0.46011236
94.84999988521302,1.3144046,1.9950066,1.2849789,0.34001914
94.89999988504132,1.3977804,1.9832801,1.2870553,0.29492584
94.9499998848696,1.3257434,2.0041976,1.1296384,0.35929176
94.99999988469789,1.3004977,1.9463478,1.0269032,0.34869817
95.04999988452616,1.2906938,2.0062673,1.2063591,0.28078124
95.09999988435446,1.285813,2.0210912,1.3023553,0.19741185
95.14999988418276,1.3608474,2.0350287,1.1428568,0.3210989
95.19999988401104,1.3429635,2.0467248,1.1708541,0.33764488
95.24999988383932,1.311949,2.040707,1.4372014,0.33333972
95.2999998836676,1.2020348,1.9601774,1.4931064,0.47259974
95.3499998834959,1.3190669,2.0302372,1.3969712,0.26342675
95.39999988332418,1.314239,2.043971,1.2414991,0.26298845
95.44999988315249,1.3314893,2.1340594,1.1781964,0.30565706
95.49999988298076,1.3927017,2.0522306,1.1269178,0.3522575
95.54999988280905,1.3694112,2.018422,0.99941874,0.30349556
95.59999988263732,1.3672378,2.0453234,1.1816196,0.36004022
95.64999988246562,1.4030184,2.0523024,1.0778099,0.2690597
95.69999988229392,1.406389,2.1459036,1.0136701,0.29711863
95.7499998821222,1.3958874,2.0965383,1.4752722,0.42727873
95.79999988195048,1.381208,2.0556417,1.3543051,0.29872432
95.84999988177876,1.3299241,1.9728066,1.243308,0.33892262
95.89999988160706,1.3366921,2.0376477,1.1887684,0.26128086
95.94999988143535,1.4080994,2.120014,1.2588942,0.25376686
95.99999988126365,1.3306856,2.0205913,1.0575187,0.19558795
96.04999988109192,1.37119,2.0914524,1.3580794,0.24693461
96.09999988092021,1.3421235,2.0251248,1.117951,0.31277552
96.14999988074848,1.408119,2.1136258,1.5749605,0.30239883
96.19999988057678,1.3312147,1.9848651,1.2416263,0.34529373
96.24999988040508,1.3094063,2.0255797,1.3509557,0.314888
96.29999988023336,1.3370421,1.9635664,1.2472938,0.3192541
96.34999988006165,1.2809641,1.951796,1.2753664,0.41472113
96.39999987988992,1.2447045,1.9158376,1.1167811,0.30247006
96.44999987971822,1.2359145,1.9043909,1.0349276,0.27193704
96.49999987954652,1.1925718,1.9548202,1.3197193,0.32340437
96.5499998793748,1.2789013,2.0213315,1.2320735,0.2716654
96.59999987920308,1.2591219,2.0709128,1.2499125,0.28637898
96.64999987903136,1.2315724,1.9685231,1.4383337,0.28205478
96.69999987885966,1.2448769,1.9823339,1.1601804,0.32986537
96.74999987868794,1.3283505,2.0017087,1.0706769,0.31327185
96.79999987851625,1.2277899,1.8371176,1.3469273,0.2872317
96.84999987834452,1.3747056,2.007502,1.1863573,0.41141814
96.8999998781728,1.2842567,1.8611796,1.210565,0.2803262
96.94999987800108,1.3094041,1.9427873,1.0345442,0.32090724
96.99999987782938,1.2344065,1.9038298,1.2271492,0.32872096
97.04999987765768,1.3518765,2.005486,1.3879128,0.35262847
97.09999987748596,1.3520402,2.063992,1.4625947,0.23817046
97.14999987731424,1.1927671,1.8512452,1.5632058,0.2423066
97.19999987714252,1.3233137,1.9627445,0.98158646,0.29154244
97.24999987697082,1.3042915,2.0317645,0.9762993,0.32717782
97.2999998767991,1.3459938,2.0144649,0.9670779,0.3275631
97.34999987662741,1.2681706,1.9283812,1.2382278,0.34556535
97.39999987645568,1.3043821,1.8953092,1.4810104,0.285766
97.44999987628397,1.3454689,1.9420459,1.6429043,0.27221406
97.49999987611226,1.3283898,1.9553738,1.4724348,0.411377
97.54999987594054,1.358854,1.9854398,1.1894805,0.30534488
97.59999987576884,1.4125742,2.060991,1.2456534,0.27714202
97.64999987559712,1.4055178,1.9712913,1.0276806,0.30804318
97.6999998754254,1.3542325,1.9268607,1.2359798,0.3534606
97.74999987525368,1.4647369,2.1331594,1.3585122,0.30250564
97.79999987508198,1.3112957,1.9448228,1.0582176,0.22913836
97.84999987491027,1.4653759,2.0567265,1.1404978,0.2596391
97.89999987473855,1.3585271,2.0108893,1.0342656,0.2919642
97.94999987456684,1.3290868,2.0366051,1.4641827,0.29569152
97.99999987439512,1.3822849,2.0696402,1.0611155,0.3624672
98.04999987422342,1.3072037,2.0328014,1.3726912,0.2329663
98.0999998740517,1.3199865,2.0341005,1.0717086,0.2645513
98.14999987388,1.338018,1.9723012,1.0073427,0.32887065
98.19999987370828,1.2966874,1.9882964,1.0101424,0.3651983
98.24999987353657,1.2671969,2.0377197,0.963918,0.34882164
98.29999987336485,1.3195204,1.9446509,1.2753394,0.2535971
98.34999987319314,1.196553,1.9435309,1.2965963,0.3390406
98.39999987302144,1.2196337,1.9480895,1.0632595,0.37118077
98.44999987284972,1.3579677,2.0452056,1.3798795,0.26873934
98.499999872678,1.3479109,2.1446025,1.0722771,0.32499853
98.54999987250628,1.2997407,2.034141,0.95976675,0.33796364
98.59999987233458,1.3317969,2.0575852,0.9849953,0.2690997
98.64999987216287,1.322583,2.0794258,0.92505145,0.27367365
98.69999987199117,1.2991828,2.0358512,1.1637279,0.29309997
98.74999987181944,1.3432994,2.0111513,1.2257296,0.30485588
98.79999987164773,1.3395137,2.106396,1.1131998,0.2652771
98.849999871476,1.2672437,2.0817664,1.1390655,0.29472238
98.8999998713043,1.3078994,2.1090612,1.0881402,0.27780724
98.9499998711326,1.3371487,2.1307154,1.2532394,0.30527437
98.99999987096088,1.2958944,2.163249,0.8893337,0.28925952
99.04999987078916,1.2337174,2.2267888,1.3006959,0.28912657
99.09999987061744,1.2871777,2.0316627,1.3229856,0.3251925
99.14999987044574,1.2040427,2.0648017,1.1815653,0.2871728
99.19999987027404,1.2955619,2.0873961,1.4139895,0.28172192
99.24999987010231,1.3093175,2.15161,1.1449815,0.29780123
99.2999998699306,1.2500058,2.1015809,1.1983397,0.3393444
99.34999986975888,1.2194118,2.05761,1.3019801,0.29749113
99.39999986958718,1.220903,1.9716966,1.4269378,0.31970665
99.44999986941546,1.290049,1.9974666,1.2806524,0.31111872
99.49999986924377,1.2931532,1.9968485,1.2371254,0.28539437
99.54999986907204,1.2826216,2.032415,1.15748,0.33107555
99.59999986890033,1.3019915,2.0331426,1.2782698,0.31180027
99.6499998687286,1.2791264,2.041733,1.3466083,0.30227673
99.6999998685569,1.189511,2.0282624,1.1974599,0.2643419
99.7499998683852,1.2191186,1.9373002,1.3336104,0.42353636
99.79999986821348,1.2883828,2.0432758,1.2749838,0.3199327
99.84999986804176,1.2435145,1.9368067,1.3495506,0.2372516
99.89999986787004,1.2964754,1.8867136,1.1007788,0.4274695
99.94999986769834,1.2953652,1.9601746,1.2426044,0.25555474
