time_ns,ligand_com_displacement_A,ligand_pocket_com_distance_A,contact_atoms_4A,contact_residues_4A,initial_contact_residue_fraction_4A,contact_atoms_6A,contact_residues_6A,contact_atoms_8A,contact_residues_8A,protein_ligand_min_heavy_distance_A,ligand_z_from_membrane_center_A,ligand_sasa_nm2
0.0,0.0,1.0893186568259998,24,10,1.0,107,19,211,39,3.1698352098464966,9.796825598616516,0.67541224
0.05000000001018634,1.1889510941645698,1.5054946912012332,20,7,0.6,101,18,200,36,3.1314170360565186,10.551033845756166,0.694025
0.10000000002037268,1.0840511960147778,1.3381776835615864,21,9,0.7,104,19,208,37,3.071366250514984,10.391089546415184,0.68481624
0.15000000003055902,1.407777255147018,1.7021292344836036,25,8,0.7,116,22,220,39,3.0354395508766174,10.697764292386562,0.56320685
0.20000000004074536,1.2244046761251584,1.5458758449289187,25,9,0.8,110,20,214,36,3.1231266260147095,10.469306809159944,0.5725834
0.2500000000509317,1.1900743971022958,1.3740321629298502,29,11,0.9,108,19,205,37,3.063754141330719,10.59161820744663,0.70792955
0.30000000006111804,1.8815543824951033,1.9986434636842718,24,11,0.8,113,21,211,39,3.175351917743683,11.51479866536321,0.8318654
0.3500000000713044,0.9405595096022119,1.2633110342413303,25,10,0.8,109,19,214,39,3.1695380806922913,11.144007202009618,0.833809
0.4000000000814907,1.500107117678772,1.573653218893176,23,9,0.9,100,17,203,36,3.1314900517463684,11.496256718021636,0.9413786
0.45000000009167707,1.4639311896378382,1.6658571818075782,22,9,0.8,104,17,210,36,3.092278838157654,10.594878755410324,0.9111603
0.5000000001018634,1.17006837568169,1.4127186395239777,25,9,0.8,109,18,204,38,3.165827989578247,10.359882205256694,0.8490915
0.5500000001120497,0.7561690120116954,1.2382427957709752,24,8,0.7,111,21,211,38,3.316698670387268,9.592627472523914,0.65000296
0.6000000001222361,1.04294631576085,1.382169549424924,26,9,0.7,113,19,218,38,3.0797311663627625,9.984796256292778,0.60661674
0.6500000001324215,1.534042933855788,1.5819545349793043,26,10,0.9,109,19,205,37,3.1907451152801514,9.920414687194254,0.8702593
0.7000000001426079,1.2270305745549095,1.6706055788449912,24,10,0.8,108,19,211,39,3.217477798461914,10.577466891631131,0.7583989
0.7500000001527942,1.38087514172037,1.3005925332069899,26,12,1.0,106,17,200,37,3.1306296586990356,10.569289949426457,0.872327
0.8000000001629806,2.3171549872367936,1.5972002583101954,24,9,0.8,100,17,198,36,3.148682713508606,10.750479483338156,0.7607889
0.8500000001731669,1.3062617278286417,1.3299911723826927,26,10,0.8,108,18,204,37,3.1754934787750244,9.856798732763608,0.591856
0.9000000001833532,1.3307646646385596,1.7257764579665276,30,10,0.8,114,19,202,37,3.1017062067985535,9.821471778261932,0.69291794
0.9500000001935396,1.4874087029692755,1.6824053541703596,30,12,0.9,107,20,209,36,3.1866684556007385,10.488869765934199,0.9316672
1.000000000203726,1.801830004019251,1.8200518179476703,26,9,0.8,106,19,201,36,3.226136267185211,11.301785712319843,0.8961618
1.0500000002139123,2.0586669986273645,2.026046029708845,21,8,0.7,118,20,206,38,3.2763227820396423,11.111994459113692,0.62254775
1.1000000002240986,2.222507526962567,1.95986589514893,26,12,1.0,113,17,209,39,3.025622069835663,11.596261733985136,0.57949317
1.150000000234285,1.1817427083775929,1.3890991821049967,26,11,0.9,109,19,210,38,3.219982385635376,10.710189581658796,0.7581368
1.2000000002444713,1.7000614185592058,1.7669388906325159,22,8,0.7,115,19,198,38,3.165009915828705,10.643983483845547,0.8130183
1.2500000002546576,1.945021402733228,1.9429733541986616,25,11,0.9,109,17,199,35,3.2754063606262207,11.241907150000499,0.5580846
1.300000000264844,1.7732080677335962,1.7957193329895302,29,12,1.0,119,20,212,37,3.1754115223884583,10.729140741455447,0.7264174
1.3500000002750303,1.878328717975247,1.7402900642713892,23,10,0.9,107,18,197,35,3.206700086593628,11.175141663274841,0.7262102
1.4000000002852167,1.992666188506171,1.534097773003091,23,11,0.8,109,19,202,39,3.2062357664108276,11.395893054179869,0.7315952
1.450000000295403,1.963201268601849,1.7092720709516587,26,11,0.8,107,17,201,38,3.1095826625823975,11.074314110156438,0.7478492
1.5000000003055893,2.1940376930805643,2.079942671239345,27,10,0.7,106,17,208,39,3.175906538963318,10.886276477252004,0.6619206
1.5500000003157757,1.550559449281386,1.3923377687518084,32,11,0.9,114,20,212,37,3.303077220916748,10.070544158721777,0.52550066
1.600000000325962,1.8178901667277874,1.6282662979115334,22,9,0.8,109,20,202,36,3.2451555132865906,10.166089236703932,0.71903855
1.6500000003361501,1.4208038278357633,1.5910546547567246,24,11,0.9,114,20,213,38,3.3289605379104614,10.150184678423004,0.7210068
1.700000000346333,2.070786810282173,1.8467166445841152,23,8,0.7,104,18,195,34,3.1718116998672485,10.35350168238975,0.73431605
1.750000000356521,2.8786656670538346,2.6021353985820648,26,9,0.6,111,19,196,36,3.1950563192367554,10.046992889909943,0.8830408
1.8000000003667074,2.3339897235344527,2.091535795034592,27,11,0.8,114,18,207,39,3.141961693763733,9.408780410871369,0.7548187
1.8500000003768937,2.680503731437816,2.529599974027157,18,8,0.6,108,19,196,36,3.2748624682426453,10.33105638062386,0.94360256
1.90000000038708,2.096145918985301,1.6543251253370774,26,8,0.7,111,18,206,40,3.1430834531784058,10.0362871500257,0.69499415
1.9500000003972664,2.425475623823052,2.719406176062697,27,11,0.7,105,18,196,37,3.09078186750412,11.232552859174243,0.99901575
2.0000000004074545,2.790409140264078,2.6887320976889906,28,10,0.8,102,18,188,35,3.156195878982544,10.410646591079047,1.0537548
2.0500000004176373,2.924676597890959,2.7596094378138423,20,8,0.6,102,17,197,42,3.139650523662567,9.754441366302222,1.101053
2.1000000004278254,2.851824398537159,2.5453607829642353,32,11,0.8,111,18,208,41,3.245360851287842,9.642273279349025,0.84108955
2.1500000004380118,2.764694427443481,2.475026487360797,29,10,0.8,105,17,206,39,3.168170154094696,9.565308848134508,0.9789703
2.200000000448198,2.948901058431534,3.0027151807846595,20,6,0.6,96,15,190,35,3.0357185006141663,10.242554858039945,1.3502258
2.250000000458386,2.3540758494946656,2.5912077479588103,29,9,0.5,97,17,196,36,3.0929648876190186,9.573222389040845,0.96387833
2.300000000468569,3.229923135352929,3.064712081623009,20,9,0.6,101,16,199,39,3.2542818784713745,9.799003279995926,1.1410003
2.350000000478757,2.994157683086229,3.0891794082671304,25,10,0.6,97,16,186,35,3.1252330541610718,9.239345239772438,1.2683744
2.4000000004889435,2.942106937678618,3.326707209739731,21,10,0.6,92,16,186,34,3.2010293006896973,9.331698038168401,1.4994044
2.45000000049913,3.149085444180086,3.149832467823564,22,10,0.7,98,16,190,35,3.239056169986725,8.81340264270385,1.3134047
2.500000000509316,3.020436248119949,2.8560195080403017,26,11,0.6,105,17,197,40,2.923845946788788,8.708022015231078,1.0960953
2.5500000005195025,3.481787318461522,3.466016975505429,22,11,0.7,96,17,190,35,3.046046495437622,9.30514881749187,1.3995821
2.6000000005296906,3.004052550896223,2.862235395581525,28,12,0.8,95,17,198,37,3.052908778190613,8.523036222689129,1.3182384
2.6500000005398734,3.2586639007151015,3.118606731920158,26,12,0.7,98,17,196,37,3.2280462980270386,7.659988748475435,1.2133468
2.7000000005500615,2.8343192924431246,3.1065116669708868,25,10,0.7,97,17,194,36,3.1374332308769226,8.409271030487249,1.210183
2.750000000560248,3.15452620750029,3.162722134411893,23,9,0.7,97,17,200,37,3.201974332332611,8.340247474442357,1.2305803
2.800000000570434,2.645416811651028,2.656098747539393,24,9,0.6,102,17,195,37,3.3134374022483826,8.095409399800744,1.1474173
2.8500000005806223,2.6824003503425735,2.4561439109576906,31,10,0.7,100,15,202,37,3.101831078529358,8.052839585863092,1.0661702
2.900000000590805,3.0177003493184076,2.8759296425958447,26,11,0.7,104,18,195,37,3.117186725139618,8.34252355351718,1.2025474
2.950000000600993,2.6280917280299283,2.410457137873084,24,8,0.6,99,17,206,39,3.076889216899872,8.594136034547448,1.0335279
3.0000000006111796,3.1146352782688282,3.1281042234649186,25,9,0.7,102,16,197,37,3.1763994693756104,9.054341010851239,1.1058447
3.050000000621366,2.793918575920078,2.7442631660189045,29,10,0.7,97,15,189,38,2.9974180459976196,8.292609632359191,0.9931348
3.1000000006315522,3.3277310626012033,3.2386103763597474,25,8,0.6,96,16,184,34,2.988062798976898,8.63749625168695,1.1965481
3.1500000006417386,2.755438845940843,2.5908051424254097,29,9,0.7,102,15,205,39,2.893907129764557,8.366558083761086,0.9599086
3.200000000651925,3.5334004863646755,3.3182172192769026,23,7,0.6,95,15,192,38,2.9800280928611755,8.734155481280812,1.205874
3.2500000006621113,3.0145249756923906,2.727942841540898,26,9,0.6,91,16,189,38,2.9229390621185303,8.616267454418196,1.0664846
3.3000000006722976,3.182770650542694,2.909931902672885,28,9,0.7,97,15,193,40,3.0591413378715515,9.44407129329,1.0859727
3.350000000682484,3.2387763724170875,2.4326611242759215,23,9,0.6,101,17,208,41,2.7964380383491516,8.227488742131497,1.0227668
3.4000000006926703,3.63864896532415,3.0349575893602125,26,8,0.6,91,15,191,37,3.2324817776679993,9.09274439851095,0.96260107
3.4500000007028584,2.824616737058073,2.4025685660568823,32,11,0.8,103,15,201,39,3.3600494265556335,8.820457599038267,0.89643717
3.500000000713041,2.7406723624350926,2.2921443755957287,26,9,0.6,103,16,209,39,3.1287842988967896,7.8932634183346195,1.0166824
3.5500000007232293,2.828051182095357,2.0972163084518756,25,7,0.7,104,16,214,43,3.042605221271515,9.432102048716535,0.8821585
3.6000000007334156,2.856418810080423,2.564654908820121,25,8,0.7,96,16,190,38,3.1779006123542786,10.184217252066805,0.91039515
3.650000000743602,3.167545357647223,2.661709280582458,24,10,0.8,98,16,208,39,3.1637290120124817,9.7450027077051,0.97374856
3.70000000075379,2.8040933495280758,1.9677998352387562,30,10,0.7,111,18,211,42,3.040649890899658,9.252492012445508,0.70437247
3.750000000763973,3.0943184619522053,2.5965171917615875,30,11,0.8,102,15,199,38,2.7810031175613403,9.955288670401456,0.9395261
3.800000000774161,3.378131088718707,3.197336040783231,25,10,0.7,94,15,193,35,3.4537750482559204,10.388923961962808,1.1729637
3.8500000007843473,3.2675131050881348,2.823075177082255,30,9,0.7,99,16,196,37,2.8554925322532654,9.800246811054718,0.873101
3.9000000007945337,2.95167500884732,2.2214664056315865,28,7,0.6,95,16,187,37,3.1984061002731323,8.727781822851624,0.9952545
3.95000000080472,3.1106514202171587,2.477577763006698,31,9,0.7,99,17,200,39,3.0123689770698547,9.23678356752478,1.0848646
4.000000000814906,2.748815227262433,2.4544412274285357,31,10,0.7,102,15,197,36,3.0407634377479553,8.498072301583726,0.9278687
4.0500000008250945,2.3234466941354572,2.025795011948987,29,8,0.6,102,16,200,36,2.946910858154297,8.731390801015309,1.0521942
4.100000000835277,2.995159954865913,2.903313878538269,23,8,0.6,98,16,186,35,3.1430041790008545,9.043276961515199,1.0837126
4.150000000845465,2.90601547998334,2.561019058449863,23,10,0.7,97,15,190,38,3.350885808467865,9.248639054500236,1.1225446
4.200000000855652,2.310481704618773,2.261249950034932,24,10,0.7,103,16,205,38,3.34311842918396,8.324056026664834,0.94443274
4.250000000865838,2.227209464435859,2.1673304689038666,20,9,0.7,100,16,209,38,3.143724799156189,8.413513821184235,1.1375235
4.300000000876026,2.8356929890603766,2.574949139595968,24,10,0.6,103,15,200,36,3.257092237472534,8.802157604232548,1.0189435
4.350000000886209,3.3278818451017047,3.1848670602672637,28,9,0.6,92,16,182,36,3.1455594301223755,9.558240214873237,1.0926232
4.400000000896397,2.9501614492019925,2.742189385517384,29,10,0.6,93,16,194,39,3.045702278614044,8.809121778227391,1.1188711
4.450000000906583,2.6627949105366735,2.5809725673097357,24,10,0.7,99,16,198,38,3.0434149503707886,8.711646104592736,1.1616737
4.50000000091677,3.088445792985967,2.616571314699291,36,11,0.8,104,17,212,40,2.9370787739753723,9.073773836699681,0.8987472
4.550000000926956,3.1611328509373804,3.145107904570597,24,11,0.7,99,16,187,37,3.1309831142425537,8.716453984942518,1.3151674
4.6000000009371425,3.4957160340264326,3.5233479114044766,20,10,0.7,100,16,182,37,3.2727888226509094,8.623926424683832,1.2113581
4.650000000947331,3.3606024341560037,3.2336399656190378,29,12,0.8,97,16,186,38,3.0146101117134094,8.828759889700049,1.1326675
4.700000000957513,3.3493251582678134,3.3331796270568637,19,9,0.6,99,17,192,40,3.2962656021118164,9.27176437461898,1.2370609
4.7500000009677015,2.971857257816831,2.9457744979597296,31,11,0.7,104,16,200,39,3.1354251503944397,8.790524024130777,0.9911566
4.800000000977888,3.4531857014564267,3.430744169096181,23,9,0.7,93,16,186,36,2.958880662918091,9.279259841878122,1.1139143
4.850000000988074,3.4184583522948304,3.2685703058926667,24,11,0.8,98,16,191,38,3.1709933280944824,8.724401952795047,1.0655003
4.900000000998262,2.5371415832392907,2.745373355335162,29,10,0.7,101,16,203,38,2.9678750038146973,9.174412788472859,1.1290715
4.950000001008445,3.2446627651009408,3.1574649155625796,16,6,0.5,90,15,177,33,3.196830451488495,10.294003222744008,1.3604808
5.000000001018633,3.5729386292072403,3.355813369624921,23,7,0.6,92,15,174,34,2.924477756023407,10.585783836670002,1.2492249
5.0500000010288195,3.2312998775632833,3.0832951234523422,24,9,0.5,95,16,182,33,2.87801057100296,8.810219919756408,1.1181082
5.100000001039006,3.165093767943122,3.045795265316133,25,9,0.5,91,15,193,37,3.026573956012726,8.666048037495138,1.2792119
5.150000001049192,3.1966796210279735,2.899304214403654,24,9,0.6,89,16,189,37,2.9218024015426636,8.85520041674516,1.1194884
5.2000000010593785,2.966295005407998,2.611578111149822,26,10,0.7,100,16,203,38,3.22072833776474,8.150242123773621,1.10936
5.250000001069565,3.295151442117774,2.792839014160223,29,10,0.8,87,15,186,36,3.160199224948883,9.31850721209405,1.0894029
5.300000001079751,2.6635561134219756,2.7054606643784513,32,10,0.7,100,17,204,36,3.31796795129776,9.244385517780893,0.978655
5.350000001089938,3.3685411526304088,3.1048517244632725,27,9,0.6,90,16,188,35,3.0264467000961304,9.961208491494986,1.1030788
5.400000001100124,3.0187454781473875,2.913942120339679,26,9,0.6,87,15,178,34,2.985643744468689,10.412965332597706,1.200986
5.45000000111031,2.7354732516818894,2.757726245939256,19,8,0.5,91,16,177,34,2.787533402442932,10.148248389978187,1.3179108
5.500000001120498,2.9223336812025567,2.844111210326999,30,10,0.6,100,16,197,38,2.819374203681946,9.36430168241757,1.0938847
5.550000001130681,2.989998205263322,2.6228502215577087,31,10,0.7,98,16,208,39,3.1241756677627563,9.71948008820437,0.9934982
5.600000001140869,2.798055663606846,2.7163371577371223,33,11,0.7,104,18,202,37,3.1646618247032166,9.841292264582204,1.0075805
5.650000001151056,3.0051615578594997,2.5706171275020253,30,11,0.7,87,15,186,37,3.2963204383850098,10.373130284917513,1.0905303
5.700000001161242,3.1668923292589524,3.030987305506052,30,10,0.6,89,15,190,35,2.926875650882721,9.936922816614064,1.1548762
5.75000000117143,3.3267675865906376,2.8837851089329583,26,8,0.6,96,17,198,38,3.16447913646698,10.993935363968443,1.1606474
5.800000001181615,3.0444199408712516,2.6316639285398216,34,12,0.8,109,17,213,39,2.9851871728897095,9.425984140110328,0.8544773
5.850000001191801,3.4578934281876395,3.249557749792746,29,9,0.6,98,16,188,33,2.9584547877311707,10.87727203810279,1.2052925
5.900000001201987,2.927419025576646,2.6799585918139517,30,10,0.7,91,15,193,35,2.9970264434814453,9.804067993131733,1.0576472
5.950000001212174,3.134791523837058,2.683939174757908,24,9,0.6,88,16,186,34,2.829413115978241,9.713937447239127,1.1881754
6.00000000122236,2.9877355013233675,2.857585754713145,24,9,0.6,96,16,187,37,2.9296836256980896,9.320586102783546,1.0983839
6.050000001232546,3.463094385625301,3.1448535550889107,23,10,0.8,90,15,174,34,2.723936438560486,10.118941098802194,1.3381113
6.1000000012427344,2.815080525865221,2.594425685984618,26,11,0.7,101,16,200,39,2.8573569655418396,9.67071307235078,1.0100404
6.150000001252917,3.181084364100876,2.7910706971874433,32,11,0.7,97,18,195,36,2.7878770232200623,9.241999806019834,1.0056874
6.200000001263105,2.8876704001658107,2.702197408646938,32,11,0.6,107,17,199,37,2.6810020208358765,9.401094074520913,0.9484077
6.250000001273292,3.195898120722398,2.952543502603162,29,11,0.7,92,16,192,38,2.8148487210273743,9.197066982275306,1.106809
6.300000001283478,3.029469653978532,2.3367765407711776,33,9,0.7,90,15,191,37,2.8157904744148254,9.050430858059881,0.92764556
6.350000001293666,2.968608613140708,2.7556951838917025,25,9,0.7,92,15,189,40,3.072390556335449,9.592768987865128,1.1668924
6.400000001303849,3.252825763772011,2.5648499189443497,28,10,0.7,98,16,191,35,3.150429129600525,9.76208176581661,0.8582112
6.450000001314037,2.937138616421188,2.4419525290612936,28,10,0.7,95,18,195,38,2.782793939113617,10.150592393451223,1.004956
6.500000001324223,3.002358406476731,2.5632462742535775,28,10,0.8,97,16,197,37,3.0791282653808594,10.155027008060431,0.9691647
6.55000000133441,2.605225591909985,1.723524736659143,34,11,0.7,102,16,209,40,3.2405993342399597,9.424296614006797,0.7261296
6.600000001344596,3.106818664283016,2.2230121662316322,30,8,0.7,97,15,196,40,3.087882101535797,10.428681301374398,0.91532826
6.650000001354782,2.7623837837313596,2.6017379990723133,24,10,0.8,93,16,187,38,2.9846560955047607,10.383165457425791,1.0948194
6.7000000013649705,3.0914750703376246,2.9295946289520076,31,10,0.8,93,16,176,34,3.1194332242012024,9.914704116832489,1.0425171
6.750000001375153,3.453767266378513,3.0432867458165775,27,10,0.6,100,17,187,35,3.009536564350128,9.820996413568173,0.9777088
6.800000001385341,3.1264465466935043,2.6997952542346972,28,10,0.8,95,15,205,38,2.7381479740142822,9.149645001530757,1.0163445
6.850000001395528,2.7606772149395016,2.532636788727556,26,8,0.7,105,18,203,40,2.925231158733368,9.793648404192128,1.0710155
6.900000001405714,3.2901692163522633,2.9473110684224952,26,8,0.6,90,14,190,35,2.6538094878196716,9.531956203134442,1.080231
6.950000001415902,3.713173465871851,3.1758591735548825,23,7,0.6,89,15,180,36,2.8579509258270264,9.775572797915366,1.1964393
7.000000001426085,2.966740373466324,2.6702811318010515,31,11,0.7,100,16,192,37,2.741628885269165,9.193910580497366,1.0581949
7.050000001436273,2.948530956057169,2.6689232030697845,28,11,0.7,99,15,193,37,2.842457592487335,9.546484205402441,1.027672
7.1000000014464595,2.927869662020287,2.555061566964093,33,10,0.7,94,15,197,35,3.0234628915786743,8.673638540467401,1.0158167
7.150000001456646,2.9974215282609054,2.838975722661103,24,10,0.7,91,15,184,37,2.7169442176818848,9.065310294227737,1.1367954
7.200000001466832,3.319083029761773,2.503661907728425,25,9,0.7,96,15,203,40,2.7993017435073853,8.513394838819286,0.94149184
7.2500000014770185,3.1506767580400123,2.2629307382733113,30,9,0.7,90,14,204,39,2.9282501339912415,9.313335251112527,1.033727
7.300000001487205,3.1608310419694203,2.710183421658383,27,11,0.7,99,15,194,37,3.0664610862731934,8.976661961638852,1.080348
7.350000001497391,2.9524388481816723,2.581915265291035,34,9,0.7,99,15,205,39,2.935698926448822,9.166564385916374,0.95883787
7.4000000015075775,3.0154059063934433,2.4991808677118046,23,8,0.6,100,16,201,38,2.791452705860138,9.550277526302322,1.0817683
7.450000001517764,2.990728941181528,2.3681833714849,30,11,0.8,98,16,197,40,3.0701982975006104,9.236479079543187,0.89280677
7.50000000152795,2.925593488102967,2.4883361746102066,26,8,0.6,100,17,193,39,2.932223677635193,9.770536850648321,1.0980703
7.550000001538138,2.571051063428386,2.0105002981013653,29,10,0.7,104,17,209,38,2.8316497802734375,9.066178672493654,0.9030293
7.600000001548321,2.920842463131625,2.4278949679802375,31,11,0.7,102,15,215,41,3.108413517475128,8.804956284910848,0.87090015
7.650000001558509,2.5436111922511673,2.177009122327468,29,10,0.8,109,16,213,41,3.0796995759010315,8.704570821778468,0.85627085
7.700000001568696,3.059375598820189,2.2222971553111055,36,11,0.7,106,17,211,40,3.228926658630371,8.174106675045909,0.7427375
7.750000001578882,2.4354075435915776,1.6089404431785026,33,9,0.7,111,18,215,42,2.8633758425712585,8.619769523647784,0.77590626
7.80000000158907,2.823558398029596,1.9721379581599123,28,9,0.7,106,17,215,41,3.0587726831436157,9.397186269203699,0.63454235
7.850000001599255,3.114244303024485,1.9012959558933704,33,12,0.8,106,16,206,38,2.976641356945038,8.97084565191859,0.5906452
7.900000001609441,2.805578590354992,2.185995622250492,31,11,0.7,109,20,221,42,3.0179551243782043,8.193255893237774,0.767828
7.950000001619627,3.072852035311391,2.0336992430865037,28,11,0.8,111,19,218,42,2.6664936542510986,8.272085894931012,0.8727107
8.000000001629813,2.6845972100277224,1.7366689913376514,35,11,0.8,114,21,225,42,3.293827772140503,8.78448743782518,0.52861196
8.050000001639999,2.7864827027640504,2.416157490681401,28,10,0.6,106,18,222,39,3.2316920161247253,8.626611624521514,0.7384513
8.100000001650185,2.939624804773567,2.2349067741596795,37,10,0.6,111,18,217,41,2.8971824049949646,8.416678412207466,0.7545364
8.150000001660372,2.7209033684224586,2.374787208722701,35,12,0.8,102,16,214,40,3.1563031673431396,8.310204248422943,0.81074953
8.200000001670556,2.6958812225142497,2.4422676112999935,28,11,0.7,106,18,215,41,2.91265606880188,8.178013268915212,0.90951765
8.250000001680746,2.5101726776673376,2.0942429666055435,41,13,0.8,112,19,228,42,3.0185678601264954,8.726705503966254,0.60591304
8.300000001690933,3.234796831046949,2.5546914608923417,30,11,0.7,101,16,214,39,2.663334906101227,9.368062750559858,0.78770137
8.350000001701119,2.801757647406458,2.1793980942795184,32,10,0.8,109,17,228,42,2.9264870285987854,8.757973925092868,0.59124875
8.400000001711305,2.640146238654121,2.15540234015618,30,11,0.7,116,21,222,43,3.1073102355003357,8.94495811290196,0.5980774
8.450000001721488,2.6747705968798248,1.8197981181606926,26,9,0.7,105,18,223,42,3.119892179965973,9.50125274641418,0.668887
8.500000001731678,2.682141490269068,1.8120176774967085,32,10,0.8,119,21,217,39,3.098810613155365,9.495179301068726,0.6223026
8.550000001741864,2.5410533559082378,1.6375009472242277,35,12,0.9,117,20,204,36,3.0907532572746277,9.220787077439967,0.62040687
8.60000000175205,2.650024079977014,1.8125807059016221,34,12,0.8,115,18,224,38,3.0246636271476746,9.256961314576548,0.5536877
8.650000001762237,2.9082385099029806,2.019209192771555,31,11,0.8,116,19,217,40,3.0623048543930054,9.246323216152721,0.6027042
8.700000001772423,2.767454303390917,1.8086791183817956,35,10,0.7,117,20,224,41,3.0459877848625183,9.704465755221747,0.50777847
8.75000000178261,2.8577114137849797,1.7224529332787117,30,11,0.7,114,18,225,43,3.000514507293701,9.124963207808543,0.6002971
8.800000001792792,2.7495134729852877,1.6230979886145955,26,10,0.7,121,20,227,44,3.142286539077759,9.436652268441987,0.5099145
8.850000001802979,2.712760462424573,1.6799380401734063,28,9,0.9,115,19,224,42,3.2303091883659363,9.018405749432219,0.67800325
8.900000001813165,2.58575509026422,1.7034563336209398,31,13,0.9,117,18,215,41,3.1997573375701904,9.574215104267063,0.5618582
8.950000001823351,2.934026969230883,1.8385603599599523,27,10,0.8,118,19,213,41,3.0558183789253235,9.910918874751369,0.52500993
9.000000001833538,2.5353410563994383,1.7194212751875275,31,12,0.8,116,19,212,41,3.1834274530410767,10.007884126967612,0.38914907
9.050000001843724,2.7657041022586393,1.5204492836864658,33,12,1.0,123,18,226,44,3.144208788871765,9.729449105352765,0.51325035
9.10000000185391,2.408646177567476,1.4603860863488158,31,10,1.0,123,19,225,43,3.239195942878723,10.019219209622827,0.5126928
9.150000001864097,2.714863299951994,1.5995245326166265,24,10,0.8,111,18,219,44,3.1053099036216736,9.934797712961307,0.56253695
9.200000001874283,2.831977025170096,1.8199019756886643,26,12,0.9,114,19,214,42,3.1829574704170227,9.34091273844988,0.46041456
9.25000000188447,2.647315505701165,1.2633348821807453,35,11,0.8,109,17,225,43,2.9663854837417603,9.591373604502058,0.5167359
9.300000001894656,2.766121541681767,1.5980736335810473,27,10,0.8,115,18,223,42,3.0884453654289246,10.018985564187668,0.60702527
9.350000001904842,3.011795733835074,1.8522988553780662,28,11,0.8,115,18,204,40,3.033338785171509,9.542916777374586,0.64197874
9.400000001915028,2.6650144856213673,1.3988045410223504,31,11,0.9,107,18,210,39,3.109370768070221,10.678333582417139,0.5608413
9.450000001925215,2.555068686451082,0.9820051732973742,35,13,1.0,117,21,217,42,3.1264695525169373,10.564411472838371,0.4479563
9.500000001935401,2.8676612832943267,1.3523489673455171,40,13,1.0,114,19,223,42,3.103974759578705,10.313457084720374,0.48605034
9.550000001945588,3.0599017770990224,1.0571250191360162,25,10,0.9,118,21,215,41,3.0350461602211,9.93228256173122,0.5324362
9.600000001955774,3.033916127276503,1.3407733990950823,32,12,0.9,111,19,204,38,2.8078794479370117,9.337219571769433,0.60203445
9.65000000196596,2.868175190322455,1.5809721883913797,27,10,0.7,108,16,210,40,3.146679401397705,9.381615593614656,0.56596714
9.700000001976147,2.77442841687893,1.3506384142889405,33,15,1.0,117,18,231,41,3.2492852210998535,9.170457937687813,0.4936536
9.750000001986333,3.0312960380382723,1.7261820774716898,31,12,0.8,112,18,226,39,3.0745548009872437,9.034260344102512,0.5521078
9.80000000199652,2.873568557066029,1.9310559829552445,25,9,0.6,111,18,210,39,3.250763714313507,9.428927844570616,0.755546
9.850000002006706,2.814941449818123,1.8406336529056666,31,10,0.8,108,21,229,40,3.250453472137451,9.14836663816196,0.72601104
9.900000002016892,2.679650374283087,1.6393830779944487,36,12,0.8,113,19,220,39,3.0848541855812073,8.56879534465901,0.68387455
9.950000002027078,2.520029149196697,1.8747827375930717,28,12,0.8,110,18,217,42,3.2796820998191833,9.142204949071298,0.68728745
10.000000002037265,2.367963077587321,1.6370723691366305,31,12,0.9,121,21,214,38,3.147552013397217,8.430775838249183,0.75102437
10.050000002047451,3.1763745905978618,2.1415863891799,28,9,0.7,104,17,201,38,3.3329203724861145,9.574394936838937,0.8574303
10.100000002057637,2.5457696558178617,1.4426239144415254,27,11,1.0,108,17,216,39,3.444211184978485,8.397646752997368,0.64038527
10.150000002067824,2.4354741012190297,1.4815352801076223,29,12,0.9,117,20,221,42,3.117983341217041,8.15433018726913,0.4370271
10.20000000207801,2.7977960245119684,2.01735379619702,27,12,0.7,112,21,218,40,3.224392533302307,8.022132744047354,0.63622755
10.250000002088196,2.7827640897021806,1.9955234112393339,30,11,0.6,114,18,213,40,3.1483036279678345,8.188564484501244,0.5951506
10.300000002098383,2.468511511837036,1.9524492607538966,26,12,0.9,117,21,220,40,3.038206100463867,8.076258797708311,0.62366116
10.350000002108569,2.625741222406363,1.8345849947637707,26,11,0.7,115,19,216,42,3.056285083293915,7.6123548841794975,0.57804394
10.400000002118755,2.4482062362216377,1.8038103613973313,36,14,0.9,122,22,228,42,3.1944620609283447,8.51150942428644,0.46140328
10.450000002128942,2.6692667268899877,1.6775402209813894,28,14,0.9,123,21,229,43,3.0852356553077698,7.817113087097551,0.51300126
10.500000002139128,2.545316888742348,1.5027023674326596,31,13,0.9,124,22,234,41,2.9823756217956543,7.213880535725057,0.5166271
10.550000002149318,2.5466604945557374,1.4435692704000134,31,11,0.9,106,20,213,40,3.201586604118347,7.534797363849295,0.61430275
10.6000000021595,3.1097468922587983,1.8160498469463504,27,12,0.8,110,17,209,39,3.0072301626205444,8.053607979989579,0.66904867
10.65000000216969,3.130681085024239,1.7125637073212254,32,11,0.7,113,20,210,38,3.1516125798225403,7.203531328722299,0.55884063
10.700000002179873,3.4340348098478595,1.8915792357356753,29,11,0.7,103,17,211,40,3.119855225086212,7.658978633475533,0.6601052
10.75000000219006,3.331586030227208,1.7394645440356438,33,11,0.8,108,18,208,39,2.9098448157310486,7.296618535365518,0.5509372
10.800000002200246,3.233821490403161,1.6838364075732002,30,11,0.8,109,17,210,39,3.012881278991699,7.533693648650752,0.5197596
10.850000002210432,2.9428884105896778,1.8598469309895884,30,12,0.8,115,20,213,38,3.0232492089271545,8.061801486544677,0.5789907
10.900000002220619,3.4989485036728603,2.0367695364281877,27,10,0.7,94,16,209,40,3.1480231881141663,8.539091389959559,0.9308809
10.950000002230805,3.216415406247795,1.6990446148995595,35,11,0.7,104,17,220,39,3.148353695869446,8.624661080790057,0.46917257
11.000000002240991,2.9879117564695044,1.585613227742256,44,13,0.9,109,20,229,40,3.2081642746925354,7.952428104248677,0.56262445
11.050000002251178,2.996184502278888,1.5394027917115614,31,12,0.8,110,19,225,40,3.2095998525619507,7.92511848812933,0.6505684
11.100000002261364,2.653630560410252,1.3583605707486568,29,10,0.7,108,18,209,38,3.0058476328849792,8.993460620179086,0.5814481
11.15000000227155,2.8966587532822894,1.5457721122660615,33,13,0.9,107,17,215,40,3.22562575340271,8.699960234357675,0.6154338
11.200000002281737,3.033434378562689,1.5586234277697146,40,14,0.9,110,20,218,38,3.233345150947571,8.478037420147384,0.5915381
11.25000000229192,2.6994752922328633,1.5944132399608104,31,12,0.8,107,19,218,40,2.935112416744232,8.504272416431355,0.6830615
11.30000000230211,3.08426104233002,1.756271618861995,29,12,0.8,107,18,217,40,3.1382888555526733,8.024242728404545,0.61848456
11.350000002312292,2.8990955818758435,1.6723254768845552,31,11,0.8,103,17,211,38,3.2146155834198,8.201429354127256,0.79175824
11.400000002322482,2.8760777617921223,1.4294801370438617,34,13,0.8,114,19,222,39,3.0432626605033875,7.674522719638919,0.5573523
11.450000002332668,2.964892973690521,1.690850474797883,33,10,0.8,107,19,210,40,3.1276604533195496,7.528527625569756,0.7774043
11.500000002342851,3.1298820666545635,1.500758149290494,31,10,0.8,109,19,218,39,3.2747069001197815,7.6480804546002545,0.62250113
11.550000002353041,3.004471499786762,1.7506990165152938,33,11,0.7,109,17,214,40,3.187752068042755,7.820987104639743,0.565073
11.600000002363227,2.8300479182840252,1.7745982871181565,28,10,0.7,93,16,190,35,3.261711895465851,8.133653293388718,0.81884545
11.650000002373414,3.3004505935869224,1.9625591298164107,32,8,0.6,99,15,206,38,3.014201521873474,7.877451994887235,0.90723646
11.7000000023836,2.7161736356381305,2.1167253186924917,24,9,0.5,101,15,198,36,3.0320796370506287,8.542913755615134,0.9420333
11.750000002393787,2.932150479167081,2.3567927467147536,37,12,0.7,109,18,213,38,3.009297549724579,8.442340815971372,0.7940128
11.80000000240397,2.80131031736821,1.7462414604235148,26,11,0.7,103,16,215,39,3.197326362133026,8.292008695283144,0.750675
11.85000000241416,3.288501705711529,2.0087703633660507,30,13,0.8,106,16,210,37,3.1691020727157593,8.35070743115681,0.79621756
11.900000002424346,3.1606107284277534,1.9221509198301745,30,9,0.7,99,15,206,36,3.2218649983406067,7.906675928040796,0.8302116
11.950000002434532,3.004050086793973,1.9047258728935352,37,12,0.9,106,17,214,37,3.184410035610199,7.889956525805921,0.6759039
12.000000002444722,3.224482602546863,1.8810701092429376,31,10,0.8,104,17,214,39,3.145047128200531,8.212782642986571,0.7924354
12.050000002454905,3.081152593018664,1.5547633331906796,40,12,0.8,103,20,210,36,2.959059178829193,7.850382471601858,0.66416156
12.10000000246509,3.0933085239930938,1.8548069248549752,23,9,0.7,95,15,205,38,3.1004276871681213,8.106180368412526,0.8727573
12.15000000247528,3.0373774954380854,2.1231219937713117,33,11,0.8,111,17,207,37,2.8512540459632874,6.9866823275126055,0.67463326
12.200000002485464,2.7540168254042556,1.8070033122269835,28,9,0.8,101,16,202,35,3.0453962087631226,6.240454113358389,1.0786517
12.25000000249565,3.0418988900930706,2.492049958380197,27,10,0.7,102,16,193,37,2.908189594745636,6.086080974406958,0.9541471
12.300000002505836,2.9544931015956983,1.8992909584901232,26,10,0.6,101,18,206,38,3.049112558364868,5.5913623081215125,0.77882314
12.350000002516023,3.0510689510970974,1.7316807602381101,34,12,0.9,109,18,209,37,3.3075806498527527,6.196081278860799,0.71040916
12.400000002526209,2.774618532259181,1.4253150190896426,27,11,0.8,103,17,207,38,3.163638114929199,5.400856359730648,0.72536564
12.450000002536395,2.9358096351711396,1.7297902777778265,43,13,0.9,112,19,221,38,3.228975534439087,5.99765226872889,0.5503422
12.500000002546582,2.1117039353660134,1.4958998252409783,30,9,0.8,107,21,224,41,3.2108113169670105,4.994499350728869,0.91175795
12.550000002556768,2.708348939278442,1.85717340401296,34,10,0.8,105,18,214,38,2.9890382289886475,5.608192401420817,0.76212806
12.600000002566958,2.8760279402317983,2.1252222797362768,35,10,0.6,104,16,208,38,3.0684664845466614,5.76103917469081,0.7418677
12.65000000257714,3.114840972575027,2.106289781958174,38,10,0.7,102,15,209,38,3.1276971101760864,6.647708740452609,0.86135656
12.70000000258733,2.878353553619508,1.8978694231829683,32,10,0.7,94,16,209,37,3.032546639442444,6.909782659005677,0.81687796
12.750000002597513,3.137939114858333,2.291441998093346,32,11,0.7,105,18,213,40,2.95268177986145,6.684729448763678,1.0175124
12.8000000026077,2.6050381930692295,1.9609461818845042,35,10,0.6,106,19,208,39,3.115084171295166,6.775188418255551,0.7700652
12.850000002617886,3.008032008896664,1.943837626246784,32,7,0.6,103,18,207,38,3.133445084095001,7.093384638790834,0.8462268
12.900000002628072,2.676317879270334,2.1243278621572763,26,8,0.7,104,17,202,36,3.0688610672950745,7.215888960525154,0.8197758
12.950000002638259,2.8707461967597867,2.2135804918903803,31,9,0.7,108,17,202,37,3.1360414624214172,7.29967376606889,0.8607577
13.000000002648445,3.1131334994317394,2.339377579746566,33,11,0.7,102,16,200,36,3.123926520347595,7.671998099807045,0.87237316
13.050000002658631,2.8970000556628266,1.9635606415194968,31,11,0.8,109,19,212,38,3.074851930141449,7.372722640483467,0.7606026
13.100000002668818,2.8746774186630866,1.6319302272019962,33,10,0.7,107,18,209,39,3.0681967735290527,6.832090495973233,0.7815759
13.150000002679004,2.585161943543752,1.6259374653580294,27,11,0.7,100,17,209,37,3.162030875682831,7.282719307831735,0.727709
13.20000000268919,2.916646641512605,1.7233318479143092,40,12,0.9,105,18,211,37,3.0754512548446655,7.569856165961681,0.6953707
13.250000002699377,2.676340006681656,1.8487063152646779,32,11,0.8,111,19,224,39,3.1287384033203125,6.0663933121507085,0.8087308
13.30000000270956,2.9028704586162024,1.7100452404995359,35,11,0.8,106,19,214,39,3.0800458788871765,6.679968165042531,0.8440413
13.35000000271975,2.479580977735454,2.154897971352204,33,10,0.7,105,17,214,37,3.0580872297286987,6.3733379097386145,0.88078094
13.400000002729932,3.082323209309612,1.7246895311835173,40,10,0.8,101,17,214,37,3.0085372924804688,6.956938407989126,0.7765901
13.450000002740122,3.084849916336973,1.8360255876049147,33,10,0.7,98,16,202,38,3.053136169910431,6.741048240358216,0.89173174
13.500000002750308,3.3317869372544195,2.0412785330546828,26,8,0.6,98,15,204,37,3.1120333075523376,7.282296253827925,0.7384181
13.550000002760491,3.0678243289170815,1.6134002466662012,41,11,0.9,107,22,211,37,3.0224069952964783,6.8405938224006935,0.66999805
13.600000002770681,3.139153791626397,1.8916233990107263,22,8,0.6,103,16,206,39,3.2621100544929504,7.727340779918599,0.8909836
13.650000002780867,2.983251201162029,1.786235143923522,27,12,0.8,112,19,221,41,3.021678924560547,7.055140655097505,0.64796996
13.700000002791054,3.1923673726669954,1.5908290339034161,29,9,0.7,104,21,217,37,3.043985366821289,7.253193622369629,0.6898984
13.75000000280124,3.128067937036312,1.6760201682599507,34,11,0.8,106,19,218,38,3.1224504113197327,6.714126221827446,0.7039341
13.800000002811426,3.3346697922716957,1.8368228232144963,32,10,0.7,109,17,217,38,3.045038878917694,7.268733741639073,0.546783
13.85000000282161,2.8459555464441513,2.0800782124878965,24,10,0.7,108,20,219,39,3.1450343132019043,6.720452978643765,0.74770653
13.9000000028318,2.9881061056504183,2.1378235639906267,25,9,0.6,104,18,204,37,3.113483190536499,7.5621436728501745,0.9297931
13.950000002841985,3.090148658640077,1.6563827697779145,28,10,0.8,110,19,218,38,3.1708869338035583,7.245210675062017,0.5269189
14.000000002852172,3.2013286023185024,1.7657890772144356,30,9,0.7,105,19,217,39,3.0480316281318665,7.476667987206529,0.72947717
14.050000002862362,3.7006207104588453,2.294045362588249,30,8,0.6,102,16,213,39,3.0496954917907715,7.182093065787347,0.6865145
14.100000002872545,3.3321014638829913,1.8013533409524105,30,9,0.7,103,17,223,40,3.1235432624816895,6.672330377594742,0.7387836
14.15000000288273,3.309732790452611,1.6293112036904078,31,8,0.7,103,19,212,37,3.109396994113922,7.2534349299070655,0.88563454
14.20000000289292,3.6595820032987136,1.9323366663149146,27,8,0.6,98,18,204,37,3.1945598125457764,7.447838289639321,0.92206043
14.250000002903104,3.51132995772714,2.0225509373430643,29,9,0.7,99,17,202,39,3.125653564929962,8.382846886040767,0.80999094
14.30000000291329,2.998656444282781,1.4439890687242083,29,8,0.7,102,18,205,37,3.1047317385673523,7.531303081299239,0.8829229
14.350000002923476,2.757745795440445,1.692554425495295,25,9,0.7,108,20,207,39,2.9500219225883484,7.707537610082271,0.82486784
14.400000002933663,2.6439546402064855,1.1807816001621478,29,8,0.7,102,20,211,37,3.092816174030304,7.913368008764143,0.97896147
14.450000002943849,3.3904714527565827,1.897800118733902,31,11,0.9,104,18,199,37,3.254985511302948,9.132378047357612,0.87891245
14.500000002954035,3.3040401761304916,1.560359096387708,32,10,0.9,103,18,214,39,3.208591639995575,9.027067130197333,0.82010126
14.550000002964222,2.9342349400046936,1.531476288929452,33,11,0.8,104,17,212,38,3.090270757675171,8.420118791017224,0.7751029
14.600000002974408,3.081577954104758,1.5484937617623884,27,11,0.9,106,19,213,39,3.2541927695274353,8.14441790519374,0.61705756
14.650000002984598,3.181191569819135,1.6313972015685545,33,11,0.8,105,19,210,38,3.224686086177826,8.202590219623369,0.7750195
14.70000000299478,2.909839669994874,1.589536383547996,34,11,0.8,105,15,212,38,3.048664629459381,8.226924069594705,0.73250926
14.75000000300497,2.9888391955938323,1.4278045981710583,36,11,0.9,103,18,207,39,3.127528131008148,8.45626605966415,0.6504998
14.800000003015153,2.971344861890974,1.5281276584363828,37,11,0.8,109,20,215,38,3.00556480884552,7.656631170710684,0.68044454
14.85000000302534,2.9732239728546923,1.5066934782431363,29,9,0.7,98,17,207,38,3.1906282901763916,8.281937571645859,0.7412651
14.900000003035526,3.311775100636476,1.6477058230705313,31,11,0.8,108,19,223,41,3.0241867899894714,7.462926430600083,0.6539242
14.950000003045712,3.153882726035846,1.6372559731513503,33,10,0.7,107,19,221,38,3.2147714495658875,7.6693706785215365,0.5874044
15.000000003055899,2.8192781177734663,1.4392132910700515,36,10,0.8,105,18,220,38,3.101368248462677,6.823376557896852,0.7461672
15.050000003066085,2.9618383564341553,1.5430540441118468,31,10,0.7,102,17,205,37,3.118186891078949,6.87737106313044,0.79786694
15.100000003076271,3.150628581966535,1.6435064724723916,32,10,0.9,95,17,198,36,3.1843265891075134,7.989658686771257,0.7670231
15.150000003086458,3.0847608339811354,1.6005084909764196,38,10,0.8,103,17,214,39,3.2079002261161804,8.511535866834112,0.8287219
15.200000003096644,3.4329491395009493,2.020503589002494,27,9,0.6,97,18,198,33,3.0985087156295776,7.42159695657806,0.99567723
15.25000000310683,3.287338257375649,1.8195268041089185,31,9,0.6,106,19,203,37,2.844274938106537,8.48375834977733,0.84911275
15.300000003117017,3.1526194068181725,1.811064405719688,27,8,0.6,96,16,201,36,3.157999813556671,7.644165995168306,1.0735487
15.3500000031272,2.785376612120742,1.6465497480350937,34,9,0.8,106,17,214,37,3.1797191500663757,7.681660501209162,0.6810553
15.40000000313739,2.961320714908648,1.6158504479522693,35,10,0.8,101,18,209,37,3.1882721185684204,8.243893536017017,0.7351999
15.450000003147572,3.123942977458242,1.8471495227668129,34,10,0.7,100,16,219,38,3.006698489189148,9.006200322597486,0.8768537
15.500000003157762,3.327551599745559,2.3491335308279235,32,8,0.7,97,16,203,35,3.2268720865249634,9.273152397802695,1.0025992
15.550000003167948,3.2643376690160286,1.9731011460979282,32,10,0.7,103,18,214,37,2.9494470357894897,8.597901341189207,0.7942264
15.600000003178131,2.669619968606125,1.6439616153069416,32,10,0.8,102,18,214,38,3.010919690132141,8.409874529660533,0.85457015
15.650000003188321,3.58486853690607,1.9323526846231687,38,10,0.8,91,14,206,37,3.1741607189178467,7.771557679157262,0.8464203
15.700000003198507,3.5001027710322146,1.3988310271685644,46,11,0.9,106,21,224,39,3.0264344811439514,7.476973852552833,0.557457
15.750000003208694,3.0677654976416378,1.4415059367502132,28,11,0.8,111,19,215,39,3.0874991416931152,7.831884309783472,0.62715125
15.80000000321888,3.0179772606562456,1.4318302856761511,41,12,0.8,114,20,216,38,3.043619394302368,7.395146618545461,0.5726707
15.850000003229066,3.141941581219863,2.3301576240578665,36,11,0.6,102,19,210,38,3.0328521132469177,6.567135038645766,0.79237497
15.90000000323925,3.458870472428324,2.039114586854,29,10,0.7,103,16,217,39,2.881822884082794,6.87409456448826,0.8629014
15.95000000324944,2.8937765472634975,1.4992958598066706,33,12,0.7,106,18,214,38,3.289482593536377,6.729965266461724,0.6293582
16.000000003259625,3.2175302764999456,2.0135909942606545,36,10,0.6,104,18,202,38,3.104357123374939,5.974788296370699,0.6063832
16.050000003269812,3.286656146058056,1.4236897542999758,28,9,0.7,110,19,221,41,3.229633867740631,5.015242382580354,0.5540544
16.10000000328,3.237580249371352,1.5361182436699528,30,11,0.8,111,20,217,39,3.1111347675323486,5.577132265719449,0.56219995
16.150000003290184,3.1766150899549044,1.5542699480310045,35,11,0.8,106,17,216,38,2.9718494415283203,5.967106429040525,0.53484654
16.20000000330037,3.1686354237132583,1.4510773678271571,35,11,0.8,106,18,219,37,2.8482386469841003,6.248966962186859,0.63469505
16.25000000331056,3.379866824780657,1.6403691568727234,28,9,0.8,109,19,222,39,2.9646512866020203,6.404964655503367,0.78265554
16.300000003320744,3.3599619537310357,1.8076855899368536,25,9,0.5,108,21,209,38,3.1228676438331604,6.1207814903963165,0.74001396
16.35000000333093,3.680954249271865,1.6376792617741984,32,12,0.9,108,20,221,38,3.1898269057273865,5.941718486317118,0.73372626
16.400000003341116,2.941663829393777,1.4116035534990647,35,10,0.8,111,22,225,41,3.118298053741455,5.290105801404668,0.78034556
16.450000003351303,3.3730605396288693,1.6954987722397785,32,12,0.8,110,19,227,41,3.173770308494568,5.506080899350305,0.58289564
16.50000000336149,3.5439756089758796,1.5666207536019716,34,11,0.8,108,20,223,40,3.1757867336273193,6.063497668420226,0.73678225
16.550000003371675,3.3427488075164646,1.6126389620647106,27,9,0.9,111,19,218,39,3.1654787063598633,6.4847206271653235,0.7722728
16.60000000338186,3.508660978028599,1.4559086681742235,28,11,0.9,108,19,220,39,3.050527572631836,5.642994195140867,0.65479004
16.650000003392048,3.3742599980137804,1.5620411326712815,31,10,0.7,103,19,214,37,2.9078608751296997,6.168669590503164,0.7455037
16.700000003402238,3.315405222503318,1.6406681029234382,32,11,0.7,115,22,225,40,3.2194462418556213,6.392083325714193,0.555791
16.75000000341242,3.1862954865742528,1.471742751917617,36,13,0.9,115,22,222,41,3.0845656991004944,5.8225268493705595,0.5002279
16.80000000342261,3.2437055949052724,1.4072046931302977,35,11,0.9,114,21,222,40,3.1001976132392883,5.936384873909644,0.60584617
16.850000003432793,2.8313813684832874,1.5523703567229605,26,11,0.7,108,19,220,40,3.2348909974098206,6.020325128598376,0.7236858
16.90000000344298,3.5424825251661214,1.7261798646974085,28,8,0.7,106,19,216,40,3.1432101130485535,5.672388075105932,0.6945956
16.950000003453166,3.3241795202706954,1.6529010078088877,31,11,0.8,109,19,218,40,3.0919042229652405,6.01076977102684,0.6009773
17.000000003463352,3.156329230564916,1.5552610581848745,35,10,0.7,111,19,220,39,3.18938672542572,6.1071959598603165,0.5656473
17.05000000347354,3.671134226270538,2.024881050193602,29,9,0.7,103,21,219,37,2.9312554001808167,6.026876170956967,0.77135104
17.100000003483725,3.4770170402822727,2.0281558887840765,36,11,0.8,109,19,221,39,3.116588294506073,6.3837849816513526,0.717509
17.15000000349391,3.452997963648307,2.2226216963359082,36,10,0.7,102,16,215,39,3.0214065313339233,6.1614373974866155,0.6950797
17.200000003504098,3.3533138219174936,1.468377688455188,36,11,0.9,110,20,225,41,3.0206188559532166,5.660676252183023,0.5666425
17.250000003514284,3.304124206478055,1.4855041571871421,37,11,0.7,110,19,218,38,3.078816533088684,5.641340631401608,0.46191242
17.30000000352447,3.0419596543565266,1.55283018481172,31,12,0.9,110,18,219,38,3.1903550028800964,6.675437514450859,0.49170053
17.350000003534657,3.166010002397963,1.4454810990684872,34,11,0.8,110,21,216,39,3.0463987588882446,6.4048295574425484,0.52877253
17.40000000354484,3.4399755959398997,1.7002815002089378,35,9,0.7,110,20,222,39,2.994404435157776,7.517846503166465,0.62410355
17.45000000355503,3.1382889317389404,1.6625954976583746,30,8,0.6,110,20,218,38,3.1935596466064453,7.865637646814756,0.57873136
17.500000003565212,3.1831299019791848,1.460525611311925,36,12,0.8,110,21,215,39,3.234342634677887,7.522213464335872,0.6224736
17.550000003575402,2.9260630201480726,1.5513339455106356,35,10,0.7,110,21,219,38,3.10930073261261,7.130619314618354,0.6808351
17.60000000358559,3.026193917840768,1.5719959616416699,25,8,0.7,103,18,218,40,3.1363704800605774,7.6419469372481785,0.6924058
17.650000003595775,3.1352378492285515,1.6211623285338128,32,10,0.8,105,18,206,38,3.134588301181793,7.816315849029847,0.56163216
17.70000000360596,3.289651819796549,1.8402655497273765,34,10,0.7,101,17,214,39,3.120006024837494,7.384857054220282,0.5738415
17.750000003616144,3.371835571456722,1.8830260431964785,31,11,0.7,104,18,207,40,3.2368871569633484,7.290254803464533,0.575814
17.800000003626334,3.041777781573013,1.5116265162944489,34,12,0.8,107,17,214,39,3.199506402015686,7.571146827495525,0.6026477
17.85000000363652,2.7750040187082243,1.8068901387837655,29,11,0.7,108,19,210,38,3.299388587474823,8.410224994578686,0.76137364
17.900000003646706,3.320123417155866,1.7822772479714772,29,9,0.8,107,19,218,43,3.1549593806266785,7.9830247134673815,0.6287929
17.95000000365689,3.2929136691554244,1.6689807997738577,28,9,0.7,105,17,202,38,3.3081501722335815,7.642596290171504,0.6363048
18.00000000366708,3.232332252046052,1.8372900681799698,23,9,0.7,98,17,192,36,3.2095956802368164,7.962524894084337,0.8056116
18.050000003677265,2.869125853876744,1.794445750072531,31,11,0.8,106,18,215,39,2.8982514142990112,6.526021340482764,0.6994473
18.10000000368745,2.920691226937236,1.411859997812059,35,10,0.8,107,21,215,39,3.0209729075431824,6.940693610192916,0.6395887
18.15000000369764,3.287815911299276,1.617212136274656,36,11,0.8,107,19,216,39,3.123982548713684,7.012986479183976,0.6038759
18.200000003707824,2.8030627868510676,1.8447906768663422,24,8,0.6,106,19,208,39,3.0590298771858215,7.3197244408644835,0.71325433
18.25000000371801,3.106119023884866,1.626598929256724,28,10,0.7,103,19,205,38,3.1666171550750732,7.1070920637692225,0.7501445
18.3000000037282,2.6339244208058177,1.3483602369765602,32,11,0.8,113,20,213,41,3.182927966117859,7.48071243980128,0.5971768
18.350000003738383,3.088787227329864,2.0430935808881623,33,11,0.8,111,16,213,41,2.8921428322792053,8.057060302446155,0.8798105
18.40000000374857,2.930121051462404,1.8085139244657493,26,8,0.6,99,17,211,41,3.1542927026748657,7.400239294644546,0.68448496
18.450000003758756,2.927777139147418,1.8066920481087014,23,8,0.7,110,17,200,39,3.3243563771247864,8.139754532596024,0.79006124
18.500000003768942,3.0418285076754117,1.9401602829395646,28,9,0.7,104,17,205,38,3.300621807575226,8.498650796764657,0.8274882
18.55000000377913,3.4768584703148093,2.4167385686181984,26,11,0.7,103,15,207,39,3.2139694690704346,8.411196453184724,0.9451202
18.600000003789315,3.1598331477517845,2.2078179629588295,27,11,0.7,111,18,215,38,3.2744956016540527,7.323429069131748,0.79609454
18.6500000037995,3.8117213960048364,2.865893685105557,27,9,0.6,98,17,206,40,3.202694058418274,7.931339892907063,1.0102192
18.700000003809688,3.112437675310365,2.191488687395583,28,8,0.7,102,18,213,40,2.8895458579063416,6.599609825820716,0.8741999
18.750000003819878,3.4347573004847836,2.3630500763944218,25,9,0.7,107,18,219,40,3.2571297883987427,7.050665023797098,0.84223735
18.80000000383006,3.2299177463691904,2.002170310691596,34,12,0.7,110,18,223,41,3.2122501730918884,7.26064147243461,0.6955077
18.85000000384025,3.602120496157919,2.5741028951918303,31,10,0.6,98,15,211,40,3.0616113543510437,7.111715622384578,0.77649486
18.900000003850433,3.2319330093650036,1.9697498114419978,36,12,0.7,112,18,224,40,2.9871147871017456,6.794462739204201,0.73525524
18.95000000386062,3.5919008870576787,2.432972794264598,29,10,0.6,106,18,213,40,3.0329036712646484,6.025464912510294,0.9291105
19.000000003870806,3.379514190234195,2.2705633013971664,31,9,0.7,106,17,217,39,3.152860105037689,6.129604654833729,0.8927618
19.050000003880992,3.1113529677021337,2.044076110642444,33,12,0.7,113,18,222,37,3.1855157017707825,5.708513735202674,0.7785331
19.10000000389118,3.066118608040461,1.83500052201523,31,11,0.8,114,21,229,41,3.113486170768738,5.916058952542169,0.74977034
19.150000003901365,3.14036583483998,2.2277788364128117,22,7,0.5,101,16,198,37,3.2344159483909607,6.612406195012959,1.0043186
19.20000000391155,3.164511057920254,2.189701717883254,30,11,0.7,104,15,217,37,3.2928943634033203,6.291357304068841,0.84985226
19.250000003921738,3.146593337302934,2.329411256799749,26,9,0.6,105,18,201,38,3.1632813811302185,5.71822395191333,1.0509673
19.300000003931924,3.2830132940229895,2.0284975201309146,32,10,0.7,106,18,220,40,3.088308274745941,5.58255422811289,0.7482735
19.35000000394211,3.6157128767202265,1.959718764756606,30,10,0.6,111,20,229,44,3.2027390599250793,4.952440291027456,0.8014426
19.400000003952297,3.309000287267094,1.767190577761283,38,12,0.7,114,19,219,38,3.0234739184379578,5.826886370452993,0.5817205
19.45000000396248,2.9732393469061567,1.602746358109265,31,10,0.7,111,18,225,39,3.1046023964881897,5.451383713380817,0.57800317
19.50000000397267,2.874680511334092,1.7132896906954125,30,9,0.7,101,19,205,38,3.141908645629883,5.4987459891950685,0.6606852
19.550000003982852,3.2624233294955847,1.9148899820732745,33,10,0.7,106,18,217,39,3.0410531163215637,5.497574889064349,0.6924087
19.600000003993042,3.6299665117972637,1.7188140973537671,34,11,0.8,109,20,218,39,3.0436232686042786,5.713560695921771,0.676539
19.65000000400323,3.594628536340358,1.998080131644917,31,10,0.7,107,17,212,37,3.0290967226028442,5.745955529635323,0.720304
19.700000004013415,3.145679349385795,1.640202383391561,32,9,0.8,110,17,216,40,2.9176634550094604,5.91743856361453,0.5665535
19.7500000040236,3.224721196296478,1.8317643442767453,28,10,0.8,106,19,215,40,3.1121045351028442,5.332110864563404,0.7787356
19.800000004033784,3.0321105285868555,1.6129529819457424,24,9,0.7,110,19,222,39,3.2073187828063965,5.259117200802184,0.7649917
19.850000004043974,3.4091260636567995,1.848830528443707,34,11,0.8,106,19,217,39,3.219677209854126,5.284178014549852,0.61295307
19.90000000405416,3.094340919825239,1.9732381915277752,31,10,0.8,104,17,213,40,2.9116737842559814,5.139124386711602,0.8511435
19.950000004064346,2.888323397183285,1.952132193351859,35,11,0.7,106,17,213,38,3.0810582637786865,5.634372160408869,0.6567493
20.000000004074533,3.1235775985125134,2.0087658920190044,34,13,0.9,101,17,217,40,3.188205659389496,5.579854012080103,0.69069564
20.050000004084723,3.102488472576994,1.9553037361474757,30,10,0.7,105,16,215,38,3.180599808692932,5.431239423165337,0.7743702
20.100000004094905,3.059099687563347,1.9155352470815252,33,9,0.7,99,15,215,39,2.968694567680359,5.7144571493542,0.6225951
20.15000000410509,3.495784535795834,2.3713352786824387,34,11,0.7,104,17,208,39,3.2113561034202576,5.997092718978294,0.85029715
20.20000000411528,3.7012434568736277,2.1350627887975113,34,10,0.7,99,19,216,40,3.1992053985595703,5.601851525879411,0.82669014
20.250000004125464,2.9067169688113337,1.7520994048827196,34,10,0.6,110,19,208,42,3.1389689445495605,4.417300457202984,0.7545588
20.30000000413565,3.520399707753252,2.173276901251553,31,7,0.7,100,15,208,38,3.1046780943870544,5.89745115342625,1.0201635
20.35000000414584,3.2422408311918764,1.7373354591740373,37,9,0.7,110,19,223,40,2.9544222354888916,4.987880932566524,0.80248344
20.400000004156023,3.185303667951918,1.8238777210608415,30,9,0.7,106,19,208,40,3.1813499331474304,5.348964800656999,0.6965401
20.45000000416621,3.3262267644931716,2.042367779419911,33,11,0.7,107,17,209,40,3.2070565223693848,4.894135117963927,0.80141824
20.500000004176396,3.2399581438959233,2.2802362358170964,32,9,0.7,101,16,215,41,2.9747024178504944,5.569714497244664,0.89614785
20.550000004186582,3.1584513365882843,1.951994478293955,30,9,0.7,107,16,216,42,3.185749053955078,6.18609041085195,0.7238152
20.60000000419677,3.3893950084882185,2.157146270591966,33,10,0.7,104,16,217,40,3.074122369289398,6.148557468518341,0.8240204
20.650000004206955,2.55665973772659,1.6379309955327064,33,10,0.7,101,16,212,42,3.154994547367096,5.453313900484744,0.7875612
20.70000000421714,3.1903405470337254,1.7976147877541306,32,10,0.6,108,18,220,41,3.108358681201935,6.055590216014819,0.7544075
20.750000004227328,3.2167792403256614,1.9070726686316963,33,12,0.7,108,21,222,40,3.4205976128578186,6.085179919411914,0.7862297
20.800000004237518,3.1176182172442712,1.9741254095300556,30,10,0.7,105,20,224,39,3.1274154782295227,6.372623066504568,0.76018244
20.8500000042477,2.747235515575332,1.831247185580078,30,10,0.7,109,16,216,38,3.190365731716156,6.343025992385929,0.77965724
20.90000000425789,3.315403919269082,2.0238603422226267,34,12,0.8,104,16,215,39,3.1614485383033752,5.861293526749236,0.76457316
20.950000004268073,3.509862834932698,2.2870939401949233,31,11,0.7,104,15,208,39,3.0619433522224426,6.146634957020307,0.81042284
21.00000000427826,3.309982917310924,2.203438256511038,31,10,0.7,108,18,210,40,3.227755129337311,6.094170200738445,0.7356779
21.050000004288446,3.0329922327339176,2.052951065410689,32,11,0.8,113,17,216,43,3.163304626941681,6.539776293817585,0.692145
21.100000004298632,3.0077705721072134,2.3126935702016658,27,11,0.7,100,15,213,40,3.305695354938507,6.374114531605288,0.87448156
21.15000000430882,3.026697647023882,1.802418969589397,30,13,0.9,112,19,225,40,3.2852768898010254,6.608597811050014,0.63500464
21.200000004319005,2.9791379217315486,1.7707802333065636,28,11,0.7,111,18,211,39,3.1518831849098206,6.971261214012019,0.7808788
21.25000000432919,2.5071710384136696,1.851748246208305,29,9,0.7,105,16,214,38,3.1489935517311096,7.203969874738538,0.8066734
21.300000004339378,3.296824976571724,2.342309581240435,24,10,0.7,102,16,204,39,3.218296468257904,6.379855752543859,0.9141756
21.350000004349564,3.267472298341062,1.7760374437507847,39,10,0.8,105,18,215,38,3.019424080848694,6.930750575636377,0.6992948
21.40000000435975,3.2864194823160338,2.1342436071217152,30,12,0.9,106,16,214,39,3.0107569694519043,6.743385624486509,0.715701
21.450000004369937,3.165811945273871,2.100561554472343,30,10,0.7,106,17,206,37,3.120797574520111,7.027190323995756,0.7926329
21.50000000438012,3.011143152242512,2.0694897800211605,33,9,0.7,110,17,210,38,2.9694178700447083,7.093830201321412,0.8063809
21.55000000439031,3.0626945047958696,2.0491867114651234,34,10,0.7,115,20,219,39,3.197484612464905,7.055117912046347,0.69844675
21.600000004400492,2.949752148873676,1.9148296174223256,27,11,0.8,114,23,221,40,3.1968307495117188,6.704757988142189,0.75905335
21.650000004410682,3.3992690215608308,2.1502560554921195,30,10,0.7,104,18,215,39,3.2197755575180054,7.258091301223022,0.7002865
21.70000000442087,2.7724131285960016,1.6612002843855345,33,9,0.6,110,20,215,39,3.1583774089813232,6.063263151195848,0.6465398
21.750000004431055,2.907315239580469,2.0670291589923995,26,10,0.6,102,17,208,39,3.2399356365203857,6.5485046250995005,0.8365186
21.80000000444124,3.231157587855926,1.822780597471107,23,10,0.8,114,23,215,39,3.17883163690567,6.330141196307046,0.62272143
21.850000004451424,3.3641132157340077,1.9534866290988564,30,10,0.7,106,18,204,37,3.2356947660446167,7.319180604789484,0.67878544
21.900000004461614,3.1840782946251966,1.9946665890519402,33,13,0.8,108,20,222,40,3.155052363872528,7.074365982152004,0.67519104
21.9500000044718,2.3683741660278983,1.9473840236434747,25,9,0.6,95,18,192,38,3.1034085154533386,6.976698905510865,0.882143
22.000000004481986,3.204645186715952,2.1653819098382927,34,10,0.7,105,16,210,41,3.115028142929077,7.348656555010713,0.82687074
22.050000004492173,3.1477652749479152,1.924674172342951,29,10,0.6,104,16,222,39,3.2136228680610657,7.835793287636266,0.6730627
22.100000004502363,3.882403116473127,2.4053185739632994,38,9,0.7,101,17,206,39,3.1584185361862183,8.262219755495384,0.81274396
22.150000004512545,3.349229012339916,2.0826738290708384,31,10,0.7,100,15,208,39,2.9941758513450623,8.263757041643194,0.9620551
22.20000000452273,3.532122083676919,2.1630917848564426,34,10,0.8,106,19,214,37,3.1445789337158203,7.85435707037105,0.6649687
22.25000000453292,3.1418579742064785,2.027482930947655,32,10,0.7,101,16,212,38,2.9749131202697754,8.201503510036101,0.8750365
22.300000004543104,3.4701813777010946,2.2575425642596443,29,10,0.8,99,16,210,40,2.9590249061584473,8.13703493935015,0.79693675
22.35000000455329,2.947299675947254,1.986852874570243,33,11,0.8,104,17,209,37,2.9202672839164734,8.403560201981222,0.7720336
22.40000000456348,3.1122592234828046,2.428549681382164,34,9,0.6,98,15,197,38,3.109707832336426,8.396689836233051,1.0016816
22.450000004573663,3.051024556867079,2.1267953688262144,31,10,0.7,104,17,206,39,3.0471548438072205,7.440853606021038,0.8755423
22.50000000458385,3.290160306963372,2.0770095006379785,34,11,0.8,105,19,212,40,3.0885708332061768,8.013123161580262,0.8250803
22.550000004594036,3.1665082725352542,1.8848684681503491,30,9,0.7,101,15,208,40,3.151625692844391,8.132429694738077,0.7781457
22.600000004604222,3.36787722668288,2.0362407602369417,32,8,0.7,102,17,208,41,3.1295958161354065,8.269760426119452,0.7877968
22.65000000461441,3.0667355503643607,1.6364975864950846,32,12,0.9,106,20,221,39,3.1420835852622986,8.157030201237454,0.7575757
22.700000004624595,3.4132626480858637,2.181984223503107,35,11,0.8,105,18,216,38,3.2602640986442566,8.404144084636362,0.7862991
22.75000000463478,3.5640996543816335,2.2575835226492185,36,11,0.8,103,17,208,38,3.025241196155548,8.395022844874696,0.7953439
22.800000004644968,3.4877946120494974,2.2302465919345775,32,10,0.7,99,16,205,37,3.005085289478302,8.548436784796376,0.88778
22.850000004655158,3.2189867511360246,2.0059214131980543,40,12,0.8,103,17,213,40,3.0478397011756897,7.429336683494174,0.7582791
22.90000000466534,3.6275325972442003,2.0984770241464608,35,10,0.8,105,17,221,40,2.981427311897278,7.643745749379391,0.6825441
22.95000000467553,3.2923258942135862,2.2009283592712525,31,11,0.8,98,15,201,38,3.149029314517975,7.82482140409086,0.88763213
23.000000004685713,3.139424080473816,2.1924665315254193,28,11,0.8,100,15,206,38,3.076101839542389,7.615362056351387,0.84558225
23.0500000046959,3.605634839643659,2.0505913228779673,35,12,0.8,102,18,209,38,3.0841967463493347,7.437714054115476,0.77999675
23.100000004706086,3.522626256598646,1.6674747201721207,34,11,0.8,101,19,212,38,3.2535159587860107,7.967124322584844,0.65864396
23.150000004716272,3.082204061802827,1.559053530136803,33,10,0.8,99,17,209,36,3.128121495246887,8.094857402924518,0.6424916
23.20000000472646,3.1251315417837784,1.7202921408707952,26,10,0.8,97,15,196,35,3.3093103766441345,7.814598693688151,0.7631247
23.250000004736645,3.0658407290614704,1.6304213036092816,30,11,0.7,103,18,216,40,3.07861864566803,7.541971891273889,0.6877445
23.30000000474683,3.2401597018743633,1.8308971708089063,38,11,0.9,103,20,219,39,3.0132490396499634,7.0206369979380945,0.72909683
23.350000004757018,2.9497362161637226,1.8634406580275016,34,10,0.7,102,18,208,38,3.1983035802841187,7.226418394249281,0.7342203
23.400000004767204,3.004946752198916,2.301342079449042,32,12,0.7,105,17,203,38,2.937151789665222,6.154043374865301,0.86447084
23.45000000477739,2.6247735845721816,2.2088899623106872,26,10,0.8,105,16,201,38,3.1709441542625427,6.3826395935819935,0.9113651
23.500000004787577,2.579988823062569,2.23455281315086,30,11,0.8,105,16,201,38,3.173380196094513,6.089199997782986,0.77537006
23.55000000479776,2.8565834591760093,2.1350335143718278,30,9,0.7,98,16,208,38,2.9111269116401672,6.501874161588379,0.9283476
23.60000000480795,2.410450549511841,1.7525749480237738,26,11,0.9,105,17,213,36,3.2272204756736755,7.205063844420927,0.80515194
23.650000004818132,2.8210835252679924,1.9350807609040412,26,8,0.6,103,15,197,35,3.138953745365143,7.772678313648456,0.79235256
23.700000004828322,2.6844178289654104,1.8207235465407259,32,11,0.7,100,16,216,38,3.203168213367462,8.202034888089607,0.7236229
23.75000000483851,3.0952651664036357,2.0138904560137867,28,8,0.7,97,15,194,35,3.282354474067688,8.587909132692149,0.92751664
23.800000004848695,3.02534163447089,1.6098742873135705,31,10,0.7,101,18,207,36,3.180191218852997,7.751206021639776,0.6654115
23.85000000485888,2.781528392917112,1.9015651736431816,34,11,0.8,102,15,207,36,3.087518811225891,8.159718268381848,0.8353688
23.900000004869064,2.918081376600363,1.7280201385286895,32,9,0.6,100,17,204,38,3.2276687026023865,7.183623058575153,0.81204426
23.950000004879254,3.0792152064407734,2.1677055422015497,27,10,0.7,100,15,203,38,3.1201550364494324,7.744090815057412,0.99522895
24.00000000488944,2.679185883893758,1.95558179947201,33,12,0.9,103,15,208,36,3.1973710656166077,7.773296076156235,0.9782717
24.050000004899626,2.738923671663131,1.8442999086011165,33,10,0.8,102,16,201,36,3.1434836983680725,7.387201758548914,0.8923384
24.100000004909813,2.7075651668012295,1.5745241719793304,36,11,0.9,98,18,211,38,3.1241723895072937,7.17900679706001,0.7751428
24.150000004920003,2.8413773825022046,1.8938270184969168,31,10,0.8,101,16,197,36,3.2689708471298218,8.213747294362967,0.86949635
24.200000004930185,2.64579749250197,1.9818027952080293,30,10,0.8,102,15,198,37,3.146693706512451,7.852055250160612,0.7203342
24.25000000494037,2.9430891179815255,1.815324823708552,26,8,0.6,99,16,210,37,3.2623928785324097,7.834088145180784,0.71898794
24.30000000495056,3.0174418390335815,1.9592542302025153,32,11,0.8,101,15,208,40,3.1663572788238525,7.600797014303176,0.8119303
24.350000004960744,2.7695465606879894,1.7510136928546183,30,10,0.8,100,17,214,39,3.1696736812591553,7.414791890464327,0.8769729
24.40000000497093,3.2885327778990265,2.287900881588533,29,10,0.8,102,18,201,38,2.8609517216682434,7.665091761518363,0.8162026
24.45000000498112,2.9532337729942815,1.4852178784347,32,10,0.8,101,15,216,40,3.059925138950348,7.4339609853926,0.5500122
24.500000004991303,3.1161037864035768,1.9246445997017172,29,10,0.8,98,16,208,38,3.17404568195343,8.088621381378287,1.000778
24.55000000500149,3.030888648854628,1.8739634985661988,34,10,0.8,101,17,199,38,3.159553110599518,7.723187664355118,0.9047644
24.600000005011676,3.179061947003502,2.0830215118514377,30,9,0.8,93,15,189,37,3.169463574886322,8.089672232209368,1.0977583
24.650000005021862,3.063444877407473,1.982844611724097,30,8,0.6,95,16,201,36,3.214237689971924,8.381888087459792,0.9151737
24.70000000503205,3.117051159741994,1.817360717661281,27,10,0.7,102,16,214,37,3.079420030117035,7.9193379639450345,0.83741045
24.75000000504224,2.972090845647905,1.5980027253771216,24,10,0.8,95,16,201,35,3.1648239493370056,7.644418644254163,0.9747597
24.80000000505242,3.291542549285142,2.1556633622314614,26,10,0.7,99,15,196,35,3.0690941214561462,7.87317060626906,0.92627156
24.850000005062608,2.7514132405965332,1.7441975515764752,28,9,0.8,92,15,200,37,3.2526037096977234,8.592221135418816,0.9305056
24.900000005072798,2.769172911434325,1.6702804004485245,32,11,0.8,102,18,205,38,3.017841875553131,8.836500213220608,0.7527657
24.95000000508298,3.2500157047038263,2.0435586927623755,31,10,0.8,108,18,209,37,3.081420660018921,8.409751113288566,0.85447353
25.00000000509317,3.2556957291602266,1.8083700365298352,32,10,0.8,99,14,206,38,3.1154754757881165,8.388525742099295,0.9238123
25.050000005103353,3.4181012582107915,1.9636023583658733,27,10,0.8,96,17,200,38,3.1224164366722107,8.436259314967858,0.916741
25.10000000511354,3.382371709409779,1.9333693848891054,29,11,0.8,98,16,203,37,3.194901943206787,8.306436708848342,0.9126872
25.150000005123726,3.1969786819975488,2.1193330921610203,29,9,0.6,97,15,204,41,3.256624937057495,7.4964048670685735,0.9214616
25.200000005133912,2.775961189414176,1.6524957815050965,27,11,0.8,96,16,199,37,3.159222900867462,7.8246149446423185,0.8071991
25.250000005144095,2.855737313719679,1.9777718389321635,33,10,0.7,96,16,212,38,3.099185526371002,8.24611711179001,0.77344114
25.30000000515428,2.705318264580522,1.7305935151288596,28,9,0.7,96,15,212,39,3.1240570545196533,7.885512700623973,0.78104764
25.350000005164468,3.182091299485716,1.9360127369210982,28,10,0.7,102,17,205,37,3.214716613292694,7.15604444830368,0.7696304
25.400000005174654,3.0484366863687673,2.10244716376121,30,9,0.7,100,16,201,37,3.2485181093215942,7.724004043191686,0.87154514
25.45000000518484,2.889858756031462,1.6717732583410045,28,10,0.8,99,18,202,36,3.0925655364990234,8.114956820444474,0.8658682
25.500000005195027,3.339934403043123,2.0776695942287255,33,9,0.6,99,17,209,38,3.086066246032715,7.610144786012194,0.81417996
25.550000005205213,3.1860422434231674,1.7987281736577647,34,10,0.7,99,16,205,37,3.052445948123932,7.858841316643002,0.7776413
25.6000000052154,3.18242721660746,1.8890012237451737,34,11,0.8,98,15,204,37,3.112833797931671,8.124795010187515,0.80976367
25.650000005225586,2.7488747404131764,1.6953226980400578,20,9,0.6,96,15,203,35,3.068475127220154,8.348417981165843,0.9830836
25.700000005235772,3.265655839720057,1.832818637877114,24,10,0.8,96,15,196,35,3.2058003544807434,8.203213397131055,0.7912682
25.75000000524596,2.9145174302650965,1.6706087547252708,31,10,0.8,106,16,211,37,3.053947687149048,8.06677410607719,0.8125435
25.800000005256145,2.9674966738854796,1.5667896652674274,28,10,0.8,101,15,196,37,3.1898632645606995,8.14316748542776,0.9193505
25.85000000526633,3.135852265978329,1.823232205590356,27,10,0.7,99,18,194,34,3.0562323331832886,8.485209960778892,0.93842363
25.900000005276517,2.9127425203505504,1.8632775937699826,24,9,0.7,91,15,186,37,3.226253092288971,8.237196985792563,0.9338275
25.950000005286704,2.813293127626002,1.8969963182416345,35,10,0.7,95,16,196,36,3.146046996116638,7.628829776934225,0.82299614
26.00000000529689,3.377559283163066,2.3253905491764266,30,9,0.7,92,14,185,35,3.1317847967147827,7.861269857827686,1.0430257
26.050000005307076,2.9409090507945685,1.871600974142062,31,9,0.8,96,15,196,34,3.0777746438980103,7.850335563917277,0.9873607
26.100000005317263,2.773714215592709,1.379405742646985,33,10,0.8,94,16,201,39,3.1763258576393127,7.793265473754589,0.76136416
26.15000000532745,3.3004273351194473,1.9333550151169074,37,10,0.8,101,15,207,38,3.06718111038208,8.096157708590352,0.85942835
26.200000005337635,3.434646582785354,2.100139178071611,28,9,0.7,94,15,199,38,3.0426889657974243,8.938050622933575,0.98233217
26.25000000534782,3.2623416384290893,1.6739407751908648,35,11,0.8,95,16,204,37,3.1778204441070557,8.432904045415048,0.8864176
26.300000005358008,2.8375755667859757,1.7276875858969432,35,9,0.7,102,17,203,37,3.166826367378235,8.680090500972852,0.90665454
26.350000005368194,3.29968317446111,1.8145823347636238,31,10,0.7,98,15,201,37,3.1893980503082275,9.002480956835601,1.0460547
26.40000000537838,3.173523252915377,2.047289560185298,25,8,0.6,95,15,184,34,3.0957964062690735,8.831855654797964,1.0276537
26.450000005388567,3.154614255360661,1.7671929018366506,29,10,0.7,93,14,192,33,3.151845335960388,8.925878976156305,1.1351217
26.500000005398753,3.2456262248897474,1.8969302726617407,24,8,0.7,98,15,196,35,2.8954851627349854,9.643151280243858,1.1036742
26.55000000540894,3.103127325454462,1.8907221666792866,32,10,0.8,94,16,203,36,2.92025089263916,9.06573473954901,1.0776403
26.600000005419126,2.520934317050469,1.519026525328764,25,9,0.8,91,16,193,34,3.1328195333480835,8.936966255533303,1.045184
26.650000005429312,2.784290109335888,1.3918315430481396,32,11,0.8,87,15,188,32,3.1010958552360535,8.599681145016644,0.9462752
26.7000000054395,3.4946168442655985,1.96776480012505,29,9,0.7,96,14,192,34,3.302191197872162,8.323020566890733,1.0657806
26.750000005449685,2.854093195527933,1.7299493748437256,31,8,0.6,92,15,194,36,3.247614800930023,8.17737580609232,0.92868334
26.80000000545987,2.968274251076446,1.7602466020814465,36,10,0.7,98,16,201,37,3.1431329250335693,8.076179519886066,0.88432956
26.850000005470058,2.3212717121817,1.4886636733274572,27,9,0.8,86,16,191,34,3.129347562789917,8.414480096450632,1.2134494
26.900000005480244,2.7854510837933755,1.4286618821125932,31,8,0.8,92,16,193,34,3.2227006554603577,8.656686335604302,1.05737
26.95000000549043,2.775083851722,1.386997429291061,36,8,0.8,85,14,190,35,3.1438985466957092,8.936517013982472,1.0832758
27.000000005500617,2.547518702112199,1.1882641478824745,32,8,0.7,93,17,190,34,3.0852490663528442,8.570352886074453,0.9228763
27.050000005510803,2.803343686141378,1.7554142524332033,28,9,0.7,97,16,191,36,3.1225642561912537,8.679038858159265,0.87729526
27.10000000552099,2.692000585885443,1.5239604956475348,31,8,0.6,95,16,193,34,3.0667844414711,7.9497917702617915,0.9890216
27.150000005531176,2.5715090551492494,1.3824859946223513,27,7,0.7,93,17,192,35,3.1171569228172302,7.9295997789401,1.0200591
27.200000005541362,2.6412829937195066,1.5635544871814528,26,8,0.7,99,16,198,35,2.9075193405151367,7.950353566174009,0.79005575
27.25000000555155,3.028656465040975,1.7726006749983338,28,9,0.8,101,18,195,37,3.1836706399917603,8.599445568044626,0.9245845
27.300000005561735,2.700583508917192,1.6233045151207317,26,9,0.9,86,16,178,35,3.236640691757202,8.715651890697895,1.1842664
27.35000000557192,2.737567949405789,1.531322811400433,29,9,0.8,91,16,179,33,3.1948044896125793,8.827999441795065,1.0380865
27.400000005582108,2.9718699620531086,1.5288951230728207,31,9,0.8,92,16,187,35,3.164045810699463,8.576935257934988,1.0393935
27.450000005592294,2.65885222543887,1.6542941923474288,30,9,0.8,94,16,197,36,3.130054771900177,7.998710141624397,1.0165286
27.50000000560248,3.2815675465682554,1.86627907719621,26,8,0.8,87,16,194,33,3.0957743525505066,9.130957774105175,1.0887861
27.550000005612667,2.8946395364950996,1.7948830525137485,28,8,0.8,96,17,194,34,2.757537364959717,8.934004480695625,0.9599252
27.600000005622853,3.0472647875507275,2.049467122145303,25,7,0.7,89,15,180,31,3.125620186328888,9.254904257198335,1.2645767
27.65000000563304,2.753621995450672,1.6349029779325814,28,7,0.7,90,16,195,35,3.1491509079933167,9.174184673496626,1.060791
27.700000005643226,3.0527149640920577,1.8283540255289943,28,9,0.7,95,16,197,37,3.109064996242523,8.75116156954264,0.82411593
27.750000005653412,2.999178986080869,2.004892892889295,31,9,0.7,94,17,185,34,3.2534033060073853,8.97727285498548,0.89828134
27.8000000056636,2.6162429364136566,1.7831810243139419,29,11,0.8,102,16,195,35,2.948613464832306,8.829279602102504,0.7597158
27.850000005673785,2.830467545829399,1.995198654606998,30,10,0.8,99,16,191,37,3.051234185695648,8.412920604282697,0.8586719
27.90000000568397,2.784840230175884,1.86309455422798,33,8,0.7,100,16,200,36,3.2388049364089966,8.715035568107519,0.8266459
27.950000005694164,3.3507816163271666,1.7176327892436323,29,8,0.7,93,15,188,35,3.406669497489929,8.305091302328274,0.8850627
28.000000005704344,3.28315869736634,1.8254266464970603,28,10,0.8,88,15,186,34,3.1991571187973022,9.40674070191231,1.0242814
28.05000000571453,3.5064084885149787,2.278631368137611,25,9,0.8,95,15,183,38,2.989947199821472,9.429690766340668,0.9485018
28.100000005724716,3.513057413984169,2.4026527661731287,27,9,0.7,99,16,197,34,3.035805821418762,10.196113911973415,0.89510643
28.150000005734903,3.194599676446282,1.8189561902315305,29,9,0.8,88,14,184,34,3.244432806968689,8.972321587536634,1.0173328
28.20000000574509,3.202824836606567,2.1530060040995185,25,8,0.7,89,15,182,35,3.0563101172447205,8.930663360913531,0.94303846
28.250000005755275,3.4535324101994918,1.673258046771529,33,9,0.7,94,15,194,39,3.168078660964966,9.131451599166764,0.8886361
28.30000000576546,3.0430895241820464,1.7890328585304636,29,8,0.7,96,15,196,38,3.0903398990631104,9.087481525891743,0.9752061
28.350000005775648,3.0324727421837627,1.443473232836825,34,10,0.8,93,17,202,36,3.0101174116134644,8.495949720765301,0.90599537
28.400000005785834,2.7360060087032725,1.299652043411709,30,10,0.8,93,16,197,37,3.116687834262848,8.22940454603227,1.0256624
28.45000000579602,2.6979597066214196,1.240415957939798,30,8,0.8,92,16,198,38,3.224332332611084,8.123182689989639,1.1355714
28.500000005806207,3.2328542417335147,1.9096934360484892,28,8,0.7,86,15,196,36,3.0670979619026184,9.052360306755842,1.1267555
28.550000005816393,2.9372927159815814,1.5183629854189096,31,9,0.7,98,15,203,38,3.142988383769989,8.121481509119981,0.9129136
28.60000000582658,3.2256990805605144,1.6325813934172841,26,9,0.8,96,18,199,36,3.186282217502594,8.89468871122852,0.88721406
28.650000005836766,3.2110077885155635,1.851455933134517,27,9,0.8,97,16,205,38,3.1786808371543884,8.983288912713912,0.8731689
28.700000005846952,3.455124107265359,2.029910723215338,29,6,0.6,85,14,191,36,3.2934364676475525,8.931343134847056,1.1717972
28.75000000585714,2.764722525724033,1.441988598982233,27,8,0.7,90,15,189,37,3.2875144481658936,8.628509912978455,0.8586576
28.800000005867332,2.4836682489758166,1.3287796446213158,30,9,0.8,92,17,197,35,3.1784430146217346,9.159748540558228,0.99192286
28.85000000587751,2.603266009311124,1.7390211571015275,30,9,0.7,102,17,202,37,3.2221069931983948,9.033318204395293,0.9229239
28.900000005887698,3.0704976992547945,1.9553056571940886,35,10,0.7,92,15,195,36,3.1969380378723145,9.128454782234199,0.95172346
28.950000005897884,2.452476659535878,1.6681857038651535,24,10,0.8,98,18,205,37,3.1786611676216125,8.605361875810402,0.9684873
29.00000000590807,2.944863606875944,1.8802189535091132,22,7,0.7,92,15,190,34,2.975762188434601,8.976206648236182,0.990602
29.050000005918257,2.9413093563631767,1.457782497261454,26,9,0.8,96,16,202,37,3.115803897380829,8.485277571022367,0.85879755
29.100000005928443,3.784427261184327,2.0903729019455928,23,10,0.8,88,14,183,35,3.072943687438965,9.68315765665615,0.9446942
29.15000000593863,3.825864384518159,2.292494898688092,29,10,0.9,91,14,188,35,3.104359209537506,9.294572350523973,1.0298171
29.200000005948816,3.652983991934535,2.4220963534259417,22,8,0.7,88,13,180,34,3.2299867272377014,9.882856514259348,1.0711551
29.250000005959002,3.3712580179021012,1.8184475572723116,31,9,0.7,96,17,200,36,3.136869966983795,7.670616221406572,0.92630875
29.30000000596919,3.215523293352039,1.8574459016335942,24,7,0.5,95,15,199,36,2.9785537719726562,8.542835450708779,0.851915
29.350000005979375,2.7143131519555848,1.1266205943020164,28,9,0.7,95,18,205,36,3.1748348474502563,8.504385108330004,0.8419117
29.40000000598956,3.1007829104242095,1.5817408465064207,31,9,0.7,94,16,194,35,3.116772770881653,8.662028971619344,0.900854
29.450000005999748,3.3614868033940652,1.698710637118658,24,8,0.7,94,16,198,36,3.2317519187927246,8.849653636963195,1.0594283
29.500000006009934,2.9712982566855244,1.8442726418898527,30,8,0.6,101,18,198,35,3.1742826104164124,8.473191657073027,0.98811114
29.55000000602012,3.848390929055763,2.4592188822051764,25,9,0.9,92,14,175,33,3.2916083931922913,10.001466823306941,1.1613955
29.600000006030314,3.0531196448983966,1.6449370629812712,25,9,0.8,87,15,185,35,3.041548728942871,9.164591633280006,1.2059113
29.650000006040493,3.740582501308319,1.9680499792788027,25,9,0.8,90,15,188,36,3.39906245470047,9.0661729051304,1.1221355
29.70000000605068,4.058215604022677,2.281412324933366,27,9,0.8,87,13,181,34,3.250795602798462,9.683352686192874,0.9486501
29.750000006060873,3.297527688393929,1.888697257857386,26,8,0.8,94,15,189,37,3.2219550013542175,9.31100410362748,1.0639546
29.800000006071052,3.6914296519538987,1.955944910432367,30,8,0.7,91,16,195,37,3.2395848631858826,9.333393584556884,0.9081685
29.85000000608124,3.9932257839631657,2.29315971664177,34,10,0.8,90,13,189,33,3.2071590423583984,9.923932927650014,1.0352452
29.900000006091425,3.8620390178208734,2.3387523164401998,30,10,0.8,92,14,187,34,3.1658071279525757,9.772358715924963,1.1162946
29.95000000610161,3.9350271401255,2.5792875846373446,25,8,0.7,86,14,177,33,3.1286460161209106,9.785533554039185,1.065855
30.000000006111804,2.875778341451487,1.6163779400601328,27,8,0.8,89,14,188,34,3.3683326840400696,9.326828553436393,1.1809121
30.050000006121984,3.367415234654743,1.9289725779235583,32,8,0.8,97,16,190,33,3.101443648338318,9.93160200859144,0.9885918
30.10000000613217,2.7735902216675696,1.9235427295252658,24,7,0.7,96,17,185,35,3.2024842500686646,9.299010067391125,0.967417
30.150000006142363,3.6160986320464783,2.2724954609975834,28,11,0.8,102,17,201,37,2.921733856201172,9.132828249187028,0.89428234
30.200000006152543,3.0060083723857938,1.7104790212418632,30,8,0.7,95,15,194,35,3.2042357325553894,8.975789862578747,0.8468648
30.25000000616273,3.022600712068502,1.9258185259981087,28,8,0.6,93,15,186,34,3.143680989742279,8.02176205729352,0.84072655
30.300000006172915,2.967759838870955,1.6902329815096409,30,7,0.7,92,15,196,35,3.029741048812866,8.556103871903362,0.82822514
30.3500000061831,2.689425816978429,1.391781707906756,30,9,0.7,101,16,200,38,3.1853169202804565,8.151804096584376,0.62044334
30.400000006193288,3.094169078781906,1.9316740641762677,34,7,0.6,99,18,198,35,3.162204623222351,8.149527232422473,0.6464108
30.450000006203474,3.51576758371158,2.2204808947909367,31,10,0.7,97,16,185,35,3.1336885690689087,8.546689306724415,0.7815201
30.50000000621366,3.8634893180124164,2.371944305372539,24,9,0.7,93,13,184,34,3.2228216528892517,9.068731382197583,1.0133622
30.550000006223847,3.2409518024101853,1.9520524263859287,22,7,0.6,92,16,185,33,3.0694812536239624,7.687903778802108,1.0829365
30.600000006234033,3.8263957990557524,2.1868225143673907,30,10,0.9,91,15,190,36,3.2524046301841736,8.657587921838106,1.0302305
30.65000000624422,3.357669410776507,2.1144896132034647,26,9,0.8,92,16,194,36,3.122164309024811,9.120251836969837,0.89656174
30.700000006254406,2.7119977263266333,1.5257857134822843,31,8,0.7,93,16,189,36,2.8245651721954346,8.860522495784497,0.86347455
30.750000006264592,3.016406181396462,1.920784231970828,29,9,0.8,94,16,189,33,3.139936923980713,9.648880381798994,0.9322475
30.80000000627478,3.18021910378054,1.9467687905030349,25,6,0.6,89,15,183,34,3.267347514629364,9.53887597780513,1.1606731
30.850000006284958,3.3604411004844525,2.1959796351353282,28,9,0.8,90,15,186,35,3.2829856872558594,9.503294826594875,0.95560575
30.90000000629515,3.3578477268306854,2.1551011078436755,28,8,0.7,96,14,189,36,3.1833267211914062,9.549966058399981,0.77768064
30.950000006305338,3.402388292059917,2.2750517770959893,25,9,0.7,95,15,189,33,3.096301853656769,9.737097648364959,0.8306786
31.000000006315524,3.057330238207654,2.234131190596225,23,6,0.5,95,16,177,32,3.1425362825393677,9.321286092601788,0.9584669
31.05000000632571,2.712631768420033,1.6571562488824898,23,6,0.6,84,14,181,36,2.847415804862976,9.245989775108372,1.1667848
31.100000006335897,3.483995469617407,2.3406729613291004,23,9,0.8,86,15,177,32,3.1534063816070557,10.25649347543486,1.1954354
31.150000006346083,2.7480751047936542,1.8891379477624155,26,7,0.7,88,14,178,31,3.119935691356659,9.641624926795362,1.0836864
31.20000000635627,3.0806718430944087,2.2267097440208663,22,8,0.8,89,16,184,32,3.1601354479789734,9.644219696334693,1.0610442
31.250000006366456,2.516615164527148,1.6671162383413392,22,9,0.7,93,16,186,34,3.110131621360779,8.977565009784838,0.9847908
31.300000006376642,3.0705464424944626,1.8952130745307938,27,8,0.7,93,15,187,33,3.062499165534973,9.061972237314775,0.9713876
31.35000000638683,3.3812595829651997,2.0017549226938263,28,9,0.8,90,15,190,36,3.1095707416534424,9.148436295959765,1.0411117
31.400000006397008,2.993306679934978,1.6400410901330218,31,8,0.8,94,15,193,35,3.114449679851532,8.950764090336047,1.0131854
31.4500000064072,3.5123945777201584,2.119498883950724,25,8,0.8,88,17,184,33,3.1039616465568542,9.991795015309481,1.1940885
31.500000006417388,4.029168474541426,2.4246209169154,22,7,0.6,78,13,170,31,3.1197142601013184,10.13504909865385,1.3243642
31.550000006427574,3.72261490465376,2.145167360285154,25,8,0.8,87,15,186,35,3.344774842262268,9.944552694515165,1.1515183
31.60000000643776,2.9105574724975463,1.7096333409111923,25,8,0.7,90,17,191,33,3.333559036254883,10.61216192271977,1.1772375
31.650000006447947,3.113287253293841,2.0248379366078533,22,7,0.6,89,15,187,33,3.3548888564109802,10.405978553770732,1.0384663
31.700000006458133,3.063460184800534,1.8995520317565755,30,9,0.8,87,14,179,32,3.28973650932312,9.862367293456442,1.1297114
31.75000000646832,2.6144949678931244,1.7293976575315217,26,8,0.8,91,15,185,33,3.2506614923477173,9.807775697151131,0.93843544
31.800000006478506,2.405609910833813,1.7139470091191535,26,8,0.6,94,15,189,36,3.2200321555137634,9.490309674975999,0.9012914
31.850000006488692,2.4561720084828025,1.72756043457566,22,7,0.7,95,15,194,34,3.4446239471435547,9.93562739492754,1.0540345
31.90000000649888,2.681363966960004,1.7223751904801212,30,10,0.8,97,15,191,36,3.1020313501358032,9.43302050913756,0.84495956
31.950000006509065,2.6750577372813975,1.6364770562982744,33,7,0.6,97,17,193,34,3.2170385122299194,10.298771670286486,0.9297365
32.00000000651925,2.8689228460219396,1.8974232787018606,33,9,0.7,102,16,202,37,3.275892436504364,10.307013545206578,0.8212888
32.050000006529444,2.9220137026060256,1.8046676092836236,34,10,0.7,102,17,197,35,3.086574673652649,9.56898552542845,0.81279933
32.100000006539624,3.1852995090600795,2.0508982482348777,27,9,0.7,89,15,187,35,3.321811258792877,10.67507736248074,0.9796735
32.15000000654981,3.1062223022733635,2.057976468344282,32,9,0.7,94,15,195,37,3.004990518093109,9.975942423896171,0.89293087
32.20000000656,2.6897835283524287,1.731645689849484,27,8,0.7,92,15,190,33,3.1405475735664368,10.433582097375984,1.0020685
32.25000000657018,2.9627789896445584,1.681375809941672,31,9,0.8,96,15,190,35,3.0071163177490234,10.121677526094093,1.0894393
32.30000000658037,2.760819268517559,1.8282713317638715,32,8,0.7,97,16,200,36,3.243565261363983,10.528967912650966,0.9296087
32.35000000659056,2.7813467347133685,1.8492847524388312,29,8,0.6,103,18,200,36,2.9823029041290283,10.33933431348526,0.87606025
32.40000000660074,3.224053044302551,1.7549751037644798,35,11,0.8,102,17,200,35,2.908717691898346,10.183932586779516,0.72092795
32.45000000661093,2.9084075690566005,1.9446049424754563,34,10,0.8,100,17,191,36,3.182113766670227,9.916402542783436,0.86255985
32.500000006621114,2.8852388642085987,1.8648606180147465,29,9,0.8,96,15,194,36,3.1221139430999756,10.625955112060597,0.83109426
32.5500000066313,3.2241053681206906,2.064121948942254,29,8,0.6,96,15,187,36,3.279942572116852,10.069519947722032,0.8335472
32.60000000664149,3.1242307337918573,2.022037068360239,33,9,0.8,101,16,195,37,3.213532269001007,9.652134943895039,0.97127193
32.65000000665167,2.9116599992126075,1.7279717074449052,42,12,0.8,108,19,211,37,3.218431770801544,9.225065236398393,0.8515249
32.70000000666186,2.676815603350474,1.9611332417885474,31,9,0.7,96,16,193,34,3.0968138575553894,9.071749882515947,0.8718276
32.750000006672046,2.455049847893222,1.7553382162038185,29,11,0.7,103,15,200,37,2.8917136788368225,9.029163396811608,0.79943365
32.80000000668223,3.224293234151726,2.088359094496019,33,10,0.8,98,15,198,36,3.0062535405158997,9.953875635144636,0.7523887
32.85000000669242,2.987637179678038,1.7519583063081037,30,10,0.6,105,16,209,38,3.0144986510276794,9.068569869463587,0.6650056
32.90000000670261,3.2216905327582563,1.9229840717905013,33,10,0.8,99,15,191,37,2.979361116886139,9.98838369383586,0.7129656
32.95000000671279,2.7547134467383327,1.937413997437766,31,11,0.8,99,15,197,36,3.186744749546051,10.141348178961067,0.89311445
33.00000000672298,2.8602652461903073,1.7520198931962168,32,8,0.6,100,16,200,36,3.161601424217224,9.767427693898654,0.8510736
33.050000006733164,2.6262084103365124,2.1222375334401327,26,11,0.7,98,17,188,35,3.005000054836273,10.14375868334449,0.81392086
33.10000000674335,3.3798934325130565,2.288291357397829,31,10,0.9,93,15,188,33,3.2244783639907837,11.479224560328394,0.9686627
33.15000000675354,2.856801156504422,1.707489587402617,27,8,0.7,96,17,191,34,3.184939920902252,9.943173349078132,0.90915656
33.20000000676372,2.7566814501489763,2.0901903000697803,31,10,0.7,102,17,200,36,3.0737602710723877,9.599921616306002,0.77397454
33.25000000677391,2.7990972492337436,1.6600604142693187,32,10,0.8,103,17,199,35,3.2491534948349,9.514414029163154,0.76416075
33.300000006784096,2.786316758140917,1.61697929536352,28,8,0.6,96,16,194,34,3.1973734498023987,9.873721864669402,0.7273196
33.35000000679428,2.7086205787118773,1.634931379751052,37,10,0.7,107,16,208,38,3.173825740814209,9.466493491783803,0.60512483
33.40000000680447,2.7262049874248673,1.7556282097346243,29,9,0.7,98,16,206,36,3.125810921192169,9.21795650393304,0.77977586
33.450000006814655,2.7747082906262928,2.1780116846350066,36,11,0.7,107,18,197,36,3.238506317138672,9.186103377220238,0.6984869
33.50000000682484,3.0101673672415497,1.7494074627799012,33,8,0.7,100,15,204,36,3.071962893009186,9.109960520546228,0.6305126
33.55000000683503,3.248524627612518,1.8801310376736893,27,8,0.7,92,15,199,36,3.128352463245392,9.219750600961154,0.9010967
33.600000006845214,2.7924701535517533,2.0310116376110257,29,8,0.6,93,16,188,37,3.1117337942123413,9.012517055219815,0.7920147
33.6500000068554,2.862694720636319,1.72976975521388,30,8,0.7,95,16,200,37,3.3284372091293335,8.874781336999122,0.80565655
33.700000006865594,2.6732665097282693,1.6567010482913647,29,9,0.7,106,17,204,38,3.1303206086158752,8.389343477072924,0.7340895
33.75000000687577,3.0289338985948646,1.6365617556474468,36,11,0.8,103,19,209,36,3.0186226963996887,8.061439739537422,0.67490256
33.80000000688596,2.8011730191065993,1.9708567753159731,30,8,0.6,100,15,203,36,3.245144486427307,8.816975909544373,0.843636
33.85000000689615,2.7925100237561247,2.0063618548295743,30,9,0.6,99,18,194,35,3.04145485162735,9.295030940596156,0.82452214
33.90000000690633,2.6063609126611413,1.8341798408361485,33,10,0.7,102,17,197,35,3.157687783241272,9.159165006508072,0.8252634
33.95000000691652,2.821988650572492,1.6798030730285354,27,8,0.6,100,17,194,36,3.046758472919464,9.356882815038867,0.7181623
34.000000006926705,2.7597543680355914,2.035669696707895,28,8,0.6,93,15,182,33,3.3174774050712585,9.796286428230019,0.8130963
34.05000000693689,3.1382853911818245,2.305327750563068,27,9,0.6,100,15,190,37,3.064790368080139,9.528207663120245,0.7257172
34.100000006947084,3.297838125025561,2.2353156223308495,27,10,0.8,93,15,180,35,3.097495138645172,9.616028540351733,0.935333
34.150000006957264,2.610416589532531,1.6785794935701572,26,8,0.8,94,16,193,33,3.2670769095420837,8.816963586912241,0.9663366
34.20000000696745,2.636107869429986,1.6311383111878641,29,9,0.7,97,15,195,38,3.146924674510956,8.607637476837624,0.78012323
34.25000000697764,3.2958517653814345,2.2510414520238466,31,8,0.7,92,16,186,37,2.904675602912903,9.654439497918261,0.82629126
34.30000000698782,3.073052400023694,1.9301915705245507,33,10,0.7,95,15,187,34,3.144078552722931,9.381521127220012,0.6628078
34.35000000699801,2.7524803140114154,1.5605046027381815,32,10,0.7,98,15,192,36,3.2027170062065125,9.164382798097437,0.6531018
34.400000007008195,2.778096326488681,1.8625863233582283,26,8,0.7,96,15,191,34,3.1902912259101868,9.32305257336468,1.0315125
34.45000000701838,3.2932149762568086,2.3178584850955577,22,7,0.6,97,16,193,35,3.1375402212142944,9.783239088860709,0.7358387
34.50000000702857,2.735427163985973,1.7805350060144876,30,10,0.8,103,18,195,37,3.228331208229065,8.974395078285546,0.64135826
34.550000007038754,3.053508984049814,1.5903497636741326,29,9,0.7,102,16,196,37,3.0771514773368835,9.033829900791126,0.54219294
34.60000000704894,3.0890097134884926,1.8605010718531025,30,7,0.6,96,16,202,37,3.1783178448677063,9.639855556126884,0.8408168
34.65000000705913,2.741232542423073,1.787271379011637,33,9,0.7,97,16,196,37,3.3021897077560425,9.86567841009526,0.816325
34.70000000706931,2.913466360763586,2.156121962966114,26,6,0.5,95,15,195,35,3.180917799472809,9.34718264354343,0.9117477
34.7500000070795,2.6168298101629683,2.1247536056558496,30,10,0.6,102,17,201,37,3.2421576976776123,9.814816430405386,0.89940226
34.800000007089686,3.3686429067117443,2.2063939648469626,27,8,0.7,95,16,200,37,3.145584464073181,10.488418122095364,0.9277024
34.85000000709987,3.2470177075450364,1.8275187910561481,31,9,0.8,98,17,201,40,3.068673312664032,10.158279646099952,0.7983669
34.90000000711006,3.114301807947845,1.9132335970783045,32,8,0.7,97,16,196,38,3.240991532802582,10.075880586413861,0.82201016
34.95000000712024,3.003310922840021,1.6706206440205191,28,9,0.7,95,16,187,37,3.045992851257324,9.891145669118586,0.7992394
35.00000000713043,3.304340323448711,1.8792979291807463,32,8,0.6,100,16,193,37,3.1561678647994995,10.082915273457713,0.7441602
35.05000000714062,3.2253677270755072,1.8766339538966244,31,9,0.7,101,16,203,38,3.1293001770973206,9.92961041040516,0.82924396
35.100000007150804,3.005047937954282,1.880369970713347,31,10,0.7,96,16,197,37,3.198916018009186,10.274370171712137,0.8012001
35.15000000716099,2.7853642630058175,1.5743878934528224,29,10,0.8,93,15,195,38,3.22647362947464,9.548602245979882,0.80838186
35.20000000717118,3.0841799888344674,1.8226952339438367,31,10,0.7,100,15,202,36,2.932780683040619,9.190686962658994,0.7727981
35.25000000718136,2.8714279071774635,1.8234109125896527,30,9,0.8,95,16,198,33,3.169926404953003,9.889916381239185,0.896695
35.30000000719155,2.335435743306272,1.3603977035903256,29,9,0.7,99,16,196,35,3.191738724708557,9.696723510469285,0.9199861
35.350000007201736,2.6893606582369625,1.6861491779989588,25,8,0.6,104,19,196,36,3.2811108231544495,9.375607851720815,0.8222821
35.40000000721192,2.70784053046637,1.4083437315555423,32,9,0.8,98,16,200,34,3.1201881170272827,9.721846581708862,0.7374285
35.45000000722211,3.2801364165092273,1.7950197181724308,33,10,0.8,101,17,199,35,3.105846643447876,10.41058036324622,0.7173699
35.50000000723229,2.91077275294176,1.783523399868401,29,7,0.7,99,16,200,38,3.120889663696289,9.437845668102733,0.9321394
35.55000000724248,2.951759564063166,1.9041930669840976,32,10,0.7,99,16,199,36,3.1060415506362915,9.410468695191625,0.9691649
35.60000000725267,2.8474673930450467,1.654327990448594,31,9,0.8,98,16,195,34,3.2411590218544006,9.204702642434084,0.85494447
35.650000007262854,2.985029991409958,1.9895582984226834,33,11,0.7,102,16,196,37,3.1600239872932434,8.866027673691859,0.7531854
35.70000000727304,3.2847172469086026,2.0652291032869243,26,9,0.8,97,16,195,35,3.154527246952057,9.359866994748796,0.847712
35.75000000728323,3.22752830567326,1.8457625574564256,33,10,0.8,103,17,204,38,3.119632601737976,9.476748648043323,0.82301843
35.80000000729341,2.9712037910703746,1.752316551226694,28,9,0.8,101,16,196,35,3.1360432505607605,9.45917647539626,0.78957176
35.8500000073036,3.255449812725341,1.5357454794311938,22,7,0.7,92,15,183,37,2.980993390083313,9.121542583373818,0.8505744
35.900000007313785,3.4759620270449916,1.885349553805991,25,9,0.7,100,17,194,37,3.1042060256004333,8.952060578553818,0.7590643
35.95000000732397,3.3060400754612855,1.8946763017031008,24,8,0.8,93,16,193,35,3.2636043429374695,9.430351682682359,0.88900656
36.00000000733416,3.254618738779776,1.9180117838834578,34,10,0.8,102,17,198,34,3.29522967338562,9.453333982588576,0.79303133
36.050000007344345,3.154164654124081,2.2023838283439123,31,10,0.8,98,15,193,39,3.126082122325897,9.53207344507982,0.7662145
36.10000000735453,3.289349868105877,2.2269563637746956,32,11,0.7,104,16,204,35,3.154752254486084,9.643242797632112,0.8122927
36.150000007364724,3.044481593326486,1.7161780110730702,30,8,0.7,95,14,198,35,3.1089648604393005,9.340020386516903,0.84855205
36.2000000073749,2.557660845204901,1.8701138972801847,27,7,0.7,96,17,192,33,3.336825668811798,9.799723233450361,0.98405254
36.25000000738509,2.953558881473562,2.0702144655860026,29,9,0.8,96,15,196,37,3.18406879901886,9.981180318669391,0.9438145
36.30000000739528,3.1979656052232617,1.7396440061561065,28,8,0.7,95,16,203,37,3.1803926825523376,9.914189485726173,0.9596457
36.35000000740546,3.0531253354920724,1.6995579990112257,29,8,0.8,103,15,209,41,3.161395788192749,8.897415765163101,0.6905822
36.40000000741565,3.481973539208214,1.782196598799716,32,10,0.9,94,16,205,39,3.194302022457123,8.868590435967008,0.7487412
36.45000000742584,4.102042536780627,2.4770697186762454,26,9,0.8,93,15,204,39,3.389316201210022,9.361388581753296,0.98149246
36.50000000743602,3.984556582621637,2.271023140965557,26,10,0.8,97,14,203,38,3.205578029155731,9.068918846786316,0.92916226
36.55000000744621,3.5315456772944307,2.254744413273895,31,10,0.8,97,15,200,36,3.1049874424934387,9.75855087903403,0.9254955
36.600000007456394,3.413752420071204,1.867778020495111,30,10,0.8,96,16,197,37,3.252764046192169,9.359842553258542,0.6922424
36.65000000746658,3.297885713763529,1.9324504290246411,32,9,0.7,99,17,200,35,3.2857877016067505,9.47965026588613,0.7493038
36.70000000747677,3.5389780479814297,2.196859967125184,17,6,0.5,94,15,195,35,3.28682541847229,9.386741199409041,1.0515937
36.75000000748695,3.0933437160325843,1.8082563739831699,33,11,0.8,101,15,205,37,3.19770485162735,8.888368821041084,0.79901505
36.80000000749714,3.4301332151858235,2.145512506211423,25,9,0.7,100,15,200,34,3.068053424358368,9.062307371768572,0.7449279
36.850000007507326,2.9169884781642534,1.6517201254626346,27,9,0.7,97,15,198,37,3.2143861055374146,9.329973695966425,0.84931606
36.90000000751751,2.823826730738064,1.981162314525082,28,9,0.6,100,16,193,36,3.2155263423919678,8.816231992084536,0.84844106
36.9500000075277,2.4751439417859213,1.891873712546167,31,9,0.6,105,18,212,39,3.2362401485443115,8.590299108096113,0.7771033
37.00000000753789,2.570920934254776,1.6050467093181449,35,10,0.8,99,16,197,36,3.067895770072937,8.933085000809822,0.77162695
37.05000000754807,2.5999034721697205,1.5931900271004165,27,9,0.8,98,16,200,34,3.1965190172195435,9.32089388557701,0.85149467
37.10000000755826,2.8750830755603065,1.9156075860551733,34,10,0.6,101,17,200,35,3.227533996105194,9.396694873041849,0.8005701
37.150000007568444,2.925426716712451,1.6472918394927107,25,8,0.7,93,15,190,35,3.1742939352989197,9.191945219670963,0.8822845
37.20000000757863,2.4592952704646107,1.4961533834922804,34,9,0.7,104,17,208,38,3.1369873881340027,9.22212101436763,0.7582188
37.25000000758882,3.022828338400274,1.7725005423636309,26,7,0.5,89,15,192,38,3.2188954949378967,10.1015551353251,0.846789
37.300000007599,2.5387080779002296,1.6159556816154512,31,10,0.7,99,15,199,39,3.158634901046753,9.431092317579663,0.7522673
37.35000000760919,2.540515123950496,1.4752256250493363,34,9,0.7,93,16,206,38,3.0857443809509277,9.641235955834473,0.83980614
37.400000007619376,2.4613010720977817,1.7045057284816303,30,9,0.7,95,15,201,38,3.258843719959259,9.660533125204944,0.8485567
37.45000000762956,2.17612040162239,1.3432116933827063,30,10,0.8,99,17,193,35,3.1324583292007446,9.284664553162623,0.8308102
37.50000000763975,2.553551817155451,1.5464284373687942,28,8,0.7,91,15,198,40,3.1885066628456116,9.245840828412621,0.80897343
37.550000007649935,2.371503169011288,1.3211194637016708,33,7,0.6,89,15,201,37,3.1891584396362305,8.341363188412174,0.9430295
37.60000000766012,2.4588772016436864,1.7021448452924708,32,9,0.7,94,15,193,39,3.145061433315277,8.404659801985916,0.96019125
37.65000000767031,2.610285878339532,1.9129540141912282,28,9,0.6,89,15,186,34,3.156942129135132,8.618830535143047,1.0843581
37.700000007680494,2.3640851885507796,1.755572999687148,31,8,0.6,98,17,200,36,3.2674694061279297,8.245687799804173,1.027813
37.75000000769068,2.0567775903666594,1.6980988911550905,27,8,0.7,92,17,188,33,3.281444013118744,8.628110909487976,1.188283
37.80000000770087,2.285950461681383,1.979927890786668,31,10,0.6,102,19,189,34,3.1131133437156677,7.803896429464761,0.80823344
37.85000000771105,2.3841659480849122,1.8892576785582773,27,8,0.6,92,16,192,37,3.1598636507987976,8.702732761272705,0.94954246
37.90000000772124,2.4001981106491836,1.725450636689332,33,9,0.6,94,16,190,33,3.1407734751701355,9.319328791222059,0.99908125
37.950000007731425,2.5653649990080103,2.036508712808603,30,9,0.6,104,19,201,37,3.0255144834518433,6.842646150158851,0.77467483
38.00000000774161,2.80967435550157,1.7257088895716484,29,9,0.7,93,16,192,36,3.150297701358795,7.712016196805838,0.9471512
38.0500000077518,2.6457896186436693,1.9406296055779344,27,7,0.7,92,16,198,38,3.1740427017211914,8.20521847965324,1.1237575
38.100000007761984,2.9870361608804292,2.083951146997202,32,8,0.6,95,15,195,38,3.295699954032898,7.253596350202773,0.940006
38.15000000777217,2.311713959173846,1.9301222822422601,31,8,0.6,95,16,189,37,3.2238104939460754,6.52579354235419,0.995168
38.200000007782364,2.7078624183752344,2.0703990255861155,29,8,0.7,96,15,190,35,3.1797313690185547,7.719521633325801,0.8566813
38.25000000779254,2.4513501681722847,1.8716555630720864,26,9,0.7,102,17,197,36,3.259756565093994,6.975272126241174,0.95145535
38.30000000780273,2.485427462966588,1.9654135972030071,27,9,0.6,100,16,191,35,3.221471905708313,7.19931818765172,0.8608661
38.35000000781292,2.6957748169596196,1.8253407433153748,29,9,0.7,96,16,194,37,3.059912323951721,7.803123292375771,0.921054
38.4000000078231,2.2785078713524123,1.4913095478787175,30,10,0.8,101,16,201,38,3.2988500595092773,7.984109613478028,0.86946553
38.45000000783329,2.6381902446633716,1.8890392741415791,32,8,0.6,94,16,193,35,3.289160132408142,7.8500503020895085,0.9128442
38.500000007843475,2.80750664996284,1.9243645480434979,34,11,0.8,104,17,202,35,3.1812387704849243,8.364239294348819,0.8206857
38.55000000785366,2.952949916007565,2.072772254028582,26,8,0.7,99,16,188,35,3.01075279712677,8.34503044655083,0.98151433
38.60000000786385,2.8380332835852995,2.2636704505802134,33,9,0.6,97,15,182,34,3.1343695521354675,9.169536984872106,0.97485596
38.650000007874034,2.171138701546247,1.445763769040279,29,10,0.8,98,17,203,37,3.17535400390625,9.181687541037418,0.9316007
38.70000000788422,2.526473329367251,1.9874610849371452,28,8,0.6,102,16,199,35,3.129262626171112,9.15373594696458,0.96590555
38.75000000789441,2.712438914969753,1.7281793691981984,30,9,0.8,89,16,190,35,3.324323296546936,9.286750583308816,0.995618
38.80000000790459,2.7550557406982126,1.7128496596898881,30,11,0.9,92,14,188,34,3.1582477688789368,9.52344297886822,0.87518924
38.85000000791478,3.1629856545903126,1.886954104505557,30,9,0.8,89,15,181,32,3.2675927877426147,9.656500401383026,1.0431836
38.900000007924966,3.1451925262035103,2.428150444336489,22,8,0.6,92,16,185,36,3.136042356491089,9.428217549265367,1.1097887
38.95000000793515,2.8988991326457154,1.9116103679989496,35,9,0.8,94,15,198,38,3.1936433911323547,8.846692275146184,0.91777426
39.00000000794534,2.5019036186479253,1.9787115454882356,26,7,0.6,101,16,188,35,3.0597612261772156,8.936907274145396,0.90422106
39.05000000795552,2.7709887175200616,1.7939447579970689,29,9,0.8,95,15,194,33,3.03213894367218,8.954066050246317,0.9106349
39.10000000796571,2.523893304019638,1.7130932067179703,29,9,0.8,96,17,191,37,3.116760551929474,9.148658081305419,0.96194476
39.1500000079759,2.642611533535297,1.7115021791282632,27,8,0.7,89,17,190,34,3.22995662689209,9.471780483263323,1.0287458
39.200000007986084,2.803493860955232,1.761814377145949,29,9,0.8,88,16,183,31,3.1727445125579834,9.080470897023547,0.9139997
39.25000000799627,2.4395917997955205,1.5343454901196978,30,7,0.6,88,15,192,35,3.266151249408722,8.657102058013617,0.93435085
39.30000000800646,2.816522470196656,1.795813784336033,28,10,0.8,89,15,187,32,3.2848358154296875,9.592413936639108,1.1467323
39.35000000801664,1.9370011642044125,1.5462423294152008,29,10,0.8,94,17,189,34,3.2958942651748657,9.21616149488469,1.0645041
39.40000000802683,2.6871689203905555,2.0293784998016853,28,9,0.8,86,15,192,32,3.3086323738098145,9.728775601242514,1.070349
39.450000008037016,2.0385052244478423,1.9497111345098697,21,7,0.7,86,18,184,33,3.1636440753936768,9.676533044123126,1.1579827
39.5000000080472,2.537970523147297,1.8824811889863227,30,8,0.8,86,14,184,34,3.2325783371925354,9.154688100861481,0.98873
39.55000000805739,2.3021848916981558,1.857323229243024,27,10,0.7,89,16,189,35,3.109913170337677,9.020914193332148,1.0579467
39.60000000806757,2.557755203212597,1.8714079633609007,29,11,0.9,92,16,186,34,3.1132158637046814,9.499241184924125,0.9340941
39.65000000807776,2.6298811828521806,2.013852467330203,31,11,0.9,88,16,182,33,3.2715675234794617,9.165520812234975,1.0618924
39.70000000808795,2.9527240574402174,2.171115526656702,23,8,0.7,91,16,179,32,3.161371648311615,9.33153188186358,1.0000099
39.750000008098134,2.7550043933587984,2.2807452028196677,26,9,0.8,89,15,180,33,3.2273319363594055,9.036374996765284,1.065985
39.80000000810832,2.712246829007729,2.204062778839732,26,10,0.8,95,15,200,38,3.060537576675415,9.174449336176043,1.0398175
39.850000008118506,2.31962777964538,2.1066108308040468,25,10,0.9,87,15,184,33,3.2751628756523132,9.070689261524194,1.1114372
39.90000000812869,2.9205233350497615,2.5493632395207606,26,8,0.6,88,17,184,31,3.2803115248680115,10.262091366597836,1.0721102
39.95000000813888,2.2270048727661034,2.2246638776513925,21,8,0.7,84,18,178,34,3.121420741081238,9.134022357784497,1.3387058
40.00000000814906,2.140163814574768,2.113366614496373,27,8,0.8,83,14,182,34,3.229154050350189,9.010057876930828,1.4325728
40.05000000815925,2.6761869532994127,2.903209483979631,19,9,0.7,92,14,184,35,3.331770896911621,9.30056045373938,1.3860836
40.10000000816944,2.7447560690183073,2.7262322648531896,25,8,0.7,93,15,192,39,3.0213770270347595,8.943422856015024,1.219762
40.150000008179624,2.5762733607471384,2.8351392161706124,22,8,0.7,92,16,188,36,3.241737484931946,9.268284294235754,1.2383806
40.20000000818981,2.9149607706978635,2.774125897857353,26,9,0.7,96,15,200,37,3.1356388330459595,9.703542188414298,1.2130064
40.250000008200004,3.6641584629551667,3.581790643341251,17,7,0.5,91,15,184,35,3.1502148509025574,9.709900109403327,1.3657293
40.30000000821018,3.0819328909289827,3.036971421419264,20,8,0.7,96,15,187,36,3.3273738622665405,9.667788002235449,1.1730177
40.35000000822037,3.5885374304015065,3.556930067444581,22,9,0.6,103,19,197,41,3.1065741181373596,9.932583356006832,0.9196507
40.40000000823056,3.540665083412402,3.557702534854373,25,11,0.8,96,15,189,35,3.0702245235443115,9.376070125867741,1.2048898
40.45000000824074,3.2780465536796473,3.4970972118460804,24,9,0.6,88,15,188,37,3.250117003917694,9.719488699954857,1.2276121
40.50000000825093,3.247032955759686,3.715495140970752,14,6,0.5,82,15,175,34,3.142862617969513,10.44545616811778,1.5731459
40.55000000826112,2.9774369126230353,2.9946685473856762,26,11,0.8,100,15,183,38,3.172486126422882,9.373075841132614,1.0514953
40.6000000082713,3.826463209263701,3.850383551665248,21,8,0.6,80,15,168,31,3.553626537322998,10.160816902776961,1.629203
40.65000000828149,3.217860517032345,3.172172856785471,24,9,0.7,89,15,186,37,3.1913134455680847,9.177444892135451,1.3056816
40.700000008291674,3.0324422815426684,3.1609564977820046,21,9,0.7,99,16,190,36,3.310704231262207,9.50080996055286,1.1377667
40.75000000830186,2.966329774158009,2.8930570632004873,26,8,0.6,100,16,193,36,3.1246978044509888,9.128748118936265,1.0466365
40.80000000831205,3.0563958958979445,2.7493739088120868,28,9,0.6,102,16,194,34,3.0882802605628967,9.149755400215822,0.9089558
40.85000000832223,3.0371897706679922,2.8426225640467995,23,10,0.7,99,16,184,33,3.2206299901008606,9.342621455340021,1.0014815
40.90000000833242,3.508384958110633,3.2773219103015943,20,9,0.7,95,16,175,34,3.2557931542396545,10.11725313113006,1.1618651
40.950000008342606,3.270862559017062,3.1923109853250873,22,9,0.7,87,14,172,32,3.181750774383545,10.377927587960176,1.2145758
41.00000000835279,2.4988339716966737,2.716943953048199,21,10,0.8,97,16,173,35,2.9179424047470093,9.674447942439146,1.2151942
41.05000000836298,2.9634727303459973,2.902958939127393,23,10,0.8,93,16,174,35,3.294452726840973,10.220538031667417,0.9305039
41.10000000837317,2.6175657536297314,2.980887062943495,23,8,0.6,100,16,185,36,3.113871216773987,9.498875887149119,1.0603068
41.15000000838335,3.178090748144226,3.220339611550876,25,10,0.7,96,15,182,33,3.134189546108246,10.014366037650246,1.0590105
41.20000000839354,4.395025292065863,4.725147924363846,21,8,0.5,85,15,156,30,3.328196108341217,11.631637513683728,1.6289343
41.250000008403724,3.1736058692297435,3.090062887300464,26,9,0.7,95,17,180,33,3.1845080852508545,9.816405149462746,1.1947398
41.30000000841391,3.102232025074727,2.8599628363539416,28,10,0.7,100,16,186,34,3.1242868304252625,8.892368253906051,1.0347432
41.3500000084241,2.603888559475636,2.7259467911030564,24,9,0.7,97,16,190,33,3.211754858493805,9.52518208238832,1.3369946
41.40000000843428,2.2239047915828025,2.5150419244373436,27,11,0.8,98,16,192,35,2.9770588874816895,9.000494545019153,1.126237
41.45000000844447,2.597813002887099,3.000863811632079,17,6,0.5,95,16,183,34,3.313973546028137,9.265271851656642,1.3551202
41.500000008454656,2.042074772938624,2.1958576007868524,21,7,0.6,84,13,185,33,3.2006090879440308,9.668787221375927,1.2595247
41.55000000846484,2.4492683230990937,2.2260532437723173,21,7,0.6,84,15,175,30,3.349190056324005,10.119276429463593,1.281929
41.60000000847503,2.6382207237421267,2.0567575354277863,17,7,0.5,95,15,192,34,3.2079336047172546,9.727580598267132,1.1845813
41.650000008485215,2.8367941199295714,2.133156307904326,23,8,0.7,83,13,174,32,3.220302164554596,10.206845268327118,1.1921899
41.7000000084954,2.219201606851722,2.039603368454532,22,6,0.5,85,14,179,32,3.3797574043273926,9.354803526203606,1.2464747
41.750000008505594,2.28010921180054,1.9808418375755936,27,8,0.7,95,16,191,35,3.3295658230781555,9.229442746123633,1.0709519
41.800000008515774,2.3460433613038227,1.8906953904302002,30,7,0.7,84,14,179,32,3.051985502243042,9.6349420408019,1.1688296
41.85000000852596,2.1271711303676195,1.7495511784257776,29,7,0.7,88,16,179,33,3.279133439064026,9.822493787256068,1.209814
41.90000000853615,2.499978465727116,2.0311139226452153,18,5,0.4,87,15,183,31,3.21469783782959,9.926038992184738,1.2620845
41.95000000854633,2.5628844257504206,1.763165455608082,30,9,0.7,92,15,187,34,3.265776038169861,9.513871384340389,1.0100381
42.00000000855652,2.902839118729484,2.1696372602726317,24,8,0.8,87,13,176,30,3.2734981179237366,10.8000736048594,1.2597795
42.050000008566705,2.3817383276912634,2.1117307906548346,28,8,0.7,87,14,188,32,2.9169288277626038,9.397470420641794,1.1355227
42.10000000857689,1.9511832971585186,1.6096759879826938,29,9,0.7,93,15,189,33,3.219836950302124,8.88031253201734,1.0686276
42.15000000858708,2.469205901758886,2.254650471402712,26,9,0.7,92,14,184,34,3.161439001560211,9.26909903381727,1.0838356
42.200000008597264,2.771370026048893,2.0920582906206393,26,9,0.7,88,15,174,33,3.17974716424942,10.333012749284594,1.1373911
42.25000000860745,1.8803221433354025,1.5183420175744704,31,8,0.8,89,15,184,33,3.2459956407546997,9.59861749264995,0.98012614
42.300000008617644,2.661643158777337,2.4266316876115614,19,5,0.5,87,15,175,31,3.2438182830810547,10.468937350208583,1.2231812
42.35000000862782,1.988058057199383,1.746516605087759,30,9,0.7,91,14,189,33,3.0151453614234924,9.293078332626541,1.0247812
42.40000000863801,2.3951826531321503,1.9710406695132647,20,7,0.6,93,16,189,33,3.2105711102485657,10.312121724344712,1.2301433
42.4500000086482,1.7020756019535983,1.3883315309294577,28,7,0.6,88,15,189,34,2.9648444056510925,9.843015283430168,0.9835301
42.50000000865838,2.7131577672060847,2.352268469040894,21,8,0.7,83,15,182,35,3.155006468296051,10.008091827650478,1.2343554
42.55000000866857,2.2217459017247934,1.6640550722229364,24,9,0.9,88,16,189,32,3.224653899669647,9.984439822253979,1.1483161
42.600000008678755,2.2849620584156765,2.1638875363548142,26,9,0.7,89,15,186,34,2.990168333053589,9.561320017743169,1.297413
42.65000000868894,2.2201953522058173,1.762937610700521,26,10,0.8,87,13,186,35,3.197503983974457,10.069741715814935,1.1827518
42.70000000869913,3.5889006245255968,2.8401203200381593,22,7,0.6,88,16,178,32,3.113442361354828,10.68120785014588,1.1835498
42.750000008709314,2.5539272057867395,2.1489569361850673,25,8,0.7,87,14,178,33,3.1964263319969177,10.505188979594262,1.1311952
42.8000000087195,2.2013139442982483,1.8502971648962427,26,8,0.7,87,15,173,32,3.195369243621826,10.535792886019086,1.1120013
42.85000000872969,2.7564829772608297,2.266640006923508,23,9,0.7,87,15,170,31,3.290029466152191,10.63665232370905,1.1333256
42.90000000873987,2.4722119504186004,2.0288109701200896,25,7,0.5,92,15,176,34,3.2983005046844482,10.75612255463363,0.984488
42.95000000875006,2.4324372362840276,1.9168641619588678,24,8,0.7,83,16,182,34,3.4206557273864746,10.80810096485501,1.1924734
43.000000008760246,2.5611857739273325,2.0361118731212313,28,10,0.7,92,15,179,33,3.235410451889038,10.839785301694649,1.0506933
43.05000000877043,2.458347165679363,1.8611702397733878,25,9,0.7,93,16,182,33,3.172312080860138,10.15339059488384,0.9535893
43.10000000878062,2.670751711272442,2.087277977045901,27,7,0.7,90,14,182,31,3.2360053062438965,10.523345382157023,1.0364947
43.1500000087908,2.717341472105062,2.023693115072952,24,8,0.8,86,13,179,29,3.333713710308075,10.86364844162877,1.1507063
43.20000000880099,2.7639118716963385,2.028675819677707,22,8,0.8,91,15,184,33,3.1166470050811768,10.425870388484757,1.09075
43.25000000881118,2.4312978140138117,1.8298530886811362,22,7,0.6,89,15,180,33,3.187170624732971,10.603397295882582,1.25298
43.300000008821364,2.3760167806199934,1.8413240905785275,30,8,0.6,89,15,181,32,3.0884572863578796,10.353469309311194,1.1369842
43.35000000883155,2.3707210231279086,2.0705967213621412,23,5,0.5,89,15,186,34,3.106425404548645,11.183862442721821,1.1324425
43.40000000884174,2.9763890082076063,2.453964756986405,27,6,0.6,86,15,171,30,3.2603639364242554,11.410975320037942,1.3237301
43.45000000885192,3.347014215814525,2.385281847695026,26,6,0.6,85,15,180,34,3.161029815673828,11.627021123974925,1.3175552
43.50000000886211,2.7262583978803825,2.0604381028756733,25,8,0.7,96,16,193,35,3.2884684205055237,11.28669148063186,0.99567735
43.550000008872296,3.0037412741775045,2.2049706054320395,26,8,0.8,87,15,187,33,3.3538836240768433,11.021613409546491,1.2210243
43.60000000888248,2.4080009259943074,1.8140201955130166,18,6,0.6,84,14,182,34,3.3550143241882324,10.576317563486342,1.4038894
43.65000000889267,2.808191217024007,2.4434290628440265,28,7,0.7,86,13,188,32,3.217756748199463,10.993227869686768,1.3306082
43.70000000890285,2.4711552745940066,1.8116006306635497,29,9,0.8,90,15,183,31,3.1786227226257324,10.897940745809604,1.1928061
43.75000000891304,2.1590852967075937,1.898098954746649,27,8,0.7,89,15,184,32,3.265841007232666,10.397501597242158,1.2030604
43.80000000892323,2.672403936849592,1.835004143951351,28,8,0.7,87,13,188,34,3.061644732952118,9.629503678006373,1.1214342
43.850000008933414,2.831808935737019,2.2017032022387193,27,7,0.7,89,15,186,35,3.108181953430176,10.441759619051485,1.1572235
43.9000000089436,2.6819423502622697,1.8871927663581038,29,8,0.6,85,15,183,32,3.1311988830566406,10.777375291673339,1.1298134
43.950000008953786,2.591124686922398,1.9456376568206948,21,7,0.5,84,15,186,34,3.229508101940155,10.548923449477448,1.1670649
44.00000000896397,2.4491148541532146,1.9572287179262846,23,8,0.6,87,14,189,36,3.2434743642807007,10.95115443953457,1.2090739
44.05000000897416,2.551655366488207,2.0878946634655864,18,7,0.6,91,17,182,32,3.243274986743927,10.597402444221844,1.1600243
44.10000000898434,2.5066248636443147,1.9521291295740832,26,9,0.8,91,13,185,36,3.18121999502182,10.566782988954406,1.1956298
44.15000000899453,2.8998998958045012,2.328528756775978,20,8,0.7,76,13,177,32,3.1450653076171875,10.359679415463674,1.4283679
44.20000000900472,2.616242047560143,1.8995358191385294,21,7,0.7,84,13,181,33,3.2674330472946167,10.384599866753597,1.3028932
44.250000009014904,2.961017048513483,2.0873756756654203,28,10,0.9,83,15,190,33,3.276648223400116,10.184804968125158,1.2950385
44.30000000902509,2.664905351907578,2.3114106397319794,30,10,0.8,92,15,191,35,3.203434944152832,10.873418186495059,1.1673033
44.350000009035284,2.929291130628729,1.9520170004842128,28,8,0.8,87,15,181,33,3.237070143222809,10.540921861289014,1.1583488
44.40000000904546,2.6903720466846277,2.09224241519174,24,8,0.8,90,15,183,32,3.368190824985504,10.861143439910688,1.1714532
44.45000000905565,2.9235573042615655,2.0780216566186165,28,8,0.8,91,14,186,31,3.210822343826294,10.356410926984463,1.0878615
44.50000000906584,2.746310422514467,1.9005171232210207,24,6,0.6,88,15,182,35,2.9880541563034058,10.50033930556383,1.0490917
44.55000000907602,3.1152646179959564,2.565378967762034,19,7,0.6,88,14,176,34,3.4007835388183594,10.62234289885109,1.2468117
44.60000000908621,2.621131716488858,2.304728991280895,23,9,0.6,102,17,187,35,3.1782039999961853,9.531588195849707,0.9515312
44.6500000090964,2.9418582948627403,1.828592379369639,30,8,0.7,92,15,197,37,3.151387572288513,9.733610177315128,0.9622328
44.70000000910658,3.314598731471051,2.3760433538176526,21,7,0.6,89,16,188,37,3.0955207347869873,10.494851227320634,1.052587
44.75000000911677,3.57795641402693,2.519513892827317,35,10,0.8,88,15,187,39,3.0810901522636414,10.079899239648027,0.98186386
44.800000009126954,3.580371098735582,2.4685202172949703,18,7,0.7,92,16,195,35,3.2324299216270447,10.80688896931254,1.0230803
44.85000000913714,2.9494272587805033,1.8329379887882056,27,9,0.8,96,16,199,35,3.0874159932136536,10.270516072930667,0.7636268
44.90000000914733,3.101143009654692,2.050798099423779,28,9,0.8,96,15,196,38,3.183492422103882,9.820324252304475,0.89187455
44.95000000915751,2.756876729998913,2.12749812994844,26,8,0.7,92,16,197,38,3.202257752418518,10.018430633620143,0.8949764
45.0000000091677,2.5151310052543185,1.8193769132994984,30,10,0.7,96,15,194,36,3.243941068649292,10.135956663512813,0.97053874
45.050000009177886,3.004371437596678,2.1618124728689185,25,9,0.8,80,14,192,33,3.3278456330299377,10.332038171953828,1.0424547
45.10000000918807,2.6079863220556203,2.139032219463379,22,8,0.6,94,15,194,36,3.1940829753875732,10.462232253657433,0.9366815
45.15000000919826,2.5681310633340146,2.0910566200641223,27,8,0.8,94,16,188,32,3.259272277355194,10.678148181947185,1.12783
45.20000000920845,2.288429608304062,1.9327025675947191,34,8,0.6,102,16,203,35,3.1261467933654785,9.712375435180514,0.8426068
45.25000000921863,2.3036209917581187,2.0409805657832063,26,8,0.7,104,16,197,35,3.2665032148361206,10.517711963746423,0.8562019
45.30000000922882,1.9363767186831191,1.980865212678959,33,10,0.7,100,15,198,35,3.0807721614837646,10.181732195294853,0.81978637
45.350000009239004,2.3077713688880177,2.091078929023828,28,8,0.7,95,16,199,35,3.1516119837760925,10.287063121827584,0.84625
45.40000000924919,2.1466079136803877,2.2089965345698164,22,7,0.6,90,15,185,34,3.209143280982971,10.563511358024558,1.134053
45.45000000925938,2.4829798942253767,2.4793683401131976,23,9,0.7,89,15,187,35,3.134194016456604,10.244112991320682,0.9737728
45.50000000926956,2.27983398334587,2.085174224724759,32,12,0.8,99,13,199,37,3.1261298060417175,9.591415862565222,0.8931552
45.55000000927975,2.4421772098980945,2.3238579588340986,17,8,0.7,92,16,192,37,3.431921899318695,9.871610674595441,1.1620648
45.600000009289936,2.707606660208312,2.688758830816076,18,7,0.7,88,16,171,31,3.1545400619506836,10.445446308368025,1.2164433
45.65000000930012,2.76503316034089,2.8259063944130602,27,9,0.7,97,16,180,32,3.2138726115226746,10.637483924133155,1.0355461
45.70000000931031,2.756250892182212,2.693152121005879,22,8,0.7,91,14,188,36,3.374233841896057,10.24979267766688,1.1513505
45.750000009320495,2.388286818375361,2.285245535505456,25,8,0.6,96,16,184,35,3.1843438744544983,10.471781846036494,1.0151983
45.80000000933068,2.427139767270479,2.1155931832679706,23,9,0.8,90,15,187,36,3.231319785118103,10.325228132748192,1.101979
45.850000009340874,2.9374111302037127,2.698779435587423,20,8,0.6,94,15,181,36,3.266288936138153,10.392137691403551,1.1670496
45.900000009351054,2.4718917157802602,2.20045228874141,24,9,0.8,84,14,175,33,3.1854087114334106,10.3949017004404,1.1851227
45.95000000936124,2.5677339365661833,2.3327904778340653,21,8,0.7,90,16,185,38,3.2798531651496887,9.505318022330398,1.0275972
46.00000000937143,2.727091140329171,2.398369713232679,24,9,0.8,88,15,183,35,3.290696442127228,10.38208838568095,1.2428528
46.05000000938161,1.9448684885351724,2.1480602635208914,25,6,0.6,82,15,186,34,3.1038054823875427,9.544833066949296,1.2426068
46.1000000093918,2.666878211849028,2.3245032233747356,26,7,0.6,87,15,194,36,3.149419128894806,9.679952965616598,1.1759295
46.150000009401985,2.8052290073163344,2.56617252894775,27,9,0.7,88,15,188,32,3.1936022639274597,10.032811813784503,1.1036054
46.20000000941217,2.4294781729547092,1.946752463655591,29,8,0.7,92,15,198,36,3.1838658452033997,9.893297301386061,1.1016265
46.25000000942236,2.7113634121930823,2.2599905050244056,25,6,0.5,95,15,199,37,3.17627876996994,10.07385712827542,1.010693
46.300000009432544,2.522773254715383,2.2760998595229944,22,8,0.5,97,16,200,37,3.119531571865082,9.467380018687024,1.0174166
46.35000000944273,2.5840422595760044,2.205335884251917,24,7,0.5,96,16,197,34,3.20501446723938,10.19841830412573,0.98180425
46.400000009452924,2.685686014748046,2.1128649091681533,25,10,0.6,98,17,197,33,3.2024914026260376,10.06140476513826,1.0019975
46.4500000094631,2.5099576276389586,1.694735100456049,22,8,0.7,93,18,192,35,2.9061391949653625,9.507233156907295,1.1036245
46.50000000947329,2.6725140575028563,2.0948806349429723,24,10,0.8,103,17,204,35,3.204284906387329,9.824928300483675,0.9581409
46.55000000948348,2.5285848753280584,1.9117233381423984,24,8,0.6,100,16,202,36,3.2724878191947937,9.926211821063884,0.97586894
46.60000000949366,2.4914828806523936,2.2265926041753343,28,12,0.8,99,19,194,35,3.169988989830017,9.38077745363163,0.90642715
46.65000000950385,2.2933853543922935,1.8948397946162236,30,10,0.8,97,16,197,34,3.233145773410797,9.569283064995355,0.95825016
46.700000009514035,2.6576916969787883,1.8393333914538217,23,7,0.7,97,16,198,34,3.0188289284706116,9.598449458346083,1.0162452
46.75000000952422,2.5948313595117574,2.1272767979066916,26,10,0.6,100,16,195,37,3.1817781925201416,9.839963868166448,0.9476757
46.80000000953441,1.9199900678064261,1.253094548135021,25,9,0.7,93,16,186,33,3.2488736510276794,8.614192391129922,1.2355833
46.850000009544594,2.533421891513861,1.8957974794515717,21,7,0.6,95,16,191,33,2.998625636100769,10.682430887622303,1.0095235
46.90000000955478,2.961195826588539,2.0946688225790755,19,6,0.4,89,15,194,35,3.156162202358246,11.11613427770811,1.0695004
46.95000000956497,2.775954838115883,1.9743285669634871,21,8,0.8,96,16,196,34,3.1676101684570312,11.25262815929676,1.0399487
47.00000000957515,2.7253302501799475,1.992007769647174,27,9,0.7,93,14,194,33,3.274579346179962,11.203977162904009,0.89969146
47.05000000958534,2.4873179560215224,2.093972618344537,30,9,0.6,98,15,201,35,3.0355992913246155,10.566406477732606,0.9025804
47.100000009595526,2.1594323701837266,1.7145339295892794,23,8,0.6,96,16,197,36,3.1140947341918945,10.155442292513186,0.93734384
47.15000000960571,2.3197813988323763,1.960284992193295,19,6,0.6,96,17,193,33,3.200141191482544,10.988583204855402,1.1647251
47.2000000096159,2.3225191363354485,1.9622753547949516,20,9,0.6,92,16,183,35,3.397268056869507,10.332370063359475,1.159521
47.25000000962608,2.1350124618846222,1.7139708193355827,22,7,0.6,92,16,192,37,3.2314732670783997,10.061036608348806,1.1869576
47.30000000963627,2.6358155896179047,1.896642244395046,27,10,0.8,104,17,200,36,3.2117339968681335,10.462392144904262,0.96884024
47.35000000964646,2.9040881565300536,2.002643273945454,31,10,0.8,100,17,197,34,3.0903711915016174,10.287460525098266,1.0186393
47.400000009656644,2.590554921683287,1.97492144275392,25,8,0.5,97,16,196,35,2.9275569319725037,10.553132485909149,0.9981134
47.45000000966683,2.46154849184055,1.747208231132009,18,8,0.6,96,15,200,39,3.119312822818756,9.961014713613352,0.9428984
47.50000000967702,2.0422201476651485,1.7443532161305715,23,7,0.6,89,16,189,34,3.1317129731178284,10.466185137319064,1.1495675
47.5500000096872,3.103644995466379,2.3304198031852326,23,8,0.7,88,16,185,33,3.1843209266662598,10.633626435561068,1.1906729
47.60000000969739,2.387830289195439,1.8461518021224255,27,9,0.7,94,16,200,36,3.216826319694519,10.348839287329419,0.9686745
47.650000009707576,2.30739195596958,1.523460870061526,25,9,0.7,90,16,200,35,3.0753254890441895,10.354848844951157,1.0244182
47.70000000971776,2.751274963820605,2.073354138129006,34,10,0.9,102,18,204,37,3.325573205947876,10.687797456796782,1.0272186
47.75000000972795,2.4587783632095457,1.4782548567427887,25,8,0.7,92,17,191,36,3.0257761478424072,10.030047363745425,1.029427
47.800000009738135,2.176607740881648,1.2604617808036167,33,12,0.9,103,16,206,40,3.0583980679512024,9.412950821027186,0.93727756
47.85000000974832,3.0643648103204466,2.2474685209405036,24,9,0.7,95,16,197,39,3.186715245246887,9.903834713092197,0.90843916
47.90000000975851,2.1533020198275805,1.2324129612695063,22,10,0.8,91,17,187,34,3.1103354692459106,9.630386634342756,1.0015577
47.950000009768694,2.1806970791332785,1.2472936527883447,28,10,0.8,94,17,196,40,3.131536543369293,9.291219968160371,0.88824534
48.00000000977888,1.7523022083885231,1.2645529510227307,26,9,0.8,91,18,194,35,3.065619468688965,10.45464462605878,1.0111068
48.050000009789066,1.9424836829238743,1.0257322457376692,25,9,0.8,95,15,192,35,3.2118964195251465,9.750963139115285,1.0307266
48.10000000979925,2.9477972112024267,1.6987919271844376,23,8,0.7,91,15,192,33,3.0403271317481995,9.760475332081189,1.2132983
48.15000000980944,2.492955151643198,1.9933999312958905,25,10,0.7,101,17,196,36,3.21269154548645,9.780459276360514,1.1272259
48.20000000981962,2.7494077619683512,2.134260320434705,25,10,0.8,98,16,196,36,3.1280964612960815,10.720001837144357,1.0792713
48.25000000982981,2.2872699766721154,1.5730176338542106,30,10,0.8,94,17,196,36,3.388344645500183,9.701832929462286,1.1172968
48.30000000984,2.5429846446658244,1.9159610175918655,31,11,0.8,98,16,197,35,3.039514124393463,9.250330689359227,1.2000127
48.350000009850184,2.4014072229537256,1.6363529358677986,21,8,0.7,89,14,193,35,3.114507794380188,10.14837783285289,1.1758053
48.40000000986037,2.4558828214585673,1.9206102955598863,27,8,0.6,93,16,189,37,3.151612877845764,9.66970055389293,1.1465746
48.450000009870564,2.468079855912986,1.6222429583253515,33,9,0.7,100,17,206,38,3.1443700194358826,9.520629052841993,0.94218695
48.50000000988074,2.672409606090351,1.686160232765155,28,11,0.8,87,15,188,33,3.336993455886841,9.761885611605745,1.2889028
48.55000000989093,3.1681106966474366,2.0295579323036987,18,6,0.4,91,15,191,35,3.1272637844085693,9.917312469310717,1.2669872
48.60000000990112,2.1774474259854713,1.1936125400623079,28,9,0.8,90,15,192,34,3.16601425409317,8.14169006534824,1.1639395
48.6500000099113,2.3383564485130552,1.5411079455410603,27,9,0.7,88,15,192,36,3.079165816307068,8.924320097057361,1.4100683
48.70000000992149,2.0850174698936756,1.228955503351903,32,10,0.8,96,17,202,34,3.2361024618148804,8.38766242049692,1.1306995
48.75000000993168,2.619575305882246,1.7299818247966405,32,10,0.8,97,15,193,35,3.051546812057495,9.534718140438452,1.0818355
48.80000000994186,2.51203397745497,1.8268934109611092,30,10,0.8,99,17,203,36,3.214522898197174,9.322446965988131,1.1454091
48.85000000995205,2.3811863047997557,2.342588636421886,28,9,0.6,100,17,190,36,3.213302195072174,9.643669413162455,1.2589612
48.900000009962234,2.360695533066097,1.6152098338768173,24,9,0.7,90,15,190,34,3.223479688167572,9.95553673702771,1.3718843
48.95000000997242,2.442231992109721,1.6656355948855275,26,10,0.9,92,17,197,36,2.7840787172317505,9.723668197774638,1.1151427
49.00000000998261,2.684077563342263,1.5401703976870842,27,10,0.7,90,15,190,35,3.1331709027290344,10.433428439021135,1.2397773
49.05000000999279,2.715143100811825,1.433170044486432,29,10,0.7,92,14,191,36,3.196668028831482,9.49364087398755,1.1613438
49.10000001000298,2.563082845557434,1.7233062321011317,33,10,0.7,92,15,185,34,3.040665090084076,9.63937307986324,1.2233372
49.150000010013166,1.8286778386806926,1.189416224361346,22,9,0.7,90,15,181,34,3.3225932717323303,9.373339623378198,1.4345734
49.20000001002335,3.0485414158118633,1.6499056370547427,29,10,0.8,87,15,187,36,3.1308922171592712,9.222823561354163,1.2404145
49.25000001003354,2.7736407306872413,1.4904627524755751,24,9,0.6,87,14,188,34,2.9305213689804077,8.961963922451703,1.3550301
49.30000001004373,2.795761355192864,1.5356534097951802,24,9,0.8,89,14,183,35,3.0419978499412537,9.090522179682363,1.242542
49.35000001005391,2.2038435779066274,0.975172446132665,27,10,0.8,90,16,181,34,3.2388266921043396,9.03840022584693,1.2425358
49.4000000100641,2.475319930324621,1.0655543836859824,32,10,0.8,85,15,194,35,3.045247793197632,8.605379766487777,1.3332837
49.450000010074284,2.5181157167228574,1.508551468987473,29,9,0.8,87,14,189,36,3.0909135937690735,8.676165836371608,1.2135174
49.50000001008447,3.0708903193076975,1.7723345969635427,31,9,0.7,91,15,190,35,2.991042733192444,9.100831117977037,1.2017136
49.55000001009466,2.868302854133593,1.3271015169816605,25,8,0.7,87,15,187,34,3.152245581150055,9.33302074737183,1.2929645
49.60000001010484,1.9573031970633639,1.0889313702975172,29,10,0.7,91,16,187,35,2.997797429561615,8.971361227097763,1.1632291
49.65000001011503,2.7021366143930754,1.296826341414624,33,11,0.8,90,14,189,35,3.1602901220321655,9.345409489695848,1.3191098
49.700000010125216,2.7938036683292324,1.2070852476491587,25,6,0.6,84,14,178,33,3.205386996269226,8.908394773051445,1.3492887
49.7500000101354,2.856463391485366,1.3907509164183147,30,8,0.7,86,15,183,34,3.2127290964126587,8.577082864303112,1.3658466
49.80000001014559,2.3627389933554594,1.2016398705980738,30,7,0.6,83,14,181,34,3.1877419352531433,8.757201388547369,1.1401396
49.850000010155775,2.3202867224422357,0.9715263010815354,27,10,0.7,88,14,180,34,2.9743897914886475,8.880934174904782,1.1548023
49.90000001016596,2.2038585220098867,1.2607621841694572,22,8,0.6,84,15,180,33,3.349505364894867,9.13033129269376,1.3289821
49.950000010176154,2.5603589882958726,1.3582633611552954,19,9,0.7,87,14,177,33,3.3610671758651733,9.694106621578245,1.382692
50.000000010186334,2.883282037660026,1.501047667386164,16,7,0.5,85,13,177,35,3.454587161540985,7.842983599536755,1.1264566
50.05000001019652,3.3667692494992285,1.7259561350134125,27,8,0.6,87,15,193,38,3.1046417355537415,7.780665220400724,1.2410097
50.10000001020671,2.9035611483838246,1.1100233619098565,21,9,0.6,83,14,174,34,2.910158336162567,8.099080920526234,1.3247628
50.15000001021689,3.1794446690560667,1.7518476229966344,21,7,0.4,87,15,182,38,2.953483462333679,8.091102254091602,1.2786539
50.20000001022708,3.6021670318298544,1.84079940218999,26,8,0.7,94,18,195,36,3.1651198863983154,7.983380118540397,1.195731
50.250000010237265,3.083463016293202,1.3884866227145767,22,8,0.6,92,14,187,37,3.0524295568466187,8.317299688056714,1.268181
50.30000001024745,3.017949112168215,1.48375642221863,26,10,0.7,82,14,178,34,3.1336700916290283,8.980132238803513,1.4774424
50.35000001025764,3.4604527120211137,1.6240469146981402,25,10,0.7,84,14,189,39,3.2240068912506104,9.194891490020645,1.4100903
50.400000010267824,2.9846256885532356,1.2966219272322923,23,9,0.6,87,16,182,36,3.2027769088745117,8.296605043273795,1.2670827
50.45000001027801,3.760702011309316,2.0095600559924796,20,8,0.6,87,14,190,36,3.185758590698242,8.261974240589929,1.2989529
50.500000010288204,3.2865838876086357,1.6078150684154582,19,7,0.6,84,15,184,37,3.3654600381851196,8.376842624545509,1.335313
50.55000001029838,3.0412148151437286,1.4141310562775302,24,8,0.7,82,15,179,35,3.1838929653167725,8.181712828789633,1.4004579
50.60000001030857,3.5741227924153574,1.7716069043775418,14,5,0.5,92,17,184,38,3.3067065477371216,8.16121624794774,1.0647491
50.65000001031876,4.29133853859871,2.354652975250358,13,7,0.5,86,15,188,36,3.345625400543213,7.156827854070942,1.2633902
50.70000001032894,2.9708863002275865,1.4952726218733958,23,6,0.5,94,16,182,37,3.104480803012848,8.181041824612807,1.0724369
50.75000001033913,2.536520347368519,1.2582957003584734,20,9,0.6,97,17,185,38,3.181678056716919,8.016256329176903,0.8020326
50.800000010349315,3.104721366558289,1.5963836698349922,21,8,0.6,87,15,187,36,2.98441618680954,8.544556756820993,1.0861524
50.8500000103595,3.158324146633098,1.9712463217645013,26,8,0.7,87,14,182,36,3.2423999905586243,7.606846063620187,1.0046309
50.90000001036969,3.2243889071573113,1.7475844249312102,14,7,0.6,85,15,177,36,2.98449844121933,8.228012671116254,1.199836
50.950000010379874,3.0338772969261685,1.8771102769415082,26,8,0.5,87,14,177,35,3.2120516896247864,8.008306638295002,1.0871145
51.00000001039006,3.3652517620714284,1.9237468944835878,17,8,0.7,92,17,181,38,3.1039968132972717,7.48646099514267,0.84214944
51.05000001040025,3.091917122846402,1.8051504134333776,17,10,0.7,102,16,181,32,3.3477070927619934,7.702190958903623,0.7024536
51.10000001041043,2.706572113172678,1.6208543543656595,22,13,0.8,107,16,197,35,3.2058072090148926,7.354146429491966,0.56480163
51.15000001042062,2.9001055188687968,1.6745702178517345,21,12,0.7,108,18,207,38,3.34574431180954,7.081309630072399,0.7201643
51.200000010430806,3.3847668859886726,2.196868071804488,22,11,0.8,113,22,216,41,3.3582329750061035,6.714845913190297,0.5429459
51.25000001044099,2.6816275676564865,1.5901579924357703,23,12,0.8,114,18,213,39,3.1754079461097717,6.974146446656162,0.6679189
51.30000001045118,3.0148981534478154,1.8016813094722928,21,10,0.8,108,18,205,40,2.9638147354125977,6.759611170880566,0.6130267
51.35000001046136,3.5063867571264895,2.1558998391691384,25,12,0.9,110,19,211,41,3.182513415813446,7.0673013018132735,0.6294796
51.40000001047155,3.288536679588435,2.242720547209646,17,12,0.8,110,17,204,42,3.0006834864616394,7.181023457647386,0.71669567
51.45000001048174,3.230164505299333,2.0218079287792827,22,12,0.8,113,19,200,39,2.9812058806419373,6.964463640448848,0.62000704
51.500000010491924,2.800444869555095,1.7970790153069796,23,11,0.8,115,20,206,39,3.1351420283317566,7.292590133321912,0.7147136
51.55000001050211,2.816716612545745,1.3920037910425507,27,9,0.7,109,18,199,36,2.9535889625549316,7.706362255693122,0.74674475
51.6000000105123,3.0447337190096886,1.7333375688491104,24,10,0.7,106,19,186,37,3.059772551059723,8.0165813674183,0.7540022
51.65000001052248,2.935499681068672,1.694649981500418,20,11,0.8,112,18,198,37,3.2047322392463684,8.28379775674387,0.7525412
51.70000001053267,2.7843697340152813,1.5178606597599422,19,10,0.7,104,16,191,35,3.2333895564079285,8.17936282661675,0.7291749
51.75000001054285,2.9475729012494503,2.0373064763168323,23,11,0.9,102,19,194,35,3.389062285423279,7.283887410413241,0.8082321
51.80000001055304,2.9319895582989512,1.8558735938095108,25,8,0.6,103,18,198,36,3.225574791431427,7.73374891469234,0.74169964
51.85000001056323,3.398509435600578,1.9280871362255734,25,9,0.7,95,15,186,37,2.943642735481262,7.404829112740217,0.88298863
51.900000010573414,3.1094687747436502,2.00790880189962,19,10,0.8,103,17,192,34,3.114458918571472,7.870104868674286,0.7332633
51.9500000105836,3.135440053653179,2.176494746059736,15,10,0.6,102,16,176,36,3.312584161758423,7.88761613214044,0.92071295
52.00000001059379,3.5783970492870276,2.5118521282429898,27,12,0.9,103,16,187,36,3.229868710041046,8.075267208456705,0.7596512
52.05000001060397,2.820069261241076,1.7643892569178519,22,10,0.8,107,18,187,34,3.0122900009155273,7.257934714074228,0.6647943
52.10000001061416,3.658748723818227,2.3696065803208377,18,9,0.8,102,18,202,41,3.1974783539772034,7.538730212153153,0.97342515
52.150000010624346,3.5232840756905452,2.3621130542160222,29,11,0.8,102,18,202,37,3.0521073937416077,8.74895432756083,0.95173466
52.20000001063453,3.179221331368693,2.1241582930685,21,9,0.9,101,16,195,35,3.069179952144623,8.084929600583264,0.8783584
52.25000001064472,3.6740247254673792,2.7949647176300108,29,10,0.8,106,19,198,37,3.0549979209899902,9.329799678982962,0.90940684
52.3000000106549,3.792663767266642,2.552426223367103,26,10,0.8,102,18,206,41,2.918960452079773,8.811556943248382,0.9875521
52.35000001066509,3.0323074327903394,2.02704923360454,19,10,0.8,94,16,198,37,3.127286434173584,7.953868581888912,1.0975552
52.40000001067528,3.3433664956018596,2.305911268340855,27,10,0.9,103,18,201,38,3.0849242210388184,8.214026324117567,0.76777136
52.450000010685464,3.184195104113925,2.2815912090742634,21,12,0.9,103,18,200,38,3.1539946794509888,8.12690418916751,0.9567455
52.50000001069565,2.826686358313324,1.9936155784627696,21,10,0.7,97,16,191,36,3.109699785709381,8.632276564734802,1.1062222
52.550000010705844,3.0460437103285516,2.143956599228216,22,8,0.8,99,16,205,39,3.2774654030799866,8.358250869990265,0.9158377
52.60000001071602,2.6809532231282467,1.8842118813436926,22,8,0.7,99,17,191,36,3.183581233024597,8.23997702010649,0.89219964
52.65000001072621,3.686206978451851,2.617201342998542,16,8,0.7,90,15,178,36,3.0276474356651306,8.179210691651884,1.1632637
52.7000000107364,3.66036566132234,2.9260659702530867,24,11,0.8,101,16,192,39,3.0485522747039795,8.118980950576189,1.0434138
52.75000001074658,3.1744197576362194,1.9745073607927175,19,8,0.7,101,16,197,37,3.26751172542572,8.780089246963199,1.0762572
52.80000001075677,3.2074125239232365,2.4219190539574025,19,11,0.8,101,17,198,40,3.060234785079956,9.11205629431242,1.088949
52.85000001076696,2.790674876903347,2.098938679267956,23,10,0.7,100,16,192,36,3.284023106098175,8.917779215189565,1.0632328
52.90000001077714,3.0809582946614804,2.1586009412627347,19,8,0.7,94,15,184,35,3.1223174929618835,8.545037906174509,1.0816272
52.95000001078733,3.691282686290097,2.5404756578430003,24,9,0.8,99,16,195,37,3.229358196258545,8.984531733636079,1.1189363
53.000000010797514,3.996931274564994,2.833275658186449,24,10,0.9,99,17,206,38,3.3248525857925415,8.622071960421547,0.97831434
53.0500000108077,3.2417859090471817,2.1781794335190767,24,10,0.7,101,19,199,37,3.280286490917206,8.856839261721614,1.0823938
53.10000001081789,3.044797143229176,2.0108204515182138,23,10,0.7,99,17,192,36,3.277325928211212,8.20667460322972,0.95063585
53.15000001082807,3.7459929630452105,2.4608547858385883,18,7,0.7,90,17,185,34,3.2302719354629517,8.765258820095472,1.2238257
53.20000001083826,4.3134824825178235,2.686653085859466,22,9,0.8,96,18,205,37,3.0558758974075317,8.629453851290778,0.90012974
53.250000010848446,4.286005529520374,2.7096127844102003,18,6,0.5,91,18,191,37,3.12143474817276,8.757590529562007,1.0990843
53.30000001085863,3.445921839879208,2.1204883872245976,26,7,0.6,99,17,206,38,3.1951940059661865,8.650971091866655,1.0371811
53.35000001086882,3.0528741306042666,2.07358242428908,21,10,0.7,95,17,188,35,3.318190574645996,8.745481189744782,1.0674782
53.40000001087901,3.330050662957174,2.23549218564514,25,9,0.7,100,17,203,38,3.17438542842865,9.748003147176645,0.99950194
53.45000001088919,3.355278550566938,2.3206058836230485,23,9,0.7,105,18,199,36,3.1829163432121277,9.377871739328487,0.9256276
53.50000001089938,3.6439247700854818,2.614480629897007,22,9,0.7,99,16,189,35,3.1310877203941345,9.210503125135583,0.94893134
53.550000010909564,4.36882710562479,2.994631375770079,26,9,0.7,101,17,190,37,3.1511053442955017,7.934976160154434,0.9906742
53.60000001091975,3.3959451090149173,2.149619963979455,25,10,0.7,97,16,194,38,3.2705485820770264,8.66980900073349,0.9257264
53.650000010929936,3.5711307289485825,2.589385653100113,29,11,0.9,105,18,198,37,3.191334307193756,8.975598091337522,0.7867725
53.70000001094012,4.2478933812503925,2.991218832197591,27,8,0.7,100,17,203,40,3.1372731924057007,8.70152256338434,1.1001139
53.75000001095031,4.278328750823955,3.112419232421824,19,8,0.7,92,16,179,35,3.186408579349518,9.35794791195769,1.2523288
53.800000010960495,3.4895208491809053,2.2053882288829105,27,11,0.9,102,16,200,36,3.20959210395813,9.240472281985053,0.92596644
53.85000001097068,3.3417340598190743,2.123606481951898,26,10,0.8,101,18,203,37,3.2946741580963135,8.832951921805599,0.8686285
53.90000001098087,3.660430862550667,2.414122888923097,23,11,0.8,101,17,202,38,3.2608509063720703,9.04205014406883,0.9456043
53.950000010991054,3.4819927970751463,2.314155008400292,24,12,0.8,109,17,210,37,3.228698968887329,9.07832052523248,0.8619118
54.00000001100124,3.360832560854007,2.278174402660012,21,9,0.8,102,18,198,36,3.345118463039398,9.736404791395357,0.7971067
54.050000011011434,3.8928782850482895,2.8528920504896425,22,7,0.7,96,18,183,34,3.317306935787201,9.513336279260347,1.0927747
54.10000001102161,3.6015041846774314,2.5337966151365205,20,9,0.8,98,17,202,37,3.2029643654823303,9.180826401445943,1.0096488
54.1500000110318,4.038736013453214,3.1518545269582816,25,9,0.8,102,17,196,40,3.327041268348694,8.41113349633492,0.8908095
54.20000001104199,3.2996757866666138,2.350257339025912,22,9,0.8,100,18,207,35,3.2981202006340027,8.931213629306018,0.9392605
54.25000001105217,3.094589775461171,2.16051644409885,27,8,0.7,105,17,206,37,3.383241891860962,8.751656739652969,0.82860667
54.30000001106236,3.4106907826854065,2.2590678053218287,24,9,0.8,103,16,202,38,3.2270443439483643,8.439988860104393,0.9074265
54.350000011072545,3.6164593822937867,2.545922446225531,25,8,0.6,97,16,200,35,3.1209343671798706,9.139867131712416,1.1035511
54.40000001108273,2.91944726141286,2.0837290733782186,23,9,0.7,98,17,184,33,3.308086097240448,8.332335226646013,0.91859126
54.45000001109292,3.2695923731342758,2.4261298164210814,24,10,0.8,105,17,201,37,3.0039551854133606,8.569007134104005,0.88617027
54.500000011103104,3.0921229930313743,2.3269254429154045,26,9,0.8,98,18,200,38,3.259982466697693,8.937774886213079,0.97656703
54.55000001111329,2.880349286153667,2.333530888785252,25,7,0.5,94,16,182,35,3.070453703403473,9.057395662355203,1.1390159
54.600000011123484,3.3922188102371824,2.524693520005263,25,7,0.7,88,16,194,35,3.1446802616119385,9.929026376062797,1.094131
54.65000001113366,3.18014742298402,2.1871966304404316,22,9,0.8,100,17,205,35,3.208566904067993,9.39995092905435,0.88977885
54.70000001114385,2.8940140928359153,2.4150182850687933,24,10,0.8,99,19,191,34,3.4481868147850037,8.934438689583812,0.97818166
54.75000001115404,3.8078471036723904,2.8377450775800277,28,9,0.8,92,15,198,38,3.0606094002723694,8.752068863792166,1.1457887
54.80000001116422,3.5773939165732243,2.632710908217491,28,11,0.9,98,17,204,38,3.192654550075531,9.297370505579092,0.90947014
54.85000001117441,2.835864761636593,2.33452497517066,22,8,0.7,96,16,201,35,3.183950185775757,9.549727113494253,1.0527422
54.900000011184595,3.8303178089981795,2.9918313756125903,31,10,0.9,94,17,210,39,3.098742961883545,9.33196284719128,1.0071479
54.95000001119478,3.1505457608139444,2.310064689991247,27,8,0.7,92,15,200,36,3.163357973098755,9.110716285693385,1.0277514
55.00000001120497,3.101681342144147,2.1231902749346725,24,8,0.7,90,16,202,37,3.1809568405151367,9.349451036313745,1.1228664
55.050000011215154,2.891256214373895,2.2001920451510584,26,8,0.7,96,18,204,35,3.0303233861923218,9.560731299964802,0.92301476
55.10000001122534,3.1491478830244546,2.21239915018506,21,8,0.7,86,14,197,37,3.2701051235198975,9.405120780716825,1.309626
55.15000001123553,2.7342463073058774,2.050914146381481,21,6,0.6,92,16,196,35,3.2027462124824524,8.836305202677801,0.9597673
55.20000001124571,3.6944291813555132,2.7856819782071303,28,9,0.7,89,14,182,34,3.1074532866477966,9.360984404507464,1.080346
55.2500000112559,3.345405209549979,2.502915860131021,25,8,0.7,87,17,203,35,2.799113392829895,9.148203380115998,1.0757998
55.300000011266086,3.373484968561505,2.4163821359516353,23,9,0.8,96,18,197,37,3.0180543661117554,9.229914451346524,1.0449367
55.35000001127627,3.228324073754311,2.34048690483525,27,8,0.7,84,13,201,36,3.2332393527030945,10.784012748079457,1.318037
55.40000001128646,3.8319543631019903,2.7476861617059907,26,9,0.7,92,17,204,36,3.12887966632843,10.52309553614256,1.3759855
55.45000001129664,3.453958317984175,2.4968828130254046,30,9,0.8,82,14,195,36,3.1211280822753906,10.169239741571943,1.2921817
55.50000001130683,2.764603418895979,1.9656920339834523,29,7,0.6,85,15,195,34,3.0364754796028137,10.564777291299725,1.0733285
55.55000001131702,3.4181427632682366,2.558189648082152,23,9,0.8,90,16,189,37,3.1648054718971252,10.250575662399504,1.002526
55.600000011327204,2.9121047211419486,2.368159493084293,20,9,0.8,97,17,192,34,2.899288833141327,10.251207136325151,1.1828675
55.65000001133739,3.44680684863979,2.6119863033013484,23,9,0.8,91,14,200,38,3.144763708114624,10.02016827906214,1.1178854
55.700000011347576,3.317990050903145,2.464925011704321,26,7,0.6,95,17,211,39,2.9519546031951904,10.865442286240299,1.0957462
55.75000001135776,3.2436157552049276,2.0611709348610736,23,9,0.7,99,17,199,37,3.172672390937805,10.19963988999839,1.1568084
55.80000001136795,3.5176175636590483,2.4344758939498976,28,8,0.7,89,16,191,36,3.187461793422699,10.412432317289815,1.2768654
55.85000001137813,3.246137849579644,2.3985531886019853,26,8,0.7,93,16,217,39,3.1182825565338135,10.5367941678921,1.1109314
55.90000001138832,3.35829220056874,2.475230825253292,25,8,0.7,88,14,193,38,2.8496113419532776,9.54132511050112,1.2930537
55.95000001139851,3.4210991821040766,2.361969507991268,28,9,0.7,92,14,201,37,3.105734884738922,9.164920530253573,1.0960542
56.000000011408694,3.388863044968318,2.3634037143485647,35,10,0.8,96,17,202,38,3.2223087549209595,9.404967843634475,1.0730416
56.05000001141888,4.146742743639019,3.2995749951886943,20,8,0.7,98,18,204,40,3.172616958618164,9.103717710152841,1.0753219
56.10000001142907,3.503642533728068,2.613826569248144,20,8,0.8,97,16,204,39,3.145374059677124,9.11680027954243,0.9056826
56.15000001143925,3.324644367659819,2.8443150760233724,22,8,0.7,92,15,197,35,3.0111095309257507,9.282905128137244,1.1183406
56.20000001144944,3.2246720405670604,2.534461301370597,24,9,0.8,96,16,183,34,3.2484281063079834,9.56608280016443,1.0616504
56.250000011459626,3.239082039530074,2.5486739403085235,25,9,0.7,93,15,182,34,2.91544109582901,9.668513246687223,1.0724227
56.30000001146981,3.1047902564154666,2.631133810566617,23,11,0.9,93,15,183,34,3.297487199306488,9.812874580817672,1.1655822
56.35000001148,2.5327895858301868,2.2637757357561847,24,10,0.9,96,14,184,33,3.327757716178894,9.340865655474877,1.073033
56.40000001149018,3.0124541805840845,2.678598835715264,27,10,0.8,97,15,189,33,3.1673648953437805,9.692615635772412,1.1124827
56.45000001150037,2.8347820774586143,2.4520132212413,23,9,0.8,96,16,191,34,3.1489714980125427,9.798087347771336,1.057568
56.50000001151056,2.95190809416345,2.3625591250738407,25,9,0.7,95,13,188,39,3.2308754324913025,9.585629719268098,1.1660788
56.550000011520744,2.826069943556051,2.3409489403124706,24,8,0.8,92,15,178,34,3.1696373224258423,10.085557769949549,1.2168825
56.60000001153093,2.862972001327055,2.4431481310782965,19,9,0.8,91,16,187,36,3.1568878889083862,9.410536032449777,1.1079388
56.650000011541124,2.509390451444213,2.2875652719511015,22,9,0.7,88,15,174,34,3.2596397399902344,9.75090586571576,1.3167578
56.7000000115513,3.3453399780438007,2.7325335739291265,30,9,0.8,94,16,195,36,3.2445162534713745,9.818402203218453,1.2503097
56.75000001156149,3.1267076580620525,2.392068878078814,30,10,0.7,100,17,197,37,3.319787085056305,8.539700787131048,0.98697317
56.80000001157168,3.1875032173564537,2.6333731623607486,20,9,0.9,89,15,182,36,3.3114561438560486,8.701509753411472,1.2734025
56.85000001158186,2.7746544235138937,2.2460156008386605,19,7,0.5,89,15,183,36,3.1296512484550476,9.095759433437642,1.2944
56.90000001159205,3.1474578616113797,2.406252481504827,22,8,0.7,94,14,194,37,3.2883837819099426,9.226211771063815,1.2514825
56.95000001160224,3.4154991631127536,2.623156545177923,30,9,0.9,94,16,188,34,3.1033918261528015,9.40497124323369,1.177552
57.00000001161242,2.7939616215860807,2.1277785706238697,18,8,0.7,93,17,183,35,3.405054807662964,9.166079968803906,1.2856835
57.05000001162261,3.071438022671999,2.4315770887514763,25,10,0.7,97,16,195,37,3.2755905389785767,9.187707100451092,1.2304688
57.100000011632794,2.7232325491490847,2.1786357416700053,21,7,0.6,91,14,195,38,2.9223641753196716,9.389890993164576,1.1776321
57.15000001164298,3.017069227844063,2.509272812493228,25,8,0.7,86,15,176,34,3.001202940940857,10.096021187474076,1.3871864
57.20000001165317,3.0138223694869346,2.577107401357174,25,9,0.6,98,16,186,34,3.125564754009247,9.855164685789841,1.1530986
57.25000001166335,2.7720800933331518,2.5427226997758465,21,10,0.8,90,14,183,34,3.3328023552894592,10.320212244067832,1.3240739
57.30000001167354,3.1687940770072984,2.695325730214596,25,10,0.9,98,15,193,35,3.282540440559387,10.06465519795995,1.0792392
57.350000011683726,3.0513090063821116,2.6048456599670327,25,11,0.9,92,16,188,35,3.3496546745300293,10.151453356466122,1.1769371
57.40000001169391,2.9310402330749623,2.4777941025052437,27,11,0.8,98,16,194,37,3.2035917043685913,10.296970185421257,1.2171952
57.4500000117041,3.0372497963890273,2.678175147124771,28,9,0.8,94,15,185,34,3.1671732664108276,10.402028565832104,1.1084994
57.50000001171429,2.726636378643361,2.356365951610865,20,8,0.7,88,13,173,33,3.2884928584098816,10.178290591315262,1.2877758
57.55000001172447,2.6719677280786143,2.184452431555995,21,9,0.7,94,16,181,34,3.0855348706245422,10.367904785685882,1.220372
57.60000001173466,3.2274954943667473,2.254179945928757,24,8,0.7,93,17,184,33,3.332098424434662,10.330223625082962,1.2709801
57.650000011744844,3.089772945950831,2.5086253318705802,26,10,0.8,92,16,193,37,3.185984790325165,9.750828965856249,1.1174488
57.70000001175503,2.9882665212463695,2.3026217556529547,21,8,0.8,92,14,190,35,3.3635345101356506,10.441137823527127,1.2278488
57.750000011765216,3.770027333253073,3.1193489457324635,27,10,0.9,90,14,188,37,3.168579339981079,9.572488820920126,1.2330128
57.8000000117754,3.137221757148185,2.5732661639303793,22,8,0.7,91,16,190,35,3.1284338235855103,9.717908074465758,1.1755918
57.85000001178559,3.363637120321373,2.6842581559355527,23,10,0.8,94,16,185,33,3.346162438392639,10.383952953712106,1.3288269
57.900000011795775,2.9570682872152556,2.531148190559733,20,9,0.8,88,14,182,35,3.0516639351844788,10.032213204881248,1.3359251
57.95000001180596,3.0890599217227326,2.4991565049614697,25,9,0.9,90,15,180,32,3.082466721534729,9.689745468022606,1.2416428
58.00000001176521,3.1209432165238016,2.509773178441698,21,11,0.9,97,16,181,34,3.3098986744880676,10.238327010113917,1.2612674
58.0500000115935,3.440862924900252,2.601606631516757,26,10,0.9,91,16,185,34,3.3329397439956665,9.723874379108182,1.2554901
58.100000011421784,3.547010158920607,2.7138752920377085,19,7,0.7,92,16,193,35,3.1379836797714233,10.084208914767574,1.2473183
58.15000001125007,3.043877802701166,2.4685815043477435,23,9,0.8,99,16,180,33,3.1026706099510193,9.418199251443085,1.1713036
58.20000001107836,3.1143625982718657,2.5956298715576724,23,9,0.9,93,15,175,33,3.2577818632125854,9.889517086801076,1.2403225
58.250000010906646,3.1567836029094165,2.7599195164633232,18,9,0.7,92,16,181,34,3.1096187233924866,9.900839088402051,1.258022
58.300000010734934,3.120275371042834,2.421764703281894,18,9,0.7,97,15,189,34,3.255186378955841,10.17725325882064,1.174587
58.35000001056322,2.6319983040910913,2.2417219543940066,22,8,0.7,97,15,180,33,3.256925046443939,9.693949375867819,1.2225432
58.40000001039151,3.172887637068275,2.4967820316908895,23,9,0.8,92,15,184,34,3.158610463142395,9.708724735474128,1.1891264
58.450000010219796,2.9351646459534213,2.57123298164506,16,6,0.6,92,15,189,34,3.3834290504455566,9.771550265538878,1.2504827
58.50000001004808,3.060373493316901,2.6785115004944515,19,8,0.7,99,16,191,35,3.0657899379730225,9.5977926421478,1.1354613
58.55000000987637,3.0367140781050646,2.725586421480987,20,9,0.7,93,14,179,32,3.304286301136017,10.075828627104624,1.2387961
58.60000000970466,3.0759891867622278,2.7677987071880352,27,10,0.9,100,16,200,35,3.263368308544159,10.13235360031759,1.0869532
58.650000009532945,3.3200260587029344,2.6885862927597293,29,10,0.8,95,16,187,34,3.1330859661102295,9.492462412334746,1.0722429
58.70000000936123,3.401473185602212,2.8292426616896575,30,10,0.8,96,15,193,34,3.11766654253006,10.003714609519774,1.1347876
58.75000000918952,3.0205360430024566,2.624493953459584,24,10,0.8,96,15,187,33,3.291430175304413,10.533635892467164,1.135607
58.80000000901781,3.4920489101943324,3.1435508408536696,21,10,0.8,87,13,177,35,3.332572281360626,10.4575164440769,1.3129135
58.850000008846095,2.4438049517259364,2.3581236357623467,25,10,0.9,98,17,188,32,2.8936925530433655,10.141555549597543,1.045543
58.90000000867438,3.2163188595097907,2.82597432822007,27,9,0.8,94,14,179,33,2.9886412620544434,10.102127692388327,1.2063735
58.95000000850267,2.855848649269043,2.3611346003311597,19,9,0.8,93,16,184,33,3.2880595326423645,9.902532458168851,1.2576784
59.00000000833096,3.4462123262871733,2.964100701435828,21,9,0.9,96,16,189,35,3.077351152896881,10.131415589492594,1.1242048
59.050000008159245,3.141187524628722,2.787580612810483,26,10,0.9,95,15,184,32,3.352043926715851,10.020825164897671,1.2383479
59.10000000798753,2.58566455567548,2.406188311357535,27,10,0.9,100,17,188,33,3.3433449268341064,9.932508436014249,1.1367011
59.15000000781582,3.3141346182704536,2.620202997534662,27,12,0.9,91,15,187,35,3.326839804649353,9.753091771354798,1.1299709
59.20000000764411,2.819350695821475,2.4609403775833707,28,10,0.9,103,17,185,33,3.2655560970306396,9.91108692334186,1.0666131
59.250000007472394,3.1061584480769113,2.714038781712415,29,10,0.8,90,15,193,34,3.347226083278656,10.461668181934378,1.2757187
59.30000000730068,2.970978441286698,2.655004408580564,20,9,0.8,98,15,182,33,3.3097678422927856,10.799663075326826,1.3438377
59.35000000712897,2.8610295669309953,2.5483225366089037,22,9,0.7,94,15,191,35,3.3812952041625977,10.116740558963508,1.1976118
59.40000000695726,3.0079865391215925,2.672630868112542,29,11,0.9,102,16,193,34,3.258184790611267,10.265944234723543,1.1666881
59.450000006785544,3.155418314764036,2.72180725491032,13,8,0.7,95,16,183,34,3.067120909690857,9.89935896755159,1.3417788
59.50000000661383,2.635755562631042,2.5802958479237392,20,10,0.8,98,16,196,36,3.201666474342346,10.131156719922965,1.0615057
59.55000000644212,2.8431769414323673,2.554048648421981,22,9,0.7,97,18,184,34,3.289196193218231,10.20669467962831,1.1926005
59.600000006270406,2.945232401127405,2.431088090748972,27,11,0.8,99,16,185,33,3.231569528579712,10.131214444222314,0.9997714
59.65000000609869,2.955547027744208,2.638127822389488,19,8,0.6,97,15,180,34,2.9782527685165405,10.528215420339944,1.1192359
59.70000000592698,3.295413994717581,2.7196001435747896,21,7,0.6,90,15,182,32,3.400183618068695,10.41923584964632,1.3437572
59.75000000575527,2.764119190283753,2.284014027896928,24,9,0.8,98,19,190,34,3.0832073092460632,9.636798859187046,1.1394811
59.800000005583556,3.0597824030119285,2.5362707604199453,19,10,0.8,94,16,179,34,3.3943498134613037,9.993565781968003,1.0692378
59.85000000541184,2.792542383139165,2.403957119394567,26,11,0.8,100,16,190,36,3.3115217089653015,9.911312241256054,1.0009634
59.90000000524013,2.857717787834316,2.1615170912773114,24,9,0.8,98,16,192,36,3.070724904537201,9.93721596484118,1.0527426
59.95000000506842,2.6835362666363056,2.2427725401216394,29,9,0.8,91,15,193,36,3.0233487486839294,9.67381480479407,1.1595173
60.000000004896705,2.8752541518162356,2.2922772371889164,23,9,0.7,97,17,185,34,3.189336061477661,10.189385834140658,1.1356295
60.05000000472499,3.2790059226081536,2.413549494621948,22,9,0.7,97,17,192,35,3.2900118827819824,9.72248732521865,1.0983118
60.10000000455328,3.0268678207820745,2.4209488999538036,26,9,0.8,100,17,188,38,2.8255626559257507,10.29795784827404,1.0658603
60.15000000438157,3.227846103183159,2.6498640429016387,24,9,0.9,96,16,182,34,3.176606595516205,10.042489380743032,0.99309313
60.200000004209855,3.1741382644285348,2.610367823650634,18,9,0.8,97,15,182,35,3.216894268989563,9.936996817403925,1.0778863
60.25000000403814,3.139591036540419,2.6398173717743587,19,10,0.9,98,17,177,32,3.2590407133102417,9.413298498953324,1.0841612
60.30000000386643,3.356929048084043,2.7895948044570353,29,11,0.9,99,16,188,34,3.2952508330345154,9.444346355553899,1.0128163
60.35000000369472,3.312695842067418,2.4728485268008864,27,9,0.8,103,16,188,36,3.2642221450805664,9.73964155344687,0.971507
60.400000003523004,3.433861060063968,2.6607665371368134,30,12,0.9,103,18,193,39,3.089846670627594,9.76797372837467,0.88430095
60.45000000335129,3.046589175660208,2.527050738577505,28,11,0.8,99,15,182,35,3.077065348625183,9.20237406033797,0.9401339
60.50000000317958,2.9255052451888592,2.5514744863830066,27,9,0.6,99,17,194,36,3.218925893306732,9.136190093338792,1.0777519
60.55000000300787,2.811725466019403,2.6535091347673445,25,10,0.9,95,16,179,33,3.2999470829963684,9.47661714775256,1.1073369
60.600000002836154,2.8239684931029254,2.423911222070404,27,9,0.8,97,16,191,37,3.208654820919037,9.113040700296375,1.0398496
60.65000000266444,3.1073510758121707,2.744039152951037,26,11,0.9,98,16,196,36,3.0826494097709656,9.126950296167653,0.9638861
60.70000000249273,3.3188695699033746,2.7640353181937645,21,10,0.8,103,17,206,39,3.3014312386512756,9.842503493793577,1.1057504
60.750000002321016,2.690230860010086,2.403460545017142,22,7,0.6,95,15,185,36,2.986203134059906,9.337211962797891,1.0494018
60.800000002149304,2.5403462296048858,2.2979315083565943,27,9,0.7,103,17,192,36,3.323681652545929,8.606557285042271,0.9249526
60.85000000197759,3.1752578250788766,2.8865918245886824,28,11,0.9,99,17,202,38,3.3507564663887024,9.408544564523398,0.98230153
60.90000000180588,3.490054716799027,3.2826173334300845,24,11,0.9,101,17,200,38,3.138163983821869,9.409758392078986,1.0641787
60.950000001634166,3.454441949250811,3.0292325901741783,27,10,0.9,98,16,192,38,3.2391005754470825,8.817874788883113,1.0524378
61.00000000146245,2.6910304636769755,2.667247245730132,24,9,0.8,101,17,193,36,2.7457645535469055,9.603491683212777,1.0146347
61.05000000129074,3.374970671126929,3.22978745724376,26,8,0.8,104,19,196,36,3.2071346044540405,9.331742922091726,0.9137983
61.10000000111903,3.3508379711644443,3.082834999547002,24,10,0.8,95,17,201,38,3.3676889538764954,8.839864609308945,1.0139323
61.150000000947315,2.578238911056636,2.5710540046404646,22,10,0.8,98,16,179,36,3.1263506412506104,9.053843167202293,1.1703643
61.2000000007756,2.958029755590235,2.3032652262153905,28,9,0.7,97,16,192,37,3.305457830429077,8.693730179763124,0.9456355
61.25000000060389,3.20612812845251,3.063348502022334,21,9,0.9,96,17,203,40,3.193182349205017,9.142641151935758,1.1070685
61.30000000043218,3.827878576739182,3.6064696896618997,28,10,0.9,99,17,194,36,3.060043454170227,9.083199273560885,1.0561963
61.350000000260465,2.8168732646575068,2.925506928970994,29,10,0.8,100,18,208,37,3.2653212547302246,8.464374860946506,0.99578506
61.40000000008875,3.098888789778822,2.853245370024266,25,9,0.8,103,17,193,37,3.3132532238960266,8.304430280037058,0.94302213
61.44999999991704,2.400975661615378,2.3529041253554004,29,12,0.9,110,17,203,40,2.9197609424591064,7.977478994227498,0.9180719
61.49999999974533,2.9237188017003506,2.603566326643599,32,10,0.8,98,16,197,37,3.0452346801757812,7.8955140769845755,0.91360164
61.549999999573615,2.7666334198175697,2.242088942983009,29,11,0.9,101,17,200,39,3.1196704506874084,7.972402978887967,0.8381958
61.5999999994019,3.699306689558497,3.1099358422623515,22,7,0.7,92,17,193,38,3.3243033289909363,8.29213997626617,1.1645882
61.64999999923019,3.379823847443027,2.862321934295968,19,6,0.5,98,16,197,40,3.015245199203491,7.117548212022378,1.1955749
61.69999999905848,3.2619316606246196,2.983846336602818,24,9,0.8,94,17,185,37,3.1384095549583435,6.995080818619002,1.0913254
61.749999998886764,3.498406423530202,3.2913845207921466,24,8,0.8,99,16,199,40,3.1456035375595093,8.047194678800258,1.1351897
61.79999999871505,3.5462534376344657,3.1675509705695815,24,9,0.7,90,15,185,38,3.1010299921035767,7.45659825883183,1.1172215
61.84999999854334,3.6483502341459877,3.031607046576231,25,9,0.8,96,18,204,43,3.4322568774223328,7.3687027155477836,1.2976365
61.89999999837163,3.6046207552958354,3.1383677087302573,20,9,0.7,93,15,187,37,3.077037036418915,7.789803902696537,0.9794076
61.949999998199914,3.7083149185806756,2.8319526727556084,17,8,0.8,94,15,200,39,3.321506381034851,8.475125912976367,1.2071251
61.9999999980282,3.842622724177346,3.116971427949796,28,8,0.7,95,16,201,38,3.1235334277153015,8.487537082398395,1.3278775
62.04999999785649,3.5429851084391477,2.7798926944462172,23,9,0.8,88,17,191,36,3.1555339694023132,7.809780155782855,1.3857217
62.099999997684776,3.5972088557266915,2.806214477610755,21,9,0.8,93,16,194,38,3.3131366968154907,7.732924923604179,1.105864
62.14999999751306,3.7101269470903175,3.1863457660627152,22,9,0.9,94,16,197,38,3.26729953289032,8.374869941304963,1.4115658
62.19999999734135,3.121631016990416,2.495392730546719,26,10,0.8,100,16,207,40,2.7861058712005615,7.886462059253256,1.0565394
62.24999999716964,4.080171146710829,3.194225852363956,25,10,0.8,99,18,206,40,3.137272894382477,7.592912235497531,1.2390734
62.299999996997926,3.9248020386198057,2.9611457269117327,28,9,0.8,92,18,200,40,3.1381115317344666,7.431743003298958,1.1279091
62.34999999682621,4.020560516557141,3.0809198230185535,24,10,0.8,100,18,211,40,3.2245492935180664,7.10086874229269,1.0760494
62.3999999966545,3.845166255832515,2.7747803563648143,33,9,0.8,95,18,210,38,3.2932299375534058,6.632791429728426,0.86448574
62.44999999648279,3.6494863543946248,2.892064108866222,19,8,0.8,91,16,197,38,3.012707531452179,7.420589231173338,1.252584
62.499999996311075,3.6748683053486753,2.8854391386572904,32,8,0.8,95,18,206,42,3.0531296133995056,6.99121747722117,1.0778273
62.54999999613936,3.474035718320062,3.0783373100670874,18,8,0.7,83,13,180,37,3.179907500743866,8.3068103579489,1.4521741
62.59999999596765,2.5711728555873985,2.2744948064564015,31,10,0.7,102,17,192,38,3.286171555519104,7.824596226695135,0.8622382
62.64999999579594,2.275795064906936,2.2532022699819287,23,9,0.7,104,17,187,38,3.375239074230194,7.712078192907157,1.0522066
62.699999995624225,2.630031297770809,2.416327005172399,25,9,0.7,104,18,196,37,3.0452755093574524,8.492517005315241,0.99072826
62.74999999545251,2.485129728468565,2.2883562733047795,29,10,0.7,98,16,205,40,3.269522786140442,8.206396903611886,1.0092913
62.7999999952808,2.5479289504225875,2.2212309421107204,24,9,0.7,102,16,202,39,3.259439468383789,7.587216364655314,1.0372998
62.84999999510909,2.9429941290234245,2.3361623766072386,36,11,0.8,102,18,195,39,3.125624656677246,7.683813896365432,0.75786406
62.899999994937374,3.1127142631178506,2.3311532060692057,26,9,0.7,94,17,200,38,3.249880075454712,7.723382982047582,0.9966894
62.94999999476566,2.427522303982697,2.205301106847412,29,10,0.7,103,16,200,38,3.1207162141799927,8.017602191098163,1.119761
62.99999999459395,2.92786434247268,2.455071345545853,32,11,0.9,104,18,213,39,3.0142417550086975,7.982593558027062,1.0488778
63.04999999442224,2.964755954491634,2.3048597602881484,33,12,0.8,100,17,214,40,3.134107291698456,7.875114396901548,0.9624563
63.099999994250524,3.2031922355903997,2.647032115979682,25,8,0.6,93,17,193,40,3.1391888856887817,8.281560463531648,1.2357094
63.14999999407881,3.5032904049287206,2.954825770905111,25,9,0.8,98,15,197,39,3.254092037677765,8.719461719630743,1.0078462
63.1999999939071,3.260563056392483,2.94347505791416,28,8,0.7,92,14,203,38,2.963564693927765,8.907604876952524,1.0672762
63.249999993735386,3.9787781410865493,3.081470022314747,30,10,0.8,96,16,192,36,3.12375545501709,8.621487176548568,0.9418826
63.299999993563674,3.834070645803445,3.2332600087468477,24,8,0.7,90,15,196,37,3.2594069838523865,8.39492965750467,1.2608256
63.34999999339196,3.6730307652165366,3.131842124898208,24,9,0.8,89,17,197,39,3.18439781665802,8.787536865596719,1.2019073
63.39999999322025,2.668604475686597,2.261014897136269,28,9,0.7,100,17,214,39,3.3526763319969177,8.910097266658576,1.1009042
63.449999993048536,2.8912790814449707,2.5962898883639274,25,8,0.6,101,19,213,41,3.156667649745941,9.0204564787686,1.0507407
63.49999999287682,2.443157070714129,1.948514665996416,35,10,0.7,101,15,203,40,3.1681308150291443,7.564292028807236,0.966462
63.54999999270511,3.611100010456041,3.24483109887161,31,11,0.9,100,15,197,39,3.2223504781723022,8.350819043504432,0.99157315
63.5999999925334,3.5331676011710296,3.133792131470633,31,10,0.8,98,16,194,40,3.178546726703644,7.565632440150578,1.0804713
63.649999992361685,2.9593506486791465,2.4500998415831297,26,10,0.8,101,18,199,40,3.3049753308296204,7.504811496390795,0.95198596
63.69999999218997,3.085207570639948,2.6101224528324796,20,9,0.7,92,16,184,37,3.1252551078796387,7.189876717585273,1.2357621
63.74999999201826,3.9732369272103742,3.285102855354953,20,8,0.7,86,15,180,35,3.2833975553512573,7.554555598990795,1.3135215
63.79999999184655,4.102297276039076,3.0995923477732727,30,10,0.9,104,19,210,41,3.1175482273101807,6.870092672565491,0.9760092
63.849999991674835,4.576654640543988,3.781359389795998,27,10,0.8,98,18,195,40,3.1032806634902954,7.417012173281865,0.8355761
63.89999999150312,4.129867324803645,3.335294921550958,19,8,0.7,96,17,196,40,3.371770679950714,7.475805271882203,1.0907581
63.94999999133141,3.6906637405979703,2.925106801055209,27,9,0.8,90,14,195,39,3.1625741720199585,7.197913412242247,1.1484818
63.9999999911597,4.080755765733596,3.15564073319707,23,7,0.6,95,16,194,37,3.25986385345459,6.499519274977601,1.0193076
64.04999999098798,4.029936309096074,3.187081228821725,21,8,0.6,99,17,197,39,3.1877347826957703,6.748194010036626,1.0014508
64.09999999081627,4.5060784458201635,3.32985004347502,33,9,0.8,98,18,200,39,3.2124528288841248,6.297662530252861,0.80819464
64.14999999064456,3.665772052639195,2.837988542630101,19,6,0.5,89,15,184,37,3.170008659362793,6.598475604666056,1.1396992
64.19999999047285,3.4954932170975317,2.9415627604153287,25,9,0.7,95,16,192,40,3.1397664546966553,6.02270569160984,1.2439932
64.24999999030113,3.7805019652797,3.073222615348877,22,7,0.6,92,16,187,38,3.2361021637916565,6.623406014981281,1.282712
64.29999999012942,4.373916230582088,3.247317030464025,29,8,0.7,97,17,200,41,3.0176061391830444,6.42796294431645,1.1464249
64.34999998995771,4.165858490062648,3.2142349619447295,26,8,0.7,92,16,194,36,3.2129359245300293,6.189049580969419,1.1610857
64.399999989786,4.658160631485137,3.312703962643516,24,9,0.8,92,16,193,39,3.2035526633262634,6.420937478357134,1.0913076
64.44999998961428,3.788820988525332,2.877949489708942,18,8,0.7,92,15,199,40,3.2982146739959717,6.0104882355962275,1.104275
64.49999998944257,3.8538982819888803,3.5042423861201453,21,7,0.7,96,18,206,40,3.1091341376304626,7.175511823690313,1.0464629
64.54999998927086,3.9595096823220706,3.264189496806268,20,8,0.7,91,17,187,40,3.150896430015564,6.14727788613755,1.1388235
64.59999998909915,4.156713090820843,3.2612170156532834,23,8,0.6,88,16,185,33,3.147774636745453,7.189116581640755,1.2629416
64.64999998892743,4.430238671024655,3.458507875326439,24,8,0.7,97,19,207,42,3.0855411291122437,6.7276847553739305,1.0555714
64.69999998875572,3.859883761194416,3.3939501988195397,22,8,0.8,91,16,200,40,3.2363760471343994,6.846136224004606,1.124869
64.74999998858401,4.117264529249114,3.2307956950607597,26,8,0.7,96,17,206,41,3.2981514930725098,6.076298606368651,1.0392144
64.7999999884123,4.350816188146764,3.5229190606937704,24,9,0.8,96,17,195,40,3.108283281326294,5.283909094172667,1.0700526
64.84999998824058,3.874766076137028,3.2215375279527256,25,7,0.6,88,17,200,40,3.1466934084892273,5.970777038918547,1.2183394
64.89999998806887,3.696547277744715,3.160985877641442,21,8,0.7,94,16,199,39,3.229815363883972,5.982215217622011,1.0017016
64.94999998789716,4.2945234097706795,3.5848870358843388,16,6,0.4,93,16,191,37,3.2744356989860535,6.949254700601752,1.1988877
64.99999998772545,4.273822301835304,3.2959511625070324,28,8,0.8,92,15,192,39,3.2046273350715637,5.885988568511529,1.0202723
65.04999998755373,4.5359900656260255,3.505213859532082,23,7,0.6,91,16,194,39,3.260110914707184,6.557760943166215,1.2241352
65.09999998738202,4.070792788233326,3.1015008023710653,20,9,0.8,88,17,197,41,3.272078037261963,6.627849591908301,1.2722753
65.14999998721031,3.95361873592954,3.018633514580007,22,8,0.7,91,18,203,39,3.2167866826057434,6.329180972195907,1.245318
65.1999999870386,4.071143927799473,3.0593858638682643,26,9,0.8,95,19,208,40,3.1074687838554382,6.090822561823872,1.2121903
65.24999998686688,3.853796568056151,3.0040009559343774,20,9,0.7,85,15,192,38,3.1389659643173218,6.213658588454791,1.3312031
65.29999998669517,4.068412065060865,3.067438247733454,23,7,0.6,97,19,207,40,3.165803849697113,5.840919148444108,1.1281643
65.34999998652346,3.9447509915835437,3.083830710123019,31,9,0.8,98,18,205,40,2.9941365122795105,5.042315577422167,0.79964304
65.39999998635174,4.041523690827579,3.1601917273550932,24,9,0.7,102,15,198,42,2.963756024837494,5.520809903929953,0.98364246
65.44999998618003,4.076052460315724,2.9771677883232437,28,9,0.8,102,18,207,42,3.1197258830070496,5.1900129609378975,0.8133027
65.49999998600832,4.360748914291538,3.4375400792800663,19,7,0.6,100,16,190,39,3.2547807693481445,6.171508650493616,1.0918663
65.5499999858366,3.9253963676788404,3.1105579048351184,23,9,0.8,94,16,181,36,3.353479504585266,5.604989506555462,1.2526056
65.5999999856649,5.155345372498697,3.7321821795218506,23,8,0.6,99,17,189,44,3.3253109455108643,4.872103484813621,0.9804193
65.64999998549318,4.589331011909709,3.211470005392555,23,7,0.6,92,15,190,39,3.1783708930015564,5.082371472679101,1.0741253
65.69999998532147,3.92336472249768,3.127556141850528,23,8,0.7,92,16,191,37,3.2849380373954773,5.9145381077031,1.1173539
65.74999998514976,4.0941302241557755,3.1892332339150475,22,8,0.7,95,18,193,39,3.3251625299453735,6.093766438833432,1.0858225
65.79999998497804,3.839342687865081,2.9850817490320427,25,8,0.8,98,16,209,40,3.163728415966034,5.817847175030275,1.1092359
65.84999998480633,4.459504669653844,3.4811391656263253,14,5,0.5,91,15,189,39,3.425033986568451,5.704812362076721,1.2104661
65.89999998463462,4.3726728451050665,3.3628562998998337,23,9,0.8,93,17,193,41,3.0497705936431885,5.627288605413838,1.0905713
65.9499999844629,3.660993185298863,2.7146773812430904,24,8,0.7,99,16,204,38,2.9904043674468994,5.479327287450486,1.064298
65.9999999842912,4.007483104403205,3.143743909321739,23,7,0.6,98,15,179,36,3.253486752510071,5.930155818114589,1.181974
66.04999998411948,4.050003803911036,3.0523222436608743,17,7,0.5,88,14,181,38,3.231571912765503,6.147040631843996,1.2217757
66.09999998394777,4.355345826145516,3.560018682476072,19,9,0.7,95,15,183,39,3.3784058690071106,6.686913210192618,1.1306696
66.14999998377606,3.825307735256054,2.9921412666579537,29,10,0.8,105,15,197,38,3.3252233266830444,6.076141499113472,0.8775676
66.19999998360434,4.075013009657138,3.1037900990548577,28,9,0.7,101,15,190,38,3.0085888504981995,6.342488088194731,1.0400021
66.24999998343263,4.007813058421991,3.2071779745225895,25,9,0.7,101,16,202,41,3.0223068594932556,6.775945017846361,0.96963847
66.29999998326092,4.303939175053813,3.504986262995446,16,9,0.7,85,15,184,40,3.2089585065841675,6.397341626376987,1.2384337
66.3499999830892,4.396753015145402,3.193232077759503,27,9,0.7,102,16,189,37,3.1591853499412537,6.356151617592021,1.007796
66.39999998291749,4.412398692571514,3.301785682398099,24,11,0.8,102,16,195,40,3.2088062167167664,6.394623737820897,1.1514194
66.44999998274578,4.129680668049509,3.2145315030713224,26,9,0.7,101,17,187,39,3.0746176838874817,6.1215866204285785,1.0988642
66.49999998257407,4.842832700312942,4.110846196852945,18,7,0.6,95,16,181,38,3.304801285266876,6.519545970811311,1.2792894
66.54999998240235,4.087300148814108,3.056420620078944,25,8,0.7,98,17,190,37,3.1840837001800537,6.914089534880423,1.234923
66.59999998223064,4.208146393258208,3.318738926269429,22,8,0.7,89,15,178,36,3.2498645782470703,6.794457118954762,1.3338517
66.64999998205893,4.413771440380101,3.201924298214311,24,9,0.8,92,15,190,38,3.2032471895217896,6.735540286600754,1.2274687
66.69999998188722,4.6462734659855744,3.3630132701531124,22,10,0.8,93,16,190,40,3.1883159279823303,6.689803336443312,1.1257782
66.7499999817155,4.359329001742934,3.4716158573718188,25,8,0.6,93,16,184,36,3.219345808029175,5.6575198748520705,1.139178
66.79999998154379,4.364514351441214,3.4319636795504467,25,9,0.7,98,16,203,41,3.106546998023987,5.785195142277688,1.0148184
66.84999998137208,4.366840784748508,3.196683703886045,34,9,0.8,105,17,197,42,3.200038969516754,5.96339334215374,0.95567065
66.89999998120037,3.952540124827197,3.0055528180839057,26,8,0.7,96,17,189,39,3.126945197582245,6.050989457063931,1.0517501
66.94999998102865,3.9863821685342584,3.217882873578578,21,9,0.8,91,14,179,37,3.0251464247703552,6.223046349818926,1.3079978
66.99999998085694,3.823811560091584,3.0707156804691813,22,9,0.7,95,16,184,38,3.195429742336273,5.773986592293232,1.1248379
67.04999998068523,4.283528788819343,3.595472360440138,23,7,0.7,97,17,191,36,3.1796467304229736,6.7226882771909136,1.2025588
67.09999998051352,4.191976594645746,3.2789432264102776,22,9,0.7,95,16,200,40,3.131667673587799,5.7536969033851015,1.0343893
67.1499999803418,4.296013795633675,3.262791699816247,21,7,0.6,94,16,195,40,3.175390064716339,6.58376793299686,1.3697408
67.19999998017009,4.998664181407977,3.7613755295830904,22,8,0.7,96,17,199,42,3.3981582522392273,6.5480610058711175,1.2532187
67.24999997999838,4.832081042047318,3.7049110074044904,22,8,0.6,90,14,187,37,3.15498948097229,5.824884374076316,1.1576796
67.29999997982667,4.617827090911246,3.0132604572101207,37,10,0.8,101,17,206,39,3.1628137826919556,4.824695839731801,0.8930714
67.34999997965495,4.953751250315654,4.0337218070496705,25,9,0.7,99,17,195,42,3.0844756960868835,4.583607898633986,0.9686298
67.39999997948324,4.703576144724122,3.5692410076754677,25,9,0.7,99,17,189,40,3.226611614227295,4.503701124230979,0.9303894
67.44999997931153,4.847998531481512,3.739079866316625,24,10,0.8,98,16,193,40,2.9741132259368896,4.907647167085019,0.97612655
67.49999997913982,3.796340172695056,2.83671709103819,34,10,0.8,104,17,202,40,3.003028929233551,5.793758288796065,0.8878786
67.5499999789681,4.69960002737608,3.439491840414875,27,9,0.7,96,16,197,40,3.238687217235565,6.324702247128027,1.1045465
67.59999997879639,4.292368634634967,3.309032941451563,26,9,0.8,102,16,196,36,3.2727432250976562,5.66107500176563,0.9842585
67.64999997862468,4.4524478753616865,3.0780793435137492,29,10,0.8,104,16,201,40,3.164784610271454,5.816953782892602,0.9905584
67.69999997845296,4.100903507258758,3.0370390649896803,24,10,0.8,103,16,199,38,3.080240786075592,5.714892510082699,0.86170226
67.74999997828125,4.109606208047776,3.3361794353491767,25,8,0.6,98,16,185,39,3.143833875656128,6.879791293270969,1.0024288
67.79999997810954,4.033109692346753,3.1132663265879597,23,8,0.7,101,18,191,41,3.1511190533638,5.666415008923744,1.0931301
67.84999997793783,4.309767072398078,3.2445801854782723,24,9,0.6,107,18,203,39,2.8665509819984436,5.501715162244425,0.92901444
67.89999997776611,4.395928030434806,3.179629936915405,29,8,0.6,100,16,205,41,3.3080729842185974,5.4242608221535615,0.87076277
67.9499999775944,4.395688727465126,3.065404695414408,26,11,0.8,99,16,199,41,2.986477017402649,5.83854959037299,0.92469275
67.99999997742269,4.712441731593891,3.2555750178812404,27,9,0.7,101,17,194,43,3.157430589199066,5.396256180048944,0.9522301
68.04999997725098,5.0482476096846405,3.6186183085312233,26,10,0.8,94,16,199,41,3.0552491545677185,6.173113384899018,1.0709927
68.09999997707926,4.362105298892879,3.0452316896059943,22,9,0.7,97,15,190,39,3.092913031578064,6.154284205523997,0.98385227
68.14999997690755,4.609974535688774,3.571994709083695,18,11,0.8,98,16,179,38,3.1390663981437683,6.893007040952357,1.2052104
68.19999997673584,4.743283107599834,3.639980594282846,22,8,0.6,89,17,190,41,2.9669833183288574,6.83122003239367,1.0639336
68.24999997656413,4.573288410109552,3.343934094723167,23,9,0.7,100,18,186,38,3.3635497093200684,6.359339160328599,1.1683185
68.29999997639241,4.592449644427672,3.5675225406303985,21,8,0.6,101,18,187,36,3.108994960784912,6.78305473722598,1.1185298
68.3499999762207,4.245906353493709,3.0550702932514855,28,11,0.8,106,16,208,39,3.2068458199501038,5.7719243370276985,0.87284863
68.39999997604899,4.781249530016442,3.361803904119342,31,11,0.8,102,16,208,42,3.334454894065857,5.687695168239344,0.85805607
68.44999997587728,4.412827044773804,3.160091843738951,27,9,0.7,104,15,210,41,2.9429039359092712,5.596129899647035,0.9195026
68.49999997570556,4.484970661055322,3.2704231079699815,27,9,0.7,103,14,207,41,3.019951283931732,5.889208041044052,0.83563983
68.54999997553385,3.8889202548858544,2.6612583026938608,23,9,0.7,109,20,202,37,2.9179078340530396,4.768635114514952,1.0266335
68.59999997536214,4.0684526940811985,2.88537696302553,28,10,0.7,110,19,211,40,3.222336173057556,5.0882061185529,0.83512104
68.64999997519043,3.5346503760634054,2.284671785749021,28,8,0.5,100,17,219,39,3.1955552101135254,4.895559350791379,0.9932832
68.69999997501871,4.104275273945007,2.7949651018019637,26,11,0.8,109,18,211,40,3.027869164943695,5.533509739395175,0.89549124
68.749999974847,4.189207404335252,3.160255228559792,27,11,0.8,103,17,200,38,3.0295366048812866,5.87658742366977,0.75887114
68.79999997467529,4.294457176815701,3.1380597235877543,27,9,0.5,104,15,209,39,3.378388285636902,5.075002096339576,0.8354513
68.84999997450358,4.0216630668113345,3.0580157928529528,22,8,0.6,99,15,189,39,3.1767570972442627,6.880143208051619,0.9436493
68.89999997433186,4.018605879524758,2.6987736991914306,21,8,0.6,95,15,195,37,3.230714499950409,6.443638120956514,1.0369451
68.94999997416015,3.66801964007704,2.6532178072601793,23,9,0.7,97,15,191,39,3.3443889021873474,6.193226097789335,1.1163722
68.99999997398844,4.2314348785946025,2.926752553304323,29,10,0.8,97,16,191,35,3.0328944325447083,5.862748641847499,0.86813843
69.04999997381672,3.86956075526298,2.795028831985969,31,9,0.7,101,16,202,36,3.0142056941986084,5.905350534595373,1.0249785
69.09999997364501,3.6692213459661396,2.469518630640899,23,9,0.6,103,16,208,38,3.2468512654304504,5.836732327650722,0.8375895
69.1499999734733,4.888513008595318,3.3949508837797433,27,10,0.7,101,16,197,40,2.957305908203125,6.301298505096193,0.8907099
69.19999997330159,4.355339910968502,3.029178233216201,25,9,0.7,98,16,181,40,2.9946237802505493,6.787991669618254,0.99814665
69.24999997312987,4.31567579078258,2.8928803222256496,23,8,0.5,97,16,196,37,3.074425458908081,5.821701133647226,0.9822708
69.29999997295816,4.381403968968859,2.964791714719168,32,10,0.8,102,14,200,38,3.0974605679512024,5.620526872906568,0.9229238
69.34999997278645,4.474857260825818,3.039001357319809,19,9,0.7,97,16,189,38,3.084128499031067,6.070142949958894,0.9913456
69.39999997261474,4.724007518291513,3.1076089922394594,20,9,0.7,83,15,193,40,3.2833120226860046,5.702474128945445,1.385551
69.44999997244302,4.377053949560393,3.1707722044405213,21,10,0.8,100,17,184,39,2.9610097408294678,6.262488147334038,0.97852653
69.49999997227131,4.531358321113891,3.390932927509729,18,7,0.6,89,15,190,39,3.2510465383529663,6.3841973600968505,1.2474856
69.5499999720996,4.732496593422162,3.4557245709409785,33,12,0.8,106,16,218,43,3.1097114086151123,6.067416908030774,0.92644596
69.59999997192789,4.567408333738345,3.1163834001671464,28,9,0.7,104,18,210,39,3.123612403869629,5.602387976882515,0.83459866
69.64999997175617,4.205923265920211,2.9282639538734996,31,11,0.8,111,17,216,42,3.164474666118622,6.153838465215484,0.82364273
69.69999997158446,4.386118658760346,3.208815026158698,22,10,0.8,100,19,201,42,3.082714080810547,6.603148358347122,0.9796043
69.74999997141275,4.391853388029566,3.0107087125501364,23,10,0.8,100,16,197,41,3.0465075373649597,6.739949577347959,0.88921314
69.79999997124104,4.530747520134138,3.4243449034062143,23,9,0.7,92,15,194,39,3.220973014831543,6.783947923290743,1.0767405
69.84999997106932,4.907672440830028,3.5030430273108064,27,11,0.8,97,19,207,43,3.1129515171051025,5.42014981479328,0.9403869
69.89999997089761,4.780279869090091,3.3638423545544764,27,9,0.7,100,18,188,35,3.278525173664093,6.380495226878544,0.9191005
69.9499999707259,4.75514341335069,3.28205063950664,15,7,0.6,89,19,196,37,3.337690234184265,6.824186712169311,1.1308134
69.99999997055419,4.754677183317459,3.286429705968063,16,8,0.7,93,16,194,38,3.112320601940155,6.344980241062972,1.1008108
70.04999997038247,4.545375319555324,3.128215782934871,22,9,0.8,93,15,189,37,3.169546127319336,5.459738863488148,1.0148983
70.09999997021076,4.315599044409283,2.956833459705932,25,9,0.8,96,17,188,38,3.1199562549591064,6.369167776487448,1.0444348
70.14999997003905,4.323360572732858,3.1128786547281977,19,7,0.6,90,14,180,38,3.2305943965911865,6.438389654041927,1.1678492
70.19999996986733,4.617675932440032,3.231170174256884,26,12,0.8,95,15,208,41,3.132350444793701,4.740103591533655,1.086652
70.24999996969562,4.19742629141179,2.8420479954436,27,9,0.8,99,15,214,39,3.174542188644409,4.876782747303832,1.0280912
70.29999996952391,4.845013042672019,3.310465669886076,26,10,0.8,97,17,198,41,3.089538812637329,6.1275519273689305,1.0933018
70.3499999693522,4.426843627459898,3.107416859523874,23,9,0.6,102,17,211,43,3.169211745262146,5.772040962464162,0.9959048
70.39999996918048,4.592700035609503,3.4173779855461857,27,11,0.8,97,16,201,43,3.017483949661255,5.1409068727106355,1.0867453
70.44999996900877,4.324175827539534,3.4934542374614566,25,10,0.8,100,16,199,38,2.8871408104896545,6.10379862685047,1.0493855
70.49999996883706,4.782826137347936,3.8918229591695996,25,9,0.7,104,20,198,39,3.0459335446357727,6.504518988117169,1.0996906
70.54999996866535,4.9169745767130975,3.8551385808735805,19,9,0.7,100,17,193,40,3.27097088098526,6.895326941879736,1.2105498
70.59999996849363,4.906000868541083,3.7740215030176345,21,10,0.8,99,17,196,39,3.063383996486664,6.576006548806781,1.107275
70.64999996832192,5.727064692630294,4.234553414043971,29,9,0.7,97,18,200,42,3.1967300176620483,6.982710398792156,0.84284294
70.69999996815021,5.209168234013496,3.921014373241534,24,9,0.7,101,18,198,42,2.992248237133026,7.1067765106283876,0.9568872
70.7499999679785,3.945422009067892,2.932932056284698,28,10,0.8,101,17,193,41,3.087155818939209,6.314751601518944,1.0363882
70.79999996780678,4.463118073120185,3.496911306690386,24,10,0.8,93,16,188,40,3.304356634616852,6.498739799163209,1.2228171
70.84999996763507,4.581528831639027,3.4943304642771125,27,10,0.8,106,16,185,39,3.12483012676239,7.735787696843657,0.9451649
70.89999996746336,3.905611087249631,3.120281369112685,28,10,0.8,93,14,197,38,3.1993892788887024,7.03334312509539,1.0838916
70.94999996729165,4.092557954212934,3.1121186248125072,29,11,0.9,94,14,199,39,3.0692842602729797,6.711609013259494,1.2282841
70.99999996711993,3.878574351334117,3.043787535468483,21,10,0.8,93,15,185,35,2.9755863547325134,6.520878350760473,1.1862289
71.04999996694822,4.141991756782903,3.1415349056214033,28,9,0.8,101,17,204,41,3.015020489692688,6.730881314457955,1.0781186
71.09999996677651,4.45638660261975,3.4728652801282918,27,10,0.8,97,16,201,42,3.18560391664505,6.526673641012541,0.9585966
71.1499999666048,5.436530499665038,4.366211938470831,24,10,0.8,92,15,197,42,3.157702386379242,6.998680729988118,1.1636553
71.19999996643308,3.8794131990833853,3.1376476601986996,29,10,0.8,98,15,191,38,3.180486559867859,5.60158347240999,0.893047
71.24999996626137,3.64776323573091,3.0511222250257126,25,8,0.7,89,15,194,38,3.200957477092743,6.6610542752236945,1.2056463
71.29999996608966,3.9017220157533936,3.07329326432432,25,10,0.8,99,15,185,36,3.0818307399749756,6.745897970882675,1.0394003
71.34999996591795,3.8711483553325565,3.0298577215227143,31,10,0.9,102,17,197,39,3.2230809330940247,6.329033341370174,0.9083224
71.39999996574623,4.131903470178472,3.2097508675563153,23,8,0.7,96,17,199,41,3.128826320171356,7.168726329590012,1.0624018
71.44999996557452,4.166708293541212,3.1140647506919477,28,11,0.9,97,16,195,36,3.148805797100067,6.676859635164583,1.0366875
71.49999996540281,4.357281163954942,3.4110611562593767,26,10,0.8,103,17,189,40,3.040875494480133,5.993139084976971,1.0418835
71.5499999652311,4.646258630838278,3.561654393015297,22,8,0.7,91,15,187,40,3.2566678524017334,6.629035216788202,1.140476
71.59999996505938,4.965774898784413,4.205089472473405,25,8,0.7,97,18,197,42,3.245525360107422,7.369917481328567,1.0189334
71.64999996488767,4.706878013133807,3.961142547842394,25,9,0.8,98,17,198,41,3.1005170941352844,7.304923343671588,1.162016
71.69999996471596,4.458908327795977,3.450675897208289,32,10,0.8,97,16,204,41,3.1741470098495483,7.469659035880909,0.98562264
71.74999996454424,3.9733298431964856,3.0718284454782108,32,9,0.8,100,17,203,39,3.1779977679252625,7.089575301950974,1.0439847
71.79999996437253,4.03076986922758,2.9866186527210568,27,10,0.8,107,17,210,41,3.1931769847869873,6.49044858990214,0.7998805
71.84999996420082,4.4034837308484445,3.5834412961588313,28,9,0.7,95,17,203,38,3.094375729560852,7.895114748746366,0.93054605
71.8999999640291,4.51378876493459,3.5872699371326005,30,10,0.8,101,19,203,42,3.2245272397994995,7.267990862348137,0.8384494
71.9499999638574,4.281344355825193,3.6624063860911775,34,10,0.8,104,16,218,42,3.130260407924652,7.595093064872556,0.80792224
71.99999996368568,4.081617031608866,3.0778759731729313,33,11,0.9,106,19,212,41,3.105528950691223,7.553683924893404,0.6517309
72.04999996351397,4.145322736856195,3.4082994613690842,26,9,0.8,104,18,215,40,3.2912909984588623,7.816661280065231,0.8775233
72.09999996334226,3.8701351180394217,3.131253167260729,27,10,0.8,100,15,178,35,3.247250020503998,7.003392922757783,0.9761731
72.14999996317054,3.7036731365924265,2.8511932234589157,24,10,0.9,97,14,191,40,2.9329055547714233,6.544764896760666,1.0167046
72.19999996299883,4.044310106656328,3.1925396038760177,29,10,0.8,95,16,194,40,3.243965208530426,6.857223890717448,0.9266653
72.24999996282712,4.406510076754458,3.2900874242345313,28,11,0.9,97,16,192,36,3.045295774936676,6.869336678911964,0.928856
72.2999999626554,4.766638194449342,3.66555290360182,27,8,0.6,94,19,204,42,3.0378445982933044,6.754900684968277,0.9224957
72.3499999624837,4.5940992517702135,3.6221027099223937,31,10,0.8,100,16,193,42,2.9855376482009888,6.774309717207672,0.81983316
72.39999996231198,4.277232636768669,3.1284774639891078,22,9,0.7,98,16,197,39,3.158555328845978,6.145314234695922,0.9364959
72.44999996214027,5.009500242979642,4.040713690655946,27,9,0.7,94,18,191,40,2.9654908180236816,6.953278671875269,0.9137196
72.49999996196856,3.9574087846810353,2.917075291862212,29,11,0.9,99,17,190,40,2.8724518418312073,6.793889898571122,0.8116733
72.54999996179684,4.466177430199957,3.350995322060198,26,9,0.8,98,16,196,41,3.0038046836853027,6.762504406864167,0.9500772
72.59999996162513,4.431263392974589,3.2035220190283527,28,11,0.9,98,14,191,40,3.116753101348877,6.2008680078074985,0.82836235
72.64999996145342,3.8154170183422615,3.016544956709997,29,9,0.8,96,15,189,37,3.067416250705719,6.679913616739848,0.97691745
72.6999999612817,4.184793987871759,3.2165701734265486,29,10,0.8,97,16,196,40,3.0551180243492126,6.53118573557701,0.9323273
72.74999996110999,4.202704906487796,3.369773192028387,32,9,0.8,96,16,197,40,3.290671408176422,6.510816560414687,0.95492077
72.79999996093828,4.435366505701963,3.3379107050093637,26,8,0.6,98,18,193,39,3.1118044257164,6.655083472788563,1.0395422
72.84999996076657,3.9181238620223766,3.101092676788131,18,9,0.7,96,17,199,38,3.2302233576774597,6.862569435654544,1.0604775
72.89999996059485,3.934225483189711,3.1343394343043594,24,9,0.7,98,18,207,42,2.915179133415222,6.465186021935061,0.94048566
72.94999996042314,4.350731593246317,3.379688599995903,24,9,0.7,94,17,204,40,2.989334464073181,6.790974365528388,1.039069
72.99999996025143,4.440123862843334,3.491114709497736,20,7,0.5,98,16,202,42,3.1617936491966248,6.979603789365871,0.92416483
73.04999996007972,4.233651887364424,3.132044027901732,28,8,0.7,96,17,196,43,3.1376072764396667,6.232296688493326,0.99448735
73.099999959908,4.33382334864213,3.3624173377444415,28,9,0.8,95,17,201,41,3.3998382091522217,6.173235959234358,0.94832206
73.14999995973629,4.213639328324184,3.370076525193504,29,9,0.8,104,16,213,43,2.9747915267944336,6.809819972115179,0.8745097
73.19999995956458,4.325099301371157,3.268074597211785,27,9,0.8,98,15,194,43,3.134833872318268,5.849146217170897,0.8826109
73.24999995939287,4.057704987748546,3.1964039961404165,27,9,0.7,94,16,205,42,3.0662956833839417,5.834481001971055,0.8900919
73.29999995922115,4.365991156911744,3.5443508886257886,26,10,0.8,101,17,201,41,3.044959604740143,6.301422503927707,0.9739902
73.34999995904944,4.362181772008072,3.4588552215065915,27,8,0.7,103,17,208,43,3.298918902873993,6.433973454733595,0.8939233
73.39999995887773,4.445583928508676,3.5575181649621612,36,10,0.7,104,17,206,43,2.8864723443984985,5.367916440432756,0.7347925
73.44999995870602,4.144206742149119,3.17794489465139,27,11,0.8,98,17,193,41,3.0995211005210876,5.4399736767227935,0.90767115
73.4999999585343,4.14159510757184,3.43527315809049,27,9,0.7,93,15,190,40,3.1938937306404114,6.348269384877563,1.0233877
73.54999995836259,4.050178885400381,2.90996542123493,27,10,0.8,97,17,190,41,3.1044283509254456,5.326048562383328,0.9502315
73.59999995819088,4.2343872461548155,3.2055892705554747,31,9,0.8,96,16,199,41,2.9302015900611877,6.589107192886097,1.0162117
73.64999995801917,4.040717843055147,3.0809402846690315,28,8,0.6,99,15,189,37,2.9969263076782227,5.477360671125835,0.99214494
73.69999995784745,4.4598155188079485,3.497902647176761,26,8,0.8,93,17,203,42,3.2183530926704407,5.289642474401779,0.9103517
73.74999995767574,4.510962742804112,3.4817642384356007,30,9,0.8,93,18,196,41,3.022313416004181,6.38866979338192,0.97719926
73.79999995750403,4.365890719998476,3.15129649782752,32,9,0.8,95,17,206,38,3.268130123615265,5.124890696918651,0.9146687
73.84999995733232,4.889034297363709,3.747895116001985,33,9,0.7,99,15,199,42,3.136354088783264,4.985943630255578,0.8344493
73.8999999571606,4.391968132900382,3.341562970442644,22,8,0.7,89,15,191,40,3.264683485031128,5.527099118131806,1.0536097
73.94999995698889,4.0193969960913964,3.0139918983041927,25,9,0.8,90,14,193,38,3.0820506811141968,5.726421727084761,1.1310794
73.99999995681718,4.638101219126421,3.4097269821485736,31,10,0.8,96,17,200,40,3.268449902534485,5.324981864687439,0.93873996
74.04999995664546,4.70636242143989,3.678078955815935,27,9,0.8,88,15,194,44,3.2077863812446594,5.181893605258212,1.1259947
74.09999995647375,4.717751459469891,3.549547236407185,28,9,0.8,101,17,199,41,3.0500242114067078,5.889652294212402,0.8919239
74.14999995630204,4.93823602445169,3.589120265255989,24,8,0.7,100,17,202,43,3.1751763820648193,5.766497731336324,0.8823498
74.19999995613033,4.604472328454218,3.5862063936474224,27,11,0.8,102,19,213,42,3.008817434310913,5.466571699517777,0.9181307
74.24999995595861,4.8167817907126755,3.5129122764058813,26,8,0.6,103,20,218,43,3.0555862188339233,5.781026347342699,0.6132872
74.2999999557869,4.770111776958439,3.6216110124616447,26,10,0.8,106,15,201,40,3.0615344643592834,5.4868395282838645,0.7459099
74.34999995561519,4.799690897891463,3.629221137549829,27,9,0.8,95,17,202,40,3.2708171010017395,5.9319753827935,0.9573829
74.39999995544348,4.905726093794705,3.4668717332532824,30,10,0.9,97,16,205,42,3.2581162452697754,5.472615717459481,0.8061602
74.44999995527176,4.541447579489524,3.3746842518283455,32,10,0.9,98,16,209,42,3.026544451713562,5.2631399596660255,0.70064646
74.49999995510005,4.330339519821346,3.0544520295774613,27,11,0.9,102,19,214,41,3.1042608618736267,5.67481078522591,0.7323111
74.54999995492834,4.569582385665408,3.3537561596645835,31,10,0.9,101,17,201,40,3.2328030467033386,6.129670583571194,0.9153583
74.59999995475663,4.15691634034767,3.235418462261751,27,10,0.9,104,18,204,41,3.010265529155731,5.448026503546952,0.68514365
74.64999995458491,3.9744219167225587,2.98001416808051,28,8,0.7,100,16,196,35,3.186306655406952,6.417911851312992,0.8656476
74.6999999544132,4.303674480170991,3.3415691261687868,33,10,0.8,97,16,208,40,2.9213473200798035,6.048188064060129,0.7933825
74.74999995424149,4.109042289984126,3.2088079357204267,33,10,0.8,95,18,206,41,3.243754506111145,6.067036601091598,0.7268126
74.79999995406978,4.743410018475275,3.3976004655432144,29,7,0.6,97,17,205,45,3.140549957752228,5.338375724407571,0.878889
74.84999995389806,4.4881834214612475,3.3338150106257673,26,9,0.8,90,16,189,41,3.0368632078170776,6.001534364799621,1.2159045
74.89999995372635,4.846041054040359,3.5565080845406842,31,10,0.9,101,17,201,41,3.067348301410675,5.482042545232693,0.7219919
74.94999995355464,4.168189697299969,3.1025676392938415,34,11,0.8,108,17,199,40,3.056923747062683,6.103095115724981,0.65537167
74.99999995338293,4.915306008461195,3.8257004818374347,28,10,0.8,98,16,195,41,3.2163354754447937,6.004205714387414,0.93424207
75.04999995321121,4.604239533038131,3.5640867265196565,33,10,0.8,104,18,196,39,3.0500078201293945,5.71072950460251,0.79980695
75.0999999530395,4.652468594280889,3.602595015342559,33,11,0.8,100,16,199,42,2.9619455337524414,5.464158102241674,0.722365
75.14999995286779,4.630104960273544,3.7316699491405965,23,9,0.7,98,15,192,39,3.28772634267807,5.566100138342822,0.903169
75.19999995269607,4.856354510972632,3.6987203341875095,30,9,0.8,96,15,203,41,2.982509732246399,5.25855611312398,0.874738
75.24999995252436,3.854969329685854,2.709958542305184,40,11,0.8,107,18,215,43,3.088594377040863,5.349943216495721,0.6368409
75.29999995235265,4.817165612393669,3.9500607747740046,22,8,0.7,102,19,209,40,3.1057432293891907,5.758042399490462,0.9549282
75.34999995218094,4.162077363038407,3.2983085085295487,28,9,0.9,103,17,212,40,3.2008588314056396,4.793191033330597,0.8262378
75.39999995200922,3.550718411552167,3.040623480076672,23,6,0.6,94,16,197,41,3.0479857325553894,5.5132990925158065,0.94995916
75.44999995183751,3.666512582555339,2.8631087032637264,33,12,0.8,108,17,211,42,3.28027606010437,5.16598884296501,0.7082673
75.4999999516658,3.4422951134744464,2.6197863390601843,26,10,0.8,102,18,208,40,3.0909961462020874,5.709771672895139,0.86750996
75.54999995149409,3.8199715457809087,2.831256841535717,34,12,0.9,104,17,201,37,2.9231327772140503,4.6956893847700965,0.6086696
75.59999995132237,3.9954878613304907,3.176226194935693,35,11,0.9,96,14,198,38,2.9615414142608643,4.493573673213005,0.9383702
75.64999995115066,3.8119478457955958,3.2317027765452835,24,10,0.8,93,15,178,36,3.2748907804489136,4.8378537070748,1.0196865
75.69999995097895,4.062352622971043,3.4161938635888633,28,10,0.9,97,16,195,38,3.1648799777030945,4.420896109576251,0.90843815
75.74999995080724,4.371492340829596,3.471086045338059,24,10,0.8,98,16,182,37,3.201148211956024,4.528079203551636,0.98806596
75.79999995063552,4.4955221157348575,3.480542190176841,27,9,0.7,102,15,196,38,3.176894783973694,4.460411168345386,0.8960217
75.84999995046381,4.606491507402578,3.7264822082891413,27,8,0.7,97,16,188,38,3.202328681945801,4.44535622633226,0.8276485
75.8999999502921,4.232863682704963,3.2239257684796123,28,9,0.6,95,14,199,41,3.1486132740974426,3.7049365545570456,0.9458705
75.94999995012039,4.085267615271707,3.0780213716205846,34,12,0.8,109,16,211,41,3.131294846534729,3.702328855238175,0.78122556
75.99999994994867,4.486141356171897,3.2657685527244036,34,10,0.8,105,15,204,42,3.1355762481689453,4.715952523171323,0.72196484
76.04999994977696,3.8625670289673386,2.893123356747757,32,10,0.7,107,16,203,39,3.076448440551758,4.3203508417587955,0.66482383
76.09999994960525,3.8331496509854905,2.9919443991353067,31,10,0.7,105,16,200,40,3.262772262096405,4.774371887286861,0.77455103
76.14999994943354,3.864096750786194,3.0378968896588647,27,9,0.7,105,17,212,42,3.3359840512275696,4.002643618134698,0.7150657
76.19999994926182,4.770980710132896,3.804205403924449,30,9,0.7,98,17,204,41,3.0828776955604553,3.914125989649566,0.7247149
76.24999994909011,3.5877296160184837,2.8303766315143806,30,11,0.9,104,16,200,38,3.170756697654724,4.968338659620919,0.80057096
76.2999999489184,3.9207958857761587,3.21394812714628,27,9,0.8,95,17,200,40,3.175550699234009,5.014734053447123,0.8059937
76.34999994874669,4.171324969111266,3.4586096185009687,26,9,0.7,95,14,185,37,3.1613558530807495,4.999828906676713,0.85560334
76.39999994857497,3.6477661201910943,3.1201448595633168,34,11,0.9,99,16,197,38,3.2240089774131775,5.175606954952894,0.7800062
76.44999994840326,3.96639120417452,3.2284408405115084,22,9,0.7,92,14,181,40,3.079695403575897,5.602083755949847,1.1456016
76.49999994823155,4.676174836640071,3.5693374775604836,18,8,0.7,97,14,190,41,3.1383588910102844,4.890757460572468,1.2829903
76.54999994805983,4.091458823533055,3.419800626210266,16,8,0.6,90,15,185,38,3.235901892185211,5.852487033047229,1.203929
76.59999994788812,4.171163655208235,3.166148838716247,27,11,0.9,104,18,198,43,3.391468822956085,4.838499947286268,0.92211187
76.64999994771641,4.3346501542014035,3.336139875006745,25,9,0.7,102,17,190,41,3.094210922718048,4.824691803722905,0.90569746
76.6999999475447,4.138001780781605,3.2322119343660756,30,9,0.8,98,19,199,40,3.207654654979706,4.555560749946421,0.8848928
76.74999994737298,3.9057450019582656,3.145847428664254,25,8,0.7,94,13,183,38,3.076052665710449,5.22095883072736,1.164752
76.79999994720127,4.295532997772768,3.5281247535554225,23,9,0.8,93,17,195,42,3.4208545088768005,6.108883732612753,1.0939691
76.84999994702956,3.6309212818158714,2.815974771483445,30,8,0.7,94,14,193,38,3.2473883032798767,6.024143856106328,1.0518221
76.89999994685785,4.074913272101387,3.2032094850235504,25,9,0.8,95,17,201,40,3.001638650894165,5.8738410511772265,0.9402751
76.94999994668613,4.106182347517881,3.133552057743331,30,9,0.7,97,19,200,41,2.7632704377174377,5.387408758691379,0.9403974
76.99999994651442,4.443172105505616,3.184022390224721,26,10,0.8,95,16,188,37,3.2508862018585205,6.638356944423824,1.1484157
77.04999994634271,4.10375333294391,3.197849496795824,20,8,0.7,96,15,187,38,3.1142690777778625,6.03997789092924,1.11484
77.099999946171,4.217477893936707,3.532405083861874,17,8,0.6,99,17,187,37,3.4129226207733154,7.051794417334856,1.1552905
77.14999994599928,4.153654431136147,3.3989696421573323,23,10,0.8,101,15,193,40,3.1783655285835266,6.005791427540883,1.1091024
77.19999994582757,4.068047731548991,3.188643827128021,26,10,0.8,101,17,203,42,3.017258048057556,5.6161862484936,0.92084956
77.24999994565586,4.025007207373223,2.9812705984307835,37,12,0.9,107,19,214,41,3.3359816670417786,5.097100746829337,0.54940563
77.29999994548415,3.508897145751655,2.679795538886462,29,10,0.8,108,19,221,42,3.1001046299934387,5.5822937505885495,0.89025676
77.34999994531243,4.152181491936241,3.2706769208582678,24,10,0.9,105,18,209,43,3.0872589349746704,5.393731439526546,0.83182704
77.39999994514072,3.2478891621062376,2.533869491501976,34,11,0.8,109,18,218,42,3.2928913831710815,5.773457643224598,0.7691402
77.44999994496901,3.0595873372685762,2.443131424498679,24,10,0.8,102,19,207,41,3.266162872314453,5.786723598615406,1.0064607
77.4999999447973,3.438107450947701,2.5431975889305116,34,11,0.8,110,19,219,41,2.9812997579574585,5.779063074202808,0.6899983
77.54999994462558,3.2484528903176373,2.6395252475370476,29,10,0.8,107,18,219,41,2.994963526725769,6.51219056856486,0.87485015
77.59999994445387,3.7687967419133317,2.875283436603274,33,11,0.9,114,20,220,42,3.108440637588501,5.93705483675536,0.6915448
77.64999994428216,3.891785646521642,3.092768811545787,25,9,0.8,102,19,211,41,3.164827823638916,5.871794081946664,1.1365921
77.69999994411044,3.525521627244509,2.5177657998457796,34,11,0.8,97,18,211,40,3.167243003845215,5.353128168187968,0.96014977
77.74999994393873,3.90294967050802,3.0209202549842806,28,11,0.9,103,18,206,41,3.232228457927704,6.0977343012884955,0.8215423
77.79999994376702,3.402493534608588,2.655468445043019,26,8,0.7,101,19,214,38,3.1530115008354187,6.025264065467031,1.0048649
77.84999994359531,3.5279930297618556,3.0722943340547735,27,9,0.7,97,17,196,41,3.183090388774872,5.831457630995898,1.0387281
77.8999999434236,4.037826881476967,3.350370090669608,31,10,0.7,104,18,213,43,2.9766327142715454,5.494135634194839,0.88622826
77.94999994325188,3.718393521486625,2.811833634174649,36,12,0.9,107,19,204,38,3.008459210395813,5.4879467751614985,0.73428154
77.99999994308017,4.098297211450795,2.96290992249395,29,9,0.9,107,19,206,42,3.0251345038414,5.454947513991986,0.67365646
78.04999994290846,3.7974028181910717,3.071744597124387,21,8,0.7,102,17,205,40,3.0085349082946777,5.387074025584777,1.0111212
78.09999994273674,3.570857276697903,2.6890002879000225,30,9,0.8,103,19,212,41,3.1110748648643494,5.561205922266286,1.0021605
78.14999994256503,4.088672920754476,3.265257550040139,20,9,0.8,94,18,210,41,2.986575961112976,5.619836622957344,1.1699593
78.19999994239332,4.132638601161448,3.2653925178877525,29,10,0.8,97,18,210,41,3.1781142950057983,5.176397839237437,1.0967772
78.2499999422216,3.602162548447457,3.0815329387693136,30,11,0.9,100,17,204,40,3.02308589220047,5.971454171656845,0.9573595
78.2999999420499,3.9700385590637586,3.300985757800991,26,10,0.8,104,19,200,40,2.987282872200012,5.4752194062239035,0.76208276
78.34999994187818,3.91097101988373,3.0841775212962497,24,7,0.6,94,16,192,38,3.1218063831329346,5.125316227758185,0.9514826
78.39999994170647,3.5297429868128516,2.637308127127509,27,9,0.8,97,16,199,39,3.2187122106552124,6.062456173476001,0.97353286
78.44999994153476,4.194944907898587,3.168539398920409,28,9,0.7,99,18,204,41,3.1212958693504333,5.900529420509217,0.9962111
78.49999994136304,3.8671736875970892,3.0110479342220153,30,10,0.8,97,17,192,40,3.214239776134491,5.954318708119013,1.0100685
78.54999994119133,3.1702148720804417,2.336904958443803,26,8,0.6,93,15,200,37,3.078150153160095,6.429930342671568,0.99547863
78.59999994101962,2.6963883656606087,2.088841936146772,25,11,0.8,105,18,209,39,3.2412615418434143,6.046758966989474,1.0071228
78.6499999408479,3.3693604753802626,2.6612356284369305,21,9,0.7,96,17,207,39,3.236963450908661,6.59160179497837,1.0419157
78.6999999406762,3.506556068551377,2.857615153237267,25,9,0.7,98,17,190,39,3.0896103382110596,5.972402510585413,1.0386554
78.74999994050448,3.6893021705938405,2.7183003562097676,31,9,0.7,99,18,202,40,3.028881251811981,5.753635351364306,0.81442845
78.79999994033277,2.774430199883523,1.9531548905718956,29,9,0.7,109,20,212,42,3.042694926261902,6.664178694141736,1.0346857
78.84999994016106,3.0309569958027978,2.378303531208133,32,11,0.8,103,19,213,40,3.146974742412567,6.6394296400976405,0.90986884
78.89999993998934,3.586494908472801,2.8568829739950363,19,8,0.8,99,16,199,40,3.0094459652900696,7.468311233763574,1.167032
78.94999993981763,3.342222031296664,2.9969644260588577,25,8,0.6,97,16,192,38,2.9857078194618225,7.576849928399536,1.0306565
78.99999993964592,3.532896072721301,2.6698103715399224,26,8,0.7,100,17,201,38,3.0748143792152405,7.5758245548240755,1.0664392
79.0499999394742,3.0794543857700702,2.4877036617522923,29,7,0.7,107,18,203,39,3.261173665523529,7.21815547169137,0.85568607
79.09999993930249,3.5490043396242745,2.807095469272376,28,10,0.8,99,16,191,39,3.3115723729133606,7.267937878759714,0.8289756
79.14999993913078,3.876399445312222,3.2972530296688425,30,10,0.8,100,16,203,39,3.1319257616996765,7.525416657988577,0.91612184
79.19999993895907,3.497692778124071,2.9479025289797542,27,10,0.8,92,14,175,36,3.15777987241745,7.3137838865027405,1.0266439
79.24999993878735,3.8321334378454015,3.201851924982258,27,11,0.9,105,19,194,37,3.31982284784317,7.4393752710959316,1.0847551
79.29999993861564,3.8440189389148767,2.9821590632457,23,7,0.5,99,16,193,37,3.228243589401245,8.197389092738767,1.0858904
79.34999993844393,3.5900483860242223,2.8814791339888335,29,11,0.8,101,17,192,40,3.2198187708854675,6.742901845608538,0.9714187
79.39999993827222,3.3819510993033615,2.7130967626689118,25,9,0.8,101,18,201,38,3.1035497784614563,7.9602403799502675,1.0384501
79.4499999381005,3.6736341947549205,2.89279072108212,24,8,0.8,102,18,198,38,3.1605324149131775,7.36979161833534,1.0563395
79.49999993792879,4.2843005158959935,3.339798625949993,21,6,0.6,97,16,201,38,3.072771430015564,7.206549086841916,1.1239656
79.54999993775708,4.365967314307035,3.541210398271563,22,9,0.7,104,17,202,38,3.4318897128105164,7.877543530850133,0.91861176
79.59999993758537,3.668632173424697,2.919454081361738,25,9,0.8,96,16,194,37,3.297262191772461,7.125775500140552,1.0766561
79.64999993741365,3.369213346969904,2.4415976793622787,26,10,0.8,103,19,203,40,3.259291350841522,6.31954840949688,0.9733156
79.69999993724194,3.3278456422190708,2.578169296303291,30,9,0.8,101,17,186,36,3.18508118391037,6.243230645298281,1.0673308
79.74999993707023,3.6296012958704607,2.9316196106291876,29,10,0.8,104,16,194,36,3.3047914505004883,7.5261510466090975,0.9352914
79.79999993689852,3.8442778065670558,2.881078655303972,33,11,0.8,100,16,185,34,3.1041795015335083,6.359786895975317,0.95122933
79.8499999367268,3.6876873994432118,2.7758816556569457,28,9,0.7,95,18,195,39,3.2308676838874817,6.412203630278217,1.2312646
79.89999993655509,3.533794002681609,2.8070206859114126,31,9,0.7,101,18,198,40,2.944616377353668,5.9376847257654575,1.111163
79.94999993638338,3.4655839383533733,2.9266996196928243,23,9,0.8,100,17,202,38,3.2561999559402466,5.992095260662751,1.0856421
79.99999993621167,3.060586024389969,2.446743511241048,33,10,0.8,103,20,200,39,3.206833600997925,5.552076258902874,1.0703076
80.04999993603995,3.4367928974601964,2.780574771104298,22,11,0.8,99,21,191,40,3.0670925974845886,5.432085656664718,1.3166659
80.09999993586824,3.328279353839258,2.803357371222356,26,8,0.8,98,17,202,39,3.0262985825538635,5.4313636392128295,1.0375814
80.14999993569653,3.6496871226460534,2.992399395318369,29,10,0.9,104,19,210,42,3.3757367730140686,5.470709982982971,0.953438
80.19999993552481,3.384448027191698,2.8549863302279785,24,10,0.8,107,20,208,39,3.0976319313049316,5.939103984436462,1.0851828
80.2499999353531,3.0999610148321723,2.6975126020217073,31,10,0.8,101,19,205,38,3.2084739208221436,5.172533230766501,0.8996121
80.29999993518139,3.0593194593574102,2.4533872535964902,36,11,0.8,107,19,198,40,2.9927369952201843,5.105089730224401,0.9179573
80.34999993500968,3.1892942962867465,2.6276057094303615,31,9,0.7,103,18,213,39,3.1284675002098083,5.000222105958478,1.0307658
80.39999993483796,3.4050916072632376,2.7919137104888527,24,9,0.7,99,18,206,41,3.123255968093872,5.395703641098786,1.0678205
80.44999993466625,3.6513626920823072,3.3784456757485684,18,6,0.6,98,19,204,39,3.2384321093559265,5.607751060118158,1.1535395
80.49999993449454,3.5659404727253707,2.681218448974457,36,12,0.9,108,20,212,40,2.9202845692634583,4.843104405406429,0.8154873
80.54999993432283,3.2191776836013615,2.9944094707295217,23,7,0.6,107,20,206,38,3.300464451313019,5.993611178382983,1.1216255
80.59999993415111,3.306638652596128,2.8842597994189596,26,9,0.7,94,15,195,37,3.1937256455421448,5.552798243071244,1.3081048
80.6499999339794,3.2655440606126325,2.595137386439252,31,12,0.8,102,17,193,37,3.370225727558136,5.5159493054825415,1.050258
80.69999993380769,3.2572124151022837,2.459536162850166,31,11,0.8,104,18,208,38,3.138493597507477,4.95146204041041,0.9582462
80.74999993363598,3.4128013204170227,2.9686387120535525,23,9,0.7,99,17,205,42,2.96743243932724,5.028109598572925,0.83662826
80.79999993346426,3.0773610920318886,2.8594627818596874,28,9,0.8,101,18,206,37,2.9888010025024414,5.068651811290605,0.8980394
80.84999993329255,4.136477690805951,3.993994010174612,24,6,0.5,102,19,213,39,3.136356472969055,5.212782603130677,1.1882622
80.89999993312084,3.74873433950939,3.185691832931429,32,10,0.9,99,16,206,38,3.0168145895004272,6.063910679532718,1.0710038
80.94999993294913,2.8738359984355926,2.480287532547845,31,9,0.7,106,20,208,37,3.373054563999176,6.040821722106129,1.1010787
80.99999993277741,3.163668827789347,2.7547184874756048,29,10,0.7,103,16,208,41,3.0559709668159485,5.34150552237957,1.0204364
81.0499999326057,3.3427696317187228,2.914316182594983,27,8,0.8,103,18,210,40,3.1725171208381653,5.847261381471469,1.0752128
81.09999993243399,3.2951604613774332,3.0273982971119917,25,9,0.7,95,14,189,38,3.2037028670310974,6.160886181428431,1.1490532
81.14999993226228,3.193703818973325,2.7339774052670758,27,9,0.7,105,17,199,36,2.9521045088768005,6.028735600246549,0.92380565
81.19999993209056,2.9563172914552958,2.3994042659999515,30,9,0.7,94,15,202,40,3.1039726734161377,6.216089704757239,1.0518508
81.24999993191885,3.1389591087405453,2.802657738334074,31,11,0.8,101,17,199,40,3.0774223804473877,4.944322689909866,1.0512054
81.29999993174714,3.56206814210637,2.9065856355413096,36,11,0.9,103,18,203,39,2.8889083862304688,5.155377055697228,0.92648906
81.34999993157543,3.2267157791299947,2.8212277072306966,21,6,0.6,98,16,188,39,3.2737424969673157,5.437739226023508,1.0875565
81.39999993140371,2.8689728747824472,2.4411527358254252,32,11,0.8,108,18,203,36,3.1210994720458984,5.129803827101016,0.89499116
81.449999931232,2.8218243642281626,2.443863782480467,36,11,0.8,97,16,199,38,3.0293360352516174,5.769905966075255,1.0429769
81.49999993106029,3.2410609355401214,2.883672796534918,22,7,0.7,102,17,206,38,3.41068297624588,5.702091365483648,1.1251247
81.54999993088857,2.8289181384548154,2.445490833851055,27,9,0.7,96,18,197,36,3.131013810634613,5.506139942542676,1.0924202
81.59999993071686,2.769382852322545,2.555134147278193,27,8,0.7,95,15,204,39,3.2201769948005676,5.833359476987949,1.1974014
81.64999993054515,2.720857606785319,2.545179513328245,24,8,0.6,97,16,185,36,3.150351643562317,5.67166247592942,1.161205
81.69999993037344,2.485305099091941,2.4136430891851917,28,8,0.7,98,16,194,38,3.274012506008148,5.373444094489432,1.0769135
81.74999993020172,2.7193121573228067,2.486037664628509,28,8,0.7,95,16,201,37,3.013429641723633,5.346166418544875,1.1213607
81.79999993003001,3.0690269016780496,2.6976855182667414,31,10,0.7,102,17,194,37,3.1721171736717224,4.4745968732057495,1.0076643
81.8499999298583,2.9799022938151305,2.5271856354737317,33,9,0.7,99,16,189,37,3.1817013025283813,4.1396071931227585,0.991152
81.89999992968659,2.8872477911191603,2.552670630914711,32,8,0.6,100,17,194,36,3.211413323879242,4.16773549442877,1.0055815
81.94999992951487,3.1585286716764966,2.8570629627881323,27,9,0.7,94,16,181,37,3.104904294013977,4.211135087633577,1.1171572
81.99999992934316,2.418266653474232,2.2339494901247354,23,8,0.6,94,16,191,38,3.0840006470680237,4.208147601517043,1.2105193
82.04999992917145,2.921517924357005,2.695713702970655,29,10,0.7,98,16,192,36,3.119337260723114,4.331199892522077,1.0417944
82.09999992899974,2.939319719207803,2.4913255609955103,24,9,0.6,92,17,196,37,3.245733678340912,3.936832365155176,1.2234856
82.14999992882802,2.655303483812392,2.4059153698726163,30,9,0.7,96,17,184,38,3.2834208011627197,3.9672732494002982,1.1432623
82.19999992865631,2.4299343351543983,2.4008167534997185,33,10,0.7,101,17,193,39,3.242102265357971,4.085605228614968,1.1209959
82.2499999284846,2.7326344311632416,2.4289352246528213,29,9,0.7,93,16,186,35,3.371807634830475,5.004074740774147,1.3423756
82.29999992831289,3.1573162864476716,2.6926276190568306,28,8,0.7,99,16,203,40,3.1437787413597107,4.224250160191829,1.1275821
82.34999992814117,2.8503639948522723,2.4744198264685697,31,9,0.8,102,16,193,36,3.017354905605316,4.699941606744007,0.9860084
82.39999992796946,2.900172080354329,2.5063955120948616,31,10,0.7,96,17,194,37,3.125286102294922,4.313119457882628,1.0810332
82.44999992779775,3.069827994556177,2.471225551459864,40,11,0.8,102,16,198,38,3.261462450027466,4.630338825934377,1.0689727
82.49999992762604,2.692779368953571,2.345350380485939,32,9,0.8,102,17,210,39,3.145659565925598,4.9595975977626505,0.90459543
82.54999992745432,2.9500153009569985,2.567087620096316,33,9,0.7,101,18,205,41,3.2419368624687195,4.767001236879755,1.1027548
82.5999999272826,3.0568850634998452,2.6654546604110205,36,10,0.9,96,16,198,40,3.287957012653351,5.500067146859902,1.0997553
82.6499999271109,2.431941010309306,2.202258941732488,31,9,0.7,98,18,194,37,3.1648823618888855,5.078700074220537,0.94323117
82.69999992693919,3.1941746416455037,2.597344492569407,35,9,0.7,101,17,209,40,2.963763177394867,4.868466229176516,0.8611928
82.74999992676749,2.9744315033836264,2.7810680160688546,33,9,0.8,98,16,212,43,3.023786246776581,5.130060262773819,1.0442008
82.79999992659576,2.882089292204848,2.541274211547338,38,12,0.9,106,17,202,38,2.9626506567001343,5.212269117200181,0.83020324
82.84999992642405,2.193478520852396,1.875451857859098,26,7,0.6,105,19,193,38,2.9825106263160706,4.391745982555024,0.92076
82.89999992625232,3.0849665017507704,2.425154981293149,37,10,0.8,103,18,205,39,3.103642165660858,4.413697667208485,0.94951904
82.94999992608062,3.0719432248986682,2.5444626140630606,27,9,0.8,97,16,202,40,3.2500088214874268,5.170158286251834,1.1616931
82.99999992590892,3.193864441908124,2.511647799169764,31,9,0.8,104,19,206,41,3.034844696521759,5.606384222979832,0.98942715
83.0499999257372,3.0532952664280617,2.4855599569169686,32,9,0.8,99,18,201,39,3.170331120491028,5.2943590667163765,1.0377451
83.09999992556548,2.8284953802504176,2.6305886600264756,29,8,0.8,96,17,192,37,3.2746919989585876,5.581026572930448,1.2055337
83.14999992539376,2.423693749262446,2.288847456260891,37,10,0.8,107,19,208,38,3.0021297931671143,5.214610417205465,0.8492776
83.19999992522206,2.8986015051040366,2.6246978506467804,28,9,0.8,100,18,196,36,3.06379497051239,5.347908977142639,1.0607232
83.24999992505036,3.0168451106601504,2.715317986680654,30,10,0.8,98,16,195,37,3.3761820197105408,5.394869827809909,1.1745423
83.29999992487865,3.127329308104043,2.486280716608439,29,8,0.7,104,18,201,38,3.3288156986236572,4.113323595994798,1.196594
83.34999992470692,2.938500041738235,2.539597971790753,33,9,0.8,106,21,211,40,3.1407269835472107,4.575719287259465,0.971716
83.3999999245352,2.8525409671572937,2.248561817520128,39,10,0.8,102,18,208,38,3.160274624824524,5.1094169520207355,1.0687256
83.44999992436348,3.391839592764714,2.829571660654626,32,9,0.8,93,16,203,39,3.3828389644622803,5.363347018110716,1.3169112
83.49999992419178,3.1029905538231777,2.678059161030635,30,9,0.8,97,16,192,37,3.2724949717521667,5.386599997561952,1.1423688
83.54999992402009,3.0109528459784056,2.577074792574873,28,9,0.7,102,18,201,39,2.9955440759658813,5.253047811311102,1.0026226
83.59999992384836,3.011672524140698,2.634549659824945,29,11,0.8,99,16,189,38,3.2078728079795837,5.019760448807551,1.0049683
83.64999992367665,3.39742363342606,2.9330328681140276,32,11,0.8,104,17,205,41,3.2533463835716248,5.1502885901731865,1.0506145
83.69999992350492,3.2574150374591992,2.738071630808731,28,8,0.7,104,19,201,40,3.015657961368561,4.676438558524998,0.9810486
83.74999992333322,3.0512105910772567,2.468614094917835,34,10,0.7,99,17,203,38,3.126673698425293,5.2416240245713475,0.9728188
83.79999992316152,3.194776029118655,2.7005861671625517,33,10,0.8,104,19,204,40,3.249744176864624,5.0522151348438005,1.0489889
83.8499999229898,2.37834749495839,2.3998477233636692,25,7,0.6,96,15,192,37,3.2539671659469604,6.07630864462557,1.2280251
83.89999992281808,3.001101235764931,2.9359359150770077,30,10,0.6,104,19,198,37,3.1844186782836914,5.771292582364058,1.0255907
83.94999992264636,2.625259922305012,2.5425521538431695,25,11,0.8,99,17,208,38,3.148529529571533,6.2608341431768455,1.0374947
83.99999992247466,3.2630120593907503,2.721601806167748,30,10,0.8,104,19,200,39,2.8191399574279785,5.316363235575299,1.036432
84.04999992230294,2.9397934013570644,2.5246734529033454,34,11,0.8,104,17,204,39,3.2180753350257874,5.926427701078785,0.9772854
84.09999992213125,3.0637697535984323,2.516255670503724,31,8,0.7,101,18,200,38,2.9921704530715942,5.706034019757649,1.030038
84.14999992195952,3.389801298163231,2.8406723478951323,25,8,0.7,97,17,211,40,3.0689969658851624,6.068935407633722,1.033849
84.1999999217878,3.3278635287464398,3.039263741062941,29,8,0.7,102,19,214,43,3.2006362080574036,6.773602356809567,1.1360075
84.24999992161608,3.036364757076839,2.4908089212851823,28,11,0.8,103,19,205,41,3.2957202196121216,5.09961393173894,1.0255053
84.29999992144438,3.043433896030161,2.3859243835066293,33,9,0.8,109,20,207,40,3.2177117466926575,5.72411363238448,1.0694801
84.34999992127268,2.9676030523320214,2.3561795714762246,39,11,0.8,109,19,226,44,3.047293722629547,5.640453820095939,0.9044081
84.39999992110096,3.0969957779148287,2.5816162601317565,28,10,0.7,108,21,207,40,3.125252425670624,4.682855861345452,0.96222687
84.44999992092924,2.7867406577788993,2.5451986169046754,31,8,0.7,97,18,212,41,3.2463258504867554,5.518227032329186,0.96235293
84.49999992075752,3.655896250657138,3.126100355884022,32,11,0.8,105,20,214,39,3.2132217288017273,5.336309137203035,0.78293115
84.54999992058582,3.067672662687226,2.8155576210746522,23,8,0.7,103,19,195,37,3.0729305744171143,5.148197782455641,0.9558494
84.59999992041412,2.9421730129367085,2.5044320641892264,33,10,0.7,98,17,187,36,3.0741244554519653,4.599545543034269,0.94190156
84.64999992024241,2.75115575911775,2.598036294373978,23,9,0.7,90,15,171,36,3.2503384351730347,4.79138696722738,1.2998517
84.69999992007068,2.8568188124207134,2.6062826558490015,20,7,0.6,94,16,181,35,3.2008397579193115,4.238945038379924,1.2603786
84.74999991989897,2.5016785850880825,2.3992010765794354,26,8,0.7,101,18,183,37,3.242429792881012,5.81052232421869,1.133917
84.79999991972726,2.6630863088633063,2.5028822941656905,30,11,0.7,99,18,187,36,3.075394034385681,5.132338575389053,1.0425879
84.84999991955554,2.806496935505648,2.420587582692951,30,9,0.8,101,17,192,35,3.1271353363990784,5.133631495506501,1.1906719
84.89999991938384,2.4352541596038266,2.336167807087704,28,11,0.7,108,19,197,39,3.3215633034706116,5.4680650579337176,0.8975621
84.94999991921212,2.4779881888229354,2.2565744001112713,34,10,0.8,98,16,190,37,2.9209449887275696,5.786634854147561,1.0448068
84.9999999190404,2.6883187176004784,2.3684313235280223,32,10,0.8,100,17,188,37,2.9960286617279053,5.227099604624943,0.908774
85.04999991886868,2.626736205269422,2.462721586351507,29,9,0.7,93,16,186,36,3.1882303953170776,5.536546610040718,1.3423779
85.09999991869698,2.6694897684337526,2.4541766602360697,29,10,0.8,101,17,181,35,3.128681480884552,5.553228610857932,0.9316423
85.14999991852527,3.0294932970947954,2.5856577617442627,32,10,0.8,102,19,192,37,3.260478973388672,5.500979069695644,0.9723669
85.19999991835356,2.7192379880756503,2.4184701217557216,25,8,0.7,94,16,181,34,3.2534795999526978,4.75465225669339,1.0600803
85.24999991818184,2.7663015716724226,2.5107278310482544,25,8,0.7,96,16,200,41,3.3333620429039,4.897919513446487,1.1393902
85.29999991801012,3.0167120079592555,2.7960780360014823,21,8,0.7,92,17,184,36,3.167356848716736,4.910478712818458,1.1146946
85.34999991783842,2.3350871592515072,2.4019950525562144,29,9,0.8,99,17,185,35,3.288963735103607,5.176901249320185,1.015146
85.3999999176667,2.6818413152936005,2.364438102512694,29,10,0.8,98,17,182,32,3.2035034894943237,4.908060499169569,0.9573904
85.449999917495,2.5267509759679267,2.3220605696885683,25,10,0.7,95,16,191,37,3.1374216079711914,4.864661141900619,1.1473123
85.49999991732328,2.5640396113295716,2.316926112289054,28,10,0.8,98,17,193,37,3.131791055202484,4.96967258756321,1.0728344
85.54999991715157,2.7710448396330225,2.4876675670087107,25,9,0.7,96,18,184,36,3.2667478919029236,5.449560931167179,1.2142261
85.59999991697985,3.085279371234792,2.553245774703127,30,10,0.8,95,18,198,36,3.0993780493736267,5.181199519585933,1.1739982
85.64999991680814,2.6813836243625984,2.491913207895485,31,10,0.8,93,16,196,36,3.2552722096443176,5.989324188043099,1.1386184
85.69999991663644,2.4555170050595407,2.4041358503286645,27,8,0.7,95,17,186,36,3.0666384100914,6.099853210019006,1.254027
85.74999991646472,2.4559232218056475,2.4037527085718695,21,8,0.7,98,16,179,32,3.3032387495040894,5.8121472050760925,1.2075022
85.799999916293,2.5608360786500217,2.2951888280351156,14,7,0.6,90,15,178,33,3.2344937324523926,5.59668573040673,1.3459275
85.84999991612128,2.9627460164586825,2.8838854090637875,19,8,0.7,94,18,186,38,3.1520211696624756,5.544874244590119,1.2051845
85.89999991594958,3.1779642941756663,2.868594899655511,21,9,0.7,93,16,182,35,3.054208755493164,4.672633077786736,1.044727
85.94999991577787,2.132486571055951,2.088257870551847,21,7,0.5,89,15,180,33,3.3384788036346436,5.447490888520106,1.3106045
85.99999991560617,2.3809558996838316,2.201281046858919,28,10,0.7,100,16,198,38,3.2594242691993713,5.381783153561832,1.0207292
86.04999991543444,2.0454839355712924,2.0297527768139987,26,9,0.7,93,17,182,36,3.083166778087616,5.340045797171271,1.1732826
86.09999991526273,2.1669034119090416,2.085657410453871,25,9,0.7,96,18,195,37,3.2861480116844177,5.12693900039265,1.124937
86.149999915091,2.7202942018812974,2.236612898256222,26,9,0.8,96,16,184,36,3.2361727952957153,4.636944500758933,0.8842687
86.1999999149193,2.91735839094373,2.351345610104898,26,10,0.7,100,17,190,39,3.103857934474945,4.623205602425644,0.97248673
86.2499999147476,2.496615458628776,2.257919048082196,24,9,0.7,101,18,184,35,3.259190618991852,4.358349352404165,1.0127499
86.29999991457588,3.3195500539145586,2.639608870050447,21,8,0.7,88,15,174,35,3.2272398471832275,3.9292324123101174,1.0705655
86.34999991440417,3.144804137520244,2.7376681854673484,23,7,0.7,97,17,184,36,3.296702802181244,4.278930274649566,0.933285
86.39999991423244,2.581107414320361,2.336272389818271,24,8,0.6,90,17,177,35,3.2588455080986023,5.067886865797044,1.0244168
86.44999991406074,2.6192002538696957,2.248606602555859,25,8,0.7,100,16,186,35,3.0144745111465454,4.206064407255035,1.0467238
86.49999991388904,2.5615982976872917,2.2509327240567862,25,11,0.8,98,18,183,35,3.0734923481941223,3.993825239157447,1.1360879
86.54999991371731,2.74954618792089,2.415910663020643,26,10,0.8,100,17,182,33,3.159252107143402,4.658557305595963,1.0383089
86.5999999135456,2.4181298444780044,1.8600850622715663,28,8,0.7,92,16,182,37,3.226768672466278,4.605982482048123,1.1702634
86.64999991337388,2.82571022987256,2.291986734376557,28,10,0.8,100,16,185,37,3.046411871910095,4.221914257925814,1.0764519
86.69999991320218,2.7132275127133543,2.2414877654601115,18,8,0.7,85,14,175,34,3.134615421295166,4.502532380067148,1.0711123
86.74999991303046,3.3665640641958454,2.5523373206406808,28,10,0.7,89,16,186,37,3.2381173968315125,3.512117133898318,0.92330503
86.79999991285877,2.6880099404580013,2.2208553951940027,19,7,0.6,89,15,182,33,3.1218886375427246,3.6793393398852636,1.0472002
86.84999991268704,2.9381409404536285,2.3481264600349943,28,10,0.9,97,15,189,37,3.133746385574341,4.576778070532859,0.72171426
86.89999991251533,2.72632411387495,2.2210863879669276,25,10,0.8,105,18,189,37,3.14701110124588,4.022757848327059,0.9639903
86.9499999123436,2.3480819311143293,2.0662495495481688,25,10,0.8,106,17,189,34,3.1887799501419067,3.989842968068178,0.93802524
86.9999999121719,2.7073215712250587,1.9975992749124707,33,10,0.8,104,20,193,38,3.005286455154419,4.263645813739396,0.7520332
87.0499999120002,2.898704595985164,2.4067125128874536,30,11,0.8,99,18,183,36,3.0450519919395447,4.919631004666307,0.91113603
87.09999991182848,2.287010202,2.0548398719159167,26,9,0.7,96,16,192,35,3.219514489173889,5.007677085091675,1.0157555
87.14999991165676,2.634376797982578,2.203152764739717,31,10,0.8,95,17,185,36,3.328123986721039,4.679779004268729,1.0555722
87.19999991148504,2.562799060212448,2.110141658974717,34,12,0.9,96,14,186,34,3.218880295753479,4.273635629148078,0.7941301
87.24999991131334,2.9684138539401905,2.2409900587020952,30,9,0.8,94,15,187,38,3.2736042141914368,5.478612181440061,1.036096
87.29999991114163,2.8086045091807783,2.2255979916290234,31,9,0.7,93,15,179,35,3.0459263920783997,4.7649554962506535,1.2135009
87.34999991096993,2.545324151083241,2.269589742735587,27,9,0.8,94,16,184,37,3.0177530646324158,5.625882931567441,1.1410328
87.3999999107982,2.6222475604982116,2.332184316619928,25,8,0.7,94,15,193,39,3.2505589723587036,4.997990418484903,1.2477709
87.44999991062649,3.6051082461649253,2.870559531350935,33,11,0.9,100,17,192,39,3.1634509563446045,3.9237342227457983,0.9417866
87.49999991045476,3.113936646137778,2.761776739173196,36,10,0.9,95,15,189,36,3.1657224893569946,4.631615880033095,0.89187455
87.54999991028306,3.0360921491947366,2.612991949885122,32,12,0.9,90,14,182,35,3.235747516155243,3.73698545228077,1.0122057
87.59999991011136,2.321781466715786,2.0928874240624102,27,7,0.7,91,15,172,33,3.156343698501587,4.840382147792273,1.2071669
87.64999990993964,2.342349975689186,2.1865502429438872,25,9,0.8,90,16,183,34,2.915860116481781,5.370284981960776,1.3005111
87.69999990976793,2.602822269077896,2.2448459663354052,31,10,0.8,91,14,185,37,2.964594066143036,4.782877190824335,1.0983588
87.7499999095962,2.6047952940903802,2.1490370830778733,33,11,0.8,95,16,190,37,3.001340329647064,4.709109166435086,1.0546594
87.7999999094245,2.5040638230052172,2.253165727278879,27,10,0.9,95,17,188,35,3.107626438140869,5.270320056654345,1.1077135
87.8499999092528,2.8242538478891808,2.429228006644329,34,11,0.9,100,16,198,39,3.0371809005737305,5.813023539637792,0.8567281
87.89999990908107,2.5728501977695473,2.142175874858143,23,9,0.8,98,18,187,35,3.2423141598701477,4.93907337293134,0.9173993
87.94999990890936,2.626822454593676,2.076385715070605,29,10,0.8,100,16,193,39,3.1748679280281067,4.475574904389905,0.8642677
87.99999990873764,3.1011129792063343,2.418456490839801,37,12,0.8,107,17,203,37,3.216865062713623,5.2137630830219805,0.86658925
88.04999990856594,2.6560945205776436,2.306757037136176,35,11,0.8,102,16,187,36,3.165346682071686,5.15405950527307,0.929654
88.09999990839422,2.8753020201105484,2.173267350601087,36,11,0.8,107,19,206,41,2.9875993728637695,4.908667980230561,0.8532848
88.14999990822253,2.5428934933157548,2.292474631438985,35,11,0.8,96,17,191,39,2.9829534888267517,5.727547376722724,0.9729343
88.1999999080508,2.919950351221512,2.482936192482467,27,8,0.7,97,16,196,38,3.09105783700943,6.157859770291445,1.0769641
88.24999990787909,2.945216722982746,2.5545817227070984,30,11,0.9,102,19,205,37,3.292502462863922,5.5361626761747385,1.0672967
88.29999990770736,2.48645064855578,2.123767677829233,30,10,0.7,94,15,185,39,3.1235897541046143,4.54181916189059,1.0825882
88.34999990753566,2.671593056721986,2.466638366877401,34,11,0.8,99,18,190,35,3.0505728721618652,4.7632409780311225,0.9291899
88.39999990736396,2.3845566397522986,1.949759180732016,28,10,0.8,91,15,185,36,3.3113980293273926,4.719918388590791,1.1231067
88.44999990719224,3.463054829197266,2.660079225473238,23,6,0.5,90,15,172,32,2.9890432953834534,3.8951847734645284,1.2594553
88.49999990702052,2.6656695415946325,2.3048812674750465,25,7,0.6,91,16,191,36,3.2226380705833435,4.666099765970024,1.1185579
88.5499999068488,2.5178781342704304,2.1135860731332197,34,10,0.8,94,17,200,40,3.049311637878418,4.675900155192156,1.0093323
88.5999999066771,2.681519340610073,1.9624870328743613,32,7,0.7,93,16,191,36,2.9973506927490234,3.671142281070443,1.0748692
88.64999990650539,2.234178570212332,1.8945637427128394,38,11,0.8,92,14,197,37,3.1198713183403015,4.705433843969038,1.0100802
88.69999990633369,1.945624885014707,1.774696065980772,28,10,0.8,91,15,186,34,3.0866435170173645,4.835555359954933,1.241392
88.74999990616196,2.4235027477683992,2.3285111396422002,33,10,0.8,88,15,191,38,3.0244141817092896,5.4431467977937675,1.3357944
88.79999990599025,2.529405508260767,2.3512608994152786,24,9,0.7,86,14,172,35,2.9626086354255676,4.3603430647190144,1.4942504
88.84999990581852,2.6949958632761994,2.3340915888719533,27,10,0.7,87,14,190,37,3.2606276869773865,4.7214307554919355,1.2709204
88.89999990564682,2.510496533285713,2.1246336212975137,32,11,0.8,97,18,197,38,2.7647289633750916,4.6115478035320745,1.2285827
88.94999990547512,2.5572082798441014,2.00181471590144,28,11,0.9,95,16,197,39,3.1081804633140564,4.826560351921145,1.0527284
88.9999999053034,2.966302331089566,2.6697065789638548,29,11,0.9,95,15,191,37,3.127027750015259,4.887965910686862,1.0842642
89.04999990513168,2.715503281995881,2.3801636950781964,25,10,0.7,85,17,188,37,3.3799952268600464,5.802759351385749,1.1953685
89.09999990495996,2.751595354554912,2.2116027684263826,22,9,0.7,94,17,202,39,3.2048839330673218,5.814514289157824,1.016728
89.14999990478826,3.6980085447241997,3.153101184360876,20,9,0.7,100,19,197,40,2.9894405603408813,5.790795722100084,1.0334706
89.19999990461656,3.0921290787799727,2.482543436139746,24,10,0.8,95,18,199,35,2.984415292739868,5.595841773322299,1.091114
89.24999990444483,2.808145650184941,2.217656933654038,31,10,0.8,101,17,196,36,3.203495144844055,5.606325599897604,1.1067361
89.29999990427312,2.157362969834226,1.9383002246740237,29,10,0.8,95,17,192,38,3.0482813715934753,5.877632271536601,1.0504177
89.3499999041014,3.3051088086116955,3.28068464655632,23,8,0.7,87,16,177,36,3.2246989011764526,6.061043292275752,1.2868087
89.3999999039297,3.1414900364138076,2.707203441065393,24,10,0.8,98,16,182,36,3.2263848185539246,5.68029479042945,1.128071
89.44999990375798,3.1414080062513214,2.82847876182812,26,9,0.7,89,16,198,39,3.0436399579048157,6.135564213053133,1.1167692
89.49999990358629,2.997021137185643,2.732615727225427,24,8,0.7,97,19,196,39,3.16266268491745,6.167658288139686,1.129608
89.54999990341456,2.880159688273487,2.507396236980723,24,10,0.8,102,17,181,36,3.136434257030487,5.51398134100868,0.88452345
89.59999990324285,3.6147748473449743,3.0510404375255007,22,9,0.8,97,15,194,39,3.20993572473526,5.968032807490804,1.0017686
89.64999990307112,3.3885689077386756,2.849189808023729,31,11,0.9,98,18,205,39,3.062196373939514,5.294503319172117,1.1702007
89.69999990289942,2.8852299412414677,2.4142518405134803,24,7,0.6,95,16,188,36,3.2150644063949585,5.222117474090187,1.1065143
89.74999990272772,3.196315152596847,2.9164362495899665,23,11,0.8,95,17,193,41,2.9354873299598694,5.422143936830084,0.973158
89.799999902556,3.5009873399498517,2.8553947749680626,27,9,0.8,96,17,194,38,3.25194776058197,5.447974821856993,1.0166682
89.84999990238428,4.226694755410484,3.6169265188854176,25,9,0.7,97,16,190,38,3.035234212875366,6.06437701175226,1.1724043
89.89999990221256,2.6703597251143423,2.5124559051805178,19,10,0.7,92,15,187,36,3.2222068309783936,5.777531209914484,1.2708321
89.94999990204086,2.79016335560995,2.8537753165909976,26,10,0.8,92,17,187,39,3.021557033061981,6.294638190407635,1.1256311
89.99999990186915,2.846894746303364,2.5509660556118514,31,9,0.8,94,16,192,38,2.9634511470794678,5.909792652287598,1.1399504
90.04999990169745,3.4254328071825495,3.0885451375219555,27,11,0.8,98,18,200,40,2.9929670691490173,6.460878508619681,1.0490857
90.09999990152572,2.55685613684526,2.2294941127861883,24,10,0.8,91,15,184,37,3.363402485847473,6.668480642820995,1.2945545
90.14999990135401,3.006129719868654,2.7539475273213974,23,10,0.8,90,17,179,35,3.252474367618561,7.005194870413645,1.3103958
90.19999990118228,2.95438491745824,2.8104156712698822,23,9,0.8,96,17,191,37,3.250438868999481,6.7289632805523425,1.2829942
90.24999990101058,2.193968880436376,2.0270953111390893,30,11,0.8,95,16,191,37,2.8178346157073975,6.220144613445866,1.2290348
90.29999990083888,2.893795717359737,2.747749040819861,19,8,0.7,90,15,183,37,3.174605667591095,6.676285641937847,1.3751428
90.34999990066716,2.6405627882476295,2.3017063083510796,25,10,0.8,95,18,186,35,3.0776366591453552,5.716078900950814,1.250432
90.39999990049544,2.6734609840007684,2.433297813777648,22,10,0.8,85,15,183,37,3.362720310688019,6.292374216871561,1.3375729
90.44999990032372,2.513776978604478,2.542846449575621,23,9,0.7,90,15,190,36,2.9581445455551147,6.0888431855993375,1.3038034
90.49999990015202,3.0752061778050916,2.9963899448191604,25,8,0.8,90,17,191,36,3.2041439414024353,6.034331152644858,1.2250875
90.54999989998032,2.7279947823843353,2.735920404601476,27,9,0.7,93,17,189,35,2.989116609096527,6.122449892442372,1.226134
90.5999998998086,3.429480217476285,3.106794117656972,29,11,0.9,93,14,183,37,3.1560996174812317,5.932584980337383,1.1599436
90.64999989963688,2.5907459368994195,2.3262270062064823,23,10,0.8,93,14,199,39,3.0569615960121155,5.833587249196048,1.2228336
90.69999989946515,2.8836687921941633,2.7082849757226333,25,10,0.8,88,15,187,36,3.195282816886902,6.236461471465526,1.3850241
90.74999989929346,2.452486932069379,2.5326579445004156,25,10,0.8,89,16,188,34,3.2354265451431274,6.313492568957457,1.4480195
90.79999989912174,2.7195465346876526,2.8883650376062664,20,9,0.8,90,14,184,35,3.015856444835663,5.929884630345823,1.1708208
90.84999989895005,2.612396360179632,2.5744763454599013,30,11,0.8,97,16,191,37,3.030344843864441,6.140653479209286,1.2059311
90.89999989877832,2.4101067551774107,2.588355705974368,25,10,0.8,94,17,186,34,3.119429349899292,6.205779939606124,1.255675
90.9499998986066,2.8340872635524144,2.493689683617632,30,10,0.8,104,18,201,39,3.179698884487152,5.530978365593562,1.1486393
90.99999989843488,2.3407472696184204,2.4269742699205086,23,8,0.6,92,15,179,35,3.258551061153412,6.087945398240411,1.2873183
91.04999989826318,2.4876484304813875,2.411607256567966,23,8,0.7,90,15,175,34,3.14832866191864,5.735168649247884,1.1658487
91.09999989809147,2.9643485050382408,2.7034362212364433,28,11,0.9,97,17,201,40,2.835642099380493,5.971245182164928,1.1621748
91.14999989791976,2.102267934228178,2.063497757408074,31,9,0.7,97,16,201,38,3.096933364868164,7.095525442360939,0.95500886
91.19999989774804,2.4655465923275943,2.4846441633917737,22,9,0.7,96,18,204,41,3.2488909363746643,6.632965689216945,1.0964024
91.24999989757632,2.6059310787339687,2.6774714127407795,23,9,0.8,93,15,189,36,2.9014238715171814,6.529966697814729,1.2586112
91.29999989740462,2.617197863561696,2.409728902343115,31,9,0.8,93,16,190,35,3.0568748712539673,6.844198119891498,1.2169286
91.3499998972329,2.5549241343347937,2.4498995278078253,26,9,0.8,98,15,187,36,3.297779858112335,6.356754945687806,1.2309792
91.3999998970612,2.3408188459611328,2.7605634381194273,22,9,0.7,95,14,195,39,3.1485188007354736,7.042414409492919,1.1813117
91.44999989688948,2.8449126514107532,2.791600774561209,27,10,0.8,93,16,186,36,2.850063741207123,6.267418417816462,1.2022563
91.49999989671777,2.7887616234209767,2.568750170506225,23,11,0.8,98,17,183,37,3.177165389060974,5.982545240388104,1.131895
91.54999989654605,2.514886503740904,2.5486909836102063,24,10,0.8,93,15,183,35,3.2670482993125916,6.370767155702763,1.2193224
91.59999989637434,3.2640382924045475,3.0335196008460654,21,7,0.6,83,15,181,37,3.197660446166992,5.804273269462197,1.2425407
91.64999989620264,2.583483224360976,2.8158079179110023,20,8,0.8,93,16,200,39,3.1739556789398193,6.107428185877524,1.2667853
91.69999989603092,2.681727831712315,2.473024107595932,29,9,0.8,97,16,185,37,3.0175429582595825,5.664783617663209,1.1306205
91.7499998958592,2.632154124932948,2.5783087125444535,26,11,0.8,96,17,203,38,3.322673738002777,6.244872956905354,1.1275665
91.79999989568748,2.428033360464431,2.533220382371245,28,10,0.7,104,19,201,37,3.408363461494446,6.049191375651137,1.0196259
91.84999989551578,2.3614286246057175,2.6847747984879704,27,8,0.6,97,16,212,39,3.1180575489997864,7.331597006974819,0.9808232
91.89999989534407,2.5243159413205456,2.4812233833209945,27,10,0.7,96,18,201,37,3.2198214530944824,7.575093792596412,1.001358
91.94999989517235,2.537408133288015,2.4039453763633283,27,10,0.8,96,17,210,39,3.2028016448020935,7.719408278644719,1.1587582
91.99999989500064,2.6779499424253936,2.5479723024354395,24,9,0.7,91,15,183,35,3.21463406085968,7.094705369581273,1.1929107
92.04999989482891,2.62335060356224,2.7122223810086554,28,9,0.8,97,17,188,36,3.1721824407577515,7.1716059852238345,1.0594386
92.09999989465722,2.9185950994011227,2.8445016736085886,22,8,0.7,88,16,181,36,3.184022605419159,7.46158085878295,1.2465947
92.1499998944855,2.438154815560283,2.6797388001076454,22,10,0.7,93,16,185,37,3.0945324897766113,7.023511597394103,1.1855992
92.1999998943138,2.2960801270291027,2.4861655627321237,26,10,0.7,100,18,193,36,3.1460070610046387,6.5175495415625395,1.0341288
92.24999989414208,2.2884034773432615,2.5241823585519985,24,10,0.8,95,17,182,36,3.183733820915222,6.670295837218694,1.2807106
92.29999989397037,2.2599542505101033,2.413535551980941,21,9,0.7,91,15,184,35,3.2779380679130554,7.209604573231765,1.2422799
92.34999989379864,2.9267622788646785,3.1109643691337565,20,8,0.8,89,18,182,38,3.4454602003097534,7.218534714659013,1.2405807
92.39999989362694,2.366883968349268,2.583921217439645,23,10,0.7,96,18,192,39,3.0682092905044556,6.6001649989847255,1.293965
92.44999989345524,2.38428866078941,2.550560784263905,19,7,0.6,93,16,178,35,3.165237307548523,6.329046795280631,1.3408802
92.49999989328352,2.2362133964150805,2.400264775566293,28,10,0.8,98,17,201,37,3.1685614585876465,7.289906136762854,0.890258
92.5499998931118,2.3811786038755276,2.5534297019346037,23,8,0.6,96,18,195,36,2.9135873913764954,7.209478101624693,1.1870602
92.59999989294008,2.271727674442365,2.215295226491936,29,10,0.8,90,15,186,38,3.1659498810768127,7.210801253174477,1.2502867
92.64999989276838,2.5639577971975496,2.4235840064890164,22,10,0.7,94,16,177,38,3.1855425238609314,7.053368912803508,1.2234569
92.69999989259667,3.0383043640484413,2.5573680994240644,20,10,0.7,90,16,189,40,3.2190799713134766,7.217358996111498,1.3007038
92.74999989242497,2.232572309706396,2.235769467213084,24,10,0.8,93,18,192,36,3.1083661317825317,6.665147940787817,1.1874772
92.79999989225324,2.08249342953402,2.385925472551645,22,10,0.8,92,16,203,39,2.914952337741852,7.970288058149473,1.2795262
92.84999989208153,2.234267447411395,2.3637516840402477,26,10,0.8,92,16,195,37,2.9601094126701355,7.5488725939386025,1.071948
92.8999998919098,2.866490344768691,2.882147635739284,29,12,0.9,109,18,213,42,3.1250792741775513,7.219181204230463,0.78583306
92.9499998917381,2.3761117642488863,2.450367061001353,29,10,0.8,100,18,193,36,3.3817249536514282,7.6390341122871686,0.90036786
92.9999998915664,2.232119537790938,2.107557992787738,28,11,0.8,95,13,186,36,3.0927452445030212,6.822722927469025,1.0699584
93.04999989139468,2.3033638126869644,2.2603541378723637,35,11,0.8,93,16,190,36,3.0894118547439575,7.686502668037729,1.0290005
93.09999989122296,2.4203164312889007,2.3139309684114346,26,10,0.8,90,15,188,35,3.1757453083992004,7.469800468488845,1.1411227
93.14999989105124,2.460317636655948,2.3059234345776654,25,10,0.8,97,17,193,36,3.002459704875946,7.0922045312264,1.0890394
93.19999989087954,2.325560016148869,2.396027276020217,32,10,0.8,93,16,195,35,3.104778528213501,7.52042103027911,1.0085611
93.24999989070784,2.6397752305267637,2.7303984722066326,20,8,0.6,87,16,194,37,3.2984843850135803,8.856705901978437,1.3611188
93.29999989053613,2.7129429607128577,2.5059535737500527,25,11,0.8,94,16,189,38,3.0892956256866455,7.584807773286011,1.2574961
93.3499998903644,2.5891507851561752,2.7043310989556364,26,9,0.7,90,17,196,36,3.0312341451644897,7.644268712429527,1.3486027
93.39999989019267,2.4110783694956672,2.274344190350341,32,9,0.7,96,17,190,35,3.1023243069648743,7.598869052484414,1.308614
93.44999989002096,2.6370128579562646,2.438606047731752,28,11,0.9,96,17,190,35,3.272255063056946,7.207776345275425,1.2007172
93.49999988984926,2.4355164398003097,2.2123114133246684,25,9,0.8,100,17,201,39,3.1848084926605225,7.706219716633811,1.1214067
93.54999988967757,2.8245629659190143,2.3453235187933257,26,9,0.8,95,16,189,35,3.217378258705139,6.898314025944625,1.1509842
93.59999988950584,2.624661213837402,2.2258702465862314,25,10,0.8,91,16,184,36,3.2038503885269165,7.511740201526873,1.3354234
93.64999988933413,3.1085586357111623,2.5907170567718185,23,7,0.6,99,16,184,36,3.156861364841461,6.456591623979886,1.0426377
93.6999998891624,2.6583634334811777,2.424428621720542,23,10,0.7,93,17,181,35,3.2199910283088684,6.9873845160825265,1.2683444
93.7499998889907,2.808110922569141,2.4768654243577846,32,11,0.9,111,20,218,40,3.2349765300750732,6.510668981311909,0.7858264
93.799999888819,2.8138118738571825,2.1159090413455566,34,11,0.8,101,17,189,38,3.0430346727371216,6.65991466775651,0.9279126
93.84999988864728,2.6024960763617777,2.2959330690111077,28,10,0.8,99,18,187,39,3.299155831336975,6.9111378413462,1.0486084
93.89999988847556,2.740222870229714,2.350627861501508,21,11,0.8,100,18,188,36,3.20817768573761,6.972182580543667,1.1037571
93.94999988830384,2.987103093319986,2.6466826055875945,27,9,0.8,98,17,211,40,3.1102538108825684,8.157812719102369,0.96488166
93.99999988813214,2.586035320577307,2.64740655811541,29,8,0.8,101,17,192,36,3.12584787607193,7.677566112887755,0.8939667
94.04999988796042,2.996646680912292,2.6094533868752556,25,9,0.8,102,18,194,36,2.985895872116089,7.722364944338356,1.0537683
94.09999988778873,2.78805237812567,2.3738192075330464,21,8,0.8,96,16,197,38,3.1383123993873596,7.264769509673625,0.998238
94.149999887617,2.684998224697401,2.511705731436973,23,10,0.8,100,17,204,38,3.16547691822052,7.300535049291321,1.0409439
94.19999988744529,2.18230914765618,1.946174687385287,31,9,0.8,97,16,201,39,3.009982407093048,6.658263357629028,1.0907539
94.24999988727356,2.2580555645555336,2.3222003058462484,29,8,0.7,90,16,198,38,3.0309313535690308,7.386902999595977,1.203331
94.29999988710186,2.2310494253378312,2.095758082535628,24,9,0.7,89,16,193,37,3.269968330860138,7.6635882374808695,1.2538995
94.34999988693016,2.4713227432541314,2.2635968900381567,24,11,0.8,93,18,195,38,3.1920570135116577,6.453966786589671,1.2278875
94.39999988675844,3.070792160199236,2.42550929020888,27,10,0.8,98,17,190,36,3.2424184679985046,6.214665185732793,1.1200486
94.44999988658672,2.6661312951151355,2.0716092039647975,29,11,0.8,98,17,200,39,3.101262152194977,6.0072083452031055,1.1094851
94.499999886415,3.1312472952823294,2.766873753466195,28,8,0.7,102,18,210,41,3.243834376335144,6.758620843498173,0.89257133
94.5499998862433,2.7235544170845287,2.4627462059145335,31,10,0.8,96,18,200,36,3.2651373744010925,6.247713511784374,1.0904372
94.5999998860716,2.729418651465844,2.325002169939103,22,10,0.7,95,15,198,40,2.9512619972229004,5.660973222060441,1.0389683
94.64999988589989,2.723825706466018,2.1217823948630548,28,11,0.8,100,17,194,37,2.952260673046112,6.0535682040375605,1.0668113
94.69999988572816,2.444145125934734,2.030300965088156,30,11,0.9,97,16,193,35,3.2152658700942993,6.202647012446008,1.1153117
94.74999988555643,2.9069945619395647,2.387965034490941,26,8,0.8,93,17,197,36,3.0073949694633484,7.412001811624522,1.1917404
94.79999988538472,2.4970977115339803,2.0757630157179103,24,9,0.7,97,15,200,38,3.049732744693756,6.142913864950428,1.1118183
94.84999988521302,2.7157510420168367,2.1989736966120086,29,11,0.8,99,17,187,37,3.0942273139953613,5.971774463071666,1.0890102
94.89999988504132,2.8337893924022994,2.329285276927964,25,9,0.8,90,13,180,34,3.178166449069977,6.684252140649463,1.1139945
94.9499998848696,2.8050804111580447,2.2396322876454775,33,11,0.8,98,18,195,37,3.247228264808655,6.306671713706269,1.0444907
94.99999988469789,2.7849854620313548,2.3256206689590013,29,10,0.8,93,15,188,35,2.8758621215820312,7.077602489322272,1.0809325
95.04999988452616,3.129498600843995,2.212317632896444,28,11,0.9,96,16,193,37,3.1550386548042297,7.720042221397314,1.1395035
95.09999988435446,3.273868920529689,2.5080744558283508,29,8,0.8,90,17,192,38,3.0870839953422546,6.776786385082776,1.1429183
95.14999988418276,3.4548370942042443,2.681514805593631,24,8,0.7,88,16,186,35,3.101782202720642,6.9382537083302065,1.0295084
95.19999988401104,3.746381945241985,3.257177607915524,28,10,0.9,97,17,198,41,3.2251372933387756,7.465419838782861,0.9558699
95.24999988383932,3.704880948872044,2.99902935395692,29,9,0.8,94,17,194,34,3.2029014825820923,7.252761123114073,0.8422869
95.2999998836676,3.9855458259492513,3.39720162929524,23,9,0.8,98,17,196,41,3.0745381116867065,7.129652211218858,0.97004694
95.3499998834959,3.126568496631417,2.5896714080256853,28,8,0.7,88,16,192,37,3.226265609264374,6.4826683811068975,1.0810378
95.39999988332418,3.7293632506189764,2.57773919360769,27,9,0.8,92,15,196,38,3.31121027469635,7.117528171525089,0.9182703
95.44999988315249,3.868688829022979,2.667428298785958,30,8,0.7,91,14,185,38,3.166499137878418,6.359055755408196,1.0823523
95.49999988298076,4.784784806831651,3.615522808942129,25,9,0.8,88,15,178,36,3.099151849746704,7.026836197579405,1.0616187
95.54999988280905,4.422811564912324,3.1278931298594554,29,10,0.9,95,15,188,42,3.253982663154602,6.50109298341337,0.856067
95.59999988263732,4.978344108919474,3.5413484325594577,29,10,0.8,97,19,202,39,2.9325544834136963,6.234351161412608,0.7869222
95.64999988246562,4.833993186772518,3.4596400654077786,31,9,0.7,99,17,198,42,2.735370099544525,6.419259984572596,0.63479406
95.69999988229392,4.5200106267819775,2.8538814084243276,28,11,0.9,91,18,194,41,3.1961140036582947,6.692845437987831,0.8996537
95.7499998821222,4.213704493824595,3.0010010318935936,28,11,0.8,97,15,192,39,3.091008961200714,5.951268078519636,0.79285437
95.79999988195048,4.694842496377211,3.462914111480341,27,9,0.8,93,17,194,40,3.0472156405448914,6.425227759440562,0.9342997
95.84999988177876,4.369668820108479,2.9587802854472445,30,11,0.9,97,16,195,40,3.24153333902359,6.028573964270212,0.98269594
95.89999988160706,4.453845279575747,3.320136219093999,25,11,0.8,94,16,188,39,3.2172542810440063,6.248973892789191,0.97855544
95.94999988143535,4.52634139455921,3.4944849580871598,26,11,0.9,99,18,201,41,2.9973679780960083,6.888036656383907,0.7604486
95.99999988126365,4.104052076339663,3.244209823566471,24,11,0.9,90,14,192,38,3.123919665813446,6.1153366327372005,1.038962
96.04999988109192,4.2040799050785225,2.958058609187921,25,7,0.7,96,18,189,37,3.305976092815399,6.853065650433683,1.070794
96.09999988092021,3.4485961527447424,2.572888376437507,26,8,0.8,89,15,193,39,3.174043595790863,7.2517703410151135,1.1929914
96.14999988074848,3.640212785625343,2.861010349300883,23,10,0.9,89,15,191,40,3.170129954814911,7.5093781390070635,1.064966
96.19999988057678,3.4984054549246357,2.368388191445182,36,10,0.8,99,17,206,39,3.0852898955345154,6.48038576103553,0.79752475
96.24999988040508,2.8329135460226924,2.014945357132138,26,10,0.8,92,16,201,39,3.341246545314789,5.592981463529014,1.1106406
96.29999988023336,3.0666583407351276,2.0747775619540807,30,9,0.7,83,15,180,36,3.0174508690834045,5.886106397923028,1.1759634
96.34999988006165,3.4858382428004515,2.489680494480256,24,9,0.7,86,15,191,40,3.265281915664673,5.3743687475403945,1.0862585
96.39999987988992,2.9606695839406867,1.842416230744607,26,9,0.8,94,16,196,39,3.141160309314728,5.030609324810618,0.9498734
96.44999987971822,3.243398443176572,2.111222211380058,22,9,0.8,93,15,195,39,3.3661210536956787,4.9504214309761885,0.98173136
96.49999987954652,3.748986090272584,2.7722291980661486,33,10,0.8,100,18,204,40,2.926984131336212,5.968013675674584,0.9236948
96.5499998793748,2.7996578687380897,2.069419455874885,30,10,0.8,97,17,195,35,3.0306878685951233,5.622557455939949,1.0390337
96.59999987920308,2.966101025364749,2.0366675568995216,31,10,0.8,97,17,199,37,3.0437391996383667,6.291349710710676,1.0192274
96.64999987903136,2.9876192772524086,2.1374809695959907,27,10,0.8,92,13,183,37,3.130631446838379,5.104846871566906,1.0522361
96.69999987885966,2.934577096106203,2.2804324098387636,33,11,0.8,99,17,181,35,3.054726719856262,5.86459754692032,0.93551815
96.74999987868794,2.915479989151529,2.031522573022037,30,10,0.8,90,14,190,35,3.041861057281494,5.142295668734542,0.98970735
96.79999987851625,3.8130514030313076,3.0409679237741316,22,8,0.7,88,14,179,36,3.2055282592773438,5.478985233053573,1.1192039
96.84999987834452,4.075540991717425,3.1673816455250217,29,9,0.7,93,14,188,37,3.051568567752838,5.365404659750039,1.0269265
96.8999998781728,4.425047545829226,3.321257185774633,32,11,0.9,100,15,191,38,2.874239981174469,4.995619276425298,0.7128598
96.94999987800108,3.806255948206579,2.8971152799444964,29,9,0.7,98,15,191,37,3.0810433626174927,5.231256577940631,0.81792
96.99999987782938,3.4386972918087864,2.3755528345242958,27,9,0.8,86,12,183,35,3.3867529034614563,4.706930884893392,1.1068528
97.04999987765768,3.19155744884724,2.4046133440242428,28,10,0.8,100,18,202,41,3.029123842716217,5.505820752617732,0.8456917
97.09999987748596,2.9677804172524933,2.121678839770074,24,8,0.7,96,16,193,37,3.203049898147583,5.132957596889121,0.9640117
97.14999987731424,3.389528333275249,2.344847925368624,24,11,0.9,90,15,181,35,3.15934419631958,5.068306699842955,0.99287987
97.19999987714252,3.099667747037132,2.209138938045455,30,10,0.8,93,14,190,38,3.2258406281471252,5.001687310955845,0.8477612
97.24999987697082,3.744277764199694,2.5621936071165234,28,9,0.8,92,17,192,39,3.005588948726654,5.403739893941273,0.92750823
97.2999998767991,3.4287944440111917,2.5588679257252043,22,7,0.7,85,14,185,39,3.186520040035248,6.093945626572195,1.1600729
97.34999987662741,3.4397070559942415,2.4597308933367352,29,11,0.9,97,15,200,41,3.2144981622695923,5.908510945390324,0.86847687
97.39999987645568,3.143211434325523,2.1811021007731086,34,10,0.8,96,15,194,38,2.9592031240463257,6.351395578984711,0.9117827
97.44999987628397,3.144801404409441,1.8795020365431605,25,10,0.8,87,15,192,38,3.2320362329483032,5.689690707296755,0.9051573
97.49999987611226,4.327351561210418,3.1233677058430853,21,11,0.9,95,17,191,38,3.1168171763420105,5.725439719084102,1.0278177
97.54999987594054,3.0744496314659653,2.205528530363265,23,9,0.8,84,16,191,37,2.991240620613098,5.394624145565823,1.1611831
97.59999987576884,3.568499544029307,2.8137116355035525,23,8,0.7,93,16,187,37,3.2037371397018433,6.400231359059196,1.100749
97.64999987559712,3.5131868206820345,2.147807040480433,27,8,0.7,91,17,207,38,3.119269609451294,6.360740555973399,0.9109425
97.6999998754254,3.426719672970371,2.185163354861908,25,8,0.7,87,17,195,35,3.1917688250541687,6.852632647636314,1.1855125
97.74999987525368,3.5973122754830413,2.222260856880609,27,8,0.7,85,15,200,38,2.9975375533103943,6.84019646645079,1.1542826
97.79999987508198,2.922612708324058,1.7227560679669154,26,9,0.8,93,16,207,38,3.194470703601837,6.735190150603048,1.0495173
97.84999987491027,3.5113246039861274,2.3187913005292775,29,9,0.8,97,17,206,39,3.3561712503433228,6.798799326143259,0.9769441
97.89999987473855,3.6876749924029277,2.8314470233752043,28,11,0.9,99,16,209,40,3.1632450222969055,6.681447268863341,0.80824834
97.94999987456684,3.605551427740814,2.51668168693586,30,10,0.8,90,16,201,39,3.200620412826538,7.222710464994799,0.78667283
97.99999987439512,3.172335382739029,2.191495529626266,20,8,0.7,96,18,205,40,3.302081525325775,7.43892426063268,0.8497628
98.04999987422342,4.541619304383156,3.141378634824545,20,9,0.9,87,17,192,38,3.483404517173767,7.943413930721608,1.1672344
98.0999998740517,3.4551739042013523,2.605360468083834,25,8,0.8,87,14,190,37,3.270285129547119,6.892185926043268,1.0138465
98.14999987388,3.276846280792479,2.339798623064833,29,11,0.9,101,18,195,38,3.3007296919822693,7.198583011028168,0.9220328
98.19999987370828,3.2553754199578817,2.4339759111802413,24,9,0.8,99,16,196,37,3.115091025829315,6.824401343182771,0.80369353
98.24999987353657,3.110194245489171,2.5009526730930935,34,11,0.9,102,17,205,38,3.0143332481384277,7.371163236275287,0.750398
98.29999987336485,3.0288424240507417,2.388479343279176,27,10,0.8,97,17,194,37,3.126511871814728,7.046902621740232,0.83183247
98.34999987319314,3.490941161699973,2.802163787325072,22,9,0.7,99,17,192,37,3.085595965385437,7.17959575707499,0.8704445
98.39999987302144,3.4102405349763583,2.453117308346546,22,10,0.9,100,16,198,38,3.1821900606155396,7.024878300200905,0.8531005
98.44999987284972,3.234097678209877,2.491803945200378,22,10,0.9,87,14,179,36,3.3389949798583984,6.833082896178695,1.0893303
98.499999872678,3.2761557412749482,2.340109375530355,27,9,0.7,101,16,192,37,3.114682137966156,7.012023076915783,0.7851458
98.54999987250628,3.3704035219865878,2.5057635413665764,21,9,0.9,97,17,188,36,3.3599796891212463,7.539872381753874,0.797138
98.59999987233458,2.861020417756883,2.2874070760886624,22,11,0.9,98,17,192,38,3.358323872089386,7.42890084554892,0.990558
98.64999987216287,3.010446584675322,2.2790132223824315,28,9,0.8,97,17,198,37,3.210567831993103,6.997846404241956,0.9612989
98.69999987199117,3.5376401806717634,2.6610234762317324,25,10,0.9,95,16,196,39,3.097705841064453,6.9171625978585105,0.82740647
98.74999987181944,2.715771125846542,2.139535159206645,21,9,0.9,100,17,190,38,3.323446214199066,7.034348599606206,0.9726459
98.79999987164773,3.4005657323406173,2.736435881834108,31,12,0.9,103,17,202,37,3.1063520908355713,7.142957046006133,0.7965458
98.849999871476,3.1933292929280337,2.66152968410488,23,10,0.9,93,15,193,37,3.0805665254592896,6.585409135999898,0.9767104
98.8999998713043,2.8080871777145013,2.1369714925138945,25,9,0.8,94,13,197,36,3.1914860010147095,7.047583181951245,0.9572436
98.9499998711326,3.6913232183656457,3.074151095931501,23,9,0.8,93,15,194,37,3.2013091444969177,6.891913413398054,1.0683559
98.99999987096088,3.842812523869466,3.0725706927643075,20,10,0.9,95,16,198,42,3.22089284658432,7.733843983160105,1.1342497
99.04999987078916,3.7391788622030724,2.898434031554569,20,8,0.8,99,17,190,39,3.0387118458747864,7.726648292669953,1.0718402
99.09999987061744,3.202496385613758,2.720404231205882,26,10,0.8,100,17,203,38,3.152778148651123,7.881115021763696,0.84971595
99.14999987044574,4.011465596261178,3.2236533351798395,29,11,0.9,97,18,190,39,3.0917292833328247,8.23657377607093,0.9193268
99.19999987027404,3.4954017494776184,2.9225957113292718,29,11,0.9,101,17,202,38,2.9951971769332886,8.1118586743146,0.8247402
99.24999987010231,3.567138972939709,2.8705698699706654,19,8,0.8,100,19,198,39,3.1498146057128906,7.862310832950881,0.91531074
99.2999998699306,3.848959231857031,2.953262315810103,23,8,0.8,100,18,206,40,3.3203062415122986,7.964518741254913,0.79882634
99.34999986975888,4.1172392799731075,2.906275400989272,21,9,0.7,94,16,196,42,3.098689913749695,7.968608482449868,1.1481113
99.39999986958718,3.9860276032482034,3.265152209765616,25,9,0.9,92,18,196,38,3.1989267468452454,8.23849857717093,1.097387
99.44999986941546,3.2915349763084514,2.6257629351037783,28,11,0.9,98,17,197,37,3.109953999519348,7.269091997119919,0.8850148
99.49999986924377,3.8220717490136087,2.9327305696858175,26,10,0.9,101,17,202,38,3.071644902229309,7.211583399089712,0.9308957
99.54999986907204,3.5471001090229866,2.672706244474883,29,12,0.9,101,17,202,37,2.994733154773712,6.828973584579856,0.83232284
99.59999986890033,3.3832571049493105,2.7338080403738187,31,10,0.9,100,18,192,36,3.1284990906715393,7.037222360835109,0.8301503
99.6499998687286,3.702807332833392,2.9338097728571224,26,9,0.9,96,17,194,39,3.210657835006714,6.926938810424392,1.017566
99.6999998685569,3.0964024596866917,2.2550355757023084,19,8,0.7,93,16,183,35,3.2330095767974854,7.7137665308861525,1.0697044
99.7499998683852,3.3138589855624607,2.374934136576083,30,9,0.8,93,17,200,36,3.19644033908844,7.761479514510556,0.8993925
99.79999986821348,3.463048787421518,2.3904308394176237,27,10,0.9,100,17,199,37,3.4264573454856873,7.442992051232453,0.81408685
99.84999986804176,3.2823276171715694,2.2921862430481683,28,11,0.8,100,18,199,38,2.926749289035797,6.715360500482523,0.94118625
99.89999986787004,3.3128728188590655,2.853553477273765,25,10,0.8,94,16,187,35,3.0889037251472473,7.792559395642522,1.1435064
99.94999986769834,3.1507875057024393,2.2717649009416485,26,9,0.8,95,16,200,38,3.187708556652069,7.018246179464915,0.96179986
