step,time_ps,elapsed_time_ns,potential_energy_kJ_mol,kinetic_energy_kJ_mol,total_energy_kJ_mol,temperature_K,volume_nm3,density_g_mL,speed_ns_day
3775000,7550.000000620638,0.0,-840752.4123685919,222967.5334623232,-617784.8789062686,311.1488498498192,766.743186883995,1.022035581030908,0
3800000,7600.000000630825,0.05000000001018634,-841882.8049685908,223064.25498896945,-618818.5499796214,311.2838237238373,766.8159463008989,1.0219386050703927,104
3825000,7650.000000641011,0.10000000002037268,-844143.2934178538,222943.7836538021,-621199.5097640516,311.11570724160737,764.2174733234415,1.0254133749396914,104
3850000,7700.000000651197,0.15000000003055902,-842145.4244577838,221924.0741518723,-620221.3503059115,309.6927133474761,764.6681401640095,1.0248090345968843,105
3875000,7750.000000661384,0.20000000004074536,-841692.644824489,222678.7117619236,-619013.9330625654,310.74580220204945,764.3750998388242,1.02520191810763,105
3900000,7800.00000067157,0.2500000000509317,-839742.3814524952,222200.60562166508,-617541.7758308302,310.07861010758825,765.0055727082615,1.0243570066218564,106
3925000,7850.000000681756,0.30000000006111804,-840803.2799462411,222447.54048253948,-618355.7394637016,310.4232051109764,767.8606232555503,1.020548254168872,106
3950000,7900.000000691943,0.3500000000713044,-840198.2929551592,221158.22036317893,-619040.0725919802,308.6239724334751,767.7594188406316,1.0206827806708263,106
3975000,7950.000000702129,0.4000000000814907,-842680.9663186306,223459.7686100275,-619221.1977086031,311.8357588256936,766.4137464475647,1.0224748996749469,106
4000000,8000.000000712315,0.45000000009167707,-842079.3506615981,221424.53976799123,-620654.8108936069,308.9956183642224,764.6591972161085,1.0248210200851102,106
4025000,8050.000000722502,0.5000000001018634,-843663.983756559,222513.6662807372,-621150.3174758218,310.51548296746574,765.7511789763408,1.023359597769141,106
4050000,8100.000000732688,0.5500000001120497,-841844.1636730186,222791.2538116331,-619052.9098613855,310.90285344974944,766.5346332163568,1.0223136497047085,106
4075000,8150.000000742874,0.6000000001222361,-839762.5250531579,222574.9057952792,-617187.6192578787,310.6009420664619,767.4538233872361,1.021089210357704,106
4100000,8200.00000075306,0.6500000001324215,-841342.6749396231,221711.62817117028,-619631.0467684529,309.3962472139356,767.9348107592825,1.0204496625614148,106
4125000,8250.000000763246,0.7000000001426079,-841505.6249761079,221853.73928961076,-619651.8856864971,309.5945617863174,767.3568090936684,1.0212183031698594,106
4150000,8300.000000773432,0.7500000001527942,-840496.495029131,223440.3309045665,-617056.1641245645,311.8086337119876,765.361542677878,1.0238805777549869,106
4175000,8350.000000783619,0.8000000001629806,-840923.0399922677,222460.77222859865,-618462.2677636691,310.4416698735536,765.4806338061898,1.0237212855562343,106
4200000,8400.000000793805,0.8500000001731669,-841841.469329542,222858.5718084014,-618982.8975211406,310.9967950068156,765.6807104647601,1.0234537814499902,106
4225000,8450.000000803991,0.9000000001833532,-841871.665323019,221670.6151013924,-620201.0502216266,309.3390139060542,762.8265252271735,1.0272831274123593,106
4250000,8500.000000814178,0.9500000001935396,-842537.7650820827,223296.5227786801,-619241.2423034026,311.6079509835483,765.5574748807286,1.0236185318817013,106
4275000,8550.000000824364,1.000000000203726,-837831.9435872943,220785.74068987992,-617046.2028974143,308.10418096366004,767.0560015243873,1.0216187826588037,106
4300000,8600.00000083455,1.0500000002139123,-840669.7189996452,222555.39402121623,-618114.3249784289,310.5737135908003,763.9096555985026,1.0258265657010368,106
4325000,8650.000000844737,1.1000000002240986,-842870.9416574794,222022.2488848649,-620848.6927726144,309.8297151556794,766.3166548816562,1.0226044462383408,106
4350000,8700.000000854923,1.150000000234285,-842657.6819848255,221491.49601239368,-621166.1859724319,309.08905509966354,763.0467204285816,1.0269866805381538,106
4375000,8750.00000086511,1.2000000002444713,-841426.7987267147,222803.89353008065,-618622.9051966341,310.92049204401604,765.6304309142284,1.0235209924620443,106
4400000,8800.000000875296,1.2500000002546576,-841395.1164086019,221621.83156893103,-619773.2848396709,309.2709369991554,765.750996582492,1.0233598415226546,106
4425000,8850.000000885482,1.300000000264844,-840617.2590054679,222220.97106987835,-618396.2879355896,310.10702987655566,767.5523508346561,1.0209581374564547,106
4450000,8900.000000895669,1.3500000002750303,-840282.5982373278,221538.63908870396,-618743.9591486239,309.15484276724254,768.4809492888348,1.0197244567138146,106
4475000,8950.000000905855,1.4000000002852167,-841326.0808524722,222789.98122702987,-618536.0996254424,310.90107757130886,766.8150255418576,1.021939832171035,106
4500000,9000.000000916041,1.450000000295403,-841599.4768494065,221907.2115677924,-619692.2652816141,309.66918178859623,766.4827617695516,1.0223828344153685,106
4525000,9050.000000926228,1.5000000003055893,-840342.5909342687,222445.62660170952,-617896.9643325591,310.42053431039056,764.5677887817164,1.0249435432757972,106
4550000,9100.000000936414,1.5500000003157757,-840558.0279703173,221364.4184367997,-619193.6095335176,308.9117196783411,766.1178078972514,1.022869864700459,106
4575000,9150.0000009466,1.600000000325962,-842774.9164065528,221836.84035796145,-620938.0760485913,309.5709795047865,764.5828202699722,1.0249233931672344,106
4600000,9200.000000956788,1.6500000003361501,-839812.6928492612,222781.12608127543,-617031.5667679858,310.88872030846454,768.0054758733967,1.0203557697518997,106
4625000,9250.000000966971,1.700000000346333,-841172.543630755,221399.3234007141,-619773.220230041,308.96042918867823,765.5272900071645,1.0236588933376105,106
4650000,9300.00000097716,1.750000000356521,-842234.8790911254,220620.99798085412,-621613.8811102713,307.8742842444448,765.788171666081,1.023310162657065,106
4675000,9350.000000987346,1.8000000003667074,-842020.9408013411,224257.5697011488,-617763.3711001923,312.9490818645084,764.3362926821908,1.025253970027443,106
4700000,9400.000000997532,1.8500000003768937,-840693.0592106278,221854.67044072505,-618838.3887699028,309.5958611979122,767.8049207167963,1.0206222926741542,106
4725000,9450.000001007718,1.90000000038708,-840421.0645014206,221018.713425363,-619402.3510760576,308.4292919677883,768.12947576183,1.020191052727487,106
4750000,9500.000001017905,1.9500000003972664,-842067.5117810615,223767.05660451856,-618300.455176543,312.2645759928114,764.8356436699015,1.02458459538882,106
4775000,9550.000001028093,2.0000000004074545,-841545.3258054876,222101.75429576816,-619443.5715097194,309.9406641210971,767.642105220126,1.0208387648092343,106
4800000,9600.000001038276,2.0500000004176373,-840614.354643763,223043.2712347645,-617571.0834089986,311.25454111535623,767.9954423000257,1.0203691003186146,106
4825000,9650.000001048464,2.1000000004278254,-842406.1486317492,221756.47076452684,-620649.6778672223,309.4588245817277,767.4403652743487,1.0211071165488337,106
4850000,9700.00000105865,2.1500000004380118,-841099.397553463,222593.43696578767,-618505.9605876753,310.6268021201682,764.7613532766097,1.024684125513121,106
4875000,9750.000001068836,2.200000000448198,-843096.1409710711,223301.45924539637,-619794.6817256748,311.6148397709749,765.184219049179,1.0241178516230072,106
4900000,9800.000001079025,2.250000000458386,-843364.3443629043,221668.9072630148,-621695.4370998896,309.33663063554536,766.0888623274082,1.0229085123725048,106
4925000,9850.000001089207,2.300000000468569,-840225.5603710185,220969.20094897135,-619256.3594220472,308.36019782729505,766.2611533160708,1.022678515173579,106
4950000,9900.000001099395,2.350000000478757,-842227.4423705605,221942.6054262232,-620284.8369443372,309.7185735460934,766.2213572809862,1.022731631090649,106
4975000,9950.000001109582,2.4000000004889435,-839833.0890266788,222731.86980971703,-617101.2192169618,310.81998369912367,767.911848522203,1.020480176229259,106
5000000,10000.000001119768,2.45000000049913,-841003.6045059529,221336.63693091407,-619666.9675750388,308.872950878825,765.2931253931176,1.0239721127848005,106
5025000,10050.000001129954,2.500000000509316,-840382.2915162551,220983.9221602617,-619398.3693559935,308.38074112295,765.4122228178973,1.0238127836833784,106
5050000,10100.00000114014,2.5500000005195025,-841004.4036857844,221681.9276097302,-619322.4760760543,309.3548003925599,766.0609945566309,1.0229457237435984,106
5075000,10150.000001150329,2.6000000005296906,-843148.8528863122,222652.14808239663,-620496.7048039156,310.70873286641904,764.3900698687121,1.0251818402652295,106
5100000,10200.000001160512,2.6500000005398734,-841066.3158968589,222104.4345436018,-618961.8813532571,309.944404378783,768.7667072810212,1.019345415308179,106
5125000,10250.0000011707,2.7000000005500615,-842798.061074289,222626.16774079704,-620171.893333492,310.67247757273617,768.272001114369,1.020001792817928,106
5150000,10300.000001180886,2.750000000560248,-842015.4615640952,221385.50519056665,-620629.9563735286,308.94114602162875,767.9364882770137,1.0204474334416518,106
5175000,10350.000001191072,2.800000000570434,-841426.7293765666,222699.77142332328,-618726.9579532433,310.7751907382232,767.3289307908577,1.0212554056847645,106
5200000,10400.00000120126,2.8500000005806223,-840072.802299493,222395.52474841048,-617677.2775510825,310.3506177006166,767.2589537866899,1.0213485481543665,106
5225000,10450.000001211443,2.900000000590805,-842470.0525938096,222535.68810055664,-619934.364493253,310.5462141856033,764.733387607516,1.0247215973662451,106
5250000,10500.000001221631,2.950000000600993,-840467.861904894,222657.0993167557,-617810.7625881383,310.7156422619361,766.1441414980171,1.0228347070255603,106
5275000,10550.000001231818,3.0000000006111796,-840751.4213965638,221461.84476424416,-619289.5766323196,309.04767709446674,767.3092264840795,1.0212816312651665,106
5300000,10600.000001242004,3.050000000621366,-840959.5059197713,223819.0966897361,-617140.4092300351,312.3371973848593,766.9198294113438,1.0218001783966946,106
5325000,10650.00000125219,3.1000000006315522,-844121.708023937,220922.7234058051,-623198.9846181319,308.2953389042246,765.5314125739357,1.0236533806936228,106
5350000,10700.000001262377,3.1500000006417386,-840466.5562802022,220873.2877047726,-619593.2685754297,308.2263519029383,765.1926290580552,1.024106595842573,106
5375000,10750.000001272563,3.200000000651925,-841486.3401615904,223902.75337555044,-617583.5867860399,312.4539394107909,767.0703091341537,1.0215997271397743,106
5400000,10800.00000128275,3.2500000006621113,-840525.0978731485,222628.11635367209,-617896.9815194765,310.6751968415259,767.6862937001437,1.020780004722295,106
5425000,10850.000001292936,3.3000000006722976,-842910.453549731,222081.55738309896,-620828.8961666321,309.91247954171035,765.3785769895784,1.0238577902071906,106
5450000,10900.000001303122,3.350000000682484,-840526.7153797839,222339.1250745752,-618187.5903052087,310.2719125484663,767.8698536154299,1.020535986428947,106
5475000,10950.000001313309,3.4000000006926703,-841387.393162067,222784.5162781297,-618602.8768839373,310.8934512925482,763.3447202718561,1.0265857583050946,106
5500000,11000.000001323497,3.4500000007028584,-840247.952128985,223317.013000216,-616930.939128769,311.63654487237613,768.3024398369444,1.019961382232216,106
5525000,11050.00000133368,3.500000000713041,-839605.0356265972,222086.22115789072,-617518.8144687065,309.9189877904221,767.3613736005698,1.0212122286420644,106
5550000,11100.000001343868,3.5500000007232293,-841742.4191187066,221833.53906504688,-619908.8800536597,309.56637258521647,767.9367009808271,1.0204471507971835,106
5575000,11150.000001354054,3.6000000007334156,-839984.1026099483,223125.9478364181,-616858.1547735301,311.369915444141,765.7709624717892,1.02333315953769,106
5600000,11200.00000136424,3.650000000743602,-842922.9070418482,223469.4963772561,-619453.4106645922,311.8493338226349,766.4044118863881,1.0224873530929524,106
5625000,11250.000001374428,3.70000000075379,-841059.7072683563,222589.82929636436,-618469.877971992,310.6217676553998,766.8185307919757,1.0219351607206542,106
5650000,11300.000001384611,3.750000000763973,-843122.7820482398,221720.44272579992,-621402.3393224399,309.4085478322918,763.2722717310639,1.02668320012624,106
5675000,11350.0000013948,3.800000000774161,-840159.7245733924,222173.97993271332,-617985.7446406791,310.0414542384572,764.9719659527153,1.0244020086834296,106
5700000,11400.000001404986,3.8500000007843473,-842663.3214904289,220861.8429533554,-621801.4785370735,308.21038087260496,767.6865469726512,1.0207796679500636,106
5725000,11450.000001415172,3.9000000007945337,-840929.6961663766,223291.3681067957,-617638.3280595809,311.6007576931025,767.4655762894541,1.0210735734848384,106
5750000,11500.000001425358,3.95000000080472,-840949.8487462052,223224.8149575021,-617725.0337887031,311.50788347264967,764.9152667429695,1.0244779423023282,106
5775000,11550.000001435545,4.000000000814906,-841513.4628103883,221927.2741961316,-619586.1886142567,309.6971789756117,765.4653847790312,1.0237416793637095,106
5800000,11600.000001445733,4.0500000008250945,-842802.2631171541,221268.15167843064,-621534.1114387235,308.7773804286747,763.6106430869944,1.0262282559872566,106
5825000,11650.000001455915,4.100000000835277,-841823.2387270285,222603.9259146893,-619219.3128123392,310.64143933813534,767.3064313655027,1.02128535155623,106
5850000,11700.000001466104,4.150000000845465,-841834.8986049048,221921.2936351846,-619913.6049697201,309.688833165658,765.3550683892265,1.023889238961633,106
5875000,11750.00000147629,4.200000000855652,-841768.8085385067,222513.4595768519,-619255.3489616548,310.515194514366,765.131385849131,1.0241885681356588,106
5900000,11800.000001486476,4.250000000865838,-842205.7767781937,220971.4425054305,-621234.3342727631,308.363325895778,764.4476659202028,1.0251045996264108,106
5925000,11850.000001496664,4.300000000876026,-840837.9847470904,221619.4801233553,-619218.5046237351,309.2676555815651,766.524582271537,1.0223270546473802,106
5950000,11900.000001506847,4.350000000886209,-839884.0516934455,222546.71453548677,-617337.3371579588,310.5616014596748,766.9718553423488,1.0217308667195946,106
5975000,11950.000001517035,4.400000000896397,-841413.4812801727,220873.57048503213,-620539.9107951405,308.2267465198188,764.7172864413562,1.0247431729380274,106
6000000,12000.000001527222,4.450000000906583,-840492.4588954537,222296.48842350487,-618195.9704719489,310.21241354995294,765.8210664982878,1.0232662077208945,106
6025000,12050.000001537408,4.50000000091677,-840466.8458794593,221197.09105568708,-619269.7548237722,308.6782160763902,770.4990440215701,1.0170535896038513,106
6050000,12100.000001547594,4.550000000926956,-841475.6406039116,222903.6250482617,-618572.0155556499,311.0596663295901,764.3399873062325,1.0252490142119297,106
6075000,12150.00000155778,4.6000000009371425,-843183.227218328,220892.94722721484,-622290.2799911132,308.25378655991057,763.0084733274133,1.0270381599972191,106
6100000,12200.000001567969,4.650000000947331,-840947.6328525213,221897.98428669284,-619049.6485658285,309.65630521478846,765.3593505766592,1.0238835102988444,106
6125000,12250.000001578152,4.700000000957513,-841277.9124560775,222867.1326632008,-618410.7797928767,311.0087415897248,766.9593355381617,1.0217475454009677,106
6150000,12300.00000158834,4.7500000009677015,-843246.9041077145,222269.5329368942,-620977.3711708203,310.1747974516546,764.5587729785674,1.0249556295791027,106
6175000,12350.000001598526,4.800000000977888,-841353.4196735313,221368.3817220117,-619985.0379515196,308.91725040120554,765.5423157870497,1.0236388013415287,106
6200000,12400.000001608712,4.850000000988074,-841817.5444546104,222428.4151253676,-619389.1293292429,310.39651587602543,767.2179217303693,1.0214031715279397,106
6225000,12450.0000016189,4.900000000998262,-840281.2906923187,223080.2449799986,-617201.0457123201,311.3061375882847,766.9723004055022,1.0217302738236569,106
6250000,12500.000001629083,4.950000001008445,-841007.1892315424,221288.1752428311,-619719.0139887113,308.8053231023741,766.2822376768086,1.022650376034144,106
6275000,12550.000001639271,5.000000001018633,-840816.6700162743,222659.27060433387,-618157.3994119405,310.71867227093406,767.5152062016806,1.0210075477026528,106
6300000,12600.000001649458,5.0500000010288195,-841864.149979318,221585.02565665543,-620279.1243226626,309.2195747353568,766.5786715297214,1.0222549199610635,106
6325000,12650.000001659644,5.100000001039006,-840989.9431401268,223256.42168082728,-617733.5214592995,311.55199032290466,764.9009117604778,1.0244971687965037,106
6350000,12700.00000166983,5.150000001049192,-843117.1350925281,221164.24943589716,-621952.885656631,308.6323859410957,767.0450375342424,1.0216333854757391,106
6375000,12750.000001680017,5.2000000010593785,-841143.5027432712,221627.3795106668,-619516.1232326044,309.2786790935461,766.7312617931007,1.0220514769096969,106
6400000,12800.000001690203,5.250000001069565,-841545.0201860308,222493.9369043957,-619051.0832816351,310.4879508301111,765.8958037069192,1.0231663559399056,106
6425000,12850.00000170039,5.300000001079751,-842525.0087645254,223472.00206524527,-619053.0066992801,311.85283048389243,765.3980661558448,1.0238317199365838,106
6450000,12900.000001710576,5.350000001089938,-841218.916535968,222442.9332820292,-618775.9832539387,310.41677581108,763.907141282547,1.02582994209584,106
6475000,12950.000001720762,5.400000001100124,-841026.565562028,221945.08970032108,-619081.4758617069,309.7220403244905,767.6414669018246,1.0208396136691442,106
6500000,13000.000001730948,5.45000000111031,-842356.0869245958,222671.33003396337,-619684.7568906324,310.73550107825326,766.0711023748987,1.0229322266289815,106
6525000,13050.000001741137,5.500000001120498,-840854.8820952573,222471.1916768469,-618383.6904184103,310.4562101040893,766.172139036845,1.0227973304975382,106
6550000,13100.00000175132,5.550000001130681,-841674.1754409531,222732.74747885505,-618941.427962098,310.82120847718267,766.3309148816314,1.0225854174622666,106
6575000,13150.000001761508,5.600000001140869,-843088.4163552844,222122.97089394013,-620965.4454613442,309.9702716608874,765.6534971213147,1.0234901576950668,106
6600000,13200.000001771694,5.650000001151056,-841207.743372344,220908.9405881472,-620298.8027841968,308.27610512702233,767.7093646405436,1.0207493285891969,106
6625000,13250.00000178188,5.700000001161242,-842334.23515769,221423.165580332,-620911.0695773581,308.9937006997848,766.449830741043,1.0224267617761902,106
6650000,13300.000001792068,5.75000000117143,-843415.073504189,222241.28873387745,-621173.7847703116,310.1353829631543,763.8921078313437,1.0258501305023169,106
6675000,13350.000001802253,5.800000001181615,-841443.0767688355,221998.68944120387,-619444.3873276317,309.7968381996293,765.411249428602,1.0238140856872422,106
6700000,13400.00000181244,5.850000001191801,-842542.6735288906,221616.63842422832,-620926.0351046623,309.26369002029594,763.1783628408243,1.0268095332151297,106
6725000,13450.000001822626,5.900000001201987,-842203.7009411021,222041.1895381466,-620162.5114029555,309.85614663829256,764.7822573518166,1.0246561174443969,106
6750000,13500.000001832812,5.950000001212174,-841714.9854616337,222003.286553114,-619711.6989085197,309.80325342099025,763.9884755799408,1.0257207321270343,106
6775000,13550.000001842998,6.00000000122236,-841345.0672447989,221004.13465569305,-620340.9325891058,308.4089474479176,765.2493428638169,1.024030697727668,106
6800000,13600.000001853185,6.050000001232546,-843903.0071989368,222598.9434767504,-621304.0637221864,310.6344863983505,764.3216950439365,1.0252735511628082,106
6825000,13650.000001863373,6.1000000012427344,-842433.733236033,222479.3415404285,-619954.3916956045,310.467583153073,765.5386911947598,1.0236436479591455,106
6850000,13700.000001873555,6.150000001252917,-842399.5770362252,221318.97276484204,-621080.6042713833,308.8483007206987,764.66818732162,1.02480897139621,106
6875000,13750.000001883744,6.200000001263105,-842292.3712180061,222080.1463773255,-620212.2248406806,309.9105104979813,762.9676694753919,1.027093086457117,106
6900000,13800.00000189393,6.250000001273292,-839771.215017104,223202.1456880802,-616569.0693290238,311.4762487453957,766.6984803805786,1.0220951763455774,106
6925000,13850.000001904116,6.300000001283478,-841174.6090773549,222456.68801181935,-618717.9210655355,310.43597039195794,765.5866070389009,1.023579581073648,106
6950000,13900.000001914304,6.350000001293666,-843144.7039114255,222772.92951454985,-620371.7743968756,310.8772820857341,764.4461295290679,1.0251066598914294,106
6975000,13950.000001924487,6.400000001303849,-842506.3676618179,222839.2727185685,-619667.0949432494,310.96986332976195,764.2078516358379,1.025426285311048,106
7000000,14000.000001934675,6.450000001314037,-841566.7227192293,222501.99483462796,-619064.7278846013,310.4991955870718,766.4019948258094,1.0224905777895084,106
7025000,14050.000001944862,6.500000001324223,-841863.1029059058,223075.4370607098,-618787.665845196,311.2994281874421,766.8844103984869,1.0218473708459936,106
7050000,14100.000001955048,6.55000000133441,-843542.2573062652,220334.5975267453,-623207.6597795199,307.4746154204296,763.2631878202362,1.0266954191075652,106
7075000,14150.000001965234,6.600000001344596,-842990.7384990929,222386.88001401324,-620603.8584850796,310.3385540646101,764.4298907723222,1.0251284361954296,106
7100000,14200.00000197542,6.650000001354782,-843103.6188199762,221765.46184615247,-621338.1569738237,309.4713715416518,765.1476373794513,1.0241668146455405,106
7125000,14250.000001985609,6.7000000013649705,-840481.3181793424,222325.09293114563,-618156.2252481969,310.25233083976974,766.7603754899428,1.0220126698745304,106
7150000,14300.000001995792,6.750000001375153,-842679.2232379015,222447.6873070802,-620231.5359308212,310.42341000308,763.868210410748,1.025882223959935,106
7175000,14350.00000200598,6.800000001385341,-840370.5691587981,222319.3730635347,-618051.1960952634,310.24434882462697,765.1171841624677,1.0242075785636429,106
7200000,14400.000002016166,6.850000001395528,-843135.5820328062,222422.70509601975,-620712.8769367865,310.3885475900756,763.5414740627729,1.026321221738963,106
7225000,14450.000002026352,6.900000001405714,-841141.0451862109,221787.8693758546,-619353.1758103563,309.50264101387734,769.5349746368819,1.0183277490126386,106
7250000,14500.00000203654,6.950000001415902,-842510.5021134187,221681.0261568209,-620829.4759565977,309.3535424244981,764.6251786701467,1.0248666148705643,106
7275000,14550.000002046723,7.000000001426085,-841487.3326532063,223468.8781927588,-618018.4544604475,311.8484711526653,766.2140890838768,1.022741332576422,106
7300000,14600.000002056911,7.050000001436273,-842355.2946974128,222357.36901356676,-619997.925683846,310.297371773609,765.5751601156745,1.0235948856936137,106
7325000,14650.000002067098,7.1000000014464595,-842077.4194960813,223978.57503720076,-618098.8444588806,312.5597477428375,765.9535519195322,1.0230892154551945,106
7350000,14700.000002077284,7.150000001456646,-840580.1490264102,223004.3520411264,-617575.7969852838,311.2002297896239,769.2662199648794,1.0186835170589583,106
7375000,14750.00000208747,7.200000001466832,-841912.9259579126,222829.22265679145,-619083.7033011211,310.95583857416506,765.323521393118,1.0239314441584342,106
7400000,14800.000002097657,7.2500000014770185,-840141.6076245164,222865.0738928675,-617276.5337316488,311.00586859735967,765.8577011684278,1.0232172599595435,106
7425000,14850.000002107843,7.300000001487205,-842342.6043408718,221775.77370613432,-620566.8306347375,309.4857616338923,765.92894846435,1.0231220795083291,106
7450000,14900.00000211803,7.350000001497391,-842218.7413761048,221200.9064398425,-621017.8349362622,308.68354040488435,765.073387864956,1.0242662088866104,106
7475000,14950.000002128216,7.4000000015075775,-840782.7802678244,222659.81965371536,-618122.9606141091,310.7194384635762,765.7946979360773,1.0233014417839257,106
7500000,15000.000002138402,7.450000001517764,-843764.5321825724,223879.3692270797,-619885.1629554927,312.4213070773368,763.4073874471547,1.0265014871404023,106
7525000,15050.000002148588,7.50000000152795,-842055.451289291,223867.9614048333,-618187.4898844578,312.4053875812732,765.2617989760932,1.024014029652295,106
7550000,15100.000002158777,7.550000001538138,-842561.7358245417,223630.80781335055,-618930.9280111911,312.07444223653283,765.3133847687006,1.0239450061954838,106
7575000,15150.00000216896,7.600000001548321,-841118.6517526857,223379.9753078118,-617738.6764448739,311.7244081109747,766.0170244907529,1.0230044417478006,106
7600000,15200.000002179147,7.650000001558509,-840587.0402719807,223213.4102088101,-617373.6300631706,311.4919682656989,767.4349215175251,1.0211143597152277,106
7625000,15250.000002189334,7.700000001568696,-841732.5811637738,222224.4478251408,-619508.133338633,310.1118816519882,765.0351985538705,1.0243173385875175,106
7650000,15300.00000219952,7.750000001578882,-842090.8088637888,223359.78612317855,-618731.0227406103,311.6962343159809,763.4397267789759,1.0264580045038,106
7675000,15350.000002209708,7.80000000158907,-841828.9219387104,222280.01189649603,-619548.9100422143,310.1894207296588,765.7256688547097,1.0233936909553478,106
7700000,15400.000002219893,7.850000001599255,-843071.7438796354,221791.5369080729,-621280.2069715625,309.50775901654697,766.4426568515673,1.0224363316722815,106
7725000,15450.00000223008,7.900000001609441,-841416.7609475963,221464.12224323227,-619952.638704364,309.0508552924613,766.889272812147,1.0218408918863957,106
7750000,15500.000002240266,7.950000001619627,-841816.7050529094,221027.16219345716,-620789.5428594523,308.4410821348781,765.9906661527963,1.0230396441308034,106
7775000,15550.000002250452,8.000000001629813,-843038.7769181621,222225.32891803948,-620813.4480001227,310.1131112078692,765.046772339678,1.0243018425029586,106
7800000,15600.000002260638,8.050000001639999,-841525.464630885,222771.9825909455,-618753.4820399396,310.8759606637952,765.9135983352757,1.023142584505255,106
7825000,15650.000002270825,8.100000001650185,-842762.7537734755,222983.5355756877,-619779.2181977879,311.1711806308581,765.3557365870053,1.0238883450498446,106
7850000,15700.00000228101,8.150000001660372,-840466.4449683852,222663.7293236594,-617802.7156447257,310.7248943668976,766.1518305120327,1.0228244419709267,106
7875000,15750.000002291195,8.200000001670556,-841722.6098647844,222029.9486190704,-619692.6612457139,309.84046005384903,766.6084569069014,1.0222152018388713,106
7900000,15800.000002301384,8.250000001680746,-842419.587671414,221312.1940667793,-621107.3936046347,308.83884111878746,763.7756505598757,1.0260065477788376,106
7925000,15850.00000231157,8.300000001690933,-843361.4406836312,221626.42058426372,-621735.0200993675,309.27734092182766,764.553591222235,1.0249625762083316,106
7950000,15900.000002321756,8.350000001701119,-842171.3944880711,223502.7271674941,-618668.667320577,311.8957070412,763.3169465378593,1.0266231112289428,106
7975000,15950.000002331944,8.400000001711305,-843295.7966950899,222675.5744874489,-620620.222207641,310.74142416848866,766.0717863793303,1.0229313132809263,106
8000000,16000.000002342127,8.450000001721488,-841832.8338857791,221836.26419154057,-619996.5696942386,309.5701754706009,766.6958605573728,1.022098668876057,106
8025000,16050.000002352315,8.500000001731678,-840804.2061715988,223441.73501222956,-617362.4711593692,311.810593129476,765.7099600211815,1.0234146862694542,106
8050000,16100.000002362502,8.550000001741864,-843188.0724275047,221075.0941261537,-622112.978301351,308.50797064325434,763.2435667151503,1.0267218129084277,106
8075000,16150.000002372688,8.60000000175205,-842243.4580191541,221719.9185586045,-620523.5394605496,309.40781636247885,765.3362143643473,1.0239144624292054,106
8100000,16200.000002382874,8.650000001762237,-841057.7168188216,222756.91529704636,-618300.8015217753,310.85493441349644,765.9040529991572,1.0231553357628411,106
8125000,16250.00000239306,8.700000001772423,-841246.8910589847,221946.16369923457,-619300.7273597501,309.723539078688,763.6551101921985,1.026168499430647,106
8150000,16300.000002403249,8.75000000178261,-842869.164553775,220253.58105506512,-622615.5834987098,307.361557785577,762.5156133332752,1.0277019969241814,106
8175000,16350.000002413432,8.800000001792792,-842693.069311806,222893.0449431978,-619800.0243686081,311.04490190415646,764.5009765035352,1.0250331164944564,106
8200000,16400.000002423618,8.850000001802979,-841862.3204533765,223502.68690709083,-618359.6335462857,311.89565085823034,766.730632102505,1.0220523162868864,106
8225000,16450.000002433804,8.900000001813165,-842658.7257854822,221985.4196286933,-620673.306156789,309.7783203157191,765.8152859042552,1.0232739316285295,106
8250000,16500.00000244399,8.950000001823351,-841979.768229322,221738.90675502853,-620240.8614742935,309.4343141910476,763.556256406456,1.0263013523018367,106
8275000,16550.000002454177,9.000000001833538,-842798.4939544243,222328.8409032152,-620469.653051209,310.2575610954065,766.3055973364307,1.0226192020941656,106
8300000,16600.000002464363,9.050000001843724,-842082.6612945227,221495.70918865368,-620586.9521058691,309.09493454285945,767.285842500893,1.0213127560835475,106
8325000,16650.00000247455,9.10000000185391,-841665.2797752437,222757.6023205666,-618907.6774546772,310.85589314759926,764.7681719283003,1.0246749894580378,106
8350000,16700.000002484736,9.150000001864097,-843681.9368861602,221456.56664061552,-622225.3702455447,309.0403115284091,762.7224724610405,1.0274232722944998,106
8375000,16750.000002494922,9.200000001874283,-841299.7691287487,222477.0250923515,-618822.7440363972,310.4643505741244,765.2431284295288,1.0240390137402442,106
8400000,16800.00000250511,9.25000000188447,-842258.684394015,223307.66938334392,-618951.0150106711,311.6235059532204,763.5259902778963,1.0263420348313974,106
8425000,16850.000002515295,9.300000001894656,-842781.9771533664,222592.44109588096,-620189.5360574855,310.6254123941787,764.7165456351455,1.0247441656406324,106
8450000,16900.00000252548,9.350000001904842,-841816.4017117061,222347.0528686721,-619469.3488430339,310.28297570181775,763.0027671962395,1.0270458407222616,106
8475000,16950.000002535668,9.400000001915028,-840979.0946229729,223581.3432474237,-617397.7513755492,312.0054149545897,766.33964003029,1.022573774831092,106
8500000,17000.000002545854,9.450000001925215,-840729.3589629983,221548.32849679285,-619181.0304662054,309.16836423440765,765.1894867019867,1.0241108014774285,106
8525000,17050.00000255604,9.500000001935401,-838593.1136547071,222597.4970176396,-615995.6166370675,310.6324678798617,766.3776378506268,1.0225230745331473,106
8550000,17100.000002566227,9.550000001945588,-840363.2332273712,221797.01844521952,-618566.2147821517,309.5154084440313,766.6057221028109,1.0222188485091668,106
8575000,17150.000002576413,9.600000001955774,-839268.8020532695,222293.4067930241,-616975.3952602453,310.20811316700093,765.0826534696221,1.0242538044153793,106
8600000,17200.0000025866,9.65000000196596,-841946.2420673133,222399.12705338115,-619547.1150139321,310.3556446793477,766.9088788191748,1.02181476854859,106
8625000,17250.000002596786,9.700000001976147,-842007.6068746233,221754.1200397708,-620253.4868348526,309.45554417003365,762.4817004195103,1.0277477060463525,106
8650000,17300.000002606972,9.750000001986333,-843196.4307577643,223067.5574034677,-620128.8733542965,311.28843220856567,767.9607966190706,1.020415133114119,106
8675000,17350.00000261716,9.80000000199652,-841065.0298787281,221499.6230667025,-619565.4068120256,309.1003963185469,766.1475490136509,1.0228301578688614,106
8700000,17400.000002627345,9.850000002006706,-840095.8181698765,223369.90888500024,-616725.9092848762,311.7103605237261,768.6169300670246,1.0195440509489415,106
8725000,17450.00000263753,9.900000002016892,-841693.4604052054,221874.86997167655,-619818.5904335288,309.62404943108453,766.4837210735432,1.0223815548370725,106
8750000,17500.000002647717,9.950000002027078,-840833.1213790532,221872.2402762857,-618960.8811027675,309.6203797188012,766.133858588648,1.02284843532705,106
8775000,17550.000002657904,10.000000002037265,-840917.8426286522,221691.2896154776,-619226.5530131747,309.367864973198,765.0553994916926,1.0242902919568022,106
8800000,17600.00000266809,10.050000002047451,-840959.9688515118,223012.0985061148,-617947.870345397,311.2110399001101,766.3794442067014,1.022520664446628,106
8825000,17650.000002678276,10.100000002057637,-841813.1280497736,221742.8675339939,-620070.2605157797,309.43984141647115,764.3753725857041,1.0252015522917828,106
8850000,17700.000002688463,10.150000002067824,-842825.9604680678,221872.37461747703,-620953.5858505907,309.620567190522,764.9501775678048,1.0244311871396516,106
8875000,17750.00000269865,10.20000000207801,-842548.5559349488,222339.38451724505,-620209.1714177039,310.2722745979856,763.8237272324609,1.0259419687678573,106
8900000,17800.000002708835,10.250000002088196,-841996.4514193651,222349.06236816847,-619647.3890511966,310.2857799372477,765.1967457507155,1.024101086237194,106
8925000,17850.00000271902,10.300000002098383,-839846.9410186033,222917.488628089,-616929.4523905143,311.07901280955105,767.099723745121,1.0215605536690926,106
8950000,17900.000002729208,10.350000002108569,-841363.5701553556,222834.8456165169,-618528.7245388387,310.9636853553719,767.4551596417348,1.0210874324882953,106
8975000,17950.000002739394,10.400000002118755,-840089.4579437957,222654.01422913256,-617435.4437146632,310.7113370545783,769.6116590555417,1.0182262824216386,106
9000000,18000.00000274958,10.450000002128942,-842745.9727977011,221712.63301979224,-621033.3397779089,309.3976494696278,765.0492832616536,1.0242984807038402,106
9025000,18050.000002759767,10.500000002139128,-842793.5140538113,222575.73053318693,-620217.7835206244,310.60209297954526,766.3601917099767,1.022546352205408,106
9050000,18100.000002769957,10.550000002149318,-840492.2107991846,222703.611624024,-617788.5991751606,310.7805496979456,766.4884232593398,1.0223752828205874,106
9075000,18150.00000278014,10.6000000021595,-840739.8281279029,222422.1934782253,-618317.6346496777,310.38783363281976,764.0700995525721,1.0256111565775978,106
9100000,18200.00000279033,10.65000000216969,-841481.5242321566,222538.11457383315,-618943.4096583235,310.54960030356153,766.6463620830064,1.0221646606126171,106
9125000,18250.000002800512,10.700000002179873,-842058.9625162119,223605.4640234771,-618453.4984927347,312.0390752440945,765.3893056232783,1.0238434385627249,106
9150000,18300.0000028107,10.75000000219006,-840347.8815781712,222553.8210358369,-617794.0605423342,310.5715185062336,769.2263374793883,1.018736333283013,106
9175000,18350.000002820885,10.800000002200246,-840805.190942754,221600.6799284113,-619204.5110143428,309.24142010708624,765.1812229096635,1.0241218616534051,106
9200000,18400.00000283107,10.850000002210432,-842209.0598656293,222880.7434829978,-619328.3163826315,311.0277353457196,766.5747488599385,1.0222601509819012,106
9225000,18450.000002841258,10.900000002220619,-842965.6128435098,222068.49698248252,-620897.1158610273,309.89425388989787,764.7280415657812,1.0247287609644504,106
9250000,18500.000002851444,10.950000002230805,-841651.735969346,222886.66979072645,-618765.0661786196,311.0360054458772,764.987247035822,1.0243815456335033,106
9275000,18550.00000286163,11.000000002240991,-840015.2202466838,221881.8364878463,-618133.3837588375,309.6337711311904,765.358752814569,1.02388430997448,106
9300000,18600.000002871817,11.050000002251178,-842429.3712637997,221885.2239083109,-620544.1473554889,309.6384982408514,765.8403384727297,1.0232404577581256,106
9325000,18650.000002882003,11.100000002261364,-841719.8000524752,222210.0500955292,-619509.749956946,310.09178977161656,764.5160086042094,1.0250129620427142,106
9350000,18700.00000289219,11.15000000227155,-842643.2487797216,221294.81937293307,-621348.4294067884,308.8145949161103,764.6213352883068,1.024871766379624,106
9375000,18750.000002902376,11.200000002281737,-841762.6587997312,221184.998650162,-620577.6601495692,308.6613412515553,765.3347081828532,1.023916477496598,106
9400000,18800.00000291256,11.25000000229192,-841742.6872034194,223112.60550666627,-618630.0816967532,311.35129636318266,767.0926661678076,1.0215699524587118,106
9425000,18850.00000292275,11.30000000230211,-841898.4353100783,220868.44599630663,-621029.9893137717,308.21959534965407,764.7505885602982,1.0246985490834783,106
9450000,18900.00000293293,11.350000002312292,-840037.805131074,223427.4797576082,-616610.3253734659,311.790700071456,765.4322383172596,1.0237860117196524,106
9475000,18950.00000294312,11.400000002322482,-841160.0891162688,221848.38962834503,-619311.6994879238,309.5870963902391,765.2852629283166,1.0239826329726098,106
9500000,19000.000002953308,11.450000002332668,-841179.7190327086,222642.42850978655,-618537.290522922,310.6951693049817,767.8757598922705,1.020528136763185,106
9525000,19050.00000296349,11.500000002342851,-842974.457075167,221457.3681937109,-621517.0888814561,309.0414300873304,764.2045541792255,1.0254307099100204,106
9550000,19100.00000297368,11.550000002353041,-840246.823158903,222653.4214900333,-617593.4016688698,310.71050989339415,764.7862408535445,1.0246507803721585,106
9575000,19150.000002983867,11.600000002363227,-841549.4765720721,221575.9407258538,-619973.5358462184,309.2068968098938,765.2137525036271,1.024078325754815,106
9600000,19200.000002994053,11.650000002373414,-841999.5212956998,221121.1607688173,-620878.3605268825,308.5722561589913,765.9850414422425,1.0230471564209551,106
9625000,19250.00000300424,11.7000000023836,-843424.0966053042,221942.7991574132,-621481.297447891,309.7188438959331,764.7223047346946,1.0247364483246526,106
9650000,19300.000003014426,11.750000002393787,-842805.0976402783,221265.43175735348,-621539.6658829248,308.7735848073943,765.5512396158995,1.0236268690540549,106
9675000,19350.00000302461,11.80000000240397,-840930.5169521463,222272.72275197037,-618657.7942001759,310.17924880507263,764.1495878665045,1.0255044705270115,106
9700000,19400.0000030348,11.85000000241416,-842230.3380324664,223664.1623393262,-618566.1756931401,312.1209881270194,767.3359931702955,1.0212460062909627,106
9725000,19450.000003044985,11.900000002424346,-841425.5977150798,222574.91894528436,-618850.6787697955,310.60096041715593,766.0019126059279,1.0230246238453182,106
9750000,19500.00000305517,11.950000002434532,-842496.6074583121,221718.53780856627,-620778.0696497458,309.4058895403104,765.0354574153328,1.0243169919940602,106
9775000,19550.00000306536,12.000000002444722,-842079.4815929681,222896.69296703712,-619182.788625931,311.0499926830883,763.8563490928886,1.0258981540692536,106
9800000,19600.000003075544,12.050000002454905,-840233.9418218452,222239.7995838488,-617994.1422379964,310.1333048699384,766.0994005677511,1.022894441540777,106
9825000,19650.00000308573,12.10000000246509,-840877.1611648919,221304.1344966892,-619573.0266682027,308.82759407342223,764.8577334023092,1.0245550045269476,106
9850000,19700.00000309592,12.15000000247528,-842537.8069486995,222263.61815345235,-620274.1887952471,310.1665434335182,767.0390683187868,1.021641335983147,106
9875000,19750.000003106103,12.200000002485464,-841333.6490627173,222378.2392168704,-618955.4098458469,310.3264959230008,767.2292897623367,1.02138803740303,106
9900000,19800.00000311629,12.25000000249565,-842462.9800999067,222356.49582172267,-620106.484278184,310.29615324356666,764.9267501398199,1.0244625624155952,106
9925000,19850.000003126475,12.300000002505836,-843604.7063519852,222819.1496229017,-620785.5567290835,310.9417817612264,766.133692907246,1.022848656524687,106
9950000,19900.00000313666,12.350000002516023,-841908.2959176907,222471.9252169173,-619436.3707007734,310.457233751549,766.5477116912625,1.0222962074722033,106
9975000,19950.000003146848,12.400000002526209,-841483.7633869951,222376.72380575276,-619107.0395812424,310.3243811827111,767.3379426432033,1.0212434117477884,106
10000000,20000.000003157034,12.450000002536395,-841793.7725983448,221659.05462350004,-620134.7179748449,309.3228813806409,766.3398722193064,1.0225734650072036,106
10025000,20050.00000316722,12.500000002546582,-841298.6443953263,223103.8281961462,-618194.8161991801,311.33904771858994,767.4436474400703,1.021102749527506,106
10050000,20100.000003177407,12.550000002556768,-842129.2485750578,222947.61949901705,-619181.6290760408,311.121060123295,766.0743598058633,1.0229278770106098,106
10075000,20150.000003187597,12.600000002566958,-842591.1148868306,220494.5141012056,-622096.6007856249,307.6977773195752,766.1887599964441,1.0227751429192338,106
10100000,20200.00000319778,12.65000000257714,-841918.7351627974,222099.4304162828,-619819.3047465147,309.93742117169614,765.4477394745643,1.023765278928639,106
10125000,20250.00000320797,12.70000000258733,-842795.5537267243,220849.7680731455,-621945.7856535788,308.1935305041632,765.1880057891755,1.0241127834985717,106
10150000,20300.000003218152,12.750000002597513,-840878.9626537575,222792.2048975878,-618086.7577561698,310.9041806802046,768.1076027846887,1.0202201041461878,106
10175000,20350.00000322834,12.8000000026077,-840358.8833705485,223278.18371243696,-617080.6996581116,311.5823590093255,766.1148510888377,1.022873812450875,106
10200000,20400.000003238525,12.850000002617886,-843159.5445509381,221443.87817507397,-621715.6663758641,309.02260490808504,765.3754161833423,1.023862018480035,106
10225000,20450.00000324871,12.900000002628072,-841024.0619903342,221528.514951428,-619495.5470389063,309.14071464006537,767.1289558188031,1.0215216262721418,106
10250000,20500.000003258898,12.950000002638259,-840243.4467081535,222575.4422256679,-617668.0044824856,310.60169064943227,767.7941558614759,1.020636602305497,106
10275000,20550.000003269084,13.000000002648445,-841905.4075065865,222272.6150314377,-619632.7924751488,310.17909848220125,766.5136868426787,1.0223415862753016,106
10300000,20600.00000327927,13.050000002658631,-840704.3247695616,222868.97105911575,-617835.3537104458,311.011307051905,766.8415006709695,1.0219045497965449,106
10325000,20650.000003289457,13.100000002668818,-841824.9331026855,223160.296885135,-618664.6362175505,311.41784918066185,765.7031641206056,1.0234237694557091,106
10350000,20700.000003299643,13.150000002679004,-842323.9491921775,223377.65278811724,-618946.2964040602,311.7211670591476,765.221062351402,1.024068543148142,106
10375000,20750.00000330983,13.20000000268919,-842415.1509881238,223166.54378105403,-619248.6072070699,311.42656665827013,766.226901610117,1.022724230722999,106
10400000,20800.000003320016,13.250000002699377,-840657.7681234712,222434.27516194576,-618223.4929615255,310.404693495489,767.9360880351564,1.0204479652903071,106
10425000,20850.0000033302,13.30000000270956,-842966.435454587,222353.25928277452,-620613.1761718125,310.2916366874764,766.6763134348987,1.0221247282279775,106
10450000,20900.00000334039,13.35000000271975,-843407.5973988525,222673.3082222089,-620734.2891766436,310.7382616191617,765.726629119573,1.023392407561294,106
10475000,20950.00000335057,13.400000002729932,-840506.886522817,222003.47791614523,-618503.4086066717,309.80352046608937,767.6947680234013,1.0207687366765883,106
10500000,21000.00000336076,13.450000002740122,-841836.6632617982,221245.1756979373,-620591.4875638608,308.7453176893437,766.7795555876563,1.0219871054176668,106
10525000,21050.000003370948,13.500000002750308,-840606.1073726797,222113.08849852963,-618493.0188741501,309.9564808819431,766.8659947965056,1.0218719095979982,106
10550000,21100.00000338113,13.550000002760491,-843061.3059215867,223318.13273181568,-619743.173189771,311.6381074460566,767.5518859726419,1.020958755792055,106
10575000,21150.00000339132,13.600000002770681,-843998.2535909121,222808.35446961535,-621189.8991212967,310.9267172382582,764.7720393040153,1.0246698077790974,106
10600000,21200.000003401507,13.650000002780867,-842949.2018438838,222315.98294074985,-620633.218903134,310.2396179439064,764.4412358769603,1.0251132222210515,106
10625000,21250.000003411693,13.700000002791054,-840680.8434117492,222706.93824612972,-617973.9051656194,310.7851919641357,766.6066880011273,1.0222175605482342,106
10650000,21300.00000342188,13.75000000280124,-842626.0694362256,222578.8545545732,-620047.2148816524,310.60645251856045,764.7466805997585,1.0247037854337582,106
10675000,21350.000003432066,13.800000002811426,-842763.5490523623,221447.78492229304,-621315.7641300693,309.0280567327745,766.7743562391273,1.021994035314461,106
10700000,21400.00000344225,13.85000000282161,-843442.5134248119,222819.19608152748,-620623.3173432844,310.9418465937504,766.245558676778,1.022699328739643,106
10725000,21450.00000345244,13.9000000028318,-842027.6614545533,222604.38604984176,-619423.2754047115,310.64208145190514,761.882792352463,1.028555607731781,106
10750000,21500.000003462625,13.950000002841985,-842155.3443946904,222301.53193298564,-619853.8124617047,310.2194517144327,765.8185693030052,1.0232695444061737,106
10775000,21550.00000347281,14.000000002852172,-841474.6539313272,222010.42843805384,-619464.2254932733,309.813219846372,763.8344710271458,1.0259275382723911,106
10800000,21600.000003483,14.050000002862362,-841763.4189814273,223491.5321075164,-618271.8868739109,311.88008445264654,764.4440625871904,1.025109431625802,106
10825000,21650.000003493184,14.100000002872545,-839798.725395998,222679.4691326788,-617119.2562633192,310.74685910497936,765.0527185752659,1.0242938812998668,106
10850000,21700.00000350337,14.15000000288273,-842570.4689782667,222190.42032709267,-620380.0486511741,310.0643966360466,764.9969312176682,1.024368577872767,106
10875000,21750.00000351356,14.20000000289292,-841614.4911144166,222840.0154658778,-618774.4756485388,310.9708998258268,766.9643281298136,1.0217408942855526,106
10900000,21800.000003523743,14.250000002903104,-840391.1041801353,221485.92885947975,-618905.1753206556,309.08128619627576,768.0101804596562,1.0203495193767662,106
10925000,21850.00000353393,14.30000000291329,-842031.9442352694,222533.7787091102,-619498.1655261592,310.54354964990495,763.319664023336,1.0266194563599196,106
10950000,21900.000003544115,14.350000002923476,-842756.41227159,222991.4266774408,-619764.9855941492,311.1821925804293,765.3965453029381,1.0238337543035494,106
10975000,21950.0000035543,14.400000002933663,-841132.9529378382,223187.36510605097,-617945.5878317872,311.4556225984985,767.8903049206194,1.0205088063841126,106
11000000,22000.000003564488,14.450000002943849,-841505.1303014997,221198.87570169743,-620306.2545998023,308.6807065311433,766.5026126631623,1.0223563567327878,106
11025000,22050.000003574674,14.500000002954035,-841389.6866160468,221825.32072015828,-619564.3658958885,309.55490397128847,766.9634458424832,1.0217420696597517,106
11050000,22100.00000358486,14.550000002964222,-842089.6482148436,222887.87426011465,-619201.773954729,311.037686270251,766.7553999216703,1.0220193018380153,106
11075000,22150.000003595047,14.600000002974408,-839669.0125418329,220642.17398665284,-619026.83855518,307.90383513800475,768.0084033081938,1.0203518804390057,106
11100000,22200.000003605237,14.650000002984598,-842610.9045699998,222363.28532878237,-620247.6192412174,310.30562792931966,766.232833222093,1.0227163135429562,106
11125000,22250.00000361542,14.70000000299478,-842041.1986191487,222079.6559840835,-619961.5426350652,309.90982615936554,767.5799851458544,1.0209213810591582,106
11150000,22300.00000362561,14.75000000300497,-839963.6852164953,222970.80786186227,-616992.8773546331,311.15341923996624,770.0635737224212,1.0176287325479256,106
11175000,22350.000003635792,14.800000003015153,-839207.5702973092,220780.19058764607,-618427.3797096631,308.0964358543171,766.5732624452371,1.022262133183201,106
11200000,22400.00000364598,14.85000000302534,-841692.7619284829,222777.823971994,-618914.9379564889,310.8841122496631,765.5714004549334,1.0235999124873316,106
11225000,22450.000003656165,14.900000003035526,-841686.3984667142,222909.5543900088,-618776.8440767054,311.0679406636886,767.2420856117968,1.0213710029782872,106
11250000,22500.00000366635,14.950000003045712,-841273.3477932396,223302.0260328901,-617971.3217603496,311.6156307169663,765.5555372266675,1.0236211227043244,106
11275000,22550.000003676538,15.000000003055899,-841923.860673843,223122.14863926516,-618801.7120345779,311.3646137044385,765.6042960916162,1.0235559315810048,106
11300000,22600.000003686724,15.050000003066085,-840920.0179669531,221111.59893207825,-619808.4190348749,308.5589127163043,765.1659935707526,1.0241422450722295,106
11325000,22650.00000369691,15.100000003076271,-841118.8214227222,221948.3835587189,-619170.4378640032,309.72663686927046,767.5400656171225,1.0209744788741515,106
11350000,22700.000003707097,15.150000003086458,-841891.9021991766,222562.486338738,-619329.4158604386,310.58361084537097,766.6979972334647,1.0220958204353447,106
11375000,22750.000003717283,15.200000003096644,-840197.7731922413,221892.2491752358,-618305.5240170055,309.6483019270187,766.1918022108571,1.0227710819239686,106
11400000,22800.00000372747,15.25000000310683,-843378.2994725239,222872.3985203795,-620505.9009521443,311.0160900380804,765.8315138895114,1.023252248433239,106
11425000,22850.000003737656,15.300000003117017,-844426.5263825916,222223.7694726892,-622202.7569099024,310.11093501827065,765.2446542349031,1.0240369719301878,106
11450000,22900.00000374784,15.3500000031272,-842174.562658126,223040.26251830917,-619134.3001398168,311.25034248316035,764.8937813086911,1.0245067193090664,106
11475000,22950.00000375803,15.40000000313739,-842031.4719753433,222539.35191230863,-619492.1200630347,310.5513269964013,765.5414521863624,1.0236399560996023,106
11500000,23000.00000376821,15.450000003147572,-841757.7659103344,222346.23568539615,-619411.5302249382,310.28183533114367,765.7686811359805,1.0233362081953832,106
11525000,23050.0000037784,15.500000003157762,-840792.8020330565,223105.71234378035,-617687.0896892762,311.3416770268135,765.193862978641,1.0241049444098165,106
11550000,23100.000003788587,15.550000003167948,-840840.3166242577,222766.6085472084,-618073.7080770493,310.8684612422343,766.9462406194637,1.0217649908232518,106
11575000,23150.00000379877,15.600000003178131,-844063.9737796136,222564.63662227808,-621499.3371573356,310.58661154345447,763.6951684422783,1.026114673616274,106
11600000,23200.00000380896,15.650000003188321,-843140.8349734857,222138.83886976168,-621001.996103724,309.9924152543948,764.5398120142399,1.024981048984115,106
11625000,23250.000003819147,15.700000003198507,-841436.1161915762,222026.7101118237,-619409.4060797526,309.83594075101865,766.2855601915832,1.0226459419547878,106
11650000,23300.000003829333,15.750000003208694,-843073.3823462552,223051.50386906145,-620021.8784771939,311.26602967000326,764.3156655763833,1.0252816392524398,106
11675000,23350.00000383952,15.80000000321888,-842920.2296550204,222400.701593746,-620519.5280612744,310.3578419338805,764.8795690271113,1.0245257557411598,106
11700000,23400.000003849706,15.850000003229066,-842441.3361326633,223910.5626693836,-618530.7734632797,312.46483719826966,762.9772949187934,1.0270801290251754,106
11725000,23450.00000385989,15.90000000323925,-841665.8642148417,223732.01861663337,-617933.8455982084,312.2156808489209,766.2902633523433,1.0226396653928949,106
11750000,23500.00000387008,15.95000000324944,-841726.9077387573,222910.9332697373,-618815.97446902,311.0698648758595,763.9347675764121,1.025792844845343,106
11775000,23550.000003880265,16.000000003259625,-841437.6501123444,222616.9987791837,-618820.6513331607,310.6596823831586,764.7096633953631,1.0247533881408843,106
11800000,23600.00000389045,16.050000003269812,-843522.7914436138,222905.4783078567,-620617.3131357571,311.0622525338796,762.9470633760756,1.0271208267593772,106
11825000,23650.00000390064,16.10000000328,-841303.6155527276,221553.5085724433,-619750.1069802843,309.17559297554203,766.2705183995416,1.0226660163635266,106
11850000,23700.000003910824,16.150000003290184,-841843.5892863288,220814.48058685663,-621029.1086994722,308.1442871878724,765.8821254053612,1.0231846292191693,106
11875000,23750.00000392101,16.20000000330037,-842097.7790011237,222331.27907249823,-619766.4999286255,310.2609635350191,766.9947526923233,1.0217003646475102,106
11900000,23800.0000039312,16.25000000331056,-842197.7584007401,221393.08565616165,-620804.6727445784,308.9517244817057,766.7037957594515,1.022088090397736,106
11925000,23850.000003941383,16.300000003320744,-842194.3110110909,220886.75490115705,-621307.5561099339,308.2451452339701,767.0095954036864,1.0216805933125714,106
11950000,23900.00000395157,16.35000000333093,-841918.0894684759,221628.65379469332,-620289.4356737826,309.28045734351406,764.069860459869,1.0256114775117904,106
11975000,23950.000003961755,16.400000003341116,-841675.559058446,222905.46504087397,-618770.094017572,311.0622340199445,765.8701294072383,1.0232006555928586,106
12000000,24000.00000397194,16.450000003351303,-842838.0905139218,222750.23308940203,-620087.8574245197,310.8456094629501,762.8554508887629,1.027244175283138,106
12025000,24050.000003982128,16.50000000336149,-843414.2921132105,222534.92852176985,-620879.3635914407,310.54515420138847,765.3610854899619,1.0238811893693434,106
12050000,24100.000003992314,16.550000003371675,-842055.8426934527,222922.36785931865,-619133.4748341341,311.0858217254576,765.9974123872059,1.0230306340935134,106
12075000,24150.0000040025,16.60000000338186,-841441.6176673826,221732.8159018627,-619708.8017655199,309.4258144694615,763.9460268463231,1.0257777263970405,106
12100000,24200.000004012687,16.650000003392048,-840485.832965299,223086.21984113508,-617399.6131241639,311.3144754442127,765.6547748906569,1.0234884496350003,106
12125000,24250.000004022877,16.700000003402238,-841365.013604701,221305.1360793369,-620059.8775253642,308.8289917714817,763.9839703706681,1.025726780796552,106
12150000,24300.00000403306,16.75000000341242,-843652.5225332212,222881.658925518,-620770.8636077032,311.0290128361364,764.9780870917208,1.0243938117073352,106
12175000,24350.00000404325,16.80000000342261,-840900.7884709868,222069.55409639105,-618831.2343745957,309.8957290812483,766.8159650083518,1.0219385801388978,106
12200000,24400.000004053432,16.850000003432793,-841563.1676893248,222748.11795110637,-618815.0497382185,310.84265780968576,764.9669130216068,1.024408775293448,106
12225000,24450.00000406362,16.90000000344298,-842547.1973411725,223267.79935959887,-619279.3979815736,311.567867754066,766.1169527949653,1.0228710063777922,106
12250000,24500.000004073805,16.950000003453166,-842533.8247940214,221968.26486760197,-620565.5599264195,309.7543810268903,765.4420888087801,1.023772836594356,106
12275000,24550.00000408399,17.000000003463352,-840935.4074477488,222863.8783541108,-618071.5290936381,311.0042002355882,765.5067347301707,1.023686380479323,106
12300000,24600.000004094178,17.05000000347354,-840296.9782495671,223076.57651099568,-617220.4017385715,311.30101827834187,767.2805838214013,1.0213197558129272,106
12325000,24650.000004104364,17.100000003483725,-841961.4675469515,221599.81450354063,-620361.6530434109,309.24021241577367,766.5453416953541,1.022299368195643,106
12350000,24700.00000411455,17.15000000349391,-842675.43075313,221669.92681127903,-621005.503941851,309.33805340443405,766.3099348721165,1.022613413773957,106
12375000,24750.000004124737,17.200000003504098,-841314.6313693835,220479.78121136737,-620834.8501580162,307.6772177266293,766.4600546398591,1.02241312350803,106
12400000,24800.000004134923,17.250000003514284,-841552.9921691292,221694.86469397903,-619858.1274751502,309.37285395767736,765.2571304761568,1.0240202767151996,106
12425000,24850.00000414511,17.30000000352447,-841678.3489762498,221862.65565692028,-619815.6933193295,309.6070044831986,767.9882274711009,1.0203786861276618,106
12450000,24900.000004155296,17.350000003534657,-841582.0026525254,222058.7693981468,-619523.2332543787,309.88067914818146,766.1739253508006,1.022794945872997,106
12475000,24950.00000416548,17.40000000354484,-842675.9231277504,223319.15725020517,-619356.7658775452,311.6395371507027,766.9983170493971,1.0216956166515356,106
12500000,25000.00000417567,17.45000000355503,-841121.9440048137,222901.04215770317,-618220.9018471106,311.0560619329584,766.6981945396232,1.0220955574038135,106
12525000,25050.00000418585,17.500000003565212,-839345.1220544693,223715.17698157352,-615629.9450728958,312.1921785241785,768.5779949061862,1.0195956997235212,106
12550000,25100.00000419604,17.550000003575402,-840835.8239004593,221722.342588184,-619113.4813122754,309.4111990702837,767.0141113809107,1.021674577926125,106
12575000,25150.000004206227,17.60000000358559,-841723.1057235701,222733.2073099833,-618989.8984135869,310.82185016668984,766.3008320811654,1.0226255612697444,106
12600000,25200.000004216414,17.650000003595775,-841803.3892748062,220363.9507593586,-621439.4385154477,307.51557754807743,765.6599900703421,1.023481478294928,106
12625000,25250.0000042266,17.70000000360596,-841644.7432048027,223493.8158418451,-618150.9273629576,311.8832713799032,765.0136513431122,1.0243461892904289,106
12650000,25300.000004236783,17.750000003616144,-842210.7711492004,223762.64526931755,-618448.1258798828,312.2584200208957,763.7204362917877,1.0260807243988377,106
12675000,25350.000004246973,17.800000003626334,-841557.8203297299,221584.7375328413,-619973.0827968887,309.219172661602,764.6390976536841,1.0248479588777122,106
12700000,25400.00000425716,17.85000000363652,-842165.5877952669,222744.19596126745,-619421.3918339994,310.8371847140806,765.2802382224979,1.0239893562763585,106
12725000,25450.000004267346,17.900000003646706,-841466.203616966,223138.48774543847,-618327.7158715276,311.3874147554008,767.4809797569371,1.0210530803729545,106
12750000,25500.00000427753,17.95000000365689,-840849.0171503727,221600.9444512909,-619248.0726990819,309.2417892459849,765.5866843555958,1.0235794777022182,106
12775000,25550.00000428772,18.00000000366708,-843571.7873011883,223322.14857457884,-620249.6387266095,311.64371151243137,763.1025616795437,1.0269115291445634,106
12800000,25600.000004297905,18.050000003677265,-842048.4667824958,222609.3751347076,-619439.0916477883,310.64904366740666,765.972794565957,1.0230635135710366,106
12825000,25650.00000430809,18.10000000368745,-842738.480856231,221712.54523987777,-621025.9356163532,309.39752697367965,765.4521474732885,1.0237593833856478,106
12850000,25700.00000431828,18.15000000369764,-841587.9960068744,222488.95932174436,-619099.0366851301,310.481004665829,767.8659404477123,1.0205411872436545,106
12875000,25750.000004328464,18.200000003707824,-843767.7594532049,222008.68802651437,-621759.0714266906,309.81079112035803,767.236334691257,1.021378658798553,106
12900000,25800.00000433865,18.25000000371801,-841948.4975152281,224345.1562391224,-617603.3412761057,313.07130795783064,766.3973369033503,1.022496792166304,106
12925000,25850.00000434884,18.3000000037282,-842029.7273661466,220849.84366877825,-621179.8836973684,308.1936359970743,763.7230353405179,1.0260772325127996,106
12950000,25900.000004359023,18.350000003738383,-841447.6925215605,222214.7575151813,-619232.9350063791,310.0983589262723,763.694158942844,1.0261160299998089,106
12975000,25950.00000436921,18.40000000374857,-841875.5625175899,221542.40786315704,-620333.1546544329,309.16010205238695,764.4536826897033,1.0250965313572278,106
13000000,26000.000004379395,18.450000003758756,-843724.1810310059,221875.07929569244,-621849.1017353134,309.6243415405489,764.4233941529432,1.0251371484736191,106
13025000,26050.00000438958,18.500000003768942,-842486.5797279631,222276.1309060529,-620210.4488219102,310.1840048482795,765.1247395379439,1.024197464823462,106
13050000,26100.000004399768,18.55000000377913,-839958.1210673819,220563.405957754,-619394.7151096279,307.7939151814253,765.9322196710133,1.023117709873944,106
13075000,26150.000004409954,18.600000003789315,-843771.9486058564,222764.4467420784,-621007.501863778,310.8654444658931,764.5323020150047,1.024991117370858,106
13100000,26200.00000442014,18.6500000037995,-842239.5620639641,223078.7427982661,-619160.819265698,311.30404130946295,765.9766251252803,1.023058397350317,106
13125000,26250.000004430327,18.700000003809688,-841547.4658456119,220686.51249476927,-620860.9533508426,307.96570906014153,763.0067372759307,1.0270404967932567,106
13150000,26300.000004440517,18.750000003819878,-841855.5688206614,222685.53597550435,-619170.0328451571,310.7553253203878,767.3027076505034,1.0212903078473317,106
13175000,26350.0000044507,18.80000000383006,-842830.8159576147,222990.12175815183,-619840.6941994629,311.1803715792746,764.6648863608538,1.0248133953658047,106
13200000,26400.00000446089,18.85000000384025,-842437.722452695,222700.97781526035,-619736.7446374346,310.77687424549384,763.9138168875128,1.0258209776874156,106
13225000,26450.000004471072,18.900000003850433,-840904.6983051342,223990.96712761023,-616913.731177524,312.57704077477933,766.8241282513778,1.0219277010693952,106
13250000,26500.00000448126,18.95000000386062,-842195.5758212674,222249.13152010235,-619946.4443011651,310.1463274889138,764.7923011933539,1.024642660871079,106
13275000,26550.000004491445,19.000000003870806,-840033.7343851714,221109.39268735217,-618924.3416978193,308.5558339249738,764.9864210152798,1.0243826517449013,106
13300000,26600.00000450163,19.050000003880992,-843553.6275151996,222760.9516997299,-620792.6758154697,310.86056717102406,767.1337070488127,1.0215152994947343,106
13325000,26650.000004511818,19.10000000389118,-842877.3999504405,221962.1416812928,-620915.2582691477,309.74583618474253,764.7109748914485,1.02475163066636,106
13350000,26700.000004522004,19.150000003901365,-841983.7477699802,222772.27439121404,-619211.4733787662,310.8763678680036,767.1681380304905,1.0214694532547552,106
13375000,26750.00000453219,19.20000000391155,-841120.4630659502,222685.44280897648,-618435.0202569737,310.75519530747727,766.5515942322878,1.022291029598991,106
13400000,26800.000004542377,19.250000003921738,-842643.915466765,223372.9762625066,-619270.9392042584,311.7146410168021,766.0225868770841,1.02299701331681,106
13425000,26850.000004552563,19.300000003931924,-842101.2665766729,221917.49709238665,-620183.7694842863,309.68353513008014,765.2194176235939,1.024070744234486,106
13450000,26900.00000456275,19.35000000394211,-842478.3991502607,221772.9600170905,-620705.4391331703,309.4818351603998,763.8614467682735,1.0258913076761158,106
13475000,26950.000004572936,19.400000003952297,-840573.471142333,221519.9445699788,-619053.5265723541,309.1287547628165,764.781759226822,1.0246567848332522,106
13500000,27000.00000458312,19.45000000396248,-840722.7014652365,222706.05234993124,-618016.6491153053,310.78395570530034,766.7798962295725,1.0219866513999654,106
13525000,27050.00000459331,19.50000000397267,-840503.6903576609,222357.07347998105,-618146.6168776798,310.29695935959586,765.8204063339737,1.0232670898126073,106
13550000,27100.00000460349,19.550000003982852,-841984.5063971789,221906.75562995425,-620077.7507672247,309.66854553213443,765.252124685127,1.024026975202339,106
13575000,27150.00000461368,19.600000003993042,-843854.3637814671,221576.94360762567,-622277.4201738414,309.2082963208675,763.5813812081452,1.0262675829897705,106
13600000,27200.000004623867,19.65000000400323,-842700.4854648598,222563.7576755444,-620136.7277893154,310.58538498252426,763.7907163133681,1.0259863098243815,106
13625000,27250.000004634054,19.700000004013415,-841601.8516998263,222556.7667812229,-619045.0849186034,310.5756292629637,764.1958332846037,1.0254424119800574,106
13650000,27300.00000464424,19.7500000040236,-843118.9583731499,223366.2222215176,-619752.7361516323,311.7052158235781,761.2240487370792,1.0294456931682363,106
13675000,27350.000004654423,19.800000004033784,-842383.9174327836,222527.1266764696,-619856.7907563141,310.53426680825913,765.6762280356257,1.0234597729629558,106
13700000,27400.000004664613,19.850000004043974,-841572.7495533992,221994.12520619843,-619578.6243472007,309.7904688576433,766.2984111913654,1.0226287919482298,106
13725000,27450.0000046748,19.90000000405416,-842206.663708264,222257.3624338804,-619949.3012743836,310.157813642595,766.4990353509669,1.0223611281515297,106
13750000,27500.000004684985,19.950000004064346,-841769.2380681494,222263.87189626216,-619505.3661718873,310.1668975289428,767.7144829567247,1.0207425233016565,106
13775000,27550.00000469517,20.000000004074533,-842057.7119646813,223686.6058926113,-618371.10607207,312.15230786977645,768.585569611563,1.019585651217103,106
13800000,27600.00000470536,20.050000004084723,-842130.2595573952,223438.75710800107,-618691.5024493942,311.80643749541906,765.7970088522115,1.0232983538065836,106
13825000,27650.000004715544,20.100000004094905,-843073.7866189615,221919.5235597097,-621154.2630592518,309.6863630439339,763.0901067262032,1.026928290120846,106
13850000,27700.00000472573,20.15000000410509,-841504.1586871548,222396.9111590784,-619107.2475280764,310.3525524221343,764.2602411691104,1.0253559930184506,106
13875000,27750.00000473592,20.20000000411528,-841055.3892791322,222824.4598158122,-618230.9294633201,310.94919207962977,764.6975976699968,1.024769557137606,106
13900000,27800.000004746104,20.250000004125464,-842722.4639638746,222684.19660002785,-620038.2673638468,310.7534562359854,765.7204283997912,1.0234006948804129,106
13925000,27850.00000475629,20.30000000413565,-841756.5967391185,221704.85766768595,-620051.7390714325,309.38679904747227,766.3259964361164,1.022591980636012,106
13950000,27900.00000476648,20.35000000414584,-842467.1266168593,221968.7229905445,-620498.4036263148,309.75502033264235,764.7591741951037,1.024687045216869,106
13975000,27950.000004776663,20.400000004156023,-841446.5949370945,223192.5567672148,-618254.0381698797,311.46286750709504,767.0329156866799,1.0216495309160594,106
14000000,28000.00000478685,20.45000000416621,-841790.2278500148,222204.58137388804,-619585.6464761267,310.08415822803545,765.1974123286554,1.0241001941233665,106
14025000,28050.000004797035,20.500000004176396,-840592.5825902289,222167.4754907901,-618425.1070994388,310.0323773581065,766.5131518939784,1.0223422997663896,106
14050000,28100.00000480722,20.550000004186582,-841298.7056636894,223170.26838422348,-618128.437279466,311.4317643028524,767.0310911050107,1.021651961173487,106
14075000,28150.000004817408,20.60000000419677,-842009.3204638227,221220.65779779537,-620788.6626660273,308.7111032173467,765.8916011924047,1.0231719701436062,106
14100000,28200.000004827594,20.650000004206955,-842620.0885627493,222797.08759687288,-619823.0009658765,310.9109944357461,766.2059650573134,1.0227521766289778,106
14125000,28250.00000483778,20.70000000421714,-841805.7839145386,222887.21176128183,-618918.5721532567,311.0367617600918,764.1566835596009,1.025494948049294,106
14150000,28300.000004847967,20.750000004227328,-840680.8161442354,223032.8715535809,-617647.9445906546,311.2400284695514,763.9249348088385,1.0258060482141067,106
14175000,28350.000004858157,20.800000004237518,-843469.8335362445,221362.9957550997,-622106.8377811448,308.9097343409793,763.1827437161897,1.02680363905069,106
14200000,28400.00000486834,20.8500000042477,-843092.5863780477,222522.15565004392,-620570.4307280038,310.5273297931211,766.8334775615853,1.0219152416249837,106
14225000,28450.00000487853,20.90000000425789,-841928.1914543589,222365.42778409284,-619562.763670266,310.3086177031911,767.0265474396131,1.021658013173486,106
14250000,28500.000004888712,20.950000004268073,-842289.3974727415,222507.1270365352,-619782.2704362064,310.5063575209008,767.1971923664564,1.0214307694366065,106
14275000,28550.0000048989,21.00000000427826,-842114.5261820876,222380.6179665372,-619733.9082155504,310.3298154431632,765.3095825940482,1.023950093310341,106
14300000,28600.000004909085,21.050000004288446,-842110.4002984483,221467.3370708477,-620643.0632276005,309.055341550615,765.9535020952643,1.0230892820058024,106
14325000,28650.00000491927,21.100000004298632,-841251.3820406208,221445.111008573,-619806.2710320478,309.02432531427746,765.4884570037602,1.0237108232510217,106
14350000,28700.000004929458,21.15000000430882,-843032.0400089342,221127.00551503396,-621905.0344939003,308.58041244091595,765.8326230374928,1.0232507664669035,106
14375000,28750.000004939644,21.200000004319005,-842909.1080578403,222264.68388168723,-620644.424176153,310.1680306460705,763.9342066764676,1.0257935980085666,106
14400000,28800.00000494983,21.25000000432919,-842601.9880575123,220965.40609160735,-621636.5819659049,308.3549021437226,765.3500708379215,1.0238959247113275,106
14425000,28850.000004960017,21.300000004339378,-840514.0593642034,222914.91357905976,-617599.1457851436,311.0754193556911,766.8003191046997,1.0219594319202088,106
14450000,28900.000004970203,21.350000004349564,-842450.9335252522,222445.1848155961,-620005.7487096561,310.41991780251186,764.3191172491622,1.025277009070301,106
14475000,28950.00000498039,21.40000000435975,-840839.819806064,222083.77736774052,-618756.0424383235,309.9155775069485,765.4990400451941,1.0236966704258814,106
14500000,29000.000004990576,21.450000004369937,-843173.596996644,223481.54069795547,-619692.0562986885,311.8661415456009,764.0163053881314,1.025683369558944,106
14525000,29050.00000500076,21.50000000438012,-843200.3928212975,222086.2748231575,-621114.11799814,309.9190626797379,764.0185809742258,1.025680314619089,106
14550000,29100.00000501095,21.55000000439031,-842986.9174748594,222788.36171418848,-620198.5557606709,310.89881755815765,764.9472577805813,1.0244350973714504,106
14575000,29150.00000502113,21.600000004400492,-841335.0066032978,221529.10709840665,-619805.8995048911,309.1415409749514,764.4193343657521,1.0251425929181504,106
14600000,29200.00000503132,21.650000004410682,-843372.3280559424,222083.43542106135,-621288.8926348811,309.9151003239512,764.3020868467055,1.0252998545922414,106
14625000,29250.000005041507,21.70000000442087,-841788.0548989438,221335.2911018751,-620452.7637970686,308.87107278854404,762.5856088229749,1.0276076671811232,106
14650000,29300.000005051694,21.750000004431055,-841094.3046572991,222805.8557302699,-618288.4489270292,310.92323027376005,765.6674675337845,1.0234714830350242,106
14675000,29350.00000506188,21.80000000444124,-841036.996230016,221902.8269489091,-619134.1692811069,309.66306309902126,766.5983756008404,1.0222286446853963,106
14700000,29400.000005072063,21.850000004451424,-842293.7163302419,223500.46215687328,-618793.2541733686,311.89254624268096,763.3529333155052,1.026574713094846,106
14725000,29450.000005082253,21.900000004461614,-841584.5334400847,223592.1234221809,-617992.4100179037,312.0204585751779,766.7714078386373,1.021997965100684,106
14750000,29500.00000509244,21.9500000044718,-840822.8297307491,222743.52259323132,-618079.3071375177,310.83624503606245,766.8132243336757,1.0219422326596137,106
14775000,29550.000005102625,22.000000004481986,-842991.600826472,222634.52206575277,-620357.0787607193,310.68413594541886,767.2607840990063,1.0213461117118088,106
14800000,29600.00000511281,22.050000004492173,-842246.1278455704,221390.1385336754,-620855.9893118951,308.9476118032467,767.4329696719991,1.0211169567596257,106
14825000,29650.000005123,22.100000004502363,-841097.4967532479,222330.1302739833,-618767.3664792646,310.2593603987638,766.7317671223307,1.0220508033071305,106
14850000,29700.000005133184,22.150000004512545,-840691.8272049581,221474.58208675912,-619217.2451181989,309.0654518941837,766.8981945480778,1.021829004266024,106
14875000,29750.00000514337,22.20000000452273,-843641.444258349,221168.66515805555,-622472.7791002935,308.63854803496434,762.3649335477412,1.0279051200082516,106
14900000,29800.00000515356,22.25000000453292,-841813.9728806694,221704.7811643328,-620109.1917163366,309.38669228784687,766.4093979599954,1.022480701038295,106
14925000,29850.000005163743,22.300000004543104,-841232.1664554216,222579.2444350868,-618652.9220203348,310.60699659272007,765.6771050758717,1.0234586006470994,106
14950000,29900.00000517393,22.35000000455329,-843248.506906969,222432.77143217204,-620815.735474797,310.402595056392,765.596986859642,1.023565703573151,106
14975000,29950.00000518412,22.40000000456348,-843771.344405401,222947.4837490928,-620823.8606563082,311.1208706857024,763.1365931766363,1.026865734804427,106
15000000,30000.000005194303,22.450000004573663,-842905.7515188009,221878.8346162545,-621026.9169025463,309.6295820509298,763.4940385710152,1.026384986548372,106
15025000,30050.00000520449,22.50000000458385,-840040.1595394565,221360.15535319425,-618680.0041862623,308.9057705899691,765.2067355961758,1.024087716501786,106
15050000,30100.000005214675,22.550000004594036,-841508.7549374634,222739.70504624385,-618769.0498912196,310.8309176893588,764.477540200801,1.0250645405522834,106
15075000,30150.00000522486,22.600000004604222,-840898.3904225142,222573.17837884589,-618325.2120436683,310.59853147498217,766.0982717312436,1.022895948763325,106
15100000,30200.000005235048,22.65000000461441,-842984.9637178648,223289.81643953305,-619695.1472783318,311.5985923577433,764.6683822950396,1.0248087100927294,106
15125000,30250.000005245234,22.700000004624595,-842007.1705885367,223494.81206610985,-618512.3585224268,311.88466160039565,765.4250633410873,1.0237956085314,106
15150000,30300.00000525542,22.75000000463478,-841323.3530658521,222952.0956903636,-618371.2573754885,311.1273066012803,767.8129364042712,1.0206116377490542,106
15175000,30350.000005265607,22.800000004644968,-841073.1355868694,221692.7004556139,-619380.4351312555,309.36983378578213,766.6712088783,1.022131533613997,106
15200000,30400.000005275797,22.850000004655158,-841193.1068683653,222189.70474485328,-619003.402123512,310.06339804855133,767.2318831029194,1.0213845849825736,106
15225000,30450.00000528598,22.90000000466534,-840981.3773273681,221898.13679754976,-619083.2405298183,309.65651804208665,766.9802499703469,1.0217196838364102,106
15250000,30500.00000529617,22.95000000467553,-843398.2906263024,221195.61014979784,-622202.6804765045,308.6761494877841,766.1594885457616,1.022814218480658,105
15275000,30550.000005306352,23.000000004685713,-840515.3925408004,221839.0188900193,-618676.3736507811,309.57401962337974,768.8619514109555,1.0192191420974868,105
15300000,30600.00000531654,23.0500000046959,-841967.5826307107,222461.4501048068,-619506.1325259039,310.4426158426785,764.56628869245,1.0249455542287136,105
15325000,30650.000005326725,23.100000004706086,-840483.1973644635,223648.20835202053,-616834.989012443,312.0987245053899,768.5535063920101,1.019628187225743,105
15350000,30700.00000533691,23.150000004716272,-842090.6124813794,222430.63344140732,-619659.9790399721,310.39961151274736,765.5746206022868,1.0235956070382477,105
15375000,30750.000005347098,23.20000000472646,-841262.6148583032,221312.3066512512,-619950.3082070521,308.83899822923485,766.1329600520683,1.0228496349448482,105
15400000,30800.000005357284,23.250000004736645,-840048.2989210798,223411.920960438,-616636.3779606419,311.7689879335076,769.5596717644037,1.0182950682846856,105
15425000,30850.00000536747,23.30000000474683,-841703.0414950154,222347.60563611175,-619355.4358589036,310.28374708297093,766.080133138798,1.0229201680217628,105
15450000,30900.000005377657,23.350000004757018,-841729.0970749981,222739.90956156343,-618989.1875134346,310.8312030883381,765.9962122335255,1.023032236965644,105
15475000,30950.000005387843,23.400000004767204,-840610.0266231806,223327.01885960315,-617283.0077635774,311.65050794400247,764.7869359980024,1.0246498490273903,105
15500000,31000.00000539803,23.45000000477739,-842026.1042747484,222424.0317073842,-619602.0725673642,310.39039886229364,765.3287869222946,1.0239243994202951,105
15525000,31050.000005408216,23.500000004787577,-839934.6683021085,222544.24043746336,-617390.4278646451,310.55814888188274,767.4285005033165,1.0211229032991682,105
15550000,31100.0000054184,23.55000000479776,-842927.5920150848,222624.8683172593,-620302.7236978256,310.6706642408445,768.838104569528,1.0192507549391463,105
15575000,31150.00000542859,23.60000000480795,-842434.3788108383,222239.1541037532,-620195.2247070852,310.13240410924806,763.967967719435,1.0257482664459865,105
15600000,31200.00000543877,23.650000004818132,-841763.5229766262,223001.5845667728,-618761.9384098534,311.19636780824607,767.1502487926598,1.0214932729823964,105
15625000,31250.00000544896,23.700000004828322,-840634.6717917211,224486.243170768,-616148.4286209531,313.2681932883032,764.0046955975229,1.0256989558102063,105
15650000,31300.000005459147,23.75000000483851,-841468.6278922497,221729.0040303232,-619739.6238619266,309.4204950427859,765.9186041816678,1.0231358975092906,105
15675000,31350.000005469334,23.800000004848695,-842817.5356375151,223726.13217415183,-619091.4034633633,312.2074663802968,765.5970256209167,1.023565651751226,105
15700000,31400.00000547952,23.85000000485888,-841371.430846835,223066.6321306599,-618304.7987161751,311.28714100008574,765.0557193427796,1.02428986372608,105
15725000,31450.000005489703,23.900000004869064,-843148.4992413037,222502.8922378797,-620645.6070034239,310.50044790387926,764.1847508028807,1.0254572833142168,105
15750000,31500.000005499893,23.950000004879254,-842729.3022171329,222212.06092931,-620517.2412878228,310.0945958690264,764.3327598531208,1.0252587088626988,105
15775000,31550.00000551008,24.00000000488944,-840854.353618769,221704.1711541321,-619150.1824646369,309.3858410250223,765.4201104994354,1.0238022332561274,105
15800000,31600.000005520265,24.050000004899626,-841739.1704328717,221112.9646189592,-620626.2058139124,308.5608185179951,765.2755386202215,1.0239956446554674,105
15825000,31650.00000553045,24.100000004909813,-841577.5566188511,220595.0891562512,-620982.4674626,307.8381287519792,766.8829356240416,1.0218493359365173,105
15850000,31700.00000554064,24.150000004920003,-842727.8508145958,221466.20675247457,-621261.6440621213,309.05376420320346,765.108443232016,1.0242192795549094,105
15875000,31750.000005550824,24.200000004930185,-843394.8219391652,221969.4985906571,-621425.3233485081,309.7561026744489,761.9267399389408,1.0284962811139466,105
15900000,31800.00000556101,24.25000000494037,-841497.575297479,223131.09201486863,-618366.4832826104,311.37709409111005,767.2751634625232,1.021326970851116,105
15925000,31850.0000055712,24.30000000495056,-843212.2194803795,222730.85168334705,-620481.3677970325,310.81856291447355,765.2664290168346,1.0240078341280994,105
15950000,31900.000005581383,24.350000004960744,-842002.434454516,223278.95471895556,-618723.4797355605,311.5834349408199,765.4686369258749,1.0237373299258483,105
15975000,31950.00000559157,24.40000000497093,-842452.2983973888,222431.40901437536,-620020.8893830134,310.40069381667394,765.8860829781353,1.0231793421043862,105
16000000,32000.00000560176,24.45000000498112,-840855.9064417565,222689.8029374533,-618166.1035043033,310.7612798209474,764.440675600268,1.0251139735508326,105
16025000,32050.000005611942,24.500000004991303,-841150.2687465567,222546.01543594943,-618604.2533106073,310.56062587361714,765.6686030647666,1.0234699651674068,105
16050000,32100.00000562213,24.55000000500149,-841180.946282086,222383.17230219665,-618797.7739798893,310.33337999173324,764.9335361987885,1.0244534739614608,105
16075000,32150.000005632315,24.600000005011676,-840518.5949698235,223451.1806498647,-617067.4143199588,311.8237744175346,766.4522797346235,1.02242349488451,105
16100000,32200.0000056425,24.650000005021862,-842785.3185769031,221992.4947265704,-620792.8238503328,309.78819354045663,764.0034541972773,1.0257006224295504,105
16125000,32250.000005652688,24.70000000503205,-841830.8730399068,222667.26030321137,-619163.6127366954,310.7298218117563,762.7127217035065,1.0274364071943485,105
16150000,32300.000005662878,24.75000000504224,-842260.1439447366,222016.33150974647,-620243.8124349901,309.8214575208855,764.2263774618792,1.0254014276647534,105
16175000,32350.00000567306,24.80000000505242,-841730.5003239522,221927.98271210585,-619802.5176118463,309.69816770220814,764.7364781635792,1.024717456123299,105
16200000,32400.000005683247,24.850000005062608,-839554.4113253052,223720.0480668852,-615834.36325842,312.1989760725422,766.2409490988684,1.022705481128444,105
16225000,32450.000005693437,24.900000005072798,-842624.0835966892,221177.52495248785,-621446.5586442014,308.6509117849897,765.8973608164198,1.023164275789046,105
16250000,32500.00000570362,24.95000000508298,-842891.0439007343,221964.67286051164,-620926.3710402227,309.749368418743,764.2374139752126,1.025386619626935,105
16275000,32550.00000571381,25.00000000509317,-841436.0121397353,222989.15850606447,-618446.8536336708,311.1790273711092,765.2162454570176,1.0240749894697458,105
16300000,32600.000005723992,25.050000005103353,-843019.2183867861,222299.18020837347,-620720.0381784126,310.2161699074499,765.5901144354422,1.023574891750452,105
16325000,32650.00000573418,25.10000000511354,-842088.5632842076,221962.8900660027,-620125.6732182049,309.74688054774066,764.4793927472131,1.0250620565355069,105
16350000,32700.000005744365,25.150000005123726,-840500.3949560402,223051.10444729307,-617449.2905087471,311.2654722811229,763.9161332391192,1.0258178671861888,105
16375000,32750.00000575455,25.200000005133912,-842635.5957885412,222734.0837691273,-619901.512019414,310.8230732562149,766.2567103442886,1.0226844449510597,105
16400000,32800.000005764734,25.250000005144095,-843355.7894888553,222350.42690391705,-621005.3625849383,310.28768413254534,765.3483600434536,1.023898213440977,105
16425000,32850.00000577492,25.30000000515428,-841745.2130308729,223597.60623452388,-618147.6067963489,312.0281097821853,762.9123426991827,1.027167571750066,105
16450000,32900.00000578511,25.350000005164468,-842685.5354666337,221749.6782363344,-620935.8572302994,309.4493456800157,764.0720628953471,1.0256085211897177,105
16475000,32950.00000579529,25.400000005174654,-843199.384496686,223324.16348328,-619875.2210134061,311.6465232963498,764.4401518434804,1.0251146759084997,105
16500000,33000.00000580548,25.45000000518484,-841694.5372339552,223633.3314106065,-618061.2058233487,312.0779638899838,765.412480510748,1.0238124389944148,105
16525000,33050.000005815666,25.500000005195027,-842872.6566397571,220540.1625121741,-622332.494127583,307.7614791973768,764.5734842789021,1.0249359082175769,105
16550000,33100.00000582585,25.550000005205213,-840987.1533928593,222072.4642044021,-618914.6891884571,309.89979010639627,765.5884796476906,1.0235770774255766,105
16575000,33150.00000583604,25.6000000052154,-843101.7691785293,222840.6978872385,-620261.0712912907,310.9718521376643,764.9143049838176,1.0244792304218342,105
16600000,33200.000005846225,25.650000005225586,-843938.0745371445,222399.92112152203,-621538.1534156224,310.3567527930937,764.5493667789556,1.0249682395395106,105
16625000,33250.00000585641,25.700000005235772,-842236.6935848705,221259.20683106047,-620977.48675381,308.7648979881683,764.6419430779807,1.0248441451616208,105
16650000,33300.0000058666,25.75000000524596,-841658.2238788316,222155.53747762876,-619502.6864012028,310.0157179861927,766.5498632143773,1.0222933381299386,105
16675000,33350.000005876784,25.800000005256145,-842376.4354197336,222188.5751465909,-620187.8602731427,310.0618217060468,764.485431073933,1.0250539600311734,105
16700000,33400.00000588697,25.85000000526633,-840945.9402642064,222451.57670978675,-618494.3635544196,310.4288376236845,766.9021525861176,1.0218237305318774,105
16725000,33450.00000589716,25.900000005276517,-841726.3482254096,222694.48881633245,-619031.8594090772,310.7678189156808,764.5467856088417,1.0249716999129468,105
16750000,33500.00000590734,25.950000005286704,-841540.3247831734,222586.75590481,-618953.5688783634,310.6174787697831,765.6827128744445,1.0234511049186683,105
16775000,33550.00000591753,26.00000000529689,-841822.4321664129,221673.2002414111,-620149.2319250018,309.3426214417839,765.3867809104183,1.0238468158234255,105
16800000,33600.000005927715,26.050000005307076,-841408.3651346127,223285.4263862692,-618122.9387483435,311.59246608454737,764.476248629332,1.0250662723838695,105
16825000,33650.0000059379,26.100000005317263,-843732.2299320479,222809.8167773929,-620922.413154655,310.92875787339483,765.3920986088172,1.023839702464687,105
16850000,33700.00000594809,26.15000000532745,-843740.3247143631,222758.1972600625,-620982.1274543006,310.8567233794138,764.6564699532164,1.024824675264199,105
16875000,33750.000005958274,26.200000005337635,-844245.6918621399,222734.8687378336,-621510.8231243063,310.8241686717956,763.4919673011559,1.0263877710181213,105
16900000,33800.00000596846,26.25000000534782,-841894.2514754292,222697.27579804,-619196.9756773892,310.77170811936617,765.25230540054,1.0240267333769224,105
16925000,33850.00000597865,26.300000005358008,-841303.2995460778,222308.05883225912,-618995.2407138187,310.2285599337797,766.4342155345456,1.0224475925333385,105
16950000,33900.00000598883,26.350000005368194,-842804.8295933483,222007.7496032022,-620797.0799901461,309.80948156048754,763.6179148677788,1.0262184834206796,105
16975000,33950.00000599902,26.40000000537838,-844026.7474009497,222650.4412399736,-621376.3061609761,310.7063509857544,764.7546180864911,1.024693149901119,105
17000000,34000.000006009206,26.450000005388567,-841394.8830760852,222785.56542915787,-618609.3176469274,310.8949153717827,765.48421394752,1.0237164976496804,105
17025000,34050.00000601939,26.500000005398753,-842017.1374466387,220914.69379358809,-621102.4436530506,308.2841336647565,765.2747865987321,1.023996650917196,105
17050000,34100.00000602958,26.55000000540894,-841297.3656302188,222242.5297828359,-619054.8358473829,310.1371148339341,764.5721985572332,1.0249376317726695,105
17075000,34150.000006039765,26.600000005419126,-841311.2777692634,222471.64309795565,-618839.6346713078,310.45684005750275,768.0561030709458,1.0202885119657574,105
17100000,34200.00000604995,26.650000005429312,-841113.0741100623,221519.0854270624,-619593.988683,309.1275558379052,767.3076842443335,1.0212836839764268,105
17125000,34250.00000606014,26.7000000054395,-841745.4102742956,221937.02072149172,-619808.3895528038,309.71078014932857,766.1425709104793,1.0228368038303914,105
17150000,34300.000006070324,26.750000005449685,-840253.3820975921,222571.5534800704,-617681.8286175218,310.59626394581653,765.7195270270489,1.0234018995845613,105
17175000,34350.00000608051,26.80000000545987,-843977.7311943378,221305.8095840747,-622671.9216102632,308.8299316402657,763.4755315251695,1.0264098666567936,105
17200000,34400.0000060907,26.850000005470058,-840189.3159541488,222124.65338576227,-618064.6625683865,309.97261956054444,765.2537454582014,1.0240248063591826,105
17225000,34450.00000610088,26.900000005480244,-842984.3598507163,222193.28677535,-620791.0730753663,310.06839673446706,763.9221376833251,1.025809804235994,105
17250000,34500.00000611107,26.95000000549043,-840733.6435433123,222860.0829358174,-617873.5606074949,310.99890376924463,765.0569994528873,1.0242881498618728,105
17275000,34550.000006121256,27.000000005500617,-842340.3583781552,220877.1668551656,-621463.1915229897,308.2317652165469,763.9849155913995,1.0257255117424149,105
17300000,34600.00000613144,27.050000005510803,-842320.498318194,221963.16505172933,-620357.3332664646,309.7472642874324,764.898485370427,1.0245004186783964,105
17325000,34650.00000614163,27.10000000552099,-841595.0325756669,222744.82504362956,-618850.2075320374,310.83806259190607,764.002698516549,1.0257016369576335,105
17350000,34700.000006151815,27.150000005531176,-841099.8438082803,223069.68151691084,-618030.1622913694,311.2913963865539,765.0999161384835,1.024230694552363,105
17375000,34750.000006162,27.200000005541362,-841747.6452634432,222503.00617262756,-619244.6390908157,310.5006068986225,766.0208945644364,1.0229992733475697,105
17400000,34800.00000617219,27.25000000555155,-840249.3448518235,223479.50904067213,-616769.8358111514,311.8633063892121,767.4554018547913,1.0210871102276045,105
17425000,34850.000006182374,27.300000005561735,-841581.7603159621,221280.23731847928,-620301.5229974829,308.7942458123583,763.9530964722076,1.025768233844684,105
17450000,34900.00000619256,27.35000000557192,-841009.3773043277,222223.99584236456,-618785.381461963,310.11125091477373,763.7674893827225,1.0260175110907264,105
17475000,34950.00000620275,27.400000005582108,-842126.3416224481,222496.05327033508,-619630.288352113,310.49090419653925,764.5922449863294,1.0249107594891769,105
17500000,35000.00000621293,27.450000005592294,-840482.3744734768,221755.80248560457,-618726.5719878722,309.4578920055144,765.9012755711909,1.0231590460846989,105
17525000,35050.00000622312,27.50000000560248,-841833.4619735652,222338.1301016242,-619495.331871941,310.270524074169,763.7261197515691,1.0260730885613578,105
17550000,35100.000006233306,27.550000005612667,-842010.9797381796,222762.20828515515,-619248.7714530245,310.86232072277994,763.0308702653493,1.0270080137595976,105
17575000,35150.00000624349,27.600000005622853,-842681.4936576178,222507.00004141487,-620174.493616203,310.5061803005449,766.0712127703558,1.0229320792183116,105
17600000,35200.00000625368,27.65000000563304,-844245.8627723283,222425.38698022443,-621820.4757921039,310.39229013130006,765.0994935112241,1.0242312603190575,105
17625000,35250.000006263865,27.700000005643226,-843025.2800758178,222208.44855336455,-620816.8315224532,310.089554836356,764.4178996701417,1.0251445169541769,105
17650000,35300.00000627405,27.750000005653412,-843054.9378560362,221940.21557704383,-621114.7222789924,309.71523853667776,762.7626134667299,1.0273692033054191,105
17675000,35350.00000628424,27.8000000056636,-842044.1923671528,221402.274402823,-620641.9179643297,308.96454728111,765.3617855900535,1.0238802527935589,105
17700000,35400.000006294424,27.850000005673785,-841527.9341859189,222123.5742259576,-619404.3599599613,309.97111360437765,765.0153556653747,1.0243439072237983,105
17725000,35450.00000630461,27.90000000568397,-843427.3434688868,222554.67890526543,-620872.6645636214,310.57271565400595,766.6901068787286,1.0221063392858232,105
17750000,35500.0000063148,27.950000005694164,-842807.3958408632,222425.6986364156,-620381.6972044476,310.39272504423974,765.3953918354157,1.0238352972433116,105
17775000,35550.00000632498,28.000000005704344,-840974.287643448,221935.50287083568,-619038.7847726123,309.7086620046887,769.061275742324,1.0189549821658606,105
17800000,35600.00000633517,28.05000000571453,-843803.3473314703,221965.51761506716,-621837.8297164033,309.750547264848,765.2105933208061,1.024082553676752,105
17825000,35650.000006345355,28.100000005724716,-842697.380826653,223617.94319304152,-619079.4376336115,312.05648979408187,765.5863205216904,1.023579964143667,105
17850000,35700.00000635554,28.150000005734903,-843314.2287234142,221559.1732508642,-621755.05547255,309.18349797475,765.7111695888482,1.0234130696163828,105
17875000,35750.00000636573,28.20000000574509,-842592.8856630106,221578.9130396077,-621013.972623403,309.21104464250226,763.7549713556903,1.0260343276293038,105
17900000,35800.000006375914,28.250000005755275,-843527.4636307973,223521.2880923844,-620006.175538413,311.92160861683345,762.9225001978471,1.0271538961103577,105
17925000,35850.0000063861,28.30000000576546,-841866.1450702944,222677.1406643069,-619189.0044059874,310.7436097518355,765.5007304720181,1.0236944098345555,105
17950000,35900.00000639629,28.350000005775648,-842227.6110013006,220832.9220015887,-621394.6889997119,308.17002198833586,766.2104548792005,1.0227461835299818,105
17975000,35950.00000640647,28.400000005785834,-842960.9437330044,220683.9092486918,-622277.0344843126,307.9620762575971,764.5156461136706,1.0250134480465032,105
18000000,36000.00000641666,28.45000000579602,-842762.3775865356,220680.4022400399,-622081.9753464957,307.9571822638775,764.3316070130285,1.025260255258705,105
18025000,36050.000006426846,28.500000005806207,-841394.1106230812,222559.8699134601,-618834.2407096211,310.5799596513908,765.9835933825776,1.02304909044844,105
18050000,36100.00000643703,28.550000005816393,-841160.0277513084,221552.437999372,-619607.5897519364,309.17409900207133,765.6142648261975,1.023542604298743,105
18075000,36150.00000644722,28.60000000582658,-841192.5789521872,221850.4022476757,-619342.1767045115,309.5899049793651,764.5150592883073,1.025014234824843,105
18100000,36200.000006457405,28.650000005836766,-842531.7186014275,224045.08836596328,-618486.6302354642,312.65256639415765,764.9387132715091,1.0244465405038627,105
18125000,36250.00000646759,28.700000005846952,-840322.054584437,220755.83330085312,-619566.2212835839,308.0624455165607,763.6452301884577,1.0261817759472966,105
18150000,36300.00000647778,28.75000000585714,-842726.226990012,222694.1916786044,-620032.0353114076,310.7674042631038,765.1328485817419,1.0241866101567,105
18175000,36350.00000648797,28.800000005867332,-840619.8413895727,222098.02323402,-618521.8181555527,309.9354574636361,766.0440533128276,1.0229683464280626,105
18200000,36400.00000649815,28.85000000587751,-842168.9984290344,223151.16199157477,-619017.8364374596,311.40510153269423,764.1190332649467,1.0255454770706631,105
18225000,36450.00000650834,28.900000005887698,-842807.8121801754,222350.35332269844,-620457.458857477,310.28758145072806,766.1235140265109,1.02286224631053,105
18250000,36500.00000651852,28.950000005897884,-842858.9413015214,221653.24123195664,-621205.7000695647,309.31476885383324,763.4056752783142,1.026503789381423,105
18275000,36550.00000652871,29.00000000590807,-842815.8700847314,223371.35994334368,-619444.5101413877,311.71238546039564,763.5204605953984,1.0263494679597545,105
18300000,36600.000006538896,29.050000005918257,-842224.6313120173,222015.547554503,-620209.0837575144,309.8203635195815,765.4811164461458,1.0237206400944645,105
18325000,36650.00000654908,29.100000005928443,-840873.4267072659,222441.68965696372,-618431.7370503021,310.41504034537,764.9608601114612,1.0244168811385863,105
18350000,36700.00000655927,29.15000000593863,-842413.2391773281,220975.18997135956,-621438.0492059685,308.3685554451009,763.5531318091996,1.0263055521122442,105
18375000,36750.000006569455,29.200000005948816,-842589.2795321331,222803.72131246832,-619785.5582196648,310.9202517161479,766.6170720487626,1.0222037143188332,105
18400000,36800.00000657964,29.250000005959002,-842616.4998958367,222993.40706042707,-619623.0928354096,311.1849561840755,764.5121781903244,1.0250180976363563,105
18425000,36850.00000658983,29.30000000596919,-842223.4615918491,223091.07906297987,-619132.3825288692,311.32125643723305,765.3100220427009,1.023949505347978,105
18450000,36900.000006600014,29.350000005979375,-842880.8519069869,221433.05731267453,-621447.7945943123,309.0075045083197,764.7886964276702,1.0246474904360543,105
18475000,36950.0000066102,29.40000000598956,-840253.2733931988,221319.9276393471,-618933.3457538518,308.84963323803606,767.2521636336281,1.021357587050964,105
18500000,37000.00000662039,29.450000005999748,-843312.1440668111,223217.1251046505,-620095.0189621606,311.4971523638055,764.7766004459493,1.0246636966292193,105
18525000,37050.00000663057,29.500000006009934,-842865.533191815,222702.4478597853,-620163.0853320297,310.7789256771801,764.6063854262022,1.024891805045105,105
18550000,37100.00000664076,29.55000000602012,-841753.9542080066,222501.0678179055,-619252.8863901012,310.49790194497746,763.8980968260018,1.0258420877921997,105
18575000,37150.00000665095,29.600000006030314,-842838.0143261263,221589.54401120413,-621248.4703149222,309.22588005164755,765.0941027864495,1.0242384768807982,105
18600000,37200.00000666113,29.650000006040493,-842470.5669313353,222327.1003974396,-620143.4665338956,310.25513223788715,766.2953204483698,1.0226329165757608,105
18625000,37250.00000667132,29.70000000605068,-842206.945030903,222082.62962565164,-620124.3154052513,309.9139758449247,765.8821033547176,1.023184658677854,105
18650000,37300.00000668151,29.750000006060873,-841686.5465995455,222570.8890259761,-619115.6575735694,310.5953367071105,764.4273418247625,1.0251318544387118,105
18675000,37350.00000669169,29.800000006071052,-841986.798938951,221545.5242407103,-620441.2746982407,309.1644509245135,765.1978974214371,1.024099544900971,105
18700000,37400.00000670188,29.85000000608124,-842170.1701439312,223038.66018971763,-619131.5099542135,311.2481064504493,766.6314528779711,1.0221845393463262,105
18725000,37450.00000671206,29.900000006091425,-842920.2304800912,221641.30052687848,-621278.9299532127,309.2981057253778,763.1539324989046,1.0268424037893542,105
18750000,37500.00000672225,29.95000000610161,-841985.9170343392,222851.3589661116,-619134.5580682276,310.9867295611977,763.594752851293,1.0262496115673074,105
18775000,37550.00000673244,30.000000006111804,-842292.6787304706,222265.73300451704,-620026.9457259536,310.1694946859546,766.2580467888438,1.022682661268573,105
18800000,37600.00000674262,30.050000006121984,-840064.595133611,221734.6737213437,-618329.9214122673,309.428407037024,766.3587778239967,1.0225482387420968,105
18825000,37650.00000675281,30.10000000613217,-844041.1587953493,221161.65624845625,-622879.5025468931,308.6287671752729,763.8706840083707,1.0258789019057135,105
18850000,37700.000006763,30.150000006142363,-841735.5975480624,221409.9004068777,-620325.6971411847,308.9751892896291,765.7801436446662,1.0233208904827575,105
18875000,37750.00000677318,30.200000006152543,-840781.6721320781,222195.4310049912,-618586.2411270869,310.07138898439825,766.228640310761,1.0227219099910592,105
18900000,37800.00000678337,30.25000000616273,-842545.6730438885,222341.40551972445,-620204.267524164,310.27509488570746,765.8237848150713,1.0232625756037392,105
18925000,37850.000006793554,30.300000006172915,-842397.2112286612,221289.1971239747,-621108.0141046866,308.80674912677136,767.7890665505435,1.0206433676232702,105
18950000,37900.00000680374,30.3500000061831,-841820.7341141561,221965.8115918378,-619854.9225223183,309.7509575063421,766.9903918607278,1.02170617366843,105
18975000,37950.00000681393,30.400000006193288,-841692.4371117963,220865.72954395428,-620826.7075678421,308.2158045689427,765.2963721106613,1.0239677686531097,105
19000000,38000.00000682411,30.450000006203474,-840814.692688568,222685.9846513948,-618128.7080371733,310.7559514428779,768.5813570403004,1.01959123953534,105
19025000,38050.0000068343,30.50000000621366,-842239.1843054704,223605.90838908844,-618633.275916382,312.0396953516353,764.695556477123,1.0247722925429572,105
19050000,38100.000006844486,30.550000006223847,-840711.378662766,222321.25558940932,-618390.1230733566,310.24697586970217,763.7753490260499,1.026006952839933,105
19075000,38150.00000685467,30.600000006234033,-842334.514718629,221958.0863857988,-620376.4283328302,309.74017706249646,762.4878039779753,1.0277394791367829,105
19100000,38200.00000686486,30.65000000624422,-842067.6424710378,222510.64570018736,-619556.9967708504,310.5112677790508,765.539498205329,1.0236425688623192,105
19125000,38250.000006875045,30.700000006254406,-841715.2848851089,221298.60268136224,-620416.6822037468,308.81987448326555,766.0237847580959,1.0229954135901151,105
19150000,38300.00000688523,30.750000006264592,-841917.92898433,221050.7320794337,-620867.1969048963,308.47397366306984,765.6908735739972,1.0234401970219411,105
19175000,38350.00000689542,30.80000000627478,-841089.2544753952,221838.89538691935,-619250.3590884758,309.5738472761016,763.2994879558888,1.026646592685465,105
19200000,38400.0000069056,30.850000006284958,-841123.9831491113,222492.59919005155,-618631.3839590597,310.48608406380146,764.5333717159846,1.0249896832490215,105
19225000,38450.00000691579,30.90000000629515,-841344.0497751506,221870.39832078715,-619473.6514543635,309.61780928925947,765.2979559986896,1.0239656494127831,105
19250000,38500.00000692598,30.950000006305338,-841671.9192855367,221198.7784177235,-620473.1408678133,308.68057077238,766.3256729975378,1.0225924122354066,105
19275000,38550.00000693616,31.000000006315524,-841527.4371636813,223604.44225778864,-617922.9949058926,312.0376493808136,764.7005653444849,1.0247655801790303,105
19300000,38600.00000694635,31.05000000632571,-841824.2215588079,223466.7909431984,-618357.4306156095,311.845558417838,766.144972867694,1.02283359711322,105
19325000,38650.000006956536,31.100000006335897,-841839.9994844398,222607.8458203519,-619232.1536640879,310.6469095252944,767.1496486240178,1.0214940721331638,105
19350000,38700.00000696672,31.150000006346083,-842775.5254524867,222530.49099791225,-620245.0344545745,310.5389616834778,765.3579547996871,1.0238853775467338,105
19375000,38750.00000697691,31.20000000635627,-844671.296002137,222932.14849840588,-621739.1475037311,311.0994705045222,763.9568838025358,1.0257631485797636,105
19400000,38800.000006987095,31.250000006366456,-841546.4911519424,222501.3727090697,-619045.1184428728,310.498327417393,765.2938501275117,1.023971143081713,105
19425000,38850.00000699728,31.300000006376642,-841570.4992820956,222307.40166528465,-619263.0976168109,310.2276428641727,768.181641566515,1.0201217734264485,105
19450000,38900.00000700747,31.35000000638683,-842038.2016674783,222525.93180030969,-619512.2698671686,310.5325993711346,766.7626799777511,1.0220095982386783,105
19475000,38950.00000701765,31.400000006397008,-842906.5628363402,221898.0862957566,-621008.4765405835,309.656447567365,765.6241990228278,1.0235293235358005,105
19500000,39000.00000702784,31.4500000064072,-842412.0594228818,222614.8071304743,-619797.2522924074,310.6566239604159,766.0003035799024,1.0230267727651514,105
19525000,39050.00000703803,31.500000006417388,-842987.9656906994,221942.15914675384,-621045.8065439456,309.7179507677837,766.6566651421293,1.0221509237948072,105
19550000,39100.00000704821,31.550000006427574,-843001.781613559,223053.23506430237,-619948.5465492567,311.2684455347694,761.7194833448272,1.028776125126005,105
19575000,39150.0000070584,31.60000000643776,-841795.8072336586,222269.80002894343,-619526.0072047152,310.1751701758025,766.528935030058,1.02232124933124,105
19600000,39200.000007068586,31.650000006447947,-844802.793393387,222518.04562723005,-622284.7477661569,310.5215942994753,762.1899018015565,1.0281411714537536,105
19625000,39250.00000707877,31.700000006458133,-842727.8699922711,221590.9185683568,-621136.9514239143,309.22779823170924,764.5903199485407,1.0249133399455217,105
19650000,39300.00000708896,31.75000000646832,-842021.5984675274,222900.97058837267,-619120.6278791548,311.05596205870984,766.9630028598103,1.0217426597977783,105
19675000,39350.000007099145,31.800000006478506,-841883.8105586246,221891.95402392105,-619991.8565347035,309.6478900464606,766.1658158813684,1.0228057716292198,105
19700000,39400.00000710933,31.850000006488692,-843472.4457213371,224118.7800733265,-619353.6656480106,312.7554023973797,763.358472279891,1.026567264221241,105
19725000,39450.00000711952,31.90000000649888,-842557.215166653,223975.6148138603,-618581.6003527928,312.555616782274,764.4203282331047,1.0251412600706094,105
19750000,39500.0000071297,31.950000006509065,-842207.5611710851,223056.0904488048,-619151.4707222803,311.2724301938362,764.4179536541843,1.0251444445573352,105
19775000,39550.00000713989,32.00000000651925,-841998.6159642176,221495.41343891688,-620503.2025253007,309.0945218272097,767.7264889785048,1.0207265605113367,105
19800000,39600.00000715008,32.050000006529444,-842786.4568682802,222873.4053595927,-619913.0515086874,311.01749507162185,766.7975124917568,1.0219631724703826,105
19825000,39650.00000716026,32.100000006539624,-841471.4958583084,221889.5957621575,-619581.9000961509,309.64459911695184,767.0173170268898,1.0216703079742868,105
19850000,39700.00000717045,32.15000000654981,-841430.99544365,222029.61777767507,-619401.377665975,309.83999836815855,762.5393136195208,1.0276700551854836,105
19875000,39750.00000718064,32.20000000656,-840542.0026544151,222206.89276097,-618335.109893445,310.0873837444187,767.2592388097786,1.021348168741642,105
19900000,39800.00000719082,32.25000000657018,-842782.6751490366,221628.74650308857,-621153.928645948,309.28058671710534,764.1158692329152,1.0255497236239282,105
19925000,39850.00000720101,32.30000000658037,-843260.0124386135,223009.35119980463,-620250.6612388089,311.20720606302484,763.6477407509722,1.0261784022798814,105
19950000,39900.0000072112,32.35000000659056,-843811.0795658738,221224.92462533864,-622586.1549405352,308.71705753034456,764.6587884780917,1.0248215678893304,105
19975000,39950.00000722138,32.40000000660074,-842468.4914162974,222658.84773667547,-619809.6436796219,310.7180821635605,765.7080977157132,1.0234171753521375,105
20000000,40000.00000723157,32.45000000661093,-841499.8739725617,222436.1300027968,-619063.7439697649,310.40728190640465,761.6041747166531,1.028931884203521,105
20025000,40050.00000724175,32.500000006621114,-841985.1525345789,221189.05518967556,-620796.0973449034,308.6670021098175,766.2601901151404,1.022679800696317,105
20050000,40100.00000725194,32.5500000066313,-842585.8519126554,222028.29926878173,-620557.5526438737,309.8381584028537,766.0632192536569,1.0229427530432018,105
20075000,40150.000007262126,32.60000000664149,-843460.1592809232,222566.2529567644,-620893.9063241588,310.5888671212446,764.5380863671955,1.0249833624797398,105
20100000,40200.00000727231,32.65000000665167,-843787.9047401268,222667.7545476262,-621120.1501925006,310.73051152464336,765.3264774572477,1.0239274892357937,105
20125000,40250.0000072825,32.70000000666186,-843240.2052261462,222547.1522527006,-620693.0529734455,310.5622122894469,765.0690836391632,1.0242719713375177,105
20150000,40300.000007292685,32.750000006672046,-841449.7402453767,223046.923871186,-618402.8163741907,311.2596383310979,765.1545982384195,1.0241574974686287,105
20175000,40350.00000730287,32.80000000668223,-843459.1406498179,222235.47224919847,-621223.6684006194,310.1272661199085,764.9701058594919,1.0244044996085258,105
20200000,40400.00000731306,32.85000000669242,-842955.6678146925,223042.41430684345,-619913.2535078491,311.25334528144754,766.3827318305516,1.022516278043876,105
20225000,40450.00000732325,32.90000000670261,-841909.8001123797,221874.48422052173,-620035.315891858,309.6235111194016,766.001056478847,1.0230257672368026,105
20250000,40500.00000733343,32.95000000671279,-841577.7100540204,221745.28160782572,-619832.4284461946,309.4432102311347,764.1541282143245,1.025498377323016,105
20275000,40550.00000734362,33.00000000672298,-843532.6152898497,224155.9479578525,-619376.6673319972,312.80726978965,764.8942368960862,1.0245061090909149,105
20300000,40600.0000073538,33.050000006733164,-842779.5559965195,221916.7041418313,-620862.8518546883,309.68242857591304,766.9218306803626,1.0217975120271137,105
20325000,40650.00000736399,33.10000000674335,-840879.9087013002,223526.3457501873,-617353.5629511129,311.928666525148,766.4337933142979,1.0224481557888725,105
20350000,40700.000007374176,33.15000000675354,-842764.6637473516,221469.260849388,-621295.4028979636,309.0580261633516,766.3697610070461,1.0225335841522962,105
20375000,40750.00000738436,33.20000000676372,-844291.331859035,222868.8610913802,-621422.4707676547,311.0111535930856,764.5035883757857,1.0250296145415634,105
20400000,40800.00000739455,33.25000000677391,-843151.7279160102,222492.1508148576,-620659.5771011526,310.4854583609302,768.0097023506853,1.0203501545748077,105
20425000,40850.000007404735,33.300000006784096,-840944.6068831831,221783.47194632955,-619161.1349368535,309.4965044471863,766.2166408384385,1.0227379265098848,105
20450000,40900.00000741492,33.35000000679428,-843686.6142349336,221629.7045775695,-622056.9096573641,309.2819236999754,763.1849535264598,1.026800665929671,105
20475000,40950.00000742511,33.40000000680447,-843471.7869559731,222082.82374073437,-621388.9632152388,309.9142467304827,765.2082055717902,1.0240857492150277,105
20500000,41000.000007435294,33.450000006814655,-842586.4517715583,223498.39547839508,-619088.0562931632,311.8896622145827,766.5791850315115,1.022254235191973,105
20525000,41050.00000744548,33.50000000682484,-840538.7036816915,222210.67508368412,-618328.0285980074,310.092661936019,764.6780239906442,1.0247957884533916,105
20550000,41100.00000745567,33.55000000683503,-843784.0950815203,222206.53389687263,-621577.5611846476,310.086882953342,763.3225302580889,1.0266156014594718,105
20575000,41150.00000746585,33.600000006845214,-842923.3029973675,222716.2586611931,-620207.0443361744,310.7981985054113,764.6596675641679,1.0248203897097965,105
20600000,41200.00000747604,33.6500000068554,-843248.2440785137,221987.90052466447,-621260.3435538493,309.78178237997594,763.0318836141869,1.0270066498357575,105
20625000,41250.00000748623,33.700000006865594,-841626.9773627543,222590.84435852547,-619036.1330042288,310.6231841639787,767.8688755418368,1.0205372863374742,105
20650000,41300.00000749641,33.75000000687577,-841616.4202177296,222640.7600627329,-618975.6601549967,310.69284100465154,764.0692946214713,1.0256122370376073,105
20675000,41350.0000075066,33.80000000688596,-841875.8791012946,220838.07560109213,-621037.8035002025,308.1772137822853,765.5769375436614,1.023592509229397,105
20700000,41400.00000751679,33.85000000689615,-840395.8884206456,221209.70823857727,-619186.1801820684,308.69582322252336,766.9885819263963,1.021708584683566,105
20725000,41450.00000752697,33.90000000690633,-841398.7941280962,223106.902483019,-618291.8916450772,311.3433378536142,764.9661960412573,1.0244097354417077,105
20750000,41500.00000753716,33.95000000691652,-841554.919692629,222188.18703118345,-619366.7326614456,310.06128009507427,765.8059638571344,1.023286387796617,105
20775000,41550.00000754734,34.000000006926705,-841751.6681888103,222534.29864498496,-619217.3695438254,310.5442752149544,763.1501175736912,1.026847536890806,105
20800000,41600.00000755753,34.05000000693689,-841894.2150343773,222506.4862435386,-619387.7287908387,310.50546330100786,765.1342059889802,1.0241847931704675,105
20825000,41650.00000756772,34.100000006947084,-841517.8759130719,222235.25655101004,-619282.6193620618,310.12696511535324,765.944416612467,1.0231014176906774,105
20850000,41700.0000075779,34.150000006957264,-843757.6099895001,222127.69380539656,-621629.9161841036,309.97686243419327,766.184606475202,1.0227806874293246,105
20875000,41750.00000758809,34.20000000696745,-842280.312214449,222568.5629496146,-619711.7492648344,310.592090691992,766.1479532605932,1.0228296181872474,105
20900000,41800.00000759828,34.25000000697764,-843479.8200650658,222393.0238606028,-621086.796204463,310.347127737962,764.4332501319565,1.025123931191117,105
20925000,41850.00000760846,34.30000000698782,-843287.6290128543,220905.32859181985,-622382.3004210345,308.2710646241049,765.0396949681881,1.0243113183049397,105
20950000,41900.00000761865,34.35000000699801,-843945.9061830537,222641.0923143524,-621304.8138687013,310.6933046582949,763.7165376559387,1.0260859623567695,105
20975000,41950.000007628834,34.400000007008195,-841219.0564987473,222459.72418418896,-618759.3323145583,310.4402073385935,765.1289520630996,1.024191825960139,105
21000000,42000.00000763902,34.45000000701838,-842356.8608200434,223550.9052841917,-618805.9555358517,311.9629390967625,764.5464563038774,1.0249721413881063,105
21025000,42050.00000764921,34.50000000702857,-841229.6945626382,223173.73708710016,-618055.957475538,311.4366048412653,765.7315741158906,1.023385798624353,105
21050000,42100.00000765939,34.550000007038754,-841588.283518719,222041.64901278936,-619546.6345059297,309.856787830328,765.4725587367324,1.0237320849250575,105
21075000,42150.00000766958,34.60000000704894,-843537.0063903057,222248.5746154635,-621288.4317748422,310.1455503343426,764.8914539125597,1.024509836657238,105
21100000,42200.000007679766,34.65000000705913,-840413.6192920473,223657.7683097212,-616755.8509823261,312.1120653258985,765.9241925392066,1.0231284324765082,105
21125000,42250.00000768995,34.70000000706931,-843618.2231987938,223828.06984738345,-619790.1533514104,312.34971933206,765.3502668615505,1.023895662468269,105
21150000,42300.00000770014,34.7500000070795,-840545.9252082333,223190.8050967912,-617355.1201114422,311.46042306942667,766.7962067671277,1.0219649127013235,105
21175000,42350.000007710325,34.800000007089686,-839903.6879988536,221043.65094666995,-618860.0370521836,308.46409201671145,764.3041010806736,1.025297152534524,105
21200000,42400.00000772051,34.85000000709987,-841905.3972316892,221210.74603937785,-620694.6511923113,308.69727146263466,763.2942526234156,1.0266536343161692,105
21225000,42450.0000077307,34.90000000711006,-843611.8270529662,221104.80497880952,-622507.0220741567,308.54943182591336,765.0259403005467,1.0243297347546343,105
21250000,42500.00000774088,34.95000000712024,-844259.0083833234,222274.4246426663,-621984.5837406572,310.18162377565415,763.694206065812,1.0261159666843709,105
21275000,42550.00000775107,35.00000000713043,-841835.9027593303,220226.2327326976,-621609.6700266327,307.3233934891082,766.1605441825343,1.0228128092194937,105
21300000,42600.00000776126,35.05000000714062,-841055.8427820816,221446.0618843572,-619609.7808977244,309.0256522514418,766.0268339215507,1.0229913415653618,105
21325000,42650.00000777144,35.100000007150804,-842700.4734027614,222194.6763695225,-620505.7970332389,310.0703358985319,762.7231401568215,1.0274223728774663,105
21350000,42700.00000778163,35.15000000716099,-841817.9732195353,221793.6655882328,-620024.3076313025,309.51072956734043,764.204959413868,1.025430166155309,105
21375000,42750.000007791816,35.20000000717118,-842183.0390880336,222140.85049333735,-620042.1885946962,309.99522245395514,764.2714692183062,1.025340929329701,105
21400000,42800.000007802,35.25000000718136,-841951.5558950747,222415.08069052311,-619536.4752045516,310.3779078123274,766.0589267464052,1.0229484849641184,105
21425000,42850.00000781219,35.30000000719155,-842430.1183428336,221842.78246483472,-620587.3358779988,309.5792716524844,766.2976816498189,1.0226297655257417,105
21450000,42900.000007822375,35.350000007201736,-843243.7172157485,221811.7130552432,-621432.0041605054,309.53591461789813,764.3501523666926,1.0252353794685023,105
21475000,42950.00000783256,35.40000000721192,-843492.9425590015,222477.82131764689,-621015.1212413546,310.46546169815684,763.6571515206358,1.026165756384327,105
21500000,43000.00000784275,35.45000000722211,-841083.2086736066,222769.44233100748,-618313.7663425992,310.87241575774647,767.4581806639203,1.021083413079988,105
21525000,43050.00000785293,35.50000000723229,-842185.7345926589,220815.86034778503,-621369.8742448739,308.14621262974845,763.7657706524228,1.0260198199757955,105
21550000,43100.00000786312,35.55000000724248,-842017.1437185882,222759.76740775025,-619257.3763108379,310.8589145040118,764.4689559221156,1.0250760510781438,105
21575000,43150.00000787331,35.60000000725267,-841705.4316477585,222402.341502988,-619303.0901447705,310.3601304099944,766.2053454602205,1.0227530036843868,105
21600000,43200.00000788349,35.650000007262854,-842993.0027369582,222993.7903979691,-619999.2123389891,311.185491127587,764.0718010491238,1.02560887266417,105
21625000,43250.00000789368,35.70000000727304,-844038.5317602227,222376.3960063087,-621662.135753914,310.3239237420316,762.7797958527749,1.027346060775481,105
21650000,43300.000007903865,35.75000000728323,-841112.9907546109,223961.3182664024,-617151.6724882084,312.5356661005345,764.4800524505164,1.025061171964585,105
21675000,43350.00000791405,35.80000000729341,-844215.1091608903,222542.2260762,-621672.8830846903,310.555337861908,765.3550489175201,1.0238892650108122,105
21700000,43400.00000792424,35.8500000073036,-843779.1803038944,223470.3174993105,-620308.862804584,311.85047968983304,764.607651658647,1.024890107767746,105
21725000,43450.000007934425,35.900000007313785,-841668.2654834725,222155.0032740474,-619513.2622094251,310.0149725107088,763.055848804875,1.0269743947783592,105
21750000,43500.00000794461,35.95000000732397,-841861.2304029441,221270.49056926623,-620590.7398336779,308.78064432625706,765.6379896974405,1.0235108877214238,105
21775000,43550.0000079548,36.00000000733416,-841874.6626640111,223832.65801875215,-618042.0046452589,312.3561220769894,763.6079661331485,1.026231853599904,105
21800000,43600.00000796498,36.050000007344345,-841434.6797237913,222080.1194610209,-619354.5602627704,309.9104729365611,766.330037679944,1.0225865879940346,105
21825000,43650.00000797517,36.10000000735453,-840513.3136479766,223000.84917023775,-617512.4644777388,311.19534157010946,768.893556364792,1.0191772476458183,105
21850000,43700.00000798536,36.150000007364724,-841616.6769131422,221324.42851746955,-620292.2483956727,308.8559141661576,765.9473976507153,1.0230974358187273,105
21875000,43750.00000799554,36.2000000073749,-842592.4010184165,222789.1736964528,-619803.2273219638,310.8999506708746,765.8939187346348,1.023168874095718,105
21900000,43800.00000800573,36.25000000738509,-842284.3081003255,222164.68502518992,-620119.6230751356,310.0284832926856,766.2578774579831,1.0226828872652518,105
21925000,43850.00000801592,36.30000000739528,-841973.9270743555,221546.9685807575,-620426.958493598,309.1664664858712,765.5770312233441,1.023592383977701,105
21950000,43900.0000080261,36.35000000740546,-841154.9590043505,222761.3268184048,-618393.6321859456,310.8610906451929,765.5865387817569,1.0235796723325918,105
21975000,43950.00000803629,36.40000000741565,-841338.4972775555,221624.6319990835,-619713.865278472,309.2748449700043,765.9227353090638,1.023130379061357,105
22000000,44000.00000804648,36.45000000742584,-842037.4097040985,223019.45549995147,-619017.954204147,311.22130650769674,766.3823082219184,1.0225168432274907,105
22025000,44050.00000805666,36.50000000743602,-842283.1761126374,222781.2224774268,-619501.9536352106,310.8888548282807,766.5724821807024,1.02226317370436,105
22050000,44100.00000806685,36.55000000744621,-843359.8177810088,222865.20784401157,-620494.6099369973,311.0060555247735,764.8514645309141,1.0245634019790786,105
22075000,44150.00000807703,36.600000007456394,-843738.4943625657,223007.41386916916,-620731.0804933966,311.2045025384818,765.0349220113272,1.024317708854696,105
22100000,44200.00000808722,36.65000000746658,-842494.4086096874,222546.03602037928,-619948.3725893081,310.5606545989727,764.0249923599295,1.0256717075287822,105
22125000,44250.000008097406,36.70000000747677,-842606.5231185551,222047.2300330269,-620559.2930855282,309.8645760854204,766.2018118290001,1.0227577204990546,105
22150000,44300.00000810759,36.75000000748695,-840971.5748103573,222135.27967518131,-618836.2951351759,309.9874484357604,765.7449516349699,1.0233679201348935,105
22175000,44350.00000811778,36.80000000749714,-841490.232715644,221613.6531452456,-619876.5795703983,309.25952409484694,764.5134616518079,1.0250163768409566,105
22200000,44400.000008127965,36.850000007507326,-843112.4151979517,222298.2458621775,-620814.1693357743,310.2148660371522,766.3029082732494,1.0226227906067695,105
22225000,44450.00000813815,36.90000000751751,-843921.1443938292,223057.8245665701,-620863.319827259,311.2748501369545,764.7511812568299,1.0246977549228533,105
22250000,44500.00000814834,36.9500000075277,-843198.5480363276,222438.2684032248,-620760.2796331028,310.41026602173014,765.1001421530827,1.0242303919892382,105
22275000,44550.00000815853,37.00000000753789,-842468.7133859573,223312.34988434296,-619156.3635016143,311.6300375431786,767.6395600710904,1.0208421494534514,105
22300000,44600.00000816871,37.05000000754807,-840704.1070027086,222604.578955897,-618099.5280468116,310.64235065027805,765.1462781833704,1.0241686339623957,105
22325000,44650.0000081789,37.10000000755826,-841740.7399101434,222203.91017078288,-619536.8297393606,310.08322157115566,762.6763886117049,1.027485353171778,105
22350000,44700.00000818908,37.150000007568444,-842915.5703987018,222283.84657022287,-620631.723828479,310.19477197654726,766.0197190696315,1.0230008431900963,105
22375000,44750.00000819927,37.20000000757863,-844564.8876960995,223488.2313513436,-621076.6563447559,311.87547828209404,763.6954981389281,1.0261142306300697,105
22400000,44800.000008209456,37.25000000758882,-841482.3935041251,222107.7334341236,-619374.6600700015,309.9490079458392,767.9982025916358,1.0203654329711425,105
22425000,44850.00000821964,37.300000007599,-842504.8228568728,223362.70928271703,-619142.1135741557,311.7003135543983,764.5054350154669,1.0250271386136318,105
22450000,44900.00000822983,37.35000000760919,-841775.3662186912,222322.2186413488,-619453.1475773423,310.2483197985633,766.7945180440059,1.021967163390051,105
22475000,44950.000008240015,37.400000007619376,-841315.1387321688,222713.124682256,-618602.0140499128,310.7938250707385,767.554031937263,1.0209559013462723,105
22500000,45000.0000082502,37.45000000762956,-843014.2020103731,222373.0153810579,-620641.1866293153,310.31920611502005,764.9553328710756,1.0244242831372574,105
22525000,45050.00000826039,37.50000000763975,-842314.920444807,221844.76403962984,-620470.1564051772,309.5820369192872,764.3290037672435,1.0252637472162582,105
22550000,45100.000008270574,37.550000007649935,-843710.6389810578,223688.9947278624,-620021.6442531954,312.1556414642658,765.7512879078232,1.0233594521917455,105
22575000,45150.00000828076,37.60000000766012,-844771.3871725444,223262.44297643652,-621508.9441961078,311.5603929776515,762.9297097488758,1.0271441896874285,105
22600000,45200.00000829095,37.65000000767031,-843582.4104128447,222855.3729648888,-620727.0374479559,310.99233105430943,763.7037712133184,1.026103114907347,105
22625000,45250.00000830113,37.700000007680494,-842756.4099023486,223773.12245945903,-618983.2874428895,312.2730408296366,765.6450468256164,1.023501453783917,105
22650000,45300.00000831132,37.75000000769068,-841516.6962834438,222115.64607332,-619401.0502101239,309.96004995068625,765.8980996254039,1.0231632888131552,105
22675000,45350.00000832151,37.80000000770087,-842730.7500647046,221135.4895975917,-621595.2604671129,308.5922518889687,764.6011689951785,1.024898797288414,105
22700000,45400.00000833169,37.85000000771105,-841153.1415275275,221610.26790238728,-619542.8736251402,309.2548000240126,766.0360762829968,1.0229789989929583,105
22725000,45450.00000834188,37.90000000772124,-843403.3353341175,222218.7992156544,-621184.5361184631,310.1039990768095,762.3757742437776,1.0278905035850432,105
22750000,45500.000008352064,37.950000007731425,-843130.2983602043,219838.62152047077,-623291.6768397336,306.782486115732,765.2512303738109,1.0240281719320867,105
22775000,45550.00000836225,38.00000000774161,-842108.186389307,224280.2471408384,-617827.9392484686,312.98072799328503,765.8901721140651,1.0231738792853518,105
22800000,45600.00000837244,38.0500000077518,-843164.6821146174,222115.5603343426,-621049.1217802749,309.9599303028443,763.5017748785672,1.0263745865333571,105
22825000,45650.00000838262,38.100000007761984,-842784.2342188144,222171.28107573465,-620612.9531430798,310.0376880119049,763.7200319226484,1.0260812676808806,105
22850000,45700.00000839281,38.15000000777217,-842841.2012738097,221261.65977999332,-621579.5414938163,308.7683210526268,765.5291492762561,1.0236564071392171,105
22875000,45750.000008403,38.200000007782364,-842876.7140406324,223109.4290225954,-619767.285018037,311.3468636130425,763.8099637556954,1.025960455733359,105
22900000,45800.00000841318,38.25000000779254,-840631.9176551388,223245.5320594311,-617386.3855957077,311.536793970682,766.1092717073192,1.0228812617840912,105
22925000,45850.00000842337,38.30000000780273,-842306.6915107616,222306.7649283487,-619999.9265824129,310.2267543044699,763.6682805100237,1.0261508020015084,105
22950000,45900.00000843356,38.35000000781292,-843522.7261357773,221510.5881399244,-622012.1379958529,309.11569796299943,764.5409604272753,1.0249795093653653,105
22975000,45950.00000844374,38.4000000078231,-841222.7495979206,222111.4328550103,-619111.3167429103,309.95417044881054,765.7091959073789,1.0234157075518049,105
23000000,46000.00000845393,38.45000000783329,-841008.3986472497,221033.99355511088,-619974.4050921388,308.4506152282773,765.8124405251143,1.0232777336068553,105
23025000,46050.000008464114,38.500000007843475,-841163.8077233494,222564.7192634098,-618599.0884599397,310.5867268682853,765.5371844198212,1.0236456627542805,105
23050000,46100.0000084743,38.55000000785366,-842998.2159174038,221608.19683023373,-621390.01908717,309.25190986458654,763.7080714721491,1.0260973371643245,105
23075000,46150.00000848449,38.60000000786385,-843097.7228848003,223856.13774448147,-619241.5851403188,312.38888778750345,764.6448730090295,1.0248402182109706,105
23100000,46200.00000849467,38.650000007874034,-840579.3786451169,222264.46120560708,-618314.9174395099,310.16771990394074,764.4190668554006,1.0251429516693475,105
23125000,46250.00000850486,38.70000000788422,-843485.2310042041,221471.0826720492,-622014.148332155,309.06056849773034,763.95216977813,1.025769478128534,105
23150000,46300.000008515046,38.75000000789441,-842652.5810759645,222056.48482286817,-620596.0962530964,309.87749104738805,763.8170175940702,1.025950981004377,105
23175000,46350.00000852523,38.80000000790459,-841422.3004798493,222827.7637987438,-618594.5366811055,310.95380275309026,766.0444434922874,1.0229678253861827,105
23200000,46400.00000853542,38.85000000791478,-844478.4531255807,222485.01195127965,-621993.4411743011,310.47549615182726,763.9012655854906,1.025837832468906,105
23225000,46450.000008545605,38.900000007924966,-844020.9373430489,223005.97000407492,-621014.9673389739,311.202487639916,763.6453863468598,1.0261815661026368,105
23250000,46500.00000855579,38.95000000793515,-842557.0645948225,221920.35199365404,-620636.7126011684,309.6875191147975,765.5736574946897,1.023596894742828,105
23275000,46550.00000856598,39.00000000794534,-842737.2818050943,223689.1457427824,-619048.1360623119,312.1558522039997,763.5179336609917,1.026352864759842,105
23300000,46600.00000857616,39.05000000795552,-840743.318614657,221491.4679408069,-619251.8506738502,309.08901592605923,763.7896581463889,1.0259877312429917,105
23325000,46650.00000858635,39.10000000796571,-842363.0795060326,222436.2776985303,-619926.8018075023,310.40748801424866,763.9154901650617,1.025818730733095,105
23350000,46700.00000859654,39.1500000079759,-842886.4850547705,223617.98284015272,-619268.5022146178,312.0565451212089,766.7915432575552,1.021971128136529,105
23375000,46750.00000860672,39.200000007986084,-842211.079838179,221927.6654009875,-620283.4144371916,309.69772489787704,763.6614274573792,1.0261600106183304,105
23400000,46800.00000861691,39.25000000799627,-842065.8632700145,223236.26393090023,-618829.5993391143,311.52386039471304,766.7460219056693,1.0220318020833277,105
23425000,46850.000008627096,39.30000000800646,-842564.5880091325,222728.11242242303,-619836.4755867094,310.81474030464017,766.1828811083225,1.022782990628687,105
23450000,46900.00000863728,39.35000000801664,-839760.5608252995,221989.83196904545,-617770.728856254,309.78447769031266,768.059738460749,1.0202836827236204,105
23475000,46950.00000864747,39.40000000802683,-841613.3099071765,222747.26300979825,-618866.0468973783,310.8414647480746,764.7796721802549,1.0246595810718329,105
23500000,47000.000008657655,39.450000008037016,-843282.4525628895,222459.71633086004,-620822.7362320295,310.4401963793555,764.7287262399486,1.024727843507989,105
23525000,47050.00000866784,39.5000000080472,-841393.5425309902,221523.4534793844,-619870.0890516059,309.13365140901794,766.240650273622,1.0227058799720934,105
23550000,47100.00000867803,39.55000000805739,-843064.1148331957,222356.97368052823,-620707.1411526675,310.29682009050816,764.2832596181173,1.025325111660862,105
23575000,47150.00000868821,39.60000000806757,-842180.8145670062,223120.9565311336,-619059.8580358726,311.3629501300685,766.4885763972933,1.022375078558628,105
23600000,47200.0000086984,39.65000000807776,-842678.2832328645,222874.40719876543,-619803.876034099,311.0188931276594,764.6107639296612,1.024885936055908,105
23625000,47250.00000870859,39.70000000808795,-842301.9790966623,221705.68666209956,-620596.2924345627,309.3879559004648,763.8746179034458,1.0258736187088835,105
23650000,47300.00000871877,39.750000008098134,-842193.8842958403,222870.86921267887,-619323.0150831614,311.0139559052553,765.8194509999214,1.023268366303945,105
23675000,47350.00000872896,39.80000000810832,-841719.9720572769,223013.87560106412,-618706.0964562127,311.2135198174369,766.2637004051575,1.022675115752096,105
23700000,47400.000008739145,39.850000008118506,-840887.6927042869,222858.07289441043,-618029.6198098764,310.99609877758417,767.7657155866273,1.0206744096533644,105
23725000,47450.00000874933,39.90000000812869,-842695.5841932106,223135.82162746327,-619559.7625657474,311.3836942157838,764.0562766419399,1.0256297114037205,105
23750000,47500.00000875952,39.95000000813888,-842327.4408858153,222149.85685985832,-620177.5840259569,310.00779074379,765.1422349882772,1.02417404591511,105
23775000,47550.0000087697,40.00000000814906,-841301.3597089583,222511.0039283436,-618790.3557806148,310.5117676826783,766.4421663937641,1.0224369859445792,105
23800000,47600.00000877989,40.05000000815925,-841116.6932048076,222056.62437216108,-619060.0688326465,309.87768578695983,767.0081687535488,1.0216824936583806,105
23825000,47650.00000879008,40.10000000816944,-842758.3223391534,221349.02987061124,-621409.2924685421,308.89024509593884,764.2406205044922,1.0253823174057095,105
23850000,47700.00000880026,40.150000008179624,-842182.02943788,221292.83702586865,-620889.1924120114,308.8118285716137,765.9387343928411,1.0231090077062934,105
23875000,47750.00000881045,40.20000000818981,-841589.844012382,221751.61541138828,-619838.2286009938,309.45204898744623,765.7436467625733,1.0233696640142664,105
23900000,47800.00000882064,40.250000008200004,-842372.0747413887,222468.27362280272,-619903.801118586,310.4521379903356,764.635371172196,1.0248529535157984,105
23925000,47850.00000883082,40.30000000821018,-842210.1192083713,223095.4464227742,-619114.672785597,311.32735104193074,765.7847849984664,1.0233146882254172,105
23950000,47900.00000884101,40.35000000822037,-841974.07389965,222551.60182180017,-619422.4720778498,310.5684216163662,765.263899679504,1.024011218661517,105
23975000,47950.0000088512,40.40000000823056,-842798.4667375968,222367.113878059,-620431.3528595378,310.3109706296022,765.1027857611488,1.0242268530350267,105
24000000,48000.00000886138,40.45000000824074,-842980.8822458759,221970.87256178368,-621010.0096840922,309.7580200367174,767.3835154087384,1.021182762951426,105
24025000,48050.00000887157,40.50000000825093,-841639.9252300253,223377.09127650328,-618262.833953522,311.720383475591,765.3515079415611,1.0238940021377851,105
24050000,48100.00000888176,40.55000000826112,-842806.6487139827,222071.2840963044,-620735.3646176782,309.8981432779473,763.3732009911994,1.0265474573785935,105
24075000,48150.00000889194,40.6000000082713,-843035.0986950942,222051.27252824875,-620983.8261668455,309.87021734502105,763.3276265754281,1.0266087473136132,105
24100000,48200.00000890213,40.65000000828149,-841493.1538981432,222739.53371772816,-618753.620180415,310.8306786022156,765.4868647326948,1.0237129526476167,105
24125000,48250.00000891231,40.700000008291674,-841986.8425192656,221039.1327566026,-620947.709762663,308.4577869299527,766.0910567193712,1.0229055823523738,105
24150000,48300.0000089225,40.75000000830186,-841366.1497056256,222292.38982662227,-619073.7598790033,310.2066940010742,763.8162491606078,1.025952013157157,105
24175000,48350.000008932686,40.80000000831205,-843806.5998721858,222039.1218471194,-621767.4780250664,309.85326119719275,765.9909352701789,1.0230392847038985,105
24200000,48400.00000894287,40.85000000832223,-843667.3865765599,222142.9317044665,-621524.4548720934,309.998126762215,765.2284732413433,1.024058625509775,105
24225000,48450.00000895306,40.90000000833242,-841730.4858176471,222770.79210502625,-618959.6937126208,310.87429935320534,764.6854054807134,1.0247858961239693,105
24250000,48500.000008963245,40.950000008342606,-844676.8055755175,222589.9827890581,-622086.8227864595,310.6219818528409,765.365254152288,1.0238756126660409,105
24275000,48550.00000897343,41.00000000835279,-842740.53791998,221780.7390277771,-620959.7988922029,309.4926906880657,762.7127904973854,1.0274363145233762,105
24300000,48600.00000898362,41.05000000836298,-842881.5776173281,221779.32208303025,-621102.2555342979,309.49071335656174,765.4482410270368,1.0237646081164544,105
24325000,48650.00000899381,41.10000000837317,-843288.5228603007,223591.93166773455,-619696.5911925661,312.0201909838631,765.0015087586482,1.0243624483565632,105
24350000,48700.00000900399,41.15000000838335,-843140.096569031,222351.53138107745,-620788.5651879535,310.2892254188161,764.0049431339464,1.025698623485326,105
24375000,48750.00000901418,41.20000000839354,-843343.0244994271,222342.3563391993,-621000.6681602278,310.27642174429275,765.9276172282263,1.0231238577665362,105
24400000,48800.00000902436,41.250000008403724,-842781.2356006918,222112.16581658256,-620669.0697841092,309.9551932889821,764.8322462567229,1.0245891466315586,105
24425000,48850.00000903455,41.30000000841391,-842748.7857121918,222992.4563661521,-619756.3293460398,311.18362950020526,766.2097673266223,1.0227471012835858,105
24450000,48900.000009044736,41.3500000084241,-840382.7521677981,222280.9890861681,-618101.76308163,310.19078438757725,764.9148143852176,1.024478548161347,105
24475000,48950.00000905492,41.40000000843428,-843649.2127224035,223579.216183264,-620069.9965391394,312.0024466589075,763.568770481396,1.0262845323210696,105
24500000,49000.00000906511,41.45000000844447,-842780.2291719508,221114.2072790329,-621666.0218929179,308.5625526370693,764.4823757744425,1.0250580567205687,105
24525000,49050.000009075295,41.500000008454656,-841569.9361701813,222711.4462667392,-618858.4899034421,310.7914828595228,764.6502944038849,1.0248329520612978,105
24550000,49100.00000908548,41.55000000846484,-842086.8355364148,222100.3496796869,-619986.4858567278,309.9387039941164,764.6106219331813,1.0248861263883349,105
24575000,49150.00000909567,41.60000000847503,-841559.6612355504,222377.7011330404,-619181.9601025099,310.32574503267057,764.1121809400948,1.0255546738495325,105
24600000,49200.000009105854,41.650000008485215,-843131.2911387705,222337.4143613765,-620793.876777394,310.2695252661748,764.8134863346664,1.0246142785269476,105
24625000,49250.00000911604,41.7000000084954,-841360.6455661431,222125.82507047788,-619234.8204956652,309.9742546342522,764.3942216099259,1.0251762720785824,105
24650000,49300.00000912623,41.750000008505594,-842778.7264220179,221794.4256253832,-620984.3007966348,309.5117901911968,765.4261025808969,1.0237942184962945,105
24675000,49350.00000913641,41.800000008515774,-841886.9370019608,222901.994554203,-618984.9424477578,311.05739099226554,766.0172572143805,1.0230041309489215,105
24700000,49400.0000091466,41.85000000852596,-842964.5709494301,222168.4086276996,-620796.1623217305,310.0336795408577,765.4821040495345,1.0237193193190108,105
24725000,49450.00000915679,41.90000000853615,-841659.9588600532,221014.4198720269,-620645.5389880263,308.42330035922737,764.8030405285043,1.0246282728778815,105
24750000,49500.00000916697,41.95000000854633,-844389.0452490058,222172.6054157156,-622216.4398332902,310.0395361144312,762.9142747595139,1.027164970475212,105
24775000,49550.00000917716,42.00000000855652,-841406.0191264148,221553.54719634223,-619852.4719300725,309.1756468747871,765.747675528233,1.0233642798430944,105
24800000,49600.000009187344,42.050000008566705,-841583.0619276944,221938.6608497434,-619644.401077951,309.71306893106816,765.4815492078293,1.023720061338428,105
24825000,49650.00000919753,42.10000000857689,-844091.4880932043,223849.466319024,-620242.0217741803,312.3795778833854,764.0469236259578,1.0256422665633391,105
24850000,49700.00000920772,42.15000000858708,-842506.0297017284,223334.99584463888,-619171.0338570895,311.66163974279215,766.3100997005663,1.0226131938162877,105
24875000,49750.0000092179,42.200000008597264,-841453.1996252555,223050.3970013283,-618402.8026239272,311.2644850477135,766.858797044919,1.02188150090762,105
24900000,49800.00000922809,42.25000000860745,-840473.8212162163,222175.33553360324,-618298.4856826131,310.0433459652535,765.1038760305204,1.02422539351665,105
24925000,49850.00000923828,42.300000008617644,-841495.0026614475,220516.36919749615,-620978.6334639513,307.72827587678023,765.3825114457093,1.0238525270564134,105
24950000,49900.00000924846,42.35000000862782,-842779.6218687105,223540.6307121199,-619238.9911565906,311.9486010394087,765.6732934296924,1.0234636955904628,105
24975000,49950.00000925865,42.40000000863801,-842742.1823737337,222967.85127543707,-619774.3310982967,311.1492933546798,764.6541156772387,1.0248278305733314,105
25000000,50000.00000926884,42.4500000086482,-841883.8968848647,220595.0572952513,-621288.8395896134,307.83808429028863,766.0327024390361,1.0229835045075493,105
25025000,50050.00000927902,42.50000000865838,-841961.0182354436,222203.5486607999,-619757.4695746438,310.0827170877734,765.6795817903013,1.0234552901047465,105
25050000,50100.00000928921,42.55000000866857,-840441.9277309696,222620.9159792944,-617821.0117516753,310.6651487947484,766.2420446628389,1.0227040188760326,105
25075000,50150.000009299394,42.600000008678755,-840798.749884415,222037.5720982125,-618761.1777862024,309.8510985388791,766.1180112207692,1.0228695932364078,105
25100000,50200.00000930958,42.65000000868894,-842103.3580932617,222515.67721098967,-619587.6808822721,310.5182891995008,764.146350040361,1.0255088157747312,105
25125000,50250.00000931977,42.70000000869913,-844241.4046434094,223262.09976646063,-620979.3048769488,311.5599140317367,764.9095698925698,1.0244855723514277,105
25150000,50300.00000932995,42.750000008709314,-842907.21811117,222351.9202700829,-620555.2978410871,310.2897681093364,767.3634901929274,1.0212094118674508,105
25175000,50350.00000934014,42.8000000087195,-841992.9719136991,221353.126402912,-620639.8455107871,308.89596176371526,765.1249586334197,1.0241971715419156,105
25200000,50400.000009350326,42.85000000872969,-841984.9684199337,222163.31608516932,-619821.6523347644,310.02657295127267,764.3650186674516,1.0252154394436088,105
25225000,50450.00000936051,42.90000000873987,-841215.2530423291,222090.921516438,-619124.3315258911,309.92554709138017,766.1510043306604,1.0228255449369166,105
25250000,50500.0000093707,42.95000000875006,-841626.0164346821,221285.91698915765,-620340.0994455244,308.8021717331041,764.7542775571931,1.0246936061758325,105
25275000,50550.000009380885,43.000000008760246,-842872.3607722991,223248.3671950245,-619623.9935772746,311.5407503726089,763.3603505461824,1.0265647383280807,105
25300000,50600.00000939107,43.05000000877043,-841536.6858650236,221401.1913586392,-620135.4945063845,308.96303590433286,765.280929765624,1.023988430952372,105
25325000,50650.00000940126,43.10000000878062,-843324.1208024304,222155.00337008905,-621169.1174323414,310.01497264473386,766.1595044464225,1.0228141972534566,105
25350000,50700.00000941144,43.1500000087908,-841788.9003205285,222739.9892721084,-619048.9110484202,310.8313143235659,766.7016922160892,1.0220908946260825,105
25375000,50750.00000942163,43.20000000880099,-840796.7243234962,222558.3665421413,-618238.3577813549,310.57786171251394,764.9657110291101,1.0244103849494672,105
25400000,50800.00000943182,43.25000000881118,-843220.7715416141,223592.7739495724,-619627.9975920417,312.0213663793165,763.949556984742,1.025772986375493,105
25425000,50850.000009442,43.300000008821364,-842170.4430577881,222540.9609934764,-619629.4820643116,310.5535724522616,765.0402588587607,1.0243105633126512,105
25450000,50900.00000945219,43.35000000883155,-841653.4946878375,221743.9940865748,-619909.5006012628,309.4414135087591,765.7566204923563,1.0233523257097272,105
25475000,50950.000009462376,43.40000000884174,-841436.4855969422,221296.86374249903,-620139.6218544432,308.817447812356,766.6342763779131,1.022180774659465,105
25500000,51000.00000947256,43.45000000885192,-842580.6664980105,222017.862441637,-620562.8040563735,309.82359392025063,764.1303389090873,1.0255303036746817,105
25525000,51050.00000948275,43.50000000886211,-841937.2701303274,222719.9015614277,-619217.3685688998,310.8032821344066,765.8840174443455,1.0231821015450533,105
25550000,51100.000009492935,43.550000008872296,-842099.7058852576,222966.00596447996,-619133.6999207777,311.1467182426309,765.9047576926348,1.0231543943783097,105
25575000,51150.00000950312,43.60000000888248,-842019.473928439,222967.36732323305,-619052.1066052059,311.1486180044648,765.0123732834129,1.0243479006033809,105
25600000,51200.00000951331,43.65000000889267,-843323.9768052963,222717.70880865792,-620606.2679966383,310.8002221709593,763.3018742402256,1.0266433831156134,105
25625000,51250.00000952349,43.70000000890285,-840751.8805469172,221352.53071904165,-619399.3498278756,308.8951304931341,765.3432779921558,1.0239050123551297,105
25650000,51300.00000953368,43.75000000891304,-841831.8919000477,222656.09999798823,-619175.7919020595,310.7142477230977,765.4188774984829,1.0238038824826696,105
25675000,51350.000009543866,43.80000000892323,-843339.9929077593,223001.94817053984,-620338.0447372195,311.1968752134819,766.4985396428809,1.0223617893304515,105
25700000,51400.00000955405,43.850000008933414,-842289.5477438131,221968.67187615024,-620320.875867663,309.75494900304227,765.4484502879884,1.023764328236136,105
25725000,51450.00000956424,43.9000000089436,-840518.8704141253,222545.79702656996,-617973.0733875553,310.5603210856233,766.4376878601062,1.0224429603617136,105
25750000,51500.000009574425,43.950000008953786,-841683.1613480398,222752.846704972,-618930.3146430678,310.8492567360123,764.2145920296147,1.025417241022933,105
25775000,51550.00000958461,44.00000000896397,-842775.6048311475,220966.7470248908,-621808.8578062566,308.3567734020282,764.1227953271136,1.0255404279269085,105
25800000,51600.0000095948,44.05000000897416,-843107.3817609176,223731.22467676853,-619376.1570841491,312.2145729141828,762.3241588030165,1.0279600999906982,105
25825000,51650.00000960498,44.10000000898434,-843257.3533286112,222954.51607066725,-620302.837257944,311.130684216559,764.7837691854883,1.024654091891969,105
25850000,51700.00000961517,44.15000000899453,-840633.7894492154,222342.6113072433,-618291.178141972,310.27677754951884,765.7314041231901,1.0233860258164396,105
25875000,51750.00000962536,44.20000000900472,-842013.6667280514,222781.6279932951,-619232.0387347563,310.8894207214135,767.3199199658294,1.0212673985361556,105
25900000,51800.00000963554,44.250000009014904,-843134.9773620642,222318.0560980132,-620816.921264051,310.2425110130813,761.7355932761419,1.028754367559652,105
25925000,51850.00000964573,44.30000000902509,-842889.6587846107,223051.3065339222,-619838.3522506885,311.26575429089024,766.0373136400349,1.0229773466057426,105
25950000,51900.00000965592,44.350000009035284,-842249.4355478017,222623.5793162536,-619625.8562315481,310.6688654534867,762.6614199463768,1.0275055195050666,105
25975000,51950.0000096661,44.40000000904546,-842482.324657199,222326.88935233784,-620155.4353048612,310.2548377266654,764.7447280281841,1.02470640174141,105
26000000,52000.00000967629,44.45000000905565,-842008.6098202211,221413.22014741536,-620595.3896728058,308.9798219526632,764.6405413471184,1.0248460238949466,105
26025000,52050.00000968648,44.50000000906584,-842113.5251400424,222782.3813793462,-619331.1437606963,310.8904720637307,764.2668243470623,1.0253471608923512,105
26050000,52100.00000969666,44.55000000907602,-842593.2804934643,223102.141267627,-619491.1392258373,311.3366936275688,765.3257527059873,1.0239284588787667,105
26075000,52150.00000970685,44.60000000908621,-843096.4077141485,222685.26632434304,-620411.1413898055,310.75494902502595,766.901686843812,1.021824351089308,105
26100000,52200.00000971704,44.6500000090964,-842980.9611154906,222484.1342735628,-620496.8268419278,310.47427136179664,763.4554211320052,1.0264369036066858,105
26125000,52250.00000972722,44.70000000910658,-840700.3451810484,222654.9567661032,-618045.3884149452,310.712652355016,764.7710890027284,1.0246710810294215,105
26150000,52300.00000973741,44.75000000911677,-841229.6265806337,222336.8931454497,-618892.733435184,310.2687979148262,767.7101217194576,1.020748321975149,105
26175000,52350.00000974759,44.800000009126954,-842236.940339081,221233.07021475615,-621003.8701243248,308.7284246147772,764.7280128400531,1.0247287994566716,105
26200000,52400.00000975778,44.85000000913714,-843185.8646596968,221851.14863324244,-621334.7160264543,309.59094655257985,766.2727039097123,1.0226630995860289,105
26225000,52450.000009767966,44.90000000914733,-842237.0648815711,221583.08604288712,-620653.978838684,309.21686802472584,766.2037790366803,1.0227550945960011,105
26250000,52500.00000977815,44.95000000915751,-844452.9832980852,221320.3345762555,-623132.6487218296,308.85020111421534,764.7572835599772,1.02468957845109,105
26275000,52550.00000978834,45.0000000091677,-840693.0270154974,222919.23849224564,-617773.7885232518,311.0814547265928,764.8400322330147,1.0245787164416256,105
26300000,52600.000009798525,45.050000009177886,-840961.5750125586,222115.30232591712,-618846.2726866414,309.95957025479794,764.6115760751746,1.0248848474554464,105
26325000,52650.00000980871,45.10000000918807,-841967.1542042252,222859.9992156778,-619107.1549885473,310.99878693866964,768.8618058684509,1.019219335031647,105
26350000,52700.0000098189,45.15000000919826,-841004.9078498143,221566.84057591087,-619438.0672739034,309.19419764627906,766.2457972768566,1.022699010282901,105
26375000,52750.00000982909,45.20000000920845,-842596.8229606813,221742.06511900408,-620854.7578416772,309.4387216547851,765.2176015189584,1.02407317467992,105
26400000,52800.00000983927,45.25000000921863,-842028.4128359267,223553.56683616547,-618474.8459997613,311.9666532645726,764.9020622300505,1.0244956278765895,105
26425000,52850.00000984946,45.30000000922882,-843378.9087626478,223122.56559911408,-620256.3431635337,311.3651955675261,763.1961810183365,1.026785560513236,105
26450000,52900.00000985964,45.350000009239004,-841930.9371878197,222205.83108861928,-619725.1060992004,310.08590219181,765.6884455980451,1.0234434423212544,105
26475000,52950.00000986983,45.40000000924919,-844108.4132543881,223721.9934581319,-620386.4197962562,312.20169084558347,765.0281429239552,1.0243267855655456,105
26500000,53000.000009880016,45.45000000925938,-841984.3086651359,221984.5390065416,-619999.7696585943,309.77709141676064,764.598801209114,1.0249019711635048,105
26525000,53050.0000098902,45.50000000926956,-842843.5617383858,221774.69096977933,-621068.8707686064,309.48425068668706,764.3421231273381,1.0252461493319018,105
26550000,53100.00000990039,45.55000000927975,-843129.3568517924,222967.7611357333,-620161.5957160591,311.14916756567044,767.0183097213549,1.0216689857027752,105
26575000,53150.000009910575,45.600000009289936,-843568.4922112408,223360.4009396706,-620208.0912715702,311.6970922859346,765.6570319090168,1.023485432576284,105
26600000,53200.00000992076,45.65000000930012,-844667.3575007012,221218.91300266387,-623448.4444980373,308.7086683740762,764.6844772878271,1.0247871400343755,105
26625000,53250.00000993095,45.70000000931031,-842093.5210433742,222071.46144757056,-620022.0595958036,309.8983907697755,763.6061932524052,1.02623423622423,105
26650000,53300.00000994113,45.750000009320495,-842381.6868694793,222883.4106777917,-619498.2761916876,311.03145738802573,763.0672083190556,1.026959106570357,105
26675000,53350.00000995132,45.80000000933068,-843069.2508719536,221755.04489397,-621314.2059779835,309.4568347943496,765.0373796972259,1.024314418229616,105
26700000,53400.00000996151,45.850000009340874,-842126.0132764713,223129.912163931,-618996.1011125403,311.3754476215253,766.0538276885891,1.0229552939810298,105
26725000,53450.00000997169,45.900000009351054,-843537.0368893514,221425.71506696084,-622111.3218223907,308.9972584815837,764.6367193711568,1.024851146506467,105
26750000,53500.00000998188,45.95000000936124,-842532.1549056629,221867.58566292585,-620664.569242737,309.6138842547714,761.5225494095413,1.0290421723113528,105
26775000,53550.00000999207,46.00000000937143,-841788.132775147,222028.23231406475,-619759.9004610822,309.8380649682498,762.6607188817176,1.0275064640244171,105
26800000,53600.00001000225,46.05000000938161,-843104.0761678168,222832.59740125356,-620271.4787665632,310.9605479945978,764.0024395152427,1.025701984676502,105
26825000,53650.00001001244,46.1000000093918,-843235.9515147009,222938.45311279772,-620297.4984019031,311.1082685276528,763.8347109910826,1.0259272159701869,105
26850000,53700.000010022624,46.150000009401985,-842386.7453886853,222425.00334266492,-619961.7420460203,310.3917547691173,762.9994980862169,1.0270502411522224,105
26875000,53750.00001003281,46.20000000941217,-843618.8967468995,222345.940793746,-621272.9559531535,310.28142381294475,762.2688913529106,1.0280346310835733,105
26900000,53800.000010043,46.25000000942236,-843084.8461723281,222957.27132909684,-620127.5748432312,311.13452915074333,766.0153807212811,1.0230066369824042,105
26925000,53850.00001005318,46.300000009432544,-842082.8855260042,222115.48885739176,-619967.3966686125,309.9598305575106,762.487037773565,1.0277405118868266,105
26950000,53900.00001006337,46.35000000944273,-841570.6436996171,222910.3429458489,-618660.3007537682,311.0690410850768,765.0381553158672,1.024313379748918,105
26975000,53950.00001007356,46.400000009452924,-842386.6595462156,222189.8130644372,-620196.8464817784,310.0635492073924,763.4384837398163,1.026459675794313,105
27000000,54000.00001008374,46.4500000094631,-843242.7901132815,224186.17828627297,-619056.6118270084,312.8494558952795,765.8765607214392,1.0231920634446665,105
27025000,54050.00001009393,46.50000000947329,-844495.9612079766,221611.5795425772,-622884.3816653994,309.256630404114,766.0640954645627,1.022941583018916,105
27050000,54100.00001010412,46.55000000948348,-843531.9743111678,222031.1714071272,-621500.8029040407,309.8421664417324,766.3896043101207,1.0225071087881994,105
27075000,54150.0000101143,46.60000000949366,-844673.5529393875,222501.6869824637,-622171.8659569238,310.49876598261176,763.0097949731681,1.0270363810153067,105
27100000,54200.00001012449,46.65000000950385,-842577.0818612282,221324.3457447015,-621252.7361165266,308.85579865762963,765.7312694363715,1.0233862058229426,105
27125000,54250.000010134674,46.700000009514035,-843464.976945499,222378.3387534649,-621086.6381920341,310.3266348252723,764.986090274803,1.0243830946350545,105
27150000,54300.00001014486,46.75000000952422,-844062.1948874807,221403.5299014937,-622658.664985987,308.96629931631134,763.7869626043906,1.0259913521388104,105
27175000,54350.00001015505,46.80000000953441,-843235.8655428849,221483.09766652616,-621752.7678763587,309.0773352962611,764.7973137404797,1.0246359452752831,105
27200000,54400.00001016523,46.850000009544594,-842196.7051456035,220834.59386846225,-621362.1112771413,308.1723550609887,766.0978697915475,1.0228964854342946,105
27225000,54450.00001017542,46.90000000955478,-841909.064728193,222329.3883506725,-619579.6763775204,310.25832505258023,764.87311582247,1.0245343996249952,105
27250000,54500.000010185606,46.95000000956497,-841813.7051211782,223295.0334131192,-618518.671708059,311.6058725895592,765.3027502776687,1.023959234726587,105
27275000,54550.00001019579,47.00000000957515,-842388.5131591656,222479.605284247,-619908.9078749187,310.46795120480016,764.16628571738,1.025482062157209,105
27300000,54600.00001020598,47.05000000958534,-841680.2310648472,222723.19681122297,-618957.0342536243,310.8078806208671,764.871996380692,1.0245358991002216,105
27325000,54650.000010216165,47.100000009595526,-841958.7581023099,222624.98175666615,-619333.7763456437,310.6708225443447,764.0263533385308,1.0256698804749906,105
27350000,54700.00001022635,47.15000000960571,-841885.1784970369,221979.95810819272,-619905.2203888441,309.77069882125403,766.3064379405107,1.0226180803263831,105
27375000,54750.00001023654,47.2000000096159,-842526.9516335451,221706.4441254376,-620820.5075081075,309.3890129325931,763.2057404538416,1.0267726996425386,105
27400000,54800.00001024672,47.25000000962608,-842709.1307806829,222313.66213668205,-620395.4686440008,310.23637928621844,764.95364319467,1.0244265459482866,105
27425000,54850.00001025691,47.30000000963627,-841824.9831954851,221570.34489020176,-620254.6383052833,309.1990878800463,765.3510880258349,1.0238945639050576,105
27450000,54900.0000102671,47.35000000964646,-842524.2364542107,221322.65948481945,-621201.5769693912,308.8534454996846,764.5364090001706,1.0249856112585725,105
27475000,54950.00001027728,47.400000009656644,-842058.6836652486,221004.76495635216,-621053.9187088964,308.40982702586376,764.998469402142,1.0243665181721209,105
27500000,55000.00001028747,47.45000000966683,-842025.9456362664,223420.6423716437,-618605.3032646226,311.78115857119457,766.3445990750827,1.0225671577176425,105
27525000,55050.000010297656,47.50000000967702,-842150.7813445223,224451.7436106931,-617699.0377338291,313.220049514764,765.3652276652087,1.0238756480994171,105
27550000,55100.00001030784,47.5500000096872,-844681.6107217264,222226.09355472383,-622455.5171670025,310.114178250327,762.0618413774596,1.0283139450887775,105
27575000,55150.00001031803,47.60000000969739,-842124.0604071543,220974.18843319896,-621149.8719739553,308.3671578091227,763.4816562369555,1.0264016327135723,105
27600000,55200.000010328215,47.650000009707576,-842233.6561412057,221160.42723260509,-621073.2289086006,308.62705209656804,764.2520440256885,1.0253669906862997,105
27625000,55250.0000103384,47.70000000971776,-841197.8449494462,222697.54506451488,-618500.2998849313,310.7720838779022,766.7335004398657,1.022048492806053,105
27650000,55300.00001034859,47.75000000972795,-842722.8454577681,221447.6021746958,-621275.2432830723,309.027801710423,765.1055522665711,1.0242231495863534,105
27675000,55350.00001035877,47.800000009738135,-840502.2584307231,220951.88925849448,-619550.3691722286,308.33603954515775,767.2833415219701,1.0213160850775949,105
27700000,55400.00001036896,47.85000000974832,-842291.902538199,221207.22655025803,-621084.675987941,308.6923600525531,764.3999328259108,1.0251686124715351,105
27725000,55450.000010379146,47.90000000975851,-842917.4904255825,223439.473164632,-619478.0172609505,311.80743674492265,766.5279481608486,1.02232256552247,105
27750000,55500.00001038933,47.950000009768694,-842514.0376408352,220604.98831046195,-621909.0493303732,307.8519429176531,762.8382758935395,1.0272673032702375,105
27775000,55550.00001039952,48.00000000977888,-841549.6524490551,222901.42085876936,-618648.2315902858,311.0565904063167,764.3465564999561,1.0252402026861474,105
27800000,55600.000010409705,48.050000009789066,-842464.4845354711,222867.1111670423,-619597.3733684288,311.0087115920615,767.137362219296,1.0215104322926467,105
27825000,55650.00001041989,48.10000000979925,-843062.7429766459,221575.92119476237,-621486.8217818836,309.2068695544609,763.5415283810099,1.0263211487266153,105
27850000,55700.00001043008,48.15000000980944,-843234.4395826301,221313.853344591,-621920.5862380391,308.84115662353685,766.6951489766245,1.02209961750047,105
27875000,55750.00001044026,48.20000000981962,-844079.7000222481,221938.1218834958,-622141.5781387523,309.7123168093334,763.2535340387936,1.0267084049540005,105
27900000,55800.00001045045,48.25000000982981,-842145.6900895499,222296.3978275268,-619849.2922620231,310.2122871242176,764.7141422030998,1.0247473863251084,105
27925000,55850.00001046064,48.30000000984,-842554.4661582783,222138.85937044455,-620415.6067878337,309.9924438628823,765.8788112997454,1.0231890567367812,105
27950000,55900.00001047082,48.350000009850184,-842553.5037965616,222673.88714746592,-619879.6166490957,310.7390695032741,765.3821916336458,1.0238529548693325,105
27975000,55950.00001048101,48.40000000986037,-842108.4549891958,223098.4614085631,-619009.9935806327,311.33155842291563,764.7687944771706,1.0246741553363243,105
28000000,56000.0000104912,48.450000009870564,-843234.4996490576,222114.1746892251,-621120.3249598325,309.9579966496442,764.3823868013679,1.025192144716581,105
28025000,56050.00001050138,48.50000000988074,-842428.1198560772,223191.10306518816,-619237.0167908891,311.4608388811934,765.0956670484585,1.0242363827932133,105
28050000,56100.00001051157,48.55000000989093,-842878.4623525837,222462.2054700234,-620416.2568825602,310.44366994690034,765.6537630657461,1.0234898021929832,105
28075000,56150.00001052176,48.60000000990112,-841569.5019759946,221962.3097137872,-619607.1922622074,309.7460706723226,767.1050043301285,1.0215535214670948,105
28100000,56200.00001053194,48.6500000099113,-845547.1897599786,220859.4734167592,-624687.7163432194,308.20707420918563,763.4711039136695,1.026415819133719,105
28125000,56250.00001054213,48.70000000992149,-843328.0860489951,224199.7299158876,-619128.3561331076,312.8683670519968,763.4332464058929,1.026466717552196,105
28150000,56300.00001055232,48.75000000993168,-843129.4438493545,220794.0891091316,-622335.3547402229,308.1158310949948,764.0843296272595,1.0255920559066476,105
28175000,56350.0000105625,48.80000000994186,-843908.9465102176,222360.55956056196,-621548.3869496557,310.3018241484123,762.5588845896588,1.027643680173182,105
28200000,56400.00001057269,48.85000000995205,-841718.7567083933,222598.2058625282,-619120.5508458652,310.6334570654548,765.5644169027961,1.023609249864042,105
28225000,56450.00001058287,48.900000009962234,-841940.1931777624,222916.1228612544,-619024.0703165081,311.0771068962858,763.9067018030286,1.0258305322611674,105
28250000,56500.00001059306,48.95000000997242,-842761.6825588075,223056.5209234659,-619705.1616353416,311.2730309167021,765.3651026590159,1.0238758153278371,105
28275000,56550.000010603246,49.00000000998261,-841880.6478920928,221750.08459610323,-620130.5632959895,309.4499127508028,762.4183144654169,1.0278331509624554,105
28300000,56600.00001061343,49.05000000999279,-842588.0021768468,222884.324288732,-619703.6778881148,311.0327323224921,764.5914031228282,1.0249118879807568,105
28325000,56650.00001062362,49.10000001000298,-843313.1290245852,221022.86919253675,-622290.2598320486,308.4350912972075,763.3006932061496,1.0266449716125583,105
28350000,56700.000010633805,49.150000010013166,-843339.8534884569,221872.71876722877,-621467.1347212282,309.6210474478839,767.2193200675425,1.0214013099142052,105
28375000,56750.00001064399,49.20000001002335,-843648.8316191994,222109.07208083212,-621539.7595383672,309.95087601325355,763.6937137658475,1.0261166281496217,105
28400000,56800.00001065418,49.25000001003354,-842503.8903808412,221177.77017430865,-621326.1202065325,308.65125398946367,765.7935604730839,1.023302961733402,105
28425000,56850.00001066437,49.30000001004373,-843144.767128672,222750.8550564036,-620393.9120722683,310.8464774113648,764.2484250163619,1.025371846192155,105
28450000,56900.00001067455,49.35000001005391,-842434.973465093,222592.32787664104,-619842.6455884519,310.62525439791915,766.492274846529,1.0223701454334655,105
28475000,56950.00001068474,49.4000000100641,-843600.0923932064,222219.2655268021,-621380.8268664044,310.1046498091158,764.6491189767227,1.024834527445953,105
28500000,57000.00001069492,49.450000010074284,-842162.5788530293,222636.03991675883,-619526.5389362704,310.6862540905472,763.2210783102628,1.0267520653955404,105
28525000,57050.00001070511,49.50000001008447,-841698.0614666715,223111.1605944696,-618586.9008722019,311.3492800033964,765.628093409895,1.0235241173274665,105
28550000,57100.000010715296,49.55000001009466,-843874.2483786931,221796.5416083659,-622077.7067703272,309.514743023213,764.642922693013,1.0248428321922587,105
28575000,57150.00001072548,49.60000001010484,-843113.2913848367,220939.39749391272,-622173.8938909239,308.318607418956,763.1280476574846,1.0268772336620955,105
28600000,57200.00001073567,49.65000001011503,-842628.6621523183,222401.2982427359,-620227.3639095824,310.3586745512759,765.0424881949295,1.0243075784685125,105
28625000,57250.000010745855,49.700000010125216,-841511.9298006431,222011.0337772983,-619500.8960233448,309.81406459092625,765.8257880511778,1.0232598989681785,105
28650000,57300.00001075604,49.7500000101354,-843403.6407476556,221319.33757687235,-622084.3031707833,308.84880981205333,764.737267072107,1.0247163990173171,105
28675000,57350.00001076623,49.80000001014559,-843893.3071869649,222994.62429695015,-620898.6828900147,311.1866548248519,766.7533107253793,1.022022086565391,105
28700000,57400.00001077641,49.850000010155775,-842329.48693264,221893.93744496797,-620435.549487672,309.65065788968843,765.2055246904047,1.0240893370778092,105
28725000,57450.0000107866,49.90000001016596,-842157.009139447,222460.6434094012,-619696.3657300458,310.4414901077173,765.3777989610039,1.0238588309881198,105
28750000,57500.00001079679,49.950000010176154,-840913.4129220108,221624.96348367503,-619288.4494383357,309.2753075532684,767.0928756527488,1.0215696734787758,105
28775000,57550.00001080697,50.000000010186334,-842671.4218802573,221638.23814920185,-621033.1837310555,309.2938322095116,767.2655944284483,1.0213397084385392,105
28800000,57600.00001081716,50.05000001019652,-843008.8899361067,221127.50227586523,-621881.3876602415,308.58110566543576,765.0534778072549,1.024292864800101,105
28825000,57650.00001082735,50.10000001020671,-839948.3683204944,222575.2559800199,-617373.1123404745,310.6014307455876,766.2585908399624,1.0226819351538483,105
28850000,57700.00001083753,50.15000001021689,-842535.1157025322,221589.90142601987,-620945.2142765124,309.22637882026686,765.274473573595,1.0239970697691287,105
28875000,57750.00001084772,50.20000001022708,-841944.6183738643,222470.3029518535,-619474.3154220108,310.4549698977003,767.5281180496622,1.020990371661887,105
28900000,57800.000010857904,50.250000010237265,-841680.2056020922,221955.70275400032,-619724.5028480919,309.7368507293706,764.0366793858921,1.025656018423536,105
28925000,57850.00001086809,50.30000001024745,-842913.7409125664,222691.8090335412,-620221.9318790252,310.76407930695666,763.4533736185115,1.026439656418427,105
28950000,57900.00001087828,50.35000001025764,-843010.7568605612,224467.0828728821,-618543.6739876791,313.24145529395315,763.5991496958089,1.026243702367463,105
28975000,57950.00001088846,50.400000010267824,-843599.7322177058,222209.78188066065,-621389.9503370451,310.09141548058614,767.4910487118788,1.0210396848584704,105
29000000,58000.00001089865,50.45000001027801,-840291.4563851538,221789.44816551247,-618502.0082196414,309.5048441982538,766.7042245138333,1.02208751882824,105
29025000,58050.00001090884,50.500000010288204,-843035.0256117042,221977.79533418835,-621057.230277516,309.7676806928588,766.8014527567598,1.0219579210383356,105
29050000,58100.00001091902,50.55000001029838,-840931.2746127774,222310.00268102324,-618621.2719317542,310.2312725543027,765.7708103894935,1.0233333627719396,105
29075000,58150.00001092921,50.60000001030857,-842373.4686057656,222160.47758465365,-620212.991021112,310.022611853632,764.1223031984724,1.0255410884204124,105
29100000,58200.0000109394,50.65000001031876,-842215.9350117287,221113.3587002064,-621102.5763115223,308.56136845423424,766.9145478040663,1.0218072153570366,105
29125000,58250.00001094958,50.70000001032894,-841750.2431354905,220716.76788149207,-621033.4752539983,308.0079301343688,765.5299812006623,1.0236552947010769,105
29150000,58300.00001095977,50.75000001033913,-843618.0833910517,221969.3103870673,-621648.7730039845,309.7558400383172,761.9115327809267,1.0285168090949404,105
29175000,58350.000010969954,50.800000010349315,-842271.6722159758,221897.29689040143,-620374.3753255744,309.65534596048747,765.1153735604478,1.0242100022926317,105
29200000,58400.00001098014,50.8500000103595,-842541.3878233484,222487.1570359497,-620054.2307873988,310.47848959494223,764.9136268628157,1.0244801386562516,105
29225000,58450.00001099033,50.90000001036969,-842068.852409889,221916.61541128388,-620152.2369986051,309.68230475336657,766.6520232338675,1.022157112692344,105
29250000,58500.00001100051,50.950000010379874,-840686.4760200786,221427.89709924857,-619258.57892083,309.0003034847109,765.4612583897006,1.0237471980711517,105
29275000,58550.0000110107,51.00000001039006,-843502.2388704168,223468.932430991,-620033.3064394258,311.8485468415484,764.2820642922169,1.025326715254247,105
29300000,58600.000011020886,51.05000001040025,-843581.4290941451,221014.298117978,-622567.130976167,308.42313045273164,763.9862573332895,1.0257237103240338,105
29325000,58650.00001103107,51.10000001041043,-840666.1495661223,222061.27692954853,-618604.8726365739,309.88417838190173,767.183866022815,1.0214485121682282,105
29350000,58700.00001104126,51.15000001042062,-842709.7727073794,221970.1560715633,-620739.616635816,309.7570201821443,765.7124061115811,1.0234114169416766,105
29375000,58750.000011051445,51.200000010430806,-841128.3024600628,222048.917304583,-619079.3851554798,309.86693065514584,767.8596330371615,1.0205495702500986,105
29400000,58800.00001106163,51.25000001044099,-843602.5458054086,223285.9802627221,-620316.5655426865,311.59323901331686,764.5780639084139,1.0249297691103298,105
29425000,58850.00001107182,51.30000001045118,-842091.5872612302,222861.67795035773,-619229.9093108724,311.00112959527416,765.6954416855224,1.0234340912144555,105
29450000,58900.000011082,51.35000001046136,-842144.842855141,223022.736334749,-619122.106520392,311.22588487817944,763.6160204373994,1.026221029333048,105
29475000,58950.00001109219,51.40000001047155,-842111.347298523,222524.67288999003,-619586.6744085329,310.530842575013,763.393041190624,1.026520777928855,105
29500000,59000.00001110238,51.45000001048174,-844140.9277335638,222509.2051124191,-621631.7226211447,310.50925745395887,764.8136283211247,1.0246140883089034,105
29525000,59050.00001111256,51.500000010491924,-843337.9539589542,222694.99180893457,-620642.9621500196,310.76852083657127,764.3854667306235,1.0251880139220848,105
29550000,59100.00001112275,51.55000001050211,-840233.7214505123,223023.2867297896,-617210.4347207227,311.22665294867465,767.3940299709784,1.0211687710655108,105
29575000,59150.000011132935,51.6000000105123,-841616.5222805599,221992.9031997088,-619623.6190808511,309.7887635604287,767.2258871084882,1.021392567268347,105
29600000,59200.00001114312,51.65000001052248,-841727.3735072194,222174.5247995376,-619552.8487076818,310.04221459438463,765.5786022597938,1.023590283473664,105
29625000,59250.00001115331,51.70000001053267,-842460.979281113,222137.2773111073,-620323.7019700056,309.99023611570254,763.3874139541517,1.0265283448274642,105
29650000,59300.00001116349,51.75000001054285,-841924.6442520279,222176.7317886996,-619747.9124633283,310.04529442456766,765.6967073539724,1.0234323995156047,105
29675000,59350.00001117368,51.80000001055304,-842189.7929704795,222294.45846828545,-619895.3345021941,310.2095807687764,764.6295411905352,1.0248607675925534,105
29700000,59400.00001118387,51.85000001056323,-843072.9963041549,223925.0249308748,-619147.97137328,312.4850191322012,766.5872805579847,1.0222434397007965,105
29725000,59450.00001119405,51.900000010573414,-844900.6068604849,221599.55107539333,-623301.0557850916,309.2398448045623,764.5898168762573,1.0249140143012123,105
29750000,59500.00001120424,51.9500000105836,-844600.1857774644,222511.4568410694,-622088.728936395,310.5123997176276,764.646486097373,1.024838056221293,105
29775000,59550.000011214426,52.00000001059379,-841632.3663243097,221483.7219110508,-620148.6444132589,309.0782064229352,765.7006214161078,1.0234271679957507,105
29800000,59600.00001122461,52.05000001060397,-844367.3760768888,223053.5401475745,-621313.8359293143,311.2688712752697,764.1338010472812,1.025525657200951,105
29825000,59650.0000112348,52.10000001061416,-842371.3244421105,222262.6452617907,-620108.6791803198,310.16518577342816,766.6908336127243,1.0221053704475491,105
29850000,59700.000011244985,52.150000010624346,-840752.8018789976,223096.09222351763,-617656.70965548,311.32825225008173,764.4085694589498,1.0251570296538344,105
29875000,59750.00001125517,52.20000001063453,-842006.2885754076,221457.8191046329,-620548.4694707746,309.04205932878364,766.0434395982203,1.0229691659776918,105
29900000,59800.00001126536,52.25000001064472,-839577.2455129307,223700.05170993175,-615877.1938029989,312.1710713665492,764.536092386244,1.024986035731298,105
29925000,59850.00001127554,52.3000000106549,-844090.2344172471,221796.5329378102,-622293.701479437,309.51473092354365,765.2026738721262,1.024093152397202,105
29950000,59900.00001128573,52.35000001066509,-842366.6129092565,220992.37932267267,-621374.2335865838,308.39254300422084,763.74183542966,1.026051974837309,105
29975000,59950.00001129592,52.40000001067528,-841568.0817814241,222301.9856242295,-619266.0961571946,310.22008483579583,764.7842837710525,1.0246534024528484,105
30000000,60000.0000113061,52.450000010685464,-842109.475288141,222756.22702211916,-619353.248266022,310.8539739330684,764.2019362126549,1.0254342227816733,105
30025000,60050.00001131629,52.50000001069565,-842999.3256969755,221540.15344847305,-621459.1722485025,309.1569560403863,765.84831575087,1.0232297994155162,105
30050000,60100.00001132648,52.550000010705844,-842133.6239795871,221648.45202148423,-620485.1719581028,309.30808556094735,764.5289735779659,1.0249955797503325,105
30075000,60150.00001133666,52.60000001071602,-842543.6558650169,223601.8847969528,-618941.771068064,312.0340804710927,764.9422153463819,1.024441850360717,105
30100000,60200.00001134685,52.65000001072621,-842050.5063059051,223054.75717540103,-618995.749130504,311.27056962481225,766.1825950880328,1.0227833724393531,105
30125000,60250.00001135704,52.7000000107364,-841750.7369662835,221238.12383769327,-620512.6131285903,308.73547689247897,766.008237796633,1.0230161763828465,105
30150000,60300.00001136722,52.75000001074658,-842772.0209476361,221211.09348100083,-621560.9274666352,308.6977563137683,764.8132134956996,1.024614644047177,105
30175000,60350.00001137741,52.80000001075677,-841451.3776949449,223227.5370084061,-618223.8406865387,311.511682066081,764.0889308093315,1.0255858800080178,105
30200000,60400.0000113876,52.85000001076696,-842331.1630355343,222501.93967656844,-619829.223358966,310.49911861457946,763.7201469740468,1.0260811131058245,105
30225000,60450.00001139778,52.90000001077714,-842924.9810938574,222079.41872284963,-620845.5623710079,309.90949506380696,764.524012577583,1.0250022309521,105
30250000,60500.00001140797,52.95000001078733,-841778.3454132257,222611.88447555195,-619166.4609376737,310.6525454261851,764.1620633592746,1.0254877284323418,105
30275000,60550.00001141815,53.000000010797514,-841166.1029524631,222909.20784638537,-618256.8951060777,311.06745706570376,766.968380796153,1.021735495399453,105
30300000,60600.00001142834,53.0500000108077,-840467.1552687525,223339.39822993096,-617127.7570388215,311.66778322520395,765.5635486207618,1.023610410814721,105
30325000,60650.000011438526,53.10000001081789,-842607.65885355,223248.65921390447,-619358.9996396455,311.5411578818873,765.9888318203754,1.023042094029169,105
30350000,60700.00001144871,53.15000001082807,-842310.9772844873,221402.26701926303,-620908.7102652243,308.96453697742965,764.3673182871187,1.025212355055343,105
30375000,60750.0000114589,53.20000001083826,-842635.0193364415,223366.2238412184,-619268.7954952231,311.7052180838535,763.878963615075,1.0258677825082192,105
30400000,60800.000011469085,53.250000010848446,-843049.8166466784,221959.90778947383,-621089.9088572045,309.7427188121844,763.3662933046232,1.0265567465863477,105
30425000,60850.00001147927,53.30000001085863,-842017.3469888349,220738.8782135288,-621278.4687753061,308.0387848703753,766.5608873694779,1.0222786362054035,105
30450000,60900.00001148946,53.35000001086882,-843396.8335991823,221773.4838620051,-621623.3497371773,309.4825661804732,764.4199853502706,1.0251417199007384,105
30475000,60950.00001149965,53.40000001087901,-842793.146580935,223239.69585983249,-619553.4507211025,311.5286496154729,763.6457855405171,1.026181029669149,105
30500000,61000.00001150983,53.45000001088919,-843787.9535939083,222787.15939931668,-621000.7941945917,310.8971397403888,763.6488372343024,1.026176928844112,105
30525000,61050.00001152002,53.50000001089938,-841454.9794293405,222236.2218777512,-619218.7575515893,310.1283122186762,761.4894397551516,1.0290869151914226,105
30550000,61100.0000115302,53.550000010909564,-842491.3151963274,222993.95949456884,-619497.3557017585,311.18572710011495,764.4139634021728,1.025149795826252,105
30575000,61150.00001154039,53.60000001091975,-842806.8111513401,221868.93284562603,-620937.8783057141,309.6157642340724,765.2252579120986,1.0240629284070109,105
30600000,61200.000011550575,53.650000010929936,-841960.2134267474,222362.5301870223,-619597.6832397251,310.30457413692903,763.2891158903915,1.0266605434224538,105
30625000,61250.00001156076,53.70000001094012,-842847.7353414577,222697.31412683,-620150.4212146277,310.77176160678977,764.7751228091729,1.0246656764017257,105
30650000,61300.00001157095,53.75000001095031,-841346.517184135,222236.7128515586,-619109.8043325765,310.128997367465,763.4152004133633,1.026490981688811,105
30675000,61350.000011581134,53.800000010960495,-842585.8702545194,222122.14865738695,-620463.7215971324,309.9691242384181,764.8922588808357,1.024508758468895,105
30700000,61400.00001159132,53.85000001097068,-841476.4308791938,223039.34661078703,-618437.0842684067,311.24906434383826,765.2783115143096,1.0239919343301824,105
30725000,61450.00001160151,53.90000001098087,-842583.5724774338,221287.41072624127,-621296.1617511925,308.80425622750704,766.41773004282,1.0224695851760783,105
30750000,61500.00001161169,53.950000010991054,-843177.0171739762,223298.5202056047,-619878.4969683714,311.6107383718312,764.8035878246211,1.024627539650313,105
30775000,61550.00001162188,54.00000001100124,-841475.739393495,222587.09556189945,-618888.6438315955,310.617952757682,763.8656902219428,1.025885608608479,105
30800000,61600.00001163207,54.050000011011434,-843961.6654157001,222383.4269670322,-621578.2384486678,310.33373537383505,765.7454588184869,1.0233672423178266,105
30825000,61650.00001164225,54.10000001102161,-842905.1605256055,222270.98900365067,-620634.1715219549,310.176829377512,765.5043910942723,1.023689514554291,105
30850000,61700.00001165244,54.1500000110318,-841751.0083893547,223683.4827985,-618067.5255908547,312.14794962476367,765.3495916141111,1.0238965658239796,105
30875000,61750.00001166263,54.20000001104199,-841970.311014019,221047.62372579187,-620922.687288227,308.46963598822737,765.1408396895857,1.0241759135826451,105
30900000,61800.00001167281,54.25000001105217,-843742.3361542379,222900.6216893112,-620841.7144649266,311.055475173736,763.417689973522,1.0264876342276703,105
30925000,61850.000011683,54.30000001106236,-841629.6122807078,220446.78230885623,-621182.8299718515,307.6311681049503,766.3591297530709,1.0225477691653135,105
30950000,61900.000011693184,54.350000011072545,-843180.3795640045,221937.656115806,-621242.7234481985,309.7116668354169,764.2107560344615,1.0254223881574576,105
30975000,61950.00001170337,54.40000001108273,-840836.518780971,222818.40471023903,-618018.1140707319,310.94074224343365,766.3166349954887,1.0226044727752608,105
31000000,62000.00001171356,54.45000001109292,-841320.504917217,221499.32978205732,-619821.1751351596,309.0999870429066,765.8437001062808,1.0232359662940669,105
31025000,62050.00001172374,54.500000011103104,-840980.0957689905,222300.94662295023,-618679.1491460402,310.2186349204291,764.4663202704845,1.0250795852343182,105
31050000,62100.00001173393,54.55000001111329,-841817.1639528177,222576.6191147497,-619240.5448380681,310.60333298577825,765.3790085234981,1.023857212938464,105
31075000,62150.00001174412,54.600000011123484,-842483.6321111573,223494.46440344455,-618989.1677077127,311.88417644079976,766.5558492741302,1.0222853550077529,105
31100000,62200.0000117543,54.65000001113366,-840993.0133740962,221547.6737784783,-619445.339595618,309.1674505818799,765.2276060570694,1.0240597860109495,105
31125000,62250.00001176449,54.70000001114385,-842574.3903955021,223394.4005140456,-619179.9898814565,311.744538334684,766.3852583422943,1.022512907155207,105
31150000,62300.00001177468,54.75000001115404,-839963.6705238274,222570.0543970364,-617393.6161267911,310.594171991196,766.5270315407615,1.0223237880252136,105
31175000,62350.00001178486,54.80000001116422,-841203.5229462977,221493.09016957687,-619710.4327767207,309.0912797292602,766.5553807228493,1.0222859798720805,105
31200000,62400.00001179505,54.85000001117441,-842756.8538353285,222089.01859621613,-620667.8352391124,309.9228915862078,762.9273065824277,1.02714742511816,105
31225000,62450.000011805234,54.900000011184595,-840655.5170579795,223533.2396521881,-617122.2774057915,311.9382868929442,766.1123197372588,1.022877192181462,105
31250000,62500.00001181542,54.95000001119478,-843067.40738161,222448.5847612531,-620618.8226203569,310.4246623909472,763.826681303356,1.025938000975969,105
31275000,62550.00001182561,55.00000001120497,-843291.2146529527,222638.75205688307,-620652.4625960697,310.6900388535896,765.1459674603722,1.024169049873558,105
31300000,62600.00001183579,55.050000011215154,-842454.4288082952,221488.23461413156,-620966.1941941637,309.0845038526618,766.0372274955225,1.0229774616443872,105
31325000,62650.00001184598,55.10000001122534,-841325.5039727883,222928.3018856205,-618397.2020871679,311.094102596803,764.9414496678354,1.0244428757897186,105
31350000,62700.000011856166,55.15000001123553,-842465.1349471454,224064.00308516025,-618401.1318619852,312.67896168602806,765.7010433319551,1.023426604067904,105
31375000,62750.00001186635,55.20000001124571,-840472.6947453362,222560.46960540625,-617912.2251399299,310.5807965151997,767.4929514176777,1.021037153580332,105
31400000,62800.00001187654,55.2500000112559,-843748.8684032746,220987.9245807743,-622760.9438225003,308.3863264587152,764.174160897975,1.025471494073584,105
31425000,62850.000011886725,55.300000011266086,-841665.4633025252,221977.4417114842,-619688.021591041,309.7671872160913,765.0334093867034,1.024319734136429,105
31450000,62900.00001189691,55.35000001127627,-842990.9514632178,222577.0337284982,-620413.9177347196,310.6039115749073,764.802674939603,1.0246287626679107,105
31475000,62950.0000119071,55.40000001128646,-840750.2704071738,220962.91487289505,-619787.3555342788,308.35142567418893,766.0329550250585,1.0229831671965592,105
31500000,63000.00001191728,55.45000001129664,-841532.5834878697,223232.67490993653,-618299.9085779332,311.5188519536741,767.9606783643658,1.0204152902431147,105
31525000,63050.00001192747,55.50000001130683,-843431.793775544,222810.03917398784,-620621.7546015562,310.92906822550594,765.1919887494645,1.0241074528095313,105
31550000,63100.00001193766,55.55000001131702,-842559.6888452554,223004.11894170288,-619555.5699035525,311.199904501828,763.5837872512889,1.02626434923321,105
31575000,63150.00001194784,55.600000011327204,-842367.6873183488,222568.7066908473,-619798.9806275015,310.59229128137173,765.2562161585723,1.0240215002005189,105
31600000,63200.00001195803,55.65000001133739,-842649.6731967018,223713.10136908325,-618936.5718276185,312.1892820287602,763.5641803651899,1.0262907017635148,105
31625000,63250.000011968215,55.700000011347576,-842849.3915091632,221231.97448868657,-621617.4170204767,308.72689554056177,764.8078061968971,1.0246218882168794,105
31650000,63300.0000119784,55.75000001135776,-842972.9581468916,221387.6747450604,-621585.2834018312,308.9441736121255,762.998352735688,1.0270517828757828,105
31675000,63350.00001198859,55.80000001136795,-839463.4874382308,222637.69300328987,-616825.7944349409,310.6885609554295,769.7602412659088,1.0180297402990583,105
31700000,63400.00001199877,55.85000001137813,-841884.8249173467,222026.48982549275,-619858.335091854,309.8356333437588,762.6459030398275,1.0275264252846186,105
31725000,63450.00001200896,55.90000001138832,-843169.8373144162,221212.99070912044,-621956.8466052958,308.7004038756719,764.9955643708084,1.0243704081513192,105
31750000,63500.00001201915,55.95000001139851,-842592.4216653113,222688.67594722743,-619903.7457180839,310.7597071179304,765.3167136480413,1.0239405523670015,105
31775000,63550.00001202933,56.000000011408694,-841950.1472723638,222245.7467064639,-619704.4005658999,310.14160401705124,762.8931457814889,1.0271934186874014,105
31800000,63600.00001203952,56.05000001141888,-842534.45832344,221339.6417116208,-621194.8166118192,308.87714401872495,765.1503100699045,1.024163237203524,105
31825000,63650.000012049706,56.10000001142907,-841032.368224564,221824.0322730617,-619208.3359515023,309.55310595690503,764.5905136826161,1.024913080250123,105
31850000,63700.00001205989,56.15000001143925,-841959.5716011603,221984.7683704836,-619974.8032306768,309.77741149173136,766.1029656456651,1.0228896814777757,105
31875000,63750.00001207008,56.20000001144944,-841548.0586835989,222289.20845359747,-619258.8502300014,310.20225442845015,767.9257671147727,1.020461680108401,105
31900000,63800.000012080265,56.250000011459626,-843280.0530880103,221973.2659968914,-621306.7870911189,309.7613600502584,764.4543199507922,1.0250956768207111,105
31925000,63850.00001209045,56.30000001146981,-841695.074246997,223376.94556432415,-618318.1286826729,311.7201801357764,765.1045348771123,1.0242245115359805,105
31950000,63900.00001210064,56.35000001148,-842469.2829417433,222937.8512302739,-619531.4317114693,311.10742860691573,762.2444044873606,1.0280676563778803,105
31975000,63950.00001211082,56.40000001149018,-842995.1222992889,222212.14259977904,-620782.9796995098,310.09470983930777,767.0591818292944,1.0216145469240587,105
32000000,64000.00001212101,56.45000001150037,-842735.7651763335,222253.64123639808,-620482.1239399354,310.15262075061327,766.779383340275,1.0219873349942654,105
32025000,64050.0000121312,56.50000001151056,-843382.6051503774,222157.73598680983,-621224.8691635675,310.0187859826515,764.1105207836192,1.0255569020366682,105
32050000,64100.00001214138,56.550000011520744,-841942.4918464082,222140.87267139973,-619801.6191750085,309.99525340320804,764.7783579323843,1.0246613419175192,105
32075000,64150.00001215157,56.60000001153093,-842993.9627068583,222112.7094757525,-620881.2532311059,309.95595195964063,764.7098293265218,1.0247531657839717,105
32100000,64200.00001216176,56.650000011541124,-842356.5212421138,222199.81287020503,-620156.7083719088,310.07750383125654,766.7378284339222,1.0220427236635397,105
32125000,64250.00001217194,56.7000000115513,-842503.7139760749,222454.82979415925,-620048.8841819157,310.4333772687406,765.5287263044683,1.023656972732337,105
32150000,64300.00001218213,56.75000001156149,-841376.2701780652,222615.0069117492,-618761.263266316,310.6569027530856,764.9232854361103,1.0244672026969257,105
32175000,64350.00001219232,56.80000001157168,-841135.1530171633,222734.58856352337,-618400.5644536399,310.8237776914899,765.6806351428464,1.023453882129691,105
32200000,64400.0000122025,56.85000001158186,-842767.9104116214,221390.0151006556,-621377.8953109658,308.94743955376464,765.3907408265762,1.0238415187283174,105
32225000,64450.00001221269,56.90000001159205,-841830.0583160347,222964.47561573563,-618865.5827002991,311.14458265704013,765.2655786189313,1.0240089720521606,105
32250000,64500.00001222288,56.95000001160224,-841555.9821738694,222776.1222292773,-618779.8599445921,310.88173748558506,764.98934748,1.0243787329717835,105
32275000,64550.00001223306,57.00000001161242,-843040.6681692549,223992.57906694105,-619048.0891023139,312.5792902191761,762.7607266758179,1.0273717446408714,105
32300000,64600.00001224325,57.05000001162261,-842780.3211952709,223028.06149344007,-619752.2597018308,311.23331608117246,765.2397071519964,1.0240435920725464,105
32325000,64650.00001225343,57.100000011632794,-843110.0545722214,221774.51566633265,-621335.5389058887,309.48400605256944,763.9395388879664,1.025786438085379,105
32350000,64700.00001226362,57.15000001164298,-842836.273056061,222839.28015117027,-619996.9929048908,310.96987370187964,763.5371073568688,1.0263270913200155,105
32375000,64750.000012273806,57.20000001165317,-840757.3597902083,222367.81834310727,-618389.541447101,310.311953703174,764.5420254944183,1.024978081488334,105
32400000,64800.00001228399,57.25000001166335,-840320.4551167754,221344.9540605795,-618975.5010561958,308.884557345871,763.7900036798202,1.025987267093082,105
32425000,64850.00001229418,57.30000001167354,-842191.711524006,221308.1675203737,-620883.5440036323,308.8332221155921,764.113838607556,1.0255524490126997,105
32450000,64900.000012304365,57.350000011683726,-842998.9053337662,223445.67893856557,-619553.2263952007,311.81609683723246,765.6812122842323,1.0234531106890674,105
32475000,64950.00001231455,57.40000001169391,-844550.1995578432,222133.2243684565,-622416.9751893866,309.9845802768244,762.7654913206334,1.027365327122627,105
32500000,65000.00001232474,57.4500000117041,-841237.8584573786,222686.28814072316,-618551.5703166554,310.75637495904635,765.4114225775238,1.023813854083297,105
32525000,65050.00001233493,57.50000001171429,-841591.0583957271,222962.76160333387,-618628.2967923932,311.1421907707456,762.5259040007812,1.0276881275730023,105
32550000,65100.00001234511,57.55000001172447,-842340.6340774884,222909.2837463416,-619431.3503311469,311.0675629832951,766.4802956023977,1.0223861239545506,105
32575000,65150.000012355296,57.60000001173466,-841950.2338742879,222404.34823043324,-619545.8856438547,310.36293077705614,766.250558631268,1.0226926554001683,105
32600000,65200.00001236548,57.650000011744844,-843462.1913655587,221317.72759079444,-622144.4637747642,308.84656309340045,764.8974862580014,1.0245017568853023,105
32625000,65250.00001237567,57.70000001175503,-842274.9365347284,222058.682079801,-620216.2544549274,309.8805572963475,766.8445306446393,1.0219005120238864,105
32650000,65300.000012385855,57.750000011765216,-841741.4542518621,221072.43925885984,-620669.0149930023,308.50426580384493,765.4226522275349,1.0237988335306334,105
32675000,65350.00001239604,57.8000000117754,-843474.9875470521,222281.95801496925,-621193.0295320828,310.19213651753705,765.3098376425098,1.023949752066987,105
32700000,65400.00001240623,57.85000001178559,-842988.6310363491,221865.76298535883,-621122.8680509903,309.61134072738054,763.6708009793717,1.0261474152258985,105
32725000,65450.000012416414,57.900000011795775,-841450.0329622836,221018.36976242607,-620431.6631998576,308.4288123897712,764.4375501897783,1.0251181647394592,105
32750000,65500.0000124266,57.95000001180596,-841599.8072994053,223134.7974116025,-618465.0098878028,311.38226493331337,765.7978693031898,1.0232972040278954,105
32775000,65550.00001238585,58.00000001176521,-842749.9087859071,221967.7459606244,-620782.1628252827,309.7536568976561,765.5040993386561,1.0236899047117904,105
32800000,65600.00001221414,58.0500000115935,-842116.8287843107,221357.6034727633,-620759.2253115475,308.90220946764464,764.5164094661081,1.0250124245936325,105
32825000,65650.00001204242,58.100000011421784,-843081.0576231484,222486.6805326999,-620594.3770904485,310.47782463966456,763.1238148499077,1.0268829294268598,105
32850000,65700.00001187071,58.15000001125007,-842340.1184659908,221860.1240310779,-620479.9944349129,309.6034716259396,763.7525028142733,1.0260376438976286,105
32875000,65750.000011699,58.20000001107836,-841404.6954331296,221958.3925405595,-619446.30289257,309.7406042982477,765.759811873367,1.023348060786015,105
32900000,65800.00001152729,58.250000010906646,-841600.9379936904,222092.91757307996,-619508.0204206104,309.9283325674481,767.9573283288547,1.0204197415678595,105
32925000,65850.00001135557,58.300000010734934,-842714.693330979,223070.7255587574,-619643.9677722215,311.29285333597926,763.6975639414624,1.0261114549902377,105
32950000,65900.00001118386,58.35000001056322,-841157.9504334726,221835.72973579288,-619322.2206976798,309.56942964322144,766.8485344738831,1.0218951765306692,105
32975000,65950.00001101215,58.40000001039151,-843225.6275245869,222766.65256490547,-620458.9749596814,310.8685226684679,765.4594967456447,1.0237495541437769,105
33000000,66000.00001084043,58.450000010219796,-844554.2904597525,220638.00548660013,-623916.2849731524,307.89801803998665,762.17886061045,1.0281560654684596,105
33025000,66050.00001066872,58.50000001004808,-842352.3045963189,223188.08204174088,-619164.222554578,311.45662307471974,764.6980648069572,1.024768931128782,105
33050000,66100.00001049701,58.55000000987637,-842517.9144368861,221908.17493344596,-620609.7395034402,309.6705261552421,766.089809217634,1.022907248053282,105
33075000,66150.0000103253,58.60000000970466,-842959.1848898949,222563.3138082549,-620395.87108164,310.58476557038614,765.3486399003558,1.0238978390430002,105
33100000,66200.00001015358,58.650000009532945,-841486.9264145475,220646.414772346,-620840.5116422015,307.90975310987443,767.2830298443524,1.0213164999458404,105
33125000,66250.00000998187,58.70000000936123,-840645.0528600211,222646.3345827336,-617998.7182772876,310.70062018873153,764.4534143112573,1.0250968912402618,105
33150000,66300.00000981016,58.75000000918952,-841491.9461623328,222760.9976641193,-618730.9484982134,310.86063131384645,764.8914256662802,1.0245098744908314,105
33175000,66350.00000963845,58.80000000901781,-841814.4506300511,221810.87414212155,-620003.5764879296,309.5347439234528,767.6556384309337,1.020820768163977,105
33200000,66400.00000946673,58.850000008846095,-844163.1862804708,222949.0075945741,-621214.1786858967,311.1229971960579,763.7064657100049,1.0260994946270858,105
33225000,66450.00000929502,58.90000000867438,-841670.6426830012,223000.36429523528,-618670.278387766,311.1946649321389,765.3590446941879,1.0238839195028917,105
33250000,66500.00000912331,58.95000000850267,-843268.774108577,222359.96849305445,-620908.8056155227,310.30099931991697,764.4290927949802,1.025129506313342,105
33275000,66550.0000089516,59.00000000833096,-841982.9634429752,221367.33030699816,-620615.633135977,308.91578316260313,765.8827435016449,1.0231838034705514,105
33300000,66600.00000877988,59.050000008159245,-842693.5706874072,221144.1359141853,-621549.4347732218,308.6043177329136,764.7281390595791,1.0247286303236467,105
33325000,66650.00000860817,59.10000000798753,-841990.6345220762,221986.53445429247,-620004.1000677837,309.77987604312744,765.6505357019483,1.023494116398722,105
33350000,66700.00000843646,59.15000000781582,-842602.9161275304,223002.2748350341,-619600.6412924964,311.19733107035086,764.8948643170049,1.024505268718474,105
33375000,66750.00000826475,59.20000000764411,-843171.4102192805,221959.48110112664,-621211.9291181539,309.7421233730799,763.3942846515196,1.0265191058722631,105
33400000,66800.00000809303,59.250000007472394,-841405.3524123742,222140.36227151044,-619264.9901408638,309.99454114552617,765.7985505210319,1.0232962937515404,105
33425000,66850.00000792132,59.30000000730068,-844023.4249313446,222824.1692574087,-621199.2556739359,310.9487866084311,761.9680908063884,1.0284404661606643,105
33450000,66900.00000774961,59.35000000712897,-843704.6472770809,222919.7712648459,-620784.876012235,311.08219820515774,763.5146241990482,1.026357313496826,105
33475000,66950.0000075779,59.40000000695726,-843080.7062343787,222393.39640122867,-620687.3098331501,310.3476476144906,765.7173957083531,1.0234047481493374,105
33500000,67000.00000740618,59.450000006785544,-841657.7679321626,222831.8642621708,-618825.9036699918,310.95952490671215,762.9528119170459,1.0271130878192205,105
33525000,67050.00000723447,59.50000000661383,-842637.9979370772,223102.17835577315,-619535.8195813041,311.336745383687,765.5982297209854,1.0235640419310572,105
33550000,67100.00000706276,59.55000000644212,-841410.3218213501,223238.4713364857,-618171.8504848644,311.5269408060106,767.0177225855027,1.021669767768786,105
33575000,67150.00000689104,59.600000006270406,-841927.1105182134,221723.98676009596,-620203.1237581174,309.4134934949087,766.4784720537617,1.0223885563396595,105
33600000,67200.00000671933,59.65000000609869,-841640.1994129862,221492.1825194717,-620148.0168935144,309.09001311307674,765.6853656136657,1.0234475591425458,105
33625000,67250.00000654762,59.70000000592698,-841761.9665413466,223028.78756527128,-618733.1789760754,311.2343293067828,764.5442564504311,1.0249750905810129,105
33650000,67300.0000063759,59.75000000575527,-841654.4459319958,222614.9095172053,-619039.5364147904,310.65676684002307,766.8252791349626,1.0219261673173818,105
33675000,67350.0000062042,59.800000005583556,-842341.6248388435,221610.64425568547,-620730.980583158,309.25532522108523,766.0037783156619,1.0230221321252344,105
33700000,67400.00000603248,59.85000000541184,-841684.8883451154,222062.5716408524,-619622.316704263,309.88598513792056,765.8467594650845,1.0232318787322627,105
33725000,67450.00000586077,59.90000000524013,-841035.3713548183,222528.9764250466,-618506.3949297718,310.53684811295994,764.5520448188652,1.0249646493249922,105
33750000,67500.00000568906,59.95000000506842,-843669.6111189416,222030.4743945616,-621639.13672438,309.8411937680217,764.3744122847645,1.025202840275784,105
33775000,67550.00000551734,60.000000004896705,-842389.8561937525,222649.3447111782,-619740.5114825743,310.7048207913435,764.0871437584987,1.0255882786534027,105
33800000,67600.00000534563,60.05000000472499,-841687.2781418008,222613.4745875842,-619073.8035542166,310.65476441081614,765.544322267387,1.0236361183993825,105
33825000,67650.00000517392,60.10000000455328,-841402.2077336856,221495.250230936,-619906.9575027496,309.09429407218744,763.4040874101702,1.0265059244926884,105
33850000,67700.0000050022,60.15000000438157,-840922.8938620421,222811.14699554016,-618111.7468665019,310.9306141788405,765.7159368538958,1.0234066979567096,105
33875000,67750.0000048305,60.200000004209855,-843344.3841253095,221856.3756065518,-621488.0085187578,309.5982407389044,763.3159492887465,1.0266244524808683,105
33900000,67800.00000465878,60.25000000403814,-844287.7499291874,221415.62156543875,-622872.1283637485,308.9831731062791,764.4042792167625,1.0251627833787376,105
33925000,67850.00000448707,60.30000000386643,-843602.8822676647,222781.1517499924,-620821.7305176723,310.88875612888927,765.7637635238145,1.0233427798965096,105
33950000,67900.00000431536,60.35000000369472,-841534.0979886078,222274.0698067197,-619260.0281818882,310.1811286058196,766.2231541500997,1.0227292326837756,105
33975000,67950.00000414364,60.400000003523004,-842016.7966607548,222030.25518668405,-619986.5414740707,309.84088786573227,766.8695859774524,1.021867124264222,105
34000000,68000.00000397193,60.45000000335129,-841560.5498835193,222257.0021761594,-619303.5477073599,310.15731090673114,765.2418065001748,1.024040782733026,105
34025000,68050.00000380022,60.50000000317958,-841665.9078317517,222864.25626583863,-618801.6515659131,311.0047276074331,762.3619627913421,1.027909125527758,105
34050000,68100.0000036285,60.55000000300787,-843161.7392683187,222693.29282496145,-620468.4464433573,310.7661499222908,763.4440500239398,1.026452191858592,105
34075000,68150.0000034568,60.600000002836154,-841489.5813576281,223872.27265244527,-617617.3087051829,312.4114038820102,767.3200663954489,1.0212672036451278,105
34100000,68200.00000328508,60.65000000266444,-841054.8492280049,223535.0448467389,-617519.804381266,311.9408060229696,766.0904189853546,1.0229064338728593,105
34125000,68250.00000311337,60.70000000249273,-841393.0276779337,222365.66426450104,-619027.3634134326,310.3089477091156,763.7326575589484,1.0260643050320115,105
34150000,68300.00000294166,60.750000002321016,-841551.6076038317,222641.65458689857,-618909.953016933,310.6940893037244,766.0832428827373,1.0229160157056505,105
34175000,68350.00000276994,60.800000002149304,-842646.698193566,221646.42085275296,-621000.277340813,309.30525108632776,765.2476208875539,1.0240330020230437,105
34200000,68400.00000259823,60.85000000197759,-843275.2081121029,221133.6024892139,-622141.605622889,308.58961844905855,763.4484969503693,1.026446212991126,105
34225000,68450.00000242652,60.90000000180588,-843763.8601399823,221889.85032962705,-621874.0098103553,309.6449543631804,762.2460586619745,1.0280654253352934,105
34250000,68500.0000022548,60.950000001634166,-842373.1993202073,222346.04067558705,-620027.1586446203,310.28156319700435,764.4794710567285,1.0250619515331936,105
34275000,68550.00000208309,61.00000000146245,-842550.4022253132,221965.61731457847,-620584.7849107347,309.75068639446835,764.2125162958971,1.0254200262339788,105
34300000,68600.00000191138,61.05000000129074,-842008.5659584398,222994.94621745855,-619013.6197409813,311.18710406153843,765.8116924779312,1.0232787331476485,105
34325000,68650.00000173967,61.10000000111903,-841561.9032512303,223047.04848944224,-618514.854761788,311.25981223456495,766.6453778790147,1.0221659728471495,105
34350000,68700.00000156795,61.150000000947315,-842318.18574565,222306.39658913747,-620011.7891565125,310.2262402909714,764.6243186844271,1.0248677675551336,105
34375000,68750.00000139624,61.2000000007756,-841643.3770939056,222663.34963417883,-618980.0274597268,310.7243645142175,768.1306776756288,1.0201894564083454,105
34400000,68800.00000122453,61.25000000060389,-841691.6376600373,221927.79472007425,-619763.842939963,309.69790536130364,764.8332232775392,1.024587837790763,105
34425000,68850.00000105282,61.30000000043218,-842739.8492838219,221704.5934641733,-621035.2558196485,309.38643035424684,765.3636147641681,1.023877805779854,105
34450000,68900.0000008811,61.350000000260465,-842793.1971208965,220436.11810505463,-622357.0790158419,307.616286320612,765.2106687363306,1.0240824527480457,105
34475000,68950.00000070939,61.40000000008875,-841421.5707452577,222133.9360379173,-619287.6347073404,309.98557340407825,764.7432848343739,1.0247083355275128,105
34500000,69000.00000053768,61.44999999991704,-841515.2227765452,222289.3037522577,-619225.9190242875,310.202387416729,765.1004378664871,1.0242299961214003,105
34525000,69050.00000036597,61.49999999974533,-843459.4778556745,223667.10459853653,-619792.373257138,312.1250940188282,764.4649980411807,1.0250813582262404,105
34550000,69100.00000019425,61.549999999573615,-841918.1323663583,223278.15385701568,-618639.9785093426,311.58231734639884,765.0782690522544,1.0242596740843408,105
34575000,69150.00000002254,61.5999999994019,-842472.3590262434,223458.2518954375,-619014.107130806,311.8336422664219,765.0730948926441,1.0242666011127142,105
34600000,69199.99999985083,61.64999999923019,-841817.7954335767,222314.9164221224,-619502.8790114543,310.2381296283696,765.7753841802289,1.0233272506498337,105
34625000,69249.99999967912,61.69999999905848,-841594.7008259692,220150.43207435965,-621444.2687516096,307.21761446696325,763.8050903454935,1.0259670018093343,105
34650000,69299.9999995074,61.749999998886764,-841274.9500106452,222642.3310917427,-618632.6189189025,310.6950333591252,763.700615674572,1.0261073546684134,105
34675000,69349.99999933569,61.79999999871505,-840876.4902365422,221220.4270148164,-619656.0632217258,308.7107811621248,766.9022490384505,1.0218236020183895,105
34700000,69399.99999916398,61.84999999854334,-841067.7853469411,221797.27722119124,-619270.5081257499,309.51576956318047,765.5139290410867,1.023676759859995,105
34725000,69449.99999899227,61.89999999837163,-843684.1875521112,222581.39894233047,-621102.7886097807,310.6100031849375,766.39688809412,1.022497390950048,105
34750000,69499.99999882055,61.949999998199914,-842329.1119869207,223110.6863617917,-619218.4256251289,311.34861821667795,766.7147620150364,1.022073471559304,105
34775000,69549.99999864884,61.9999999980282,-842014.9038170599,221478.44412271815,-620536.4596943418,309.0708413247797,764.3335810980749,1.025257607264441,105
34800000,69599.99999847713,62.04999999785649,-842709.0192128271,222093.9191764793,-620615.1000363478,309.9297302944664,766.2999201067742,1.0226267782975675,105
34825000,69649.99999830541,62.099999997684776,-841351.7599962493,222312.4233193126,-619039.3366769367,310.23465052959773,764.8513986034878,1.0245634902927407,105
34850000,69699.9999981337,62.14999999751306,-842310.7958218125,221953.03353074528,-620357.7622910672,309.7331258563682,766.0776833810875,1.022923439108525,105
34875000,69749.99999796199,62.19999999734135,-841988.8966873279,222673.57329349784,-619315.3233938301,310.7386315233599,765.437482246909,1.0237789978720868,105
34900000,69799.99999779028,62.24999999716964,-842128.4311316824,222660.9002398494,-619467.5308918329,310.72094641017065,766.2185814719528,1.0227353361792084,105
34925000,69849.99999761856,62.299999996997926,-841844.0171249569,222026.08548261636,-619817.9316423406,309.8350690875239,766.9305232566791,1.0217859307266124,105
34950000,69899.99999744685,62.34999999682621,-842371.6890307651,223432.73611217443,-618938.9529185906,311.79803525901576,765.5688735126141,1.0236032911225224,105
34975000,69949.99999727514,62.3999999966545,-841640.4337409758,222839.35296245813,-618801.0807785176,310.96997530926666,764.8722606847928,1.024535545068505,105
35000000,69999.99999710343,62.44999999648279,-841231.6692835796,222614.04383652567,-618617.6254470539,310.65555879173183,764.7037998830849,1.024761245632994,105
35025000,70049.99999693171,62.499999996311075,-842189.62077031,222885.47684238144,-619304.1439279286,311.03434069899805,764.8645916418326,1.0245458177457805,105
35050000,70099.99999676,62.54999999613936,-842731.0455513764,220369.804704117,-622361.2408472594,307.5237466664705,763.9538315865333,1.025767246799535,105
35075000,70149.99999658829,62.59999999596765,-841600.5777234393,222032.5377964405,-619568.0399269988,309.84407322366013,768.1797897925833,1.0201242325316378,105
35100000,70199.99999641658,62.64999999579594,-842711.3653515493,223311.430826252,-619399.9345252974,311.6287550072708,765.5254389901121,1.0236613685134448,105
35125000,70249.99999624486,62.699999995624225,-841149.6266490621,222141.0865355489,-619008.5401135132,309.9955518483808,767.1786163082991,1.0214555018222249,105
35150000,70299.99999607315,62.74999999545251,-841797.0225264714,222328.64499532533,-619468.377531146,310.2572877080049,767.1428837529356,1.0215030799410385,105
35175000,70349.99999590144,62.7999999952808,-842448.0384649667,222630.1783982016,-619817.8600667651,310.6780744029975,765.9490930148248,1.0230951712783172,105
35200000,70399.99999572973,62.84999999510909,-842305.3496095655,222146.46983710956,-620158.8797724559,310.0030641891372,766.3878576193331,1.0225094392057932,105
35225000,70449.99999555801,62.899999994937374,-841943.3582506636,222110.06059000155,-619833.2976606621,309.95225546741153,764.412126222586,1.025152259659849,105
35250000,70499.9999953863,62.94999999476566,-842126.5305339606,221638.0720072942,-620488.4585266664,309.29360036022547,767.9775937390572,1.0203928147085213,105
35275000,70549.99999521459,62.99999999459395,-841124.2518667793,221587.2519659536,-619536.9999008257,309.2226815265867,765.4124607504826,1.0238124654256613,105
35300000,70599.99999504288,63.04999999442224,-841544.5590703883,222386.7748044788,-619157.7842659096,310.3384072458104,764.9397143994788,1.024445199741884,105
35325000,70649.99999487116,63.099999994250524,-841062.565994035,222041.31728984084,-619021.2487041941,309.8563249144393,767.4734628246456,1.0210630809622163,105
35350000,70699.99999469945,63.14999999407881,-842144.1290277513,223833.0680334553,-618311.060994296,312.3566942481989,767.3305416040771,1.0212532618215673,105
35375000,70749.99999452774,63.1999999939071,-842771.9526779195,222713.9283527088,-620058.0243252107,310.7949465844099,764.7162269182498,1.024744592731451,105
35400000,70799.99999435603,63.249999993735386,-840721.6063171946,222082.32480806197,-618639.2815091327,309.9135504751815,765.7914157507636,1.0233058276583225,105
35425000,70849.99999418431,63.299999993563674,-843963.2994383769,222967.82559578752,-620995.4738425894,311.1492575189987,764.6827617337045,1.024789439128707,105
35450000,70899.9999940126,63.34999999339196,-843005.3072353816,223000.24885940616,-620005.0583759753,311.19450384265247,764.750112120316,1.024699187471562,105
35475000,70949.99999384089,63.39999999322025,-841196.0959216706,221793.4614163885,-619402.634505282,309.51044464767733,765.7013255743093,1.0234262268263812,105
35500000,70999.99999366917,63.449999993048536,-842470.6346302358,221962.64778573372,-620507.9868445022,309.74654244817134,766.3139043359,1.0226081166928425,105
35525000,71049.99999349746,63.49999999287682,-843166.0989619275,220118.73157186207,-623047.3673900653,307.17337674885874,766.3587897529238,1.022548222825396,105
35550000,71099.99999332575,63.54999999270511,-845133.1862508142,222835.95195599477,-622297.2342948195,310.96522924048713,765.9958513480855,1.0230327189492452,105
35575000,71149.99999315404,63.5999999925334,-843448.2094851267,222585.4983478921,-620862.7111372345,310.61572386231944,765.5477920914853,1.0236314787971157,105
35600000,71199.99999298232,63.649999992361685,-842185.5332777887,222737.02047916225,-619448.5127986264,310.82717140420766,766.2946875439915,1.0226337611971068,105
35625000,71249.99999281061,63.69999999218997,-843162.1279811859,221352.5030779293,-621809.6249032567,308.89509192025224,764.1303713486931,1.0255302601378715,105
35650000,71299.9999926389,63.74999999201826,-842995.172722707,222244.31645283013,-620750.8562698769,310.13960811313547,762.8897428079756,1.027198000623428,105
35675000,71349.99999246719,63.79999999184655,-843865.0460623009,221979.2560802556,-621885.7899820453,309.7697191486452,764.3693722782814,1.0252096001344977,105
35700000,71399.99999229547,63.849999991674835,-841305.5651596971,221677.61294348945,-619627.9522162076,309.34877932116245,766.7635272705112,1.0220084688926645,105
35725000,71449.99999212376,63.89999999150312,-841136.454383926,223080.11731142507,-618056.337072501,311.3059594281319,767.8317129362039,1.0205866797449967,105
35750000,71499.99999195205,63.94999999133141,-842874.3562451736,223420.02579872007,-619454.3304464535,311.78029815015896,766.1228941674373,1.0228630738937403,105
35775000,71549.99999178034,63.9999999911597,-843014.5929839155,220636.56545933403,-622378.0275245814,307.8960084970696,764.1845015367354,1.0254576178038377,105
35800000,71599.99999160862,64.04999999098798,-843467.9430194404,222372.5143344247,-621095.4286850158,310.3185069097088,764.0102123227913,1.0256915494964478,105
35825000,71649.99999143691,64.09999999081627,-839985.5826750705,222598.0556277009,-617387.5270473696,310.633247414332,766.4864823944645,1.0223778716363348,105
35850000,71699.9999912652,64.14999999064456,-841662.1504394072,222029.86783065504,-619632.2826087521,309.84034731446434,765.4654742683431,1.0237415596797508,105
35875000,71749.99999109349,64.19999999047285,-841424.0944355936,222953.9169876859,-618470.1774479077,311.12984820255406,765.0630257503464,1.0242800816833473,105
35900000,71799.99999092177,64.24999999030113,-841770.1100108577,221649.87431577148,-620120.2356950862,309.31007035767874,765.49531406987,1.0237016531716452,105
35925000,71849.99999075006,64.29999999012942,-841924.0606832453,221573.34036463677,-620350.7203186086,309.2032680331418,765.6461118781933,1.0235000300414807,105
35950000,71899.99999057835,64.34999998995771,-840710.4270670293,222043.4814438282,-618666.9456232011,309.85934496858624,766.5598102315337,1.0222800726688,105
35975000,71949.99999040664,64.399999989786,-841908.5288719605,222457.49020519023,-619451.0386667702,310.43708984437694,766.7755856121254,1.0219923967491562,105
36000000,71999.99999023492,64.44999998961428,-842812.5231351093,220991.0300668112,-621821.4930682981,308.3906601318451,764.8393236233725,1.024579665695064,105
36025000,72049.99999006321,64.49999998944257,-841435.7606894816,222907.2155838553,-618528.5451056263,311.06467688427915,766.926920699052,1.0217907304573284,105
36050000,72099.9999898915,64.54999998927086,-840851.3794440879,220617.0062201573,-620234.3732239306,307.8687137843405,768.2583080420786,1.0200199728468835,105
36075000,72149.99998971978,64.59999998909915,-841666.6803634502,221787.09003962664,-619879.5903238235,309.50155345836095,764.3066477059889,1.02529373630402,105
36100000,72199.99998954807,64.64999998892743,-842182.0750967469,221255.00459266247,-620927.0705040845,308.7590338086439,765.0482826146306,1.0242998204378788,105
36125000,72249.99998937636,64.69999998875572,-842170.011263533,222944.5672588944,-619225.4440046386,311.116800754279,764.5629533743407,1.0249500254360262,105
36150000,72299.99998920465,64.74999998858401,-842987.4190090396,224659.3038361212,-618328.1151729184,313.50969762816254,764.4225754209865,1.02513824644295,105
36175000,72349.99998903293,64.7999999884123,-843332.6285055876,221906.79861511727,-621425.8298904703,309.66860551747783,764.8554160532951,1.0245581087104043,105
36200000,72399.99998886122,64.84999998824058,-841833.9684058339,222247.3795983806,-619586.5888074534,310.1438827005615,766.8893900264345,1.0218407357043522,105
36225000,72449.99998868951,64.89999998806887,-840776.7222069632,223406.7569227736,-617369.9652841897,311.76178157321414,765.8495472959981,1.0232281539830956,105
36250000,72499.9999885178,64.94999998789716,-841082.868673,222819.53097259987,-618263.3377004002,310.94231393072266,767.3001431594438,1.0212937212311126,105
36275000,72549.99998834608,64.99999998772545,-842368.7248932333,222711.75821648032,-619656.966676753,310.7919181821084,766.1364175035396,1.022845018987566,105
36300000,72599.99998817437,65.04999998755373,-841709.136862515,221817.3723163624,-619891.7645461526,309.5438120573187,763.8799750142495,1.0258664242296125,105
36325000,72649.99998800266,65.09999998738202,-841919.8628476174,221810.99586345677,-620108.8669841606,309.534913784297,765.9025656058593,1.023157322744551,105
36350000,72699.99998783095,65.14999998721031,-844130.7944732388,221941.00166726517,-622189.7928059737,309.71633551732083,765.2982954765114,1.023965195192997,105
36375000,72749.99998765923,65.1999999870386,-841481.4653001586,221999.67858013732,-619481.7867200213,309.79821853261643,764.120408347224,1.025543631537689,105
36400000,72799.99998748752,65.24999998686688,-843020.7350029289,222224.43230001107,-620796.3027029178,310.1118599868329,765.7403967362284,1.0233740074946192,105
36425000,72849.99998731581,65.29999998669517,-842830.3925427464,222193.9165779817,-620636.4759647647,310.0692756174212,765.4362698246816,1.023780619499467,105
36450000,72899.9999871441,65.34999998652346,-842250.178879308,223519.113176122,-618731.065703186,311.9185735440448,766.7203590565597,1.0220660104457535,105
36475000,72949.99998697238,65.39999998635174,-843045.9950546902,222725.78439845415,-620320.2106562359,310.8114915716561,764.844100956165,1.0245732660143587,105
36500000,72999.99998680067,65.44999998618003,-839996.6556705595,221497.8488694647,-618498.8068010948,309.097920444946,763.4189343072832,1.0264859611054025,105
36525000,73049.99998662896,65.49999998600832,-840711.2373078275,221968.61780800665,-618742.6194998208,309.7548735515161,765.6418044760794,1.023505788120738,105
36550000,73099.99998645725,65.5499999858366,-842927.8082294869,223095.0801862831,-619832.7280432038,311.32683996275614,763.8610356521123,1.0258918598190796,105
36575000,73149.99998628553,65.5999999856649,-842213.35820624,222005.3311153104,-620208.0270909296,309.8061065860497,765.4735203070098,1.0237307989362954,105
36600000,73199.99998611382,65.64999998549318,-843564.6975082299,222423.58833988465,-621141.1091683452,310.3897801476072,764.2973523357848,1.0253062059073983,105
36625000,73249.99998594211,65.69999998532147,-841041.9448857903,222273.5956370138,-618768.3492487766,310.18046690697787,764.1136839335549,1.0255526566078572,105
36650000,73299.9999857704,65.74999998514976,-842101.8796273246,223089.08803584127,-619012.7915914834,311.3184779797842,765.2622701597342,1.024013399151253,105
36675000,73349.99998559868,65.79999998497804,-842016.4491439615,220926.8242849047,-621089.6248590569,308.3010616379133,764.3974984210403,1.0251718773637786,105
36700000,73399.99998542697,65.84999998480633,-843243.9623107351,220923.63440305373,-622320.3279076815,308.29661019131174,763.8659641986392,1.025885240652891,105
36725000,73449.99998525526,65.89999998463462,-842057.4804490665,221624.3151113784,-620433.165337688,309.2744027565419,764.6225922053129,1.024870081654682,105
36750000,73499.99998508354,65.9499999844629,-841411.9113169797,223571.78055680988,-617840.1307601698,311.9920703203295,766.2872653042866,1.0226436664026997,105
36775000,73549.99998491183,65.9999999842912,-842833.6351927449,221745.08720037443,-621088.5479923704,309.44293893757936,762.9354687380151,1.027136436328887,105
36800000,73599.99998474012,66.04999998411948,-839772.1119232844,223449.3892300595,-616322.7226932249,311.8212745100219,766.5135844722672,1.0223417228123843,105
36825000,73649.9999845684,66.09999998394777,-843156.937435403,222716.7264004784,-620440.2110349246,310.7988512306686,763.4004786287283,1.0265107770381532,105
36850000,73699.9999843967,66.14999998377606,-841871.9623699402,221663.93101939835,-620208.0313505419,309.32968633987247,764.363519350853,1.0252174504272398,105
36875000,73749.99998422498,66.19999998360434,-842739.424955517,222602.1515277184,-620137.2734277986,310.63896319976385,765.0989499898894,1.024231987926306,105
36900000,73799.99998405327,66.24999998343263,-841829.8169873268,221074.50465021917,-620755.3123371077,308.5071480357823,764.4717153829486,1.0250723509318114,105
36925000,73849.99998388156,66.29999998326092,-842580.9199276944,223117.6126036519,-619463.3073240424,311.3582837144081,763.1031184693169,1.026910779869893,105
36950000,73899.99998370984,66.3499999830892,-843581.7315886202,222138.90973899423,-621442.821849626,309.99251415166407,763.2022462025964,1.0267774006268482,105
36975000,73949.99998353813,66.39999998291749,-843522.6947339838,222276.74321275047,-621245.9515212334,310.1848593158415,762.8510626252656,1.027250084455109,105
37000000,73999.99998336642,66.44999998274578,-844208.2304957649,222208.0253874867,-622000.2051082782,310.0889643128203,764.5369180304834,1.0249849288209634,105
37025000,74049.9999831947,66.49999998257407,-844416.6038484639,221373.12335636027,-623043.4804921036,308.9238673021106,764.9260930134484,1.024463442502407,105
37050000,74099.999983023,66.54999998240235,-843707.0242724568,221078.43390870356,-622628.5903637533,308.5126312747059,763.9070608576616,1.0258300500962234,105
37075000,74149.99998285128,66.59999998223064,-843034.8046801891,221990.0448476652,-621044.759832524,309.78477476018946,762.7133480132145,1.027435563504648,105
37100000,74199.99998267957,66.64999998205893,-842293.0964503344,222237.1199494124,-620055.9765009221,310.12956546824176,764.6762284604482,1.0247981947682665,105
37125000,74249.99998250786,66.69999998188722,-842781.6128241397,222637.95684780664,-620143.655976333,310.68892914768,763.2653547775112,1.0266925042561394,105
37150000,74299.99998233614,66.7499999817155,-843359.2862894549,223415.39103091508,-619943.8952585398,311.7738303803925,764.6466251878102,1.0248378698016207,105
37175000,74349.99998216443,66.79999998154379,-842848.4669783134,222803.8137007093,-620044.6532776041,310.92038064296725,767.1775128554958,1.0214569710101482,105
37200000,74399.99998199272,66.84999998137208,-844145.7886940953,223145.65368646267,-621000.1350076327,311.3974147507954,762.5697430758865,1.0276290472102962,105
37225000,74449.999981821,66.89999998120037,-842583.8909416394,223661.37983268523,-618922.5111089542,312.1171051682424,764.4685486237289,1.0250765972246434,105
37250000,74499.9999816493,66.94999998102865,-842660.3293261151,221508.78721598312,-621151.5421101319,309.1131847925647,764.6247278950624,1.0248672190680457,105
37275000,74549.99998147758,66.99999998085694,-841073.4837207776,222935.32649724535,-618138.1572235322,311.10390536850605,765.2712209143887,1.024001422099917,105
37300000,74599.99998130587,67.04999998068523,-844181.0489323544,223057.83335100903,-621123.2155813454,311.2748623955467,762.3716999211314,1.0278959969127164,105
37325000,74649.99998113415,67.09999998051352,-842633.2028672327,222520.005750022,-620113.1971172107,310.5243296302331,765.6903209652171,1.023440935652198,105
37350000,74699.99998096244,67.1499999803418,-842066.2630778025,222337.34841418563,-619728.9146636168,310.26943323756296,765.1492801698812,1.0241646157394115,105
37375000,74749.99998079073,67.19999998017009,-842386.0293914117,222105.741760194,-620280.2876312176,309.9462285858003,765.640841313657,1.0235070756726308,105
37400000,74799.99998061902,67.24999997999838,-844024.1723006405,222285.8009715716,-621738.3713290689,310.1974993230912,765.3681993629461,1.0238716726939203,105
37425000,74849.9999804473,67.29999997982667,-842499.8471517675,223915.6209838304,-618584.226167937,312.47189602292383,764.7839318376739,1.024653873971298,105
37450000,74899.99998027559,67.34999997965495,-842057.1197586497,221776.98049188024,-620280.1392667695,309.48744569071897,765.1420225992605,1.0241743302065385,105
37475000,74949.99998010388,67.39999997948324,-842854.7273178343,221047.90824966185,-621806.8190681725,308.4700330382979,766.7718165347106,1.0219974203668447,105
37500000,74999.99997993217,67.44999997931153,-842878.735006562,221425.71767192896,-621453.017334633,308.9972621167893,764.2402730933309,1.0253827835277844,105
37525000,75049.99997976045,67.49999997913982,-843666.5837628427,222041.41519757255,-621625.1685652701,309.8564615436501,765.9778021624472,1.0230568252711336,105
37550000,75099.99997958874,67.5499999789681,-843395.0950943609,222161.78503088295,-621233.3100634778,310.0244363811054,765.3738149692889,1.0238641604689829,105
37575000,75149.99997941703,67.59999997879639,-842172.8470344762,221471.73480075027,-620701.112233726,309.0614785364797,763.9010511367137,1.0258381204507958,105
37600000,75199.99997924532,67.64999997862468,-840277.4027152206,222515.0550305,-617762.3476847206,310.5174209531657,764.5376737037086,1.0249839157202445,105
37625000,75249.9999790736,67.69999997845296,-841206.7140544024,222054.98045573477,-619151.7335986677,309.8753917188623,766.0204535443543,1.0229998623177745,105
37650000,75299.99997890189,67.74999997828125,-842421.2370299199,220806.30959481525,-621614.9274351046,308.132884654345,765.7969027702991,1.0232984955588498,105
37675000,75349.99997873018,67.79999997810954,-842419.6129916692,221982.08508339725,-620437.527908272,309.77366699280026,765.8301437672609,1.023254079101155,105
37700000,75399.99997855847,67.84999997793783,-840295.3024930288,221413.13552927916,-618882.1669637497,308.9797038689433,765.5378337624744,1.0236447944800278,105
37725000,75449.99997838675,67.89999997776611,-840590.9980828222,221819.73921543412,-618771.258867388,309.54711504010027,766.784521378473,1.0219804869035451,105
37750000,75499.99997821504,67.9499999775944,-842090.438620856,222528.05023724007,-619562.3883836159,310.535555627609,766.3938927970646,1.02250138717634,105
37775000,75549.99997804333,67.99999997742269,-843786.1578320717,221176.7732684828,-622609.3845635889,308.64986281786,761.1574667728817,1.029535743544509,105
37800000,75599.99997787162,68.04999997725098,-842731.603456893,222903.51622062808,-619828.087236265,311.059514461771,763.9124902057173,1.0258227592239582,105
37825000,75649.9999776999,68.09999997707926,-843150.7071290407,222120.11221314693,-621030.5949158939,309.9662824018816,765.3102105187498,1.023949253175781,105
37850000,75699.99997752819,68.14999997690755,-844719.532856606,221672.26496204312,-623047.2678945628,309.3413162692544,765.1464071692681,1.024168461311372,105
37875000,75749.99997735648,68.19999997673584,-841353.6918853321,222726.35978401024,-618627.3321013219,310.812294516153,765.6004199521409,1.023561113717075,105
37900000,75799.99997718477,68.24999997656413,-842555.7144070305,222546.76315634264,-620008.9512506878,310.5616693095683,766.7252448086139,1.0220594976027977,105
37925000,75849.99997701305,68.29999997639241,-843009.471708227,221966.06658587485,-621043.4051223521,309.7513133478411,765.2283622542436,1.0240587740370677,105
37950000,75899.99997684134,68.3499999762207,-842052.5986439758,222071.3968288399,-619981.2018151359,309.89830059501594,768.0765409064513,1.0202613629934023,105
37975000,75949.99997666963,68.39999997604899,-842599.2314229398,222099.82459439515,-620499.4068285447,309.9379712431097,763.70548150578,1.0261008169843062,105
38000000,75999.99997649791,68.44999997587728,-843444.2420913652,221461.39726525615,-621982.844826109,309.0470526143316,764.2211952328383,1.0254083809723693,105
38025000,76049.9999763262,68.49999997570556,-840867.347322912,221951.6745967887,-618915.6727261232,309.73122947831246,766.806531731464,1.021951152057876,105
38050000,76099.99997615449,68.54999997553385,-844579.2670376422,222509.46812521864,-622069.7989124235,310.5096244855567,764.7459220643647,1.0247048018158886,105
38075000,76149.99997598278,68.59999997536214,-842503.8362337984,221659.76520226075,-620844.0710315376,309.3238729858342,765.0114353121905,1.024349156543891,105
38100000,76199.99997581106,68.64999997519043,-843206.2431836496,221824.92300580072,-621381.3201778489,309.55434896508194,763.9351659001533,1.0257923099862845,105
38125000,76249.99997563935,68.69999997501871,-842987.9157873415,221604.888050472,-621383.0277368695,309.2472924972,763.6095040293429,1.026229786786888,105
38150000,76299.99997546764,68.749999974847,-841922.2242828794,222002.3318741739,-619919.8924087055,309.8019211765618,767.7878325886702,1.020645007965756,105
38175000,76349.99997529593,68.79999997467529,-841239.9736931962,222402.38468716067,-618837.5890060356,310.3601906730535,766.1466184361415,1.0228314002195005,105
38200000,76399.99997512421,68.84999997450358,-842579.4970806437,221792.99198355485,-620786.5050970889,309.5097895590911,764.5507315141177,1.0249664099549731,105
38225000,76449.9999749525,68.89999997433186,-841917.3972583571,222345.12290640475,-619572.2743519524,310.280282459755,765.5161366474824,1.0236738077662977,105
38250000,76499.99997478079,68.94999997416015,-842850.0676281876,223228.02616341773,-619622.0414647699,311.5123646767594,766.7170092324923,1.022070475902081,105
38275000,76549.99997460908,68.99999997398844,-841762.3555938774,222136.33629669624,-619626.0192971812,309.9889229399807,766.0176810137469,1.0230035649717732,105
38300000,76599.99997443736,69.04999997381672,-840951.9947015657,221652.7477067877,-619299.246994778,309.3140801446463,765.5160541675953,1.023673918061176,105
38325000,76649.99997426565,69.09999997364501,-840323.3068418745,221892.26321495237,-618431.0436269222,309.6483215192956,763.486296893145,1.026395393993757,105
38350000,76699.99997409394,69.1499999734733,-841762.6531233764,224799.85208643577,-616962.8010369407,313.70583123449853,765.5734363106651,1.023597190473153,105
38375000,76749.99997392223,69.19999997330159,-842247.5582517581,222486.9061472281,-619760.65210453,310.47813948236774,766.1926641531921,1.0227699313390886,105
38400000,76799.99997375051,69.24999997312987,-842670.0998328784,222182.26332176104,-620487.8365111174,310.0530136208257,763.471801876058,1.0264148807891265,105
38425000,76849.9999735788,69.29999997295816,-842204.258168207,221693.43058377065,-620510.8275844364,309.3708526719521,766.571747457883,1.0222641534953365,105
38450000,76899.99997340709,69.34999997278645,-843820.1513844565,223133.98074777125,-620686.1706366853,311.3811252875189,765.0108042982351,1.0243500014713212,105
38475000,76949.99997323538,69.39999997261474,-842068.0293413913,222543.0660244093,-619524.963316982,310.5565100008073,766.060931291276,1.0229458082238554,105
38500000,76999.99997306366,69.44999997244302,-841559.6783976541,221223.49962913877,-620336.1787685154,308.7150689631224,763.9922599701612,1.0257156512803935,105
38525000,77049.99997289195,69.49999997227131,-842172.4021320152,222100.19245584245,-620072.2096761728,309.9384845898937,763.8296446923555,1.0259340206992056,105
38550000,77099.99997272024,69.5499999720996,-841383.1945403744,221963.0864324468,-619420.1081079277,309.7471545750498,764.3606139724568,1.025221347337386,105
38575000,77149.99997254852,69.59999997192789,-842742.3921220391,224140.9335357708,-618601.4585862684,312.78631732141685,764.5797802031617,1.024927468393485,105
38600000,77199.99997237681,69.64999997175617,-842796.4291788829,221969.83211873108,-620826.5970601517,309.75656810937124,764.6286027074461,1.0248620254770946,105
38625000,77249.9999722051,69.69999997158446,-840323.836225166,222943.9190525417,-617379.9171726243,311.1158961891256,765.2536318755725,1.024024958349875,105
38650000,77299.99997203339,69.74999997141275,-841991.7275639311,221697.382167373,-620294.3453965582,309.3763670653433,765.1522684430811,1.024160615903301,105
38675000,77349.99997186167,69.79999997124104,-842268.7260404923,221447.6781350524,-620821.0479054399,309.02790771230235,766.4234992127122,1.022461888647002,105
38700000,77399.99997168996,69.84999997106932,-843103.9772218517,222111.1048297066,-620992.8723921451,309.9537126929463,764.3619073044183,1.025219612620463,105
38725000,77449.99997151825,69.89999997089761,-841188.6876962045,222273.62788677463,-618915.0598094299,310.18051191118025,767.1481982731614,1.0214960033438552,105
38750000,77499.99997134654,69.9499999707259,-841085.6734324195,221916.52062016792,-619169.1528122516,309.6821724733604,766.580070940049,1.0222530538101595,105
38775000,77549.99997117482,69.99999997055419,-843499.9553612331,222125.76588653005,-621374.189474703,309.97417204367497,765.5355641650348,1.0236478292986742,105
38800000,77599.99997100311,70.04999997038247,-840718.7339083413,222825.44881885985,-617893.2850894814,310.9505722229896,765.056013525434,1.0242894698617018,105
38825000,77649.9999708314,70.09999997021076,-841408.3905697069,223438.68206128065,-617969.7085084263,311.8063327685093,766.2671753348632,1.0226704780431437,105
38850000,77699.99997065969,70.14999997003905,-840641.6094668708,221978.06086010108,-618663.5486067696,309.7680512314798,764.6232871897001,1.0248691501257612,105
38875000,77749.99997048797,70.19999996986733,-844265.4862359851,220869.28174212875,-623396.2044938563,308.22076162416624,764.6294389069363,1.0248609046869972,105
38900000,77799.99997031626,70.24999996969562,-842914.5523143592,222248.62188399475,-620665.9304303646,310.14561629708123,764.7241057521346,1.024734034946807,105
38925000,77849.99997014455,70.29999996952391,-840929.8217639634,222171.97257815851,-618757.8491858048,310.0386529962706,766.5899858683557,1.0222398321846142,105
38950000,77899.99996997284,70.3499999693522,-841596.1894861301,221751.727712484,-619844.4617736462,309.4522057024452,766.5628507437187,1.0222760178740569,105
38975000,77949.99996980112,70.39999996918048,-841975.1942404574,222761.03637903143,-619214.1578614259,310.8606853400995,763.8657971107042,1.0258854650549354,105
39000000,77999.99996962941,70.44999996900877,-841734.1602656269,223751.6488353455,-617982.5114302813,312.24307461284576,764.8433629661408,1.0245742546152743,105
39025000,78049.9999694577,70.49999996883706,-842778.0766161275,222161.5402262153,-620616.5363899122,310.02409475876425,765.7451700817215,1.0233676281952162,105
39050000,78099.99996928599,70.54999996866535,-840359.8897519023,222373.77615662717,-617986.1135952752,310.3202677693322,767.3832677329347,1.021183092541961,105
39075000,78149.99996911427,70.59999996849363,-842689.9046529913,223424.38006751207,-619265.5245854793,311.78637448650056,766.9324033676511,1.021783425850132,105
39100000,78199.99996894256,70.64999996832192,-843593.745762913,222629.7854097232,-620963.9603531898,310.6775259917057,763.9193926194276,1.0258134903755087,105
39125000,78249.99996877085,70.69999996815021,-843135.471506081,222709.58525892004,-620425.8862471611,310.7888858426679,763.2034875664203,1.0267757305554437,105
39150000,78299.99996859914,70.7499999679785,-842205.6927993549,222036.41474674144,-620169.2780526135,309.8494834670634,766.9078706932227,1.021816111758154,105
39175000,78349.99996842742,70.79999996780678,-841196.3739421722,221602.6980330413,-619593.6759091308,309.24423635088965,765.8375589519151,1.0232441714936529,105
39200000,78399.99996825571,70.84999996763507,-842260.6084972997,221788.6278713469,-620471.9806259528,309.503699486366,765.3776402827782,1.023859043254711,105
39225000,78449.999968084,70.89999996746336,-842893.752372345,222123.2249888289,-620770.5273835161,309.9706262476345,768.5210410642122,1.019671260299298,105
39250000,78499.99996791228,70.94999996729165,-842996.8227246124,221651.56679108983,-621345.2559335226,309.31243218919974,764.131904773977,1.025528202150212,105
39275000,78549.99996774057,70.99999996711993,-841343.5952569908,223126.69114560384,-618216.904111387,311.37095272429843,766.1192372244795,1.022867956360768,105
39300000,78599.99996756886,71.04999996694822,-841345.3082172275,221760.83686825493,-619584.4713489725,309.4649174335982,766.3751419129701,1.022526404695762,105
39325000,78649.99996739715,71.09999996677651,-841861.1219647238,222045.51660834043,-619815.6053563834,309.8621850192761,765.0882818015687,1.0242462695458148,105
39350000,78699.99996722543,71.1499999666048,-843638.5771725555,222949.80410211143,-620688.7730704441,311.124108713956,763.9894528552317,1.0257194200519486,105
39375000,78749.99996705372,71.19999996643308,-844036.1474560816,222552.4026960705,-621483.7447600111,310.5695392279944,768.165236035151,1.0201435599366473,105
39400000,78799.99996688201,71.24999996626137,-841481.5391132231,221782.5634818345,-619698.9756313886,309.49523669453026,766.2865827497044,1.022644577302272,105
39425000,78849.9999667103,71.29999996608966,-841955.3341815686,221209.0112526284,-620746.3229289402,308.6948505859561,764.485138111025,1.0250543528482134,105
39450000,78899.99996653858,71.34999996591795,-842202.1546666468,222215.99566925372,-619986.1589973931,310.10008675726897,764.8561407590463,1.0245571379354914,105
39475000,78949.99996636687,71.39999996574623,-842940.84807867,222820.00802448695,-620120.840054183,310.94297965161786,766.8555882906722,1.0218857767669287,105
39500000,78999.99996619516,71.44999996557452,-842127.3049591822,223285.4689427083,-618841.8360164738,311.59252547161094,765.5603577681078,1.023614677219013,105
39525000,79049.99996602345,71.49999996540281,-842123.5777500765,222638.78855977743,-619484.7891902991,310.6900897929951,766.7133992621991,1.0220752881879485,105
39550000,79099.99996585173,71.5499999652311,-842636.2131128288,222291.29292115747,-620344.9201916714,310.2051632810251,764.472436603228,1.025071383855784,105
39575000,79149.99996568002,71.59999996505938,-841943.9842271828,222745.4667563259,-619198.5174708569,310.8389580952303,765.6195385504204,1.023535553954344,105
39600000,79199.99996550831,71.64999996488767,-840634.2836065106,223156.79228453603,-617477.4913219746,311.4129585473547,767.9380410297575,1.0204453701208271,105
39625000,79249.9999653366,71.69999996471596,-840904.0408316031,223245.43974614725,-617658.6010854559,311.5366651484644,767.5917397710161,1.0209057470345428,105
39650000,79299.99996516488,71.74999996454424,-843171.2662118021,221472.03482677523,-621699.231385027,309.0618972196446,764.9360062343404,1.024450165924604,105
39675000,79349.99996499317,71.79999996437253,-842364.709803238,222839.18653973576,-619525.5232635023,310.9697430681065,764.9485997339985,1.0244333001994834,105
39700000,79399.99996482146,71.84999996420082,-842806.0056943367,221532.73897623917,-621273.2667180976,309.1466092223004,765.2914353408835,1.0239743741015706,105
39725000,79449.99996464975,71.8999999640291,-840786.4843170224,221006.6303786568,-619779.8539383656,308.4124302030867,764.4191025814472,1.0251429037580582,105
39750000,79499.99996447803,71.9499999638574,-841393.6786722862,222398.31487017835,-618995.3638021079,310.3545112862232,766.0813694965607,1.0229185171588904,105
39775000,79549.99996430632,71.99999996368568,-841061.1597274696,221578.26834283565,-619482.891384634,309.2101449749318,765.8048003096009,1.0232879425562011,105
39800000,79599.99996413461,72.04999996351397,-843501.6460571359,221902.73484245376,-621598.9112146822,309.6629345654308,765.3585819510712,1.0238845385528992,105
39825000,79649.9999639629,72.09999996334226,-841609.3858379773,223237.0823980853,-618372.303439892,311.5250025570688,766.9636485804646,1.0217417995740377,105
39850000,79699.99996379118,72.14999996317054,-841777.609609615,223101.87473492316,-618675.7348746919,311.33632168398145,766.4392405584924,1.0224408890357026,105
39875000,79749.99996361947,72.19999996299883,-841889.2076579877,223004.02855112532,-618885.1791068624,311.19977836272693,767.0732514260565,1.0215958085510353,105
39900000,79799.99996344776,72.24999996282712,-843052.6917125047,221847.41577388803,-621205.2759386167,309.5857373865782,765.8512025969367,1.0232259423909251,105
39925000,79849.99996327604,72.2999999626554,-842214.8752443655,222367.9982673957,-619846.8769769698,310.31220478562784,766.5422436881031,1.0223034998542455,105
39950000,79899.99996310433,72.3499999624837,-841734.2247980232,222201.4543840084,-619532.7704140148,310.07979454651894,767.1354047097761,1.021513038894276,105
39975000,79949.99996293262,72.39999996231198,-841048.41755482,221457.85021856343,-619590.5673362565,309.04210274794667,766.7978466112907,1.0219627271667602,105
40000000,79999.9999627609,72.44999996214027,-842774.4790096595,222567.1676437593,-620207.3113659001,310.5901435573339,764.2700144988145,1.0253428809742862,105
40025000,80049.9999625892,72.49999996196856,-840721.1890784986,221808.2297391993,-618912.9593392994,309.531053686964,768.5613808461152,1.0196177404149032,105
40050000,80099.99996241748,72.54999996179684,-842393.1010305234,222844.0018028033,-619549.09922772,310.9764627171152,766.9653178708418,1.0217395757658494,105
40075000,80149.99996224577,72.59999996162513,-843147.5070014158,221370.71600986217,-621776.7909915537,308.92050787537056,765.3702614299586,1.023868914170226,105
40100000,80199.99996207406,72.64999996145342,-841827.5297153592,222623.30312356493,-619204.2265917943,310.66848002949223,766.1922269492923,1.022770514951121,105
40125000,80249.99996190234,72.6999999612817,-840354.412066164,222439.75486945923,-617914.6571967048,310.41234036973947,766.7546394592608,1.022020315470305,105
40150000,80299.99996173063,72.74999996110999,-841421.3613501037,222620.05378732356,-618801.3075627802,310.6639456149136,764.089620372703,1.025584954453687,105
40175000,80349.99996155892,72.79999996093828,-842506.4845555127,222254.00417404293,-620252.4803814697,310.1531272262826,765.1722133583212,1.0241339202179116,105
40200000,80399.9999613872,72.84999996076657,-841088.883019432,223493.17130153175,-617595.7117179001,311.88237193066925,767.0920132733512,1.0215708219467878,105
40225000,80449.9999612155,72.89999996059485,-843256.1256227023,222476.1044802666,-620780.0211424357,310.4630658696344,762.1486208272465,1.0281968596333633,105
40250000,80499.99996104378,72.94999996042314,-842410.5641641929,221653.68659643017,-620756.8775677627,309.31539035527584,765.0350432228282,1.0243175465626702,105
40275000,80549.99996087207,72.99999996025143,-841518.1755433623,222388.4183016095,-619129.7572417528,310.3407007287853,765.6591637144589,1.0234825829116831,105
40300000,80599.99996070036,73.04999996007972,-842073.5905595156,222906.6426841411,-619166.9478753746,311.06387740874834,765.7871706933803,1.0233115002422013,105
40325000,80649.99996052864,73.099999959908,-842998.1906500557,222646.8057718794,-620351.3848781763,310.7012777282329,767.5727210706366,1.0209310427491842,105
40350000,80699.99996035693,73.14999995973629,-843444.4712599916,221454.49399410532,-621989.9772658863,309.03741917198494,763.2971292695646,1.0266497651555104,105
40375000,80749.99996018522,73.19999995956458,-842478.7509041578,221604.38125658696,-620874.3696475708,309.2465852716592,766.6966055675792,1.022097675687963,105
40400000,80799.9999600135,73.24999995939287,-842767.7511340068,223634.58111549,-619133.1700185168,312.0797078400159,763.953648520037,1.0257674926045208,105
40425000,80849.99995984179,73.29999995922115,-839938.590109231,222987.5713069605,-616951.0188022704,311.1768124514391,765.583895033462,1.0235832070033588,105
40450000,80899.99995967008,73.34999995904944,-842308.8233247064,222396.07289154577,-619912.7504331607,310.3513826286017,765.324465487902,1.0239301810492838,105
40475000,80949.99995949837,73.39999995887773,-841284.4001437523,221728.43448439063,-619555.9656593617,309.41970024742227,765.6062689388007,1.023553294038028,105
40500000,80999.99995932665,73.44999995870602,-841732.3275255063,220683.56746283063,-621048.7600626756,307.96159929901967,768.0962562310859,1.020235175150641,105
40525000,81049.99995915494,73.4999999585343,-842823.6639094781,223149.02301385248,-619674.6408956256,311.40211661176073,763.6542118640377,1.026169706568703,105
40550000,81099.99995898323,73.54999995836259,-841075.2182469596,221489.8661302052,-619585.3521167544,309.0867806161975,768.0178652546856,1.0203393097484887,105
40575000,81149.99995881152,73.59999995819088,-843686.5616042693,222048.01906215155,-621638.5425421178,309.8656771672721,764.5801351803636,1.024926992542926,105
40600000,81199.9999586398,73.64999995801917,-840799.671844291,222590.93560334123,-618208.7362409498,310.62331149516024,767.3115349830956,1.021278558683127,105
40625000,81249.99995846809,73.69999995784745,-843148.702000123,223436.9990479452,-619711.7029521778,311.80398414108595,765.8616135651472,1.0232120328639691,105
40650000,81299.99995829638,73.74999995767574,-842400.4774051495,223420.96425652437,-618979.5131486251,311.78160775816286,765.9913519406603,1.0230387282090103,105
40675000,81349.99995812467,73.79999995750403,-841407.135568263,222159.10004101155,-619248.0355272514,310.02068950595554,767.1915199137422,1.0214383216808505,105
40700000,81399.99995795295,73.84999995733232,-842416.3929025885,221609.1632974826,-620807.2296051059,309.2532585594761,766.0339915801836,1.0229817829519217,105
40725000,81449.99995778124,73.8999999571606,-841356.3310372811,222691.01192743992,-618665.3191098411,310.7629669537688,763.9147053056331,1.025819784677334,105
40750000,81499.99995760953,73.94999995698889,-841857.2780853924,221177.35624576043,-620679.921839632,308.65067635652457,763.2597384882636,1.026700058961021,105
40775000,81549.99995743782,73.99999995681718,-842859.940704973,222432.9680152915,-620426.9726896815,310.40286938606937,764.1916131186231,1.0254480748754722,105
40800000,81599.9999572661,74.04999995664546,-841477.4896507515,222224.6220885481,-619252.8675622034,310.11212483474185,765.2333752414347,1.0240520655038496,105
40825000,81649.99995709439,74.09999995647375,-843190.2624786496,223062.85449899893,-620127.4079796507,311.28186935480085,766.0114147522539,1.0230119335257175,105
40850000,81699.99995692268,74.14999995630204,-842808.3811781616,223375.9707539708,-619432.4104241908,311.7188197981721,766.6107128285433,1.0222121937444657,105
40875000,81749.99995675097,74.19999995613033,-842310.7269803216,221099.93500567356,-621210.791974648,308.5426358295791,766.5938140960103,1.022234727308051,105
40900000,81799.99995657925,74.24999995595861,-842481.3568279669,221604.66352424127,-620876.6933037256,309.2469791732045,764.6755819500511,1.024799061204574,105
40925000,81849.99995640754,74.2999999557869,-841781.6449436233,221834.1915113974,-619947.453432226,309.5672830672422,767.1021691195862,1.021557297130142,105
40950000,81899.99995623583,74.34999995561519,-840856.1088954234,222611.10930299576,-618244.9995924276,310.651463681029,766.8147734294739,1.0219401681631102,105
40975000,81949.99995606412,74.39999995544348,-843370.396182945,222326.59918522745,-621043.7969977176,310.2544328015121,765.0919505924994,1.0242413580506389,105
41000000,81999.9999558924,74.44999995527176,-845736.641587452,223383.08502591643,-622353.5565615356,311.7287476899107,762.6191394581679,1.0275624856009251,105
41025000,82049.99995572069,74.49999995510005,-841135.2831003275,223337.09595040415,-617798.1871499233,311.6645704183183,765.7518612150667,1.0233586860174582,105
41050000,82099.99995554898,74.54999995492834,-842663.9097643355,222476.28496259305,-620187.6248017425,310.46331773082426,765.9828275859134,1.0230501132488905,105
41075000,82149.99995537726,74.59999995475663,-842238.5143327238,223059.30528395972,-619179.2090487641,311.2769164625113,765.4980229123058,1.0236980306325965,105
41100000,82199.99995520555,74.64999995458491,-842739.2453330806,223304.6613284985,-619434.5840045821,311.6193082442943,761.7337162756224,1.0287569025301293,105
41125000,82249.99995503384,74.6999999544132,-843809.7006812729,222468.1624239595,-621341.5382573134,310.45198281351844,763.8068924613092,1.0259645811564462,105
41150000,82299.99995486213,74.74999995424149,-844062.2617666586,222334.48001366487,-621727.7817529938,310.26543041477936,764.4804068800727,1.0250606967241824,105
41175000,82349.99995469041,74.79999995406978,-842003.4959956845,222132.8086042952,-619870.6873913894,309.9840000823064,767.8189426650232,1.0206036540184087,105
41200000,82399.9999545187,74.84999995389806,-843279.4366053147,221896.84205686115,-621382.5945484536,309.6547112450617,764.607849155063,1.0248898430410325,105
41225000,82449.99995434699,74.89999995372635,-842489.8214677139,222658.9570627552,-619830.8644049587,310.7182347269559,765.4016633355608,1.0238269082058653,105
41250000,82499.99995417528,74.94999995355464,-842272.1352847251,221982.6977695725,-620289.4375151526,309.77452198991926,764.8048834940616,1.0246258038107288,105
41275000,82549.99995400356,74.99999995338293,-843498.5512237251,222396.96727211797,-621101.5839516071,310.35263072729134,764.3040387888619,1.0252972360976271,105
41300000,82599.99995383185,75.04999995321121,-840905.3920952701,221471.83546970607,-619433.556625564,309.0616190189496,766.2305991782368,1.022719295403899,105
41325000,82649.99995366014,75.0999999530395,-842701.1278439234,223801.74203081496,-618899.3858131084,312.3129791407096,764.4974910131593,1.0250377898166116,105
41350000,82699.99995348843,75.14999995286779,-842124.3854601183,221318.1077509124,-620806.2777092059,308.84709360285007,768.2418898395969,1.0200417718332069,105
41375000,82749.99995331671,75.19999995269607,-841781.7816945836,221786.73122841827,-619995.0504661653,309.5010527410903,764.9310514503073,1.0244568017244122,105
41400000,82799.999953145,75.24999995252436,-843517.3076138818,221241.1909137712,-622276.1167001106,308.7397569649148,763.070617707329,1.0269545181322046,105
41425000,82849.99995297329,75.29999995235265,-840793.6565090092,222679.2369014092,-618114.4196076,310.74653502868307,767.1165640118855,1.0215381276740785,105
41450000,82899.99995280158,75.34999995218094,-841419.3214146337,221252.19165801216,-620167.1297566216,308.7551083878996,763.5858749286579,1.0262615433813378,105
41475000,82949.99995262986,75.39999995200922,-844781.9933263222,221448.90003265804,-623333.0932936642,309.02961285757044,762.334094579055,1.0279467022148376,105
41500000,82999.99995245815,75.44999995183751,-842708.9401728497,222126.29198234575,-620582.6481905039,309.97490620485723,763.6032412174154,1.0262382035716815,105
41525000,83049.99995228644,75.4999999516658,-842701.5366785014,221539.44877368465,-621162.0879048167,309.1559726741244,766.832628992248,1.021916372466195,105
41550000,83099.99995211473,75.54999995149409,-842335.778237211,222151.24173743185,-620184.5364997792,310.00972332589055,767.0176176264254,1.021669907574592,105
41575000,83149.99995194301,75.59999995132237,-843566.4479178786,223326.3608291382,-620240.0870887404,311.64958966940367,767.2380389480711,1.0213763900221748,105
41600000,83199.9999517713,75.64999995115066,-841563.6027609045,221397.5986518645,-620166.0041090399,308.9580223197835,766.779364417886,1.0219873602146126,105
41625000,83249.99995159959,75.69999995097895,-843232.77934503,222404.65612398004,-620828.1232210499,310.36336043926514,766.918230026986,1.021802309329509,105
41650000,83299.99995142788,75.74999995080724,-841749.0760604884,223010.27372682217,-618738.8023336662,311.20849343978324,766.7622794701812,1.0220101320711212,105
41675000,83349.99995125616,75.79999995063552,-841851.6431583511,222570.29340987172,-619281.3497484793,310.59450553109605,766.3089264701329,1.022614759452389,105
41700000,83399.99995108445,75.84999995046381,-843136.9437939865,222114.53586836735,-621022.407925619,309.9585006713417,763.2684060670953,1.026688399885882,105
41725000,83449.99995091274,75.8999999502921,-841028.3490292123,221971.02707191528,-619057.3219572969,309.75823565398235,765.7877664609277,1.0233107041263458,105
41750000,83499.99995074102,75.94999995012039,-841174.5336719849,223646.4343887597,-617528.0992832251,312.09624895830143,767.1015373059529,1.021558138523095,105
41775000,83549.99995056931,75.99999994994867,-843451.7775802948,222157.02797753425,-621294.7496027605,310.0177979631476,765.6149198981014,1.0235417285399444,105
41800000,83599.9999503976,76.04999994977696,-842050.2306712121,222863.7579258053,-619186.4727454068,311.0040321791534,766.4072959242798,1.022483505410022,105
41825000,83649.99995022589,76.09999994960525,-843722.3403383475,222728.7996124344,-620993.5407259131,310.8156992710795,764.028769543475,1.0256666368423746,105
41850000,83699.99995005417,76.14999994943354,-842226.126626513,221974.9700192857,-620251.1566072273,309.7637379956026,765.2306196345351,1.024055753130645,105
41875000,83749.99994988246,76.19999994926182,-841989.3534035822,224043.382230306,-617945.9711732762,312.6501854997772,763.647481028587,1.0261787512910534,105
41900000,83799.99994971075,76.24999994909011,-841754.20547802,223185.037011567,-618569.168466453,311.4523737671114,766.0462080500606,1.022965469019414,105
41925000,83849.99994953904,76.2999999489184,-842962.6613999852,221764.07406429516,-621198.58733569,309.46943490665365,765.4747628814082,1.023729137141886,105
41950000,83899.99994936732,76.34999994874669,-842655.6504265997,221548.27757090895,-621107.3728556907,309.16829316787187,766.7125595173526,1.0220764076197946,105
41975000,83949.99994919561,76.39999994857497,-842900.2167359786,222753.81363808727,-620146.4030978914,310.85060608101344,764.3985213541475,1.0251705054586469,105
42000000,83999.9999490239,76.44999994840326,-841389.257024656,222532.4818296138,-618856.7751950423,310.5417398681962,767.5822886281202,1.0209183173168976,105
42025000,84049.99994885219,76.49999994823155,-841411.2409487017,221391.2468659918,-620019.99408271,308.949158469347,765.8519698939749,1.023224917234281,105
42050000,84099.99994868047,76.54999994805983,-843313.9544588085,222732.86742922684,-620581.0870295817,310.821375866666,763.5451105007459,1.0263163338110437,105
42075000,84149.99994850876,76.59999994788812,-840889.7326352918,221929.52132175048,-618960.2113135413,309.70031481579844,766.1455122458001,1.0228328770227937,105
42100000,84199.99994833705,76.64999994771641,-841287.9767141584,223133.8421499964,-618154.134564162,311.3809318757805,762.7000673121865,1.0274534539771012,105
42125000,84249.99994816534,76.6999999475447,-843191.4606719157,220962.15914215552,-622229.3015297601,308.35037105988374,766.409850002083,1.0224800979610893,105
42150000,84299.99994799362,76.74999994737298,-841805.8443203643,221856.13709240564,-619949.7072279586,309.5979078949199,766.1359863079964,1.022845594663714,105
42175000,84349.99994782191,76.79999994720127,-842221.7841211413,222258.3510995746,-619963.4330215667,310.1591933151816,767.3383148937726,1.0212429163229753,105
42200000,84399.9999476502,76.84999994702956,-843481.4161498826,222860.25421983117,-620621.1619300514,310.9991427942859,764.2583749477621,1.0253584968068374,105
42225000,84449.99994747849,76.89999994685785,-842368.554993392,222496.16839461905,-619872.386598773,310.4910648512677,766.9670214112934,1.0217373063401118,105
42250000,84499.99994730677,76.94999994668613,-841545.0472139707,223072.6212552583,-618472.4259587124,311.295498760525,765.0981123579812,1.024233109258826,105
42275000,84549.99994713506,76.99999994651442,-840068.7346119401,221771.2749303147,-618297.4596816254,309.4794836395123,764.5584455514013,1.02495606852307,105
42300000,84599.99994696335,77.04999994634271,-842976.8190509272,222218.8027544085,-620758.0162965187,310.1040040151036,764.5371213013091,1.024984656303741,105
42325000,84649.99994679164,77.099999946171,-841549.6347975545,223451.23992040832,-618098.3948771461,311.8238571289554,766.9677953500186,1.021736275316289,105
42350000,84699.99994661992,77.14999994599928,-841863.2056023129,222979.3918845914,-618883.8137177215,311.16539815347795,764.8331298927891,1.024587962891096,105
42375000,84749.99994644821,77.19999994582757,-842905.4678550181,222462.1819410725,-620443.2859139456,310.4436371124966,764.783489921587,1.0246544660487114,105
42400000,84799.9999462765,77.24999994565586,-842264.636394788,223058.8939461313,-619205.7424486567,311.27634244489434,766.1588316652211,1.0228150954094732,105
42425000,84849.99994610478,77.29999994548415,-842452.6987473876,221696.11081292536,-620756.5879344622,309.374592903572,764.5732300110643,1.0249362490720917,105
42450000,84899.99994593307,77.34999994531243,-842103.240905459,223351.74913782653,-618751.4917676325,311.6850187873804,766.3099295203283,1.0226134209157285,105
42475000,84949.99994576136,77.39999994514072,-840880.3895645039,221050.65851218265,-619829.7310523213,308.47387100074405,765.761476712552,1.0233458359287932,105
42500000,84999.99994558965,77.44999994496901,-842280.1054370371,222461.24623911397,-619818.8591979231,310.4423313502465,766.0998569142216,1.022893832228213,105
42525000,85049.99994541793,77.4999999447973,-841327.9836464715,222734.9942221754,-618592.9894242962,310.82434378387586,766.1506870876914,1.0228259684622336,105
42550000,85099.99994524622,77.54999994462558,-843084.1811174215,221653.62998983733,-621430.5511275842,309.3153113613704,765.0891456614992,1.024245113072329,105
42575000,85149.99994507451,77.59999994445387,-843086.0705606658,222257.56520597823,-620828.5053546876,310.1580966089266,765.40595305932,1.0238211701598048,105
42600000,85199.9999449028,77.64999994428216,-842898.2350055752,221866.8152511987,-621031.4197543765,309.6128091533022,763.0770940853209,1.02694580217717,105
42625000,85249.99994473108,77.69999994411044,-843569.3296852103,221112.4569803867,-622456.8727048235,308.5601101137018,763.9116514970138,1.02582388548833,105
42650000,85299.99994455937,77.74999994393873,-841352.451515357,222224.10470520728,-619128.3468101497,310.1114028317268,764.6273197521663,1.0248637450757965,105
42675000,85349.99994438766,77.79999994376702,-843452.7842680877,221951.6403402104,-621501.1439278773,309.73118167361736,764.0668451725107,1.025615524949972,105
42700000,85399.99994421595,77.84999994359531,-842720.9844313734,223304.13606946543,-619416.848361908,311.6185752508335,762.9536365713473,1.0271119776426836,105
42725000,85449.99994404423,77.8999999434236,-842641.3600683566,221888.1677608693,-620753.1923074872,309.6426063561606,765.2806475939326,1.023988808513922,105
42750000,85499.99994387252,77.94999994325188,-841394.719119628,223354.2093368228,-618040.5097828052,311.6884519692261,766.1010889341582,1.022892187242176,105
42775000,85549.99994370081,77.99999994308017,-842492.4040997596,221521.54029496887,-620970.8638047908,309.1309815802712,764.7943937164603,1.0246398573876052,105
42800000,85599.9999435291,78.04999994290846,-841309.9391735145,222275.546427192,-619034.3927463226,310.1831892141713,764.8212964024742,1.024603815550786,105
42825000,85649.99994335738,78.09999994273674,-842253.3687302992,222357.235018597,-619896.1337117022,310.29718478503685,766.190868340601,1.0227723285265211,105
42850000,85699.99994318567,78.14999994256503,-843583.4597540763,222521.18929730653,-621062.2704567697,310.52598125803115,762.4526644235712,1.027786845103256,105
42875000,85749.99994301396,78.19999994239332,-841402.9803327983,221270.896289073,-620132.0840437254,308.7812105039838,766.1890942749955,1.022774696695455,105
42900000,85799.99994284225,78.2499999422216,-843327.4160255953,222305.37293808788,-621022.0430875074,310.2248117966889,765.4453507853401,1.0237684737446864,105
42925000,85849.99994267053,78.2999999420499,-840560.023971912,222714.68095822044,-617845.3430136915,310.79599683749257,767.2126127415144,1.0214102394748998,105
42950000,85899.99994249882,78.34999994187818,-842946.422753213,221582.3752270988,-621364.0475261142,309.21587608876297,764.2334090911618,1.025391993056662,105
42975000,85949.99994232711,78.39999994170647,-842138.3617735417,223557.3185492881,-618581.0432242536,311.9718887408096,767.7769918446076,1.020659419118249,105
43000000,85999.9999421554,78.44999994153476,-842881.268523497,221114.3709514203,-621766.8975720768,308.5627810401659,764.9010946385737,1.0244969238522974,105
43025000,86049.99994198368,78.49999994136304,-843146.1837023925,222161.03932805863,-620985.1443743339,310.0233957606504,765.4249511485585,1.0237957585947313,105
43050000,86099.99994181197,78.54999994119133,-841464.8037507022,220890.8390720655,-620573.9646786368,308.2508446515536,765.4294695223585,1.0237897150699962,105
43075000,86149.99994164026,78.59999994101962,-842329.2130011148,222948.0851780305,-619381.1278230842,311.1217099734647,765.0819572449732,1.0242547364864325,105
43100000,86199.99994146854,78.6499999408479,-842891.4045285694,221333.0519937489,-621558.3525348206,308.867948136684,764.2401952829624,1.0253828879261302,105
43125000,86249.99994129683,78.6999999406762,-842207.061535784,223273.2170407779,-618933.8444950061,311.57542807121854,765.5770582226261,1.023592347879102,105
43150000,86299.99994112512,78.74999994050448,-843229.8020611568,222041.5957226126,-621188.2063385443,309.8567134644464,762.7543624234225,1.0273803168017253,105
43175000,86349.9999409534,78.79999994033277,-843031.0472871009,222283.47605016796,-620747.571236933,310.19425491970424,766.6822936425059,1.022116755540822,105
43200000,86399.9999407817,78.84999994016106,-841008.0566800344,221798.478812054,-619209.5778679803,309.5174463706023,766.7361879010672,1.022044910458286,105
43225000,86449.99994060998,78.89999993998934,-842518.2742572646,222606.32141901093,-619911.9528382537,310.64478223924255,763.7429706627863,1.0260504497061644,105
43250000,86499.99994043827,78.94999993981763,-841878.6825211477,222090.8353879072,-619787.8471332404,309.9254268999205,763.4845154776262,1.026397788851342,105
43275000,86549.99994026656,78.99999993964592,-842159.8983773766,221537.61292560463,-620622.2854517719,309.1534107674211,766.0629114933777,1.0229431640031146,105
43300000,86599.99994009484,79.0499999394742,-841699.6276174681,222375.3655450633,-619324.2620724048,310.32248574419253,766.5688605306512,1.0222680033806826,105
43325000,86649.99993992313,79.09999993930249,-842944.3733606981,222622.5222550726,-620321.8511056255,310.667390335717,765.338444807508,1.023911478412101,105
43350000,86699.99993975142,79.14999993913078,-843208.3106036359,222186.20072202955,-621022.1098816063,310.0585082215235,763.8073529879964,1.0259639625658186,105
43375000,86749.9999395797,79.19999993895907,-843330.7198659717,220726.39911199184,-622604.3207539798,308.0213704153195,764.0368366289172,1.02565580733783,105
43400000,86799.999939408,79.24999993878735,-842422.7297921646,222806.9499088796,-619615.779883285,310.92475718851153,766.0623148762315,1.0229439606816868,105
43425000,86849.99993923628,79.29999993861564,-843217.48079497,221740.8870821994,-621476.5937127706,309.43707771680386,763.7219352762863,1.0260787104733116,105
43450000,86899.99993906457,79.34999993844393,-841927.7234963411,221381.24678139228,-620546.4767149489,308.9352034563762,764.7305598342465,1.0247253865182602,105
43475000,86949.99993889286,79.39999993827222,-841705.6973117436,224063.12372624056,-617642.573585503,312.67773454989657,765.10588045143,1.024222710255617,105
43500000,86999.99993872114,79.4499999381005,-842545.9082197943,222594.7834363728,-619951.1247834214,310.6286811057201,765.7195058956169,1.023401927827211,105
43525000,87049.99993854943,79.49999993792879,-841659.29296241,222281.8272292174,-619377.4657331926,310.1919540073948,765.3758559953257,1.0238614301327784,105
43550000,87099.99993837772,79.54999993775708,-843198.0926448745,221493.7317085876,-621704.3609362869,309.092174990208,764.960777945434,1.0244169911733332,105
43575000,87149.999938206,79.59999993758537,-843314.7613043552,221607.55792642385,-621707.2033779314,309.2510182810339,764.0549429924149,1.025631501629135,105
43600000,87199.99993803429,79.64999993741365,-842774.0160851898,223271.0643915669,-619502.9516936229,311.5724240718661,763.1551916596044,1.0268407095604295,105
43625000,87249.99993786258,79.69999993724194,-842854.7586829308,222821.42524619357,-620033.3334367373,310.94495736961625,765.5737294163321,1.0235967985812604,105
43650000,87299.99993769087,79.74999993707023,-843368.1096744086,221572.34691018975,-621795.7627642187,309.201881677901,764.7484428746757,1.024701424121623,105
43675000,87349.99993751915,79.79999993689852,-842788.1497321301,222359.76761549845,-620428.3821166316,310.3007189973985,765.3256128769923,1.0239286459558554,105
43700000,87399.99993734744,79.8499999367268,-841703.0144757023,222549.3254133324,-619153.6890623699,310.5652449122716,767.8268086928999,1.020593198409536,105
43725000,87449.99993717573,79.89999993655509,-842519.2153547858,224000.45561434625,-618518.7597404396,312.59028185830783,763.8416328182016,1.0259179191598005,105
43750000,87499.99993700402,79.94999993638338,-843219.1163173192,221144.4942398085,-622074.6220775107,308.6048177725553,766.9559336349037,1.0217520774557456,105
43775000,87549.9999368323,79.99999993621167,-841645.0468500624,221549.69581376435,-620095.3510362981,309.17027231087263,764.787411860886,1.024649211473968,105
43800000,87599.99993666059,80.04999993603995,-842499.2897187602,220974.0955246605,-621525.1941940997,308.3670281562336,765.7281569269445,1.0233903656532746,105
43825000,87649.99993648888,80.09999993586824,-842945.0105506615,222368.6066406881,-620576.4039099733,310.3130537641641,764.1414564433536,1.0255153831803203,105
43850000,87699.99993631717,80.14999993569653,-840263.8405413148,222267.03825904275,-617996.802282272,310.1713161549287,765.5437235922536,1.0236369189094914,105
43875000,87749.99993614545,80.19999993552481,-842030.7440420031,222878.8970266276,-619151.8470153755,311.0251586352589,764.2888842946301,1.0253175659249605,105
43900000,87799.99993597374,80.2499999353531,-842866.8763842685,222070.1403266965,-620796.7360575721,309.896547159479,767.7611726118814,1.02068044915918,105
43925000,87849.99993580203,80.29999993518139,-842540.9676025081,222047.5456723828,-620493.4219301253,309.8650165568245,766.8944598397109,1.021833980483133,105
43950000,87899.99993563032,80.34999993500968,-843192.2143293186,222463.51747865812,-620728.6968506605,310.4455008411627,766.2378855571526,1.0227095700686588,105
43975000,87949.9999354586,80.39999993483796,-842354.9089494376,222683.2344311423,-619671.6745182952,310.7521135394168,764.9701919616313,1.024404384305446,105
44000000,87999.99993528689,80.44999993466625,-841240.8029890298,223543.58859968407,-617697.2143893457,311.952728740421,764.2904227657797,1.025315502021701,105
44025000,88049.99993511518,80.49999993449454,-842495.9373412956,221848.6596354943,-620647.2777058014,309.58747318237846,764.7208085235083,1.0247384532683133,105
44050000,88099.99993494347,80.54999993432283,-842510.9189430284,222034.5831227579,-620476.3358202705,309.8469274550424,764.6117461283308,1.0248846195163597,105
44075000,88149.99993477175,80.59999993415111,-841095.893462453,222010.419683264,-619085.473779189,309.8132076291547,766.9347720675227,1.0217802700429397,105
44100000,88199.99993460004,80.6499999339794,-842604.7902316423,221976.59958770013,-620628.1906439422,309.7660120412003,763.7046732183761,1.0261019029857337,105
44125000,88249.99993442833,80.69999993380769,-842686.7815940846,222119.00510441515,-620567.7764896695,309.96473744328057,765.101032732794,1.0242291997822384,105
44150000,88299.99993425662,80.74999993363598,-841711.2614521002,220784.00941284583,-620927.2520392544,308.10176498475244,765.9945715172119,1.0230344282418526,105
44175000,88349.9999340849,80.79999993346426,-842954.2162098619,222150.91842298087,-620803.297786881,310.0092721439718,765.7529941034807,1.0233571720159362,105
44200000,88399.99993391319,80.84999993329255,-841719.0274205054,222230.1679547579,-619488.8594657475,310.1198640327579,764.653900922892,1.024828118397968,105
44225000,88449.99993374148,80.89999993312084,-842751.6687494195,222998.99083548295,-619752.6779139366,311.1927482834878,762.8502208700814,1.027251217958201,105
44250000,88499.99993356976,80.94999993294913,-842186.5313884518,222447.2183236281,-619739.3130648237,310.422755541601,766.1314070342613,1.0228517083537727,105
44275000,88549.99993339805,80.99999993277741,-841562.9091304285,221631.24948716923,-619931.6596432592,309.2840796050868,765.9946604546684,1.0230343094602414,105
44300000,88599.99993322634,81.0499999326057,-843246.7932559722,223073.09714489628,-620173.6961110759,311.2961628595138,761.4654974365349,1.029119272175279,105
44325000,88649.99993305463,81.09999993243399,-841916.7408852316,221666.3027466101,-620250.4381386215,309.3329960602727,765.8256632361703,1.0232600657400666,105
44350000,88699.99993288291,81.14999993226228,-842341.2333020596,223463.0560890007,-618878.1772130589,311.84034646805355,763.867717677777,1.0258828857053974,105
44375000,88749.9999327112,81.19999993209056,-842241.0674525565,222341.40593775644,-619899.6615148,310.2750954690668,766.1322456406482,1.0228505887429218,105
44400000,88799.99993253949,81.24999993191885,-840803.6953693368,222105.67984463976,-618698.015524697,309.946142183295,766.1764690060029,1.0227915502614242,105
44425000,88849.99993236778,81.29999993174714,-842334.7027118877,222576.8557941233,-619757.8469177643,310.603663269357,764.7526000818987,1.0246958538284832,105
44450000,88899.99993219606,81.34999993157543,-842852.2612151285,222637.0362054311,-620215.2250096974,310.6876444009197,765.7262149099897,1.023392961152035,105
44475000,88949.99993202435,81.39999993140371,-842053.6134431241,222192.36189481732,-619861.2515483068,310.06710607340307,765.9201689829372,1.023133807207434,105
44500000,88999.99993185264,81.449999931232,-842996.2559331073,222231.9477650425,-620764.3081680648,310.1223477393066,766.8101596334177,1.0219463170429317,105
44525000,89049.99993168093,81.49999993106029,-842275.3508634944,222249.07977062868,-620026.2710928657,310.1462552730671,766.394763559341,1.022500225430882,105
44550000,89099.99993150921,81.54999993088857,-841080.2301567215,223978.64355777967,-617101.5865989418,312.5598433625853,766.7106451125742,1.0220789596490003,105
44575000,89149.9999313375,81.59999993071686,-841583.0636745496,222789.94660789293,-618793.1170666567,310.90102926066703,767.8898558866623,1.0205094031404107,105
44600000,89199.99993116579,81.64999993054515,-840834.2248110217,221650.1409989436,-619184.0838120781,309.31044251124285,767.2391935005171,1.0213748530404627,105
44625000,89249.99993099408,81.69999993037344,-840984.6221729945,223409.9604417592,-617574.6617312353,311.76625205029376,767.226032055065,1.0213923743038882,105
44650000,89299.99993082236,81.74999993020172,-841199.8885116512,223671.39710398615,-617528.491407665,312.1310841650745,766.4460149380981,1.02243185199647,105
44675000,89349.99993065065,81.79999993003001,-839384.4484531581,222046.61745397825,-617337.83099918,309.8637212377953,766.8858943340816,1.0218453935561551,105
44700000,89399.99993047894,81.8499999298583,-841658.1202170271,221814.0288632924,-619844.0913537347,309.5391463036948,766.7565244723369,1.0220178029104543,105
44725000,89449.99993030723,81.89999992968659,-841757.7586481748,222726.5508074278,-619031.207840747,310.8125610873248,766.0151648505956,1.0230069252758405,105
44750000,89499.99993013551,81.94999992951487,-842309.7624436198,222093.75263947097,-620216.0098041488,309.9294978938213,763.8419911906644,1.0259174378289289,105
44775000,89549.9999299638,81.99999992934316,-841858.5664781183,221807.8993759933,-620050.667102125,309.5305926685817,763.0480709697422,1.026984862844307,105
44800000,89599.99992979209,82.04999992917145,-842189.9524190701,222286.81296344212,-619903.1394556279,310.19891154711183,764.5838120617706,1.0249220636718943,105
44825000,89649.99992962038,82.09999992899974,-840872.1317521348,222575.61008364413,-618296.5216684906,310.6019248934741,767.0906666843923,1.0215726152628186,105
44850000,89699.99992944866,82.14999992882802,-841374.5166167486,222498.13024614885,-618876.3863705997,310.4938025944611,763.5580866137145,1.026298892313242,105
44875000,89749.99992927695,82.19999992865631,-842449.1621070686,223274.01663132483,-619175.1454757438,311.5765438914241,765.0499091967058,1.0242976426613606,105
44900000,89799.99992910524,82.2499999284846,-843355.4471408292,222063.30164036396,-621292.1455004653,309.8870038445676,763.7783016116251,1.0260029865406513,105
44925000,89849.99992893352,82.29999992831289,-843767.4803107674,222643.35337542792,-621124.1269353395,310.6964599452651,764.4878356652047,1.025050735865019,105
44950000,89899.99992876181,82.34999992814117,-842210.8792141471,223080.9221154046,-619129.9570987425,311.3070825236279,762.9718458396718,1.027087464342878,105
44975000,89949.9999285901,82.39999992796946,-841888.2848641467,222967.3331421429,-618920.9517220039,311.1485703051126,768.3302494880732,1.019924464812625,105
45000000,89999.99992841839,82.44999992779775,-842920.2166879452,222407.60818647032,-620512.6085014748,310.36748001144804,764.0226232797694,1.025674887930015,105
45025000,90049.99992824667,82.49999992762604,-842650.9708872414,222496.78004640032,-620154.190840841,310.49191840490084,767.1395229393858,1.0215075551131416,105
45050000,90099.99992807496,82.54999992745432,-843037.347967749,224168.087409184,-618869.2605585649,312.8242102664133,766.0748263916264,1.0229272539858507,105
45075000,90149.99992790323,82.5999999272826,-841440.6812198148,221647.78065464372,-619792.900565171,309.30714867557657,764.4126522774612,1.0251515541687213,105
45100000,90199.99992773154,82.6499999271109,-842362.2854698668,221128.86897317469,-621233.4164966921,308.58301287716887,762.8638856317704,1.0272328173714744,105
45125000,90249.99992755982,82.69999992693919,-841439.5928519904,222507.567484549,-618932.0253674414,310.5069721614755,765.8122864868201,1.0232779394326947,105
45150000,90299.99992738813,82.74999992676749,-843816.3931579241,222548.7735795653,-621267.6195783587,310.56447483404867,762.9446779771235,1.027124038123208,105
45175000,90349.9999272164,82.79999992659576,-841096.6196235265,223048.531183254,-618048.0884402725,311.2618813181981,765.9225818663558,1.0231305840323288,105
45200000,90399.99992704469,82.84999992642405,-842232.1509047691,223364.4625745233,-618867.6883302458,311.70276025468905,763.0973747448245,1.0269185092800486,105
45225000,90449.99992687296,82.89999992625232,-840533.4815219287,220867.9961876964,-619665.4853342322,308.2189676464654,767.1255145700424,1.0215262087165575,105
45250000,90499.99992670126,82.94999992608062,-842853.4375452935,222491.62708546955,-620361.8104598239,310.4847275020728,764.6988340787515,1.024767900231651,105
45275000,90549.99992652956,82.99999992590892,-841470.1032866933,221831.45673190584,-619638.6465547875,309.5634667112007,766.1396936925041,1.0228406450677818,105
45300000,90599.99992635784,83.0499999257372,-842247.2427206216,223273.2545010002,-618973.9882196215,311.5754803465651,765.2686050074977,1.024004922429551,105
45325000,90649.99992618612,83.09999992556548,-841116.3948984346,221519.96711536197,-619596.4277830727,309.1287862246618,764.8736940300104,1.024533625126513,105
45350000,90699.9999260144,83.14999992539376,-841120.4070778037,222073.5713258221,-619046.8357519817,309.90133508270344,766.2936809133961,1.022635104565136,105
45375000,90749.9999258427,83.19999992522206,-841549.2033622838,221193.9807151522,-620355.2226471315,308.6738756288593,765.4615965838202,1.023746745762004,105
45400000,90799.999925671,83.24999992505036,-842265.0059683477,222077.84988264943,-620187.1560856982,309.907305763794,765.4641685697903,1.0237433059376788,105
45425000,90849.99992549929,83.29999992487865,-842299.0017986465,222671.8625571971,-619627.1392414494,310.73624420882976,763.3634058415088,1.0265606295924208,105
45450000,90899.99992532756,83.34999992470692,-842988.4693673253,222511.4899967813,-620476.979370544,310.51244598607525,764.835240431925,1.0245851355723747,105
45475000,90949.99992515583,83.3999999245352,-842051.5171245416,223358.811666318,-618692.7054582236,311.6948744716723,763.607580772024,1.0262323714966235,105
45500000,90999.99992498412,83.44999992436348,-842272.1789145344,222151.20829676255,-620120.9706177718,310.009676659788,763.8434331055103,1.0259155011943777,105
45525000,91049.99992481242,83.49999992419178,-843262.9891589549,221871.36841334208,-621391.6207456129,309.6191630432255,766.5730492124713,1.0222624175393784,105
45550000,91099.99992464072,83.54999992402009,-843348.5845554601,223993.34287565004,-619355.2416798101,312.5803561062029,764.6429506946632,1.024842794661944,105
45575000,91149.999924469,83.59999992384836,-838925.5086154565,223149.80932897612,-615775.6992864804,311.40321390625263,767.11944600249,1.021534289858075,105
45600000,91199.99992429728,83.64999992367665,-843148.1301394268,222684.01591779036,-620464.1142216364,310.75320409582173,763.5943202745492,1.026250192938467,105
45625000,91249.99992412556,83.69999992350492,-842402.7750303606,220747.98633216537,-621654.7886981952,308.05149515421823,766.2922791637438,1.0226369752330795,105
45650000,91299.99992395386,83.74999992333322,-842868.6097081569,223042.19763186868,-619826.4120762883,311.2530429137972,764.7102972910368,1.0247525386862066,105
45675000,91349.99992378216,83.79999992316152,-841115.0048096078,223172.8919912817,-617942.112818326,311.4354255189315,766.3520719163552,1.0225571864755203,105
45700000,91399.99992361043,83.8499999229898,-841351.0015893518,223176.67358240596,-618174.3280069459,311.44070268960576,767.7290421541057,1.0207231659619491,105
45725000,91449.99992343872,83.89999992281808,-840120.2021354726,222513.4738342688,-617606.7283012038,310.51521441044144,767.7175612656189,1.0207384304412783,105
45750000,91499.999923267,83.94999992264636,-842063.5734674623,222128.6523896369,-619934.9210778254,309.9782001284272,765.5279302558076,1.0236580372013524,105
45775000,91549.9999230953,83.99999992247466,-840681.8925184789,221466.8453529293,-619215.0471655496,309.0546553634272,766.4436951469946,1.0224349465855822,105
45800000,91599.99992292358,84.04999992230294,-842695.0312043866,223117.53083653376,-619577.5003678529,311.35816960925393,766.7659077440011,1.0220052960024222,105
45825000,91649.99992275189,84.09999992213125,-840922.4372496195,221279.68901710183,-619642.7482325176,308.79348066354805,765.933546925221,1.0231159369560574,105
45850000,91699.99992258016,84.14999992195952,-843454.063975716,224027.36539499337,-619426.6985807227,312.6278341744144,766.2833684435517,1.022648866959195,105
45875000,91749.99992240845,84.1999999217878,-841714.0179792154,222125.012708434,-619589.0052707813,309.9731209915568,764.9515332156548,1.0244293716417072,105
45900000,91799.99992223672,84.24999992161608,-844275.9619599064,222684.63705012613,-621591.3249097803,310.75407087946905,764.7471232936076,1.0247031922572043,105
45925000,91849.99992206502,84.29999992144438,-842737.8132724846,222879.839811362,-619857.9734611226,311.02647428144826,765.1912638578709,1.0241084229811976,105
45950000,91899.99992189332,84.34999992127268,-841812.4052472217,222589.7159456949,-619222.6893015269,310.6216094757318,764.7467509461754,1.0247036911747898,105
45975000,91949.9999217216,84.39999992110096,-840565.8293207977,221930.81343159796,-618635.0158891998,309.7021179415122,767.7838659256449,1.0206502810054676,105
46000000,91999.99992154988,84.44999992092924,-841897.7272292543,223201.6893987998,-618696.0378304545,311.4756119984999,766.4904717756672,1.022372550428553,105
46025000,92049.99992137816,84.49999992075752,-842491.4079884803,221836.8036524312,-620654.6043360491,309.5709282826048,764.8992333111539,1.024499416892077,105
46050000,92099.99992120646,84.54999992058582,-842172.3501329133,220402.2572202656,-621770.0929126478,307.5690338117225,767.4615888306377,1.0210788786217757,105
46075000,92149.99992103476,84.59999992041412,-842483.8690215088,221974.23624811744,-620509.6327733914,309.7627140256483,766.6187355265234,1.022201496249972,105
46100000,92199.99992086305,84.64999992024241,-842225.059042336,222144.85370904487,-620080.2053332911,310.0008088994064,765.6997975146297,1.0234282692147392,105
46125000,92249.99992069132,84.69999992007068,-841314.2220599917,222411.94293773896,-618902.2791222527,310.37352911129085,765.9628108734818,1.0230768483587798,105
46150000,92299.9999205196,84.74999991989897,-840215.2976805908,223201.5273799397,-617013.7703006511,311.47538590288326,766.5558320672247,1.0222853779550278,105
46175000,92349.9999203479,84.79999991972726,-841321.6312551047,222477.21533022143,-618844.4159248832,310.4646160490728,765.8497424749021,1.023227893210599,105
46200000,92399.99992017618,84.84999991955554,-843429.2395252208,222124.24651614123,-621304.9930090796,309.9720517782639,763.8380791201523,1.0259226921641946,105
46225000,92449.99992000448,84.89999991938384,-843394.0293382341,221925.71707161196,-621468.3122666222,309.6950060247078,767.2716106187764,1.021331700095743,105
46250000,92499.99991983276,84.94999991921212,-843324.7046617628,223222.2409703856,-620102.4636913772,311.50429150067777,764.2614809845211,1.0253543296451244,105
46275000,92549.99991966104,84.9999999190404,-842775.9437094182,222307.6347960455,-620468.3089133727,310.2279681956996,766.0755275448294,1.0229263177482413,105
46300000,92599.99991948932,85.04999991886868,-842955.7258202857,222902.7491441476,-620052.9766761381,311.0584440146034,764.731529471545,1.0247240872231258,105
46325000,92649.99991931762,85.09999991869698,-844120.145522844,222789.63974741244,-621330.5057754316,310.9006010400912,764.2135382488784,1.0254186549797408,105
46350000,92699.9999191459,85.14999991852527,-842744.2977171768,222628.2985814621,-620115.9991357147,310.67545113849195,766.0444704357757,1.0229677894061284,105
46375000,92749.9999189742,85.19999991835356,-843176.2814935991,222939.40539543983,-620236.8760981592,311.1095974280726,765.9181742712963,1.0231364717961382,105
46400000,92799.99991880248,85.24999991818184,-844327.5278488412,223177.080158214,-621150.4476906272,311.4412700618733,764.4407561417173,1.0251138655448628,105
46425000,92849.99991863075,85.29999991801012,-843474.9824684015,223252.6445285445,-620222.337939857,311.546719346587,764.314266857126,1.0252835155502338,105
46450000,92899.99991845906,85.34999991783842,-842519.7045808714,221303.47710817883,-621216.2274726925,308.8266766946643,763.3685749848864,1.0265536782464335,105
46475000,92949.99991828734,85.3999999176667,-840099.7648054804,222129.4633520829,-617970.3014533974,309.97933181799846,766.6436054677571,1.0221683360032037,105
46500000,92999.99991811565,85.449999917495,-842386.150610989,221212.0658853461,-621174.0847256429,308.69911329381347,762.6100706686723,1.0275747051456623,105
46525000,93049.99991794392,85.49999991732328,-843036.507381341,221860.376731142,-621176.130650199,309.60382426622346,764.0184664532051,1.0256804683613894,105
46550000,93099.9999177722,85.54999991715157,-844047.1755479653,222402.25477733515,-621644.9207706302,310.36000938525723,765.7018175001024,1.023425569325319,105
46575000,93149.9999176005,85.59999991697985,-842830.5135888574,223059.73310886847,-619770.7804799889,311.2775134876755,765.3673919641171,1.0238727527932274,105
46600000,93199.99991742878,85.64999991680814,-843608.3140386934,221315.9347920445,-622292.3792466489,308.8440612615849,764.2120328230216,1.025420674958086,105
46625000,93249.99991725708,85.69999991663644,-842363.9016544977,220756.48238467547,-621607.4192698223,308.0633513062137,764.5044900239511,1.025028405632939,105
46650000,93299.99991708536,85.74999991646472,-843955.1126260757,221990.79185342207,-621964.3207726537,309.7858171988732,764.5863722264336,1.0249186317911478,105
46675000,93349.99991691364,85.799999916293,-840487.9853609768,221807.4543217029,-618680.5310392738,309.5299715999965,765.9652253371455,1.023073623431859,105
46700000,93399.99991674192,85.84999991612128,-842307.6467729369,221298.72295914145,-621008.9238137954,308.82004232964243,766.6753805237722,1.0221259719767088,105
46725000,93449.99991657022,85.89999991594958,-844998.1704406966,222627.43473301653,-622370.7357076801,310.6742456470641,765.528419574912,1.0236573828880424,105
46750000,93499.9999163985,85.94999991577787,-842948.0165396226,222001.77845433535,-620946.2380852872,309.8011488849928,765.0116733188571,1.024348837853423,105
46775000,93549.9999162268,85.99999991560617,-842616.3553596567,222630.1035277593,-619986.2518318974,310.67796992208207,764.4944890578605,1.0250418148523297,105
46800000,93599.99991605508,86.04999991543444,-840747.2974895532,222183.71599175717,-618563.5814977961,310.05504080653964,765.1453682257876,1.024169851966259,105
46825000,93649.99991588337,86.09999991526273,-842407.3479003231,221989.54619376545,-620417.8017065576,309.7840788939126,765.9420913819962,1.0231045235998808,105
46850000,93699.99991571164,86.149999915091,-843449.385626189,221981.93776598852,-621467.4478602004,309.7734614129045,763.6396984260809,1.0261892095494938,105
46875000,93749.99991553994,86.1999999149193,-843244.8686204874,221855.39069016225,-621389.4779303251,309.59686629843304,765.1917924539828,1.0241077155249287,105
46900000,93799.99991536824,86.2499999147476,-841815.2425774867,222577.28283874525,-619237.9597387414,310.6042592056392,764.8296411126985,1.02459263656206,105
46925000,93849.99991519652,86.29999991457588,-843125.5406956188,222046.11023502745,-621079.4304605913,309.86301341907966,764.4351162087746,1.0251214287419712,105
46950000,93899.9999150248,86.34999991440417,-842523.2491030158,221752.5232347847,-620770.725868231,309.4533158454559,765.4571844655421,1.0237526466690967,105
46975000,93949.99991485308,86.39999991423244,-841272.4496168671,222112.53014920696,-619159.9194676601,309.95570171133085,765.8458398130599,1.0232331074616232,105
47000000,93999.99991468138,86.44999991406074,-840634.7914103661,222708.12711660928,-617926.6642937568,310.78685102039645,766.5373886732316,1.0223099748139388,105
47025000,94049.99991450968,86.49999991388904,-840430.4252336686,223199.59559236956,-617230.8296412991,311.47269011362965,765.2724015640977,1.0239998422873189,105
47050000,94099.99991433795,86.54999991371731,-843324.1237629298,221867.44757155172,-621456.676191378,309.61369154971004,764.409865687707,1.025155291269648,105
47075000,94149.99991416624,86.5999999135456,-842244.2141392548,223573.3893387055,-618670.8248005493,311.99431535855865,764.1578528493839,1.0254933788698886,105
47100000,94199.99991399451,86.64999991337388,-842654.3359533818,221898.1790540261,-620756.1568993557,309.6565770105554,763.369053819027,1.0265530343259788,105
47125000,94249.99991382282,86.69999991320218,-841745.9870413761,223003.31678977283,-618742.6702516032,311.1987851072392,766.8951788629626,1.021833022435134,105
47150000,94299.9999136511,86.74999991303046,-840507.5619238443,223057.04582536072,-617450.5160984836,311.27376341178024,767.9819712628378,1.0203869984342089,105
47175000,94349.9999134794,86.79999991285877,-841207.1753415037,220210.21725609837,-620996.9580854054,307.30104405981564,765.6502213846017,1.0234945365670258,105
47200000,94399.99991330768,86.84999991268704,-843713.3536676294,221483.01877572437,-622230.3348919051,309.0772252049762,765.2975297669274,1.0239662197095192,105
47225000,94449.99991313597,86.89999991251533,-843962.9284641328,221444.0743125204,-622518.8541516124,309.02287861583045,765.396827361899,1.0238333770071266,105
47250000,94499.99991296424,86.9499999123436,-840086.6128565865,221856.41855926116,-618230.1942973253,309.59830067895894,764.9840220642925,1.0243858641567984,105
47275000,94549.99991279254,86.9999999121719,-839751.0819704547,221663.07364368564,-618088.008326769,309.32848988107526,767.7713531004321,1.020666915148586,105
47300000,94599.99991262084,87.0499999120002,-842720.6030013729,222148.7054859241,-620571.8975154489,310.0061840135641,764.7161614907088,1.0247446804064897,105
47325000,94649.99991244912,87.09999991182848,-841108.1153918905,221506.8967951464,-619601.2185967441,309.1105467301529,765.7903486633875,1.023307253579572,105
47350000,94699.9999122774,87.14999991165676,-842381.8823464178,222696.429338158,-619685.4530082598,310.770526893496,767.29269808477,1.0213036308888448,105
47375000,94749.99991210568,87.19999991148504,-843242.5446587051,222809.99309849096,-620432.5515602141,310.92900392763426,769.2655587203532,1.018684392697926,105
47400000,94799.99991193398,87.24999991131334,-841655.1292867581,221405.2839831564,-620249.8453036017,308.96874711883856,767.5353886930687,1.0209807001118545,105
47425000,94849.99991176226,87.29999991114163,-842324.9126676186,222290.2416372982,-620034.6710303205,310.20369622544706,764.3040350587947,1.0252972411014312,105
47450000,94899.99991159057,87.34999991096993,-843685.6251628394,222678.7937852736,-621006.8313775659,310.74591666477244,765.6184386183564,1.0235370244251656,105
47475000,94949.99991141884,87.3999999107982,-841786.9701025235,222019.0257149916,-619767.9443875318,309.82521725599247,764.5704237164878,1.0249400110186015,105
47500000,94999.99991124713,87.44999991062649,-841165.9500485933,221807.0146324912,-619358.9354161022,309.5293580183221,765.1752108001609,1.024129908350017,105
47525000,95049.9999110754,87.49999991045476,-841673.9347683578,222857.6209245508,-618816.313843807,310.9954680583947,764.0588292336382,1.0256262849478155,105
47550000,95099.9999109037,87.54999991028306,-843127.3554198523,223021.6344086413,-620105.7210112109,311.224347151876,764.6990225836842,1.0247676476174872,105
47575000,95149.999910732,87.59999991011136,-844779.7681484772,222031.8973533306,-622747.8707951466,309.8431794920305,762.9790137886185,1.0270778151777304,105
47600000,95199.99991056028,87.64999990993964,-843558.5575529011,222689.5388930838,-620869.0186598173,310.76091134980453,766.4202484957083,1.022466225346422,105
47625000,95249.99991038856,87.69999990976793,-843134.9113810998,222151.8109954534,-620983.1003856465,310.0105177194775,765.5954876367143,1.0235677079647592,105
47650000,95299.99991021684,87.7499999095962,-841812.0391887208,223455.0049482738,-618357.034240447,311.8291111857761,765.441324369236,1.023773859027318,105
47675000,95349.99991004514,87.7999999094245,-839469.2362203207,222825.9961771893,-616643.2400431314,310.9513360557864,767.7841313503237,1.0206499281643997,105
47700000,95399.99990987344,87.8499999092528,-842420.2120884592,221765.4489094912,-620654.763178968,309.4713534886768,765.0185741507536,1.024339597739036,105
47725000,95449.99990970171,87.89999990908107,-841354.0696819825,222377.3092350459,-618976.7604469366,310.3251981431375,763.6415590672166,1.026186709201217,105
47750000,95499.99990953,87.94999990890936,-841867.4880717504,221429.9872943038,-620437.5007774465,309.00322032994524,766.1082570377778,1.0228826165357876,105
47775000,95549.99990935827,87.99999990873764,-841940.5288899327,221985.63187682888,-619954.8970131038,309.778616505762,766.5095246161254,1.0223471376965954,105
47800000,95599.99990918658,88.04999990856594,-841445.718693791,221550.08178432024,-619895.6369094707,309.1708109287273,766.569483980704,1.0222671719713272,105
47825000,95649.99990901486,88.09999990839422,-843859.6020871722,220918.64921587124,-622940.952871301,308.28965341498633,766.7256942729205,1.0220588984585834,105
47850000,95699.99990884317,88.14999990822253,-841906.2769316272,221666.3169408973,-620239.9599907298,309.3330158682513,766.6385264448331,1.0221751079253436,105
47875000,95749.99990867144,88.1999999080508,-843719.9192296676,223165.05534445317,-620554.8638852146,311.4244895606351,764.3540379131748,1.025230167747854,105
47900000,95799.99990849973,88.24999990787909,-843126.5904443604,222977.043223391,-620149.5472209693,311.16212062145416,764.1529684217722,1.0254999337723525,105
47925000,95849.999908328,88.29999990770736,-842632.1611385918,223445.43535376425,-619186.7257848276,311.81575691720195,766.9634355538856,1.0217420833661328,105
47950000,95899.9999081563,88.34999990753566,-843371.8450824525,222632.7924029375,-620739.052679515,310.6817222191367,765.8531167436215,1.0232233849755372,105
47975000,95949.9999079846,88.39999990736396,-841345.8809574912,222019.96472482185,-619325.9162326694,309.8265276343428,767.2039584886874,1.021421761238252,105
48000000,95999.99990781287,88.44999990719224,-841970.119885819,222865.5269365945,-619104.5929492245,311.0065008151198,768.1052059576346,1.0202232876829325,105
48025000,96049.99990764116,88.49999990702052,-841849.8043230996,221337.7945715317,-620512.0097515678,308.8745663541416,766.1338913345379,1.0228483916087354,105
48050000,96099.99990746944,88.5499999068488,-841110.2141469698,222257.11227978452,-618853.1018671853,310.15746455518297,766.4180696655053,1.0224691320893364,105
48075000,96149.99990729774,88.5999999066771,-841125.4163974496,222213.252480044,-618912.1639174055,310.0962586655541,763.8069814264807,1.0259644616562096,105
48100000,96199.99990712602,88.64999990650539,-842209.3910056641,221428.5286560908,-620780.8623495733,309.0011848156474,764.3705377586862,1.0252080369375391,105
48125000,96249.99990695433,88.69999990633369,-842472.6967160357,222020.37135302933,-620452.3253630064,309.8270950797332,767.650366359099,1.0208277789603706,105
48150000,96299.9999067826,88.74999990616196,-842029.0270878659,223143.5524104179,-618885.4746774479,311.39448244215663,766.0656200886237,1.022939547160225,105
48175000,96349.99990661089,88.79999990599025,-843534.4978617169,222376.8256678408,-621157.6721938761,310.32452333018443,764.8878158376216,1.024514709585638,105
48200000,96399.99990643916,88.84999990581852,-842087.0162964459,222531.7230515273,-619555.2932449186,310.5406810013503,764.5695118237588,1.0249412334520482,105
48225000,96449.99990626746,88.89999990564682,-841226.0023983927,221464.15798899205,-619761.8444094006,309.05090517529345,764.8275592060655,1.0245954255648624,105
48250000,96499.99990609576,88.94999990547512,-841816.3265811545,222141.8432854124,-619674.4832957421,309.9966078848629,764.3194982714263,1.0252764979576472,105
48275000,96549.99990592404,88.9999999053034,-841526.6899895752,223158.5256687516,-618368.1643208235,311.41537746681195,764.7509025545537,1.0246981283589562,105
48300000,96599.99990575232,89.04999990513168,-842567.179469394,222852.19283979235,-619714.9866296017,310.9878932231563,765.2229530624969,1.0240660128819643,105
48325000,96649.9999055806,89.09999990495996,-843957.0351351462,222151.80190105163,-621805.2332340946,310.0105050283354,765.7327577362369,1.0233842167405416,105
48350000,96699.9999054089,89.14999990478826,-843391.8871416668,221797.4297212452,-621594.4574204216,309.5159823754031,764.3351663020824,1.0252554809165515,105
48375000,96749.9999052372,89.19999990461656,-842662.4508267511,222259.89516997387,-620402.5556567772,310.16134804919767,764.8924345945451,1.0245085231152349,105
48400000,96799.99990506547,89.24999990444483,-842544.8615651331,222551.2058441343,-619993.6557209988,310.5678690336947,764.2075383060245,1.025426705742162,105
48425000,96849.99990489376,89.29999990427312,-843028.9831303814,221810.1283222679,-621218.8548081135,309.53370313968463,765.1927402482359,1.0241064470296122,105
48450000,96899.99990472203,89.3499999041014,-839665.5741864885,221205.49594774627,-618460.0782387422,308.6899450149344,767.3529087395872,1.0212234938884075,105
48475000,96949.99990455034,89.3999999039297,-842672.6319992193,222428.1524464773,-620244.479552742,310.3961493103945,766.4541277592222,1.022421029683136,105
48500000,96999.99990437862,89.44999990375798,-841666.8240527613,222523.06229591175,-619143.7617568495,310.528595007902,763.7519405024838,1.026038399317069,105
48525000,97049.99990420692,89.49999990358629,-843697.9481395059,221803.99512670163,-621893.9530128043,309.5251443297238,764.1446840899198,1.0255110515383237,105
48550000,97099.9999040352,89.54999990341456,-841974.63148701,223465.9609031019,-618508.6705839082,311.844400105606,763.5886042674211,1.0262578751555476,105
48575000,97149.99990386349,89.59999990324285,-841767.1955963965,222449.5489567274,-619317.6466396691,310.4260079155992,764.9649460268503,1.0244114094098216,105
48600000,97199.99990369176,89.64999990307112,-843144.5804683384,222192.36096579305,-620952.2195025454,310.0671047769593,765.9266966288087,1.023125087502008,105
48625000,97249.99990352006,89.69999990289942,-843140.8157071178,222507.23653814005,-620633.5791689777,310.5065103292396,764.6277324310872,1.024863191944323,105
48650000,97299.99990334836,89.74999990272772,-841432.7649836731,223656.92810691305,-617775.83687676,312.1108928317092,766.3354317549854,1.022579390220627,105
48675000,97349.99990317663,89.799999902556,-840655.0942528886,222121.74726737803,-618533.3469855106,309.9685641028787,765.9691345485893,1.0230684020581295,105
48700000,97399.99990300492,89.84999990238428,-843138.5987652489,222525.3366803229,-620613.262084926,310.53176888744696,765.2589029480612,1.024017904907223,105
48725000,97449.9999028332,89.89999990221256,-844280.538885585,222587.3410958032,-621693.1977897818,310.6182953976645,763.9406174395642,1.025784989852916,105
48750000,97499.9999026615,89.94999990204086,-841619.1700340267,222286.35363358835,-619332.8164004384,310.1982705571278,765.4470688971268,1.023766175808287,105
48775000,97549.99990248978,89.99999990186915,-842579.1351149236,221499.9249676169,-621079.2101473067,309.10081761810034,765.6530784929004,1.0234907172984613,105
48800000,97599.99990231809,90.04999990169745,-839697.9795036488,221935.26017654984,-617762.7193270989,309.70832332736313,765.5704459328585,1.023601188723526,105
48825000,97649.99990214636,90.09999990152572,-840533.3936324837,221391.48450711693,-619141.9091253667,308.94949009503983,763.603096661608,1.0262383978462892,105
48850000,97699.99990197465,90.14999990135401,-840902.499932915,222430.4413009929,-618472.0586319221,310.3993433828182,767.3306658191351,1.021253096501662,105
48875000,97749.99990180292,90.19999990118228,-841812.4998987946,222587.26422967116,-619225.2356691235,310.61818813178496,766.1720534275711,1.0227974447811856,105
48900000,97799.99990163122,90.24999990101058,-842473.1507239542,222961.91686815265,-619511.2338558015,311.1410119516772,764.8737318888208,1.024533574415366,105
48925000,97849.99990145952,90.29999990083888,-841080.365864832,221538.80752107903,-619541.5583437529,309.155077812852,765.5478446841533,1.02363140847426,105
48950000,97899.9999012878,90.34999990066716,-842414.1650197473,222494.3263847996,-619919.8386349478,310.4884943459218,762.1095795567184,1.028249531995488,105
48975000,97949.99990111608,90.39999990049544,-840973.7047204087,222080.63394415405,-618893.0707762546,309.91119089236685,763.0126236584614,1.0270325735256054,105
49000000,97999.99990094436,90.44999990032372,-841505.3348569167,224164.2034480912,-617341.1314088255,312.8187902395236,766.3484554164631,1.0225620120583585,105
49025000,98049.99990077266,90.49999990015202,-841585.0470875287,221780.2369153661,-619804.8101721626,309.4919899954728,765.2644148422847,1.024010529314859,105
49050000,98099.99990060096,90.54999989998032,-841785.3736540647,221077.60754119905,-620707.7661128656,308.51147808753745,766.1799300978897,1.022786929968726,105
49075000,98149.99990042923,90.5999998998086,-842599.0742721455,222521.17617966665,-620077.8980924789,310.52596295250254,764.459202022874,1.0250891302437692,105
49100000,98199.99990025752,90.64999989963688,-841986.0264440146,223298.47239707407,-618687.5540469405,311.6106716555291,767.065221797018,1.021606502603036,105
49125000,98249.9999000858,90.69999989946515,-840604.0909408536,222537.204135362,-618066.8868054916,310.54832979624257,768.8336174194809,1.0192567036008195,105
49150000,98299.9998999141,90.74999989929346,-841233.5405349834,221514.94797172505,-619718.5925632584,309.1217820624611,763.6362250631315,1.026193877122171,105
49175000,98349.99989974238,90.79999989912174,-844548.3141827751,220970.6083116296,-623577.7058711455,308.36216178709503,764.051578497285,1.0256360179894035,105
49200000,98399.99989957068,90.84999989895005,-842705.6101252525,222398.34164369217,-620307.2684815603,310.3545486483804,765.5982894052561,1.0235639621363732,105
49225000,98449.99989939896,90.89999989877832,-842219.5109537556,223106.2579413799,-619113.2530123757,311.3424384025301,764.3430655304999,1.0252448852461056,105
49250000,98499.99989922724,90.9499998986066,-842026.8769224863,222450.1423778977,-619576.7345445887,310.42683602860626,765.1996750271851,1.024097165854956,105
49275000,98549.99989905552,90.99999989843488,-841738.9848695355,222661.60133762727,-619077.3835319083,310.7219247847521,765.4352989443069,1.023781918065803,105
49300000,98599.99989888382,91.04999989826318,-842082.3725047628,221840.5955777906,-620241.7769269722,309.5762198745956,766.4874513888617,1.0223765791449475,105
49325000,98649.9998987121,91.09999989809147,-841935.7514943024,224446.4063019159,-617489.3451923865,313.21260135645343,765.2189814144729,1.024071328000715,105
49350000,98699.9998985404,91.14999989791976,-841755.0646985713,221069.67841541025,-620685.3862831611,308.5004130758239,762.4918886119137,1.0277339735837152,105
49375000,98749.99989836868,91.19999989774804,-843110.7176913638,223402.82888779987,-619707.8888035639,311.75630004168687,764.8554268255167,1.0245580942805317,105
49400000,98799.99989819695,91.24999989757632,-841650.833598176,221419.9739900715,-620230.8596081045,308.98924686911585,764.6650528888852,1.0248131721829137,105
49425000,98849.99989802526,91.29999989740462,-843184.70520039,221468.9712233763,-621715.7339770136,309.05762199329587,763.8851838172686,1.0258594290211165,105
49450000,98899.99989785354,91.3499998972329,-843245.555799495,221099.64657545663,-622145.9092240384,308.5422333282425,765.1282271457985,1.0241927963260828,105
49475000,98949.99989768185,91.3999998970612,-841159.07883215,222535.83410826777,-618623.2447238822,310.5464179378298,766.9558814695145,1.021752146951392,105
49500000,98999.99989751012,91.44999989688948,-840736.1014092793,221569.9443718925,-619166.1570373868,309.19852896095466,767.7588651271724,1.020683516794913,105
49525000,99049.9998973384,91.49999989671777,-842102.304409212,221821.58574342905,-620280.718665783,309.5496918505125,765.4884260702293,1.0237108646193682,105
49550000,99099.9998971667,91.54999989654605,-841744.1371249361,221399.87762678383,-620344.2594981522,308.96120260533434,766.4181820507945,1.0224689821574953,105
49575000,99149.99989699498,91.59999989637434,-842189.0895415936,222425.5611626503,-619763.5283789433,310.3925332010449,765.459840020728,1.023749095037113,105
49600000,99199.99989682328,91.64999989620264,-843117.6283700839,221911.5925497904,-621206.0358202935,309.6752954029361,763.8935465491116,1.0258481984152914,105
49625000,99249.99989665156,91.69999989603092,-843706.9982173108,222072.91284136375,-621634.085375947,309.9004161745617,764.1560266177202,1.0254958296632006,105
49650000,99299.99989647984,91.7499998958592,-842918.5157316886,220931.80721297849,-621986.7085187101,308.3080152616762,764.9383324509631,1.024447050519212,105
49675000,99349.99989630812,91.79999989568748,-841413.8720959765,222642.8371668872,-618771.0349290892,310.69573958167115,763.880981776398,1.0258650721819635,105
49700000,99399.99989613642,91.84999989551578,-842229.9428584529,220941.73393526964,-621288.2089231833,308.3218678983166,764.7048660344205,1.0247598169111178,105
49725000,99449.9998959647,91.89999989534407,-840332.2853155611,221220.62888539632,-619111.6564301648,308.7110628703976,767.6962218442267,1.0207668036009718,105
49750000,99499.999895793,91.94999989517235,-841315.66423502,222671.4589116753,-618644.2053233448,310.7356809257459,765.0033686921636,1.0243599578498184,105
49775000,99549.99989562128,91.99999989500064,-843325.6645388748,222514.01211681563,-620811.6524220591,310.5159655780789,764.320120568206,1.025275663194508,105
49800000,99599.99989544955,92.04999989482891,-844144.6691486952,221847.4106915904,-622297.2584571048,309.5857302942853,765.9086194090452,1.0231492356269716,105
49825000,99649.99989527786,92.09999989465722,-843796.4989551562,222791.3944500421,-621005.104505114,310.90304970917134,763.3485647205713,1.026580588116164,105
49850000,99699.99989510614,92.1499998944855,-841119.6341980463,221285.5676274158,-619834.0665706305,308.8016842024646,767.3230054629668,1.0212632918983875,105
49875000,99749.99989493444,92.1999998943138,-841689.0841441336,221769.75805242785,-619919.3260917058,309.4773668523615,767.1920090127578,1.021437670495135,105
49900000,99799.99989476272,92.24999989414208,-840394.6522383341,222388.0438401779,-618006.6083981561,310.3401781717926,765.83734763064,1.023244453842462,105
49925000,99849.999894591,92.29999989397037,-842567.9802872515,221974.1036579593,-620593.8766292923,309.7625289974759,765.6660259142039,1.0234734100586615,105
49950000,99899.99989441928,92.34999989379864,-840553.5902778017,222522.7468137553,-618030.8434640464,310.52815475586806,765.5825432109419,1.0235850143889142,105
49975000,99949.99989424758,92.39999989362694,-841865.0725106378,222772.16704698023,-619092.9054636576,310.8762180702533,766.4194722645706,1.0224672609022112,105
50000000,99999.99989407588,92.44999989345524,-842144.6567864348,222798.55516259992,-619346.1016238349,310.91304240829606,765.4649890756564,1.023742208581954,105
50025000,100049.99989390415,92.49999989328352,-842281.0850588288,222702.667031376,-619578.4180274528,310.77923152883176,765.0088067521824,1.0243526761938655,105
50050000,100099.99989373244,92.5499998931118,-841322.1531129153,221630.2731963453,-619691.87991657,309.28271720150155,767.1840019136389,1.02144833123969,105
50075000,100149.99989356071,92.59999989294008,-842152.4689590712,223234.59892372592,-618917.8700353453,311.5215368946984,763.2200250777648,1.0267534822984086,105
50100000,100199.99989338902,92.64999989276838,-841511.7186909369,221805.67997254303,-619706.0387183939,309.52749551438995,765.716997808831,1.02340527995451,105
50125000,100249.9998932173,92.69999989259667,-843430.6296231016,223165.0172216453,-620265.6124014562,311.4244363606574,765.0512001460689,1.0242959142588837,105
50150000,100299.9998930456,92.74999989242497,-842280.0444271243,221672.5070867084,-620607.5373404159,309.3416541516804,765.6132922173991,1.0235439045720698,105
50175000,100349.99989287388,92.79999989225324,-843369.9857689142,223243.13763060083,-620126.8481383134,311.5334525704116,765.0519447286209,1.0242949173685794,105
50200000,100399.99989270217,92.84999989208153,-842363.2962954789,221903.7369316267,-620459.5593638523,309.664332970341,767.6373891683509,1.0208450364272363,105
50225000,100449.99989253044,92.8999998919098,-841318.526020789,222102.6956418856,-619215.8303789034,309.9419777597117,765.2740489753746,1.0239976379150548,105
50250000,100499.99989235874,92.9499998917381,-840462.901322504,223120.63027629768,-617342.2710462064,311.3624948448735,766.0131821218769,1.0230095732005202,105
50275000,100549.99989218704,92.9999998915664,-844739.7862455365,222246.34878764127,-622493.4374578953,310.14244421500723,764.7159823439836,1.0247449204690195,105
50300000,100599.99989201532,93.04999989139468,-840881.3337695813,223573.8498265212,-617307.48394306,311.9949579644663,764.6981555590964,1.0247688095122045,105
50325000,100649.9998918436,93.09999989122296,-842173.3897490688,221739.03895813043,-620434.3507909384,309.43449867908697,766.5952362954195,1.0222328308422808,105
50350000,100699.99989167188,93.14999989105124,-842126.1876249472,222365.16921170615,-619761.018413241,310.30825686814273,766.1926241976172,1.0227699846747114,105
50375000,100749.99989150018,93.19999989087954,-842356.9065896478,222906.7699575861,-619450.1366320617,311.0640550175034,765.7353722346492,1.023380722535485,105
50400000,100799.99989132848,93.24999989070784,-842261.2334726006,222443.09330087333,-619818.1401717273,310.4169991156953,766.2731066395387,1.0226625621054244,105
50425000,100849.99989115677,93.29999989053613,-841270.2430827487,223552.07982129973,-617718.163261449,311.964578150954,764.9312441496205,1.0244565436461557,105
50450000,100899.99989098504,93.3499998903644,-842719.0062124445,222874.43286440452,-619844.57334804,311.0189289437891,762.1563376237881,1.028186449189234,105
50475000,100949.99989081331,93.39999989019267,-842494.8503295323,223122.8745869024,-619371.97574263,311.3656267567376,764.6659487452248,1.0248119715470296,105
50500000,100999.9998906416,93.44999989002096,-841915.2062547444,221712.4241757783,-620202.7820789661,309.39735803000104,765.765258869105,1.0233407815676632,105
50525000,101049.9998904699,93.49999988984926,-842085.2203207053,222177.99607598648,-619907.2242447189,310.0470587241905,763.7977905989067,1.0259768071520727,105
50550000,101099.9998902982,93.54999988967757,-842099.6813768889,222463.334511741,-619636.3468651478,310.44524551275254,762.5110037233956,1.0277082096939054,105
50575000,101149.99989012648,93.59999988950584,-839649.2335531716,221956.44610293652,-617692.7874502351,309.7378880649995,766.0478708852927,1.0229632485014963,105
50600000,101199.99988995476,93.64999988933413,-843622.6216232195,222963.13381065105,-620659.4878125684,311.1427101821452,764.9045963215694,1.0244922337726787,105
50625000,101249.99988978304,93.6999998891624,-840542.0172263784,221992.82040399688,-618549.1968223816,309.7886480198828,763.178867746754,1.0268088538957147,105
50650000,101299.99988961134,93.7499998889907,-841738.6979853367,222528.01023831143,-619210.6877470252,310.5354998095244,766.0144279135183,1.0230079094501667,105
50675000,101349.99988943964,93.799999888819,-841389.6139498684,222202.0376297844,-619187.576320084,310.0806084598702,764.9541958270028,1.024425805863148,105
50700000,101399.99988926791,93.84999988864728,-841967.6983472537,221518.05937798307,-620449.6389692706,309.12612399719734,765.0331820037964,1.0243200385843985,105
50725000,101449.9998890962,93.89999988847556,-841998.4533077157,222192.15926737155,-619806.2940403442,310.06682330893176,763.7758773367685,1.0260062431415953,105
50750000,101499.99988892447,93.94999988830384,-842757.135249923,222017.86696953615,-620739.2682803868,309.82360023888634,763.3014201264141,1.0266439939004588,105
50775000,101549.99988875278,93.99999988813214,-842467.2389461258,222367.1898067793,-620100.0491393466,310.31107658733345,766.5026348221811,1.022356327177229,105
50800000,101599.99988858106,94.04999988796042,-843415.6008337475,222801.2460302981,-620614.3548034495,310.91679748589127,766.8675886041259,1.0218697858060155,105
50825000,101649.99988840937,94.09999988778873,-842625.6672031716,221709.2326163429,-620916.4345868288,309.39290424234804,766.1254127469124,1.0228597113085804,105
50850000,101699.99988823764,94.149999887617,-840735.8358890838,222367.8456404704,-618367.9902486134,310.3119917963574,766.2536525493553,1.0226885260530605,105
50875000,101749.99988806593,94.19999988744529,-840296.5348411566,223662.0100347308,-616634.5248064258,312.11798460857443,767.1551720634777,1.02148671747941,105
50900000,101799.9998878942,94.24999988727356,-840077.2382831154,222526.6831389633,-617550.5551441521,310.53364785633016,768.1252517947784,1.0201966628195684,105
50925000,101849.9998877225,94.29999988710186,-841562.1479150569,221912.8002870677,-619649.3476279892,309.67698078761487,764.72564112851,1.0247319775390995,105
50950000,101899.9998875508,94.34999988693016,-842222.5027413489,221836.457341844,-620386.045399505,309.5704450098196,764.472307588858,1.0250715568495434,105
50975000,101949.99988737908,94.39999988675844,-841721.1239587949,222417.60498881427,-619303.5189699805,310.3814304440657,764.3455078111413,1.0252416093247971,105
51000000,101999.99988720736,94.44999988658672,-843172.6059862506,223228.5692337436,-619944.036752507,311.5131225256921,763.543416570259,1.0263186107064886,105
51025000,102049.99988703564,94.499999886415,-840947.3310760604,222947.17488324232,-618000.1561928181,311.1204396666538,763.5240825121979,1.0263445992824392,105
51050000,102099.99988686394,94.5499998862433,-842595.2424087548,222033.51780792803,-620561.7246008267,309.8454408193924,766.6802224410435,1.0221195168090231,105
51075000,102149.99988669224,94.5999998860716,-842278.3168403334,223538.0106473378,-618740.3061929956,311.9449447665387,761.5845786157616,1.028958359336526,105
51100000,102199.99988652053,94.64999988589989,-843198.6301894872,222561.51800181845,-620637.1121876688,310.5822595413757,766.3251671451784,1.022593087250148,105
51125000,102249.9998863488,94.69999988572816,-842694.8455624459,223122.41960933263,-619572.4259531132,311.36499184032016,764.3382837707495,1.0252512992578469,105
51150000,102299.99988617707,94.74999988555643,-840469.4342871537,221031.614146826,-619437.8201403277,308.4472947890202,764.1334265204966,1.025526159844617,105
51175000,102349.99988600536,94.79999988538472,-840969.8460520748,223162.8847159096,-617806.9613361652,311.4214604713131,767.0470540404137,1.0216306996821942,105
51200000,102399.99988583366,94.84999988521302,-842490.2703843475,222564.4645763908,-619925.8058079567,310.58637145522675,763.598977582169,1.0262439336806843,105
51225000,102449.99988566196,94.89999988504132,-841136.8232536195,222307.7083615024,-618829.1148921171,310.2280708555216,764.7702797801452,1.0246721652595503,105
51250000,102499.99988549024,94.9499998848696,-842172.5720667569,222872.0844346016,-619300.4876321553,311.015651734678,764.9259998721203,1.0244635672463505,105
51275000,102549.99988531852,94.99999988469789,-842238.0775228012,223563.3443098644,-618674.7332129369,311.98029762637094,766.0547242129501,1.022954096802405,105
51300000,102599.9998851468,95.04999988452616,-843846.4896997111,222512.5620014562,-621333.9276982549,310.5139419573336,764.4648974759648,1.0250814930755034,105
51325000,102649.9998849751,95.09999988435446,-841925.1424618564,222457.37609894585,-619467.7663629105,310.43693061031195,765.2010507169718,1.0240953247178977,105
51350000,102699.9998848034,95.14999988418276,-841465.690752937,222688.20236110067,-618777.4883918363,310.7590462334673,766.6824452131032,1.0221165534717016,105
51375000,102749.99988463167,95.19999988401104,-841201.7342875381,221701.32641598463,-619500.4078715534,309.38187122283193,767.6107908502232,1.0208804095113069,105
51400000,102799.99988445996,95.24999988383932,-843060.2612407114,222416.9981160718,-620643.2631246396,310.38058355953103,763.5368396901013,1.0263274511109788,105
51425000,102849.99988428823,95.2999998836676,-841466.8297064388,223339.82557042092,-618127.0041360179,311.6683795743669,766.6552452471885,1.0221528168842169,105
51450000,102899.99988411654,95.3499998834959,-841494.8082880625,223060.11156860908,-618434.6967194534,311.2780416242664,767.4715357197257,1.0210656448301845,105
51475000,102949.99988394482,95.39999988332418,-842290.3091007876,221651.6468085652,-620638.6622922225,309.31254385274576,766.7443781467296,1.022033993131556,105
51500000,102999.99988377313,95.44999988315249,-840135.5320082377,222319.03576165024,-617816.4962465875,310.2438781233918,768.7356566072489,1.019386588579745,105
51525000,103049.9998836014,95.49999988298076,-841689.1773261763,222469.34306787295,-619219.8342583033,310.45363038969265,765.1342485665775,1.0241847361774266,105
51550000,103099.99988342969,95.54999988280905,-841792.8589740903,223065.015552778,-618727.8434213123,311.2848850826396,765.5607422666819,1.0236141631143023,105
51575000,103149.99988325796,95.59999988263732,-843008.3669025945,221783.1113592798,-621225.2555433146,309.4960012517477,762.9793368923274,1.0270773802345603,105
51600000,103199.99988308626,95.64999988246562,-842343.9223222528,220926.20272075263,-621417.7196015001,308.30019425167086,767.0640551798887,1.0216080563502588,105
51625000,103249.99988291456,95.69999988229392,-841940.6066405824,223195.5895277251,-618745.0171128573,311.46709969251685,766.6063710067025,1.0222179832387832,105
51650000,103299.99988274284,95.7499998821222,-843112.6308256416,222213.4032809041,-620899.2275447375,310.09646910656966,763.6507401682021,1.02617437172374,105
51675000,103349.99988257112,95.79999988195048,-841823.3771474431,222327.3074138256,-619496.0697336176,310.25542112707825,764.2955307168525,1.0253086496181376,105
51700000,103399.9998823994,95.84999988177876,-842386.989457469,221994.1984387875,-620392.7910186815,309.7905710529518,765.7259300498856,1.023393341867659,105
51725000,103449.9998822277,95.89999988160706,-841684.2922564629,221436.518450393,-620247.7738060699,309.0123344896338,765.3554546949135,1.0238887221635449,105
51750000,103499.99988205598,95.94999988143535,-841469.7354907538,221833.09299396,-619636.6424967938,309.56575009770233,766.2981081110751,1.022629196410446,105
51775000,103549.99988188429,95.99999988126365,-841394.0192698096,222652.33029100863,-618741.688978801,310.70898713662234,762.9537981878991,1.0271117600694877,105
51800000,103599.99988171256,96.04999988109192,-842226.2893011472,221879.20677711995,-620347.0825240272,309.63010139750656,763.8706941501814,1.0258788882852543,105
51825000,103649.99988154085,96.09999988092021,-842197.9767307807,223480.3077833053,-618717.6689474754,311.8644210261629,766.4844688538302,1.0223805574042426,105
51850000,103699.99988136912,96.14999988074848,-842809.2750935042,222695.67706523396,-620113.5980282703,310.7694771045359,765.4609263225899,1.0237476421862757,105
51875000,103749.99988119742,96.19999988057678,-840329.4495372013,223371.1942620196,-616958.2552751817,311.7121542538489,765.026868408966,1.0243284920674949,105
51900000,103799.99988102572,96.24999988040508,-841877.0579725434,220601.71447812967,-621275.3434944138,307.8473743190372,766.612005032703,1.0222104706996396,105
51925000,103849.999880854,96.29999988023336,-841785.9654516606,222440.36579122144,-619345.5996604392,310.41319290463866,765.6019205606981,1.023559107498798,105
51950000,103899.99988068228,96.34999988006165,-841548.5963650835,222849.46280795825,-618699.1335571252,310.9840834924208,767.7612811276332,1.0206803048957105,105
51975000,103949.99988051056,96.39999987988992,-842287.9348953879,222832.7269232972,-619455.2079720907,310.9607287412486,765.3768978395757,1.0238600364349195,105
52000000,103999.99988033886,96.44999987971822,-842588.6917378209,222021.7313311941,-620566.9604066267,309.8289929149706,763.6084084575429,1.0262312591494265,105
52025000,104049.99988016716,96.49999987954652,-842878.9804133466,221850.8581581013,-621028.1222552452,309.5905411975729,764.9069157887312,1.0244891271514092,105
52050000,104099.99987999543,96.5499998793748,-842473.1298103691,221677.37705986036,-620795.7527505087,309.3484501480369,765.1416251984033,1.0241748621443436,105
52075000,104149.99987982372,96.59999987920308,-843619.8859808035,221127.3809915418,-622492.5049892617,308.58093641443696,766.4097122047376,1.0224802817988474,105
52100000,104199.999879652,96.64999987903136,-842285.7782073515,221680.3021469416,-620605.4760604099,309.3525320763199,764.3629053835303,1.0252182739235252,105
52125000,104249.9998794803,96.69999987885966,-842095.3365679351,222930.9340739884,-619164.4024939467,311.0977757880096,765.4427763179348,1.023771917057038,105
52150000,104299.99987930858,96.74999987868794,-843025.9477462466,222426.96621619552,-620598.9815300511,310.394493938502,765.8861970564728,1.0231791897023728,105
52175000,104349.99987913689,96.79999987851625,-841236.1212693332,221599.7283331735,-619636.3929361597,309.2400921659318,766.566874722671,1.0222706515879376,105
52200000,104399.99987896516,96.84999987834452,-842424.2935731192,221263.4942261477,-621160.7993469714,308.77088100295765,767.3389410997708,1.0212420829123328,105
52225000,104449.99987879345,96.8999998781728,-841383.135220272,222767.12954263392,-618616.0056776381,310.8691882858756,764.7883344865247,1.0246479753572668,105
52250000,104499.99987862172,96.94999987800108,-841341.8810934806,223205.16418928804,-618136.7169041926,311.4804610321108,764.6950437434599,1.0247729796603324,105
52275000,104549.99987845002,96.99999987782938,-840137.9491977384,221941.1811518793,-618196.7680458592,309.7165859862137,765.8105870957575,1.0232802101631,105
52300000,104599.99987827832,97.04999987765768,-841588.0366137908,221992.25164104893,-619595.7849727419,309.7878543171659,766.3229855527086,1.0225959984004342,105
52325000,104649.9998781066,97.09999987748596,-841472.5684714997,221511.7219445715,-619960.8465269282,309.1172801754697,768.4062418626348,1.0198235982686903,105
52350000,104699.99987793488,97.14999987731424,-839964.8734096233,222774.56207825048,-617190.3113313728,310.87956031122224,764.454577744148,1.025095331132606,105
52375000,104749.99987776316,97.19999987714252,-842631.9853558391,223497.06923062133,-619134.9161252178,311.8878114497516,764.3424691045234,1.0252456852574965,105
52400000,104799.99987759146,97.24999987697082,-842891.2887357026,223409.17434058935,-619482.1143951132,311.7651550543722,766.50696010152,1.0223505581797778,105
52425000,104849.99987741974,97.2999998767991,-843083.6614819365,221834.9468030753,-621248.7146788612,309.56833706884163,763.7918404385805,1.0259847998094571,105
52450000,104899.99987724805,97.34999987662741,-842509.3647854608,222206.59429896373,-620302.7704864971,310.0869672438253,763.4999140836595,1.0263770880039778,105
52475000,104949.99987707632,97.39999987645568,-843073.374691213,222172.9489428269,-620900.4257483862,310.0400155029051,764.9939946489872,1.024372510097993,105
52500000,104999.9998769046,97.44999987628397,-840705.625570341,221622.2610019192,-619083.3645684218,309.2715362683776,766.7396429506657,1.0220403049629394,105
52525000,105049.9998767329,97.49999987611226,-841166.59868673,222777.1510871997,-618389.4475995303,310.8831732460038,766.7272870091002,1.022056775317523,105
52550000,105099.99987656118,97.54999987594054,-841295.1512067951,222262.04416825937,-619033.1070385358,310.16434695372186,767.2417287796293,1.0213714780020184,105
52575000,105149.99987638948,97.59999987576884,-842402.605681045,222101.99783825464,-620300.6078427903,309.9410039820777,765.7409249091942,1.0233733016181707,105
52600000,105199.99987621776,97.64999987559712,-844132.9445079514,221394.84996145355,-622738.0945464978,308.9541865512001,763.2855255281452,1.0266653726549384,105
52625000,105249.99987604604,97.6999998754254,-841194.376663682,223096.9199051112,-618097.4567585709,311.32940727104767,765.8397844224361,1.0232411980261131,105
52650000,105299.99987587432,97.74999987525368,-841712.5985501101,220483.6820454088,-621228.9165047014,307.6826612995415,765.1168754926588,1.0242079917579765,105
52675000,105349.99987570262,97.79999987508198,-841256.5575055354,221980.03817156336,-619276.5193339721,309.77081054884644,765.3370475198686,1.0239133477830629,105
52700000,105399.9998755309,97.84999987491027,-841355.3178817197,222624.8306056177,-618730.487276102,310.67061161464494,766.3717101518425,1.0225309835004348,105
52725000,105449.9998753592,97.89999987473855,-840734.4968324415,222922.6646467421,-617811.8321856994,311.0862358891883,765.4395159913802,1.0237762777291712,105
52750000,105499.99987518748,97.94999987456684,-843064.1588255567,221285.8338347709,-621778.3249907859,308.8020556920312,765.8325659383992,1.0232508427586335,105
52775000,105549.99987501575,97.99999987439512,-841627.0919550541,222438.5456449603,-619188.5463100937,310.4106529096586,765.6778082085384,1.0234576607907169,105
52800000,105599.99987484406,98.04999987422342,-843133.7212091587,222385.75562089917,-620747.9655882595,310.3369849858353,763.9591064570202,1.0257601642353886,105
52825000,105649.99987467234,98.0999998740517,-841941.3155146679,222277.4442024537,-619663.8713122142,310.18583753960587,764.3672686605016,1.0252124216173517,105
52850000,105699.99987450065,98.14999987388,-843252.4375378755,222353.3265367869,-620899.1110010886,310.29173053974387,765.5740241147032,1.0235964045601735,105
52875000,105749.99987432892,98.19999987370828,-841833.3910476444,222333.9121882425,-619499.4788594019,310.2646380203696,764.3070021287939,1.0252932608570062,105
52900000,105799.9998741572,98.24999987353657,-841749.403370324,221815.9861744475,-619933.4171958766,309.5418777108429,766.5715958632137,1.0222643556549225,105
52925000,105849.9998739855,98.29999987336485,-842586.310700757,222806.90104176596,-619779.409658991,310.9246889949679,764.2983406675105,1.025304880060412,105
52950000,105899.99987381378,98.34999987319314,-841368.9711868335,221964.95091639803,-619404.0202704354,309.74975644281056,764.7350253800744,1.0247194028009952,105
52975000,105949.99987364208,98.39999987302144,-841608.9091652869,222309.51267858417,-619299.3964867027,310.23058876104824,766.2634596880005,1.022675437019466,105
53000000,105999.99987347035,98.44999987284972,-842217.3681488037,223463.09440700925,-618754.2737417945,311.84039994043184,764.4963186645857,1.0250393617033051,105
53025000,106049.99987329864,98.499999872678,-842607.1399127622,222201.7849054924,-620405.3550072698,310.08025578577656,764.4939358084952,1.0250425566551185,105
53050000,106099.99987312692,98.54999987250628,-843424.2774140546,222182.48472419783,-621241.7926898567,310.05332258559963,765.5435340845761,1.0236371723073014,105
53075000,106149.99987295522,98.59999987233458,-841866.748716915,221936.13482548168,-619930.6138914333,309.7095438907561,766.6395776833053,1.022173706289125,105
53100000,106199.9998727835,98.64999987216287,-842514.7370934053,223062.9316340437,-619451.8054593616,311.28197699594523,765.0074792770853,1.0243544536963152,105
53125000,106249.9998726118,98.69999987199117,-842403.2555029537,222819.85776728689,-619583.3977356668,310.9427699692742,766.6958225039995,1.0220987196058262,105
53150000,106299.99987244008,98.74999987181944,-842988.2212329269,221464.9314521834,-621523.2897807435,309.0519845350489,764.8198723331096,1.0246057233292802,105
53175000,106349.99987226837,98.79999987164773,-841487.1880474854,221871.99064490263,-619615.1974025827,309.62003136082944,763.9494086011726,1.0257731856136303,105
53200000,106399.99987209664,98.849999871476,-841636.1148990337,222207.60039821995,-619428.5145008138,310.08837124476463,766.4286724672471,1.0224549872146935,105
53225000,106449.99987192494,98.8999998713043,-841200.3552675918,222650.08608386476,-618550.269183727,310.7058553691367,764.103761753257,1.0255659738022922,105
53250000,106499.99987175324,98.9499998711326,-843748.5369887659,222132.39236649143,-621616.1446222744,309.98341922682545,764.6418683569989,1.0248442453096296,105
53275000,106549.99987158152,98.99999987096088,-842004.6641905168,222283.98165474745,-619720.6825357694,310.1949604855817,765.552125464379,1.0236256845778118,105
53300000,106599.9998714098,99.04999987078916,-842502.3681325135,221825.6382711224,-620676.7298613911,309.55534711032186,764.5213849184529,1.0250057538836015,105
53325000,106649.99987123808,99.09999987061744,-840351.8696860643,223284.5229380568,-617067.3467480076,311.5912053320609,768.2025651651832,1.020093988282858,105
53350000,106699.99987106638,99.14999987044574,-842514.352303823,222220.7677639038,-620293.5845399192,310.1067461652047,766.4623933235165,1.022410003849605,105
53375000,106749.99987089468,99.19999987027404,-842578.5001342827,221286.893618596,-621291.6065156867,308.80353460922214,766.0715372108122,1.0229316459943445,105
53400000,106799.99987072295,99.24999987010231,-840429.1878887904,222175.738514346,-618253.4493744443,310.0439083206452,767.2242496985318,1.0213947471243143,105
53425000,106849.99987055124,99.2999998699306,-841712.3569516591,222916.44694157317,-618795.9100100859,311.0775591469649,767.2048328257397,1.0214205971855066,105
53450000,106899.99987037951,99.34999986975888,-843210.8813057607,222716.50171022737,-620494.3795955334,310.7985376777845,764.0719283020521,1.0256087018533764,105
53475000,106949.99987020782,99.39999986958718,-843045.9530168469,221784.69429779224,-621261.2587190546,309.4982102258072,763.418800053519,1.0264861416217903,105
53500000,106999.9998700361,99.44999986941546,-842123.1523554497,222886.890435426,-619236.2619200237,311.0363133532367,762.7310476683778,1.0274117212141942,105
53525000,107049.9998698644,99.49999986924377,-839939.5773309022,221713.47617501405,-618226.1011558882,309.39882608387944,766.8396904930437,1.021906962072645,105
53550000,107099.99986969268,99.54999986907204,-843623.5652716649,221909.93378102776,-621713.6314906371,309.6729806085593,763.4196802129495,1.0264849581685975,105
53575000,107149.99986952097,99.59999986890033,-842564.7464092583,222436.14455761437,-620128.601851644,310.40730221749965,765.6205869544028,1.0235341523740191,105
53600000,107199.99986934924,99.6499998687286,-843512.9533954575,221834.1596597545,-621678.793735703,309.56723861860934,765.0573822995439,1.0242876372920935,105
53625000,107249.99986917754,99.6999998685569,-843610.6045855465,222143.316988916,-621467.2875966306,309.9986644226154,763.4506532129741,1.0264433139333078,105
53650000,107299.99986900584,99.7499998683852,-842540.1158731245,222409.43614672424,-620130.6797264002,310.3700309107729,763.966432228435,1.0257503280905362,105
53675000,107349.99986883411,99.79999986821348,-843160.5256795636,222657.4400180739,-620503.0856614897,310.7161177070453,763.7633143790272,1.0260231196697451,105
53700000,107399.9998686624,99.84999986804176,-841541.0504893861,223454.4390266903,-618086.6114626958,311.8283214481534,765.367152411949,1.023873073255031,105
53725000,107449.99986849067,99.89999986787004,-842371.2243036716,222296.5349872461,-620074.6893164255,310.21247852916457,765.9327390950883,1.0231170160376015,105
53750000,107499.99986831898,99.94999986769834,-842010.0886912988,223307.08425470785,-618703.004436591,311.62268941235766,765.2628779167517,1.024012585899562,105
