system,replicate,extra_stride,extra_frames,protein_rg_A_mean,protein_rg_A_sd,protein_sasa_nm2_mean,protein_sasa_nm2_sd,ligand_sasa_nm2_mean,ligand_sasa_nm2_sd,contact_atoms_mean,contact_atoms_sd,ligand_protein_hbonds_unique_freq_ge_0p1
CYP1B1,rep1,10,200,22.94440542856265,0.0655915511045492,216.79150390625,3.865635395050049,0.27914243936538696,0.09202145040035248,34.83,4.112867417260104,4
CYP1B1,rep2,10,200,23.053431747644346,0.0801113879840395,218.06101989746094,2.7404625415802,0.20995207130908966,0.07792279869318008,36.125,4.808846015417836,5
CYP1B1,rep3,10,200,23.001094413945566,0.060269022674001624,213.0500030517578,2.5760414600372314,0.25300949811935425,0.10941167175769806,34.35,4.517692745051778,3
MAO-B,rep1_rerun2,10,200,23.559255479875947,0.09008054987722779,211.2679901123047,3.1531949043273926,0.09203556925058365,0.0390748530626297,42.185,4.085859301439022,1
MAO-B,rep2,10,200,23.76999781831958,0.08505140310206749,213.66265869140625,3.5275142192840576,0.09065770357847214,0.0740952268242836,39.31,4.071459679230287,0
MAO-B,rep3,10,200,23.600307496685343,0.0987080997631438,212.15354919433594,3.3957717418670654,0.6888154745101929,1.668845772743225,37.775,15.089161306869366,0
