run_dir,frames,atoms,stride,time_ns_final,backbone_rmsd_A_final,backbone_rmsd_A_mean,backbone_rmsd_A_max,ligand_atoms,ligand_rmsd_A_final,ligand_rmsd_A_mean,ligand_rmsd_A_max,contact_cutoff_nm,n_contact_residues,system,replicate
md_runs/production/cyp1b1_mol11315_amber/rep1,2000,51500,1,99.94999988979995,2.498173475265503,2.129551649093628,2.6999351978302,34,0.46376287937164307,0.37528979778289795,0.7164602279663086,0.4,28,CYP1B1,rep1
md_runs/production/cyp1b1_mol11315_amber/rep2,2000,51500,1,99.94999988979995,1.8780338764190674,1.8252575397491455,2.5756869316101074,34,0.3781060576438904,0.3904666006565094,0.670680046081543,0.4,28,CYP1B1,rep2
md_runs/production/cyp1b1_mol11315_amber/rep3,2000,51500,1,99.94999988979995,1.6126726865768433,1.4877983331680298,2.074547529220581,34,0.34019696712493896,0.3239930272102356,0.6549181938171387,0.4,27,CYP1B1,rep3
md_runs/production/maob_mol14056_amber/rep1_rerun2,2000,63433,1,99.94999988979995,1.5974607467651367,1.7830711603164673,2.3380753993988037,30,0.4924657940864563,0.4467464089393616,0.802615225315094,0.4,20,MAO-B,rep1_rerun2
md_runs/production/maob_mol14056_amber/rep2,2000,63433,1,99.94999988979995,1.8365079164505005,1.6834328174591064,2.231367588043213,30,1.2756388187408447,1.001762866973877,1.7436323165893555,0.4,28,MAO-B,rep2
md_runs/production/maob_mol14056_amber/rep3,2000,63433,1,99.94999988979995,2.6795310974121094,2.1945643424987793,3.07194447517395,30,1.0487390756607056,0.4883328974246979,1.3412450551986694,0.4,28,MAO-B,rep3
