system,n,backbone_rmsd_A_mean,backbone_rmsd_A_sd,ligand_rmsd_A_mean,ligand_rmsd_A_sd,backbone_rmsd_A_final_mean,ligand_rmsd_A_final_mean,contact_residues_mean
CYP1B1,3,1.8142025073369343,0.3210194541326139,0.363249808549881,0.03483396327189404,1.996293346087138,0.39402196804682416,27.666666666666668
MAO-B,3,1.8870227734247844,0.2709581376766738,0.6456140577793121,0.30913401579924066,2.037833253542582,0.9389478961626688,25.333333333333332
