time_ns,minimum_heavy_atom_bond_A,maximum_heavy_atom_bond_A,maximum_absolute_change_from_frame0_A,implausible_heavy_atom_bond_count
0.0,1.3405547,1.6016454,0.0,0
0.05000000001018634,1.3132355,1.617199,0.11059189,0
0.10000000002037268,1.3735235,1.6136367,0.11645937,0
0.15000000003055902,1.3196824,1.6216049,0.09450948,0
0.20000000004074536,1.3594556,1.5757209,0.08635759,0
0.2500000000509317,1.3382639,1.5970122,0.112442136,0
0.30000000006111804,1.3488506,1.6018953,0.11131036,0
0.3500000000713044,1.3594412,1.6352211,0.13180745,0
0.4000000000814907,1.342001,1.6444892,0.11133242,0
0.45000000009167707,1.3461449,1.6218169,0.10377169,0
0.5000000001018634,1.3442638,1.5916783,0.07696056,0
0.5500000001120497,1.3399937,1.651082,0.10986006,0
0.6000000001222361,1.3055184,1.6414716,0.10471511,0
0.6500000001324215,1.3679061,1.6282609,0.08354676,0
0.7000000001426079,1.3497126,1.6381192,0.120074034,0
0.7500000001527942,1.349479,1.5791445,0.09125078,0
0.8000000001629806,1.3419746,1.5963947,0.087580085,0
0.8500000001731669,1.3329506,1.6228197,0.08624506,0
0.9000000001833532,1.3283433,1.587124,0.10290456,0
0.9500000001935396,1.3201989,1.6088471,0.096402645,0
1.000000000203726,1.2933717,1.6558285,0.09407079,0
1.0500000002139123,1.3458258,1.6153371,0.09088802,0
1.1000000002240986,1.305052,1.6483486,0.12043285,0
1.150000000234285,1.321988,1.6464896,0.097133994,0
1.2000000002444713,1.3614707,1.6151829,0.10591793,0
1.2500000002546576,1.35006,1.6558785,0.12552035,0
1.300000000264844,1.3359694,1.6456717,0.09066355,0
1.3500000002750303,1.3837247,1.677417,0.14426029,0
1.4000000002852167,1.3725401,1.5945475,0.107522845,0
1.450000000295403,1.3589413,1.5892649,0.111317754,0
1.5000000003055893,1.3185022,1.5738469,0.08414972,0
1.5500000003157757,1.3820285,1.6121259,0.07896912,0
1.600000000325962,1.3372416,1.6138251,0.11930466,0
1.6500000003361501,1.3189323,1.6000168,0.1250608,0
1.700000000346333,1.3322692,1.5917876,0.130831,0
1.750000000356521,1.3611205,1.615335,0.095425844,0
1.8000000003667074,1.3415978,1.593559,0.111029625,0
1.8500000003768937,1.3195294,1.6071763,0.11748314,0
1.90000000038708,1.3557186,1.5866473,0.10842383,0
1.9500000003972664,1.3273263,1.5846663,0.11417341,0
2.0000000004074545,1.3299735,1.5990633,0.07641804,0
2.0500000004176373,1.3242631,1.626479,0.11366117,0
2.1000000004278254,1.3462234,1.6358616,0.084041715,0
2.1500000004380118,1.334362,1.5980703,0.11909592,0
2.200000000448198,1.3417357,1.560864,0.08997595,0
2.250000000458386,1.3238053,1.5988431,0.09844291,0
2.300000000468569,1.3556923,1.5938189,0.112433076,0
2.350000000478757,1.3489432,1.5587832,0.10146475,0
2.4000000004889435,1.3541676,1.6030643,0.09074247,0
2.45000000049913,1.3554794,1.5912594,0.10206854,0
2.500000000509316,1.3447958,1.5851916,0.097739816,0
2.5500000005195025,1.3284147,1.5969989,0.09812164,0
2.6000000005296906,1.3051374,1.5865539,0.082567215,0
2.6500000005398734,1.3493973,1.6190364,0.12068474,0
2.7000000005500615,1.341171,1.5848743,0.100328684,0
2.750000000560248,1.3682888,1.6090852,0.08033943,0
2.800000000570434,1.3567619,1.5991117,0.091533065,0
2.8500000005806223,1.379837,1.577567,0.16662657,0
2.900000000590805,1.2922044,1.6234224,0.12624502,0
2.950000000600993,1.3314283,1.6147776,0.10221255,0
3.0000000006111796,1.3725924,1.612364,0.087515116,0
3.050000000621366,1.3559138,1.630618,0.111931086,0
3.1000000006315522,1.3044934,1.5912013,0.10903895,0
3.1500000006417386,1.3214331,1.6043494,0.15927732,0
3.200000000651925,1.3309115,1.6063228,0.11523676,0
3.2500000006621113,1.3525498,1.6150962,0.13141632,0
3.3000000006722976,1.3108802,1.6676574,0.14566612,0
3.350000000682484,1.373452,1.6056578,0.0834223,0
3.4000000006926703,1.3291221,1.6109234,0.11374605,0
3.4500000007028584,1.3672819,1.6101398,0.12030637,0
3.500000000713041,1.3392757,1.6153585,0.11818111,0
3.5500000007232293,1.3354158,1.5901686,0.088731766,0
3.6000000007334156,1.3361478,1.6024592,0.099910736,0
3.650000000743602,1.362823,1.5860463,0.11116636,0
3.70000000075379,1.3225236,1.6122222,0.13402271,0
3.750000000763973,1.354461,1.6136886,0.13206184,0
3.800000000774161,1.353277,1.618328,0.10853338,0
3.8500000007843473,1.3559161,1.5934545,0.13503492,0
3.9000000007945337,1.345237,1.6433527,0.116826534,0
3.95000000080472,1.3421333,1.6050308,0.10301423,0
4.000000000814906,1.3865664,1.5725191,0.10105395,0
4.0500000008250945,1.3598179,1.5945888,0.12777042,0
4.100000000835277,1.3625071,1.6019164,0.10950267,0
4.150000000845465,1.313895,1.5914601,0.08997285,0
4.200000000855652,1.344124,1.6392083,0.14344287,0
4.250000000865838,1.3214474,1.6119868,0.08419716,0
4.300000000876026,1.3613749,1.6072906,0.14765787,0
4.350000000886209,1.3261515,1.6169851,0.11293876,0
4.400000000896397,1.3620086,1.6036285,0.13852,0
4.450000000906583,1.3353856,1.5655208,0.10971689,0
4.50000000091677,1.3585141,1.5965283,0.095365524,0
4.550000000926956,1.3544966,1.5862082,0.084019184,0
4.6000000009371425,1.3498836,1.5638454,0.10978985,0
4.650000000947331,1.3553104,1.5801133,0.10623062,0
4.700000000957513,1.3669027,1.59094,0.09610009,0
4.7500000009677015,1.3599603,1.6186224,0.09405661,0
4.800000000977888,1.306708,1.6101685,0.1176672,0
4.850000000988074,1.3620701,1.6586919,0.12553513,0
4.900000000998262,1.3269867,1.593054,0.103787065,0
4.950000001008445,1.353775,1.6042734,0.10501468,0
5.000000001018633,1.3386483,1.6000469,0.08393943,0
5.0500000010288195,1.336924,1.5893145,0.11089957,0
5.100000001039006,1.3281928,1.6206247,0.108756185,0
5.150000001049192,1.3637918,1.6214777,0.14395285,0
5.2000000010593785,1.3416197,1.6242085,0.1240474,0
5.250000001069565,1.3732778,1.5956832,0.08725691,0
5.300000001079751,1.3281089,1.5898263,0.11444807,0
5.350000001089938,1.3407717,1.6149516,0.08730054,0
5.400000001100124,1.34924,1.5956705,0.107450366,0
5.45000000111031,1.3317658,1.5973449,0.07398629,0
5.500000001120498,1.3669102,1.6272014,0.09817612,0
5.550000001130681,1.3521628,1.5962834,0.09267318,0
5.600000001140869,1.3693073,1.6137946,0.09036124,0
5.650000001151056,1.3267782,1.6199456,0.08764589,0
5.700000001161242,1.3315318,1.6326966,0.12652075,0
5.75000000117143,1.3248433,1.6197456,0.09623289,0
5.800000001181615,1.3280332,1.6186677,0.09980941,0
5.850000001191801,1.3526582,1.6196829,0.08932471,0
5.900000001201987,1.3344504,1.6365598,0.08223975,0
5.950000001212174,1.2954218,1.620041,0.10048103,0
6.00000000122236,1.3453573,1.5846516,0.12126994,0
6.050000001232546,1.3464695,1.6247469,0.10949409,0
6.1000000012427344,1.331953,1.5845785,0.11481762,0
6.150000001252917,1.3382258,1.5668037,0.15007544,0
6.200000001263105,1.3411158,1.641995,0.08774173,0
6.250000001273292,1.3568776,1.603298,0.07170558,0
6.300000001283478,1.3076408,1.6015115,0.11828065,0
6.350000001293666,1.3464814,1.5934306,0.09031236,0
6.400000001303849,1.3431448,1.6044161,0.10723877,0
6.450000001314037,1.3349729,1.6100423,0.11330891,0
6.500000001324223,1.3476287,1.614058,0.09685171,0
6.55000000133441,1.3359563,1.6280758,0.11380708,0
6.600000001344596,1.3723801,1.5862788,0.10831773,0
6.650000001354782,1.3070499,1.5929356,0.096591234,0
6.7000000013649705,1.3670173,1.568336,0.14787543,0
6.750000001375153,1.3317615,1.5959548,0.13076949,0
6.800000001385341,1.3366491,1.6033432,0.12410593,0
6.850000001395528,1.3392962,1.6424526,0.10954893,0
6.900000001405714,1.3385845,1.5939107,0.12255812,0
6.950000001415902,1.329191,1.5886819,0.117755175,0
7.000000001426085,1.3597934,1.6044111,0.12148011,0
7.050000001436273,1.3461223,1.6176103,0.09956515,0
7.1000000014464595,1.3574734,1.6110456,0.07755053,0
7.150000001456646,1.369539,1.6159728,0.12740815,0
7.200000001466832,1.3412119,1.5926275,0.088667154,0
7.2500000014770185,1.3013847,1.6211598,0.0978477,0
7.300000001487205,1.3564891,1.5809466,0.09525335,0
7.350000001497391,1.3505496,1.600173,0.08786821,0
7.4000000015075775,1.3307073,1.5989382,0.1065042,0
7.450000001517764,1.3660603,1.6112173,0.08268273,0
7.50000000152795,1.3120581,1.6323482,0.098356724,0
7.550000001538138,1.3318163,1.5800588,0.09731352,0
7.600000001548321,1.3330071,1.5966456,0.11474013,0
7.650000001558509,1.3564681,1.6014957,0.10431838,0
7.700000001568696,1.3393973,1.5984797,0.09673989,0
7.750000001578882,1.3253367,1.5898509,0.14321685,0
7.80000000158907,1.3515335,1.6164744,0.0861789,0
7.850000001599255,1.3603984,1.6018989,0.123927236,0
7.900000001609441,1.3378093,1.6311526,0.109656334,0
7.950000001619627,1.3273108,1.6217806,0.12872791,0
8.000000001629813,1.3750261,1.590574,0.09339666,0
8.050000001639999,1.3376026,1.6023211,0.11670208,0
8.100000001650185,1.3586092,1.6147898,0.08589947,0
8.150000001660372,1.3134563,1.600858,0.10243404,0
8.200000001670556,1.36158,1.5843551,0.08887589,0
8.250000001680746,1.3540671,1.6064358,0.11424172,0
8.300000001690933,1.3608831,1.5938091,0.10227883,0
8.350000001701119,1.3289521,1.6022863,0.117566824,0
8.400000001711305,1.3076782,1.6210808,0.10802221,0
8.450000001721488,1.3615006,1.5991694,0.08112419,0
8.500000001731678,1.3824396,1.6205409,0.103597045,0
8.550000001741864,1.3311641,1.6228698,0.09111667,0
8.60000000175205,1.3301651,1.5766027,0.12536359,0
8.650000001762237,1.3547422,1.581114,0.08727503,0
8.700000001772423,1.3192489,1.5994527,0.09306753,0
8.75000000178261,1.3519878,1.5977333,0.090586185,0
8.800000001792792,1.3049424,1.586004,0.08298504,0
8.850000001802979,1.3502073,1.6148703,0.11458087,0
8.900000001813165,1.3439677,1.611429,0.1296078,0
8.950000001823351,1.3172425,1.659132,0.13312924,0
9.000000001833538,1.357269,1.6002114,0.11154449,0
9.050000001843724,1.37518,1.630165,0.102610946,0
9.10000000185391,1.3300421,1.6243646,0.10631943,0
9.150000001864097,1.3651229,1.6286272,0.110581994,0
9.200000001874283,1.2963469,1.6131511,0.13412881,0
9.25000000188447,1.3532491,1.587755,0.09783065,0
9.300000001894656,1.3312159,1.5890818,0.08741176,0
9.350000001904842,1.3594463,1.5822077,0.109038234,0
9.400000001915028,1.3318884,1.5787277,0.11639142,0
9.450000001925215,1.3108356,1.5895591,0.106437564,0
9.500000001935401,1.3054688,1.597258,0.09591639,0
9.550000001945588,1.3634784,1.6029888,0.09938431,0
9.600000001955774,1.3309478,1.6233886,0.090231895,0
9.65000000196596,1.3329604,1.5974201,0.12090242,0
9.700000001976147,1.3415642,1.6074378,0.09101093,0
9.750000001986333,1.301769,1.6389209,0.1238786,0
9.80000000199652,1.3578726,1.5739453,0.077583194,0
9.850000002006706,1.2891794,1.5731035,0.10482466,0
9.900000002016892,1.3790238,1.5583957,0.09103954,0
9.950000002027078,1.3472378,1.5933051,0.11158514,0
10.000000002037265,1.3444262,1.5765038,0.13961494,0
10.050000002047451,1.3741043,1.6057266,0.09709513,0
10.100000002057637,1.3204572,1.6068541,0.076495886,0
10.150000002067824,1.342379,1.586147,0.12425864,0
10.20000000207801,1.3805623,1.5888499,0.12164557,0
10.250000002088196,1.3650632,1.6270146,0.122525096,0
10.300000002098383,1.3676472,1.6250623,0.120609045,0
10.350000002108569,1.3557245,1.6445493,0.10125768,0
10.400000002118755,1.3153026,1.5602125,0.10062802,0
10.450000002128942,1.3698469,1.6049243,0.14049923,0
10.500000002139128,1.3440824,1.6130159,0.12760997,0
10.550000002149318,1.3542862,1.6069804,0.11148262,0
10.6000000021595,1.3291595,1.5931929,0.11370742,0
10.65000000216969,1.3379598,1.5839462,0.12301648,0
10.700000002179873,1.3643222,1.6013055,0.094329,0
10.75000000219006,1.364433,1.603941,0.14342892,0
10.800000002200246,1.3543768,1.5836961,0.13985074,0
10.850000002210432,1.3247175,1.5820296,0.13401961,0
10.900000002220619,1.3642592,1.5603603,0.08025026,0
10.950000002230805,1.3681108,1.6030346,0.09381771,0
11.000000002240991,1.3682783,1.6152163,0.09182489,0
11.050000002251178,1.3572176,1.5845047,0.09867394,0
11.100000002261364,1.3164424,1.6020854,0.07998133,0
11.15000000227155,1.3078684,1.612475,0.13287461,0
11.200000002281737,1.310508,1.6121953,0.092418194,0
11.25000000229192,1.3630618,1.5926124,0.10982764,0
11.30000000230211,1.3294834,1.5564066,0.08979428,0
11.350000002312292,1.3325435,1.6143277,0.12782931,0
11.400000002322482,1.3068376,1.6026661,0.13606799,0
11.450000002332668,1.3445245,1.570816,0.112424016,0
11.500000002342851,1.3509607,1.60513,0.11502564,0
11.550000002353041,1.3335927,1.6327931,0.10274768,0
11.600000002363227,1.3487651,1.5859632,0.11019027,0
11.650000002373414,1.3622855,1.5988572,0.102312565,0
11.7000000023836,1.3441372,1.5973933,0.09120345,0
11.750000002393787,1.3273151,1.5847945,0.10268378,0
11.80000000240397,1.3387165,1.6372459,0.10972738,0
11.85000000241416,1.3385625,1.6134132,0.09947133,0
11.900000002424346,1.3489891,1.6350205,0.08836472,0
11.950000002434532,1.3650857,1.6001022,0.09349513,0
12.000000002444722,1.3458548,1.5970206,0.10056543,0
12.050000002454905,1.328612,1.6229094,0.1051867,0
12.10000000246509,1.3597237,1.5889306,0.09909606,0
12.15000000247528,1.3500853,1.6214824,0.1240803,0
12.200000002485464,1.2943683,1.6148871,0.09684193,0
12.25000000249565,1.3472348,1.6465425,0.12849736,0
12.300000002505836,1.3372657,1.5803225,0.09628332,0
12.350000002516023,1.3299949,1.5952271,0.08528912,0
12.400000002526209,1.3226802,1.588007,0.119335175,0
12.450000002536395,1.3425932,1.5573637,0.08582401,0
12.500000002546582,1.3349984,1.6359841,0.09302783,0
12.550000002556768,1.3513441,1.5901475,0.08605945,0
12.600000002566958,1.3311828,1.5939813,0.097430706,0
12.65000000257714,1.3512863,1.5806808,0.08788431,0
12.70000000258733,1.3675487,1.5939032,0.09511483,0
12.750000002597513,1.3205315,1.5670233,0.08160174,0
12.8000000026077,1.3274171,1.5707403,0.10271728,0
12.850000002617886,1.3726051,1.6004289,0.11083937,0
12.900000002628072,1.3029914,1.5938442,0.09716618,0
12.950000002638259,1.3611705,1.5990342,0.08208156,0
13.000000002648445,1.3479589,1.5974921,0.09296107,0
13.050000002658631,1.3157263,1.6527262,0.12236798,0
13.100000002668818,1.3578115,1.5967036,0.10659909,0
13.150000002679004,1.3395911,1.6275859,0.12727869,0
13.20000000268919,1.3360953,1.5857873,0.0973897,0
13.250000002699377,1.3416076,1.5851612,0.09858644,0
13.30000000270956,1.314096,1.62548,0.10944021,0
13.35000000271975,1.3628843,1.6206484,0.10042453,0
13.400000002729932,1.3497777,1.6089392,0.108599305,0
13.450000002740122,1.3046594,1.6257601,0.12858272,0
13.500000002750308,1.3369827,1.5997651,0.069527626,0
13.550000002760491,1.3452568,1.5857377,0.07018936,0
13.600000002770681,1.3687062,1.6392143,0.107628465,0
13.650000002780867,1.3066067,1.5880216,0.09835863,0
13.700000002791054,1.3459907,1.6325558,0.12553942,0
13.75000000280124,1.3338904,1.605249,0.09253311,0
13.800000002811426,1.2995813,1.5854889,0.117691875,0
13.85000000282161,1.3611352,1.6471465,0.12035954,0
13.9000000028318,1.3476819,1.5656656,0.10602987,0
13.950000002841985,1.3678235,1.5667499,0.11439276,0
14.000000002852172,1.3305471,1.5942874,0.09711003,0
14.050000002862362,1.3099358,1.6462522,0.12748516,0
14.100000002872545,1.348227,1.6141918,0.08079314,0
14.15000000288273,1.3593235,1.5816791,0.10305202,0
14.20000000289292,1.3544737,1.5873971,0.08385432,0
14.250000002903104,1.3583015,1.5842534,0.09579873,0
14.30000000291329,1.348188,1.588344,0.09331167,0
14.350000002923476,1.3737668,1.582064,0.08927107,0
14.400000002933663,1.3674544,1.5887878,0.08487511,0
14.450000002943849,1.3655984,1.6523354,0.08848226,0
14.500000002954035,1.345339,1.6256249,0.10757971,0
14.550000002964222,1.3139782,1.6253424,0.099405885,0
14.600000002974408,1.3276772,1.5676403,0.10482824,0
14.650000002984598,1.3814772,1.6106774,0.110798,0
14.70000000299478,1.3393006,1.592229,0.09892702,0
14.75000000300497,1.3483392,1.5527998,0.07887328,0
14.800000003015153,1.3293831,1.5746487,0.08363187,0
14.85000000302534,1.3425665,1.6100894,0.11291206,0
14.900000003035526,1.3741326,1.5583051,0.08628476,0
14.950000003045712,1.3342185,1.629194,0.11322343,0
15.000000003055899,1.336025,1.5925454,0.10651064,0
15.050000003066085,1.3029928,1.6172767,0.08691847,0
15.100000003076271,1.3292533,1.608109,0.10150194,0
15.150000003086458,1.3246038,1.5609801,0.10256338,0
15.200000003096644,1.3490571,1.6439873,0.11375439,0
15.25000000310683,1.3561784,1.5934587,0.08146191,0
15.300000003117017,1.3303938,1.5786065,0.118508816,0
15.3500000031272,1.3503585,1.6094131,0.1314162,0
15.40000000313739,1.3352921,1.6201506,0.12300563,0
15.450000003147572,1.3302143,1.5909202,0.09783578,0
15.500000003157762,1.3424907,1.5962694,0.07595873,0
15.550000003167948,1.3697706,1.6351126,0.13793528,0
15.600000003178131,1.3534405,1.6079617,0.1088438,0
15.650000003188321,1.3567729,1.5670822,0.106257915,0
15.700000003198507,1.3368566,1.5930134,0.080332756,0
15.750000003208694,1.3697822,1.6103829,0.079682946,0
15.80000000321888,1.3406645,1.6202669,0.10247123,0
15.850000003229066,1.3142593,1.5832359,0.09839952,0
15.90000000323925,1.3198186,1.5588795,0.12923038,0
15.95000000324944,1.3340783,1.6562539,0.107231975,0
16.000000003259625,1.3577198,1.611147,0.09946644,0
16.050000003269812,1.363932,1.5869008,0.09643996,0
16.10000000328,1.3135068,1.609765,0.0951128,0
16.150000003290184,1.3574188,1.5865791,0.11812866,0
16.20000000330037,1.3465558,1.6195719,0.09220612,0
16.25000000331056,1.3446026,1.5999556,0.08366752,0
16.300000003320744,1.3421906,1.5986738,0.098751545,0
16.35000000333093,1.3468193,1.5970428,0.1087811,0
16.400000003341116,1.3197281,1.6054057,0.07833123,0
16.450000003351303,1.2992475,1.6236861,0.09184885,0
16.50000000336149,1.3424045,1.6078466,0.08716869,0
16.550000003371675,1.3495772,1.6211556,0.1380111,0
16.60000000338186,1.3356692,1.5972118,0.08889794,0
16.650000003392048,1.3389112,1.6399206,0.11608076,0
16.700000003402238,1.3409649,1.6434962,0.1103394,0
16.75000000341242,1.3198562,1.5891098,0.10670698,0
16.80000000342261,1.3327644,1.5938368,0.090022564,0
16.850000003432793,1.3725312,1.5802975,0.114181995,0
16.90000000344298,1.3463931,1.6065454,0.1227361,0
16.950000003453166,1.2999315,1.6022696,0.1007154,0
17.000000003463352,1.3084505,1.6454439,0.11508572,0
17.05000000347354,1.3554246,1.6196854,0.083956,0
17.100000003483725,1.325609,1.6516807,0.118523955,0
17.15000000349391,1.3429811,1.5945404,0.1010555,0
17.200000003504098,1.3266457,1.6227269,0.07705498,0
17.250000003514284,1.3482666,1.5986922,0.0958873,0
17.30000000352447,1.3146759,1.5816922,0.10618436,0
17.350000003534657,1.347573,1.580883,0.08659935,0
17.40000000354484,1.3463671,1.6194656,0.07844877,0
17.45000000355503,1.347878,1.6003397,0.08636665,0
17.500000003565212,1.3527585,1.6876929,0.11402488,0
17.550000003575402,1.3232083,1.6531353,0.13509011,0
17.60000000358559,1.3583832,1.6019788,0.11057174,0
17.650000003595775,1.3398749,1.614233,0.08387482,0
17.70000000360596,1.3419046,1.5937418,0.10149181,0
17.750000003616144,1.3331401,1.6397328,0.12156892,0
17.800000003626334,1.336755,1.5808675,0.073375344,0
17.85000000363652,1.3648081,1.6083962,0.08189118,0
17.900000003646706,1.3127471,1.5981195,0.08747876,0
17.95000000365689,1.322474,1.6073604,0.08350444,0
18.00000000366708,1.2910984,1.608703,0.11747193,0
18.050000003677265,1.3098295,1.6303511,0.091542125,0
18.10000000368745,1.2729647,1.578008,0.13828981,0
18.15000000369764,1.3188248,1.6290665,0.1130929,0
18.200000003707824,1.306532,1.5931779,0.123217106,0
18.25000000371801,1.3596802,1.6115766,0.10907924,0
18.3000000037282,1.3164936,1.5991218,0.1167748,0
18.350000003738383,1.357795,1.6269855,0.0988096,0
18.40000000374857,1.363291,1.5775869,0.12178755,0
18.450000003758756,1.3397696,1.5795856,0.110118985,0
18.500000003768942,1.3559844,1.6053127,0.08726752,0
18.55000000377913,1.3485045,1.6063184,0.12299061,0
18.600000003789315,1.3400005,1.6410671,0.081062675,0
18.6500000037995,1.3484763,1.5827105,0.139112,0
18.700000003809688,1.3402059,1.5852077,0.14438546,0
18.750000003819878,1.3358569,1.5800261,0.103502154,0
18.80000000383006,1.3432549,1.6174421,0.094420075,0
18.85000000384025,1.3570538,1.5970553,0.088977456,0
18.900000003850433,1.339531,1.6011817,0.12743628,0
18.95000000386062,1.3524106,1.6176562,0.122018695,0
19.000000003870806,1.3068849,1.6104127,0.09013152,0
19.050000003880992,1.3590434,1.5980638,0.12461412,0
19.10000000389118,1.3498819,1.6181546,0.14299631,0
19.150000003901365,1.353988,1.6285627,0.102558255,0
19.20000000391155,1.3185132,1.5622914,0.1226393,0
19.250000003921738,1.3395052,1.5956264,0.1076982,0
19.300000003931924,1.3277704,1.5843699,0.10565996,0
19.35000000394211,1.2885933,1.5792983,0.11871052,0
19.400000003952297,1.36262,1.6006036,0.14164495,0
19.45000000396248,1.3687061,1.5922736,0.0826602,0
19.50000000397267,1.3666393,1.5987496,0.08362007,0
19.550000003982852,1.3436223,1.626157,0.10811186,0
19.600000003993042,1.3184291,1.6206514,0.11404431,0
19.65000000400323,1.3314666,1.5911485,0.11849892,0
19.700000004013415,1.3042436,1.5817466,0.07707679,0
19.7500000040236,1.3308456,1.5820785,0.13038576,0
19.800000004033784,1.3136965,1.6039641,0.115704894,0
19.850000004043974,1.3316197,1.5913261,0.11095393,0
19.90000000405416,1.3268938,1.5965483,0.1002146,0
19.950000004064346,1.3419427,1.6277755,0.117079735,0
20.000000004074533,1.3556622,1.5847774,0.1693672,0
20.050000004084723,1.3502614,1.633035,0.11190772,0
20.100000004094905,1.3532132,1.599809,0.09651005,0
20.15000000410509,1.3512261,1.6040614,0.11361754,0
20.20000000411528,1.3505595,1.6672494,0.13430667,0
20.250000004125464,1.3278954,1.5775447,0.15969288,0
20.30000000413565,1.2947447,1.6324196,0.11329937,0
20.35000000414584,1.3193477,1.5908394,0.104646206,0
20.400000004156023,1.3385022,1.5942906,0.15805924,0
20.45000000416621,1.333279,1.5987962,0.11203313,0
20.500000004176396,1.3428909,1.6330205,0.12587059,0
20.550000004186582,1.3553029,1.6555978,0.13552308,0
20.60000000419677,1.3438814,1.6082304,0.14370692,0
20.650000004206955,1.3411582,1.5840601,0.099983215,0
20.70000000421714,1.3433826,1.603148,0.11929798,0
20.750000004227328,1.3183051,1.5862479,0.09030616,0
20.800000004237518,1.3580482,1.5476097,0.08409786,0
20.8500000042477,1.3307096,1.6093144,0.11213708,0
20.90000000425789,1.3010157,1.6451547,0.12710953,0
20.950000004268073,1.3533134,1.6106129,0.09256768,0
21.00000000427826,1.3455367,1.587256,0.10680103,0
21.050000004288446,1.3299565,1.5836592,0.10189593,0
21.100000004298632,1.3504496,1.6291208,0.095964074,0
21.15000000430882,1.3599353,1.6078506,0.10037446,0
21.200000004319005,1.338294,1.6114618,0.077694416,0
21.25000000432919,1.3475294,1.5900407,0.09474313,0
21.300000004339378,1.3767402,1.6113614,0.08100319,0
21.350000004349564,1.3222371,1.604134,0.11325014,0
21.40000000435975,1.3529224,1.5639974,0.09280372,0
21.450000004369937,1.3642018,1.6069807,0.10558796,0
21.50000000438012,1.3199508,1.5888203,0.10970366,0
21.55000000439031,1.3485405,1.5925885,0.116315365,0
21.600000004400492,1.3518236,1.5850687,0.14176917,0
21.650000004410682,1.3807685,1.5998005,0.12349999,0
21.70000000442087,1.3428627,1.6480881,0.12978566,0
21.750000004431055,1.3333054,1.6116345,0.12688446,0
21.80000000444124,1.3686624,1.5930371,0.07283735,0
21.850000004451424,1.3296335,1.6119868,0.07659161,0
21.900000004461614,1.3372052,1.6182477,0.12226522,0
21.9500000044718,1.2973042,1.6105354,0.097512364,0
22.000000004481986,1.3434784,1.6023383,0.088741064,0
22.050000004492173,1.3440988,1.59082,0.08997083,0
22.100000004502363,1.3675144,1.5810909,0.077047706,0
22.150000004512545,1.3431674,1.6156297,0.08240414,0
22.20000000452273,1.3603224,1.5784981,0.106066346,0
22.25000000453292,1.3632927,1.6245843,0.1012702,0
22.300000004543104,1.3529171,1.5834063,0.13367593,0
22.35000000455329,1.3671436,1.6022171,0.08046353,0
22.40000000456348,1.3467941,1.5704793,0.10150254,0
22.450000004573663,1.3397639,1.5768172,0.1062814,0
22.50000000458385,1.3558471,1.6093726,0.11219525,0
22.550000004594036,1.3386208,1.5926896,0.07944989,0
22.600000004604222,1.3340049,1.5937202,0.13154435,0
22.65000000461441,1.3670323,1.6281854,0.14074874,0
22.700000004624595,1.351669,1.6088902,0.118373156,0
22.75000000463478,1.3392936,1.5763745,0.096630454,0
22.800000004644968,1.3592654,1.61795,0.103562,0
22.850000004655158,1.3066037,1.5871453,0.13488543,0
22.90000000466534,1.3366034,1.6160203,0.09272051,0
22.95000000467553,1.3711076,1.6021775,0.0940181,0
23.000000004685713,1.3217704,1.6024895,0.10285902,0
23.0500000046959,1.3340317,1.5883355,0.101475716,0
23.100000004706086,1.3264315,1.6221868,0.092815876,0
23.150000004716272,1.3128681,1.5864294,0.08656442,0
23.20000000472646,1.3131464,1.6037147,0.097893834,0
23.250000004736645,1.3609104,1.603174,0.07891214,0
23.30000000474683,1.3560356,1.6145554,0.10687804,0
23.350000004757018,1.366362,1.5942588,0.1019671,0
23.400000004767204,1.3709631,1.5945821,0.1263318,0
23.45000000477739,1.348558,1.6349782,0.13798618,0
23.500000004787577,1.3277092,1.6136796,0.11234152,0
23.55000000479776,1.3560114,1.6014786,0.10073173,0
23.60000000480795,1.3690295,1.6158973,0.09785211,0
23.650000004818132,1.3361026,1.5938301,0.13900483,0
23.700000004828322,1.361162,1.6108556,0.11815536,0
23.75000000483851,1.3529968,1.6038023,0.12120974,0
23.800000004848695,1.3017458,1.6087295,0.11552739,0
23.85000000485888,1.3522453,1.5983719,0.11702669,0
23.900000004869064,1.334012,1.582916,0.08326113,0
23.950000004879254,1.2851547,1.6360703,0.121959925,0
24.00000000488944,1.3699884,1.5780373,0.13263226,0
24.050000004899626,1.3380569,1.5975195,0.14953136,0
24.100000004909813,1.3436526,1.6465305,0.113847375,0
24.150000004920003,1.3335054,1.6460497,0.12800455,0
24.200000004930185,1.3661668,1.5856149,0.08603525,0
24.25000000494037,1.3425326,1.6384737,0.15445423,0
24.30000000495056,1.3636328,1.5673146,0.099280715,0
24.350000004960744,1.3194361,1.5815125,0.109849334,0
24.40000000497093,1.3427665,1.6125381,0.08283603,0
24.45000000498112,1.3380494,1.6139283,0.10761905,0
24.500000004991303,1.3439522,1.5846221,0.12776065,0
24.55000000500149,1.3093721,1.6102071,0.0969882,0
24.600000005011676,1.2839229,1.6351761,0.11778295,0
24.650000005021862,1.3366629,1.6005485,0.11569178,0
24.70000000503205,1.3597404,1.6380686,0.12034607,0
24.75000000504224,1.3520147,1.6144619,0.1468426,0
24.80000000505242,1.3383759,1.5961976,0.1072284,0
24.850000005062608,1.3561056,1.5830649,0.10156047,0
24.900000005072798,1.3380413,1.5816016,0.093216896,0
24.95000000508298,1.3448012,1.6025574,0.118768215,0
25.00000000509317,1.2878727,1.6006718,0.099835396,0
25.050000005103353,1.3534675,1.5984352,0.09005356,0
25.10000000511354,1.3244781,1.5685663,0.13392997,0
25.150000005123726,1.3358293,1.6047459,0.10160923,0
25.200000005133912,1.3552401,1.6560044,0.12564623,0
25.250000005144095,1.3133721,1.6137314,0.10390103,0
25.30000000515428,1.3400714,1.5868598,0.07958782,0
25.350000005164468,1.3592947,1.5916624,0.10071504,0
25.400000005174654,1.3486874,1.5908526,0.103624344,0
25.45000000518484,1.3337457,1.5678657,0.10704136,0
25.500000005195027,1.3388822,1.6175617,0.10711789,0
25.550000005205213,1.3540488,1.6079552,0.112817645,0
25.6000000052154,1.3350711,1.6123796,0.11781263,0
25.650000005225586,1.3503885,1.5772873,0.09342182,0
25.700000005235772,1.3213832,1.612679,0.09946072,0
25.75000000524596,1.2899578,1.6450263,0.14784896,0
25.800000005256145,1.3305169,1.5994265,0.09765208,0
25.85000000526633,1.3514508,1.5825133,0.08107698,0
25.900000005276517,1.3340528,1.6070364,0.12973118,0
25.950000005286704,1.3259076,1.594891,0.13545132,0
26.00000000529689,1.3596783,1.5708882,0.09313226,0
26.050000005307076,1.3517747,1.6483171,0.1358136,0
26.100000005317263,1.3179065,1.6234543,0.09869504,0
26.15000000532745,1.3394701,1.6096629,0.10105729,0
26.200000005337635,1.3314677,1.6240058,0.09084904,0
26.25000000534782,1.3640107,1.6311915,0.14373398,0
26.300000005358008,1.3395994,1.6043133,0.11960256,0
26.350000005368194,1.3492455,1.5709336,0.11750209,0
26.40000000537838,1.3442744,1.6100063,0.12995052,0
26.450000005388567,1.3602331,1.5761982,0.092024565,0
26.500000005398753,1.3457662,1.5857639,0.11479437,0
26.55000000540894,1.3445545,1.5948508,0.09606278,0
26.600000005419126,1.3766633,1.6252338,0.104252696,0
26.650000005429312,1.3423508,1.5821383,0.14523745,0
26.7000000054395,1.352865,1.5653632,0.1084553,0
26.750000005449685,1.3480746,1.6040618,0.08300996,0
26.80000000545987,1.3417792,1.6193873,0.11472297,0
26.850000005470058,1.3596143,1.5993831,0.1019187,0
26.900000005480244,1.3602084,1.5685103,0.086180806,0
26.95000000549043,1.3522232,1.5952053,0.101169944,0
27.000000005500617,1.3326632,1.5952432,0.1003201,0
27.050000005510803,1.3654668,1.6303136,0.09995544,0
27.10000000552099,1.3653516,1.5783114,0.08545768,0
27.150000005531176,1.3530371,1.6309447,0.10376024,0
27.200000005541362,1.3598739,1.6248739,0.114289045,0
27.25000000555155,1.364887,1.5696857,0.11667538,0
27.300000005561735,1.3112819,1.6091249,0.07662892,0
27.35000000557192,1.3903404,1.5911243,0.076076746,0
27.400000005582108,1.3367543,1.5734059,0.0843873,0
27.450000005592294,1.3721838,1.611593,0.09354782,0
27.50000000560248,1.3479309,1.5783423,0.13938117,0
27.550000005612667,1.261716,1.593803,0.084608436,0
27.600000005622853,1.3670523,1.6126949,0.11232197,0
27.65000000563304,1.3091552,1.6127824,0.11432266,0
27.700000005643226,1.3372027,1.6370344,0.087337136,0
27.750000005653412,1.3355529,1.5988129,0.12322199,0
27.8000000056636,1.3467319,1.6120491,0.11789322,0
27.850000005673785,1.3304713,1.586852,0.08742201,0
27.90000000568397,1.2714972,1.612761,0.12379718,0
27.950000005694164,1.3614135,1.595954,0.106098175,0
28.000000005704344,1.364754,1.617198,0.12037361,0
28.05000000571453,1.3187115,1.5830379,0.104271054,0
28.100000005724716,1.3291751,1.5995557,0.10456395,0
28.150000005734903,1.3505445,1.6160138,0.14124739,0
28.20000000574509,1.3521054,1.5832889,0.086111546,0
28.250000005755275,1.3801985,1.6141998,0.090441346,0
28.30000000576546,1.3292598,1.6122891,0.11907506,0
28.350000005775648,1.3460805,1.5958142,0.11349487,0
28.400000005785834,1.3199561,1.61783,0.15024388,0
28.45000000579602,1.377804,1.644825,0.099598646,0
28.500000005806207,1.3464465,1.6381079,0.09839916,0
28.550000005816393,1.3400431,1.6015639,0.11826885,0
28.60000000582658,1.3411282,1.609844,0.10788071,0
28.650000005836766,1.302337,1.5853583,0.08922863,0
28.700000005846952,1.3116846,1.5775484,0.10684848,0
28.75000000585714,1.3619778,1.5870863,0.08507109,0
28.800000005867332,1.3585925,1.5811454,0.121840596,0
28.85000000587751,1.28729,1.5839328,0.09351063,0
28.900000005887698,1.3179253,1.6015999,0.10165,0
28.950000005897884,1.3583713,1.5950071,0.10251629,0
29.00000000590807,1.3490102,1.5930747,0.09289825,0
29.050000005918257,1.3643155,1.581579,0.08807576,0
29.100000005928443,1.3453941,1.6044037,0.123437524,0
29.15000000593863,1.3544719,1.602469,0.084732056,0
29.200000005948816,1.3475913,1.5829064,0.117219925,0
29.250000005959002,1.344831,1.6068666,0.08125126,0
29.30000000596919,1.3433814,1.623687,0.13316166,0
29.350000005979375,1.3135971,1.5930456,0.09929097,0
29.40000000598956,1.3264129,1.6140078,0.09537804,0
29.450000005999748,1.328343,1.6217942,0.08893013,0
29.500000006009934,1.3611736,1.603946,0.10540545,0
29.55000000602012,1.3338618,1.6064997,0.09019792,0
29.600000006030314,1.2933936,1.564259,0.1152544,0
29.650000006040493,1.3448341,1.6190542,0.098155975,0
29.70000000605068,1.3268352,1.6180688,0.1283046,0
29.750000006060873,1.3359888,1.6393404,0.12158525,0
29.800000006071052,1.3582268,1.6517092,0.08446264,0
29.85000000608124,1.3556292,1.5698792,0.14460349,0
29.900000006091425,1.3207453,1.6186804,0.13269746,0
29.95000000610161,1.3588333,1.6319559,0.09879911,0
30.000000006111804,1.3474191,1.6003526,0.08842158,0
30.050000006121984,1.3687737,1.5819547,0.085659385,0
30.10000000613217,1.3008214,1.5844749,0.090155244,0
30.150000006142363,1.3445014,1.652856,0.12580264,0
30.200000006152543,1.3460329,1.5841782,0.0919708,0
30.25000000616273,1.3307395,1.5703005,0.095926404,0
30.300000006172915,1.3595059,1.5764142,0.08842492,0
30.3500000061831,1.3497872,1.6037965,0.1280086,0
30.400000006193288,1.3408868,1.6066501,0.115659475,0
30.450000006203474,1.3721733,1.6358675,0.11782229,0
30.50000000621366,1.3518133,1.5779164,0.123155594,0
30.550000006223847,1.3694892,1.6218734,0.10382819,0
30.600000006234033,1.3386569,1.6212759,0.10232484,0
30.65000000624422,1.3474811,1.5770383,0.106691,0
30.700000006254406,1.3263084,1.6567872,0.11246431,0
30.750000006264592,1.3507278,1.5951633,0.13686049,0
30.80000000627478,1.3804955,1.6463994,0.1232512,0
30.850000006284958,1.3100927,1.6121583,0.090336084,0
30.90000000629515,1.3546635,1.5880938,0.07518089,0
30.950000006305338,1.351725,1.6237724,0.10062277,0
31.000000006315524,1.3465993,1.6095879,0.07694566,0
31.05000000632571,1.3503902,1.5917253,0.102190495,0
31.100000006335897,1.3642824,1.6359574,0.15529668,0
31.150000006346083,1.3357983,1.6202521,0.16891909,0
31.20000000635627,1.3657138,1.6064352,0.09244764,0
31.250000006366456,1.2970006,1.5968233,0.10670018,0
31.300000006376642,1.3738863,1.5903461,0.077882886,0
31.35000000638683,1.2785845,1.6297275,0.111682296,0
31.400000006397008,1.3350685,1.6026077,0.11986494,0
31.4500000064072,1.3279003,1.6275166,0.1081841,0
31.500000006417388,1.3486526,1.6256697,0.099235415,0
31.550000006427574,1.3501209,1.5567952,0.106425405,0
31.60000000643776,1.3455416,1.6402447,0.10934651,0
31.650000006447947,1.3306842,1.6095808,0.08658898,0
31.700000006458133,1.3544385,1.606432,0.10339975,0
31.75000000646832,1.3184469,1.5925078,0.06690991,0
31.800000006478506,1.3703573,1.5962719,0.108421326,0
31.850000006488692,1.3688667,1.5818932,0.07614529,0
31.90000000649888,1.3488336,1.5796937,0.08459449,0
31.950000006509065,1.3363044,1.6057074,0.08766222,0
32.00000000651925,1.34022,1.5900948,0.13752806,0
32.050000006529444,1.3603768,1.5625119,0.120768666,0
32.100000006539624,1.3489021,1.5913956,0.07842302,0
32.15000000654981,1.3346844,1.653755,0.11250019,0
32.20000000656,1.2992126,1.6036937,0.0718528,0
32.25000000657018,1.3528955,1.6052244,0.09172547,0
32.30000000658037,1.3581973,1.6004548,0.08839178,0
32.35000000659056,1.3608606,1.6083144,0.07942593,0
32.40000000660074,1.3566674,1.6363623,0.10320556,0
32.45000000661093,1.3233452,1.5970883,0.08951354,0
32.500000006621114,1.3641102,1.5919483,0.096812725,0
32.5500000066313,1.3514143,1.644069,0.120122075,0
32.60000000664149,1.3291416,1.5795567,0.09063172,0
32.65000000665167,1.3336987,1.59908,0.14658141,0
32.70000000666186,1.3257967,1.6333876,0.12105024,0
32.750000006672046,1.3402567,1.6377478,0.11384642,0
32.80000000668223,1.294601,1.6389027,0.10854447,0
32.85000000669242,1.3514168,1.5800743,0.11009526,0
32.90000000670261,1.3359259,1.6309375,0.1243304,0
32.95000000671279,1.3253444,1.5915169,0.11253524,0
33.00000000672298,1.3044672,1.591337,0.116206884,0
33.050000006733164,1.3422973,1.6285764,0.11424899,0
33.10000000674335,1.3219631,1.5992445,0.121118546,0
33.15000000675354,1.3498685,1.594532,0.105278015,0
33.20000000676372,1.3386836,1.6105328,0.110960364,0
33.25000000677391,1.3610291,1.5950227,0.10595894,0
33.300000006784096,1.3540413,1.6584157,0.12525892,0
33.35000000679428,1.3325053,1.6429901,0.104296565,0
33.40000000680447,1.3512497,1.6395326,0.07996106,0
33.450000006814655,1.345101,1.6017346,0.10079229,0
33.50000000682484,1.3315499,1.5996087,0.08271563,0
33.55000000683503,1.3229184,1.6250513,0.094967246,0
33.600000006845214,1.3435138,1.5819554,0.11759603,0
33.6500000068554,1.3467456,1.5647216,0.06764066,0
33.700000006865594,1.3256838,1.6276437,0.09494805,0
33.75000000687577,1.3547343,1.606351,0.105067015,0
33.80000000688596,1.3221121,1.5850056,0.09516108,0
33.85000000689615,1.3212879,1.590349,0.16630042,0
33.90000000690633,1.3553698,1.5861279,0.10976434,0
33.95000000691652,1.3644922,1.5803196,0.0967015,0
34.000000006926705,1.3695118,1.6220405,0.10399532,0
34.05000000693689,1.3792629,1.5622313,0.12021887,0
34.100000006947084,1.3496239,1.6122907,0.08870518,0
34.150000006957264,1.329848,1.5835308,0.112030506,0
34.20000000696745,1.3552828,1.6005069,0.1323055,0
34.25000000697764,1.3694142,1.616169,0.0945847,0
34.30000000698782,1.3462102,1.5547214,0.13034976,0
34.35000000699801,1.3545249,1.5880388,0.12266493,0
34.400000007008195,1.3539494,1.5958109,0.06518364,0
34.45000000701838,1.3475535,1.6353537,0.118168116,0
34.50000000702857,1.3619332,1.5810874,0.10779178,0
34.550000007038754,1.3317726,1.6201764,0.07942033,0
34.60000000704894,1.3335723,1.5787249,0.09314585,0
34.65000000705913,1.3377239,1.6067244,0.10185158,0
34.70000000706931,1.3541303,1.6180967,0.094338655,0
34.7500000070795,1.3354796,1.6275524,0.10953021,0
34.800000007089686,1.3552982,1.6334099,0.13581657,0
34.85000000709987,1.3622656,1.5995919,0.09425628,0
34.90000000711006,1.2759138,1.6458954,0.13155901,0
34.95000000712024,1.3519728,1.5887542,0.13561547,0
35.00000000713043,1.3479335,1.577699,0.08213329,0
35.05000000714062,1.3496842,1.5958714,0.08789182,0
35.100000007150804,1.354927,1.6133243,0.09151828,0
35.15000000716099,1.3709052,1.571729,0.102009416,0
35.20000000717118,1.3506132,1.6464411,0.107537866,0
35.25000000718136,1.3432091,1.6138821,0.09583688,0
35.30000000719155,1.3669019,1.5854508,0.12068641,0
35.350000007201736,1.3315146,1.6197007,0.12733948,0
35.40000000721192,1.3618886,1.6114635,0.12569964,0
35.45000000722211,1.3584286,1.6219196,0.09613466,0
35.50000000723229,1.3269882,1.5691881,0.10404396,0
35.55000000724248,1.3262556,1.6224644,0.09210622,0
35.60000000725267,1.361501,1.6274136,0.09449911,0
35.650000007262854,1.3344696,1.5909882,0.109354734,0
35.70000000727304,1.3389529,1.6098568,0.124859214,0
35.75000000728323,1.3302921,1.5605055,0.10341871,0
35.80000000729341,1.341162,1.5870386,0.10270548,0
35.8500000073036,1.3456215,1.6228545,0.114185095,0
35.900000007313785,1.3279591,1.6119428,0.11448777,0
35.95000000732397,1.3810043,1.6421558,0.1449784,0
36.00000000733416,1.3791525,1.6281639,0.114800096,0
36.050000007344345,1.3710887,1.5990769,0.13387156,0
36.10000000735453,1.3082008,1.601318,0.083272815,0
36.150000007364724,1.3713236,1.5824537,0.08814907,0
36.2000000073749,1.3468845,1.6075218,0.10249066,0
36.25000000738509,1.3402945,1.609117,0.09070039,0
36.30000000739528,1.3541776,1.6054623,0.11309862,0
36.35000000740546,1.3344496,1.6125264,0.09435558,0
36.40000000741565,1.3420357,1.5984766,0.09305787,0
36.45000000742584,1.3564045,1.6355871,0.11754191,0
36.50000000743602,1.3391964,1.5944244,0.099072814,0
36.55000000744621,1.3509247,1.5846514,0.124801874,0
36.600000007456394,1.298685,1.6070272,0.10984981,0
36.65000000746658,1.3162525,1.6191266,0.14588022,0
36.70000000747677,1.3428369,1.6053079,0.09086454,0
36.75000000748695,1.3579537,1.5992547,0.12966919,0
36.80000000749714,1.3386569,1.5989422,0.120072365,0
36.850000007507326,1.3553312,1.5758584,0.09809291,0
36.90000000751751,1.3036464,1.6109632,0.09291804,0
36.9500000075277,1.3517745,1.5810118,0.09993434,0
37.00000000753789,1.3293095,1.618465,0.10150552,0
37.05000000754807,1.3251383,1.6579635,0.08475578,0
37.10000000755826,1.3390255,1.6261421,0.08928609,0
37.150000007568444,1.3308678,1.5643342,0.11523259,0
37.20000000757863,1.3181422,1.6208087,0.098315,0
37.25000000758882,1.3251259,1.5859687,0.10383797,0
37.300000007599,1.3611699,1.6270399,0.09976697,0
37.35000000760919,1.2989444,1.6011715,0.12428236,0
37.400000007619376,1.3692249,1.6070287,0.10105848,0
37.45000000762956,1.3403146,1.6245533,0.09601998,0
37.50000000763975,1.3479791,1.596442,0.09917176,0
37.550000007649935,1.35027,1.603895,0.13436389,0
37.60000000766012,1.297946,1.5923641,0.11497724,0
37.65000000767031,1.3513439,1.5865558,0.123205185,0
37.700000007680494,1.325223,1.5944802,0.10533738,0
37.75000000769068,1.3734579,1.6093575,0.1278969,0
37.80000000770087,1.3287725,1.6013803,0.08850062,0
37.85000000771105,1.3487434,1.6058648,0.11741912,0
37.90000000772124,1.3573529,1.576596,0.06684816,0
37.950000007731425,1.3474088,1.585632,0.07280183,0
38.00000000774161,1.3433527,1.5784974,0.0830245,0
38.0500000077518,1.3635458,1.5756788,0.09178567,0
38.100000007761984,1.3578485,1.6188283,0.10078311,0
38.15000000777217,1.3339065,1.6040181,0.09426868,0
38.200000007782364,1.3550763,1.6043856,0.105608225,0
38.25000000779254,1.3630002,1.5995873,0.0712136,0
38.30000000780273,1.3417313,1.6023268,0.08236563,0
38.35000000781292,1.3289795,1.620283,0.12000537,0
38.4000000078231,1.3468139,1.5570177,0.14820898,0
38.45000000783329,1.3572509,1.6115505,0.13362586,0
38.500000007843475,1.2955666,1.5800891,0.08278859,0
38.55000000785366,1.3437957,1.5938437,0.102844715,0
38.60000000786385,1.3395904,1.6493368,0.11897862,0
38.650000007874034,1.3753507,1.602407,0.091965675,0
38.70000000788422,1.3335179,1.6054914,0.08148968,0
38.75000000789441,1.3252776,1.5486462,0.10642052,0
38.80000000790459,1.3358054,1.618845,0.11959636,0
38.85000000791478,1.344021,1.6036906,0.10989249,0
38.900000007924966,1.3694277,1.5624267,0.1067183,0
38.95000000793515,1.3482063,1.6219972,0.09471834,0
39.00000000794534,1.3213061,1.595477,0.12838602,0
39.05000000795552,1.3467379,1.6109021,0.082552314,0
39.10000000796571,1.3852559,1.6017153,0.10226905,0
39.1500000079759,1.325011,1.6060413,0.10714495,0
39.200000007986084,1.3496811,1.6107947,0.0928545,0
39.25000000799627,1.3635354,1.6034268,0.08701587,0
39.30000000800646,1.3734989,1.6444219,0.08629978,0
39.35000000801664,1.3419122,1.5854038,0.08579135,0
39.40000000802683,1.3495679,1.6010708,0.07140684,0
39.450000008037016,1.3503319,1.5663126,0.09064984,0
39.5000000080472,1.3354905,1.56341,0.11320567,0
39.55000000805739,1.339698,1.6226095,0.08397174,0
39.60000000806757,1.3511052,1.5843439,0.09723258,0
39.65000000807776,1.3357769,1.5923895,0.14072657,0
39.70000000808795,1.3282356,1.5699054,0.10739124,0
39.750000008098134,1.3313048,1.6299797,0.112359524,0
39.80000000810832,1.3492146,1.6336972,0.10026538,0
39.850000008118506,1.3350302,1.6042215,0.08137298,0
39.90000000812869,1.3732674,1.6109846,0.08907175,0
39.95000000813888,1.3144791,1.6113958,0.083042026,0
40.00000000814906,1.353437,1.59245,0.13334084,0
40.05000000815925,1.3686036,1.5926546,0.08073473,0
40.10000000816944,1.3725383,1.5992147,0.11030722,0
40.150000008179624,1.3252884,1.5801854,0.09198475,0
40.20000000818981,1.3420086,1.6067272,0.09589589,0
40.250000008200004,1.325999,1.5934803,0.12393284,0
40.30000000821018,1.3766136,1.6227013,0.0985204,0
40.35000000822037,1.3028162,1.5971215,0.08626413,0
40.40000000823056,1.3476408,1.6435995,0.08706987,0
40.45000000824074,1.3429164,1.6004791,0.09000242,0
40.50000000825093,1.3535982,1.5759451,0.125767,0
40.55000000826112,1.3599278,1.5886317,0.113117576,0
40.6000000082713,1.3498436,1.5975566,0.08618152,0
40.65000000828149,1.3330971,1.5962143,0.09320676,0
40.700000008291674,1.3627483,1.5877432,0.08512092,0
40.75000000830186,1.3532937,1.6014959,0.07613242,0
40.80000000831205,1.3417163,1.574815,0.09865713,0
40.85000000832223,1.3465908,1.5978123,0.11364329,0
40.90000000833242,1.3526988,1.6047311,0.14835393,0
40.950000008342606,1.3335007,1.5899875,0.09775627,0
41.00000000835279,1.3254051,1.6070563,0.118338704,0
41.05000000836298,1.3482381,1.592095,0.09022248,0
41.10000000837317,1.3058888,1.59114,0.09861767,0
41.15000000838335,1.3385772,1.5921593,0.093702555,0
41.20000000839354,1.3455242,1.5891225,0.10826516,0
41.250000008403724,1.3267685,1.5969182,0.11760616,0
41.30000000841391,1.2992439,1.6143256,0.09282744,0
41.3500000084241,1.3257153,1.6466174,0.11008108,0
41.40000000843428,1.3550378,1.5995154,0.075516224,0
41.45000000844447,1.3703666,1.6026168,0.083581805,0
41.500000008454656,1.3366156,1.5825778,0.13050604,0
41.55000000846484,1.3566934,1.6310798,0.12447274,0
41.60000000847503,1.335668,1.6058578,0.15181267,0
41.650000008485215,1.371131,1.6147352,0.11755788,0
41.7000000084954,1.327657,1.5854799,0.13151813,0
41.750000008505594,1.3625556,1.5922617,0.0850513,0
41.800000008515774,1.342299,1.5941093,0.11468768,0
41.85000000852596,1.3648921,1.6434098,0.10376871,0
41.90000000853615,1.3478851,1.6020529,0.068896174,0
41.95000000854633,1.3593673,1.6313468,0.10486007,0
42.00000000855652,1.3366177,1.5953017,0.11441457,0
42.050000008566705,1.3504053,1.6162336,0.095457196,0
42.10000000857689,1.3201351,1.6356491,0.12500703,0
42.15000000858708,1.3268554,1.5996978,0.09041774,0
42.200000008597264,1.3513105,1.6196631,0.106811285,0
42.25000000860745,1.3423793,1.5806342,0.13165379,0
42.300000008617644,1.3295829,1.6076291,0.121097684,0
42.35000000862782,1.3173895,1.5787584,0.112060785,0
42.40000000863801,1.3606976,1.5722448,0.14520693,0
42.4500000086482,1.3153458,1.6059031,0.16145408,0
42.50000000865838,1.3705137,1.6143055,0.12040615,0
42.55000000866857,1.3342409,1.602401,0.09580755,0
42.600000008678755,1.3404905,1.5889087,0.0882529,0
42.65000000868894,1.328962,1.60467,0.13299537,0
42.70000000869913,1.3649127,1.598321,0.08359897,0
42.750000008709314,1.3510916,1.6197135,0.09938431,0
42.8000000087195,1.3302641,1.5780749,0.10272944,0
42.85000000872969,1.3446698,1.6207125,0.14291847,0
42.90000000873987,1.314657,1.5755556,0.09427285,0
42.95000000875006,1.3616805,1.6251352,0.07946324,0
43.000000008760246,1.3449596,1.6091347,0.11542046,0
43.05000000877043,1.3602017,1.6238093,0.07270563,0
43.10000000878062,1.3540432,1.5788019,0.073880434,0
43.1500000087908,1.3346837,1.6314195,0.09826279,0
43.20000000880099,1.3159933,1.5913837,0.09356189,0
43.25000000881118,1.3175247,1.5979896,0.11247325,0
43.300000008821364,1.3637949,1.6055264,0.09338856,0
43.35000000883155,1.2952077,1.6244043,0.14244485,0
43.40000000884174,1.353078,1.5803301,0.103728294,0
43.45000000885192,1.3462713,1.6258063,0.09264958,0
43.50000000886211,1.3715345,1.6165537,0.09453702,0
43.550000008872296,1.3293247,1.5929121,0.069662094,0
43.60000000888248,1.3153746,1.6399175,0.075300336,0
43.65000000889267,1.3544233,1.6486253,0.09826708,0
43.70000000890285,1.307538,1.5767183,0.112704635,0
43.75000000891304,1.3645551,1.6075944,0.123033166,0
43.80000000892323,1.3278663,1.6146624,0.10426414,0
43.850000008933414,1.3339214,1.5934558,0.09381342,0
43.9000000089436,1.314522,1.5962,0.1015203,0
43.950000008953786,1.3123205,1.6145314,0.11452711,0
44.00000000896397,1.3359278,1.602924,0.0888598,0
44.05000000897416,1.3404117,1.6217333,0.085734844,0
44.10000000898434,1.3353617,1.596383,0.120557904,0
44.15000000899453,1.3511863,1.5884807,0.13640201,0
44.20000000900472,1.3501985,1.574092,0.08249533,0
44.250000009014904,1.3635582,1.5920091,0.08460939,0
44.30000000902509,1.3269124,1.5843953,0.08784509,0
44.350000009035284,1.331574,1.6029174,0.11343539,0
44.40000000904546,1.3184191,1.6145371,0.116432786,0
44.45000000905565,1.3652235,1.6275816,0.094424844,0
44.50000000906584,1.2874291,1.6058613,0.108683944,0
44.55000000907602,1.32693,1.5877624,0.09058499,0
44.60000000908621,1.2847692,1.5772517,0.104059696,0
44.6500000090964,1.3476641,1.595667,0.12955904,0
44.70000000910658,1.3209598,1.5935154,0.09099126,0
44.75000000911677,1.3763351,1.5999104,0.099600196,0
44.800000009126954,1.3621838,1.6399945,0.10683775,0
44.85000000913714,1.3601685,1.6385363,0.12049115,0
44.90000000914733,1.3461536,1.6234691,0.14143467,0
44.95000000915751,1.361753,1.580303,0.08671498,0
45.0000000091677,1.3397795,1.5688319,0.11085284,0
45.050000009177886,1.3510904,1.6205566,0.095595956,0
45.10000000918807,1.3140883,1.596019,0.07695258,0
45.15000000919826,1.3266486,1.6302997,0.11073768,0
45.20000000920845,1.3326907,1.5982869,0.08773255,0
45.25000000921863,1.3458858,1.6090407,0.084536076,0
45.30000000922882,1.3356633,1.6244935,0.099324465,0
45.350000009239004,1.3527486,1.5658658,0.0918864,0
45.40000000924919,1.3629055,1.6014521,0.09864378,0
45.45000000925938,1.3057357,1.6029534,0.0999552,0
45.50000000926956,1.328042,1.5997076,0.077068806,0
45.55000000927975,1.3652346,1.5908157,0.12793851,0
45.600000009289936,1.326214,1.6094704,0.11786997,0
45.65000000930012,1.3525869,1.5990651,0.09121013,0
45.70000000931031,1.319483,1.6050379,0.10823655,0
45.750000009320495,1.3575631,1.5901936,0.08521485,0
45.80000000933068,1.361939,1.6119311,0.088404894,0
45.850000009340874,1.3402916,1.5959272,0.084382415,0
45.900000009351054,1.3373493,1.5917912,0.11058867,0
45.95000000936124,1.3360937,1.6262512,0.095893025,0
46.00000000937143,1.320541,1.6078374,0.10269582,0
46.05000000938161,1.340356,1.6236151,0.119784236,0
46.1000000093918,1.3487465,1.6188543,0.10237324,0
46.150000009401985,1.2915446,1.6038889,0.17903173,0
46.20000000941217,1.3635868,1.6078211,0.08378434,0
46.25000000942236,1.3125647,1.606895,0.14476311,0
46.300000009432544,1.2971613,1.5929153,0.11313856,0
46.35000000944273,1.3710325,1.6158444,0.108127594,0
46.400000009452924,1.3459884,1.5942988,0.14968503,0
46.4500000094631,1.343904,1.5882303,0.071615815,0
46.50000000947329,1.3504446,1.6130569,0.10288751,0
46.55000000948348,1.3615751,1.5984428,0.08578503,0
46.60000000949366,1.3340629,1.6438736,0.08400977,0
46.65000000950385,1.3595316,1.6101503,0.10047436,0
46.700000009514035,1.3535233,1.6022085,0.11967349,0
46.75000000952422,1.3204839,1.6590333,0.101178765,0
46.80000000953441,1.3405949,1.6152561,0.10194075,0
46.850000009544594,1.3661754,1.6307085,0.09292877,0
46.90000000955478,1.3433394,1.6335514,0.12515485,0
46.95000000956497,1.3644983,1.6252632,0.090624094,0
47.00000000957515,1.3295829,1.6199493,0.10573268,0
47.05000000958534,1.3720769,1.6404682,0.09130597,0
47.100000009595526,1.2980438,1.6189967,0.11137402,0
47.15000000960571,1.3592396,1.6062826,0.12740636,0
47.2000000096159,1.3491998,1.6241925,0.114028335,0
47.25000000962608,1.3367783,1.6185737,0.10472143,0
47.30000000963627,1.3635169,1.6005418,0.10240424,0
47.35000000964646,1.3636193,1.5843762,0.15065932,0
47.400000009656644,1.3550366,1.603309,0.096150875,0
47.45000000966683,1.3341813,1.5951262,0.10630751,0
47.50000000967702,1.3604807,1.5817842,0.11719203,0
47.5500000096872,1.3289115,1.6236329,0.12645555,0
47.60000000969739,1.3484298,1.6115677,0.13915849,0
47.650000009707576,1.3157725,1.5987515,0.08429158,0
47.70000000971776,1.3294444,1.5997252,0.087828755,0
47.75000000972795,1.3260927,1.6126208,0.111427665,0
47.800000009738135,1.3426696,1.5860145,0.08804476,0
47.85000000974832,1.3579443,1.6240567,0.1168617,0
47.90000000975851,1.3757254,1.5812296,0.0895555,0
47.950000009768694,1.3031595,1.5874686,0.09102285,0
48.00000000977888,1.3280163,1.6156541,0.10707092,0
48.050000009789066,1.3740659,1.6002748,0.096294165,0
48.10000000979925,1.3417554,1.5899296,0.09603274,0
48.15000000980944,1.3073598,1.6174982,0.13895667,0
48.20000000981962,1.3401077,1.5995862,0.0762949,0
48.25000000982981,1.374147,1.5955656,0.07752037,0
48.30000000984,1.3398672,1.6291585,0.0988003,0
48.350000009850184,1.3640398,1.6081061,0.11917293,0
48.40000000986037,1.3653028,1.609494,0.079135776,0
48.450000009870564,1.3684595,1.6411484,0.09547651,0
48.50000000988074,1.3390949,1.5991213,0.09533763,0
48.55000000989093,1.3338352,1.6023364,0.11255002,0
48.60000000990112,1.3688384,1.6290298,0.084900856,0
48.6500000099113,1.3122478,1.5993096,0.096408844,0
48.70000000992149,1.3313124,1.6073761,0.12383008,0
48.75000000993168,1.3540696,1.6051438,0.09912765,0
48.80000000994186,1.3362935,1.5697628,0.104435444,0
48.85000000995205,1.354878,1.6005831,0.13271034,0
48.900000009962234,1.311275,1.6270747,0.113474965,0
48.95000000997242,1.3541173,1.5556134,0.107604265,0
49.00000000998261,1.3531339,1.613559,0.07544565,0
49.05000000999279,1.3487568,1.5860294,0.12005174,0
49.10000001000298,1.3358849,1.580483,0.10665071,0
49.150000010013166,1.3163459,1.618257,0.08104181,0
49.20000001002335,1.3753392,1.6208445,0.09048629,0
49.25000001003354,1.3662572,1.5712247,0.10790205,0
49.30000001004373,1.3370205,1.5811236,0.08061087,0
49.35000001005391,1.3271315,1.5969003,0.10731292,0
49.4000000100641,1.3544745,1.6078824,0.08983719,0
49.450000010074284,1.3288078,1.6246141,0.112173915,0
49.50000001008447,1.3340188,1.6488059,0.115649104,0
49.55000001009466,1.3715881,1.6044129,0.118395805,0
49.60000001010484,1.3289847,1.5894444,0.15860355,0
49.65000001011503,1.3329837,1.5991576,0.10734093,0
49.700000010125216,1.3746581,1.6176205,0.09904635,0
49.7500000101354,1.3259122,1.6049633,0.09658301,0
49.80000001014559,1.3147216,1.6044495,0.106336,0
49.850000010155775,1.3423803,1.628018,0.09486127,0
49.90000001016596,1.3237203,1.6033957,0.098992944,0
49.950000010176154,1.3677706,1.646632,0.11723101,0
50.000000010186334,1.3408017,1.6008921,0.103714705,0
50.05000001019652,1.332247,1.5971622,0.1563698,0
50.10000001020671,1.3715885,1.5869099,0.0829612,0
50.15000001021689,1.3486881,1.5820814,0.121929765,0
50.20000001022708,1.3188452,1.587518,0.079857945,0
50.250000010237265,1.3476846,1.6402661,0.1009444,0
50.30000001024745,1.3453338,1.6515474,0.13350224,0
50.35000001025764,1.3523581,1.6222371,0.09282982,0
50.400000010267824,1.3195796,1.6183283,0.09769356,0
50.45000001027801,1.3156483,1.6089768,0.11400616,0
50.500000010288204,1.3670017,1.598201,0.122195125,0
50.55000001029838,1.3511655,1.5732412,0.11769986,0
50.60000001030857,1.3593209,1.602555,0.08729327,0
50.65000001031876,1.3551766,1.6131598,0.11598241,0
50.70000001032894,1.3575861,1.5603031,0.10287571,0
50.75000001033913,1.3126041,1.5902443,0.08363724,0
50.800000010349315,1.3359976,1.5985596,0.08997476,0
50.8500000103595,1.3409469,1.5640438,0.10364711,0
50.90000001036969,1.3343732,1.5807002,0.13151622,0
50.950000010379874,1.3201195,1.5799348,0.09869528,0
51.00000001039006,1.328666,1.633042,0.08734095,0
51.05000001040025,1.3640165,1.6055983,0.10842097,0
51.10000001041043,1.2753416,1.6859697,0.11230171,0
51.15000001042062,1.3395144,1.6066688,0.08593643,0
51.200000010430806,1.3218448,1.6131778,0.1380322,0
51.25000001044099,1.3713616,1.5967753,0.094165444,0
51.30000001045118,1.3578417,1.5701402,0.08469391,0
51.35000001046136,1.3012161,1.5950738,0.1034013,0
51.40000001047155,1.3378577,1.6017376,0.095290184,0
51.45000001048174,1.3458931,1.6122514,0.081893206,0
51.500000010491924,1.3410857,1.5974,0.10117626,0
51.55000001050211,1.3641169,1.6186112,0.13712502,0
51.6000000105123,1.3434209,1.609451,0.106535554,0
51.65000001052248,1.3444862,1.5844462,0.09133136,0
51.70000001053267,1.319436,1.6097903,0.1395607,0
51.75000001054285,1.3187748,1.6039426,0.08850598,0
51.80000001055304,1.3027773,1.6336081,0.10045135,0
51.85000001056323,1.3504426,1.6162081,0.112906694,0
51.900000010573414,1.3675379,1.6067094,0.09733009,0
51.9500000105836,1.3419657,1.6143432,0.08718407,0
52.00000001059379,1.3661419,1.6295356,0.10593498,0
52.05000001060397,1.3373232,1.5886598,0.08934784,0
52.10000001061416,1.3394624,1.5867476,0.11415911,0
52.150000010624346,1.3377008,1.6007998,0.11141431,0
52.20000001063453,1.3501954,1.6171104,0.116657615,0
52.25000001064472,1.3435143,1.6332297,0.115184546,0
52.3000000106549,1.3511727,1.63594,0.101852536,0
52.35000001066509,1.3132113,1.5955447,0.09873092,0
52.40000001067528,1.3109683,1.7137157,0.14004767,0
52.450000010685464,1.3331726,1.5647149,0.09007585,0
52.50000001069565,1.3432075,1.5624988,0.11653757,0
52.550000010705844,1.3415624,1.6099474,0.07958925,0
52.60000001071602,1.3372815,1.5620793,0.10786116,0
52.65000001072621,1.3328059,1.5996647,0.11875546,0
52.7000000107364,1.351471,1.6257066,0.17909133,0
52.75000001074658,1.3587548,1.5763259,0.1307925,0
52.80000001075677,1.3484758,1.6038039,0.10662651,0
52.85000001076696,1.3369792,1.5912439,0.10637283,0
52.90000001077714,1.3127341,1.5982325,0.13317466,0
52.95000001078733,1.3375359,1.5940632,0.11222184,0
53.000000010797514,1.3419614,1.6616521,0.12849534,0
53.0500000108077,1.3578482,1.6263497,0.08396804,0
53.10000001081789,1.3784128,1.6320927,0.10173452,0
53.15000001082807,1.3494815,1.6057589,0.109167814,0
53.20000001083826,1.3462231,1.6218494,0.09077704,0
53.250000010848446,1.3354356,1.6154164,0.101766944,0
53.30000001085863,1.3365936,1.5821809,0.10305524,0
53.35000001086882,1.362105,1.623239,0.114706635,0
53.40000001087901,1.3599813,1.6308235,0.12760699,0
53.45000001088919,1.289418,1.6258372,0.07901263,0
53.50000001089938,1.3640306,1.6213386,0.12909102,0
53.550000010909564,1.3238416,1.6014001,0.11140239,0
53.60000001091975,1.3603015,1.5989139,0.0691092,0
53.650000010929936,1.3280493,1.5606906,0.08655262,0
53.70000001094012,1.3470839,1.628165,0.1535145,0
53.75000001095031,1.3215623,1.591463,0.09571087,0
53.800000010960495,1.3442534,1.6280199,0.117586136,0
53.85000001097068,1.3379314,1.6190624,0.08590567,0
53.90000001098087,1.3603506,1.5987096,0.14147127,0
53.950000010991054,1.3581514,1.6000118,0.09918451,0
54.00000001100124,1.3385136,1.6085017,0.10020292,0
54.050000011011434,1.3552086,1.5976464,0.071976185,0
54.10000001102161,1.3554254,1.6090052,0.0854131,0
54.1500000110318,1.3329988,1.5850605,0.104947686,0
54.20000001104199,1.3418316,1.6188047,0.100759506,0
54.25000001105217,1.3367654,1.6059577,0.08791256,0
54.30000001106236,1.365592,1.6107626,0.07715309,0
54.350000011072545,1.3444139,1.6087013,0.17671466,0
54.40000001108273,1.3470838,1.5924125,0.07018936,0
54.45000001109292,1.3654122,1.6162798,0.11190522,0
54.500000011103104,1.3378232,1.5847446,0.09217346,0
54.55000001111329,1.3459802,1.6041441,0.09551954,0
54.600000011123484,1.3628821,1.5953057,0.09938002,0
54.65000001113366,1.3345578,1.6009939,0.089714885,0
54.70000001114385,1.3786888,1.57531,0.101524115,0
54.75000001115404,1.3354241,1.583246,0.10113227,0
54.80000001116422,1.3229415,1.6307514,0.11874676,0
54.85000001117441,1.3518852,1.6527817,0.12242353,0
54.900000011184595,1.3179313,1.5902634,0.093086004,0
54.95000001119478,1.348208,1.6295582,0.09785056,0
55.00000001120497,1.3110183,1.5881939,0.10375559,0
55.050000011215154,1.3480889,1.6041027,0.088350534,0
55.10000001122534,1.323051,1.5983791,0.100396276,0
55.15000001123553,1.3383632,1.6412328,0.13725555,0
55.20000001124571,1.3328314,1.5940083,0.09888649,0
55.2500000112559,1.3597583,1.6049521,0.12346494,0
55.300000011266086,1.3654822,1.6142606,0.11181986,0
55.35000001127627,1.3307768,1.6207883,0.0921675,0
55.40000001128646,1.3596632,1.5691565,0.10185194,0
55.45000001129664,1.3368009,1.6111646,0.09311938,0
55.50000001130683,1.3637,1.6499819,0.10430992,0
55.55000001131702,1.3588302,1.5864648,0.06615913,0
55.600000011327204,1.3525128,1.6060266,0.08417237,0
55.65000001133739,1.3063871,1.5812461,0.09318316,0
55.700000011347576,1.2823528,1.6073776,0.09452307,0
55.75000001135776,1.3606904,1.6058466,0.08893728,0
55.80000001136795,1.3009813,1.5991706,0.08788037,0
55.85000001137813,1.3583281,1.6188984,0.12569082,0
55.90000001138832,1.3490965,1.5983038,0.104935884,0
55.95000001139851,1.3552755,1.5943979,0.08379102,0
56.000000011408694,1.3399293,1.615063,0.101895094,0
56.05000001141888,1.3543253,1.5934359,0.110759735,0
56.10000001142907,1.3331729,1.5894328,0.07935405,0
56.15000001143925,1.3564682,1.5800834,0.07704902,0
56.20000001144944,1.329493,1.5815303,0.13290095,0
56.250000011459626,1.344142,1.5778656,0.08736074,0
56.30000001146981,1.3187795,1.6096203,0.092145324,0
56.35000001148,1.3321608,1.6030724,0.09608257,0
56.40000001149018,1.3203332,1.5857327,0.101068854,0
56.45000001150037,1.3820578,1.6024129,0.09920049,0
56.50000001151056,1.3453001,1.6217744,0.13091898,0
56.550000011520744,1.3438104,1.6132201,0.09517491,0
56.60000001153093,1.3345252,1.6104568,0.07663751,0
56.650000011541124,1.3541183,1.6220734,0.104028225,0
56.7000000115513,1.3312341,1.5959249,0.099894404,0
56.75000001156149,1.3622428,1.6242611,0.10874796,0
56.80000001157168,1.3669777,1.579687,0.120610595,0
56.85000001158186,1.3285966,1.6171439,0.11786914,0
56.90000001159205,1.3358374,1.6187209,0.114937305,0
56.95000001160224,1.3832197,1.5723878,0.083020926,0
57.00000001161242,1.363605,1.5948126,0.07482016,0
57.05000001162261,1.350452,1.6082692,0.10166216,0
57.100000011632794,1.3486807,1.6217785,0.08327651,0
57.15000001164298,1.3192196,1.5989436,0.118451,0
57.20000001165317,1.3422512,1.6617937,0.13143551,0
57.25000001166335,1.3515704,1.5925342,0.065702796,0
57.30000001167354,1.3567549,1.613503,0.12218702,0
57.350000011683726,1.3449926,1.6372174,0.104685545,0
57.40000001169391,1.3315198,1.6285958,0.13141847,0
57.4500000117041,1.3565626,1.5530205,0.09513283,0
57.50000001171429,1.3519238,1.6164496,0.10885024,0
57.55000001172447,1.3116305,1.5908916,0.101884484,0
57.60000001173466,1.3502531,1.5854496,0.089612484,0
57.650000011744844,1.3573732,1.5828829,0.09464586,0
57.70000001175503,1.3416281,1.6080348,0.08830404,0
57.750000011765216,1.3537043,1.6019211,0.11388457,0
57.8000000117754,1.2887408,1.6035023,0.09160161,0
57.85000001178559,1.3645608,1.6070297,0.08054781,0
57.900000011795775,1.3004987,1.6290014,0.12048519,0
57.95000001180596,1.3651,1.6605306,0.12248826,0
58.00000001176521,1.3646567,1.6052697,0.07560384,0
58.0500000115935,1.3554869,1.5795283,0.11948073,0
58.100000011421784,1.3697121,1.5985727,0.08654606,0
58.15000001125007,1.3551372,1.605487,0.121666074,0
58.20000001107836,1.3439453,1.6099443,0.10419214,0
58.250000010906646,1.3315116,1.5766674,0.09977448,0
58.300000010734934,1.3551252,1.5969402,0.13970256,0
58.35000001056322,1.3663136,1.6192231,0.0990001,0
58.40000001039151,1.347739,1.6577437,0.1273855,0
58.450000010219796,1.3169816,1.6415709,0.12347925,0
58.50000001004808,1.3463771,1.628276,0.097917795,0
58.55000000987637,1.3321896,1.621986,0.10072255,0
58.60000000970466,1.3515084,1.628465,0.09810686,0
58.650000009532945,1.3194964,1.5763611,0.09315896,0
58.70000000936123,1.379417,1.5858811,0.09562421,0
58.75000000918952,1.324525,1.6284924,0.1162194,0
58.80000000901781,1.3301773,1.6178732,0.094013214,0
58.850000008846095,1.3223071,1.617791,0.09164858,0
58.90000000867438,1.3354273,1.6148185,0.15348852,0
58.95000000850267,1.3042349,1.6101475,0.12315464,0
59.00000000833096,1.3133098,1.6053231,0.15818644,0
59.050000008159245,1.3284558,1.5943712,0.1378634,0
59.10000000798753,1.3554292,1.6221261,0.09247601,0
59.15000000781582,1.3369077,1.576675,0.10612321,0
59.20000000764411,1.3141606,1.5948342,0.09693086,0
59.250000007472394,1.3434922,1.5922277,0.12206471,0
59.30000000730068,1.340868,1.6191053,0.10106015,0
59.35000000712897,1.3432335,1.6081038,0.09212804,0
59.40000000695726,1.3460696,1.6172863,0.09949803,0
59.450000006785544,1.3366451,1.6185598,0.121382475,0
59.50000000661383,1.303239,1.6138362,0.114034176,0
59.55000000644212,1.3248779,1.5879637,0.10127962,0
59.600000006270406,1.3326551,1.598892,0.09448981,0
59.65000000609869,1.3833816,1.6116685,0.078511715,0
59.70000000592698,1.3378531,1.6008866,0.090266466,0
59.75000000575527,1.3275446,1.6259632,0.10621762,0
59.800000005583556,1.3603615,1.5956693,0.12417185,0
59.85000000541184,1.3274027,1.564927,0.14687848,0
59.90000000524013,1.3565981,1.6010578,0.12359738,0
59.95000000506842,1.3631384,1.5991204,0.101943016,0
60.000000004896705,1.365902,1.610831,0.08958542,0
60.05000000472499,1.3751286,1.6544992,0.12134242,0
60.10000000455328,1.3372184,1.5993056,0.10411191,0
60.15000000438157,1.3672233,1.6090794,0.1256063,0
60.200000004209855,1.3596838,1.6228397,0.10418236,0
60.25000000403814,1.3432349,1.599541,0.10801244,0
60.30000000386643,1.3171496,1.5936959,0.10322273,0
60.35000000369472,1.3724117,1.5872008,0.12860823,0
60.400000003523004,1.3525511,1.590804,0.07710338,0
60.45000000335129,1.3408912,1.5902522,0.13174415,0
60.50000000317958,1.3152887,1.5722854,0.11357999,0
60.55000000300787,1.3320483,1.6106516,0.116654515,0
60.600000002836154,1.3454252,1.6079445,0.09207058,0
60.65000000266444,1.3512653,1.6213291,0.13278532,0
60.70000000249273,1.3295382,1.5806937,0.111387014,0
60.750000002321016,1.351317,1.6355028,0.0997504,0
60.800000002149304,1.340593,1.6018491,0.11048508,0
60.85000000197759,1.357168,1.6078674,0.123446345,0
60.90000000180588,1.3247973,1.6467357,0.09392476,0
60.950000001634166,1.3525463,1.6275202,0.103966355,0
61.00000000146245,1.3282013,1.6490413,0.1096369,0
61.05000000129074,1.339892,1.6194234,0.08793986,0
61.10000000111903,1.2938143,1.590359,0.08626938,0
61.150000000947315,1.3418329,1.6205292,0.13207078,0
61.2000000007756,1.3773465,1.6167514,0.07025385,0
61.25000000060389,1.3485943,1.5897849,0.09780276,0
61.30000000043218,1.3259592,1.5889714,0.10170257,0
61.350000000260465,1.3409925,1.5877527,0.12041366,0
61.40000000008875,1.3686492,1.5909827,0.08899307,0
61.44999999991704,1.3399125,1.6288875,0.11084235,0
61.49999999974533,1.361021,1.6262661,0.098317504,0
61.549999999573615,1.3547558,1.6280475,0.10008526,0
61.5999999994019,1.3119959,1.5903406,0.12425351,0
61.64999999923019,1.3099067,1.5944618,0.098216414,0
61.69999999905848,1.3591622,1.5929985,0.1170516,0
61.749999998886764,1.3337184,1.61385,0.1156224,0
61.79999999871505,1.3193591,1.669317,0.13616025,0
61.84999999854334,1.3385999,1.6076264,0.07726824,0
61.89999999837163,1.34189,1.6051488,0.11162233,0
61.949999998199914,1.3477896,1.5703673,0.0840168,0
61.9999999980282,1.3853283,1.5859094,0.11328828,0
62.04999999785649,1.36638,1.6116643,0.103904724,0
62.099999997684776,1.3532577,1.602397,0.09967482,0
62.14999999751306,1.3396618,1.6056688,0.10090685,0
62.19999999734135,1.3400912,1.611552,0.13327515,0
62.24999999716964,1.3375343,1.6427011,0.119672775,0
62.299999996997926,1.3393568,1.6209614,0.110019326,0
62.34999999682621,1.3223178,1.6243261,0.105528474,0
62.3999999966545,1.314337,1.5639592,0.13947535,0
62.44999999648279,1.341957,1.5959961,0.08420682,0
62.499999996311075,1.3351673,1.5806696,0.07989001,0
62.54999999613936,1.3530027,1.6213264,0.12220466,0
62.59999999596765,1.3365191,1.5970604,0.09988308,0
62.64999999579594,1.3495033,1.592151,0.13315344,0
62.699999995624225,1.3220196,1.5927655,0.090783,0
62.74999999545251,1.3286057,1.6026069,0.13503504,0
62.7999999952808,1.3252726,1.5896462,0.0920006,0
62.84999999510909,1.3458338,1.6260543,0.09569609,0
62.899999994937374,1.3782697,1.6019485,0.10477114,0
62.94999999476566,1.3812147,1.6164558,0.10564387,0
62.99999999459395,1.3596284,1.6566913,0.11101937,0
63.04999999442224,1.3246365,1.6227582,0.14508522,0
63.099999994250524,1.3263533,1.5713793,0.13879716,0
63.14999999407881,1.3828692,1.5971626,0.100150585,0
63.1999999939071,1.3624291,1.6311893,0.098032594,0
63.249999993735386,1.3372693,1.5667691,0.10737109,0
63.299999993563674,1.2770683,1.6392554,0.11077607,0
63.34999999339196,1.3320055,1.5778804,0.1225847,0
63.39999999322025,1.3561105,1.6174104,0.13072455,0
63.449999993048536,1.3590597,1.5943229,0.117830515,0
63.49999999287682,1.2974573,1.5958374,0.10507631,0
63.54999999270511,1.3312771,1.5643586,0.10441828,0
63.5999999925334,1.3268738,1.6116207,0.090399384,0
63.649999992361685,1.357695,1.5938284,0.10458791,0
63.69999999218997,1.3470136,1.5994848,0.07211077,0
63.74999999201826,1.3465204,1.5799536,0.083921075,0
63.79999999184655,1.3559903,1.5923506,0.10905063,0
63.849999991674835,1.3572448,1.6055048,0.08884704,0
63.89999999150312,1.3370086,1.6284908,0.09813261,0
63.94999999133141,1.3642515,1.6333114,0.08783519,0
63.9999999911597,1.337257,1.6211069,0.0899564,0
64.04999999098798,1.3339999,1.6293342,0.10993016,0
64.09999999081627,1.350229,1.5879812,0.112719536,0
64.14999999064456,1.3072388,1.5985845,0.12256265,0
64.19999999047285,1.3275398,1.5758325,0.081779,0
64.24999999030113,1.3414328,1.5686266,0.14615548,0
64.29999999012942,1.3545372,1.6307199,0.09987295,0
64.34999998995771,1.3252746,1.5817919,0.1121943,0
64.399999989786,1.3301755,1.6101828,0.120982885,0
64.44999998961428,1.3577543,1.6424285,0.12909985,0
64.49999998944257,1.3719857,1.5953228,0.08790982,0
64.54999998927086,1.3266747,1.6021138,0.09861064,0
64.59999998909915,1.3711052,1.6459348,0.10931337,0
64.64999998892743,1.3440901,1.5948803,0.10473919,0
64.69999998875572,1.3503158,1.5826771,0.103031516,0
64.74999998858401,1.3531817,1.6073616,0.12767899,0
64.7999999884123,1.3622897,1.6175598,0.101387024,0
64.84999998824058,1.3387156,1.6160046,0.08893752,0
64.89999998806887,1.3402165,1.582517,0.12974215,0
64.94999998789716,1.3550055,1.5987777,0.10465264,0
64.99999998772545,1.3575684,1.6157713,0.10304463,0
65.04999998755373,1.3075174,1.6336597,0.11561453,0
65.09999998738202,1.3416209,1.6079795,0.15577173,0
65.14999998721031,1.3595722,1.5963535,0.061431885,0
65.1999999870386,1.3617866,1.6137851,0.122226715,0
65.24999998686688,1.3238282,1.5981033,0.105704665,0
65.29999998669517,1.3255273,1.58411,0.12436378,0
65.34999998652346,1.3520935,1.6090279,0.12706125,0
65.39999998635174,1.3589749,1.597271,0.14540541,0
65.44999998618003,1.3541442,1.6464281,0.113271356,0
65.49999998600832,1.3459973,1.6528107,0.119214416,0
65.5499999858366,1.364526,1.6101034,0.089845896,0
65.5999999856649,1.2939906,1.6069992,0.122969866,0
65.64999998549318,1.3174973,1.6056125,0.09901285,0
65.69999998532147,1.3045956,1.5912504,0.08931315,0
65.74999998514976,1.3632358,1.5499971,0.109547734,0
65.79999998497804,1.3358314,1.587438,0.10851741,0
65.84999998480633,1.3263211,1.6041391,0.09826672,0
65.89999998463462,1.3412538,1.642242,0.10988307,0
65.9499999844629,1.3465439,1.6364574,0.08724022,0
65.9999999842912,1.3086667,1.6177608,0.11115372,0
66.04999998411948,1.3358455,1.5761507,0.09341824,0
66.09999998394777,1.3390635,1.5863547,0.11601412,0
66.14999998377606,1.3107746,1.6038845,0.119202256,0
66.19999998360434,1.3267761,1.6398993,0.094227314,0
66.24999998343263,1.3690256,1.6255606,0.07985902,0
66.29999998326092,1.3689013,1.602943,0.10179448,0
66.3499999830892,1.3140407,1.6145872,0.11561382,0
66.39999998291749,1.3467381,1.6269773,0.12551296,0
66.44999998274578,1.367638,1.6159191,0.103527546,0
66.49999998257407,1.3564763,1.5889969,0.10374057,0
66.54999998240235,1.3461305,1.6576205,0.083952546,0
66.59999998223064,1.3535423,1.6347544,0.08908248,0
66.64999998205893,1.3773942,1.5986395,0.11019409,0
66.69999998188722,1.3598932,1.6518122,0.11405587,0
66.7499999817155,1.3438159,1.6406269,0.07882762,0
66.79999998154379,1.3469906,1.5781348,0.11558449,0
66.84999998137208,1.3532,1.5703934,0.07824063,0
66.89999998120037,1.3563323,1.6499076,0.1318624,0
66.94999998102865,1.3477694,1.6250865,0.108906746,0
66.99999998085694,1.318875,1.5983068,0.100262165,0
67.04999998068523,1.3543819,1.6148036,0.103964806,0
67.09999998051352,1.350781,1.5982885,0.10111117,0
67.1499999803418,1.3511989,1.6185938,0.08994138,0
67.19999998017009,1.3479104,1.6114842,0.13034177,0
67.24999997999838,1.3200278,1.5588254,0.08076215,0
67.29999997982667,1.3440645,1.6022366,0.11285591,0
67.34999997965495,1.3553085,1.6309935,0.0945673,0
67.39999997948324,1.3602002,1.5974448,0.10770059,0
67.44999997931153,1.3391454,1.614274,0.106186986,0
67.49999997913982,1.3500739,1.6189481,0.10105646,0
67.5499999789681,1.3403678,1.63276,0.11471486,0
67.59999997879639,1.3601261,1.6058292,0.109969854,0
67.64999997862468,1.3346899,1.5915216,0.07794249,0
67.69999997845296,1.3489165,1.6322217,0.099064946,0
67.74999997828125,1.3240753,1.6252102,0.071101665,0
67.79999997810954,1.3531632,1.6407491,0.1103909,0
67.84999997793783,1.3543384,1.5944077,0.12236714,0
67.89999997776611,1.3215692,1.6226449,0.14785123,0
67.9499999775944,1.3437381,1.6254593,0.09510112,0
67.99999997742269,1.3332138,1.6120651,0.15437448,0
68.04999997725098,1.3297569,1.6032519,0.09756625,0
68.09999997707926,1.3410041,1.6488403,0.11848211,0
68.14999997690755,1.3304117,1.5972514,0.100046754,0
68.19999997673584,1.3577061,1.6423999,0.11204171,0
68.24999997656413,1.2562153,1.5951173,0.11350739,0
68.29999997639241,1.3411102,1.6378222,0.107463956,0
68.3499999762207,1.358757,1.6229178,0.10689819,0
68.39999997604899,1.3602518,1.6180028,0.12708199,0
68.44999997587728,1.3228323,1.5886302,0.106098294,0
68.49999997570556,1.3383323,1.6207995,0.10892093,0
68.54999997553385,1.3480937,1.5729214,0.109291315,0
68.59999997536214,1.3612432,1.6465878,0.11622965,0
68.64999997519043,1.3220184,1.5908735,0.09369612,0
68.69999997501871,1.3686588,1.6055853,0.13677287,0
68.749999974847,1.3772802,1.6165221,0.08336532,0
68.79999997467529,1.3205605,1.5847265,0.16702783,0
68.84999997450358,1.3649626,1.607523,0.08197081,0
68.89999997433186,1.351365,1.611301,0.090219736,0
68.94999997416015,1.3293688,1.6052754,0.10053301,0
68.99999997398844,1.3720634,1.6225197,0.09568739,0
69.04999997381672,1.280625,1.615784,0.085425854,0
69.09999997364501,1.3653967,1.6010028,0.09065151,0
69.1499999734733,1.3597429,1.5824256,0.078388095,0
69.19999997330159,1.3345983,1.5994202,0.082427144,0
69.24999997312987,1.3358027,1.583531,0.1556524,0
69.29999997295816,1.3639483,1.6054032,0.07982147,0
69.34999997278645,1.3608906,1.6009061,0.12669766,0
69.39999997261474,1.3664653,1.6062139,0.09058285,0
69.44999997244302,1.3660481,1.57374,0.15691388,0
69.49999997227131,1.3457224,1.5955396,0.07155073,0
69.5499999720996,1.3634478,1.6022141,0.09545493,0
69.59999997192789,1.3201573,1.590662,0.15577841,0
69.64999997175617,1.3516189,1.5947534,0.097305775,0
69.69999997158446,1.3196479,1.6431763,0.12597513,0
69.74999997141275,1.3157476,1.5821819,0.101525545,0
69.79999997124104,1.3369439,1.6032851,0.08092058,0
69.84999997106932,1.3651121,1.6226819,0.11753881,0
69.89999997089761,1.3632249,1.6165549,0.11718726,0
69.9499999707259,1.37065,1.591738,0.08587837,0
69.99999997055419,1.3351642,1.6202888,0.10224366,0
70.04999997038247,1.3104055,1.594948,0.114700675,0
70.09999997021076,1.3750945,1.6264269,0.11981988,0
70.14999997003905,1.3226514,1.6380641,0.1240406,0
70.19999996986733,1.3559787,1.5900469,0.096358776,0
70.24999996969562,1.2947083,1.5912491,0.11532688,0
70.29999996952391,1.3293886,1.6295419,0.11149669,0
70.3499999693522,1.3494108,1.5884875,0.08623099,0
70.39999996918048,1.3302915,1.5867183,0.09936297,0
70.44999996900877,1.3032153,1.5976815,0.12013364,0
70.49999996883706,1.3199196,1.6193144,0.11171436,0
70.54999996866535,1.3278229,1.5839152,0.124668,0
70.59999996849363,1.3573699,1.6213181,0.085556865,0
70.64999996832192,1.2795122,1.613842,0.11508107,0
70.69999996815021,1.3223011,1.600582,0.07237005,0
70.7499999679785,1.3346429,1.591779,0.10036862,0
70.79999996780678,1.3371522,1.5937465,0.14178693,0
70.84999996763507,1.3539075,1.6159053,0.099815965,0
70.89999996746336,1.314425,1.6002177,0.094501495,0
70.94999996729165,1.3328304,1.5865543,0.09622264,0
70.99999996711993,1.313468,1.6432998,0.11374366,0
71.04999996694822,1.3441477,1.6082354,0.11598945,0
71.09999996677651,1.3533409,1.6251428,0.09478462,0
71.1499999666048,1.3519752,1.6123401,0.1020236,0
71.19999996643308,1.3587266,1.5730203,0.10031283,0
71.24999996626137,1.3761483,1.6052871,0.11726308,0
71.29999996608966,1.3600125,1.5835745,0.09114146,0
71.34999996591795,1.3694118,1.5947082,0.0829252,0
71.39999996574623,1.3399999,1.5825225,0.11601555,0
71.44999996557452,1.3633741,1.5970159,0.09173775,0
71.49999996540281,1.3504714,1.6074086,0.07869089,0
71.5499999652311,1.3627093,1.6066712,0.10474563,0
71.59999996505938,1.3305293,1.645787,0.09912515,0
71.64999996488767,1.356212,1.609041,0.0964427,0
71.69999996471596,1.3562053,1.6041985,0.106508255,0
71.74999996454424,1.3636136,1.6267211,0.10867596,0
71.79999996437253,1.3678088,1.590271,0.09287572,0
71.84999996420082,1.3730874,1.6085709,0.09180009,0
71.8999999640291,1.3279471,1.5839918,0.0868144,0
71.9499999638574,1.3465248,1.5776863,0.07769096,0
71.99999996368568,1.3383056,1.5813026,0.09022713,0
72.04999996351397,1.3524435,1.5904957,0.11051369,0
72.09999996334226,1.3509896,1.6101373,0.07977915,0
72.14999996317054,1.3667989,1.5718943,0.09892905,0
72.19999996299883,1.3547336,1.5729284,0.13678062,0
72.24999996282712,1.3693242,1.6359832,0.10562503,0
72.2999999626554,1.3598113,1.5960438,0.11041641,0
72.3499999624837,1.3288774,1.601418,0.107353926,0
72.39999996231198,1.3196284,1.6280437,0.09428632,0
72.44999996214027,1.3591646,1.638166,0.10251069,0
72.49999996196856,1.353759,1.6299596,0.09226668,0
72.54999996179684,1.35392,1.5978773,0.09773791,0
72.59999996162513,1.3387654,1.5904293,0.13698232,0
72.64999996145342,1.3502359,1.5930305,0.074985266,0
72.6999999612817,1.3080385,1.611147,0.12389934,0
72.74999996110999,1.2898424,1.6020428,0.114693165,0
72.79999996093828,1.3125625,1.5864501,0.100158334,0
72.84999996076657,1.3258744,1.5941864,0.12636983,0
72.89999996059485,1.3065253,1.5697932,0.12399459,0
72.94999996042314,1.3543473,1.5761282,0.06573868,0
72.99999996025143,1.3291068,1.5824783,0.1339103,0
73.04999996007972,1.3469596,1.6121202,0.11887181,0
73.099999959908,1.323576,1.646741,0.08872807,0
73.14999995973629,1.3475873,1.5504712,0.08308315,0
73.19999995956458,1.3507853,1.6122268,0.12182951,0
73.24999995939287,1.3116131,1.6092534,0.1224736,0
73.29999995922115,1.32637,1.588979,0.090544105,0
73.34999995904944,1.3380634,1.5817358,0.10121739,0
73.39999995887773,1.3350917,1.6110017,0.098937035,0
73.44999995870602,1.3478653,1.5793108,0.087755084,0
73.4999999585343,1.328069,1.6009827,0.08633661,0
73.54999995836259,1.2980031,1.6133893,0.10003531,0
73.59999995819088,1.3337314,1.6156268,0.13796735,0
73.64999995801917,1.3049529,1.6497841,0.09124994,0
73.69999995784745,1.3487469,1.6531129,0.1350677,0
73.74999995767574,1.3422534,1.5975676,0.1307838,0
73.79999995750403,1.3499925,1.599533,0.092543125,0
73.84999995733232,1.3746943,1.5808011,0.10670853,0
73.8999999571606,1.2970196,1.5856509,0.12883496,0
73.94999995698889,1.3525075,1.6048069,0.08767235,0
73.99999995681718,1.297115,1.6056437,0.10197282,0
74.04999995664546,1.3427149,1.6222458,0.13564801,0
74.09999995647375,1.3520567,1.5768995,0.102112055,0
74.14999995630204,1.3379418,1.5852486,0.07865977,0
74.19999995613033,1.3687387,1.6492921,0.1147933,0
74.24999995595861,1.3535867,1.6174686,0.11431098,0
74.2999999557869,1.3444936,1.6071012,0.113355875,0
74.34999995561519,1.3547021,1.6188757,0.08335757,0
74.39999995544348,1.3596724,1.62485,0.12791586,0
74.44999995527176,1.3331923,1.6155218,0.13659298,0
74.49999995510005,1.3437058,1.6239333,0.09779394,0
74.54999995492834,1.3644325,1.6148375,0.10058105,0
74.59999995475663,1.2998636,1.5935721,0.08487356,0
74.64999995458491,1.3626934,1.5687714,0.1095351,0
74.6999999544132,1.3445073,1.6259034,0.09451318,0
74.74999995424149,1.3676285,1.6038234,0.10126376,0
74.79999995406978,1.340946,1.5823154,0.07790995,0
74.84999995389806,1.3430715,1.6242132,0.09722936,0
74.89999995372635,1.3622007,1.5979944,0.09133184,0
74.94999995355464,1.361667,1.6053826,0.11952984,0
74.99999995338293,1.3463598,1.5980661,0.13057661,0
75.04999995321121,1.3373579,1.631609,0.09845221,0
75.0999999530395,1.3269926,1.6081988,0.09090006,0
75.14999995286779,1.2780895,1.6047704,0.0958029,0
75.19999995269607,1.3578516,1.59971,0.07528877,0
75.24999995252436,1.3334985,1.6313571,0.10099888,0
75.29999995235265,1.3619051,1.6037883,0.1219244,0
75.34999995218094,1.364211,1.5711548,0.121804476,0
75.39999995200922,1.3692493,1.602807,0.13527071,0
75.44999995183751,1.3237351,1.606878,0.108599424,0
75.4999999516658,1.373379,1.5861664,0.09106684,0
75.54999995149409,1.3530093,1.6351628,0.13139951,0
75.59999995132237,1.3268626,1.5668268,0.14099002,0
75.64999995115066,1.368967,1.6497424,0.11658561,0
75.69999995097895,1.332758,1.5963972,0.10548341,0
75.74999995080724,1.3601087,1.6516368,0.1059649,0
75.79999995063552,1.3203019,1.5881932,0.10243034,0
75.84999995046381,1.3716264,1.611976,0.078051925,0
75.8999999502921,1.3168634,1.6072762,0.117287874,0
75.94999995012039,1.3545322,1.6227884,0.104007244,0
75.99999994994867,1.2642645,1.5779072,0.11244452,0
76.04999994977696,1.3347048,1.5742662,0.14464283,0
76.09999994960525,1.3588014,1.5895075,0.119187,0
76.14999994943354,1.3422083,1.6003056,0.05964911,0
76.19999994926182,1.3576579,1.60781,0.099635124,0
76.24999994909011,1.352473,1.6169276,0.09393096,0
76.2999999489184,1.3193679,1.5986097,0.13807547,0
76.34999994874669,1.3465872,1.5758891,0.08403063,0
76.39999994857497,1.365447,1.567439,0.08185017,0
76.44999994840326,1.3529127,1.5759236,0.09179115,0
76.49999994823155,1.3437026,1.5955895,0.08612287,0
76.54999994805983,1.3426195,1.6469847,0.1166265,0
76.59999994788812,1.3337543,1.6339521,0.09688175,0
76.64999994771641,1.3590701,1.6453054,0.12851822,0
76.6999999475447,1.3397081,1.6152313,0.12846756,0
76.74999994737298,1.3525763,1.6076035,0.08995938,0
76.79999994720127,1.3427262,1.6263528,0.09599459,0
76.84999994702956,1.3566043,1.5895205,0.15873301,0
76.89999994685785,1.3417274,1.6004827,0.08976948,0
76.94999994668613,1.3562093,1.606175,0.10899758,0
76.99999994651442,1.2895871,1.604311,0.09363687,0
77.04999994634271,1.3085144,1.6774703,0.10380232,0
77.099999946171,1.3636749,1.6232064,0.09440124,0
77.14999994599928,1.3445666,1.6116911,0.092305064,0
77.19999994582757,1.301574,1.6362588,0.10310209,0
77.24999994565586,1.321619,1.6126726,0.11325753,0
77.29999994548415,1.3309584,1.5967593,0.07746327,0
77.34999994531243,1.361625,1.5985749,0.12796402,0
77.39999994514072,1.3536894,1.6351309,0.12959123,0
77.44999994496901,1.3275764,1.5913637,0.094186306,0
77.4999999447973,1.3599192,1.6231408,0.1276691,0
77.54999994462558,1.3710583,1.589299,0.09635937,0
77.59999994445387,1.3124499,1.6271538,0.12060833,0
77.64999994428216,1.3376265,1.6175313,0.09413302,0
77.69999994411044,1.3065623,1.6433613,0.09542298,0
77.74999994393873,1.3587294,1.578988,0.082005024,0
77.79999994376702,1.2851305,1.5854872,0.091445446,0
77.84999994359531,1.3631787,1.6031725,0.111061096,0
77.8999999434236,1.3313785,1.5901332,0.096294165,0
77.94999994325188,1.3586396,1.5884557,0.12894869,0
77.99999994308017,1.312525,1.6242633,0.087768316,0
78.04999994290846,1.291254,1.6456066,0.087287664,0
78.09999994273674,1.3334973,1.6018684,0.10884476,0
78.14999994256503,1.3460995,1.6352332,0.10207641,0
78.19999994239332,1.3318982,1.5931537,0.12861967,0
78.2499999422216,1.3160491,1.5807424,0.11784756,0
78.2999999420499,1.3582883,1.591739,0.094561696,0
78.34999994187818,1.3495594,1.6150457,0.117868304,0
78.39999994170647,1.3379486,1.6100436,0.1261735,0
78.44999994153476,1.357453,1.5656025,0.08505511,0
78.49999994136304,1.3537301,1.6312444,0.100886226,0
78.54999994119133,1.3306088,1.5933954,0.1069442,0
78.59999994101962,1.3272805,1.6117218,0.087901354,0
78.6499999408479,1.3730607,1.586426,0.09681988,0
78.6999999406762,1.3320513,1.584012,0.13006341,0
78.74999994050448,1.3336952,1.606051,0.11130643,0
78.79999994033277,1.3500178,1.5763204,0.06725538,0
78.84999994016106,1.3513219,1.6024548,0.10568619,0
78.89999993998934,1.3109114,1.6280279,0.10998273,0
78.94999993981763,1.3783212,1.5849643,0.08778691,0
78.99999993964592,1.3236319,1.6019669,0.09402132,0
79.0499999394742,1.3325319,1.6037911,0.13706887,0
79.09999993930249,1.3499953,1.5770382,0.09349096,0
79.14999993913078,1.3405445,1.6358798,0.11558056,0
79.19999993895907,1.3278043,1.6085666,0.09826648,0
79.24999993878735,1.3315141,1.6352835,0.15304089,0
79.29999993861564,1.317956,1.590415,0.09875965,0
79.34999993844393,1.3581835,1.5949268,0.080985665,0
79.39999993827222,1.3451188,1.5918393,0.08589697,0
79.4499999381005,1.3539332,1.5842874,0.10007739,0
79.49999993792879,1.369549,1.6162354,0.095587134,0
79.54999993775708,1.3484598,1.571617,0.08998561,0
79.59999993758537,1.362459,1.5821533,0.13914466,0
79.64999993741365,1.3557684,1.5805931,0.12979352,0
79.69999993724194,1.3481758,1.6211464,0.09837866,0
79.74999993707023,1.33989,1.5966773,0.10824919,0
79.79999993689852,1.3461416,1.6379621,0.12630475,0
79.8499999367268,1.3509117,1.6437342,0.12568903,0
79.89999993655509,1.3203253,1.5826008,0.09523344,0
79.94999993638338,1.3425312,1.5933151,0.08406389,0
79.99999993621167,1.341176,1.574507,0.11276519,0
80.04999993603995,1.3575011,1.644963,0.11460483,0
80.09999993586824,1.3301057,1.6329923,0.106069446,0
80.14999993569653,1.3385285,1.5685719,0.114672184,0
80.19999993552481,1.3503764,1.5907174,0.11576009,0
80.2499999353531,1.3094425,1.6138725,0.12021315,0
80.29999993518139,1.333269,1.6101146,0.09230244,0
80.34999993500968,1.3205899,1.6137462,0.08418548,0
80.39999993483796,1.3680923,1.644541,0.12649584,0
80.44999993466625,1.3539503,1.5835841,0.10203481,0
80.49999993449454,1.3537775,1.6193014,0.0985347,0
80.54999993432283,1.323108,1.6039897,0.12586796,0
80.59999993415111,1.3387322,1.6069615,0.09024632,0
80.6499999339794,1.3365287,1.6064942,0.10600698,0
80.69999993380769,1.3437159,1.5844085,0.090931654,0
80.74999993363598,1.3125856,1.5838959,0.080922484,0
80.79999993346426,1.3517969,1.6270851,0.124350905,0
80.84999993329255,1.3588569,1.6274743,0.11807227,0
80.89999993312084,1.3201613,1.6226535,0.099259734,0
80.94999993294913,1.3511243,1.5872347,0.10494673,0
80.99999993277741,1.2977082,1.6137822,0.09573698,0
81.0499999326057,1.3441799,1.597342,0.09168589,0
81.09999993243399,1.3200579,1.5704954,0.085136294,0
81.14999993226228,1.3667545,1.593219,0.08543253,0
81.19999993209056,1.3506315,1.6008724,0.09282172,0
81.24999993191885,1.3564646,1.6003102,0.08036482,0
81.29999993174714,1.335336,1.6250736,0.11347842,0
81.34999993157543,1.3643727,1.5889441,0.091766715,0
81.39999993140371,1.3488638,1.6270585,0.109107256,0
81.449999931232,1.30607,1.6463531,0.09256554,0
81.49999993106029,1.2754881,1.6164205,0.10219884,0
81.54999993088857,1.3202426,1.5947576,0.09259498,0
81.59999993071686,1.3514684,1.6350483,0.11394012,0
81.64999993054515,1.3306854,1.6364108,0.118365645,0
81.69999993037344,1.3406451,1.5933316,0.1263349,0
81.74999993020172,1.3779607,1.619204,0.08656871,0
81.79999993003001,1.3624246,1.5990616,0.12516367,0
81.8499999298583,1.3299595,1.6127315,0.07451129,0
81.89999992968659,1.3336658,1.5924227,0.09608817,0
81.94999992951487,1.3502398,1.618022,0.09379482,0
81.99999992934316,1.3607702,1.6005335,0.10374582,0
82.04999992917145,1.345699,1.5944207,0.09243703,0
82.09999992899974,1.3851991,1.6195577,0.13105786,0
82.14999992882802,1.3361484,1.6031437,0.120884895,0
82.19999992865631,1.3523977,1.5895749,0.11056638,0
82.2499999284846,1.2870808,1.5652968,0.09899616,0
82.29999992831289,1.3314526,1.5874659,0.10146892,0
82.34999992814117,1.3474293,1.5810051,0.09152019,0
82.39999992796946,1.343347,1.5844561,0.07974255,0
82.44999992779775,1.320564,1.6047381,0.116248846,0
82.49999992762604,1.3126228,1.5941983,0.1116879,0
82.54999992745432,1.3448093,1.5965874,0.12607622,0
82.5999999272826,1.3771576,1.6370852,0.15059972,0
82.6499999271109,1.3648815,1.6120971,0.07955849,0
82.69999992693919,1.3523567,1.664393,0.108364224,0
82.74999992676749,1.336448,1.5902562,0.14450109,0
82.79999992659576,1.3605977,1.5944396,0.08670509,0
82.84999992642405,1.3063632,1.5898259,0.10519385,0
82.89999992625232,1.3124365,1.6297808,0.12630892,0
82.94999992608062,1.332217,1.6163204,0.08596218,0
82.99999992590892,1.342766,1.583153,0.09072173,0
83.0499999257372,1.3105862,1.5954461,0.0876652,0
83.09999992556548,1.3342601,1.593457,0.11680126,0
83.14999992539376,1.341287,1.6838604,0.11958289,0
83.19999992522206,1.3638248,1.5934592,0.07691276,0
83.24999992505036,1.2926053,1.599264,0.08231342,0
83.29999992487865,1.304019,1.6560314,0.12287462,0
83.34999992470692,1.3413675,1.5895705,0.109069824,0
83.3999999245352,1.342265,1.6155599,0.10369182,0
83.44999992436348,1.3494577,1.6068325,0.08188748,0
83.49999992419178,1.3481097,1.6174697,0.08472633,0
83.54999992402009,1.3350056,1.6094981,0.1153965,0
83.59999992384836,1.3680106,1.6075885,0.12344444,0
83.64999992367665,1.3589543,1.603313,0.105767846,0
83.69999992350492,1.3193898,1.6035569,0.06969774,0
83.74999992333322,1.305013,1.637945,0.10758686,0
83.79999992316152,1.3483143,1.5942042,0.11856663,0
83.8499999229898,1.3447468,1.6287038,0.09934652,0
83.89999992281808,1.341324,1.6325433,0.13536596,0
83.94999992264636,1.3465089,1.6233282,0.10528302,0
83.99999992247466,1.3434374,1.5703888,0.11878371,0
84.04999992230294,1.3236067,1.6029449,0.09811294,0
84.09999992213125,1.3384383,1.6180335,0.112591386,0
84.14999992195952,1.310796,1.5674328,0.09809983,0
84.1999999217878,1.3546736,1.5817732,0.10768354,0
84.24999992161608,1.3530657,1.6177814,0.08236337,0
84.29999992144438,1.3702021,1.6845213,0.12087512,0
84.34999992127268,1.3592081,1.6056733,0.12577403,0
84.39999992110096,1.3422494,1.6125803,0.11433375,0
84.44999992092924,1.3359585,1.5955019,0.10163617,0
84.49999992075752,1.3738878,1.5974127,0.09080565,0
84.54999992058582,1.3450089,1.6253655,0.102826595,0
84.59999992041412,1.3524075,1.6190867,0.10401845,0
84.64999992024241,1.3393093,1.6131371,0.11595976,0
84.69999992007068,1.3589293,1.592661,0.093557,0
84.74999991989897,1.3522702,1.582389,0.09526551,0
84.79999991972726,1.3526838,1.5988982,0.08711827,0
84.84999991955554,1.358552,1.6228658,0.10482061,0
84.89999991938384,1.344005,1.6140914,0.11180246,0
84.94999991921212,1.3368195,1.6311469,0.10277498,0
84.9999999190404,1.3380916,1.5920247,0.07696569,0
85.04999991886868,1.3530176,1.6102836,0.08951807,0
85.09999991869698,1.3534873,1.5808804,0.10721028,0
85.14999991852527,1.3190355,1.5745609,0.10078251,0
85.19999991835356,1.3008301,1.5882292,0.14324522,0
85.24999991818184,1.3460348,1.5823979,0.1025821,0
85.29999991801012,1.3290927,1.5778488,0.110934615,0
85.34999991783842,1.363971,1.5812503,0.11200106,0
85.3999999176667,1.3308412,1.6472366,0.12167144,0
85.449999917495,1.3286065,1.6127657,0.07557571,0
85.49999991732328,1.3462827,1.6143677,0.08630121,0
85.54999991715157,1.339209,1.614151,0.12753785,0
85.59999991697985,1.3376865,1.5853508,0.090011954,0
85.64999991680814,1.3474092,1.614356,0.08490574,0
85.69999991663644,1.3695691,1.6382251,0.11801922,0
85.74999991646472,1.3227748,1.6763673,0.14321053,0
85.799999916293,1.3401012,1.6333498,0.110630274,0
85.84999991612128,1.3223957,1.5908432,0.09405506,0
85.89999991594958,1.361668,1.6439657,0.13347757,0
85.94999991577787,1.309452,1.607116,0.14822853,0
85.99999991560617,1.3459455,1.5754305,0.117587686,0
86.04999991543444,1.3169093,1.589406,0.0835793,0
86.09999991526273,1.3566567,1.5996192,0.08902979,0
86.149999915091,1.327091,1.562807,0.13477492,0
86.1999999149193,1.3562455,1.6099594,0.12175155,0
86.2499999147476,1.3542626,1.6054921,0.10831475,0
86.29999991457588,1.3293022,1.5921545,0.11792827,0
86.34999991440417,1.3507003,1.607521,0.12179732,0
86.39999991423244,1.3345563,1.6407816,0.11554968,0
86.44999991406074,1.3439755,1.6325234,0.10216522,0
86.49999991388904,1.3541938,1.5908427,0.08528888,0
86.54999991371731,1.3501024,1.6078205,0.12785435,0
86.5999999135456,1.3363444,1.5888267,0.103667974,0
86.64999991337388,1.3545763,1.6081382,0.10904658,0
86.69999991320218,1.3696457,1.5990044,0.100382924,0
86.74999991303046,1.3215287,1.633841,0.072963,0
86.79999991285877,1.3530777,1.617384,0.13383341,0
86.84999991268704,1.3450689,1.6003449,0.16345692,0
86.89999991251533,1.3299637,1.5781119,0.10236168,0
86.9499999123436,1.315044,1.5836412,0.07977855,0
86.9999999121719,1.3193846,1.6401476,0.120723724,0
87.0499999120002,1.3533108,1.6108046,0.09868717,0
87.09999991182848,1.3042785,1.629635,0.07108688,0
87.14999991165676,1.3507845,1.6218637,0.08870697,0
87.19999991148504,1.3499656,1.5962225,0.09904516,0
87.24999991131334,1.339811,1.5822561,0.13210607,0
87.29999991114163,1.3443424,1.585238,0.104109645,0
87.34999991096993,1.3455853,1.592653,0.08604598,0
87.3999999107982,1.3426914,1.6024898,0.110176325,0
87.44999991062649,1.3401831,1.5850923,0.113339305,0
87.49999991045476,1.3249694,1.6096319,0.08776057,0
87.54999991028306,1.347728,1.5910282,0.10381973,0
87.59999991011136,1.3076938,1.6370883,0.08348465,0
87.64999990993964,1.3390164,1.6184348,0.08790314,0
87.69999990976793,1.319508,1.5929554,0.10039723,0
87.7499999095962,1.3029053,1.5956758,0.1111269,0
87.7999999094245,1.3334832,1.5859663,0.10869193,0
87.8499999092528,1.3750513,1.6379156,0.119870424,0
87.89999990908107,1.3644533,1.6044352,0.10847545,0
87.94999990890936,1.3482919,1.6259505,0.0966773,0
87.99999990873764,1.3117789,1.5667437,0.12680101,0
88.04999990856594,1.3181771,1.6498878,0.11673105,0
88.09999990839422,1.3472872,1.6161258,0.09618354,0
88.14999990822253,1.3501725,1.6455579,0.11240113,0
88.1999999080508,1.3197733,1.6032872,0.090898156,0
88.24999990787909,1.359223,1.6330245,0.10965562,0
88.29999990770736,1.32898,1.6343225,0.07839215,0
88.34999990753566,1.3463542,1.6418374,0.11147916,0
88.39999990736396,1.3298261,1.6178094,0.08630097,0
88.44999990719224,1.3342233,1.6236497,0.0996269,0
88.49999990702052,1.3414445,1.6703267,0.09665871,0
88.5499999068488,1.3520765,1.6225116,0.12533426,0
88.5999999066771,1.3636767,1.5846603,0.09139657,0
88.64999990650539,1.3199459,1.5999895,0.12258971,0
88.69999990633369,1.337934,1.5928544,0.07749617,0
88.74999990616196,1.33899,1.5601981,0.09091413,0
88.79999990599025,1.3257223,1.5886316,0.1008178,0
88.84999990581852,1.3374088,1.6272938,0.081621885,0
88.89999990564682,1.3490963,1.635645,0.08218467,0
88.94999990547512,1.374957,1.5969843,0.10016143,0
88.9999999053034,1.3108737,1.5949284,0.07719314,0
89.04999990513168,1.3547096,1.6020589,0.11223519,0
89.09999990495996,1.3402543,1.5982795,0.095164895,0
89.14999990478826,1.3418318,1.5825993,0.10436487,0
89.19999990461656,1.3081465,1.6110816,0.09108603,0
89.24999990444483,1.3601857,1.6177318,0.0935756,0
89.29999990427312,1.355928,1.6234887,0.08881092,0
89.3499999041014,1.3292645,1.5918434,0.10720086,0
89.3999999039297,1.3414152,1.6440954,0.09769046,0
89.44999990375798,1.3013898,1.6020522,0.13328862,0
89.49999990358629,1.308437,1.5843922,0.06880641,0
89.54999990341456,1.3599508,1.5936376,0.14349854,0
89.59999990324285,1.3140771,1.596519,0.10138047,0
89.64999990307112,1.3544946,1.5805428,0.10721207,0
89.69999990289942,1.3537873,1.6136477,0.06383717,0
89.74999990272772,1.3554382,1.620881,0.08881521,0
89.799999902556,1.3762313,1.5795045,0.11531508,0
89.84999990238428,1.3304032,1.5913666,0.08619833,0
89.89999990221256,1.3004123,1.5727606,0.09350848,0
89.94999990204086,1.3829405,1.5930111,0.0811404,0
89.99999990186915,1.3815906,1.6280015,0.07909167,0
90.04999990169745,1.3239645,1.5844352,0.10846412,0
90.09999990152572,1.3456736,1.6100523,0.13209498,0
90.14999990135401,1.3300729,1.6185629,0.099188685,0
90.19999990118228,1.36995,1.623688,0.09102535,0
90.24999990101058,1.3715827,1.5974177,0.084730625,0
90.29999990083888,1.3447659,1.5845773,0.09459007,0
90.34999990066716,1.3588518,1.5825381,0.09673655,0
90.39999990049544,1.330615,1.607168,0.10742998,0
90.44999990032372,1.3427895,1.6132083,0.10880065,0
90.49999990015202,1.3522103,1.5543896,0.11494386,0
90.54999989998032,1.34844,1.6106539,0.10021627,0
90.5999998998086,1.3414154,1.6163495,0.09812081,0
90.64999989963688,1.3107057,1.641922,0.1115638,0
90.69999989946515,1.2978418,1.5804663,0.09202039,0
90.74999989929346,1.3035972,1.6355429,0.100182176,0
90.79999989912174,1.3162125,1.6620624,0.13170421,0
90.84999989895005,1.3634574,1.621263,0.10284233,0
90.89999989877832,1.3717248,1.5844865,0.06576729,0
90.9499998986066,1.3176324,1.629895,0.111849785,0
90.99999989843488,1.3312203,1.6086376,0.089440465,0
91.04999989826318,1.3424915,1.5890186,0.08093786,0
91.09999989809147,1.3626848,1.5906844,0.13227713,0
91.14999989791976,1.3634129,1.5948286,0.14433181,0
91.19999989774804,1.3686302,1.5949667,0.1234777,0
91.24999989757632,1.3369371,1.5889509,0.13029623,0
91.29999989740462,1.3476019,1.60173,0.09348202,0
91.3499998972329,1.3563085,1.5751152,0.16535616,0
91.3999998970612,1.3536711,1.6110101,0.10946679,0
91.44999989688948,1.33494,1.5817653,0.10012734,0
91.49999989671777,1.3391055,1.6377031,0.131096,0
91.54999989654605,1.3504107,1.5893726,0.075739145,0
91.59999989637434,1.3225915,1.6125804,0.07854092,0
91.64999989620264,1.3515182,1.5984328,0.13607013,0
91.69999989603092,1.3709909,1.5921848,0.08557773,0
91.7499998958592,1.3548093,1.5845134,0.11483133,0
91.79999989568748,1.3455187,1.5977111,0.100533724,0
91.84999989551578,1.3544903,1.6097282,0.10681963,0
91.89999989534407,1.3485665,1.6007303,0.11018348,0
91.94999989517235,1.3338124,1.5966703,0.09949291,0
91.99999989500064,1.3320893,1.6026764,0.094310164,0
92.04999989482891,1.3003259,1.5751255,0.11176479,0
92.09999989465722,1.312287,1.6273961,0.14959824,0
92.1499998944855,1.3473345,1.5716214,0.14584947,0
92.1999998943138,1.3429129,1.6142116,0.11690688,0
92.24999989414208,1.3479083,1.5918804,0.08587515,0
92.29999989397037,1.3566638,1.625236,0.104678154,0
92.34999989379864,1.3235626,1.6026504,0.11557627,0
92.39999989362694,1.3623631,1.5964746,0.12365317,0
92.44999989345524,1.3341748,1.6123166,0.111582875,0
92.49999989328352,1.3703251,1.6172559,0.12289202,0
92.5499998931118,1.351813,1.633215,0.13603759,0
92.59999989294008,1.36671,1.6028912,0.10157311,0
92.64999989276838,1.3121177,1.5755763,0.1060729,0
92.69999989259667,1.3526623,1.5945798,0.10719931,0
92.74999989242497,1.3070719,1.5903957,0.104485154,0
92.79999989225324,1.3622375,1.609606,0.10775697,0
92.84999989208153,1.3647872,1.6016942,0.0824002,0
92.8999998919098,1.3544319,1.6014132,0.12584794,0
92.9499998917381,1.351832,1.5931537,0.10243344,0
92.9999998915664,1.3474622,1.6433554,0.11672342,0
93.04999989139468,1.3720781,1.6225444,0.093396306,0
93.09999989122296,1.3287039,1.6066359,0.09063637,0
93.14999989105124,1.3510348,1.6166122,0.09856701,0
93.19999989087954,1.3277864,1.5963978,0.10224271,0
93.24999989070784,1.3233833,1.5783675,0.10627115,0
93.29999989053613,1.3605406,1.608397,0.095775485,0
93.3499998903644,1.3629693,1.5852882,0.088110805,0
93.39999989019267,1.3386495,1.6395454,0.12150025,0
93.44999989002096,1.3336327,1.5949012,0.102387786,0
93.49999988984926,1.351615,1.6251098,0.13811696,0
93.54999988967757,1.3443623,1.6235739,0.108675,0
93.59999988950584,1.2999368,1.5904759,0.11741459,0
93.64999988933413,1.3721131,1.6528635,0.10304928,0
93.6999998891624,1.3342063,1.6085433,0.10468125,0
93.7499998889907,1.324799,1.6019207,0.09233558,0
93.799999888819,1.357854,1.6183032,0.09245455,0
93.84999988864728,1.3325566,1.603484,0.09428227,0
93.89999988847556,1.3368064,1.588508,0.078250885,0
93.94999988830384,1.3517025,1.6023885,0.11182761,0
93.99999988813214,1.2785678,1.5957978,0.09476781,0
94.04999988796042,1.3496076,1.6010973,0.14272523,0
94.09999988778873,1.3517632,1.6102415,0.107851386,0
94.149999887617,1.3392467,1.6194983,0.08985007,0
94.19999988744529,1.3483925,1.6292249,0.10862005,0
94.24999988727356,1.3435199,1.581428,0.088855624,0
94.29999988710186,1.3595436,1.6372073,0.11683154,0
94.34999988693016,1.3518561,1.6133392,0.107955694,0
94.39999988675844,1.36508,1.6223754,0.092017174,0
94.44999988658672,1.3376887,1.6060256,0.070082545,0
94.499999886415,1.3514094,1.6041206,0.085122466,0
94.5499998862433,1.3843776,1.6235279,0.07186234,0
94.5999998860716,1.343823,1.5959485,0.098771095,0
94.64999988589989,1.335436,1.6004486,0.10154641,0
94.69999988572816,1.3220665,1.5999951,0.10977757,0
94.74999988555643,1.3163041,1.6551858,0.122029066,0
94.79999988538472,1.3470484,1.5806415,0.072651625,0
94.84999988521302,1.3374125,1.6068354,0.086189985,0
94.89999988504132,1.3723207,1.6498389,0.112938285,0
94.9499998848696,1.3407296,1.5825635,0.099732876,0
94.99999988469789,1.3746402,1.6280406,0.09412515,0
95.04999988452616,1.3283741,1.6735134,0.09984541,0
95.09999988435446,1.3683727,1.6194448,0.086288095,0
95.14999988418276,1.360677,1.6079926,0.1059078,0
95.19999988401104,1.3603284,1.5797168,0.09454012,0
95.24999988383932,1.3338566,1.6219037,0.10310662,0
95.2999998836676,1.3580382,1.5844336,0.1170212,0
95.3499998834959,1.3513331,1.5839659,0.09057963,0
95.39999988332418,1.3517735,1.6446726,0.12662745,0
95.44999988315249,1.3415848,1.6038042,0.115267515,0
95.49999988298076,1.3131287,1.6177284,0.099683166,0
95.54999988280905,1.3187886,1.5981557,0.100978374,0
95.59999988263732,1.3020124,1.6068865,0.11526072,0
95.64999988246562,1.3269097,1.5900328,0.08617449,0
95.69999988229392,1.3505293,1.5688353,0.12640321,0
95.7499998821222,1.3683296,1.6103272,0.08663356,0
95.79999988195048,1.3549136,1.569017,0.08420491,0
95.84999988177876,1.3799888,1.6299719,0.12933826,0
95.89999988160706,1.3222553,1.6603882,0.14234304,0
95.94999988143535,1.3350576,1.6018999,0.11439133,0
95.99999988126365,1.333857,1.5883765,0.10258412,0
96.04999988109192,1.3257116,1.5779938,0.113952756,0
96.09999988092021,1.368717,1.598347,0.08395457,0
96.14999988074848,1.3049412,1.6132507,0.09336281,0
96.19999988057678,1.3584526,1.612127,0.13675082,0
96.24999988040508,1.3686644,1.6139673,0.11167157,0
96.29999988023336,1.3705575,1.5943356,0.11033261,0
96.34999988006165,1.3386928,1.629795,0.11174977,0
96.39999987988992,1.3267994,1.5852754,0.12365949,0
96.44999987971822,1.3660287,1.6078598,0.11068249,0
96.49999987954652,1.3463078,1.6265218,0.10465968,0
96.5499998793748,1.3449697,1.5749149,0.11262941,0
96.59999987920308,1.3223016,1.6187991,0.09497154,0
96.64999987903136,1.3253796,1.6604294,0.11475742,0
96.69999987885966,1.3508122,1.6022474,0.111245036,0
96.74999987868794,1.3446631,1.6166042,0.11305666,0
96.79999987851625,1.3110588,1.5969021,0.11580813,0
96.84999987834452,1.3479865,1.628058,0.10448682,0
96.8999998781728,1.3313895,1.6022644,0.10064125,0
96.94999987800108,1.3555027,1.5717919,0.11099589,0
96.99999987782938,1.3580059,1.585102,0.114263296,0
97.04999987765768,1.3751222,1.613761,0.09571576,0
97.09999987748596,1.3491689,1.5934812,0.10001516,0
97.14999987731424,1.3669844,1.5991606,0.12086022,0
97.19999987714252,1.3265564,1.6290038,0.118940115,0
97.24999987697082,1.3273988,1.579019,0.10912001,0
97.2999998767991,1.320678,1.6327947,0.11474955,0
97.34999987662741,1.3502631,1.6031213,0.097709894,0
97.39999987645568,1.2732806,1.6294229,0.108924985,0
97.44999987628397,1.3663,1.6749893,0.1293174,0
97.49999987611226,1.3502026,1.5815395,0.100340724,0
97.54999987594054,1.3534404,1.6441798,0.077374935,0
97.59999987576884,1.3137709,1.6200262,0.12907767,0
97.64999987559712,1.3348545,1.5898849,0.081234336,0
97.6999998754254,1.3747623,1.6207172,0.0939945,0
97.74999987525368,1.3122716,1.601021,0.09214938,0
97.79999987508198,1.3123775,1.6531242,0.11996746,0
97.84999987491027,1.351894,1.6214693,0.12552369,0
97.89999987473855,1.299303,1.5906054,0.16741347,0
97.94999987456684,1.3636231,1.5712342,0.14447498,0
97.99999987439512,1.3491468,1.595057,0.115795135,0
98.04999987422342,1.3209044,1.6366589,0.11861372,0
98.0999998740517,1.3402545,1.5975207,0.14733374,0
98.14999987388,1.3474303,1.5771061,0.127038,0
98.19999987370828,1.3478051,1.5805442,0.1123631,0
98.24999987353657,1.3336978,1.5967954,0.09961808,0
98.29999987336485,1.3124313,1.5758467,0.09507537,0
98.34999987319314,1.3256066,1.5985968,0.091989756,0
98.39999987302144,1.3562632,1.6253436,0.08749652,0
98.44999987284972,1.3108735,1.6128789,0.11712062,0
98.499999872678,1.3606352,1.5903335,0.081012845,0
98.54999987250628,1.3508294,1.60545,0.13924634,0
98.59999987233458,1.3234594,1.5982082,0.12075436,0
98.64999987216287,1.344902,1.59528,0.1021446,0
98.69999987199117,1.3458668,1.5692177,0.11795926,0
98.74999987181944,1.369981,1.627118,0.06844294,0
98.79999987164773,1.3242799,1.6321946,0.107931376,0
98.849999871476,1.3551488,1.6166778,0.12130654,0
98.8999998713043,1.3664422,1.5895073,0.09232998,0
98.9499998711326,1.3191415,1.6045213,0.10182345,0
98.99999987096088,1.3514339,1.5904492,0.099066615,0
99.04999987078916,1.3297753,1.5940417,0.08528197,0
99.09999987061744,1.3321056,1.6174376,0.09691918,0
99.14999987044574,1.3526726,1.6262685,0.13048244,0
99.19999987027404,1.3270961,1.5736732,0.08392787,0
99.24999987010231,1.3300048,1.6123347,0.10689771,0
99.2999998699306,1.3336438,1.6178811,0.10742056,0
99.34999986975888,1.342721,1.5908768,0.10439038,0
99.39999986958718,1.3258214,1.6211866,0.108367324,0
99.44999986941546,1.3298213,1.6350459,0.090462446,0
99.49999986924377,1.2986853,1.6192657,0.08890748,0
99.54999986907204,1.3121448,1.6063063,0.108395815,0
99.59999986890033,1.3321457,1.6101915,0.098629,0
99.6499998687286,1.3341982,1.6060503,0.1374191,0
99.6999998685569,1.3043457,1.623529,0.090372205,0
99.7499998683852,1.3677223,1.6226822,0.10074377,0
99.79999986821348,1.3603115,1.5496004,0.11445379,0
99.84999986804176,1.3319402,1.6235684,0.07976854,0
99.89999986787004,1.3465822,1.6091478,0.08708823,0
99.94999986769834,1.3337543,1.598636,0.07413757,0
