step,time_ps,elapsed_time_ns,potential_energy_kJ_mol,kinetic_energy_kJ_mol,total_energy_kJ_mol,temperature_K,volume_nm3,density_g_mL,speed_ns_day
3775000,7550.000000620638,0.0,-1805778.878981419,473697.4948627171,-1332081.3841187018,310.5093063059687,1635.9362948242242,1.021711720040409,0
3800000,7600.000000630825,0.05000000001018634,-1807737.7989486016,473533.75042939273,-1334204.048519209,310.40197162306583,1636.6329854021203,1.0212767923962598,151
3825000,7650.000000641011,0.10000000002037268,-1806173.3097607,473809.6703154668,-1332363.6394452332,310.58283745695775,1634.655439133057,1.0225122956479762,152
3850000,7700.000000651197,0.15000000003055902,-1807181.9916723703,476660.9174948007,-1330521.07417757,312.45183358500014,1639.6040248254424,1.0194261909300577,152
3875000,7750.000000661384,0.20000000004074536,-1806257.7316809408,474329.3102480733,-1331928.4214328676,310.923462089244,1634.2293278075426,1.02277890698718,152
3900000,7800.00000067157,0.2500000000509317,-1809147.4916904464,472457.5210405086,-1336689.970649938,309.6965018990485,1635.7768494062807,1.0218113101845532,152
3925000,7850.000000681756,0.30000000006111804,-1807153.3760312507,473535.7495635573,-1333617.6264676934,310.4032820580362,1635.2139883989364,1.0221630303553977,152
3950000,7900.000000691943,0.3500000000713044,-1807467.423549977,471017.4279875452,-1336449.995562432,308.7525190835571,1633.767547507994,1.0230679928799444,152
3975000,7950.000000702129,0.4000000000814907,-1806342.409749956,473898.9811368146,-1332443.4286131412,310.6413808131779,1634.354730965057,1.0227004297129718,152
4000000,8000.000000712315,0.45000000009167707,-1809917.141183372,475428.22722638,-1334488.9139569916,311.6438035567891,1634.4477683702871,1.0226422147022816,152
4025000,8050.000000722502,0.5000000001018634,-1807635.6228411808,472810.5279396098,-1334825.0949015715,309.927898367364,1635.9444186773826,1.0217066463741593,152
4050000,8100.000000732688,0.5500000001120497,-1809051.5372440836,471056.7978072656,-1337994.7394368178,308.77832605011986,1632.03756946501,1.024152456373479,152
4075000,8150.000000742874,0.6000000001222361,-1808262.4268723612,473293.3967744831,-1334969.0300978783,310.244419498633,1633.069755012662,1.0235051384246798,152
4100000,8200.00000075306,0.6500000001324215,-1809135.406331688,474537.4227057269,-1334597.9836259612,311.05988006814505,1634.8724836682086,1.0223765476259663,151
4125000,8250.000000763246,0.7000000001426079,-1808079.9721611456,473230.8466513757,-1334849.12550977,310.2034178139164,1635.5462998998603,1.02195534651861,152
4150000,8300.000000773432,0.7500000001527942,-1807952.2361517912,472986.89481410105,-1334965.34133769,310.04350707639776,1632.1809362832632,1.0240624973034933,152
4175000,8350.000000783619,0.8000000001629806,-1805296.277182621,473066.576170878,-1332229.701011743,310.0957383064267,1638.394782238701,1.0201785941832149,152
4200000,8400.000000793805,0.8500000001731669,-1808411.1575320757,472805.65427320177,-1335605.5032588737,309.92470367287655,1635.6518957755172,1.0218893702127858,152
4225000,8450.000000803991,0.9000000001833532,-1808522.2366317415,474671.29329414194,-1333850.9433375995,311.1476324079702,1631.6648002011275,1.024386433693587,152
4250000,8500.000000814178,0.9500000001935396,-1806433.5642729576,473579.4418002999,-1332854.122472658,310.43192237441747,1633.6668365503615,1.023131062139221,152
4275000,8550.000000824364,1.000000000203726,-1807798.2583811253,473351.0447081911,-1334447.2136729343,310.28220779200547,1635.794090317161,1.021800540517491,151
4300000,8600.00000083455,1.0500000002139123,-1806974.227260593,472267.47610932175,-1334706.7511512716,309.5719272065711,1639.6969780455274,1.0193684004063484,151
4325000,8650.000000844737,1.1000000002240986,-1808058.0403455545,473771.3685089802,-1334286.671836574,310.557730574419,1631.5971693253398,1.024428895247798,152
4350000,8700.000000854923,1.150000000234285,-1805759.3622371445,471404.9428413101,-1334354.4193958342,309.00653555974867,1637.4498405098154,1.0207673202013867,152
4375000,8750.00000086511,1.2000000002444713,-1808552.6524366927,473336.570727973,-1335216.0817087202,310.2727200796875,1633.730853333994,1.0230909713496643,152
4400000,8800.000000875296,1.2500000002546576,-1806802.516523416,471341.2976471703,-1335461.218876246,308.9648160545869,1636.1256793508558,1.021593455048364,152
4425000,8850.000000885482,1.300000000264844,-1804917.7516356767,474323.2923842021,-1330594.459251475,310.91951737187406,1640.7806630078712,1.0186951390548988,152
4450000,8900.000000895669,1.3500000002750303,-1809828.3379276749,473514.3782824815,-1336313.9596451933,310.38927315629263,1631.8591125881196,1.024264455655411,152
4475000,8950.000000905855,1.4000000002852167,-1809533.2532515824,472967.4270417025,-1336565.82620988,310.0307459269968,1635.271469859309,1.0221271002821302,152
4500000,9000.000000916041,1.450000000295403,-1806750.1398025183,472447.1533654991,-1334302.9864370192,309.68970587498217,1636.829729843563,1.0211540364807148,152
4525000,9050.000000926228,1.5000000003055893,-1808107.0805856625,472364.960081369,-1335742.1205042934,309.6358280733999,1634.3154596728837,1.0227250043855929,151
4550000,9100.000000936414,1.5500000003157757,-1807484.360192896,472855.0470810309,-1334629.313111865,309.95708072080663,1635.3065851086817,1.022105151952475,151
4575000,9150.0000009466,1.600000000325962,-1808333.8479238956,473055.1831891332,-1335278.6647347622,310.08827019250026,1634.1956723934209,1.0227999705894468,151
4600000,9200.000000956788,1.6500000003361501,-1810166.164702733,473598.5516850359,-1336567.6130176971,310.4444489280036,1633.8717427545682,1.0230027498018062,151
4625000,9250.000000966971,1.700000000346333,-1808165.1269290792,473105.8386195072,-1335059.288309572,310.1214748911036,1634.9250066852098,1.0223437031220457,152
4650000,9300.00000097716,1.750000000356521,-1809295.0183034176,474373.36473256507,-1334921.6535708525,310.9523398594825,1632.395142967427,1.02392811744279,152
4675000,9350.000000987346,1.8000000003667074,-1807846.8027200757,472520.0591822944,-1335326.743537781,309.73749572999367,1635.759744204254,1.021821995304392,151
4700000,9400.000000997532,1.8500000003768937,-1807969.7742156824,472544.9147055019,-1335424.8595101803,309.75378855685625,1635.0007507602083,1.022296341383473,151
4725000,9450.000001007718,1.90000000038708,-1809665.7312641167,473296.10825473536,-1336369.6230093818,310.24619687736384,1633.088532636991,1.023493369929216,152
4750000,9500.000001017905,1.9500000003972664,-1806216.7841130644,474866.4099072101,-1331350.3742058545,311.27553159432773,1634.310943276767,1.0227278306722658,151
4775000,9550.000001028093,2.0000000004074545,-1807626.869489109,474050.9899113824,-1333575.8795777266,310.7410227569402,1635.2008334591303,1.0221712535001397,152
4800000,9600.000001038276,2.0500000004176373,-1808484.5073182448,474136.3721403939,-1334348.1351778514,310.79699091592084,1635.3195908244666,1.0220970231382769,152
4825000,9650.000001048464,2.1000000004278254,-1807769.3982520225,473622.7095883504,-1334146.688663672,310.46028446414493,1634.920852322932,1.022346300915149,152
4850000,9700.00000105865,2.1500000004380118,-1805296.9757644243,472328.9840029452,-1332967.9917614793,309.6122457085444,1638.7345493325847,1.0199670754132413,152
4875000,9750.000001068836,2.200000000448198,-1807840.88162004,473457.8654428778,-1334383.0161771623,310.35222891853954,1635.7130427626892,1.0218511694681698,152
4900000,9800.000001079025,2.250000000458386,-1805771.187450204,473190.8639548058,-1332580.3234953985,310.1772091058046,1636.2418369901152,1.0215209316099954,152
4925000,9850.000001089207,2.300000000468569,-1809307.1167099264,475348.3234413005,-1333958.7932686256,311.59142652472684,1636.6735142442344,1.0212515025840196,152
4950000,9900.000001099395,2.350000000478757,-1807965.9073321456,474352.74622402905,-1333613.1611081166,310.93882440108973,1634.6787595052256,1.0224977084594271,152
4975000,9950.000001109582,2.4000000004889435,-1807205.7079917823,472873.0922677542,-1334332.6157240283,309.9689093635003,1634.0804335907867,1.0228721006030754,152
5000000,10000.000001119768,2.45000000049913,-1805558.323643424,472833.96901270666,-1332724.354630717,309.9432640203921,1636.4166862722575,1.0214117832475496,152
5025000,10050.000001129954,2.500000000509316,-1808182.7444211924,472341.974049754,-1335840.7703714385,309.620760700638,1639.1335234776373,1.0197188097984722,151
5050000,10100.00000114014,2.5500000005195025,-1807628.4340030623,475814.20697213296,-1331814.2270309296,311.8968137677396,1638.805073188136,1.0199231824500876,151
5075000,10150.000001150329,2.6000000005296906,-1808824.310288676,473653.424260286,-1335170.88602839,310.4804179704006,1635.3204977956295,1.0220964562692585,151
5100000,10200.000001160512,2.6500000005398734,-1809417.2488430615,471615.21626177215,-1337802.0325812895,309.14437005250056,1635.9143210959228,1.0217254437516388,151
5125000,10250.0000011707,2.7000000005500615,-1807644.6237952905,472959.291926665,-1334685.3318686257,310.0254133488126,1634.4372576373682,1.0226487911059583,151
5150000,10300.000001180886,2.750000000560248,-1808153.514862232,473511.18679372326,-1334642.3280685088,310.38718113137975,1635.7512737512802,1.0218272866315623,152
5175000,10350.000001191072,2.800000000570434,-1807669.3337832456,472954.3274207144,-1334715.006362531,310.0221591088903,1637.0902166519577,1.020991554808577,152
5200000,10400.00000120126,2.8500000005806223,-1807180.035349667,472801.3229920564,-1334378.7123576107,309.9218645126141,1635.8919600998584,1.021739409709773,152
5225000,10450.000001211443,2.900000000590805,-1810862.72314568,471085.8889023441,-1339776.8342433355,308.79739529969464,1633.397453463192,1.0232997989053485,152
5250000,10500.000001221631,2.950000000600993,-1809977.212293758,472601.7635771541,-1337375.448716604,309.7910530640416,1634.7292645907753,1.022466118314589,152
5275000,10550.000001231818,3.0000000006111796,-1811407.704415748,472883.76737786486,-1338523.937037883,309.97590691166374,1632.863848865417,1.0236342036862354,152
5300000,10600.000001242004,3.050000000621366,-1806423.0495502197,471198.8188115741,-1335224.2307386454,308.8714209978596,1638.7439765352642,1.0199612078485183,151
5325000,10650.00000125219,3.1000000006315522,-1803132.2772059783,473998.2573880637,-1329134.0198179148,310.70645652128763,1637.344192799466,1.0208331840134386,151
5350000,10700.000001262377,3.1500000006417386,-1807071.956670293,475144.6152551318,-1331927.3414151608,311.4578955513481,1633.7772355540126,1.0230619262451672,151
5375000,10750.000001272563,3.200000000651925,-1807252.5482844005,473769.2857059607,-1333483.2625784397,310.5563652944085,1634.0070099689926,1.0229180630584382,151
5400000,10800.00000128275,3.2500000006621113,-1808277.7028582736,474038.45135667775,-1334239.251501596,310.7328037184913,1636.5904528713015,1.0213033338480757,151
5425000,10850.000001292936,3.3000000006722976,-1809087.60914798,473825.8368368128,-1335261.772311167,310.5934346321233,1635.2864328499852,1.0221177477442724,151
5450000,10900.000001303122,3.350000000682484,-1807048.6464757037,472709.4576718611,-1334339.1888038423,309.86164667917234,1634.3769586398544,1.0226865208944176,151
5475000,10950.000001313309,3.4000000006926703,-1809155.2520989785,473134.8097624193,-1336020.4423365593,310.1404655118818,1634.818758556455,1.0224101460257815,152
5500000,11000.000001323497,3.4500000007028584,-1807079.091904507,473307.5035812965,-1333771.5883232106,310.2536665283204,1635.9105534448324,1.0217277968784486,151
5525000,11050.00000133368,3.500000000713041,-1808382.5181577504,473296.5202874017,-1335085.9978703486,310.24646696529715,1637.175803104724,1.0209381805494933,151
5550000,11100.000001343868,3.5500000007232293,-1805549.0340466376,473711.29085307306,-1331837.7431935647,310.5183495950756,1633.8573700951536,1.0230117489166446,151
5575000,11150.000001354054,3.6000000007334156,-1808055.996479611,473674.2722327216,-1334381.7242468894,310.4940838426695,1635.6314086518778,1.021902169902106,151
5600000,11200.00000136424,3.650000000743602,-1807383.854049733,472931.01654864114,-1334452.837501092,310.00687880279764,1638.3997731214408,1.020175486521812,151
5625000,11250.000001374428,3.70000000075379,-1807314.726174528,474036.6045063486,-1333278.121668179,310.73159310576744,1633.1662539578372,1.0234446625447746,151
5650000,11300.000001384611,3.750000000763973,-1808933.794786553,472738.7980670409,-1336194.996719512,309.88087934527846,1633.3982074711105,1.0232993265305486,151
5675000,11350.0000013948,3.800000000774161,-1808320.527214788,473293.2980808042,-1335027.2291339836,310.2443548048019,1635.146343029855,1.0222053168429308,151
5700000,11400.000001404986,3.8500000007843473,-1808264.7717186976,474247.35840720974,-1334017.413311488,310.86974255402794,1639.775487127417,1.019319595141328,151
5725000,11450.000001415172,3.9000000007945337,-1809743.7802426184,473287.69784538966,-1336456.0823972286,310.2406838434128,1632.007567108998,1.024171284096601,151
5750000,11500.000001425358,3.95000000080472,-1809244.06997638,473817.935113155,-1335426.134863225,310.5882550422833,1638.3591509229273,1.0202007812022298,151
5775000,11550.000001435545,4.000000000814906,-1806925.721996815,472277.09706583904,-1334648.624930976,309.5782337557224,1633.456244498014,1.0232629685009138,151
5800000,11600.000001445733,4.0500000008250945,-1809744.32863109,473919.97479338775,-1335824.3538377022,310.6551421815829,1633.7929607968013,1.0230520792831812,151
5825000,11650.000001455915,4.100000000835277,-1808980.108979961,474782.4635650361,-1334197.6454149247,311.22050466098307,1636.5768108108905,1.0213118471556617,151
5850000,11700.000001466104,4.150000000845465,-1805248.9990629647,472973.0740939925,-1332275.9249689723,310.03444757690687,1638.888121778955,1.0198714991277664,151
5875000,11750.00000147629,4.200000000855652,-1806468.7337523224,473053.5503611306,-1333415.1833911918,310.08719987168183,1633.914582268064,1.0229759277508974,151
5900000,11800.000001486476,4.250000000865838,-1807278.5053334385,474497.28781614144,-1332781.217517297,311.0335715973192,1634.512349616193,1.0226018090679303,151
5925000,11850.000001496664,4.300000000876026,-1807639.305393178,472691.21699092345,-1334948.0884022545,309.8496898897742,1634.6160875288192,1.0225369115192462,151
5950000,11900.000001506847,4.350000000886209,-1807878.4350513725,473872.748035389,-1334005.6870159833,310.624184982053,1634.5690978181883,1.022566306858755,151
5975000,11950.000001517035,4.400000000896397,-1810881.2270322568,474398.7836594587,-1336482.4433727986,310.96900199817304,1632.0282525638286,1.0241583030414003,151
6000000,12000.000001527222,4.450000000906583,-1808038.7516285835,471721.35320950486,-1336317.3984190784,309.2139429558225,1636.1656431918211,1.0215685023190737,151
6025000,12050.000001537408,4.50000000091677,-1809738.2666543573,473738.1666901728,-1336000.0999641845,310.5359667402468,1635.1110549717855,1.0222273775099844,151
6050000,12100.000001547594,4.550000000926956,-1809620.8925653852,471708.04754339537,-1337912.84502199,309.20522107487864,1633.75000515811,1.023078978046971,151
6075000,12150.00000155778,4.6000000009371425,-1809113.3026461303,474549.9023043828,-1334563.4003417476,311.0680604608295,1636.1288261989434,1.0215914901667733,151
6100000,12200.000001567969,4.650000000947331,-1806728.1984356367,474420.2797321508,-1332307.9187034864,310.9830927009788,1636.990406231272,1.0210538066068855,151
6125000,12250.000001578152,4.700000000957513,-1810761.7864127092,471670.7549399625,-1339091.0314727467,309.1807757262165,1633.9303791937036,1.0229660375653251,151
6150000,12300.00000158834,4.7500000009677015,-1807291.46307722,473426.26667902095,-1333865.196398199,310.3315158889126,1638.0741273679143,1.0203782953016391,151
6175000,12350.000001598526,4.800000000977888,-1808746.820171902,474168.8402645132,-1334577.9799073888,310.8182738122982,1635.550654975332,1.0219526252989102,151
6200000,12400.000001608712,4.850000000988074,-1808142.1176044764,474502.22847083525,-1333639.889133641,311.03681020271256,1636.7241686803973,1.0212198962082883,151
6225000,12450.0000016189,4.900000000998262,-1805733.455785828,471965.8181010063,-1333767.6376848214,309.3741900010349,1635.7104687067217,1.0218527775168746,151
6250000,12500.000001629083,4.950000001008445,-1807268.3738650875,472588.9334288668,-1334679.4404362207,309.7826428856309,1634.429022561607,1.0226539437251023,151
6275000,12550.000001639271,5.000000001018633,-1808396.518561868,473078.0717420702,-1335318.446819798,310.1032736678656,1634.6151866234338,1.0225374750824736,151
6300000,12600.000001649458,5.0500000010288195,-1806797.307014714,470473.6892309784,-1336323.6177837355,308.3960976417208,1638.5292838152704,1.0200948510175265,151
6325000,12650.000001659644,5.100000001039006,-1808954.1531498628,472928.7979409685,-1336025.3552088942,310.00542450266545,1633.979102192656,1.0229355341316464,151
6350000,12700.00000166983,5.150000001049192,-1806489.672522164,474287.0913159841,-1332202.58120618,310.8957875259242,1637.759658949366,1.0205742195003402,151
6375000,12750.000001680017,5.2000000010593785,-1805416.7759182656,472253.2634054706,-1333163.5125127952,309.56261076124173,1636.40068746137,1.021421769416636,151
6400000,12800.000001690203,5.250000001069565,-1809910.8820512388,473169.4024461996,-1336741.479605039,310.16314105980075,1637.046091533784,1.0210190747258494,151
6425000,12850.00000170039,5.300000001079751,-1807611.628909828,474292.9610262591,-1333318.667883569,310.89963512842473,1636.5598302982985,1.0213224440176645,151
6450000,12900.000001710576,5.350000001089938,-1809412.8894117577,472529.7657272128,-1336883.123684545,309.74385838245,1634.0743926109558,1.022875882040296,151
6475000,12950.000001720762,5.400000001100124,-1807567.954156654,470065.32252454304,-1337502.631632111,308.1284127497615,1634.5249087758075,1.0225939517270763,151
6500000,13000.000001730948,5.45000000111031,-1810927.511227853,473919.3152476423,-1337008.1959802103,310.6547098485136,1633.4866580059693,1.0232439166058278,151
6525000,13050.000001741137,5.500000001120498,-1809333.403302973,473120.8782407675,-1336212.5250622055,310.1313333818393,1631.9605362729951,1.024200799290523,151
6550000,13100.00000175132,5.550000001130681,-1809629.70575424,473746.0482221232,-1335883.6575321169,310.541133094397,1636.9964358080106,1.0210500457420808,151
6575000,13150.000001761508,5.600000001140869,-1806808.3627378307,473343.1454847411,-1333465.2172530896,310.2770298410548,1637.6969910879614,1.020613272636597,151
6600000,13200.000001771694,5.650000001151056,-1810165.579372434,470715.89485146885,-1339449.684520965,308.55486373193133,1634.8123432877635,1.022414158128961,151
6625000,13250.00000178188,5.700000001161242,-1807014.8312121688,475356.0088480389,-1331658.8223641296,311.5964643185529,1636.5622185143582,1.021320953613795,151
6650000,13300.000001792068,5.75000000117143,-1806666.8183801267,471496.0776794628,-1335170.740700664,309.06627456128865,1637.0014220808414,1.0210469356445369,151
6675000,13350.000001802253,5.800000001181615,-1807546.0469752504,472759.19299267046,-1334786.85398258,309.89424824479363,1633.103476386539,1.0234840044304554,151
6700000,13400.00000181244,5.850000001191801,-1809016.1611261563,474244.9962353578,-1334771.1648907985,310.8681941473949,1632.366636870137,1.0239459983488777,151
6725000,13450.000001822626,5.900000001201987,-1807100.1527823,472165.4676146527,-1334934.685167647,309.5050605094479,1635.6166071742143,1.0219114175840356,151
6750000,13500.000001832812,5.950000001212174,-1805888.5825096704,473155.8199634915,-1332732.762546179,310.1542377252269,1635.8922767431386,1.0217392119419106,151
6775000,13550.000001842998,6.00000000122236,-1807690.0579041988,472441.1708473411,-1335248.8870568576,309.6857843267719,1634.7572360133804,1.0224486234650387,151
6800000,13600.000001853185,6.050000001232546,-1808394.8005959385,472014.4991724458,-1336380.3014234924,309.4061005048624,1632.0176234428568,1.0241649732527636,151
6825000,13650.000001863373,6.1000000012427344,-1804979.340253612,472651.9145536228,-1332327.4256999893,309.8239270924728,1632.7727325153985,1.023691327259245,151
6850000,13700.000001873555,6.150000001252917,-1808101.4218733965,473550.1230265776,-1334551.2988468185,310.41270388120404,1635.6740488919008,1.021875530026127,151
6875000,13750.000001883744,6.200000001263105,-1808305.5919789448,472803.98231850506,-1335501.6096604397,309.9236077044607,1636.099025779415,1.0216100977537923,151
6900000,13800.00000189393,6.250000001273292,-1807427.2405477269,471717.6194043364,-1335709.6211433904,309.21149544181765,1634.7022709100977,1.0224830021988245,151
6925000,13850.000001904116,6.300000001283478,-1808089.490897797,472876.03915795113,-1335213.4517398458,309.9708410537472,1631.8385533957246,1.024277360148912,151
6950000,13900.000001914304,6.350000001293666,-1808608.728196092,473298.8342398756,-1335309.8939562163,310.247983764067,1635.4730376896955,1.022001125755351,151
6975000,13950.000001924487,6.400000001303849,-1809532.4269159597,474103.6303331306,-1335428.7965828287,310.77552861989693,1634.0895223727507,1.0228664114034496,151
7000000,14000.000001934675,6.450000001314037,-1808600.8652730172,473147.5835317229,-1335453.2817412943,310.14883873379745,1638.181158984756,1.020311628231189,151
7025000,14050.000001944862,6.500000001324223,-1807470.4263162075,472519.267965056,-1334951.1583511513,309.7369770860943,1638.5754376209982,1.0200661179738737,151
7050000,14100.000001955048,6.55000000133441,-1806930.5261875975,473973.13525086304,-1332957.3909367346,310.6899889286157,1635.2421665926431,1.0221454166291506,151
7075000,14150.000001965234,6.600000001344596,-1809239.9689279797,472741.02869078,-1336498.9402371994,309.8823415219574,1634.7491636922816,1.0224536722723905,151
7100000,14200.00000197542,6.650000001354782,-1809623.0447466867,473387.0606076409,-1336235.9841390457,310.30581625959377,1634.8751279535445,1.0223748940101849,151
7125000,14250.000001985609,6.7000000013649705,-1805346.6043765412,472289.0312111818,-1333057.5731653597,309.58605660307103,1639.111339355259,1.0197326109151656,151
7150000,14300.000001995792,6.750000001375153,-1808101.7896370336,472774.2472306302,-1335327.5424064037,309.9041163167944,1635.6857732342555,1.021868205380554,151
7175000,14350.00000200598,6.800000001385341,-1809171.5156195424,472067.5290770768,-1337103.9865424656,309.4408616743409,1633.6328633030057,1.023152339309528,151
7200000,14400.000002016166,6.850000001395528,-1807256.7949904453,473712.72010853695,-1333544.0748819085,310.5192864738377,1636.3472920522445,1.0214550992809823,151
7225000,14450.000002026352,6.900000001405714,-1804325.384793824,473679.9402857264,-1330645.4445080971,310.49779925857456,1636.5092869776256,1.021353987393684,151
7250000,14500.00000203654,6.950000001415902,-1811000.5426971707,474774.391656485,-1336226.1510406858,311.2152135147306,1636.129078727404,1.0215913324891612,151
7275000,14550.000002046723,7.000000001426085,-1805133.5278268289,475159.7045537678,-1329973.823273061,311.4677866056664,1637.122862698342,1.0209711951041127,151
7300000,14600.000002056911,7.050000001436273,-1806533.2369799756,473484.0308371999,-1333049.2061427757,310.3693803675725,1634.8433181813498,1.0223947867498218,151
7325000,14650.000002067098,7.1000000014464595,-1809242.050743404,473225.9670885839,-1336016.08365482,310.200219254342,1633.7060248101834,1.023106519947856,151
7350000,14700.000002077284,7.150000001456646,-1808946.486905075,473153.8267305559,-1335792.6601745188,310.1529311585195,1632.7744486395568,1.0236902513106232,151
7375000,14750.00000208747,7.200000001466832,-1809743.3486321624,472497.47271653777,-1337245.875915625,309.7226902731566,1634.3142148579377,1.022725783368826,151
7400000,14800.000002097657,7.2500000014770185,-1807978.5055527948,474239.4292702257,-1333739.0762825692,310.864544994718,1637.7534315966768,1.0205781001062282,151
7425000,14850.000002107843,7.300000001487205,-1806739.2850809684,473427.3363540374,-1333311.9487269311,310.3322170622372,1637.1935096829486,1.0209271388970256,151
7450000,14900.00000211803,7.350000001497391,-1809173.622928052,474068.6355641072,-1335104.987363945,310.7525895045931,1637.3110528223112,1.0208538461767696,151
7475000,14950.000002128216,7.4000000015075775,-1809952.712751748,472896.4963346913,-1337056.2164170567,309.98425075894403,1635.4273667330804,1.0220296661662702,151
7500000,15000.000002138402,7.450000001517764,-1807546.6301747868,474366.7642327418,-1333179.8659420449,310.94801322351,1634.0011852132975,1.0229217094742835,151
7525000,15050.000002148588,7.50000000152795,-1807556.95408808,475029.33620607486,-1332527.617882005,311.3823299890589,1633.1919920626322,1.0234285336841724,151
7550000,15100.000002158777,7.550000001538138,-1806501.380844119,470736.3316995304,-1335765.0491445886,308.5682601116536,1636.713624868373,1.0212264749710345,151
7575000,15150.00000216896,7.600000001548321,-1809189.3697228413,474151.8938496974,-1335037.475873144,310.8071654159779,1632.2811740031125,1.023999610044026,151
7600000,15200.000002179147,7.650000001558509,-1806421.1144427657,471742.5785741948,-1334678.535868571,309.2278562091908,1636.0662736529816,1.0216305491888142,151
7625000,15250.000002189334,7.700000001568696,-1808714.5750526304,474242.8139017159,-1334471.7611509142,310.86676362493563,1632.8785865843806,1.0236249647671023,151
7650000,15300.00000219952,7.750000001578882,-1809099.2180678388,471898.1926275868,-1337201.025440252,309.3298614177769,1640.3651029830794,1.0189532090275353,151
7675000,15350.000002209708,7.80000000158907,-1806811.697881247,473855.09117285983,-1332956.6067083871,310.6126108863592,1634.8743821679186,1.0223753603900538,151
7700000,15400.000002219893,7.850000001599255,-1808392.8497923324,472231.978649176,-1336160.8711431564,309.5486585766015,1638.5484681880866,1.02008290759302,151
7725000,15450.00000223008,7.900000001609441,-1808982.806835821,474446.993438193,-1334535.8133976278,311.00060356903697,1636.5484990989198,1.0213295154904924,151
7750000,15500.000002240266,7.950000001619627,-1805950.97306748,474025.7179203996,-1331925.2551470806,310.7244569349248,1637.1380312372091,1.020961735522233,151
7775000,15550.000002250452,8.000000001629813,-1807983.3856241775,471771.0788362461,-1336212.3067879316,309.2465381669699,1636.7316909019614,1.0212152028047403,151
7800000,15600.000002260638,8.050000001639999,-1807405.7921473617,473307.0156348061,-1334098.7765125555,310.2533466787795,1637.772611474113,1.0205661481644648,151
7825000,15650.000002270825,8.100000001650185,-1806925.4970137768,471353.9611966267,-1335571.5358171498,308.97311702725347,1635.4398935992856,1.0220218377960952,151
7850000,15700.00000228101,8.150000001660372,-1806979.3707490528,471633.3196317429,-1335346.0511173098,309.15623683438645,1637.3670582154218,1.0208189283367672,151
7875000,15750.000002291195,8.200000001670556,-1808510.47671369,475412.5517422044,-1333097.9249714855,311.6335282571091,1636.893460382276,1.021114279038689,151
7900000,15800.000002301384,8.250000001680746,-1806443.073581316,473471.233849682,-1332971.8397316337,310.36099192608805,1633.8056071227893,1.02304416044018,151
7925000,15850.00000231157,8.300000001690933,-1806296.7772817444,473310.4232115906,-1332986.3540701538,310.25558034966656,1636.0480591264932,1.0216419232536502,151
7950000,15900.000002321756,8.350000001701119,-1807656.1790303856,474283.2334249929,-1333372.945605393,310.8932586735058,1636.111143280009,1.021602531421262,151
7975000,15950.000002331944,8.400000001711305,-1807081.2648634936,475511.54120787344,-1331569.7236556204,311.6984159769089,1634.643648260054,1.0225196711469935,151
8000000,16000.000002342127,8.450000001721488,-1806514.282818877,472628.0639774163,-1333886.2188414608,309.8082930096389,1637.6268964834735,1.0206569574855906,151
8025000,16050.000002352315,8.500000001731678,-1806863.6296655168,473887.7656869876,-1332975.8639785296,310.6340290716478,1636.8635257302617,1.0211329529843964,151
8050000,16100.000002362502,8.550000001741864,-1805916.4092304504,473419.4348356637,-1332496.9743947864,310.3270376069612,1640.830044653149,1.018664480887609,151
8075000,16150.000002372688,8.60000000175205,-1808992.2208977751,472151.7739584112,-1336840.4469393638,309.49608430048244,1632.769120735682,1.0236935917236598,151
8100000,16200.000002382874,8.650000001762237,-1808801.3974046288,472832.06791094405,-1335969.3294936847,309.9420178457851,1634.657885964186,1.0225107651045295,151
8125000,16250.00000239306,8.700000001772423,-1807941.4597580945,472095.1087060758,-1335846.3510520188,309.4589401559912,1633.4098296829688,1.0232920454420236,151
8150000,16300.000002403249,8.75000000178261,-1808190.4714391343,473175.9817252084,-1335014.489713926,310.1674537855027,1632.590197495801,1.023805783120103,151
8175000,16350.000002413432,8.800000001792792,-1812740.5004909525,474555.70806022506,-1338184.7924307273,311.07186614111856,1630.8581596052554,1.024893106624284,151
8200000,16400.000002423618,8.850000001802979,-1806328.517200606,472946.9436098416,-1333381.5735907643,310.0173190115352,1635.5693888816816,1.0219409197944502,151
8225000,16450.000002433804,8.900000001813165,-1807701.1935549928,474579.4208509224,-1333121.7727040704,311.08740990537706,1634.768993133457,1.022441270101176,151
8250000,16500.00000244399,8.950000001823351,-1808568.7114792203,474283.2584312416,-1334285.453047979,310.89327506513337,1639.2142426803075,1.0196685961734733,151
8275000,16550.000002454177,9.000000001833538,-1809104.7006994989,474479.7499665904,-1334624.9507329084,311.0220755147829,1637.2450682065523,1.0208949888560752,151
8300000,16600.000002464363,9.050000001843724,-1808888.5907112008,475134.2285885551,-1333754.3621226456,311.4510870782856,1635.6080126232464,1.0219167873729431,151
8325000,16650.00000247455,9.10000000185391,-1806449.2206262003,472926.9128870249,-1333522.3077391756,310.004188847424,1640.485051999629,1.0188787051878423,151
8350000,16700.000002484736,9.150000001864097,-1805260.1664671376,472618.9923620183,-1332641.1741051194,309.8023465542853,1636.256481922533,1.021511788724896,151
8375000,16750.000002494922,9.200000001874283,-1807404.0073659609,473033.26411433145,-1334370.7432516292,310.0739022112773,1633.7218174653426,1.0230966299113222,151
8400000,16800.00000250511,9.25000000188447,-1807078.2596499668,473118.4184804362,-1333959.8411695303,310.1297210058347,1635.918362253103,1.0217229198157207,151
8425000,16850.000002515295,9.300000001894656,-1807192.2931926288,472877.9346351109,-1334314.358557518,309.97208354142003,1633.0972693465633,1.0234878944658188,151
8450000,16900.00000252548,9.350000001904842,-1810371.65997128,474551.1740021746,-1335820.4859691055,311.0688940603385,1632.1190377610144,1.0241013351295385,151
8475000,16950.000002535668,9.400000001915028,-1807817.3025961935,471284.1651580039,-1336533.1374381897,308.92736563576267,1637.1408638323237,1.020959969045512,151
8500000,17000.000002545854,9.450000001925215,-1806628.967201764,473701.0689431378,-1332927.898258626,310.5116491201997,1637.9563538623297,1.0204516632693366,151
8525000,17050.00000255604,9.500000001935401,-1809643.5767199409,475424.9895645031,-1334218.5871554376,311.64168126533866,1632.004538759785,1.024173184549834,151
8550000,17100.000002566227,9.550000001945588,-1806957.62977737,472142.6035645561,-1334815.026212814,309.49007309572534,1639.1708100639469,1.0196956140258415,151
8575000,17150.000002576413,9.600000001955774,-1807925.9948069423,470762.88365453656,-1337163.111152406,308.58566495170334,1636.2385024840328,1.0215230133772648,151
8600000,17200.0000025866,9.65000000196596,-1806636.8237172056,472805.8366903673,-1333830.9870268386,309.92482324755906,1637.1238694141027,1.0209705672788072,151
8625000,17250.000002596786,9.700000001976147,-1807273.3554477624,472189.24447917787,-1335084.110968585,309.5206462741816,1634.714971451771,1.0224750582525055,151
8650000,17300.000002606972,9.750000001986333,-1810905.3334994884,474990.9936553142,-1335914.3398441742,311.35719639859707,1634.2892045857852,1.0227414346073629,151
8675000,17350.00000261716,9.80000000199652,-1807795.460231261,472265.80523327313,-1335529.654997988,309.57083194521044,1636.8983816361251,1.021111209109222,151
8700000,17400.000002627345,9.850000002006706,-1806587.8427039832,473397.4735908909,-1333190.3691130923,310.3126419832689,1633.7942166535104,1.023051292888662,151
8725000,17450.00000263753,9.900000002016892,-1807701.8437680723,472790.18457431777,-1334911.659193755,309.91456326571523,1636.1673489063594,1.021567437327618,151
8750000,17500.000002647717,9.950000002027078,-1809359.9009372368,473899.6049652678,-1335460.2959719691,310.64178973351704,1641.1175425620331,1.0184860269374716,151
8775000,17550.000002657904,10.000000002037265,-1810256.137647632,472484.5895176971,-1337771.5481299344,309.7142453200412,1633.5367158279716,1.023212560492833,151
8800000,17600.00000266809,10.050000002047451,-1807382.319689949,472482.7081488441,-1334899.611541105,309.7130120803813,1634.1665060538087,1.0228182253579707,151
8825000,17650.000002678276,10.100000002057637,-1807080.469981526,472742.09620945447,-1334338.3737720717,309.8830412817971,1635.8100804238395,1.0217905523777655,151
8850000,17700.000002688463,10.150000002067824,-1807402.9074962912,476787.6835646285,-1330615.2239316627,312.5349289039163,1635.1798834586732,1.0221843496056169,151
8875000,17750.00000269865,10.20000000207801,-1808522.4511548644,474225.8275442248,-1334296.6236106397,310.8556290461413,1636.7728052315797,1.0211895507543614,151
8900000,17800.000002708835,10.250000002088196,-1806092.4113144053,474649.7538465824,-1331442.657467823,311.1335132728841,1635.9916683375582,1.0216771380992855,151
8925000,17850.00000271902,10.300000002098383,-1811245.988772058,471864.966216253,-1339381.0225558048,309.30808146317264,1633.732627581757,1.0230898602640213,151
8950000,17900.000002729208,10.350000002108569,-1804670.067595197,473510.2024787311,-1331159.8651164658,310.3865359116589,1633.484700525468,1.0232451428064857,151
8975000,17950.000002739394,10.400000002118755,-1808667.0618931905,473971.70889023744,-1334695.3530029529,310.68905394742376,1634.5499029278733,1.0225783150868704,151
9000000,18000.00000274958,10.450000002128942,-1807832.545836164,472376.91187239904,-1335455.6339637646,309.64366248751884,1634.1021223430157,1.0228585244506132,151
9025000,18050.000002759767,10.500000002139128,-1807923.9780354328,473637.6740556916,-1334286.3039797416,310.4700936913917,1635.5933501928016,1.0219259484421137,151
9050000,18100.000002769957,10.550000002149318,-1807313.4684380556,474068.0360464248,-1333245.4323916305,310.7521965199949,1636.4778598785024,1.0213736015869392,151
9075000,18150.00000278014,10.6000000021595,-1808255.597649159,472704.12321374944,-1335551.4744354095,309.8581499351411,1635.1991102998045,1.0221723306557695,151
9100000,18200.00000279033,10.65000000216969,-1808817.635297726,472447.1356901699,-1336370.499607556,309.6896942887816,1635.4206948897354,1.0220338356266714,151
9125000,18250.000002800512,10.700000002179873,-1810081.0349729448,473869.7139766245,-1336211.3209963208,310.6221961527,1634.8781900731144,1.0223729791065608,151
9150000,18300.0000028107,10.75000000219006,-1810087.27153973,473319.3718217994,-1336767.8997179307,310.2614461749633,1634.641493360384,1.0225210191045189,151
9175000,18350.000002820885,10.800000002200246,-1808410.710953005,473521.154547124,-1334889.5564058807,310.3937150063262,1634.6966352336065,1.022486527246404,151
9200000,18400.00000283107,10.850000002210432,-1805607.7521839663,473442.102928468,-1332165.6492554983,310.3418965704311,1634.2346785313032,1.0227755582591964,151
9225000,18450.000002841258,10.900000002220619,-1810483.4629016165,474459.87844335387,-1336023.584458263,311.0090497061976,1634.6494324782764,1.022516052954128,151
9250000,18500.000002851444,10.950000002230805,-1807035.8882502576,473896.962099585,-1333138.9261506728,310.64005733172326,1635.3046040903805,1.0221063901370964,151
9275000,18550.00000286163,11.000000002240991,-1809090.8636035996,473841.5371969035,-1335249.326406696,310.603726237997,1639.0707955940438,1.019757834838129,151
9300000,18600.000002871817,11.050000002251178,-1810417.8672761812,472943.3355480624,-1337474.5317281191,310.01495392248086,1631.8258277277648,1.024285347896969,151
9325000,18650.000002882003,11.100000002261364,-1807675.795141949,473082.83212335233,-1334592.963018597,310.10639410380986,1634.4376782941836,1.0226485279058442,151
9350000,18700.00000289219,11.15000000227155,-1808101.9543185772,473801.42599148967,-1334300.528327088,310.57743329217567,1633.754011052172,1.0230764695016357,151
9375000,18750.000002902376,11.200000002281737,-1806538.404631032,473129.1998734677,-1333409.204757564,310.13678822258703,1633.2503984518146,1.0233919350307783,151
9400000,18800.00000291256,11.25000000229192,-1812522.831198466,472988.821195412,-1339534.010003054,310.0447698217807,1634.8131134543112,1.0224136764658422,151
9425000,18850.00000292275,11.30000000230211,-1810136.3455671852,472464.85352220736,-1337671.492044978,309.7013083500652,1632.9537118895855,1.023577872104687,151
9450000,18900.00000293293,11.350000002312292,-1808033.310511592,472259.32416481787,-1335773.986346774,309.56658359665045,1633.9163669636237,1.0229748103738805,151
9475000,18950.00000294312,11.400000002322482,-1808189.017662895,472336.0543297389,-1335852.963333156,309.6168803166897,1636.0752928098266,1.0216249172682044,151
9500000,19000.000002953308,11.450000002332668,-1809075.67550338,473804.5499571534,-1335271.1255462265,310.5794810556148,1631.435428337945,1.0245304574292702,151
9525000,19050.00000296349,11.500000002342851,-1808064.1214232205,469824.976170576,-1338239.1452526443,307.9708654111058,1636.2797120084224,1.0214972864326444,151
9550000,19100.00000297368,11.550000002353041,-1805456.8109369169,475335.7886657535,-1330121.022271163,311.5832099635206,1638.91506943803,1.0198547300163148,151
9575000,19150.000002983867,11.600000002363227,-1809180.155632412,472994.7786517272,-1336185.376980685,310.0486749419214,1635.8538572798227,1.0217632083838892,151
9600000,19200.000002994053,11.650000002373414,-1809071.3751646848,472091.1150237068,-1336980.260140978,309.45632229215306,1632.6255460528423,1.023783616336537,151
9625000,19250.00000300424,11.7000000023836,-1808365.6156812124,474148.7667886728,-1334216.8488925395,310.80511562352586,1631.744675938192,1.024336288825559,151
9650000,19300.000003014426,11.750000002393787,-1808204.507085516,472785.968031212,-1335418.539054304,309.9117993163826,1635.0399076313872,1.0222718588457933,151
9675000,19350.00000302461,11.80000000240397,-1807639.0603603795,473196.5338475439,-1334442.5265128356,310.18092572765715,1635.074747734886,1.0222500763203062,151
9700000,19400.0000030348,11.85000000241416,-1809540.159372775,472901.2216688401,-1336638.9377039347,309.9873482214481,1636.2577821287534,1.0215109770092874,151
9725000,19450.000003044985,11.900000002424346,-1807582.1629429413,473761.36055764486,-1333820.8023852964,310.5511703496756,1634.256371210059,1.0227619822120015,151
9750000,19500.00000305517,11.950000002434532,-1807898.3884455403,471487.34988976136,-1336411.038555779,309.06055348411354,1634.0135136690872,1.022913991640272,151
9775000,19550.00000306536,12.000000002444722,-1806957.1889255345,473273.492085019,-1333683.6968405154,310.2313719495437,1637.1276638512684,1.0209682009339272,151
9800000,19600.000003075544,12.050000002454905,-1809839.3352935184,472843.7455368444,-1336995.589756674,309.9496725443151,1637.1057257248483,1.0209818824751438,151
9825000,19650.00000308573,12.10000000246509,-1810432.9506560375,475047.4217082724,-1335385.5289477657,311.39418505859686,1631.4453844245006,1.0245242051121468,151
9850000,19700.00000309592,12.15000000247528,-1809898.142745153,471209.4288058468,-1338688.7139393063,308.878375862509,1633.6351251615936,1.0231509226982725,151
9875000,19750.000003106103,12.200000002485464,-1806327.8503944585,472443.7717758935,-1333884.078618565,309.6874892387238,1635.177624607885,1.0221857616613406,151
9900000,19800.00000311629,12.25000000249565,-1807640.1586848304,474740.4158027712,-1332899.742882059,311.1929422996993,1636.6998016342222,1.0212351000424558,151
9925000,19850.000003126475,12.300000002505836,-1808538.280522582,471471.9210651077,-1337066.3594574744,309.0504398700618,1636.0035865251702,1.0216696952428574,151
9950000,19900.00000313666,12.350000002516023,-1807821.9430366028,472666.3982319153,-1335155.5448046876,309.8334211618907,1634.9283147899223,1.0223416345175742,151
9975000,19950.000003146848,12.400000002526209,-1807198.4516939477,472975.8086251938,-1334222.6430687536,310.03624006556385,1634.0949650579255,1.0228630045391165,151
10000000,20000.000003157034,12.450000002536395,-1809018.9541772625,472985.7829793656,-1336033.1711978968,310.0427782673241,1637.683261983259,1.0206218286906314,151
10025000,20050.00000316722,12.500000002546582,-1808731.65207865,471474.27991986537,-1337257.372158785,309.0519861023354,1636.6111162132752,1.0212904391904278,151
10050000,20100.000003177407,12.550000002556768,-1807036.687582761,472798.7688674829,-1334237.9187152782,309.92019028072946,1635.0214063071792,1.0222834265127465,151
10075000,20150.000003187597,12.600000002566958,-1809295.9689171596,472238.60186580766,-1337057.3670513518,309.5530001034708,1635.5888751658174,1.021928744466386,151
10100000,20200.00000319778,12.65000000257714,-1808757.3743539285,474578.11835674674,-1334179.255997182,311.0865561187995,1634.1071024793685,1.0228554071672271,151
10125000,20250.00000320797,12.70000000258733,-1807590.000593593,473250.36160839495,-1334339.6389851985,310.2162098928958,1637.1291869485951,1.020967251079786,151
10150000,20300.000003218152,12.750000002597513,-1806678.884164377,472857.2429837124,-1333821.6411806648,309.9585201377884,1636.310419857123,1.021478116485586,151
10175000,20350.00000322834,12.8000000026077,-1808580.6949136136,471873.88365557336,-1336706.8112580404,309.31392685591254,1634.5500116452558,1.0225782470730214,151
10200000,20400.000003238525,12.850000002617886,-1804976.4172035167,472943.4468689979,-1332032.9703345187,310.01502689349473,1636.710127937258,1.0212286568837474,151
10225000,20450.00000324871,12.900000002628072,-1805141.7105177585,474399.5309984244,-1330742.179519334,310.9694918798092,1638.1825810049631,1.0203107425522846,151
10250000,20500.000003258898,12.950000002638259,-1808670.0708077757,473325.5487804141,-1335344.5220273614,310.2654951791385,1633.063800830589,1.0235088701441288,151
10275000,20550.000003269084,13.000000002648445,-1808646.4097287096,472042.911881582,-1336603.4978471275,309.42472507159505,1634.9675896481283,1.0223170760351994,151
10300000,20600.00000327927,13.050000002658631,-1809224.132665203,473061.4881478941,-1336162.6445173088,310.0924031009331,1634.8790910167863,1.0223724157006977,151
10325000,20650.000003289457,13.100000002668818,-1804467.692114532,474301.24354006106,-1330166.4485744708,310.90506432668525,1634.6792625033945,1.022497393832279,151
10350000,20700.000003299643,13.150000002679004,-1807587.5205770507,474667.8084600271,-1332919.7121170238,311.1453480948055,1636.9279119475964,1.021092788180706,151
10375000,20750.00000330983,13.20000000268919,-1808170.6200810364,473880.1230608892,-1334290.4970201473,310.6290193205853,1634.1829041558674,1.0228079619550163,151
10400000,20800.000003320016,13.250000002699377,-1807812.440931912,474128.81090138026,-1333683.6300305314,310.7920345141953,1636.5273929472442,1.0213426874885645,151
10425000,20850.0000033302,13.30000000270956,-1805263.7803569697,471870.5073563694,-1333393.2730006005,309.3117136875191,1633.8144088419058,1.0230386490753056,151
10450000,20900.00000334039,13.35000000271975,-1810442.055526237,473866.5660590604,-1336575.4894671766,310.62013268875995,1635.8027649329729,1.021795121938115,151
10475000,20950.00000335057,13.400000002729932,-1811085.901069927,474284.2678711015,-1336801.6331988256,310.8939367542368,1634.1267960332875,1.0228430803036317,151
10500000,21000.00000336076,13.450000002740122,-1809835.6670202075,472595.8688800815,-1337239.7981401258,309.78718908266364,1631.4412130301107,1.0245268246944446,151
10525000,21050.000003370948,13.500000002750308,-1808512.2426450253,472933.17458330735,-1335579.0680617178,310.00829339724754,1633.5956938744837,1.023175619236064,151
10550000,21100.00000338113,13.550000002760491,-1811562.4360122515,472854.0838193765,-1338708.3521928748,309.9564493015753,1635.0196314285515,1.0222845362419326,151
10575000,21150.00000339132,13.600000002770681,-1808006.406714908,473971.5308143676,-1334034.8759005405,310.6889372184661,1635.4978982212876,1.0219855907361364,151
10600000,21200.000003401507,13.650000002780867,-1808010.1488262971,474696.6540886134,-1333313.494737684,311.1642564407846,1638.0091329789534,1.0204187827827385,151
10625000,21250.000003411693,13.700000002791054,-1804734.3963528508,472344.84240815823,-1332389.5539446925,309.62264091319554,1637.4399046254257,1.0207735141545533,151
10650000,21300.00000342188,13.75000000280124,-1807556.237310868,473590.03602447786,-1333966.20128639,310.43886690174986,1634.6459929583957,1.0225182044684666,151
10675000,21350.000003432066,13.800000002811426,-1806644.5199062664,474593.7834394905,-1332050.736466776,311.0968246003277,1635.2026504118617,1.0221701177162352,151
10700000,21400.00000344225,13.85000000282161,-1808323.1765877863,472409.20032245497,-1335913.9762653315,309.6648276073206,1633.0434776557145,1.023521607679925,151
10725000,21450.00000345244,13.9000000028318,-1807601.7681430075,473863.2049787101,-1333738.5631642975,310.61792949634423,1635.0402411452362,1.0222716503238172,151
10750000,21500.000003462625,13.950000002841985,-1807057.7586622096,474379.1936726458,-1332678.564989564,310.9561607370692,1637.9131583583496,1.020478574906048,151
10775000,21550.00000347281,14.000000002852172,-1809720.4608893776,472194.239690612,-1337526.2211987656,309.5239206415871,1634.9097287327736,1.0223532567495,151
10800000,21600.000003483,14.050000002862362,-1808961.217194165,471365.25101478735,-1337595.966179378,308.9805175173202,1637.825396739595,1.0205332564684515,151
10825000,21650.000003493184,14.100000002872545,-1808919.732938937,473518.78044190846,-1335400.9524970285,310.3921587773582,1636.1003873678806,1.0216092475538068,151
10850000,21700.00000350337,14.15000000288273,-1804953.6475233024,473831.7025573467,-1331121.9449659558,310.59727961934345,1635.3065169593597,1.0221051945474091,151
10875000,21750.00000351356,14.20000000289292,-1808201.9409779736,473094.02038952016,-1335107.9205884538,310.11372802641705,1632.2073798890328,1.024045906332704,151
10900000,21800.000003523743,14.250000002903104,-1809624.3108747844,473299.23366290494,-1336325.0772118794,310.2482455863673,1633.915577761678,1.0229753044836871,151
10925000,21850.00000353393,14.30000000291329,-1808077.158555613,472388.06066772447,-1335689.0978878886,309.650970536939,1638.6508475615058,1.0200191750113838,151
10950000,21900.000003544115,14.350000002923476,-1805460.514235911,473018.74848502217,-1332441.7657508887,310.0643871979274,1639.1205371381884,1.0197268887739388,151
10975000,21950.0000035543,14.400000002933663,-1808466.5216417992,473048.5440536891,-1335417.97758811,310.0839182308294,1636.319900734209,1.02147219801667,151
11000000,22000.000003564488,14.450000002943849,-1808530.5976346256,474716.44287389086,-1333814.1547607346,311.1772280145332,1636.4910169555071,1.0213653899371424,151
11025000,22050.000003574674,14.500000002954035,-1809736.0130865304,471887.6719264844,-1337848.341160046,309.32296508491345,1635.6750293517157,1.021874917491317,151
11050000,22100.00000358486,14.550000002964222,-1810634.790355266,473626.72453284345,-1337008.0658224225,310.4629162653322,1632.637710398389,1.023775988399491,151
11075000,22150.000003595047,14.600000002974408,-1810872.337604235,473263.1229490456,-1337609.2146551893,310.22457496781374,1634.8069737299468,1.0224175162697218,151
11100000,22200.000003605237,14.650000002984598,-1808293.58241624,473042.6193802696,-1335250.9630359705,310.0800345999183,1638.7362230148474,1.0199660336953744,151
11125000,22250.00000361542,14.70000000299478,-1807242.8410852265,471814.0211087646,-1335428.8199764616,309.27468688085486,1633.6442101604985,1.0231452327659394,151
11150000,22300.00000362561,14.75000000300497,-1808057.5301279183,472314.2644953546,-1335743.2656325635,309.60259705272364,1636.5802138932156,1.0213097234538926,151
11175000,22350.000003635792,14.800000003015153,-1808497.794876066,474131.4112446033,-1334366.3836314627,310.793739042463,1634.2179520996572,1.0227860264990312,151
11200000,22400.00000364598,14.85000000302534,-1811099.1247248584,473830.4913262098,-1337268.6333986486,310.59648565580306,1634.6963168762334,1.0224867263758215,151
11225000,22450.000003656165,14.900000003035526,-1810291.8469265616,473425.58652907575,-1336866.260397486,310.3310700497642,1635.7023165647197,1.021857870307209,151
11250000,22500.00000366635,14.950000003045712,-1807257.862953743,472681.3960797899,-1334576.4668739531,309.8432522701193,1635.8575683379518,1.0217608904420743,151
11275000,22550.000003676538,15.000000003055899,-1808330.0501982528,474604.8230517868,-1333725.2271464665,311.1040610801344,1632.3792390592823,1.02393809334688,151
11300000,22600.000003686724,15.050000003066085,-1808077.220686311,472698.2892892565,-1335378.9313970543,309.85432579026593,1636.7513614039422,1.0212029298253842,151
11325000,22650.00000369691,15.100000003076271,-1807844.644774387,473813.0074378453,-1334031.6373365414,310.5850249448927,1635.5035903251871,1.0219820338817214,151
11350000,22700.000003707097,15.150000003086458,-1808330.6450256752,471565.8977528962,-1336764.747272779,309.1120417076282,1634.3910274890345,1.022677717601828,151
11375000,22750.000003717283,15.200000003096644,-1807088.2166205056,474217.46868716105,-1332870.747933345,310.85014980477627,1634.3852821854312,1.0226813125889098,151
11400000,22800.00000372747,15.25000000310683,-1806384.62084524,474519.42346282,-1331865.1973824196,311.0480815416811,1637.7216198978588,1.0205979241854533,151
11425000,22850.000003737656,15.300000003117017,-1807570.8067223176,473070.8734409458,-1334499.933281372,310.0985551723849,1636.0543629367344,1.0216379868093826,151
11450000,22900.00000374784,15.3500000031272,-1808013.3036624996,474258.0104513091,-1333755.2932111905,310.8767249823918,1634.6258026674132,1.02253083423367,151
11475000,22950.00000375803,15.40000000313739,-1808179.9544929927,471152.5459001976,-1337027.408592795,308.8410890459956,1635.9566408912472,1.0216990132151704,151
11500000,23000.00000376821,15.450000003147572,-1807025.1738847385,474368.73390489,-1332656.4399798482,310.94930434609137,1635.5384768089511,1.021960234724968,151
11525000,23050.0000037784,15.500000003157762,-1810140.4777545407,473187.64428412303,-1336952.8334704177,310.1750986076046,1633.9143964441937,1.0229760440931894,151
11550000,23100.000003788587,15.550000003167948,-1810538.035287416,472888.4133217966,-1337649.621965619,309.9789523337802,1634.323480133471,1.0227199853513018,151
11575000,23150.00000379877,15.600000003178131,-1804936.9818114983,473887.9076714756,-1331049.0741400227,310.634122142659,1636.3626804215592,1.021445493508073,151
11600000,23200.00000380896,15.650000003188321,-1806582.748663237,472860.26440349343,-1333722.484259744,309.96050068227186,1636.8592418220553,1.0211356254437778,151
11625000,23250.000003819147,15.700000003198507,-1809034.9365306736,473725.570262204,-1335309.36626847,310.5277097658002,1637.6898789153292,1.0206177049640357,151
11650000,23300.000003829333,15.750000003208694,-1809977.71706674,473556.3218151625,-1336421.3952515773,310.41676719495234,1636.757941479825,1.021198824396842,151
11675000,23350.00000383952,15.80000000321888,-1808175.288999495,473902.9856385413,-1334272.3033609537,310.6440057691187,1633.9597175900142,1.0229476698034403,151
11700000,23400.000003849706,15.850000003229066,-1808294.6500440976,473913.0495628378,-1334381.6004812596,310.6506026842088,1632.675807569217,1.0237520994139748,151
11725000,23450.00000385989,15.90000000323925,-1806802.029432264,473174.4382075807,-1333627.5912246834,310.1664420077478,1638.1649392015902,1.0203217305310093,151
11750000,23500.00000387008,15.95000000324944,-1808136.458753623,473272.41104224056,-1334864.0477113826,310.23066332463674,1633.065590205444,1.0235077486698614,151
11775000,23550.000003880265,16.000000003259625,-1808895.2134276584,472867.4346775779,-1336027.77875008,309.9652008059925,1635.183717990418,1.0221819525671103,151
11800000,23600.00000389045,16.050000003269812,-1810083.192819659,473019.5843114592,-1337063.6085081997,310.0649350832128,1634.81056438964,1.0224152706557983,151
11825000,23650.00000390064,16.10000000328,-1805987.673379111,473407.10690179054,-1332580.5664773206,310.3189566307334,1639.0039199334224,1.019799443633599,151
11850000,23700.000003910824,16.150000003290184,-1811196.4822547168,472638.2446140761,-1338558.2376406405,309.8149664298306,1633.5466973330438,1.0232063083291336,151
11875000,23750.00000392101,16.20000000330037,-1810268.981907335,473273.12685615016,-1336995.855051185,310.23113254155874,1632.9097047071614,1.0236054576950069,151
11900000,23800.0000039312,16.25000000331056,-1810535.468109972,472735.7553367128,-1337799.712773259,309.8788848317045,1631.8258731807111,1.0242853193664816,151
11925000,23850.000003941383,16.300000003320744,-1805480.223193664,475457.8787362304,-1330022.3444574336,311.6632401589549,1636.5242279896654,1.021344662715221,151
11950000,23900.00000395157,16.35000000333093,-1805803.0660482424,472769.197395734,-1333033.868652508,309.9008061436404,1635.5360087297163,1.0219617768975773,151
11975000,23950.000003961755,16.400000003341116,-1809919.30316801,472316.80445082666,-1337602.4987171832,309.60426199674424,1635.6481924386942,1.0218916839135872,151
12000000,24000.00000397194,16.450000003351303,-1806372.8593380824,473186.3625546803,-1333186.496783402,310.17425843233565,1635.6801155470007,1.021871739941295,151
12025000,24050.000003982128,16.50000000336149,-1808401.0175732116,473617.6432163948,-1334783.3743568163,310.4569634509277,1633.5093285170472,1.0232297156079262,151
12050000,24100.000003992314,16.550000003371675,-1808007.2418442387,472193.7978457711,-1335813.4439984676,309.52363101173574,1639.262450499749,1.019638609517243,151
12075000,24150.0000040025,16.60000000338186,-1809534.7038107396,474419.02900024026,-1335115.674810499,310.98227284463144,1636.5245450015277,1.0213444648701142,151
12100000,24200.000004012687,16.650000003392048,-1809653.1503532596,472875.38795234985,-1336777.7624009096,309.9704141876529,1634.6610846372644,1.0225087642753132,151
12125000,24250.000004022877,16.700000003402238,-1807138.4106430467,473300.8585547967,-1333837.55208825,310.2493107050551,1636.4366906892408,1.021399297126125,151
12150000,24300.00000403306,16.75000000341242,-1807842.0286442507,472460.995337756,-1335381.0333064948,309.69877930528315,1630.146115739897,1.0253407774448156,151
12175000,24350.00000404325,16.80000000342261,-1811380.8510552384,473266.0251522694,-1338114.825902969,310.2264773656933,1633.9482468276897,1.022954851175074,151
12200000,24400.000004053432,16.850000003432793,-1808088.6863955983,472782.86064042576,-1335305.8257551729,309.9097624177967,1636.0002629642158,1.0216717707813423,151
12225000,24450.00000406362,16.90000000344298,-1808317.440946335,472892.83643550647,-1335424.6045108284,309.9818516904048,1636.380289931802,1.021434501469736,151
12250000,24500.000004073805,16.950000003453166,-1808588.5870493196,472188.60982028965,-1336399.97722903,309.52023025447863,1634.2444392268828,1.0227694496253652,151
12275000,24550.00000408399,17.000000003463352,-1808223.58949268,471998.46578011423,-1336225.1237125653,309.3955905959341,1635.1511657761698,1.022202301930898,151
12300000,24600.000004094178,17.05000000347354,-1806572.7134773305,473726.2622516369,-1332846.451225693,310.5281633657476,1634.764930845261,1.0224438108035263,151
12325000,24650.000004104364,17.100000003483725,-1808453.4916458584,473956.1450487127,-1334497.346597146,310.6788518296424,1638.3708700515133,1.0201934837921276,151
12350000,24700.00000411455,17.15000000349391,-1809657.530910409,473566.2840816472,-1336091.246828762,310.4232974732185,1634.976723060377,1.0223113651017208,151
12375000,24750.000004124737,17.200000003504098,-1809848.2300232872,472879.0986910687,-1336969.1313322186,309.9728465815709,1635.7069428709883,1.021854980163903,151
12400000,24800.000004134923,17.250000003514284,-1807812.166992212,472544.595340765,-1335267.5716514466,309.7535792128678,1636.9051961963798,1.0211069581459544,151
12425000,24850.00000414511,17.30000000352447,-1811056.9939340465,472823.6124810313,-1338233.3814530151,309.9364753007955,1634.5827507714134,1.022557765810619,151
12450000,24900.000004155296,17.350000003534657,-1811052.5945728747,471839.7086980773,-1339212.8858747976,309.29152512810055,1637.352339642043,1.0208281047357255,151
12475000,24950.00000416548,17.40000000354484,-1807620.854556717,474395.0330926025,-1333225.8214641146,310.9665434968607,1636.3213076698937,1.0214713197382543,151
12500000,25000.00000417567,17.45000000355503,-1806445.464442104,474859.9905764258,-1331585.4738656783,311.2713237148891,1635.27903981375,1.0221223687009178,151
12525000,25050.00000418585,17.500000003565212,-1808066.825651289,472801.21054227103,-1335265.615109018,309.92179080163766,1636.8775229559812,1.021124221098087,151
12550000,25100.00000419604,17.550000003575402,-1808102.124118995,473220.4544511664,-1334881.6696678284,310.19660571355075,1633.2128212001978,1.0234154814147804,151
12575000,25150.000004206227,17.60000000358559,-1808277.595409408,473856.695436813,-1334420.8999725953,310.61366248340715,1634.0246952368743,1.0229069918793925,151
12600000,25200.000004216414,17.650000003595775,-1809359.138503871,473125.1269572976,-1336234.0115465734,310.1341184208922,1635.626213127102,1.0219054159481769,151
12625000,25250.0000042266,17.70000000360596,-1808293.5579294383,473385.422159545,-1334908.1357698934,310.3047422547971,1631.67671112016,1.024378955874123,151
12650000,25300.000004236783,17.750000003616144,-1809313.431097056,474814.0410061098,-1334499.390090946,311.24120371349875,1632.6898418267551,1.0237432994568425,151
12675000,25350.000004246973,17.800000003626334,-1808317.0433460448,472716.9375986591,-1335600.1057473854,309.8665497806378,1635.4552264358294,1.0220122560640308,151
12700000,25400.00000425716,17.85000000363652,-1808277.4825321576,473388.5726178659,-1334888.9099142917,310.3068073842064,1634.7053029079614,1.0224811057308352,151
12725000,25450.000004267346,17.900000003646706,-1804852.318043895,472710.3296044509,-1332141.9884394442,309.86221823208643,1637.662506125478,1.0206347641284554,151
12750000,25500.00000427753,17.95000000365689,-1809998.1037684511,474437.58409338666,-1335560.5196750644,310.9944357316296,1631.494726208415,1.0244932201195929,151
12775000,25550.00000428772,18.00000000366708,-1809498.5187770464,473741.58705303306,-1335756.9317240133,310.53820879242267,1634.9416598063417,1.0223332897758417,151
12800000,25600.000004297905,18.050000003677265,-1809203.8642030277,473793.243964652,-1335410.6202383754,310.5720699632472,1632.6113202788931,1.0237925370846157,151
12825000,25650.00000430809,18.10000000368745,-1806294.0739323832,472851.25710675295,-1333442.81682563,309.9545963878796,1634.16305092086,1.022820387916321,151
12850000,25700.00000431828,18.15000000369764,-1808550.9134919236,473985.9273564411,-1334564.9861354823,310.69837416998246,1635.9991638866704,1.0216724571487483,151
12875000,25750.000004328464,18.200000003707824,-1805975.2095077203,473759.2470059661,-1332215.9625017543,310.5497849138802,1636.7957420047387,1.0211752406040615,151
12900000,25800.00000433865,18.25000000371801,-1810263.967756629,474762.1191031677,-1335501.848653461,311.2071688405271,1632.3712742774007,1.0239430894183634,151
12925000,25850.00000434884,18.3000000037282,-1811021.6231280968,472468.5889473054,-1338553.0341807911,309.70375692593586,1634.1800258138196,1.0228097634647135,151
12950000,25900.000004359023,18.350000003738383,-1808279.4368436,473118.1413140088,-1335161.2955295914,310.12953932289133,1632.8885588153637,1.0236187133762569,151
12975000,25950.00000436921,18.40000000374857,-1809385.0470858773,472964.7775527498,-1336420.2695331278,310.0290091836412,1631.0917482052437,1.0247463317134442,151
13000000,26000.000004379395,18.450000003758756,-1808268.442198504,471844.1037359106,-1336424.338462593,309.2944060809526,1634.5659905763048,1.0225682507147242,151
13025000,26050.00000438958,18.500000003768942,-1808247.4766942924,474526.35954385233,-1333721.11715044,311.0526281515601,1639.28867948113,1.0196222950740097,151
13050000,26100.000004399768,18.55000000377913,-1807056.495936432,473278.5127367735,-1333777.9831996583,310.2346629931114,1632.910437060783,1.0236049986121647,151
13075000,26150.000004409954,18.600000003789315,-1811594.5830151355,473929.4106947637,-1337665.1723203715,310.6613274268553,1631.613592374052,1.024418583832321,151
13100000,26200.00000442014,18.6500000037995,-1809202.8499774504,476158.2092438575,-1333044.640733593,312.12230769143406,1634.7049865844228,1.0224813035860103,151
13125000,26250.000004430327,18.700000003809688,-1809699.5981475152,472357.6122305073,-1337341.985917008,309.6310115478775,1633.8248579281642,1.0230321062570604,151
13150000,26300.000004440517,18.750000003819878,-1809715.4298866,471748.4799371943,-1337966.9499494056,309.2317245600922,1632.9090071070536,1.0236058949926603,151
13175000,26350.0000044507,18.80000000383006,-1805953.1217777105,475045.2000157903,-1330907.9217619202,311.39272873636816,1635.0419108569386,1.022270606375692,151
13200000,26400.00000446089,18.85000000384025,-1809203.754427568,473892.3094419659,-1335311.444985602,310.6370075087761,1632.3193877141498,1.0239756375142044,151
13225000,26450.000004471072,18.900000003850433,-1807706.7497697852,473198.0563126908,-1334508.6934570947,310.1819237054843,1635.1178506628323,1.022223129044692,151
13250000,26500.00000448126,18.95000000386062,-1806721.9083817129,474084.83911930287,-1332637.0692624098,310.7632109554939,1638.2306440545483,1.0202808082777737,151
13275000,26550.000004491445,19.000000003870806,-1810221.598578713,474050.0980299719,-1336171.500548741,310.7404381275489,1636.2401253103797,1.0215220002286234,151
13300000,26600.00000450163,19.050000003880992,-1809600.2175917728,472754.3750721688,-1336845.842519604,309.8910900918183,1632.5642194634556,1.0238220743381954,151
13325000,26650.000004511818,19.10000000389118,-1807720.9404933995,472458.49420660967,-1335262.4462867896,309.6971398106571,1633.690333254107,1.0231163468611963,151
13350000,26700.000004522004,19.150000003901365,-1808149.2548188053,474493.5093246765,-1333655.7454941291,311.03109479139056,1631.7262487471803,1.024347856722116,151
13375000,26750.00000453219,19.20000000391155,-1807501.0132303971,472197.7514721089,-1335303.2617582884,309.52622261879475,1634.2209689018298,1.0227841384170853,151
13400000,26800.000004542377,19.250000003921738,-1808832.829217053,475283.02934178506,-1333549.799875268,311.5486261600082,1637.4421780131777,1.020772096935652,151
13425000,26850.000004552563,19.300000003931924,-1808263.9916782435,472642.3605582765,-1335621.631119967,309.81766443645364,1633.3229078081297,1.0233465028078466,151
13450000,26900.00000456275,19.35000000394211,-1809024.854380792,475953.4046357179,-1333071.449745074,311.9880580120683,1632.2777138895651,1.024001780725457,151
13475000,26950.000004572936,19.400000003952297,-1807961.876621864,472851.7227168765,-1335110.1539049873,309.9549015959038,1634.3449743027425,1.0227065349985134,151
13500000,27000.00000458312,19.45000000396248,-1808558.6387861448,471625.0860237235,-1336933.552762421,309.15083969392816,1634.3257907387783,1.0227185394326,151
13525000,27050.00000459331,19.50000000397267,-1809589.745500586,471637.8052546715,-1337951.9402459145,309.1591771658828,1633.5749430813928,1.0231886163168895,151
13550000,27100.00000460349,19.550000003982852,-1810527.3232350985,474782.8996544959,-1335744.4235806025,311.22079051817485,1635.0165060100517,1.022286490391625,151
13575000,27150.00000461368,19.600000003993042,-1808371.9184276704,474483.45516976615,-1333888.4632579042,311.0245042801454,1631.0237797931854,1.024789035187049,151
13600000,27200.000004623867,19.65000000400323,-1809010.712626597,473623.34597772063,-1335387.3666488763,310.4607016181811,1635.603012355739,1.0219199115157018,151
13625000,27250.000004634054,19.700000004013415,-1807930.1581292783,474230.99437653605,-1333699.1637527426,310.8590159112486,1632.47425555357,1.0238784960774796,151
13650000,27300.00000464424,19.7500000040236,-1808752.458719048,472746.4345954593,-1336006.0241235883,309.885885099304,1635.2430449918634,1.0221448675659766,151
13675000,27350.000004654423,19.800000004033784,-1807974.613837148,473117.2690336776,-1334857.3448034704,310.12896754203234,1633.9430300751396,1.0229581172022428,151
13700000,27400.000004664613,19.850000004043974,-1807681.5304613092,475126.98539092846,-1332554.545070381,311.44633915309095,1636.9689662687697,1.0210671797103332,151
13725000,27450.0000046748,19.90000000405416,-1812101.9155519076,471530.1896510233,-1340571.7259008845,309.0886350017403,1631.7760089597791,1.0243166197344131,151
13750000,27500.000004684985,19.950000004064346,-1808361.246286422,471896.6009138242,-1336464.6453725975,309.32881804739475,1636.49896800459,1.0213604275592212,151
13775000,27550.00000469517,20.000000004074533,-1809738.2071171396,471593.6193724862,-1338144.5877446532,309.1302132642902,1633.823352080335,1.0230330491562265,151
13800000,27600.00000470536,20.050000004084723,-1808683.390752676,472642.037534338,-1336041.353218338,309.81745269385385,1634.1675990565543,1.022817541252418,151
13825000,27650.000004715544,20.100000004094905,-1808416.281452043,473262.61630036193,-1335153.665151681,310.2242428589616,1640.4327167891047,1.0189112107767575,151
13850000,27700.00000472573,20.15000000410509,-1808410.7398216208,473498.6618908094,-1334912.0779308118,310.37897104169696,1635.7048746567095,1.021856272215479,151
13875000,27750.00000473592,20.20000000411528,-1808022.09062062,475301.1110212842,-1332720.979599336,311.5604787237625,1634.8870467022602,1.0223674406332193,151
13900000,27800.000004746104,20.250000004125464,-1809990.8546279548,474147.1638906694,-1335843.6907372854,310.80406492185966,1630.084661641171,1.0253794327336163,151
13925000,27850.00000475629,20.30000000413565,-1807970.4973774615,470595.59103318345,-1337374.9063442782,308.47600442706505,1638.5028353469756,1.020111317236408,151
13950000,27900.00000476648,20.35000000414584,-1808249.095214921,476894.8068144882,-1331354.2884004328,312.6051483295284,1635.6024608330138,1.0219202561055811,151
13975000,27950.000004776663,20.400000004156023,-1809677.22944156,473534.0469486102,-1336143.1824929495,310.40216599178746,1632.7603179323785,1.0236991108272493,151
14000000,28000.00000478685,20.45000000416621,-1808610.311384187,471867.3571921061,-1336742.954192081,309.3096487508649,1636.0932514062845,1.0216137033905084,151
14025000,28050.000004797035,20.500000004176396,-1808299.6694696448,474306.2187341118,-1333993.4507355334,310.90832557267066,1636.1507547922545,1.0215777982351149,151
14050000,28100.00000480722,20.550000004186582,-1808788.1968574617,474458.6644283348,-1334329.532429127,311.00825391781893,1632.9210159507902,1.0235983671801572,151
14075000,28150.000004817408,20.60000000419677,-1808135.473529288,473885.8918903826,-1334249.581638905,310.632800795606,1634.520966504566,1.0225964181027365,151
14100000,28200.000004827594,20.650000004206955,-1807588.940831528,473153.5388513819,-1334435.401980146,310.1527424533573,1636.5917354349156,1.0213025334734518,151
14125000,28250.00000483778,20.70000000421714,-1807825.5014354764,470819.4390549946,-1337006.0623804815,308.6227370881502,1635.6784560677038,1.021872776682343,151
14150000,28300.000004847967,20.750000004227328,-1808785.0160773536,472822.7383041972,-1335962.2777731563,309.93590227677635,1636.384904716821,1.0214316209123429,151
14175000,28350.000004858157,20.800000004237518,-1808328.463734677,474368.0342132965,-1333960.4295213805,310.9488456973679,1637.416829277162,1.0207878994374673,151
14200000,28400.00000486834,20.8500000042477,-1808745.455014023,472831.4669666118,-1335913.9880474112,309.9416239260161,1635.5795801346137,1.021934552107716,151
14225000,28450.00000487853,20.90000000425789,-1808401.2704606047,473980.1447413827,-1334421.125719222,310.6945836585065,1635.7342339962554,1.021837931201004,151
14250000,28500.000004888712,20.950000004268073,-1809816.9481275573,474252.4492348085,-1335564.498892749,310.8730795979502,1635.2555943133875,1.0221370233949294,151
14275000,28550.0000048989,21.00000000427826,-1806596.077691717,473564.9121005568,-1333031.1655911603,310.42239813788046,1639.6102411543995,1.0194223259331263,151
14300000,28600.000004909085,21.050000004288446,-1809111.3736916007,471462.8357864761,-1337648.5379051247,309.0444844584413,1634.4406486029193,1.0226466694218062,151
14325000,28650.00000491927,21.100000004298632,-1809143.445777798,472314.168942246,-1336829.2768355522,309.60253441754014,1631.5766095149838,1.024441804273146,151
14350000,28700.000004929458,21.15000000430882,-1807142.5876513517,474868.699146643,-1332273.8885047084,311.27703219366805,1635.3948074877744,1.0220500138611863,151
14375000,28750.000004939644,21.200000004319005,-1806669.8827458108,475503.0761876781,-1331166.8065581326,311.6928671454769,1635.5216614413562,1.0219707418539283,151
14400000,28800.00000494983,21.25000000432919,-1810197.5218223725,473960.8853743721,-1336236.6364480003,310.6819591191006,1636.4170678448386,1.0214115450792132,151
14425000,28850.000004960017,21.300000004339378,-1808263.1635168977,474153.2635132719,-1334109.9000036258,310.8080632321813,1636.5298569039423,1.021341149756671,151
14450000,28900.000004970203,21.350000004349564,-1809054.019587718,473308.56041095854,-1335745.4591767597,310.254359281499,1631.9907889740225,1.024181813374192,151
14475000,28950.00000498039,21.40000000435975,-1807399.298833264,475070.43266521394,-1332328.86616805,311.40926876994183,1635.197500123027,1.022173337187488,151
14500000,29000.000004990576,21.450000004369937,-1808187.5661844716,471893.5256919631,-1336294.0404925083,309.32680223557986,1633.8026385083103,1.0230460193083415,151
14525000,29050.00000500076,21.50000000438012,-1807187.2609595496,474698.41444711154,-1332488.8465124385,311.165410358004,1636.3580526581557,1.0214483822450862,151
14550000,29100.00000501095,21.55000000439031,-1807739.485647425,472927.7870272091,-1334811.698620216,310.00476184741905,1632.6142237942215,1.0237907163254425,151
14575000,29150.00000502113,21.600000004400492,-1806956.0623919284,473078.3256326421,-1333877.7367592864,310.1034400934563,1633.5926294470453,1.0231775385930597,151
14600000,29200.00000503132,21.650000004410682,-1809462.509641764,473227.60013154114,-1336234.9095102227,310.20128971606346,1632.992867024602,1.0235533292358283,151
14625000,29250.000005041507,21.70000000442087,-1807084.8784959696,472610.2217542833,-1334474.6567416866,309.796597409835,1636.203916939974,1.0215446059971212,151
14650000,29300.000005051694,21.750000004431055,-1807950.140163011,473743.40237163415,-1334206.737791377,310.53939873605896,1637.9091267299548,1.0204810867611511,151
14675000,29350.00000506188,21.80000000444124,-1810451.762649959,472078.6603762247,-1338373.1022737343,309.4481582549945,1632.4277524945703,1.0239076633604045,151
14700000,29400.000005072063,21.850000004451424,-1807656.3393738605,473434.302038931,-1334222.0373349297,310.3367830774847,1635.08250298848,1.022245227752381,151
14725000,29450.000005082253,21.900000004461614,-1807011.3961266624,473927.7110516765,-1333083.685074986,310.6602133086644,1633.4332835451703,1.0232773523713805,151
14750000,29500.00000509244,21.9500000044718,-1809528.711791837,473662.8466401301,-1335865.8651517066,310.4865943522918,1635.653599683101,1.021888305681122,151
14775000,29550.000005102625,22.000000004481986,-1806713.4187778395,473101.9831665861,-1333611.4356112531,310.11894763684325,1636.832841649695,1.021152095150292,151
14800000,29600.00000511281,22.050000004492173,-1809492.623625679,473088.10755534144,-1336404.5160703375,310.10985215614323,1632.250607456267,1.0240187861018613,151
14825000,29650.000005123,22.100000004502363,-1808913.898702206,475267.622277775,-1333646.276424431,311.53852681008584,1635.5797128095771,1.0219344692104235,151
14850000,29700.000005133184,22.150000004512545,-1805631.6185409604,473600.86935095536,-1332030.749190005,310.4459681609416,1635.3198649438216,1.0220968518099742,151
14875000,29750.00000514337,22.20000000452273,-1808549.840034968,472997.0110547932,-1335552.828980175,310.05013828495134,1634.8049185923333,1.0224188015660105,151
14900000,29800.00000515356,22.25000000453292,-1807425.027340568,474118.1436531599,-1333306.8836874077,310.7850421195109,1631.755150245617,1.0243297135662786,151
14925000,29850.000005163743,22.300000004543104,-1810881.9361687228,472824.73192222125,-1338057.2042465014,309.93720909590974,1633.2380424820938,1.0233996773190628,151
14950000,29900.00000517393,22.35000000455329,-1810867.4171563133,471920.3308043706,-1338947.086351943,309.344373020626,1631.1219865761725,1.0247273345691832,151
14975000,29950.00000518412,22.40000000456348,-1807276.540415724,473537.79089446034,-1333738.7495212634,310.40462015302194,1634.8529200943042,1.022388781961485,151
15000000,30000.000005194303,22.450000004573663,-1809766.917779208,472054.822873043,-1337712.0949061653,309.43253274154495,1633.8421292561648,1.0230212917954022,151
15025000,30050.00000520449,22.50000000458385,-1808129.1145837477,472575.4484468576,-1335553.66613689,309.7738034628882,1635.8926775305872,1.021738961619712,151
15050000,30100.000005214675,22.550000004594036,-1809337.8157243216,472691.1747251304,-1336646.6409991912,309.84966218449347,1632.2953901032674,1.0239906917556432,151
15075000,30150.00000522486,22.600000004604222,-1808185.7005525017,472526.3055182205,-1335659.395034281,309.74159021108426,1638.0818996976789,1.020373453836388,151
15100000,30200.000005235048,22.65000000461441,-1808774.0304037333,473579.4909886831,-1335194.5394150503,310.43195461746484,1634.5959108036066,1.0225495332602812,151
15125000,30250.000005245234,22.700000004624595,-1809812.042669924,474133.1333691374,-1335678.9093007864,310.79486789727065,1634.8347328586344,1.0224001558486124,151
15150000,30300.00000525542,22.75000000463478,-1809976.489020993,474995.10726080666,-1334981.3817601865,311.35989287219405,1635.1156413111275,1.0222245102622378,151
15175000,30350.000005265607,22.800000004644968,-1807587.8247263497,474492.1803880864,-1333095.6443382632,311.0302236717769,1634.2694261051731,1.0227538121696629,151
15200000,30400.000005275797,22.850000004655158,-1809987.272797536,472213.306123194,-1337773.966674342,309.5364187122313,1635.6488503985163,1.021891272845117,151
15225000,30450.00000528598,22.90000000466534,-1806329.358047076,474088.9237436663,-1332240.4343034094,310.7658884319242,1634.2440418378433,1.0227696983259011,151
15250000,30500.00000529617,22.95000000467553,-1807690.567011944,471728.3185167109,-1335962.2484952332,309.21850872349535,1636.9406435155354,1.0210848464680629,151
15275000,30550.000005306352,23.000000004685713,-1808642.294506142,472501.3689728172,-1336140.9255333247,309.72524427406995,1634.268256418548,1.0227545441801205,151
15300000,30600.00000531654,23.0500000046959,-1811000.742483748,472111.4516359271,-1338889.2908478212,309.4696529671548,1633.0692194003143,1.0235054741128329,151
15325000,30650.000005326725,23.100000004706086,-1808508.1765525416,472740.860500391,-1335767.3160521504,309.882231272945,1633.4818924262693,1.0232469018549817,151
15350000,30700.00000533691,23.150000004716272,-1809498.9706431152,473695.8015181981,-1335803.1691249171,310.50819631649733,1635.26750290502,1.0221295798345442,151
15375000,30750.000005347098,23.20000000472646,-1808979.8556053156,472447.9238191709,-1336531.9317861446,309.6902109083374,1636.8378354940724,1.0211489797074924,151
15400000,30800.000005357284,23.250000004736645,-1808194.619775517,474379.8467249911,-1333814.773050526,310.95658881370645,1636.529632228432,1.0213412899743235,151
15425000,30850.00000536747,23.30000000474683,-1808050.5852921167,472750.11065547424,-1335300.4746366425,309.88829476128774,1638.1668180337947,1.0203205603123813,151
15450000,30900.000005377657,23.350000004757018,-1809592.109684732,472123.9916487078,-1337468.118036024,309.4778729613744,1636.7322473062193,1.021214855644423,151
15475000,30950.000005387843,23.400000004767204,-1812032.3625047395,474389.993864056,-1337642.3686406834,310.96324027618243,1632.8162216466335,1.0236640618230706,151
15500000,31000.00000539803,23.45000000477739,-1808021.4374409188,474577.9043060189,-1333443.5331348998,311.08641580827697,1634.8264187345596,1.0224053553986394,151
15525000,31050.000005408216,23.500000004787577,-1809268.261422405,474464.9252978188,-1334803.3361245862,311.0123579256751,1635.4779562764284,1.021998052157716,151
15550000,31100.0000054184,23.55000000479776,-1807794.9486165333,472221.613104402,-1335573.3355121317,309.5418639489073,1637.0605325653787,1.021010067991875,151
15575000,31150.00000542859,23.60000000480795,-1810195.900580508,472455.61275197496,-1337740.2878285327,309.69525101350393,1633.387975568032,1.0233057367035665,151
15600000,31200.00000543877,23.650000004818132,-1810364.7499100536,472510.1075116853,-1337854.6423983686,309.73097239733744,1633.9257886452308,1.0229689116096754,151
15625000,31250.00000544896,23.700000004828322,-1807588.585442962,473243.2351935359,-1334345.3502494262,310.21153851895286,1634.9600702826356,1.0223217777865656,151
15650000,31300.000005459147,23.75000000483851,-1810285.319605588,473601.9920707988,-1336683.3275347892,310.4467041052173,1636.1458099908295,1.0215808856734847,151
15675000,31350.000005469334,23.800000004848695,-1806899.1723215687,472112.9174782519,-1334786.2548433172,309.47061382865047,1636.925200263436,1.021094479694246,151
15700000,31400.00000547952,23.85000000485888,-1809847.7992516896,472058.0860256904,-1337789.7132259991,309.43467174222764,1633.1128932905108,1.0234781027866522,151
15725000,31450.000005489703,23.900000004869064,-1808164.9945900335,473114.359568035,-1335050.6350219988,310.1270603836281,1635.9906551399974,1.0216777708417657,151
15750000,31500.000005499893,23.950000004879254,-1810441.6548109415,472698.7768453231,-1337742.8779656186,309.8546453838835,1631.6868066493928,1.0243726178638797,151
15775000,31550.00000551008,24.00000000488944,-1806993.4276996967,472798.9797281026,-1334194.4479715943,309.92032850013214,1635.0025506767304,1.0222952159735617,151
15800000,31600.000005520265,24.050000004899626,-1808067.8347538123,471349.5143929146,-1336718.3203608976,308.9702021418025,1635.268017411884,1.0221292582403594,151
15825000,31650.00000553045,24.100000004909813,-1809039.716289688,474909.1375853909,-1334130.578704297,311.3035396413533,1632.3450682586408,1.0239595280209188,151
15850000,31700.00000554064,24.150000004920003,-1810311.8961553592,473727.7753773834,-1336584.1207779758,310.529155221586,1634.9498810754585,1.022328149020642,151
15875000,31750.000005550824,24.200000004930185,-1807191.890948656,472703.9811546114,-1334487.909794045,309.8580568151966,1637.218965818292,1.0209112651135146,151
15900000,31800.00000556101,24.25000000494037,-1810458.7206604248,473717.71175857086,-1336741.008901854,310.5225585067409,1630.4879999566988,1.0251257817940282,151
15925000,31850.0000055712,24.30000000495056,-1808462.45177394,473071.9053584399,-1335390.5464155,310.09923159560594,1635.3917203304727,1.022051943202716,151
15950000,31900.000005581383,24.350000004960744,-1808676.9740197351,473068.2276275543,-1335608.746392181,310.09682083836435,1635.011161482155,1.0222898320438374,151
15975000,31950.00000559157,24.40000000497093,-1810591.7232827025,476098.3571534288,-1334493.3661292735,312.0830745705468,1632.0552793001689,1.0241413430420805,151
16000000,32000.00000560176,24.45000000498112,-1809951.2655610929,473014.1808124047,-1336937.084748688,310.06139308275624,1634.8734629400549,1.0223759352332693,151
16025000,32050.000005611942,24.500000004991303,-1808547.3800253784,472998.4031856288,-1335548.9768397496,310.0510508284728,1635.6861948722728,1.0218679419690968,151
16050000,32100.00000562213,24.55000000500149,-1808804.869574984,474055.4526673179,-1334749.4169076658,310.7439480990937,1635.005246720569,1.0222935302586542,151
16075000,32150.000005632315,24.600000005011676,-1808161.1494053693,475698.7916016757,-1332462.3578036935,311.82115884660027,1632.4045777022864,1.0239221994917904,151
16100000,32200.0000056425,24.650000005021862,-1810423.9800926289,471767.6654115997,-1338656.3146810292,309.244300662802,1638.047895605452,1.020394635679192,151
16125000,32250.000005652688,24.70000000503205,-1810055.6655054416,474714.025137424,-1335341.6403680178,311.1756431852248,1637.3764090440202,1.0208130985820598,151
16150000,32300.000005662878,24.75000000504224,-1808939.272786703,473577.205104115,-1335362.067682588,310.4304562172427,1634.160561085444,1.0228219463032302,151
16175000,32350.00000567306,24.80000000505242,-1806741.7117737927,473703.66586404847,-1333038.0459097447,310.5133514051373,1637.8059918436315,1.0205453478527593,151
16200000,32400.000005683247,24.850000005062608,-1807372.7246582184,474905.2091336392,-1332467.515524579,311.3009645362672,1639.9411177370102,1.0192166460024303,151
16225000,32450.000005693437,24.900000005072798,-1809983.0575699592,472867.02684660605,-1337116.0307233531,309.9649334722752,1634.509194730355,1.0226037828665333,151
16250000,32500.00000570362,24.95000000508298,-1807483.6731018005,474710.47340309137,-1332773.1996987092,311.1733150188829,1633.0557798536536,1.0235138972480045,151
16275000,32550.00000571381,25.00000000509317,-1808309.4915111356,473914.8385692912,-1334394.6529418442,310.651775380199,1635.2039934933623,1.0221692781526202,151
16300000,32600.000005723992,25.050000005103353,-1809159.7471605912,472596.47774293344,-1336563.2694176575,309.7875881930324,1632.1976467241882,1.0240520129507562,151
16325000,32650.00000573418,25.10000000511354,-1809647.8235190017,473266.83030948206,-1336380.9932095197,310.22700514726336,1634.9356200932507,1.0223370664381626,151
16350000,32700.000005744365,25.150000005123726,-1807469.975347491,473141.19759519177,-1334328.777752299,310.1446527443339,1634.921880004687,1.0223456582871109,151
16375000,32750.00000575455,25.200000005133912,-1809944.2605588604,476147.9444956914,-1333796.316063169,312.1155791360437,1632.9564650731563,1.023576146340503,151
16400000,32800.000005764734,25.250000005144095,-1808215.205069337,472426.9881903512,-1335788.2168789858,309.6764875771981,1636.4856091403724,1.0213687650693055,151
16425000,32850.00000577492,25.30000000515428,-1810208.194665457,474501.1497364128,-1335707.0449290443,311.0361030909358,1633.7259048294468,1.023094070260142,151
16450000,32900.00000578511,25.350000005164468,-1808742.0099442557,474062.8787490752,-1334679.13119518,310.74881590506703,1633.0898464748889,1.0234925465180726,151
16475000,32950.00000579529,25.400000005174654,-1810453.9638882384,474377.86745338736,-1336076.0964348507,310.95529139866983,1633.64441601425,1.0231451038405244,151
16500000,33000.00000580548,25.45000000518484,-1808263.3017144268,472836.7023622948,-1335426.599352132,309.9450557345002,1633.0384465334316,1.0235247609812927,151
16525000,33050.000005815666,25.500000005195027,-1809490.4117898503,472486.0832509591,-1337004.3285388912,309.7152244640816,1634.9294231818064,1.0223409414263898,151
16550000,33100.00000582585,25.550000005205213,-1806301.3612696044,472005.5641622098,-1334295.7971073946,309.4002435943651,1637.6137730437536,1.0206651367829789,151
16575000,33150.00000583604,25.6000000052154,-1809647.2319883192,474278.92655291705,-1335368.305435402,310.8904355134192,1633.247528079508,1.023393733604368,151
16600000,33200.000005846225,25.650000005225586,-1807548.5643333616,473606.1033483403,-1333942.4609850212,310.4493990528396,1633.7064867265133,1.0231062306733671,151
16625000,33250.00000585641,25.700000005235772,-1808424.3846484032,474071.88234399696,-1334352.502304406,310.7547177729125,1637.142711145858,1.0209588170181685,151
16650000,33300.0000058666,25.75000000524596,-1807087.807153528,473481.1216588864,-1333606.6854946413,310.36747339751287,1633.2792094070503,1.0233738824534486,151
16675000,33350.000005876784,25.800000005256145,-1809650.7591002064,473399.8955135417,-1336250.8635866644,310.3142295566261,1631.8622005552893,1.0242625174433415,151
16700000,33400.00000588697,25.85000000526633,-1803526.0323044776,473515.4860131219,-1330010.546291356,310.3899992751268,1639.908474009072,1.019236934348658,151
16725000,33450.00000589716,25.900000005276517,-1811104.773270173,474190.0694867318,-1336914.703783441,310.8321895942814,1632.8954470139122,1.0236143953478434,151
16750000,33500.00000590734,25.950000005286704,-1806776.836973711,473147.9743901877,-1333628.8625835232,310.14909494201487,1636.1397504985443,1.021584669128714,151
16775000,33550.00000591753,26.00000000529689,-1809917.8106287792,473102.7125205543,-1336815.098108225,310.1194257292907,1636.34206848039,1.0214583599953588,151
16800000,33600.000005927715,26.050000005307076,-1810570.5050571517,472591.3848587729,-1337979.1201983786,309.78424980103125,1633.4206196128391,1.023285285854643,151
16825000,33650.0000059379,26.100000005317263,-1808830.111519373,473988.6591386997,-1334841.4523806733,310.700164856704,1635.2452541274672,1.0221434866987251,151
16850000,33700.00000594809,26.15000000532745,-1810163.59329858,473935.5558809414,-1336228.037417638,310.665355604158,1632.5352897198934,1.023840217229348,151
16875000,33750.000005958274,26.200000005337635,-1808740.3663104344,471991.9700864333,-1336748.396224001,309.3913326605202,1638.1566192024482,1.0203269126215515,151
16900000,33800.00000596846,26.25000000534782,-1809448.5209234543,474747.1201465099,-1334701.4007769444,311.19733700548966,1633.5250611028412,1.0232198608161809,151
16925000,33850.00000597865,26.300000005358008,-1808427.3478286327,474479.26758354594,-1333948.0802450872,311.02175931208785,1633.9131714737553,1.0229768110344413,151
16950000,33900.00000598883,26.350000005368194,-1808737.9140240503,473113.8115494629,-1335624.1024745875,310.1267011567617,1635.1535826670909,1.022200791032173,151
16975000,33950.00000599902,26.40000000537838,-1807291.7847476387,473776.46713784174,-1333515.317609797,310.56107273207886,1637.109966429674,1.0209792377641076,151
17000000,34000.000006009206,26.450000005388567,-1807647.1291515008,474813.1089406066,-1332834.0202108943,311.2405927433839,1632.7848985411924,1.0236836996439336,151
17025000,34050.00000601939,26.500000005398753,-1807727.8389758524,473759.8476787901,-1333967.9912970625,310.5501786556751,1633.2679085347825,1.0233809633600577,151
17050000,34100.00000602958,26.55000000540894,-1808908.160486549,472582.40043487697,-1336325.760051672,309.77836049981744,1634.453594028456,1.0226385697141378,151
17075000,34150.000006039765,26.600000005419126,-1807620.4966077711,473646.4844293986,-1333974.0121783726,310.47586890248687,1637.3640053665974,1.0208208316434575,151
17100000,34200.00000604995,26.650000005429312,-1807424.1708069935,472673.9895987564,-1334750.1812082373,309.83839731244524,1635.1202687524133,1.022221617335037,151
17125000,34250.00000606014,26.7000000054395,-1808072.9709608865,473231.9908474362,-1334840.98011345,310.2041678358795,1635.4802466745264,1.0219966209069262,151
17150000,34300.000006070324,26.750000005449685,-1809292.6955601992,474689.34397609497,-1334603.3515841044,311.1594646527939,1633.8885056773163,1.0229922542777807,151
17175000,34350.00000608051,26.80000000545987,-1807503.0454358896,471685.5310884899,-1335817.5143473996,309.190461510243,1636.9898875503634,1.0210541301281977,151
17200000,34400.0000060907,26.850000005470058,-1808449.779843464,473190.6861612712,-1335259.0936821925,310.177092561918,1635.4684508243931,1.0220039920787585,151
17225000,34450.00000610088,26.900000005480244,-1807882.0118654317,472871.70231059217,-1335010.3095548393,309.9679982448247,1634.6123916931529,1.0225392234608457,151
17250000,34500.00000611107,26.95000000549043,-1810724.9132307284,472507.5442039216,-1338217.369026807,309.7292921458601,1634.9699648765002,1.0223155908479629,151
17275000,34550.000006121256,27.000000005500617,-1809249.8243740369,472305.8070738668,-1336944.01730017,309.597053202254,1635.7690356957903,1.0218161911534305,151
17300000,34600.00000613144,27.050000005510803,-1807878.3914145697,473577.924749152,-1334300.4666654177,310.4309279454736,1638.5975949516169,1.0200523245066435,151
17325000,34650.00000614163,27.10000000552099,-1808848.175631049,472452.0314507536,-1336396.1441802955,309.692903466029,1632.1827188675109,1.0240613788762147,151
17350000,34700.000006151815,27.150000005531176,-1809846.0799491184,471539.25877008657,-1338306.8211790316,309.0945798207433,1632.7928382790808,1.0236787218046968,151
17375000,34750.000006162,27.200000005541362,-1807831.4254954609,472679.3261285086,-1335152.099366952,309.8418954144395,1638.099975692784,1.0203621942882344,151
17400000,34800.00000617219,27.25000000555155,-1811444.9176932315,474119.7088798617,-1337325.2088133695,310.78606812759125,1632.8318644374085,1.023654254957409,151
17425000,34850.000006182374,27.300000005561735,-1807751.7987768317,474505.40298507846,-1333246.395791753,311.03889110080934,1634.3232117133427,1.0227201533221342,151
17450000,34900.00000619256,27.35000000557192,-1811502.927598444,473145.1306060538,-1338357.79699239,310.14723083792256,1633.581014943349,1.0231848132241894,151
17475000,34950.00000620275,27.400000005582108,-1806775.3069301315,471954.10074723023,-1334821.206182901,309.3665092608321,1631.9803048352646,1.0241883929047246,151
17500000,35000.00000621293,27.450000005592294,-1807934.2659720192,475419.8419269282,-1332514.424045091,311.6383069824053,1635.2584404728486,1.0221352443703495,151
17525000,35050.00000622312,27.50000000560248,-1808579.4433670195,472483.17031469016,-1336096.2730523292,309.7133150306773,1633.6561601290027,1.023137748600296,151
17550000,35100.000006233306,27.550000005612667,-1807833.8114827592,471193.56468095456,-1336640.2468018048,308.8679769086009,1636.1222527540294,1.0215955946127424,151
17575000,35150.00000624349,27.600000005622853,-1808055.9370417611,473249.7678067279,-1334806.1692350334,310.2158206551529,1638.0509190376645,1.0203927522859622,151
17600000,35200.00000625368,27.65000000563304,-1809526.2251427972,474702.2834879644,-1334823.941654833,311.16794651917087,1638.1121006010046,1.0203546418149003,151
17625000,35250.000006263865,27.700000005643226,-1810895.162068189,473358.1047257568,-1337537.0573424324,310.28683564243863,1630.7893727610085,1.0249363367088509,151
17650000,35300.00000627405,27.750000005653412,-1807403.547143694,473662.62286105455,-1333740.9242826395,310.48644766482505,1634.991994169347,1.022301816536154,151
17675000,35350.00000628424,27.8000000056636,-1809712.819604381,474673.0182120158,-1335039.8013923652,311.1487630938156,1634.326249885774,1.022718252110442,151
17700000,35400.000006294424,27.850000005673785,-1808290.802847973,473147.3334299055,-1335143.4694180675,310.1486747917402,1634.7585014036351,1.0224478320352814,151
17725000,35450.00000630461,27.90000000568397,-1807799.3765528996,471412.682136356,-1336386.6944165437,309.01160867742834,1636.7405950994748,1.0212096471889656,151
17750000,35500.0000063148,27.950000005694164,-1807332.6008732251,474102.7393985477,-1333229.8614746777,310.7749446111524,1633.0941396049172,1.0234898559281804,151
17775000,35550.00000632498,28.000000005704344,-1808238.4589014845,472976.0842645936,-1335262.3746368908,310.0364207475386,1634.6138819836858,1.022538291203668,151
17800000,35600.00000633517,28.05000000571453,-1806233.7798236825,472999.5719690405,-1333234.2078546418,310.0518169674757,1636.7493579931804,1.021204179796206,151
17825000,35650.000006345355,28.100000005724716,-1809801.810903159,472760.1519718774,-1337041.6589312817,309.8948768568752,1632.2503623299397,1.0240189398858457,151
17850000,35700.00000635554,28.150000005734903,-1810205.399842782,473419.4873150424,-1336785.9125277395,310.3270720072602,1631.618131560117,1.0244157338844866,151
17875000,35750.00000636573,28.20000000574509,-1807637.2018182853,472855.38499073935,-1334781.816827546,309.95730222104737,1635.689661542281,1.0218657762288406,151
17900000,35800.000006375914,28.250000005755275,-1806788.8478700249,472278.7861686248,-1334510.0617014002,309.5793409647323,1635.4194869245052,1.0220345905286077,151
17925000,35850.0000063861,28.30000000576546,-1808444.553083986,471936.3419824599,-1336508.2111015262,309.3548683680905,1633.8036312937909,1.0230453976514824,151
17950000,35900.00000639629,28.350000005775648,-1807413.772119276,473576.62145925575,-1333837.1506600203,310.4300736373001,1639.0440585351516,1.019774469732807,151
17975000,35950.00000640647,28.400000005785834,-1808107.5202186536,475015.58654480864,-1333091.933673845,311.3733170687289,1634.4776545865227,1.0226235158193238,151
18000000,36000.00000641666,28.45000000579602,-1808403.3117953504,473627.62391948566,-1334775.6878758646,310.4635058144124,1634.2634000991509,1.0227575833614002,151
18025000,36050.000006426846,28.500000005806207,-1803777.85363309,473471.0611273648,-1330306.792505725,310.3608787063909,1636.5970958761582,1.0212991883421207,151
18050000,36100.00000643703,28.550000005816393,-1806739.7767585125,473118.5799179674,-1333621.1968405452,310.1298268283404,1633.2831890681623,1.023371388898583,151
18075000,36150.00000644722,28.60000000582658,-1806944.0472568383,473593.5652668256,-1333350.4819900128,310.4411803245673,1639.212385634546,1.01966975134486,151
18100000,36200.000006457405,28.650000005836766,-1810171.7259887848,472603.7676647502,-1337567.9583240347,309.79236674599264,1633.738175448482,1.023086386043808,151
18125000,36250.00000646759,28.700000005846952,-1809150.563432281,474453.0430156448,-1334697.520416636,311.0045690746991,1633.2715275281994,1.0233786957585556,151
18150000,36300.00000647778,28.75000000585714,-1807496.20206258,473774.93139132456,-1333721.2706712552,310.56006604829673,1633.0028984678263,1.023547041606383,151
18175000,36350.00000648797,28.800000005867332,-1807552.6279810788,473229.55755072914,-1334323.0704303496,310.20257280681403,1636.0314566040709,1.0216522909228478,151
18200000,36400.00000649815,28.85000000587751,-1809218.010050129,473277.6494765015,-1335940.3605736278,310.23409712491247,1634.2159535228695,1.022787277322955,151
18225000,36450.00000650834,28.900000005887698,-1810583.8049230725,475024.00936773466,-1335559.7955553378,311.3788382397975,1631.516903256165,1.024479294284674,151
18250000,36500.00000651852,28.950000005897884,-1808148.5140635755,472756.92733478406,-1335391.5867287912,309.89276310318684,1633.6658081585672,1.0231317061997036,151
18275000,36550.00000652871,29.00000000590807,-1807655.851160324,472781.7751325405,-1334874.0760277838,309.9090508660065,1635.6294701440954,1.0219033810354008,151
18300000,36600.000006538896,29.050000005918257,-1806680.3967937853,471615.40035609616,-1335064.9964376893,309.14449072656254,1632.910781756321,1.0236047825366268,151
18325000,36650.00000654908,29.100000005928443,-1806620.348656171,475301.6638949864,-1331318.6847611847,311.5608411331728,1634.8564649557184,1.0223865651145498,151
18350000,36700.00000655927,29.15000000593863,-1809496.3260491171,473782.6811109094,-1335713.644938208,310.5651459992748,1634.5802706279617,1.0225593173342684,151
18375000,36750.000006569455,29.200000005948816,-1808260.7893953596,472181.9092153421,-1336078.880180017,309.5158379994706,1635.3765254222596,1.0220614394778702,151
18400000,36800.00000657964,29.250000005959002,-1808217.187128868,473508.3623293069,-1334708.824799561,310.38532969138663,1635.9693729590413,1.0216910617575723,151
18425000,36850.00000658983,29.30000000596919,-1809970.5535526304,474605.0137525359,-1335365.5398000944,311.1041860847162,1634.3261221827486,1.0227183320236326,151
18450000,36900.000006600014,29.350000005979375,-1806439.1197804632,473996.61583235743,-1332442.5039481055,310.7053804794484,1635.5615424535254,1.021945822444579,151
18475000,36950.0000066102,29.40000000598956,-1808387.125996993,474358.7986894287,-1334028.3273075642,310.94279179980526,1634.510147322135,1.0226031868935077,151
18500000,37000.00000662039,29.450000005999748,-1808670.489142797,475282.4650281788,-1333388.024114618,311.54825625172646,1634.2855811124452,1.0227437021892134,151
18525000,37050.00000663057,29.500000006009934,-1809311.290916472,473474.640725138,-1335836.6501913338,310.3632251372533,1632.428099188817,1.0239074459034174,151
18550000,37100.00000664076,29.55000000602012,-1807999.4007198648,472805.195840214,-1335194.2048796513,309.924403169474,1635.862158128912,1.0217580236547508,151
18575000,37150.00000665095,29.600000006030314,-1807314.0153469972,475483.2376944524,-1331830.777652545,311.67986298810547,1637.4036175199965,1.0207961358928537,151
18600000,37200.00000666113,29.650000006040493,-1809191.6874450415,474104.08567681344,-1335087.6017682282,310.7758270982563,1635.8640020829523,1.0217568719240238,151
18625000,37250.00000667132,29.70000000605068,-1810358.4042118003,472456.25643787626,-1337902.1477739243,309.6956729504254,1633.4077693891188,1.0232933361682877,151
18650000,37300.00000668151,29.750000006060873,-1807250.3604991883,472428.6750222089,-1334821.6854769797,309.67759329761174,1636.5777144047404,1.0213112832648694,151
18675000,37350.00000669169,29.800000006071052,-1810097.316385529,473297.0706804722,-1336800.2457050567,310.2468277486502,1632.4273425859403,1.0239079204674602,151
18700000,37400.00000670188,29.85000000608124,-1811235.38409766,472385.9169188472,-1338849.4671788127,309.6495653068417,1636.6858556384752,1.0212438018591867,151
18725000,37450.00000671206,29.900000006091425,-1809181.0226612487,474405.0819164595,-1334775.9407447898,310.97313051359373,1632.691982130224,1.0237419574270172,151
18750000,37500.00000672225,29.95000000610161,-1811435.7444651192,473038.3536400511,-1338397.390825068,310.0772384018161,1630.6860735392384,1.025001263445924,151
18775000,37550.00000673244,30.000000006111804,-1809588.7059304053,473083.93839856656,-1336504.7675318387,310.10711926861035,1633.936784388654,1.022962027436561,151
18800000,37600.00000674262,30.050000006121984,-1809123.3985813635,472957.1171989901,-1336166.281382373,310.0239878120744,1631.922589104044,1.0242246150775158,151
18825000,37650.00000675281,30.10000000613217,-1807996.652233854,472884.1288906279,-1335112.523343226,309.9761438837366,1637.9010886959188,1.020486094793544,151
18850000,37700.000006763,30.150000006142363,-1807734.469209537,473037.0945422397,-1334697.3746672971,310.0764130616101,1637.3186588521664,1.020849103883759,151
18875000,37750.00000677318,30.200000006152543,-1810202.6251876515,474756.0523368449,-1335446.5728508064,311.20319206753834,1635.3471301271709,1.0220798109887614,151
18900000,37800.00000678337,30.25000000616273,-1808498.61549789,473635.882813153,-1334862.7326847368,310.46891952964484,1633.4492230642622,1.023267367029526,151
18925000,37850.000006793554,30.300000006172915,-1808214.6652615992,473315.03726119606,-1334899.6280004033,310.2586048650119,1634.6588939382682,1.022510134597239,151
18950000,37900.00000680374,30.3500000061831,-1808808.7556252368,472072.5762069682,-1336736.1794182686,309.4441700743608,1635.3986274099288,1.022047626582987,151
18975000,37950.00000681393,30.400000006193288,-1808498.746522765,472394.9880663402,-1336103.7584564243,309.6555114554829,1635.5139103972467,1.021975585188032,151
19000000,38000.00000682411,30.450000006203474,-1807014.913264717,470709.11164911854,-1336305.8016155984,308.55041733422144,1637.4683722459547,1.0207557678618373,151
19025000,38050.0000068343,30.50000000621366,-1808701.606530834,475051.0560841225,-1333650.5504467117,311.3965673965579,1634.0587270946148,1.0228856882232558,151
19050000,38100.000006844486,30.550000006223847,-1805843.753987966,471787.9436515649,-1334055.8103364012,309.25759307471674,1638.6327916893626,1.0200304144641164,151
19075000,38150.00000685467,30.600000006234033,-1810299.5887714883,473406.3677607192,-1336893.2210107693,310.31847212282736,1634.4878065388962,1.0226171642116908,151
19100000,38200.00000686486,30.65000000624422,-1806900.949788672,473448.4657525966,-1333452.4840360754,310.3460674096856,1636.2717078042087,1.0215022833245695,151
19125000,38250.000006875045,30.700000006254406,-1809941.6068544,472219.03118070005,-1337722.5756736996,309.54017149465903,1634.7787286122095,1.0224351812311123,151
19150000,38300.00000688523,30.750000006264592,-1807277.4756333015,474550.17159492045,-1332727.3040383812,311.06823698111714,1634.7146525320136,1.0224752577292135,151
19175000,38350.00000689542,30.80000000627478,-1807782.692493435,473527.74858145975,-1334254.9439119752,310.3980374041636,1636.885328208185,1.0211193520141386,151
19200000,38400.0000069056,30.850000006284958,-1808278.0978634648,474050.113210629,-1334227.9846528356,310.7404480784888,1633.901984492178,1.0229838151404695,151
19225000,38450.00000691579,30.90000000629515,-1809020.9391494067,472525.3203772687,-1336495.618772138,309.7409444499458,1634.320447858462,1.0227218828789606,151
19250000,38500.00000692598,30.950000006305338,-1808838.895399175,474713.7241761066,-1334125.171223068,311.17544590470106,1636.407779803474,1.021417342480569,151
19275000,38550.00000693616,31.000000006315524,-1805117.0793048004,474743.8045258584,-1330373.274778942,311.195163611964,1635.21528944493,1.0221622170795406,151
19300000,38600.00000694635,31.05000000632571,-1808710.7602996563,472725.9124848467,-1335984.8478148098,309.8724328298718,1637.5482080699417,1.020706002683985,151
19325000,38650.000006956536,31.100000006335897,-1807774.76177687,470496.0436696712,-1337278.7181071988,308.41075100452434,1634.737941960646,1.0224606909513023,151
19350000,38700.00000696672,31.150000006346083,-1810024.931983346,471320.40290665935,-1338704.5290766868,308.95111952578554,1635.2231749090963,1.022157287952031,151
19375000,38750.00000697691,31.20000000635627,-1809537.8405818224,473819.93840136816,-1335717.902180454,310.5895682002378,1633.6071054430392,1.0231684718389424,151
19400000,38800.000006987095,31.250000006366456,-1808535.474112716,474687.2799042112,-1333848.1942085044,311.1581116510666,1633.4917414690062,1.0232407322477464,151
19425000,38850.00000699728,31.300000006376642,-1807271.70741985,470615.0332908653,-1336656.6741289846,308.48874885153697,1636.6708471261204,1.0212531668150324,151
19450000,38900.00000700747,31.35000000638683,-1808173.3317330005,473990.5033810809,-1334182.8283519195,310.7013737599148,1635.6078907914784,1.0219168634926108,151
19475000,38950.00000701765,31.400000006397008,-1810954.642523764,474269.7674471166,-1336684.8750766471,310.88443170799627,1634.7185751478294,1.0224728042319091,151
19500000,39000.00000702784,31.4500000064072,-1808690.0402719053,475828.7247210176,-1332861.3155508875,311.90633017047384,1635.0360531295798,1.0222742687918738,151
19525000,39050.00000703803,31.500000006417388,-1807678.0326786777,472267.03563728,-1335410.9970413975,309.5716384765913,1636.8839206151945,1.0211202300974431,151
19550000,39100.00000704821,31.550000006427574,-1809625.0987610528,473891.10677050106,-1335733.9919905518,310.6362191561116,1636.082397478757,1.0216204808737908,151
19575000,39150.0000070584,31.60000000643776,-1810268.3465909548,472598.28887495305,-1337670.0577160018,309.78877539235924,1632.2536864348656,1.0240168544585433,151
19600000,39200.000007068586,31.650000006447947,-1808926.081987744,472105.310694624,-1336820.7712931202,309.46562757237274,1631.151894707058,1.024708545589847,151
19625000,39250.00000707877,31.700000006458133,-1808962.571991234,472624.30707360816,-1336338.264917626,309.8058303544465,1630.8254959119697,1.0249136341388274,151
19650000,39300.00000708896,31.75000000646832,-1810083.1608353723,472683.4519805589,-1337399.7088548134,309.84459991567064,1634.8093940160595,1.0224160026113556,151
19675000,39350.000007099145,31.800000006478506,-1807556.3210840616,471793.3085867095,-1335763.0124973522,309.2611097964816,1635.026228345197,1.0222804115827948,151
19700000,39400.00000710933,31.850000006488692,-1810586.095552204,474633.8697637264,-1335952.2257884778,311.12310123650553,1631.6585382373248,1.0243903650742143,151
19725000,39450.00000711952,31.90000000649888,-1808362.32523918,471901.7848143964,-1336460.5404247832,309.3322161007687,1633.6939230091864,1.0231140987429588,151
19750000,39500.0000071297,31.950000006509065,-1809137.940525216,473334.6950837621,-1335803.245441454,310.2714905925377,1635.8302897528745,1.0217779290013638,151
19775000,39550.00000713989,32.00000000651925,-1808330.7710904984,471928.5234764728,-1336402.2476140254,309.3497433275388,1635.507307710117,1.0219797109935302,151
19800000,39600.00000715008,32.050000006529444,-1810151.987848307,473110.21847874427,-1337041.7693695626,310.12434589436657,1631.584614271229,1.024436778234742,151
19825000,39650.00000716026,32.100000006539624,-1807360.7900371607,473994.4874551158,-1333366.3025820449,310.7039853254778,1634.7756468836003,1.022437108631827,151
19850000,39700.00000717045,32.15000000654981,-1810083.3510967076,473403.76145669824,-1336679.5896400092,310.3167636872491,1634.614673090936,1.022537796324068,151
19875000,39750.00000718064,32.20000000656,-1808567.5581210963,473870.8807354714,-1334696.677385625,310.62296096459806,1633.0303535727387,1.0235298333583254,151
19900000,39800.00000719082,32.25000000657018,-1808501.0811107648,473665.0271185139,-1334836.0539922514,310.48802365862696,1634.5640166242813,1.022569485600998,151
19925000,39850.00000720101,32.30000000658037,-1808441.288181489,475202.7139439554,-1333238.5742375338,311.4959793152682,1632.8482635948722,1.0236439741078716,151
19950000,39900.0000072112,32.35000000659056,-1809818.4406704456,472685.4515392292,-1337132.9891312164,309.8459106289051,1635.020326968821,1.0222841013604511,151
19975000,39950.00000722138,32.40000000660074,-1808735.3979596123,473487.8204453287,-1335247.5775142836,310.3718644604884,1636.7698019713466,1.0211914245046982,151
20000000,40000.00000723157,32.45000000661093,-1807003.7296786625,473245.575188472,-1333758.1544901906,310.2130723885896,1635.7211759548447,1.0218460885827243,151
20025000,40050.00000724175,32.500000006621114,-1808930.568346533,471153.96958762105,-1337776.598758912,308.8420222749002,1635.4132773947767,1.0220384711099022,151
20050000,40100.00000725194,32.5500000066313,-1808622.8144114453,473198.4497229109,-1335424.3646885348,310.1821815863806,1639.2698787535364,1.0196339890856343,151
20075000,40150.000007262126,32.60000000664149,-1810126.6801100336,472642.3688595586,-1337484.311250475,309.81766987795453,1636.8445225047042,1.021144808001512,151
20100000,40200.00000727231,32.65000000665167,-1807351.329201512,472219.4507798228,-1335131.8784216892,309.5404465424141,1632.0497715530444,1.0241447992550192,151
20125000,40250.0000072825,32.70000000666186,-1808226.4588422813,471383.2503937216,-1336843.2084485595,308.99231613295024,1634.3409971930944,1.0227090237178411,151
20150000,40300.000007292685,32.750000006672046,-1806427.4583892543,472857.550953772,-1333569.9074354824,309.9587220125516,1635.2364336384303,1.0221490001555154,151
20175000,40350.00000730287,32.80000000668223,-1807515.6031240488,472392.38011318527,-1335123.2230108632,309.6538019388953,1634.118985033427,1.022847969437918,151
20200000,40400.00000731306,32.85000000669242,-1807023.032133798,471501.060446367,-1335521.971687431,309.0695407712891,1636.9284871962268,1.0210924293487642,151
20225000,40450.00000732325,32.90000000670261,-1809686.1135708047,471908.704223837,-1337777.4093469677,309.33675178239827,1635.196252074954,1.0221741173516194,151
20250000,40500.00000733343,32.95000000671279,-1810322.0685586063,471326.7583000512,-1338995.3102585552,308.95528549418265,1636.6665964909407,1.021255819141809,151
20275000,40550.00000734362,33.00000000672298,-1806399.417716178,472834.1029292909,-1333565.3147868873,309.94335180288226,1634.4355528813128,1.0226498577535337,151
20300000,40600.0000073538,33.050000006733164,-1805770.4881140287,474162.4919233933,-1331607.996190636,310.8141124666742,1639.29560235833,1.0196179891270352,151
20325000,40650.00000736399,33.10000000674335,-1808447.2102481972,475803.1615576667,-1332644.0486905307,311.8895734846032,1636.1013266202208,1.0216086610688129,151
20350000,40700.000007374176,33.15000000675354,-1808242.2860936057,473638.4880602105,-1334603.798033395,310.47062727238216,1634.665885625355,1.0225057611830952,151
20375000,40750.00000738436,33.20000000676372,-1807087.4480952944,472209.5343952517,-1334877.913700043,309.5339463398003,1636.269855093752,1.0215034399479446,151
20400000,40800.00000739455,33.25000000677391,-1810927.4606214573,471549.484564914,-1339377.9760565436,309.10128284217103,1634.1221994995017,1.022845957403507,151
20425000,40850.000007404735,33.300000006784096,-1805702.3058600072,472211.1537577516,-1333491.1521022555,309.5350078339647,1638.420174582714,1.0201627833880231,151
20450000,40900.00000741492,33.35000000679428,-1808453.3806581097,472081.1861713089,-1336372.1944868008,309.4498139168631,1635.0664283943815,1.0222552776052924,151
20475000,40950.00000742511,33.40000000680447,-1806468.677529091,473260.3548557057,-1333208.3226733853,310.2227604791325,1635.1088160927711,1.0222287771987395,151
20500000,41000.000007435294,33.450000006814655,-1808861.5052938291,472925.0919321071,-1335936.4133617224,310.00299520917497,1637.1093484927542,1.020979623138955,151
20525000,41050.00000744548,33.50000000682484,-1807848.8214918117,474111.46982161695,-1333737.3516701944,310.7806674145034,1636.8403207746749,1.021147429255857,151
20550000,41100.00000745567,33.55000000683503,-1809551.8548664097,471224.6820440402,-1338327.1728223695,308.88837437941424,1635.9853259401652,1.021681098943136,151
20575000,41150.00000746585,33.600000006845214,-1809317.3955675904,473573.40194771,-1335743.9936198804,310.42796324341464,1635.6258585810615,1.021905637461255,151
20600000,41200.00000747604,33.6500000068554,-1809050.0951247672,473361.2865233292,-1335688.808601438,310.2889213147669,1635.9403043948862,1.0217092158993188,151
20625000,41250.00000748623,33.700000006865594,-1808020.5431488885,472964.384583664,-1335056.1585652244,310.028751591909,1637.3448482083609,1.0208327753865387,151
20650000,41300.00000749641,33.75000000687577,-1811561.0754555135,471697.1183591219,-1339863.9570963918,309.1980569807805,1635.6632374870671,1.021882284417735,151
20675000,41350.0000075066,33.80000000688596,-1808017.1204798052,473983.7998617735,-1334033.320618032,310.6969795945401,1635.8341007812842,1.0217755485492663,151
20700000,41400.00000751679,33.85000000689615,-1809986.9698453448,473476.7212454325,-1336510.2485999127,310.3645889209347,1632.9370141646764,1.0235883387801212,151
20725000,41450.00000752697,33.90000000690633,-1806216.257105881,473671.9512442239,-1332544.3058616575,310.49256243177706,1638.8400195000806,1.0199014338027097,151
20750000,41500.00000753716,33.95000000691652,-1809485.9823345544,473214.3756500278,-1336271.6066845264,310.19262105172504,1636.4018113042016,1.021421067927842,151
20775000,41550.00000754734,34.000000006926705,-1810546.1850515304,472754.3164314336,-1337791.868620097,309.8910516527423,1633.7817534731803,1.0230590971579423,151
20800000,41600.00000755753,34.05000000693689,-1808160.297184029,475144.5079398978,-1333015.7892441307,311.4578252060767,1636.7789982544557,1.021185686915532,151
20825000,41650.00000756772,34.100000006947084,-1807778.552085292,473971.9965618055,-1333806.555523486,310.6892425165,1634.8750354473325,1.0223749518592722,151
20850000,41700.0000075779,34.150000006957264,-1811026.157301728,473387.5145407704,-1337638.6427609574,310.30611381333364,1632.9075612247698,1.0236068013597228,151
20875000,41750.00000758809,34.20000000696745,-1809301.154018992,472934.410113837,-1336366.7439051543,310.0091032890706,1636.2089498590203,1.021541463763176,151
20900000,41800.00000759828,34.25000000697764,-1809749.5222916,472780.6665255058,-1336968.8557660938,309.9083241726948,1635.3889862887354,1.0220536518681735,151
20925000,41850.00000760846,34.30000000698782,-1806495.2336784585,473067.5413423533,-1333427.692336105,310.09637097754813,1635.065213725026,1.022256037025864,151
20950000,41900.00000761865,34.35000000699801,-1811352.6060956707,474257.4761171579,-1337095.1299785129,310.8763747256807,1633.0688097450077,1.0235057308591784,151
20975000,41950.000007628834,34.400000007008195,-1804986.743962617,474333.2226628001,-1330653.521299817,310.92602668203995,1634.1211971553,1.0228465848011052,151
21000000,42000.00000763902,34.45000000701838,-1808586.905397066,470803.4219907704,-1337783.4834062955,308.6122378823168,1637.6135831983322,1.0206652551067426,151
21025000,42050.00000764921,34.50000000702857,-1809178.7286877625,475156.1550973295,-1334022.5735904328,311.46545993248697,1634.777875116715,1.02243571503074,151
21050000,42100.00000765939,34.550000007038754,-1809667.005839238,473895.8815946448,-1335771.124244593,310.6393490593699,1635.4652305971408,1.0220060044022523,151
21075000,42150.00000766958,34.60000000704894,-1808399.0245509343,472367.18763178645,-1336031.836919148,309.63728823551264,1634.8464567327887,1.0223928239730633,151
21100000,42200.000007679766,34.65000000705913,-1809387.9957754584,472236.9537349021,-1337151.0420405562,309.5519197515801,1632.5589116738204,1.0238254029973672,151
21125000,42250.00000768995,34.70000000706931,-1810824.6099331025,474288.4449938198,-1336536.1649392827,310.89667486345564,1633.6748834388284,1.0231260225676222,151
21150000,42300.00000770014,34.7500000070795,-1810280.0003528884,475704.0104007154,-1334575.989952173,311.8245797759637,1634.3334125157337,1.0227137699452138,151
21175000,42350.000007710325,34.800000007089686,-1811789.394953061,473339.1006313931,-1338450.294321668,310.27437843457534,1633.3815739459558,1.0233097472891513,151
21200000,42400.00000772051,34.85000000709987,-1809315.43317692,473770.8213789512,-1335544.6117979686,310.55737192999385,1634.2203815602493,1.0227845060074416,151
21225000,42450.0000077307,34.90000000711006,-1807433.2003179863,472819.5489607652,-1334613.6513572212,309.93381165812764,1637.717579119677,1.020600442330142,151
21250000,42500.00000774088,34.95000000712024,-1807548.7532782983,470814.2299883774,-1336734.5232899208,308.61932253840195,1634.7219369697864,1.0224707015063963,151
21275000,42550.00000775107,35.00000000713043,-1807766.3255283956,472096.5009428885,-1335669.824585507,309.4598527689807,1634.8053657231187,1.0224185219272646,151
21300000,42600.00000776126,35.05000000714062,-1806877.699648009,472615.77481629496,-1334261.9248317138,309.80023744899887,1637.3799037421854,1.020810919836825,151
21325000,42650.00000777144,35.100000007150804,-1809068.9236461169,472328.3725432493,-1336740.5511028671,309.6118448959413,1635.7321417450394,1.021839238225302,151
21350000,42700.00000778163,35.15000000716099,-1807648.827453224,471921.0686719976,-1335727.7587812264,309.3448566937876,1638.4838616049833,1.0201231301870206,151
21375000,42750.000007791816,35.20000000717118,-1808623.1849692864,472758.7903326008,-1335864.3946366855,309.89398430060925,1635.144783053231,1.022206292057123,151
21400000,42800.000007802,35.25000000718136,-1809619.0164034031,474936.0143205232,-1334683.00208288,311.321157375186,1635.4218618170253,1.0220331063719132,151
21425000,42850.00000781219,35.30000000719155,-1809289.7973553743,473025.1888592288,-1336264.6084961456,310.06860887135593,1635.714399648979,1.0218503218043953,151
21450000,42900.000007822375,35.350000007201736,-1808549.4461648297,471991.2969289996,-1336558.1492358302,309.390891404972,1634.2887969604976,1.0227416897001425,151
21475000,42950.00000783256,35.40000000721192,-1808495.5225018468,472313.0322957507,-1336182.490206096,309.60178934432656,1637.0142776604382,1.0210389172965406,151
21500000,43000.00000784275,35.45000000722211,-1807893.1179447435,472144.0395797361,-1335749.0783650074,309.49101440549003,1637.23979837479,1.0208982748407207,151
21525000,43050.00000785293,35.50000000723229,-1807937.7116835844,474289.0671433286,-1333648.644540256,310.8970826832446,1636.863036005911,1.0211332584917363,151
21550000,43100.00000786312,35.55000000724248,-1807698.0127292655,471658.9768313777,-1336039.035897888,309.1730551611599,1637.4200725112266,1.0207858775652894,151
21575000,43150.00000787331,35.60000000725267,-1809328.92799596,473133.732909739,-1336195.1950862212,310.13975963358945,1633.4627792788938,1.0232588748666014,151
21600000,43200.00000788349,35.650000007262854,-1808318.945115162,471920.0003160431,-1336398.944799119,309.3441563851098,1637.032756820339,1.0210273916008334,151
21625000,43250.00000789368,35.70000000727304,-1810778.6746513192,473216.4969275593,-1337562.1777237598,310.1940115518267,1634.1355007791842,1.0228376318025116,151
21650000,43300.000007903865,35.75000000728323,-1807778.4074450848,474329.4879199729,-1333448.9195251125,310.9235785533986,1638.726156261686,1.019972299383058,151
21675000,43350.00000791405,35.80000000729341,-1806336.558203918,473427.34668280085,-1332909.211521117,310.33222383275466,1636.623286096616,1.02128284490431,151
21700000,43400.00000792424,35.8500000073036,-1808122.772019945,473294.93180308014,-1334827.8402168648,310.24542571181763,1635.5844355914248,1.021931518354781,151
21725000,43450.000007934425,35.900000007313785,-1809931.3998114867,473097.0670302342,-1336834.3327812525,310.1157251032539,1633.576062761607,1.0231879150063876,151
21750000,43500.00000794461,35.95000000732397,-1806629.438222572,472749.6785064731,-1333879.7597160991,309.8880114870716,1635.9647304130167,1.0216939611157851,151
21775000,43550.0000079548,36.00000000733416,-1807605.0732535368,473591.6687737887,-1334013.404479748,310.4399371709858,1637.1089029945283,1.0209799009730136,151
21800000,43600.00000796498,36.050000007344345,-1811589.842204868,473332.6982207248,-1338257.1439841432,310.27018164629413,1634.4345335245655,1.0226504955551774,151
21825000,43650.00000797517,36.10000000735453,-1805452.042343176,473374.2620879286,-1332077.7802552474,310.297426813754,1637.1935539615608,1.0209271112856069,151
21850000,43700.00000798536,36.150000007364724,-1805926.341376694,473476.2490815836,-1332450.0922951102,310.3642794169353,1635.8076259812894,1.0217920855202751,151
21875000,43750.00000799554,36.2000000073749,-1806766.313561814,471518.5635150532,-1335247.7500467608,309.0810140549246,1635.0272789051232,1.022279754733305,151
21900000,43800.00000800573,36.25000000738509,-1810322.4586249653,474105.8745881076,-1336216.5840368578,310.7769997318695,1635.2575089201096,1.0221358266473803,151
21925000,43850.00000801592,36.30000000739528,-1809597.0349450689,472815.5685185419,-1336781.466426527,309.93120247322173,1633.126966448055,1.0234692831609404,151
21950000,43900.0000080261,36.35000000740546,-1806852.598780228,473708.05194742273,-1333144.546832805,310.5162264883301,1638.8703898532883,1.0198825337316764,151
21975000,43950.00000803629,36.40000000741565,-1809487.774254008,474108.5711676029,-1335379.2030864053,310.7787673431353,1634.2558510753586,1.0227623077265142,151
22000000,44000.00000804648,36.45000000742584,-1806983.936768759,472702.8563516797,-1334281.0804170794,309.8573195054539,1633.9061449150256,1.0229812103120033,151
22025000,44050.00000805666,36.50000000743602,-1808447.1831222104,472859.6870010349,-1335587.4961211754,309.9601221942309,1634.6821213745309,1.0224956056018653,151
22050000,44100.00000806685,36.55000000744621,-1814130.6511953464,472186.8460763775,-1341943.805118969,309.519074118116,1630.5492506340331,1.0250872735131755,151
22075000,44150.00000807703,36.600000007456394,-1810074.6593283024,474012.95232392434,-1336061.707004378,310.71608907030844,1635.3658034257878,1.0220681404490688,151
22100000,44200.00000808722,36.65000000746658,-1807374.414004377,474036.1664519067,-1333338.2475524703,310.7313059605274,1637.9507747717196,1.0204551390711618,151
22125000,44250.000008097406,36.70000000747677,-1807851.6657334135,473201.9363202725,-1334649.7294131413,310.1844670553557,1637.5767856606826,1.020688190195027,151
22150000,44300.00000810759,36.75000000748695,-1807871.5404205683,473669.7391387152,-1334201.801281853,310.4911123938216,1636.5475952894517,1.02133007953598,151
22175000,44350.00000811778,36.80000000749714,-1806868.505658697,475245.2711581213,-1331623.234500576,311.5238756229166,1633.61357715665,1.0231644184609476,151
22200000,44400.000008127965,36.850000007507326,-1807830.782550104,471059.5517377061,-1336771.2308123978,308.78013125500263,1636.4943117291648,1.0213633336099328,151
22225000,44450.00000813815,36.90000000751751,-1810442.265442944,471770.8980446287,-1338671.3673983156,309.24641965783627,1634.254349743988,1.0227632473018853,151
22250000,44500.00000814834,36.9500000075277,-1809203.082725013,474796.325440943,-1334406.7572840697,311.2295911381518,1636.468510682418,1.021379436726457,151
22275000,44550.00000815853,37.00000000753789,-1809027.9406463327,473941.86940886383,-1335086.0712374689,310.66949412968705,1634.2880466816175,1.0227421592266075,151
22300000,44600.00000816871,37.05000000754807,-1810240.3350945525,473027.728612938,-1337212.6064816143,310.07027368312083,1632.8532201672333,1.0236408668074926,151
22325000,44650.0000081789,37.10000000755826,-1808357.551076876,475082.85222976905,-1333274.698847107,311.4174098101974,1635.1231738363904,1.0222198011784998,151
22350000,44700.00000818908,37.150000007568444,-1810666.2964059468,472476.5809019334,-1338189.7155040137,309.7089956622908,1633.992275610378,1.0229272871176944,151
22375000,44750.00000819927,37.20000000757863,-1809270.7324309684,473841.9503361289,-1335428.7820948395,310.6039970512812,1630.8597494680653,1.0248921074951836,151
22400000,44800.000008209456,37.25000000758882,-1809594.9109960664,471502.3124757743,-1338092.5985202922,309.0703614781473,1631.0392489863846,1.0247793158258602,151
22425000,44850.00000821964,37.300000007599,-1810721.715086083,473073.7421629952,-1337647.9729230877,310.1004356233124,1634.7393684962076,1.0224597987133324,151
22450000,44900.00000822983,37.35000000760919,-1807977.33260338,474720.2626089173,-1333257.069994463,311.17973185566854,1636.7269521944154,1.0212181594617329,151
22475000,44950.000008240015,37.400000007619376,-1808140.453469404,473127.14442254143,-1335013.3090468626,310.1354408719082,1635.1097107056498,1.0222282179096454,151
22500000,45000.0000082502,37.45000000762956,-1810386.235390042,473173.1060350558,-1337213.129354986,310.16556876697484,1636.1192367160306,1.0215974778319257,151
22525000,45050.00000826039,37.50000000763975,-1809383.9894360465,470935.2814709787,-1338448.7079650676,308.6986719381718,1632.830076853427,1.0236553756300215,151
22550000,45100.000008270574,37.550000007649935,-1809902.8245513772,472420.3721945515,-1337482.452356826,309.67215078359334,1633.5045400126023,1.023232715134356,151
22575000,45150.00000828076,37.60000000766012,-1808489.5908527048,473150.7889425647,-1335338.80191014,310.15093988465367,1636.3464786672566,1.0214556070195662,151
22600000,45200.00000829095,37.65000000767031,-1806679.825036864,473177.3722948994,-1333502.4527419645,310.16836530569185,1633.8371242585783,1.0230244256568015,151
22625000,45250.00000830113,37.700000007680494,-1809747.2485920107,474938.1027719819,-1334809.1458200288,311.32252635775546,1633.0025905401906,1.0235472346118455,151
22650000,45300.00000831132,37.75000000769068,-1807249.2249099603,474314.3405311499,-1332934.8843788104,310.9136494208894,1632.9492172634348,1.0235806894610524,151
22675000,45350.00000832151,37.80000000770087,-1808525.191785016,472656.51849850354,-1335868.6732865125,309.8269449841582,1637.8479654760267,1.020519194023969,151
22700000,45400.00000833169,37.85000000771105,-1808198.465910624,473274.0286786831,-1334924.437231941,310.23172368736834,1634.8061699762525,1.0224180189420695,151
22725000,45450.00000834188,37.90000000772124,-1810285.2239486703,474339.75887527375,-1335945.465073397,310.9303111775737,1634.920790187867,1.022346339769358,151
22750000,45500.000008352064,37.950000007731425,-1809187.7817985285,473625.7915472247,-1335561.990251304,310.46230469208047,1635.864010106637,1.021756866912449,151
22775000,45550.00000836225,38.00000000774161,-1808094.1688748545,473861.3220311286,-1334232.8468437255,310.6166952218258,1636.1492687958555,1.021578726060563,151
22800000,45600.00000837244,38.0500000077518,-1810718.193492859,472726.4759581685,-1337991.7175346902,309.8728021873461,1631.6260441389184,1.024410765975174,151
22825000,45650.00000838262,38.100000007761984,-1809493.115994811,474317.1750736464,-1335175.9409211646,310.9155074670768,1633.8087674910323,1.0230421815082873,151
22850000,45700.00000839281,38.15000000777217,-1807717.5602816548,473600.4719771398,-1334117.088304515,310.4457076819036,1631.2197295021126,1.0246659327566867,151
22875000,45750.000008403,38.200000007782364,-1808129.794605204,473404.3635483254,-1334725.4310568783,310.3171583590713,1633.7158969383606,1.0231003375762926,151
22900000,45800.00000841318,38.25000000779254,-1810988.8756097693,473528.05366792186,-1337460.8219418477,310.3982373887249,1633.9380400147404,1.0229612413248628,151
22925000,45850.00000842337,38.30000000780273,-1810320.235168629,474893.43039749184,-1335426.8047711374,311.2932435598425,1635.3029281107774,1.0221074376674546,151
22950000,45900.00000843356,38.35000000781292,-1809691.017031175,472633.1787026424,-1337057.8383285326,309.81164571848603,1635.2168072998136,1.0221612682794143,151
22975000,45950.00000844374,38.4000000078231,-1809260.0285644792,473568.36293244886,-1335691.6656320305,310.42466016254514,1633.3794543762858,1.0233110751963304,151
23000000,46000.00000845393,38.45000000783329,-1808404.6635194651,476550.2880864887,-1331854.3754329763,312.3793158680933,1631.0674251566238,1.024761613089594,151
23025000,46050.000008464114,38.500000007843475,-1804909.686543107,474454.7466061294,-1330454.9399369776,311.0056857804139,1634.5030931402264,1.0226076002402498,151
23050000,46100.0000084743,38.55000000785366,-1809148.7229409933,473369.3784238592,-1335779.3445171344,310.2942255657869,1635.133559497174,1.022213308480677,151
23075000,46150.00000848449,38.60000000786385,-1810477.964332264,472459.4079411108,-1338018.556391153,309.6977387647769,1634.973465364134,1.0223134020643774,151
23100000,46200.00000849467,38.650000007874034,-1808212.8458629567,473312.58147134585,-1334900.2643916109,310.25699509166265,1636.2502492516828,1.0215156797841958,151
23125000,46250.00000850486,38.70000000788422,-1807076.845290244,474971.4174380828,-1332105.4278521608,311.3443641634711,1636.2381998161557,1.021523202336429,151
23150000,46300.000008515046,38.75000000789441,-1807712.422487135,472411.5264217144,-1335300.8960654207,309.6663523683237,1637.082547302184,1.0209963379157958,151
23175000,46350.00000852523,38.80000000790459,-1807446.528514812,475925.8486926093,-1331520.6798222023,311.9699950565491,1632.997109393982,1.023550670142755,151
23200000,46400.00000853542,38.85000000791478,-1806866.8979491184,474487.19930053136,-1332379.6986485869,311.026958562592,1635.2049488668497,1.022168680947097,151
23225000,46450.000008545605,38.900000007924966,-1807311.66065945,473577.4142536756,-1333734.2464057745,310.43059331504384,1636.099841466931,1.0216095884238714,151
23250000,46500.00000855579,38.95000000793515,-1808612.408719642,474015.8068207575,-1334596.6018988846,310.71796019658865,1635.4428112401924,1.0220200145023053,151
23275000,46550.00000856598,39.00000000794534,-1808769.0785557288,471929.9857479497,-1336839.0928077796,309.3507018483392,1633.3613035033245,1.0233224468317952,151
23300000,46600.00000857616,39.05000000795552,-1809064.845131721,472084.2067137644,-1336980.638417957,309.45179388625854,1635.2145899936131,1.0221626543021003,151
23325000,46650.00000858635,39.10000000796571,-1808707.231842204,475836.1903015435,-1332871.0415406604,311.9112238679398,1631.7739825802623,1.0243178917575235,151
23350000,46700.00000859654,39.1500000079759,-1807083.9050990024,475024.14476103085,-1332059.7603379718,311.3789269902742,1636.097222205089,1.0216112239397657,151
23375000,46750.00000860672,39.200000007986084,-1807304.8423864115,473329.5728938588,-1333975.2694925526,310.26813299058523,1634.439302483548,1.022647511670576,151
23400000,46800.00000861691,39.25000000799627,-1808896.329373655,473498.8912751931,-1335397.4380984618,310.37912140345026,1638.0080318847035,1.0204194687239745,151
23425000,46850.000008627096,39.30000000800646,-1807052.1358627875,472840.90105064056,-1334211.2348121468,309.9478079800151,1637.2315298934354,1.0209034306651696,151
23450000,46900.00000863728,39.35000000801664,-1808360.8806813965,469863.38870202366,-1338497.4919793727,307.9960448739965,1635.8491765903254,1.021766131976349,151
23475000,46950.00000864747,39.40000000802683,-1810363.5639964072,473867.10020760685,-1336496.4637888004,310.6204828238069,1632.4527423934403,1.0238919891860194,151
23500000,47000.000008657655,39.450000008037016,-1807439.44306787,476046.4121881302,-1331393.03087974,312.0490245801713,1637.7183674840303,1.0205999510338222,151
23525000,47050.00000866784,39.5000000080472,-1807345.594465388,472102.1826724381,-1335243.4117929498,309.46357714987823,1636.4657618919175,1.0213811523493306,151
23550000,47100.00000867803,39.55000000805739,-1809593.0765633725,474440.8979213146,-1335152.1786420578,310.99660795002274,1634.69727400098,1.0224861277039057,151
23575000,47150.00000868821,39.60000000806757,-1807561.6206892089,473387.9051590693,-1334173.7155301394,310.306369864122,1635.8039628328077,1.0217943736771768,151
23600000,47200.0000086984,39.65000000807776,-1808497.592296755,472370.3889427527,-1336127.2033540022,309.6393866988952,1634.4185699730797,1.0226604838985174,151
23625000,47250.00000870859,39.70000000808795,-1808945.463759277,473310.8936191918,-1335634.5701400852,310.25588870244343,1634.375367703084,1.0226875163998703,151
23650000,47300.00000871877,39.750000008098134,-1807879.69042469,473241.61089682905,-1334638.079527861,310.21047379040954,1634.405771138128,1.0226684922297262,151
23675000,47350.00000872896,39.80000000810832,-1806077.658427668,474346.7338770343,-1331730.9245506334,310.93488330003925,1635.81013454403,1.0217905185721925,151
23700000,47400.000008739145,39.850000008118506,-1808815.910494794,472831.0176382415,-1335984.8928565527,309.9413293907017,1634.7564948221293,1.0224490870386516,151
23725000,47450.00000874933,39.90000000812869,-1807056.6434764036,473577.4078430084,-1333479.235633395,310.43058911284345,1634.809337885686,1.0224160377155058,151
23750000,47500.00000875952,39.95000000813888,-1807898.092975867,472852.248442834,-1335045.844533033,309.955246209933,1635.5790898926352,1.0219348584183183,151
23775000,47550.0000087697,40.00000000814906,-1809639.766111442,472753.9246554952,-1336885.841455947,309.8907948431197,1633.2536888116333,1.0233898733010394,151
23800000,47600.00000877989,40.05000000815925,-1808457.3222458204,474701.8418680123,-1333755.4803778082,311.16765703673434,1636.4169433833229,1.0214116227650558,151
23825000,47650.00000879008,40.10000000816944,-1809054.0937911735,471134.682959097,-1337919.4108320768,308.8293798655379,1633.4476531586115,1.0232683504912357,151
23850000,47700.00000880026,40.150000008179624,-1808313.587495868,474512.11222754105,-1333801.4752683272,311.04328901771936,1634.5442807136722,1.022581832369573,151
23875000,47750.00000881045,40.20000000818981,-1808643.4540506045,473523.4026630902,-1335120.051387514,310.39518864918216,1635.5620137235728,1.021945527981604,151
23900000,47800.00000882064,40.250000008200004,-1808755.7882090437,472865.3687369545,-1335890.419472089,309.963846579304,1633.00361296387,1.0235465937688486,151
23925000,47850.00000883082,40.30000000821018,-1808282.520049247,473501.74859501567,-1334780.771454231,310.3809943802036,1636.370914600723,1.0214403536188676,151
23950000,47900.00000884101,40.35000000822037,-1810711.40839985,472599.9230221679,-1338111.4853776824,309.78984657792296,1636.7374788972904,1.0212115914810556,151
23975000,47950.0000088512,40.40000000823056,-1807742.45517388,473934.3694574933,-1333808.0857163866,310.664577902089,1636.5456183768688,1.0213313132811703,151
24000000,48000.00000886138,40.45000000824074,-1809227.660959198,472468.2025173631,-1336759.458441835,309.7035036206205,1636.6328474067243,1.0212768785068955,151
24025000,48050.00000887157,40.50000000825093,-1809583.3002072691,475146.2750301882,-1334437.025177081,311.4589835359944,1632.362311336933,1.0239487116634305,151
24050000,48100.00000888176,40.55000000826112,-1809455.4188329373,474075.5317868458,-1335379.8870460915,310.75710998731034,1633.5101327906716,1.0232292118114354,151
24075000,48150.00000889194,40.6000000082713,-1810151.1806993063,474208.5189266368,-1335942.6617726698,310.8442832254463,1631.7982729501728,1.0243026441249523,151
24100000,48200.00000890213,40.65000000828149,-1810661.424268701,475758.04630927497,-1334903.377959426,311.8600003822882,1635.1315508378725,1.0222145642073306,151
24125000,48250.00000891231,40.700000008291674,-1811266.8330725424,471331.2453041384,-1339935.5877684038,308.9582267310303,1635.371642331615,1.0220644912726573,151
24150000,48300.0000089225,40.75000000830186,-1809893.050043376,473992.03625206935,-1335901.0137913069,310.7023785587842,1634.4946171595625,1.0226129031651758,151
24175000,48350.000008932686,40.80000000831205,-1813266.607281342,471171.2012509008,-1342095.4060304414,308.8533176519489,1632.2918076464284,1.0239929391494238,151
24200000,48400.00000894287,40.85000000832223,-1809212.7928627376,473709.3402562557,-1335503.452606482,310.5170709763976,1632.1345256011507,1.0240916171084358,151
24225000,48450.00000895306,40.90000000833242,-1808286.3467878085,474316.2670172744,-1333970.079770534,310.9149122349777,1634.1624248008204,1.0228207798041355,151
24250000,48500.000008963245,40.950000008342606,-1808293.84273152,473238.4474319413,-1335055.3952995783,310.2084001351792,1638.0397010097863,1.0203997403915217,151
24275000,48550.00000897343,41.00000000835279,-1809940.0451395065,474103.2046765639,-1335836.8404629426,310.77524960147974,1632.0004009500158,1.0241757812610888,151
24300000,48600.00000898362,41.05000000836298,-1808765.3857572412,472587.8659703868,-1336177.5197868545,309.7819431652488,1632.4677003850666,1.0238826074581011,151
24325000,48650.00000899381,41.10000000837317,-1808730.6184419773,473000.5754528515,-1335730.042989126,310.05247475238144,1641.0455026337274,1.0185307372518675,151
24350000,48700.00000900399,41.15000000838335,-1808322.435865512,473094.8398957554,-1335227.5959697566,310.1142652137896,1634.299060654606,1.02273526669709,151
24375000,48750.00000901418,41.20000000839354,-1809568.557433053,473020.3097231497,-1336548.2477099032,310.0654105914923,1636.0116452489533,1.021664662666289,151
24400000,48800.00000902436,41.250000008403724,-1808631.2256111477,473122.67250660405,-1335508.5531045434,310.13250952536185,1634.2442853630173,1.0227695459189623,151
24425000,48850.00000903455,41.30000000841391,-1804850.0592866328,475339.6755053009,-1329510.3837813316,311.58575779175413,1637.011254253764,1.0210408030599214,151
24450000,48900.000009044736,41.3500000084241,-1807626.213456817,472503.8095953874,-1335122.4038614295,309.726844105248,1633.3314731885594,1.023341136259628,151
24475000,48950.00000905492,41.40000000843428,-1807002.8316881824,473376.929828545,-1333625.9018596371,310.2991755210982,1635.5520345204018,1.0219517633087831,151
24500000,49000.00000906511,41.45000000844447,-1810738.1625523595,472017.6522343696,-1338720.51031799,309.4081673409368,1635.4077043750551,1.0220419539359529,151
24525000,49050.000009075295,41.500000008454656,-1807503.456600111,473523.1875757015,-1333980.2690244096,310.39504765912704,1635.5022151353048,1.0219828932014705,151
24550000,49100.00000908548,41.55000000846484,-1806483.5053978944,475934.2473450648,-1330549.2580528297,311.9755003838437,1634.422661055178,1.0226579241028793,151
24575000,49150.00000909567,41.60000000847503,-1808828.834101569,472194.51657592016,-1336634.3175256487,309.5241021402564,1635.2996526206186,1.0221094849392482,151
24600000,49200.000009105854,41.650000008485215,-1808679.9455764864,473915.8662237457,-1334764.0793527404,310.6524490089922,1634.8902443275608,1.0223654410200915,151
24625000,49250.00000911604,41.7000000084954,-1809961.486544774,473741.2108078277,-1336220.275736946,310.53796216321524,1632.1170409219103,1.0241025880823238,151
24650000,49300.00000912623,41.750000008505594,-1809444.391694068,474491.6566411658,-1334952.7350529025,311.0298803550088,1630.6708589851935,1.025010826955956,151
24675000,49350.00000913641,41.800000008515774,-1808326.8342988703,473565.93989201664,-1334760.894406854,310.4230718564808,1632.077683095931,1.02412728448732,151
24700000,49400.0000091466,41.85000000852596,-1809192.8438260157,475671.2787978541,-1333521.5650281613,311.8031241689382,1634.595342631073,1.0225498886904874,151
24725000,49450.00000915679,41.90000000853615,-1810343.317760253,474509.5724051784,-1335833.745355075,311.0416241609521,1633.9234159019793,1.0229703971398771,151
24750000,49500.00000916697,41.95000000854633,-1806739.640932031,473231.8010547313,-1333507.8398772995,310.2040434265217,1635.2723346320045,1.0221265597558895,151
24775000,49550.00000917716,42.00000000855652,-1806678.610637539,474702.7678527728,-1331975.842784766,311.16826402091465,1638.052264730195,1.0203919140130118,151
24800000,49600.000009187344,42.050000008566705,-1811497.7197539944,473502.34332883096,-1337995.3764251636,310.3813842289709,1631.0578594909227,1.024767623009449,151
24825000,49650.00000919753,42.10000000857689,-1813095.982802079,473867.6018908498,-1339228.3809112292,310.6208116778065,1630.9720571613543,1.0248215340798037,151
24850000,49700.00000920772,42.15000000858708,-1807247.8807841635,471531.4163649087,-1335716.4644192546,309.08943911424194,1635.1736569514403,1.0221882419373085,151
24875000,49750.0000092179,42.200000008597264,-1811674.7254654916,472697.9098662273,-1338976.815599264,309.854077077991,1633.0880632855456,1.023493664082424,151
24900000,49800.00000922809,42.25000000860745,-1808636.6284401163,472541.9755951133,-1336094.6528450032,309.7518619662835,1636.0570275970856,1.0216363228586824,151
24925000,49850.00000923828,42.300000008617644,-1809224.496674968,473901.8288321088,-1335322.6678428592,310.6432474810407,1636.9768292022077,1.021062275191756,151
24950000,49900.00000924846,42.35000000862782,-1808353.7022520837,474121.9837436246,-1334231.718508459,310.7875593036617,1635.1707892603788,1.02219003460637,151
24975000,49950.00000925865,42.40000000863801,-1808834.7369013063,471604.1268281251,-1337230.610073181,309.13710091473564,1634.7170437234704,1.0224737620978377,151
25000000,50000.00000926884,42.4500000086482,-1808220.1985891964,473609.4363078752,-1334610.7622813212,310.45158381202526,1636.5109710677714,1.0213529363453158,151
25025000,50050.00000927902,42.50000000865838,-1811705.199079982,473801.6896714401,-1337903.509408542,310.5776061347163,1637.8060615360666,1.0205453044261947,151
25050000,50100.00000928921,42.55000000866857,-1808684.789618245,474419.19465848233,-1334265.5949597629,310.9823814338183,1632.8718440493128,1.0236291915698648,151
25075000,50150.000009299394,42.600000008678755,-1807692.4867162255,475122.718648514,-1332569.7680677115,311.44354229804804,1635.8865497003098,1.0217427889284858,151
25100000,50200.00000930958,42.65000000868894,-1809315.4456027,474608.7583121224,-1334706.6872905777,311.10664064825573,1635.6969116402242,1.0218612468891384,151
25125000,50250.00000931977,42.70000000869913,-1810365.31459752,473809.010775518,-1336556.303822002,310.58240512768816,1632.982138589541,1.023560053819745,151
25150000,50300.00000932995,42.750000008709314,-1808335.0983614104,473081.8831815424,-1335253.2151798678,310.10577207125465,1632.2799507456607,1.0240003774461823,151
25175000,50350.00000934014,42.8000000087195,-1809290.8240197252,472460.0671969784,-1336830.7568227472,309.69817090783096,1637.7344818340443,1.0205899089268642,151
25200000,50400.000009350326,42.85000000872969,-1808248.9687271053,473929.8654010863,-1334319.103326019,310.66162548742415,1635.520100164849,1.0219717174328344,151
25225000,50450.00000936051,42.90000000873987,-1807949.453401194,472268.395926012,-1335681.057475182,309.5725301475736,1635.6229615392822,1.021907447477008,151
25250000,50500.0000093707,42.95000000875006,-1807523.4567189915,473440.0837653061,-1334083.3729536857,310.3405730064276,1636.5330533574545,1.021339154887396,151
25275000,50550.000009380885,43.000000008760246,-1808309.303288568,472236.5888911265,-1336072.7143974414,309.5516805960242,1636.0026616368812,1.0216702728276978,151
25300000,50600.00000939107,43.05000000877043,-1810014.2249740053,474389.346881974,-1335624.8780920317,310.9628161786103,1631.4006699284887,1.0245522859412943,151
25325000,50650.00000940126,43.10000000878062,-1810097.9738684848,471738.4681951588,-1338359.505673326,309.2251618505401,1637.9802081216535,1.0204368022115031,151
25350000,50700.00000941144,43.1500000087908,-1807279.9920821683,472115.3422597263,-1335164.649822442,309.4722032759701,1636.9576758367305,1.0210742222195992,151
25375000,50750.00000942163,43.20000000880099,-1808770.7509409152,473689.46160254383,-1335081.2893383713,310.5040404937767,1633.9669048650787,1.022943170198058,151
25400000,50800.00000943182,43.25000000881118,-1808800.34992667,473606.6567927965,-1335193.6931338736,310.4497618363797,1632.718143870383,1.0237255535723897,151
25425000,50850.000009442,43.300000008821364,-1808178.055480484,474418.2569294762,-1333759.7985510076,310.9817667512702,1635.0882479567233,1.0222416360402045,151
25450000,50900.00000945219,43.35000000883155,-1807278.194400317,473435.2292576665,-1333842.9651426503,310.3373908705372,1637.0663003430886,1.0210064707282147,151
25475000,50950.000009462376,43.40000000884174,-1810377.8000349505,473241.0640455447,-1337136.7359894058,310.2101153287018,1633.932257316605,1.0229648617173464,151
25500000,51000.00000947256,43.45000000885192,-1808844.1465467168,473206.37419187167,-1335637.7723548452,310.1873760857954,1635.4155587976825,1.0220370453673593,151
25525000,51050.00000948275,43.50000000886211,-1810433.5485577693,473649.9238868664,-1336783.6246709032,310.4781234712021,1634.6776399513544,1.0224984087450617,151
25550000,51100.000009492935,43.550000008872296,-1806785.1169421736,473266.7737633474,-1333518.3431788264,310.22696808120065,1637.42494592415,1.020782839434534,151
25575000,51150.00000950312,43.60000000888248,-1807383.2837470036,472926.7446758343,-1334456.5390711692,310.00407858477604,1636.678084463883,1.0212486508664294,151
25600000,51200.00000951331,43.65000000889267,-1808357.253490897,471808.3024365708,-1336548.9510543265,309.27093828400734,1636.095350561841,1.0216123926318894,151
25625000,51250.00000952349,43.70000000890285,-1807552.2125377967,475962.9744841111,-1331589.238053686,311.99433105977965,1637.7778634568365,1.0205628754399412,151
25650000,51300.00000953368,43.75000000891304,-1807964.7534405747,473381.5033230046,-1334583.2501175702,310.3021734524941,1636.4654323822003,1.021381358009046,151
25675000,51350.000009543866,43.80000000892323,-1809558.9801776784,473357.68319849466,-1336201.2969791836,310.28655933078585,1635.0146836228405,1.0222876298320498,151
25700000,51400.00000955405,43.850000008933414,-1810015.5644334508,473658.420944622,-1336357.1434888288,310.48369330329524,1634.5416462350152,1.022583480519694,151
25725000,51450.00000956424,43.9000000089436,-1809760.0096601853,473452.2897215711,-1336307.7199386142,310.3485740261792,1632.6668806470077,1.0237576969767483,151
25750000,51500.000009574425,43.950000008953786,-1806855.6657509368,471991.48935100256,-1334864.176399934,309.391017537838,1637.2830505920915,1.0208713057018106,151
25775000,51550.00000958461,44.00000000896397,-1809526.2924407132,472342.0870241881,-1337184.2054165252,309.62083475552225,1635.957887815074,1.0216982344782282,151
25800000,51600.0000095948,44.05000000897416,-1808739.9901661407,473052.4504410914,-1335687.5397250494,310.0864788727065,1636.151267339381,1.0215774782116696,151
25825000,51650.00000960498,44.10000000898434,-1807064.7065097047,474059.0226991158,-1333005.683810589,310.7462882594473,1636.724935836739,1.021219417547945,151
25850000,51700.00000961517,44.15000000899453,-1807182.5413541049,472812.1714608174,-1334370.3698932875,309.9289756975918,1637.9047752651084,1.0204837979001884,151
25875000,51750.00000962536,44.20000000900472,-1810273.691018219,474662.1075501874,-1335611.5834680316,311.14161114120367,1634.729344239312,1.0224660684972104,151
25900000,51800.00000963554,44.250000009014904,-1810274.0872881531,473281.5086800419,-1336992.5786081117,310.23662683770857,1633.660123222631,1.023135266571975,151
25925000,51850.00000964573,44.30000000902509,-1806835.110452935,472659.2270237856,-1334175.8834291494,309.8287204259023,1636.305849302773,1.021480969693775,151
25950000,51900.00000965592,44.350000009035284,-1807781.7379325705,471593.25081489,-1336188.4871176805,309.1299716743203,1635.0842777426485,1.0222441181863462,151
25975000,51950.0000096661,44.40000000904546,-1806027.647753602,471631.8659794195,-1334395.7817741823,309.15528396345206,1638.789711035243,1.0199327432959742,151
26000000,52000.00000967629,44.45000000905565,-1812369.566957714,474268.45339328033,-1338101.1135644338,310.8835703440466,1633.733273587509,1.0230894557169972,151
26025000,52050.00000968648,44.50000000906584,-1807923.5746483128,474854.6870687933,-1333068.88757952,311.267847258936,1636.3867408959893,1.0214304747704088,151
26050000,52100.00000969666,44.55000000907602,-1807567.02006487,472967.8631858468,-1334599.1568790232,310.0310318200344,1634.678321267104,1.0224979825790932,151
26075000,52150.00000970685,44.60000000908621,-1807946.4538613567,474400.90660233214,-1333545.5472590246,310.9703935899085,1633.4443586220502,1.02327041434788,151
26100000,52200.00000971704,44.6500000090964,-1805644.460289228,472196.97594509367,-1333447.484344134,309.5257142598566,1639.3259685002936,1.019599102178862,151
26125000,52250.00000972722,44.70000000910658,-1807844.074134204,472599.2836559917,-1335244.7904782118,309.78942747258674,1637.010030106477,1.021041566588737,151
26150000,52300.00000973741,44.75000000911677,-1810500.9972338013,475088.4168172949,-1335412.5804165066,311.42105740435034,1635.6874411487584,1.021867163379034,151
26175000,52350.00000974759,44.800000009126954,-1808694.599392704,471623.5758697604,-1337071.0235229433,309.1498497860976,1636.0212493901172,1.0216586650598118,151
26200000,52400.00000975778,44.85000000913714,-1808570.0996429184,473039.4536230029,-1335530.6460199156,310.07795944203065,1632.3090401305317,1.0239821287320263,151
26225000,52450.000009767966,44.90000000914733,-1806946.4037026984,472223.85487931554,-1334722.5488233832,309.5433334351952,1634.346570509655,1.0227055361582,151
26250000,52500.00000977815,44.95000000915751,-1806016.297666903,470450.99346879113,-1335565.3041981114,308.3812205409354,1638.071098009979,1.0203801823327268,151
26275000,52550.00000978834,45.0000000091677,-1808370.8466290869,473460.9125832369,-1334909.93404585,310.3542263228944,1637.065174305977,1.021007173016184,151
26300000,52600.000009798525,45.050000009177886,-1806211.6377421217,471240.9736413331,-1334970.6641007883,308.89905354202097,1635.2703662026563,1.0221277901236374,151
26325000,52650.00000980871,45.10000000918807,-1808920.808151085,471644.0126002146,-1337276.7955508702,309.16324608872816,1639.607989055521,1.0194237261701906,151
26350000,52700.0000098189,45.15000000919826,-1808002.157104385,473335.0066780701,-1334667.150426315,310.27169484300026,1636.578661180079,1.0213106924271913,151
26375000,52750.00000982909,45.20000000920845,-1806531.6495835297,473504.8255318288,-1333026.824051701,310.3830113161717,1633.9546753821835,1.022950826509577,151
26400000,52800.00000983927,45.25000000921863,-1808667.437350043,472371.8230247337,-1336295.6143253094,309.64032674144545,1637.8141105643977,1.020540288961976,151
26425000,52850.00000984946,45.30000000922882,-1809662.5214748904,473775.49427546223,-1335887.027199428,310.5604350195601,1635.947325683773,1.02170483084642,151
26450000,52900.00000985964,45.350000009239004,-1809434.4454077573,472795.444603438,-1336639.0008043195,309.9180112214485,1636.1467675499089,1.021580287790659,151
26475000,52950.00000986983,45.40000000924919,-1807277.2963312725,472421.2250026015,-1334856.071328671,309.67270980034743,1637.347671776383,1.020831014984133,151
26500000,53000.000009880016,45.45000000925938,-1808772.434539453,474041.99766476674,-1334730.4368746865,310.7351283279237,1636.8494953116333,1.0211417057273005,151
26525000,53050.0000098902,45.50000000926956,-1808124.968660292,475778.693001291,-1332346.2756590012,311.8735343149877,1634.0598603045476,1.022884978858654,151
26550000,53100.00000990039,45.55000000927975,-1809011.6517156768,472815.957133932,-1336195.6945817452,309.9314572111009,1634.8516485517732,1.0223895771472868,151
26575000,53150.000009910575,45.600000009289936,-1808630.674591292,473506.66098320857,-1335124.0136080831,310.3842144568699,1639.0539491060154,1.0197683160905409,151
26600000,53200.00000992076,45.65000000930012,-1808376.345702472,472419.59512968734,-1335956.7505727848,309.6716414165932,1637.787503710035,1.0205568682598267,151
26625000,53250.00000993095,45.70000000931031,-1807125.3508294343,474878.9918306868,-1332246.3589987478,311.28377906106147,1638.6592991430734,1.0200139141403397,151
26650000,53300.00000994113,45.750000009320495,-1809313.1512612116,472699.6457095132,-1336613.5055516982,309.8552149254578,1633.8600542435163,1.0230100682859784,151
26675000,53350.00000995132,45.80000000933068,-1806789.6747797783,473763.7441443928,-1333025.9306353854,310.55273279380015,1636.4694576819727,1.0213788456699806,151
26700000,53400.00000996151,45.850000009340874,-1807219.3402054224,473048.0962910753,-1334171.2439143474,310.0836247218704,1637.6679443883536,1.020631374869866,151
26725000,53450.00000997169,45.900000009351054,-1809151.6862370623,472984.099008666,-1336167.5872283964,310.0416744224032,1635.6814526283406,1.0218709046162795,151
26750000,53500.00000998188,45.95000000936124,-1803805.7762779044,473906.2462270572,-1329899.5300508472,310.6461430890099,1636.1665057851023,1.021567963744226,151
26775000,53550.00000999207,46.00000000937143,-1807290.9763115104,473705.3817860462,-1333585.5945254643,310.51447619417456,1634.5707666989815,1.0225652628285398,151
26800000,53600.00001000225,46.05000000938161,-1810469.9870384235,472601.8644204348,-1337868.1226179886,309.79111916693944,1635.9372784101674,1.021711105749569,151
26825000,53650.00001001244,46.1000000093918,-1809375.4946256569,475472.6655128803,-1333902.8291127766,311.67293290972907,1633.3141135105095,1.023352012840265,151
26850000,53700.000010022624,46.150000009401985,-1810626.3696780368,471751.7371104583,-1338874.632567579,309.2338596412815,1633.6923264760533,1.0231150985857878,151
26875000,53750.00001003281,46.20000000941217,-1810832.1287457768,476534.34179921314,-1334297.7869465635,312.3688630566391,1635.90609061836,1.0217305841985067,151
26900000,53800.000010043,46.25000000942236,-1807614.7777918647,474436.28149440186,-1333178.4962974633,310.9935818763495,1635.341732542994,1.02208318444992,151
26925000,53850.00001005318,46.300000009432544,-1810311.862131035,474783.2279891775,-1335528.6341418575,311.22100574197344,1631.9068481126058,1.0242344945083883,151
26950000,53900.00001006337,46.35000000944273,-1807586.817823029,473355.21319732873,-1334231.6046257005,310.2849402419012,1637.8826807057387,1.0204975639288083,151
26975000,53950.00001007356,46.400000009452924,-1807874.9585629676,473109.3315347175,-1334765.62702825,310.12376450143654,1636.5928093788573,1.021301863287403,151
27000000,54000.00001008374,46.4500000094631,-1805618.219042317,474441.0451513285,-1331177.1738909886,310.9967044594828,1637.263398907472,1.0208835589781926,151
27025000,54050.00001009393,46.50000000947329,-1809640.707118718,472314.3574520565,-1337326.3496666616,309.60265798595907,1637.886533576064,1.020495163368879,151
27050000,54100.00001010412,46.55000000948348,-1810135.813084809,471299.31376447965,-1338836.4993203294,308.9372955664448,1633.6133789918017,1.0231645425755176,151
27075000,54150.0000101143,46.60000000949366,-1806243.5261146529,473741.390488681,-1332502.135625972,310.5380799442416,1636.2633257164546,1.021507516175325,151
27100000,54200.00001012449,46.65000000950385,-1809103.0457646204,474278.8687574885,-1334824.177007132,310.8903976284428,1635.5651058665032,1.0219435959266658,151
27125000,54250.000010134674,46.700000009514035,-1807653.8955597144,473372.2553335216,-1334281.6402261923,310.29611138370507,1633.948867848363,1.022954462377038,151
27150000,54300.00001014486,46.75000000952422,-1808388.9187292643,472858.9883791388,-1335529.9303501255,309.95966424669547,1634.530097682033,1.0225907054460015,151
27175000,54350.00001015505,46.80000000953441,-1807362.7983733844,473793.57581195707,-1333569.2225614274,310.5722874895749,1636.8831500283025,1.0211207108048563,151
27200000,54400.00001016523,46.850000009544594,-1809225.290106116,472989.01770045486,-1336236.272405661,310.0448986310845,1633.1697104357709,1.0234424965029545,151
27225000,54450.00001017542,46.90000000955478,-1810419.7008185664,470940.4972098853,-1339479.2036086812,308.7020908616142,1636.0136842055622,1.0216633893701446,151
27250000,54500.000010185606,46.95000000956497,-1809492.2664191844,472136.95782663656,-1337355.308592548,309.48637230738683,1633.9639508422863,1.0229450195640972,151
27275000,54550.00001019579,47.00000000957515,-1809816.844551134,472354.9238320497,-1337461.9207190843,309.6292492992923,1634.843246085445,1.0223948318370053,151
27300000,54600.00001020598,47.05000000958534,-1810494.1588475788,473806.82938813866,-1336687.3294594402,310.5809752255052,1634.3709263005148,1.0226902955529318,151
27325000,54650.000010216165,47.100000009595526,-1804909.731539173,474450.7237046139,-1330459.007834559,311.00304876338834,1640.1953971992896,1.019058636864535,151
27350000,54700.00001022635,47.15000000960571,-1810749.043008253,470699.8170457087,-1340049.2259625443,308.5443247099444,1635.2123243839974,1.022164070522798,151
27375000,54750.00001023654,47.2000000096159,-1809706.88796655,473190.27270563366,-1336516.6152609163,310.17682154122525,1637.8761073977416,1.0205016595040275,151
27400000,54800.00001024672,47.25000000962608,-1809788.7101052627,471931.7070880432,-1337857.0030172197,309.35183018894503,1636.7236603836393,1.0212202133557549,151
27425000,54850.00001025691,47.30000000963627,-1809958.890635335,473579.1581341127,-1336379.7325012223,310.43173643087346,1636.4638826789117,1.021382325239711,151
27450000,54900.0000102671,47.35000000964646,-1808695.207371775,473959.6309645272,-1334735.576407248,310.68113685186256,1637.4743743242057,1.0207520263339758,151
27475000,54950.00001027728,47.400000009656644,-1809254.733740067,473343.1027904285,-1335911.6309496386,310.277001854879,1634.603576579766,1.0225447378248949,151
27500000,55000.00001028747,47.45000000966683,-1808117.6388123208,473098.7629227855,-1335018.8758895358,310.11683676296377,1632.0340293449383,1.0241546779096735,151
27525000,55050.000010297656,47.50000000967702,-1806479.386623324,474716.7303240204,-1331762.6562993035,311.17741643845625,1633.7024726556492,1.0231087444853864,151
27550000,55100.00001030784,47.5500000096872,-1809723.784587212,473006.702748223,-1336717.081838989,310.0564912022381,1635.361996106922,1.0220705199462827,151
27575000,55150.00001031803,47.60000000969739,-1808476.972543672,474586.0771448709,-1333890.8953988007,311.0917731144692,1639.158510039555,1.0197032656842062,151
27600000,55200.000010328215,47.650000009707576,-1806569.7374997768,473475.6853100415,-1333094.0521897357,310.3639098639772,1633.1265528841025,1.0234695423386515,151
27625000,55250.0000103384,47.70000000971776,-1808887.1183608973,471890.8561099444,-1336996.2622509531,309.32505232119405,1632.0301024956989,1.0241571421418052,151
27650000,55300.00001034859,47.75000000972795,-1809400.3970987836,472077.8680178149,-1337322.5290809686,309.44763886305594,1633.4337369831926,1.0232770683115815,151
27675000,55350.00001035877,47.800000009738135,-1806848.068936608,470880.33512002014,-1335967.7338165876,308.6626545357046,1635.5941220515167,1.021925466181607,151
27700000,55400.00001036896,47.85000000974832,-1808102.597016843,472572.6309071183,-1335529.9661097247,309.77195656202974,1635.7250524672572,1.0218436669049245,151
27725000,55450.000010379146,47.90000000975851,-1809056.1920583143,474105.3357006157,-1334950.8563576988,310.7766464904378,1634.5685296613804,1.022566662290784,151
27750000,55500.00001038933,47.950000009768694,-1808238.623680893,472304.6254738816,-1335933.9982070115,309.596278661971,1637.011722512408,1.0210405109965384,151
27775000,55550.00001039952,48.00000000977888,-1809814.180192276,472160.7311409793,-1337653.4490512966,309.50195574497144,1636.352579118727,1.0214517989525036,151
27800000,55600.000010409705,48.050000009789066,-1808529.6337677687,472317.1121425536,-1336212.5216252152,309.60446368906,1637.7631661583646,1.02057203397855,151
27825000,55650.00001041989,48.10000000979925,-1808642.288071014,472768.7593178266,-1335873.5287531875,309.9005189830186,1638.0015765477262,1.0204234901801337,151
27850000,55700.00001043008,48.15000000980944,-1808172.583828141,473598.4628315145,-1334574.1209966266,310.444390684408,1636.3901770399125,1.0214283299383462,151
27875000,55750.00001044026,48.20000000981962,-1808979.161310276,473919.5051228018,-1335059.6561874745,310.65483431192047,1636.2282054121322,1.0215294420012684,151
27900000,55800.00001045045,48.25000000982981,-1808480.7456341395,473956.7011964803,-1334524.0444376592,310.6792163852067,1630.9167809059918,1.0248562681002529,151
27925000,55850.00001046064,48.30000000984,-1808035.6110675344,471590.0461696688,-1336445.5648978655,309.12787102532934,1636.28528609879,1.0214938066493613,151
27950000,55900.00001047082,48.350000009850184,-1808387.107887783,473244.1040626222,-1335143.003825161,310.21210806373654,1633.7536750637485,1.0230766799016828,151
27975000,55950.00001048101,48.40000000986037,-1806916.623576505,472742.0509911449,-1334174.57258536,309.88301164113807,1634.1920283958634,1.0228022512764958,151
28000000,56000.0000104912,48.450000009870564,-1808325.4087907383,474261.2571712447,-1334064.1516194935,310.8788532114112,1636.018810826653,1.0216601878904037,151
28025000,56050.00001050138,48.50000000988074,-1808198.77597432,472693.1429934722,-1335505.632980848,309.850952386878,1637.0184644781284,1.0210363059003382,151
28050000,56100.00001051157,48.55000000989093,-1810729.7493965917,473559.59931281896,-1337170.1500837724,310.4189155988066,1635.6562622485562,1.021886642223729,151
28075000,56150.00001052176,48.60000000990112,-1807402.63737486,474837.918827079,-1332564.7185477812,311.256855655309,1635.0749838146148,1.0222499287230868,151
28100000,56200.00001053194,48.6500000099113,-1806409.1092118009,475458.00152859074,-1330951.10768321,311.6633206495022,1636.0179658002858,1.021660715592308,151
28125000,56250.00001054213,48.70000000992149,-1809767.7658565408,474546.4571041873,-1335221.3087523535,311.0658021277489,1636.506387090618,1.0213557972315075,151
28150000,56300.00001055232,48.75000000993168,-1811626.8826090423,473118.4140386544,-1338508.468570388,310.1297180942411,1632.794618166039,1.0236776059066002,151
28175000,56350.0000105625,48.80000000994186,-1807114.876468583,475689.9709135857,-1331424.9055549973,311.815376874414,1633.8143498613267,1.0230386860069265,151
28200000,56400.00001057269,48.85000000995205,-1806869.82712726,473851.9621783375,-1333017.8649489228,310.6105598264969,1637.7494275337212,1.020580595273618,151
28225000,56450.00001058287,48.900000009962234,-1805895.0479582297,471525.713253935,-1334369.3347042948,309.0857007177939,1634.458791733812,1.022635317644402,151
28250000,56500.00001059306,48.95000000997242,-1811353.5347800616,473236.9679874301,-1338116.5667926318,310.2074303574331,1631.976127464438,1.0241910145207165,151
28275000,56550.000010603246,49.00000000998261,-1809456.9896357767,475168.3247505311,-1334288.6648852455,311.4734371555346,1632.926765289206,1.023594763213623,151
28300000,56600.00001061343,49.05000000999279,-1803704.9331805017,472208.6427245304,-1331496.2904559714,309.533361848516,1635.372064824322,1.0220642272258371,151
28325000,56650.00001062362,49.10000001000298,-1807970.123469686,472542.4969007144,-1335427.6265689717,309.75220368276365,1636.5612913761818,1.0213215322084688,151
28350000,56700.000010633805,49.150000010013166,-1806969.6430011485,470816.2144417384,-1336153.4285594102,308.62062335008704,1635.0484088931416,1.0222665436510814,151
28375000,56750.00001064399,49.20000001002335,-1807289.0438517572,472262.759329572,-1335026.284522185,309.5688353514865,1635.4786323339683,1.0219976296945454,151
28400000,56800.00001065418,49.25000001003354,-1805652.9165748784,472050.7841163004,-1333602.1324585783,309.429885331398,1636.203693185054,1.0215447456958842,151
28425000,56850.00001066437,49.30000001004373,-1807983.2261845227,475433.6416472749,-1332549.584537248,311.64735271652575,1637.285845622654,1.0208695629599998,151
28450000,56900.00001067455,49.35000001005391,-1806760.7681111812,474056.755549645,-1332704.0125615364,310.7448021401051,1635.2729456355794,1.022126177848402,151
28475000,56950.00001068474,49.4000000100641,-1809147.8193771737,472946.7585623951,-1336201.0608147786,310.01719771270024,1634.8441427627954,1.0223942710751168,151
28500000,57000.00001069492,49.450000010074284,-1809063.0728833685,473719.15946165926,-1335343.913421709,310.5235074779443,1635.7558443233222,1.0218244314773262,151
28525000,57050.00001070511,49.50000001008447,-1807106.8092202249,473043.9349654784,-1334062.8742547464,310.08089696768457,1636.3686223485593,1.0214417844693673,151
28550000,57100.000010715296,49.55000001009466,-1809157.4866540907,473957.0279802725,-1335200.4586738185,310.6794305923953,1637.0662023983614,1.0210065318144432,151
28575000,57150.00001072548,49.60000001010484,-1808201.01739068,474691.1897621181,-1333509.8276285615,311.1606745678638,1635.5637352685037,1.0219444523126433,151
28600000,57200.00001073567,49.65000001011503,-1808703.7451379127,473246.49500499,-1335457.2501329232,310.21367532947914,1633.61826412668,1.023161482927555,151
28625000,57250.000010745855,49.700000010125216,-1808302.219559759,474549.5563673664,-1333752.6631923926,311.0678336986782,1633.3978739166355,1.0232995354974357,151
28650000,57300.00001075604,49.7500000101354,-1807897.1880857544,473157.7784793459,-1334739.4096064086,310.1555215348436,1634.8829650683383,1.022369993066461,151
28675000,57350.00001076623,49.80000001014559,-1807177.286759996,471904.2445189175,-1335273.0422410783,309.3338284401896,1635.574194152708,1.021937917360742,151
28700000,57400.00001077641,49.850000010155775,-1807608.7141199915,472426.1632366999,-1335182.5508832913,309.67594681903745,1636.2938400250357,1.0214884666655095,151
28725000,57450.0000107866,49.90000001016596,-1810692.0922058923,474442.2201766615,-1336249.872029231,310.997474690073,1636.2326819399989,1.0215266472245452,151
28750000,57500.00001079679,49.950000010176154,-1808613.6635427575,471228.6475815694,-1337385.0159611884,308.89097379427426,1635.6091589676685,1.021916071145229,151
28775000,57550.00001080697,50.000000010186334,-1809314.4570264409,473267.5941029445,-1336046.8629234962,310.22750581484286,1637.6239004350375,1.020658824787161,151
28800000,57600.00001081716,50.05000001019652,-1808558.575485816,472296.0265650735,-1336262.5489207427,309.5906420663843,1633.8782827509722,1.0229986549837429,151
28825000,57650.00001082735,50.10000001020671,-1808599.2255606211,473056.205181177,-1335543.0203794444,310.0889401095761,1635.0768777815842,1.0222487446150943,151
28850000,57700.00001083753,50.15000001021689,-1808328.752140849,472747.97945992165,-1335580.7726809273,309.8868977599107,1635.3677435050888,1.022066927943043,151
28875000,57750.00001084772,50.20000001022708,-1810734.781133948,474874.47807423625,-1335860.3030597116,311.28082028800594,1633.0961241639884,1.0234886121703588,151
28900000,57800.000010857904,50.250000010237265,-1807503.8064736864,473473.126457899,-1334030.6800157877,310.3622325331652,1636.0143478875805,1.021662974911909,151
28925000,57850.00001086809,50.30000001024745,-1807426.9080647733,471425.1216134443,-1336001.786451329,309.01976277037454,1636.755722245385,1.0212002090137218,151
28950000,57900.00001087828,50.35000001025764,-1809456.1952129328,474073.0085857443,-1335383.186627189,310.7554560258007,1635.4251724526948,1.0220310374424908,151
28975000,57950.00001088846,50.400000010267824,-1803633.996347336,472310.7372969696,-1331323.2590503665,309.6002849697263,1639.3345820832117,1.019593744882367,151
29000000,58000.00001089865,50.45000001027801,-1810752.6934196511,474703.1609130604,-1336049.5325065907,311.1685216724297,1633.2598842884854,1.0233859912560983,151
29025000,58050.00001090884,50.500000010288204,-1808033.678409068,474343.1321444046,-1333690.546264663,310.9325223597504,1636.172003158027,1.0215645313788917,151
29050000,58100.00001091902,50.55000001029838,-1807618.4648546204,472862.2315908126,-1334756.2332638078,309.9617901760448,1637.004288893041,1.0210451475308275,151
29075000,58150.00001092921,50.60000001030857,-1809128.2152944896,473574.9260631655,-1335553.289231324,310.42896230302114,1633.4548842948864,1.0232638205878024,151
29100000,58200.0000109394,50.65000001031876,-1807090.0858357733,473835.939551266,-1333254.1462845076,310.60005697421013,1637.7417120032492,1.0205854033093569,151
29125000,58250.00001094958,50.70000001032894,-1808555.9534399144,472598.6719807703,-1335957.2814591443,309.78902651870635,1634.9880816149343,1.0223042629218666,151
29150000,58300.00001095977,50.75000001033913,-1807828.0020483744,473846.6169779585,-1333981.3850704157,310.6070560408959,1634.8385762836258,1.0223977522361902,151
29175000,58350.000010969954,50.800000010349315,-1803299.2071491685,473850.8130067808,-1329448.3941423877,310.60980654308975,1637.5785003678968,1.020687121433192,151
29200000,58400.00001098014,50.8500000103595,-1809363.2632883985,473885.21033578826,-1335478.05295261,310.63235403570843,1633.7059473732184,1.0231065684426683,151
29225000,58450.00001099033,50.90000001036969,-1807061.6745448457,475584.2204023741,-1331477.4541424718,311.74605728071987,1635.569994467019,1.021940541411111,151
29250000,58500.00001100051,50.950000010379874,-1808041.5573140213,473819.4349228924,-1334222.1223911291,310.58923816946094,1638.0822083741964,1.0203732615595154,151
29275000,58550.0000110107,51.00000001039006,-1808987.7759262,473077.0716016616,-1335910.704324538,310.1026180745644,1636.8159894474995,1.0211626086482606,151
29300000,58600.000011020886,51.05000001040025,-1806966.102603136,473068.3537496285,-1333897.748853507,310.09690351154336,1635.505093498231,1.0219810945903365,151
29325000,58650.00001103107,51.10000001041043,-1810034.36510568,471726.8604505584,-1338307.5046551218,309.21755295929046,1634.1867697596135,1.0228055425435003,151
29350000,58700.00001104126,51.15000001042062,-1808644.5872774797,473720.1424365637,-1334924.4448409155,310.52415181923595,1634.7004600279809,1.0224841348810672,151
29375000,58750.000011051445,51.200000010430806,-1807526.5104544305,476087.1266446882,-1331439.383809742,312.0757129578798,1633.5197568549806,1.023223183342116,151
29400000,58800.00001106163,51.25000001044099,-1806475.9848611504,473347.08840936417,-1333128.8964517862,310.2796144331264,1637.196284738443,1.0209254084206665,151
29425000,58850.00001107182,51.30000001045118,-1808772.078462248,471323.2942950745,-1337448.784167173,308.9530148345444,1635.7116398829237,1.0218520458661209,151
29450000,58900.000011082,51.35000001046136,-1811384.7676582888,473262.991552952,-1338121.7761053366,310.2244888375084,1635.589493848806,1.0219283579085536,151
29475000,58950.00001109219,51.40000001047155,-1808439.2585676648,471681.31927601824,-1336757.9392916465,309.18770066184703,1637.465432370568,1.02075760050801,151
29500000,59000.00001110238,51.45000001048174,-1808319.4244601063,472856.13890923903,-1335463.2855508674,309.9577964155764,1635.6893846470953,1.0218659492138318,151
29525000,59050.00001111256,51.500000010491924,-1810786.6605782544,472110.340405188,-1338676.3201730666,309.4689245540015,1632.3295372484868,1.0239692706160652,151
29550000,59100.00001112275,51.55000001050211,-1809446.6095298715,472916.2698228972,-1336530.3397069743,309.99721230544293,1633.0203815776688,1.0235360835157437,151
29575000,59150.000011132935,51.6000000105123,-1807806.5106015308,473528.0786379354,-1334278.431963595,310.3982537566003,1635.8599259784569,1.0217594178558074,151
29600000,59200.00001114312,51.65000001052248,-1809823.5815502675,474365.1199627521,-1335458.4615875154,310.94693540245447,1636.4238328090885,1.021407322571298,151
29625000,59250.00001115331,51.70000001053267,-1810227.518098696,474083.6249938951,-1336143.893104801,310.7624150947553,1633.408587564538,1.023292823599993,151
29650000,59300.00001116349,51.75000001054285,-1810839.1287092203,473851.6782468883,-1336987.450462332,310.6103737090733,1633.681075451576,1.0231221446936176,151
29675000,59350.00001117368,51.80000001055304,-1808773.3456861228,473126.2121762656,-1335647.133509857,310.13482978329665,1638.5047485616583,1.0201101260943304,151
29700000,59400.00001118387,51.85000001056323,-1808168.5530768288,474369.619717877,-1333798.933358952,310.94988499762337,1636.4230190677304,1.0214078304848218,151
29725000,59450.00001119405,51.900000010573414,-1807348.5617753807,473576.76769002376,-1333771.7940853569,310.4301694917533,1635.8288556479397,1.0217788247776944,151
29750000,59500.00001120424,51.9500000105836,-1807745.797167507,472819.5707433532,-1334926.226424154,309.93382593664154,1634.7096433187892,1.0224783908829227,151
29775000,59550.000011214426,52.00000001059379,-1806090.498311393,473615.6993887331,-1332474.7989226598,310.4556892694398,1636.4352368275534,1.0214002045701056,151
29800000,59600.00001122461,52.05000001060397,-1808933.0442629624,471678.1052807017,-1337254.9389822606,309.1855938838568,1634.6382158662925,1.022523069286979,151
29825000,59650.0000112348,52.10000001061416,-1808798.9734615711,471957.69163681695,-1336841.281824754,309.3688630934926,1635.2731154752348,1.0221260716902585,151
29850000,59700.000011244985,52.150000010624346,-1806396.8701138652,470932.968798467,-1335463.9013153985,308.6971559784188,1636.0598077021311,1.0216345868241667,151
29875000,59750.00001125517,52.20000001063453,-1810197.8677451657,473088.54013814987,-1337109.3276070158,310.1101357147206,1637.5424296125775,1.0207096044875237,151
29900000,59800.00001126536,52.25000001064472,-1806913.343834692,473276.9496847608,-1333636.394149931,310.2336384105424,1634.8940822241134,1.0223630410280409,151
29925000,59850.00001127554,52.3000000106549,-1810117.3707219,474560.9523393796,-1335556.4183825203,311.0753037727294,1632.4831486408868,1.0238729184144728,151
29950000,59900.00001128573,52.35000001066509,-1808553.1018364092,469666.0764443585,-1338887.0253920509,307.8667064398318,1636.313919566011,1.021475931772738,151
29975000,59950.00001129592,52.40000001067528,-1806331.093306765,472948.682316154,-1333382.410990611,310.0184587357195,1637.8788862363697,1.0204999281126192,151
30000000,60000.0000113061,52.450000010685464,-1806181.4144960225,473447.7714183442,-1332733.643077678,310.345612272706,1635.1779481611425,1.0221855594010707,151
30025000,60050.00001131629,52.50000001069565,-1806567.9409953505,472919.3103006022,-1333648.6306947484,309.9992053424196,1635.4133174972633,1.0220384460481744,151
30050000,60100.00001132648,52.550000010705844,-1809873.0596384816,473107.552743254,-1336765.5068952276,310.1225985013851,1631.913505118208,1.024230316385745,151
30075000,60150.00001133666,52.60000001071602,-1808307.71231044,474645.6361338449,-1333662.076176595,311.1308141069827,1633.4063262942498,1.0232942402356584,151
30100000,60200.00001134685,52.65000001072621,-1810045.1660485065,472469.3708921904,-1337575.795156316,309.7042694917958,1630.1848134612394,1.0253164376574744,151
30125000,60250.00001135704,52.7000000107364,-1809093.3020538017,473984.5394042741,-1335108.7626495278,310.6974643655836,1635.6750554209923,1.021874901204745,151
30150000,60300.00001136722,52.75000001074658,-1808307.504200832,473184.0385772038,-1335123.465623628,310.1727350621639,1632.5670984365247,1.0238202688649736,151
30175000,60350.00001137741,52.80000001075677,-1808207.5678558128,473530.2715078268,-1334677.2963479855,310.3996911855844,1633.8197370542257,1.0230353127420433,151
30200000,60400.0000113876,52.85000001076696,-1809681.5527098917,473336.98773541366,-1336344.5649744775,310.2729934285916,1633.41864731085,1.0232865214396585,151
30225000,60450.00001139778,52.90000001077714,-1809579.6640783483,471783.1727376364,-1337796.491340712,309.2544657346095,1634.9018403304185,1.0223581896045737,151
30250000,60500.00001140797,52.95000001078733,-1810151.424408147,471148.87285360927,-1339002.5515545378,308.8386813593168,1631.6264000715146,1.0244105425041738,151
30275000,60550.00001141815,53.000000010797514,-1806771.9878040496,473330.5268869978,-1333441.460917052,310.268758334293,1633.027644629056,1.023531531238141,151
30300000,60600.00001142834,53.0500000108077,-1807416.896570121,471434.6521399321,-1335982.2444301888,309.0260100425272,1633.4213982652443,1.0232847980542812,151
30325000,60650.000011438526,53.10000001081789,-1807150.6843459103,472862.7256925531,-1334287.958653357,309.96211406035985,1637.2633908907317,1.0208835639768743,151
30350000,60700.00001144871,53.15000001082807,-1805884.018368165,475084.1625041772,-1330799.855863988,311.41826869672724,1638.8273379597845,1.019909325983192,151
30375000,60750.0000114589,53.20000001083826,-1806962.321288594,474627.1136176446,-1332335.2076709494,311.11867257421386,1634.794332501118,1.0224254222267737,151
30400000,60800.000011469085,53.250000010848446,-1806677.087063392,474135.9463419231,-1332541.1407214687,310.7967118044853,1637.0468116603902,1.021018625585974,151
30425000,60850.00001147927,53.30000001085863,-1808482.965326371,473821.66113068815,-1334661.3041956823,310.5906974514834,1635.8327859419471,1.0217763698255584,151
30450000,60900.00001148946,53.35000001086882,-1808928.078941322,474101.1339643093,-1334826.9449770127,310.7738922469809,1636.0584306151957,1.0216354467443358,151
30475000,60950.00001149965,53.40000001087901,-1809900.234604684,469252.4930171191,-1340647.7415875646,307.59560198079515,1634.6831330790124,1.0224949727799035,151
30500000,61000.00001150983,53.45000001088919,-1810435.44773175,472569.36894984136,-1337866.0787819088,309.76981834491386,1633.460343222399,1.0232604009008504,151
30525000,61050.00001152002,53.50000001089938,-1809860.9122032272,472975.1284448493,-1336885.783758378,310.0357942064888,1632.3033256595952,1.0239857135535615,151
30550000,61100.0000115302,53.550000010909564,-1808955.0777618976,474039.88738530455,-1334915.1903765933,310.7337450370703,1633.2657244726895,1.0233823318621549,151
30575000,61150.00001154039,53.60000001091975,-1810949.1341659816,473052.2048332774,-1337896.9293327045,310.0863178764742,1633.9015671800478,1.0229840764190947,151
30600000,61200.000011550575,53.650000010929936,-1808548.8594143763,472025.6760008238,-1336523.1834135526,309.4134269299839,1632.9785098600923,1.0235623283276378,151
30625000,61250.00001156076,53.70000001094012,-1809532.8254607653,475696.7745249855,-1333836.0509357802,311.8198366502816,1632.5006453791402,1.023861944797703,151
30650000,61300.00001157095,53.75000001095031,-1805440.4725902155,473264.7353284956,-1332175.73726172,310.22563188458014,1636.7079275472113,1.0212300298234969,151
30675000,61350.000011581134,53.800000010960495,-1807099.236149773,473017.7535711371,-1334081.482578636,310.06373503061883,1635.7276663132727,1.021842034027978,151
30700000,61400.00001159132,53.85000001097068,-1807187.354909337,475063.9436165105,-1332123.4112928268,311.4050151903191,1633.7281634890485,1.023092655813543,151
30725000,61450.00001160151,53.90000001098087,-1811029.5081930372,473166.40955142985,-1337863.0986416077,310.16117921349826,1631.23396450803,1.024656990982586,151
30750000,61500.00001161169,53.950000010991054,-1808216.7208749785,474080.58804294834,-1334136.1328320298,310.76042436957306,1635.506268395057,1.0219803604309097,151
30775000,61550.00001162188,54.00000001100124,-1807530.6361539927,470757.20320069016,-1336773.432953303,308.58194140703085,1633.0140649951054,1.0235400426060643,151
30800000,61600.00001163207,54.050000011011434,-1809207.0859528948,472025.20394914254,-1337181.8820037525,309.4131174995105,1637.1375981808103,1.0209620055875055,151
30825000,61650.00001164225,54.10000001102161,-1807376.177146272,475028.7001161288,-1332347.477030143,311.3819130312957,1637.8968253351786,1.0204887510660792,151
30850000,61700.00001165244,54.1500000110318,-1809099.817770115,472387.72440950223,-1336712.0933606129,309.6507501192495,1633.9703027298156,1.022941042973028,151
30875000,61750.00001166263,54.20000001104199,-1807283.8330072649,474615.6708093335,-1332668.1621979314,311.11117179891016,1634.7577045911148,1.0224483303961285,151
30900000,61800.00001167281,54.25000001105217,-1809270.6043011008,472795.5966490672,-1336475.0076520334,309.91811088755054,1637.688628827867,1.0206184840262909,151
30925000,61850.000011683,54.30000001106236,-1807717.5944323647,471923.7249007268,-1335793.8695316385,309.34659785507523,1635.115048690967,1.0222248807504517,151
30950000,61900.000011693184,54.350000011072545,-1812484.592976564,474107.6288784208,-1338376.964098143,310.7781496713861,1630.0125771275518,1.0254247783823067,151
30975000,61950.00001170337,54.40000001108273,-1808672.983983944,474516.4644639953,-1334156.5195199489,311.0461419142133,1635.7616416759363,1.0218208099982622,151
31000000,62000.00001171356,54.45000001109292,-1812008.7656677223,472580.3830010735,-1339428.382666649,309.77703806941065,1632.7370648761182,1.0237136901085857,151
31025000,62050.00001172374,54.500000011103104,-1809209.261828669,472655.4140255455,-1336553.8478031238,309.826221000739,1636.0219980066847,1.0216581975657293,151
31050000,62100.00001173393,54.55000001111329,-1804485.557057266,473991.3706126442,-1330494.186444622,310.7019422313001,1635.9232472319886,1.021719868881089,151
31075000,62150.00001174412,54.600000011123484,-1808123.424855574,475031.5518064747,-1333091.8730490997,311.38378231791995,1633.2486030752334,1.023393060011942,151
31100000,62200.0000117543,54.65000001113366,-1809659.3424152995,474918.3635694833,-1334740.978845816,311.3095872855811,1634.8648942227624,1.0223812937496743,151
31125000,62250.00001176449,54.70000001114385,-1806976.564506054,473485.8747175053,-1333490.6897885487,310.370589033442,1636.210130177505,1.0215407268503245,151
31150000,62300.00001177468,54.75000001115404,-1810451.3168267831,472747.7040244408,-1337703.6128023425,309.88671721160506,1635.4369118129005,1.0220237011824351,151
31175000,62350.00001178486,54.80000001116422,-1810554.0032464808,473720.9626443618,-1336833.0406021187,310.5246894664838,1634.1652422859877,1.0228190163457649,151
31200000,62400.00001179505,54.85000001117441,-1806512.723417039,473516.2666572258,-1332996.4567598132,310.39051098832306,1638.065731219666,1.020383525401551,151
31225000,62450.000011805234,54.900000011184595,-1810015.263553989,475656.012752677,-1334359.250801312,311.79311725703894,1636.074412390685,1.0216254670342333,151
31250000,62500.00001181542,54.95000001119478,-1809553.0567778384,473832.0061988052,-1335721.050579033,310.5974786567031,1635.370820937991,1.0220650046224404,151
31275000,62550.00001182561,55.00000001120497,-1804414.5804028912,475111.0387588345,-1329303.5416440566,311.435886115608,1637.9059085137856,1.0204830918389256,151
31300000,62600.00001183579,55.050000011215154,-1809137.1157011064,474089.4233860117,-1335047.6923150946,310.76621594811286,1634.553345429683,1.022576161454069,151
31325000,62650.00001184598,55.10000001122534,-1808630.853639412,473352.6629401607,-1335278.190699251,310.28326854510584,1635.529408076351,1.0219659013207816,151
31350000,62700.000011856166,55.15000001123553,-1809955.6760284745,471210.7796192741,-1338744.8964092,308.8792613224171,1637.2093339184637,1.0209172712575278,151
31375000,62750.00001186635,55.20000001124571,-1809328.8255616303,474944.1784251847,-1334384.647136446,311.32650895610533,1631.1718896177078,1.02469598470896,151
31400000,62800.00001187654,55.2500000112559,-1810319.064861862,471430.10748290905,-1338888.957378953,309.02303101410735,1634.7089100391886,1.0224788495349444,151
31425000,62850.000011886725,55.300000011266086,-1809370.9777783584,475362.7528713647,-1334008.2249069938,311.6008850343626,1632.715857104688,1.0237269873922836,151
31450000,62900.00001189691,55.35000001127627,-1809320.5552337,473589.7839020816,-1335730.7713316183,310.4387016352006,1634.7035401633425,1.0224822082996026,151
31475000,62950.0000119071,55.40000001128646,-1806846.905311799,470484.6855069725,-1336362.2198048262,308.40330571452654,1635.2099473955036,1.022165556370067,151
31500000,63000.00001191728,55.45000001129664,-1809247.0053486107,473310.3967245544,-1335936.6086240562,310.25556298738087,1633.6704002660313,1.0231288302641757,151
31525000,63050.00001192747,55.50000001130683,-1808975.6053649455,474315.478993276,-1334660.1263716698,310.9143956842513,1633.2330052537257,1.0234028336953238,151
31550000,63100.00001193766,55.55000001131702,-1808077.973686318,473760.21600685286,-1334317.757679465,310.5504200951856,1635.0182911200818,1.0222853742610725,151
31575000,63150.00001194784,55.600000011327204,-1805931.0697402095,474138.7531717632,-1331792.3165684466,310.79855168499137,1635.7368888463511,1.0218362727273531,151
31600000,63200.00001195803,55.65000001133739,-1808749.9279710476,474159.970216892,-1334589.9577541554,310.8124594848769,1632.0555873349924,1.0241411497452342,151
31625000,63250.000011968215,55.700000011347576,-1809151.1625855973,471881.289842861,-1337269.8727427365,309.3187816210359,1634.2784156736057,1.0227481863746353,151
31650000,63300.0000119784,55.75000001135776,-1809036.758245348,473103.6249977597,-1335933.1332475883,310.1200238592516,1634.576776491076,1.0225615031980833,151
31675000,63350.00001198859,55.80000001136795,-1808470.8988198943,471839.9808190894,-1336630.9180008052,309.2917035037678,1637.847548898248,1.0205194535875768,151
31700000,63400.00001199877,55.85000001137813,-1810136.5700811755,473109.9103817461,-1337026.6596994293,310.12414393639506,1636.5961653019033,1.021299769056381,151
31725000,63450.00001200896,55.90000001138832,-1809459.4304234227,474236.8680100883,-1335222.5624133344,310.86286608546226,1632.641916750178,1.0237733507347857,151
31750000,63500.00001201915,55.95000001139851,-1806882.428928092,473878.04305999615,-1333004.385868096,310.6276558773722,1635.9437667896518,1.0217070535018618,151
31775000,63550.00001202933,56.000000011408694,-1809617.2389395032,473995.5659405731,-1335621.67299893,310.70469227405744,1632.6978808066765,1.023738258810973,151
31800000,63600.00001203952,56.05000001141888,-1808273.175770792,474292.1083185794,-1333981.0674522128,310.8990761774635,1631.7748642639483,1.02431733829614,151
31825000,63650.000012049706,56.10000001142907,-1810261.4925288856,471344.9222186777,-1338916.570310208,308.96719196578886,1635.7097463625262,1.0218532287762891,151
31850000,63700.00001205989,56.15000001143925,-1810700.4329359855,471993.5152536599,-1338706.917682326,309.39234551958924,1633.6128417183654,1.023164879080665,151
31875000,63750.00001207008,56.20000001144944,-1807619.4246314308,473913.6846909497,-1333705.739940481,310.6510190114885,1631.864920985974,1.024260809927514,151
31900000,63800.000012080265,56.250000011459626,-1809535.3758224323,474179.3248266773,-1335356.050995755,310.8251464560419,1632.7413407953063,1.0237110091468795,151
31925000,63850.00001209045,56.30000001146981,-1810057.7720044348,471764.57379767264,-1338293.1982067623,309.2422741059672,1633.8420803313893,1.0230213224293832,151
31950000,63900.00001210064,56.35000001148,-1808133.6817434588,472752.8368212684,-1335380.8449221903,309.8900817664098,1631.7858008476048,1.0243104730983577,151
31975000,63950.00001211082,56.40000001149018,-1810726.490263992,474744.1004031047,-1335982.3898608873,311.1953575598727,1630.5916640212172,1.0250606099257256,151
32000000,64000.00001212101,56.45000001150037,-1810911.293152445,472861.659043936,-1338049.634108509,309.96141487084384,1637.0041049619017,1.0210452622538124,151
32025000,64050.0000121312,56.50000001151056,-1809747.230969792,473344.0608495917,-1336403.1701202006,310.2776298638708,1634.4640116086434,1.0226320517246152,151
32050000,64100.00001214138,56.550000011520744,-1809964.191601334,472142.2947001879,-1337821.8969011465,309.4898706347418,1631.980888084715,1.0241880268726704,151
32075000,64150.00001215157,56.60000001153093,-1809732.2735511356,473372.84884972585,-1336359.4247014094,310.2965004343268,1633.4555142911563,1.0232634259321878,151
32100000,64200.00001216176,56.650000011541124,-1809332.6925545863,474053.07484192896,-1335279.6177126577,310.74238943154734,1636.597892533918,1.021298691197448,151
32125000,64250.00001217194,56.7000000115513,-1807633.2314313687,474016.152081645,-1333617.0793497236,310.7181865155366,1637.8336745308295,1.020528098581313,151
32150000,64300.00001218213,56.75000001156149,-1811014.1794814467,473454.1686779131,-1337560.0108035335,310.34980568443507,1634.1436753838525,1.0228325151818587,151
32175000,64350.00001219232,56.80000001157168,-1806996.8054199836,474285.8865128237,-1332710.9189071597,310.89499777593056,1633.34139580315,1.0233349194211177,151
32200000,64400.0000122025,56.85000001158186,-1813033.788148024,472579.5128090418,-1340454.2753389822,309.7764676574345,1632.4842446849743,1.0238722309898545,151
32225000,64450.00001221269,56.90000001159205,-1809798.366271397,474068.723364017,-1335729.64290738,310.7526470575449,1634.9901537977446,1.022302967255764,151
32250000,64500.00001222288,56.95000001160224,-1805818.8007436804,473220.2278177024,-1332598.572925978,310.1964571550287,1636.137161637275,1.0215862855830342,151
32275000,64550.00001223306,57.00000001161242,-1807982.1232570875,472910.3521913153,-1335071.7710657725,309.9933332904652,1633.8160632211975,1.0230376131606798,151
32300000,64600.00001224325,57.05000001162261,-1807811.2424600115,472287.7378190111,-1335523.5046410004,309.5852087828692,1636.0438569510395,1.0216445473389362,151
32325000,64650.00001225343,57.100000011632794,-1809120.1127832057,473609.91342036345,-1335510.1993628424,310.45189655986405,1632.071282347246,1.0241313009671391,151
32350000,64700.00001226362,57.15000001164298,-1809468.032564994,471734.2626265904,-1337733.7699384035,309.2224050950306,1635.6329960041994,1.0219011781644816,151
32375000,64750.000012273806,57.20000001165317,-1807819.810026683,473938.0622272498,-1333881.747799433,310.6669985173294,1632.523000950217,1.0238479241569736,151
32400000,64800.00001228399,57.25000001166335,-1809713.325124488,475672.4919940895,-1334040.8331303988,311.8039194206031,1635.9190411159248,1.0217224958279274,151
32425000,64850.00001229418,57.30000001167354,-1807909.8810315093,473235.9974885964,-1334673.883542913,310.2067941942216,1635.6056097428998,1.021918288678484,151
32450000,64900.000012304365,57.350000011683726,-1808592.821143534,473734.1851834175,-1334858.6359601163,310.5333568575388,1634.108534886331,1.0228545105650888,151
32475000,64950.00001231455,57.40000001169391,-1810942.6541356808,473670.7338441903,-1337271.9202914904,310.4917644245172,1632.467460739378,1.0238827577637326,151
32500000,65000.00001232474,57.4500000117041,-1811593.525614764,473447.15833036246,-1338146.367284401,310.34521039275944,1632.5622234110726,1.023823326114368,151
32525000,65050.00001233493,57.50000001171429,-1810016.5484718236,475215.4610714535,-1334801.0874003698,311.5043350734467,1636.647597305588,1.0212676744908975,151
32550000,65100.00001234511,57.55000001172447,-1807017.7633714443,474701.05385484215,-1332316.709516602,311.16714049310576,1637.1512585304465,1.020953486705766,151
32575000,65150.000012355296,57.60000001173466,-1806334.7316459597,474024.5498528058,-1332310.1817931538,310.72369126514144,1637.9054835171994,1.020483356629437,151
32600000,65200.00001236548,57.650000011744844,-1809722.532636919,470807.932834861,-1338914.5998020582,308.6151947463168,1634.6600141116835,1.022509433908007,151
32625000,65250.00001237567,57.70000001175503,-1810478.182502539,473893.1825720728,-1336584.999930466,310.63757984666427,1637.1636247254544,1.0209457750087068,151
32650000,65300.000012385855,57.750000011765216,-1807738.658811164,473444.957391065,-1334293.701420099,310.3437676742695,1632.2119476540045,1.0240430405277896,151
32675000,65350.00001239604,57.8000000117754,-1807499.186395028,473456.1820331922,-1334043.0043618355,310.35112544136393,1635.687665549039,1.0218670231888969,151
32700000,65400.00001240623,57.85000001178559,-1807519.4055460496,473561.348884283,-1333958.0566617665,310.4200624451116,1637.0070111249845,1.0210434496018037,151
32725000,65450.000012416414,57.900000011795775,-1809571.6061027264,473403.4630779016,-1336168.1430248248,310.31656809957093,1634.2271521697776,1.0227802686072047,151
32750000,65500.0000124266,57.95000001180596,-1808759.5763348537,473034.98135423387,-1335724.5949806198,310.0750278642027,1635.954432676809,1.021700392306463,151
32775000,65550.00001238585,58.00000001176521,-1810836.0421732368,473656.2932303891,-1337179.7489428474,310.4822985839276,1635.2468931873177,1.022142462171874,151
32800000,65600.00001221414,58.0500000115935,-1809412.104137363,475651.4735397998,-1333760.630597563,311.7901417972636,1634.7632648267645,1.0224448527955614,151
32825000,65650.00001204242,58.100000011421784,-1807346.3740114127,472465.82304622047,-1334880.5509651927,309.7019438742805,1633.523280062318,1.0232209764391158,151
32850000,65700.00001187071,58.15000001125007,-1808592.302941004,473034.7667782657,-1335557.5361627382,310.0748872093845,1634.549806151768,1.022578375630236,151
32875000,65750.000011699,58.20000001107836,-1808463.5624278383,471424.9210455696,-1337038.6413822686,309.0196312978793,1633.269230620397,1.023380134961883,151
32900000,65800.00001152729,58.250000010906646,-1812881.051212851,474010.91018962086,-1338870.14102323,310.71475044869266,1631.6003258760877,1.0244269133520212,151
32925000,65850.00001135557,58.300000010734934,-1808201.2407464532,471751.8425932376,-1336449.398153216,309.2339287853766,1632.5953943134148,1.0238025241791888,151
32950000,65900.00001118386,58.35000001056322,-1808543.023874089,473747.0292461319,-1334795.9946279572,310.54177615687405,1632.1101431508737,1.024106916237014,151
32975000,65950.00001101215,58.40000001039151,-1808450.0450688964,473831.8636885132,-1334618.1813803832,310.5973852410266,1632.7990379288565,1.023674834951869,151
33000000,66000.00001084043,58.450000010219796,-1808856.1755540415,473437.482226994,-1335418.693327048,310.3388676947775,1635.7176664648732,1.0218482809895646,151
33025000,66050.00001066872,58.50000001004808,-1810857.215764628,473555.6303578701,-1337301.5854067577,310.4163139438237,1633.7805318336227,1.023059862137962,151
33050000,66100.00001049701,58.55000000987637,-1809054.9641715223,472110.064119252,-1336944.9000522704,309.46874344822135,1633.335668514917,1.0233385077429522,151
33075000,66150.0000103253,58.60000000970466,-1807891.1159505572,474773.9916319987,-1333117.1243185587,311.2149512981744,1633.380077918015,1.0233106845480262,151
33100000,66200.00001015358,58.650000009532945,-1811325.046767792,472937.31194661447,-1338387.734821177,310.01100544412213,1633.1903546477236,1.0234295597599965,151
33125000,66250.00000998187,58.70000000936123,-1807960.5546624856,473651.8420144307,-1334308.712648055,310.4793808062436,1632.9147274017837,1.023602309179324,151
33150000,66300.00000981016,58.75000000918952,-1807636.7514652435,471340.1182340651,-1336296.6332311782,308.96404294780643,1634.6889606837117,1.02249132762376,151
33175000,66350.00000963845,58.80000000901781,-1807594.3240077784,475944.3013422172,-1331650.0226655612,311.9820907916784,1634.4507262839202,1.0226403639965371,151
33200000,66400.00000946673,58.850000008846095,-1808860.4858888572,471646.8588044091,-1337213.6270844482,309.16511177917323,1637.9489625889175,1.0204562680753588,151
33225000,66450.00000929502,58.90000000867438,-1810294.585581502,474397.8262152503,-1335896.7593662515,310.968374392285,1630.16799205476,1.0253270177109732,151
33250000,66500.00000912331,58.95000000850267,-1809527.300065676,474615.5936047905,-1334911.7064608852,311.1111211912348,1634.5391401232791,1.0225850483674126,151
33275000,66550.0000089516,59.00000000833096,-1811224.7464638408,472475.2404221335,-1338749.5060417077,309.70811697608855,1632.621347270583,1.0237862493074292,151
33300000,66600.00000877988,59.050000008159245,-1810190.8689978188,473422.2326392367,-1336768.636358582,310.3288715707378,1635.5120606122398,1.0219767410554572,151
33325000,66650.00000860817,59.10000000798753,-1811511.3816831456,472972.4642642196,-1338538.917418926,310.0340478327203,1634.916693343353,1.0223489016087537,151
33350000,66700.00000843646,59.15000000781582,-1808895.8360113883,473466.7822470244,-1335429.053764364,310.3580738949222,1635.6824042294547,1.0218703101160946,151
33375000,66750.00000826475,59.20000000764411,-1808823.978880494,472857.0463537539,-1335966.93252674,309.9583912466022,1635.044414616917,1.022269040962417,151
33400000,66800.00000809303,59.250000007472394,-1808182.263499624,470952.2863572423,-1337229.977142382,308.7098186625999,1634.846524715988,1.022392781458042,151
33425000,66850.00000792132,59.30000000730068,-1806283.6403207164,473781.7443242437,-1332501.8959964728,310.564531934432,1634.360574854689,1.0226967729015377,151
33450000,66900.00000774961,59.35000000712897,-1807833.3715768624,471992.427503852,-1335840.9440730105,309.3916324982159,1632.6483695395073,1.023769304429484,151
33475000,66950.0000075779,59.40000000695726,-1809407.214808036,474272.1125599708,-1335135.102248065,310.8859689324348,1632.0400958417476,1.0241508709988625,151
33500000,67000.00000740618,59.450000006785544,-1809123.9591681317,470055.39168838575,-1339068.5674797455,308.12190307411475,1636.4268390033587,1.0214054461972568,151
33525000,67050.00000723447,59.50000000661383,-1809931.1594724825,474303.5103995092,-1335627.649072973,310.90655025591724,1633.9784760030664,1.0229359261512423,151
33550000,67100.00000706276,59.55000000644212,-1806641.4877584088,475555.758827461,-1331085.7289309483,311.7274006824088,1632.6404124003843,1.0237742940614465,151
33575000,67150.00000689104,59.600000006270406,-1810964.967833193,473585.43240946194,-1337379.535423731,310.4358492262911,1634.302836883419,1.022732903559552,151
33600000,67200.00000671933,59.65000000609869,-1809437.3786778224,472874.0905622024,-1336563.28811562,309.9695637467723,1633.8526672810638,1.023014693511444,151
33625000,67250.00000654762,59.70000000592698,-1808723.840496758,471819.248343596,-1336904.592153162,309.2781133398904,1633.7111695510382,1.023103298069956,151
33650000,67300.0000063759,59.75000000575527,-1809457.9912475515,470682.3888465555,-1338775.602400996,308.5329005033824,1633.1929254359463,1.0234279487925364,151
33675000,67350.0000062042,59.800000005583556,-1808795.002480534,474899.1171191647,-1333895.8853613692,311.2969712130832,1635.0873015527957,1.02224222772329,151
33700000,67400.00000603248,59.85000000541184,-1810425.7414460927,473867.1855263698,-1336558.555919723,310.62053875036383,1635.2184032924922,1.0221602706378166,151
33725000,67450.00000586077,59.90000000524013,-1809863.1690718075,474920.2354373737,-1334942.933634434,311.310814297348,1637.886549616744,1.0204951533746358,151
33750000,67500.00000568906,59.95000000506842,-1808618.831659262,473247.2398316877,-1335371.5918275744,310.2141635643204,1637.9930796950816,1.0204287834796837,151
33775000,67550.00000551734,60.000000004896705,-1810486.0969148756,474601.5987329903,-1335884.498181885,311.1019475350899,1636.4851079537546,1.0213690778716369,151
33800000,67600.00000534563,60.05000000472499,-1808152.699316656,473558.2023102174,-1334594.497006439,310.4179998618365,1635.4190966841709,1.0220348344043957,151
33825000,67650.00000517392,60.10000000455328,-1808350.8373193229,474004.3902989029,-1334346.44702042,310.71047665209045,1632.8132295926544,1.0236659376396515,151
33850000,67700.0000050022,60.15000000438157,-1809219.6713424905,474312.4328497413,-1334907.238492749,310.9123989333161,1635.8184620381496,1.0217853169225397,151
33875000,67750.0000048305,60.200000004209855,-1807120.475423989,474548.4033273975,-1332572.0720965911,311.06707787952195,1633.3714224615794,1.0233161072099686,151
33900000,67800.00000465878,60.25000000403814,-1809536.3105730368,474069.35501879343,-1335466.9555542434,310.7530611080488,1632.173661578308,1.0240670616171437,151
33925000,67850.00000448707,60.30000000386643,-1809193.3151616128,473422.9951054735,-1335770.3200561393,310.32937136831924,1631.8331413938322,1.0242807571818997,151
33950000,67900.00000431536,60.35000000369472,-1808568.841154147,473494.67349208624,-1335074.1676620608,310.3763566412954,1638.4199112747813,1.020162947336808,151
33975000,67950.00000414364,60.400000003523004,-1811915.7617202653,473309.50810134,-1338606.253618925,310.25498049374124,1632.5498490482432,1.0238310864662603,151
34000000,68000.00000397193,60.45000000335129,-1811499.9151734808,473931.184385962,-1337568.7307875191,310.66249008367646,1629.8477632509985,1.0255284716453523,151
34025000,68050.00000380022,60.50000000317958,-1807052.733938204,473885.7055198326,-1333167.0284183717,310.6326786294751,1635.5034438362495,1.0219821254187114,151
34050000,68100.0000036285,60.55000000300787,-1806686.8548872047,473376.8188312223,-1333310.0360559828,310.2991027622129,1633.3857564214052,1.023307126984745,151
34075000,68150.0000034568,60.600000002836154,-1810423.3062731333,473485.9835316907,-1336937.3227414428,310.37066036127806,1632.041916016969,1.0241497287892043,151
34100000,68200.00000328508,60.65000000266444,-1809225.0563858496,475491.64675205166,-1333733.409633798,311.685375135985,1637.5513345980455,1.0207040538803438,151
34125000,68250.00000311337,60.70000000249273,-1808647.988290852,474181.5664978272,-1334466.4217930248,310.8266158743125,1635.1587555564097,1.0221975572595898,151
34150000,68300.00000294166,60.750000002321016,-1806775.7714553447,473886.7339125531,-1332889.0375427916,310.6333527422025,1633.54444780191,1.0232077173721812,151
34175000,68350.00000276994,60.800000002149304,-1808463.117105349,472801.1877827046,-1335661.9293226444,309.9217758827131,1631.9566592041574,1.0242032325028143,151
34200000,68400.00000259823,60.85000000197759,-1807834.9956042424,473867.9310311544,-1333967.0645730875,310.62102742969194,1632.891570792408,1.0236168252434976,151
34225000,68450.00000242652,60.90000000180588,-1806230.3840390723,475032.783660204,-1331197.6003788684,311.3845897995957,1637.4737537098838,1.0207524132063304,151
34250000,68500.0000022548,60.950000001634166,-1809212.0956314057,473182.36339527846,-1336029.7322361274,310.1716369782956,1633.6404783947023,1.0231475699621797,151
34275000,68550.00000208309,61.00000000146245,-1807426.6546661137,473195.7400917919,-1334230.9145743218,310.180405419759,1633.642188810918,1.0231464987311558,151
34300000,68600.00000191138,61.05000000129074,-1807283.3781536613,473598.4404146784,-1333684.937738983,310.4443759901436,1635.03354168943,1.0222758390230506,151
34325000,68650.00000173967,61.10000000111903,-1808197.142881712,472703.3184030385,-1335493.8244786735,309.85762238070333,1634.3459947467943,1.0227058964465765,151
34350000,68700.00000156795,61.150000000947315,-1807848.5432386573,472312.6351845616,-1335535.908054096,309.60152903744046,1632.248496319128,1.024020110559562,151
34375000,68750.00000139624,61.2000000007756,-1809205.8838289808,474110.1545264733,-1335095.7293025076,310.7798052368752,1636.6753050242123,1.021250385174392,151
34400000,68800.00000122453,61.25000000060389,-1807528.890503291,473263.27331402857,-1334265.6171892623,310.22467353225005,1633.5769687799911,1.0231873475234472,151
34425000,68850.00000105282,61.30000000043218,-1808658.6365958315,473403.9996330453,-1335254.636962786,310.3169198121456,1636.791412897976,1.0211779414837248,151
34450000,68900.0000008811,61.350000000260465,-1807937.549022002,472423.3626017103,-1335514.186420292,309.67411099926375,1634.4570975687088,1.0226363776373937,151
34475000,68950.00000070939,61.40000000008875,-1810022.0524136715,473027.87761034194,-1336994.1748033294,310.0703713511074,1634.0662390201908,1.022880985940705,151
34500000,69000.00000053768,61.44999999991704,-1809603.1171053564,473535.007926843,-1336068.1091785133,310.402795914233,1636.53087998491,1.0213405112629494,151
34525000,69050.00000036597,61.49999999974533,-1808994.4983558056,472487.6372759486,-1336506.8610798572,309.7162431294253,1632.2448883582024,1.0240223740829906,151
34550000,69100.00000019425,61.549999999573615,-1808285.9212377423,472977.8809564649,-1335308.0402812776,310.03759848133006,1635.9350573887348,1.0217124928720305,151
34575000,69150.00000002254,61.5999999994019,-1809178.8790882053,471060.5251128561,-1338118.353975349,308.7807693036431,1633.200382089619,1.0234232761584512,151
34600000,69199.99999985083,61.64999999923019,-1808654.8352835616,472353.6486511176,-1336301.1866324442,309.6284134165803,1637.0889316819505,1.0209923561966383,151
34625000,69249.99999967912,61.69999999905848,-1809381.855312745,473752.72634357226,-1335629.128969173,310.54551061144343,1634.6169990899928,1.0225363412909003,151
34650000,69299.9999995074,61.749999998886764,-1810433.670948728,474498.7385596664,-1335934.9323890614,311.0345225615326,1635.7398256226577,1.02183443814186,151
34675000,69349.99999933569,61.79999999871505,-1809478.951285812,475557.894083311,-1333921.057202501,311.728800345316,1633.3225817005195,1.0233467071282216,151
34700000,69399.99999916398,61.84999999854334,-1809173.3464226592,472833.55397356383,-1336339.7924490953,309.94299196170965,1634.355788030531,1.0226997682527672,151
34725000,69449.99999899227,61.89999999837163,-1808202.332369077,474200.69738392846,-1334001.6349851484,310.8391561943201,1639.1928024276303,1.0196819331966207,151
34750000,69499.99999882055,61.949999998199914,-1807307.8409389036,474111.0947234721,-1333196.7462154313,310.7804215371956,1636.0578960611683,1.021635780546302,151
34775000,69549.99999864884,61.9999999980282,-1809301.521738438,472826.12557434425,-1336475.3961640936,309.93812263663693,1634.446919771308,1.022642745654452,151
34800000,69599.99999847713,62.04999999785649,-1807123.200714306,472941.79428154114,-1334181.4064327648,310.01394362032914,1635.143509949891,1.0222070879348164,151
34825000,69649.99999830541,62.099999997684776,-1805839.7150779115,472706.99494062527,-1333132.7201372862,309.86003235573605,1636.6935100910732,1.0212390257283936,151
34850000,69699.9999981337,62.14999999751306,-1808892.2326357048,472648.450882037,-1336243.781753668,309.82165665137256,1634.3394703965184,1.02270997913051,151
34875000,69749.99999796199,62.19999999734135,-1809966.856877204,471113.7681703084,-1338853.0887068957,308.8156701950652,1634.0039343816115,1.022919988435618,151
34900000,69799.99999779028,62.24999999716964,-1808656.0462718892,472890.2186209511,-1335765.8276509384,309.9801357096567,1635.615633531829,1.0219120259031604,151
34925000,69849.99999761856,62.299999996997926,-1810093.4133835817,473200.4576758063,-1336892.9557077754,310.18349780204016,1634.1534838730945,1.0228263759533094,151
34950000,69899.99999744685,62.34999999682621,-1809139.8540883225,474039.1605911576,-1335100.6934971646,310.7332686225888,1635.045812890658,1.022268166728836,151
34975000,69949.99999727514,62.3999999966545,-1808025.1550100732,474547.857673589,-1333477.2973364843,311.06672020276113,1636.4441749252956,1.0213946257822666,151
35000000,69999.99999710343,62.44999999648279,-1809991.0264106505,473545.5592560978,-1336445.4671545527,310.4097123238891,1634.2253128727357,1.0227814197316598,151
35025000,70049.99999693171,62.499999996311075,-1808362.205499269,473616.6824492423,-1334745.5230500267,310.45633366684547,1638.204073942457,1.020297356262162,151
35050000,70099.99999676,62.54999999613936,-1809356.5061557293,474105.292040658,-1335251.214115071,310.77661787128034,1634.4112178315895,1.0226650841756642,151
35075000,70149.99999658829,62.59999999596765,-1809249.7894508883,474969.9249367344,-1334279.864514154,311.34338582695176,1633.6138589016562,1.0231642419985212,151
35100000,70199.99999641658,62.64999999579594,-1806732.885438894,472497.8320444672,-1334235.0533944268,309.72292581306834,1634.128715719655,1.0228418787226925,151
35125000,70249.99999624486,62.699999995624225,-1807208.604110272,474728.5518397443,-1332480.0522705277,311.18516545694746,1636.2129940332134,1.0215389388525191,151
35150000,70299.99999607315,62.74999999545251,-1810278.5865897264,473520.8370802748,-1336757.749509452,310.39350690640555,1634.0822180272437,1.0228709836150518,151
35175000,70349.99999590144,62.7999999952808,-1808406.1640080744,474499.51651664975,-1333906.6474914248,311.035032513318,1635.0988224884347,1.0222350249862129,151
35200000,70399.99999572973,62.84999999510909,-1809279.5085733552,473429.9598660431,-1335849.548707312,310.3339367776712,1633.5552034252871,1.0232009803872162,151
35225000,70449.99999555801,62.899999994937374,-1808915.3096505776,471973.3936642133,-1336941.9159863642,309.3791557922873,1636.389455691319,1.0214287802015072,151
35250000,70499.9999953863,62.94999999476566,-1807508.774039683,473900.0852203521,-1333608.688819331,310.64210454133143,1635.2733952437854,1.0221258968211937,151
35275000,70549.99999521459,62.99999999459395,-1809415.8374309195,472978.2771650773,-1336437.5602658424,310.037858196576,1631.601957205672,1.024425889096121,151
35300000,70599.99999504288,63.04999999442224,-1809545.0644466951,473278.4146847167,-1336266.6497619783,310.23459871986427,1632.219848051383,1.0240380838750676,151
35325000,70649.99999487116,63.099999994250524,-1808728.909615707,474051.4230239705,-1334677.4865917363,310.7413066627888,1635.772041876275,1.0218143132854796,151
35350000,70699.99999469945,63.14999999407881,-1807579.04278846,472917.61410767614,-1334661.4286807838,309.9980934858137,1636.254865109105,1.0215127980994207,151
35375000,70749.99999452774,63.1999999939071,-1807852.6589448813,472702.79366350855,-1335149.865281373,309.8572784132785,1636.8167318467383,1.0211621454868518,151
35400000,70799.99999435603,63.249999993735386,-1809330.9303444296,472076.6397260517,-1337254.2906183782,309.4468337162535,1635.0774907727205,1.022248361373674,151
35425000,70849.99999418431,63.299999993563674,-1811777.6020677965,476312.1387823474,-1335465.463285449,312.22320869837387,1629.3258563854808,1.0258569696852244,151
35450000,70899.9999940126,63.34999999339196,-1805091.9706395331,471023.32475111954,-1334068.6458884138,308.75638441952947,1634.7484442185191,1.0224541222673684,151
35475000,70949.99999384089,63.39999999322025,-1806926.0686028933,472999.0952920651,-1333926.9733108284,310.0515045051161,1635.079108490413,1.022247349979637,151
35500000,70999.99999366917,63.449999993048536,-1808491.62084053,473782.0924474396,-1334709.5283930902,310.5647601296267,1632.504539229553,1.0238595026818251,151
35525000,71049.99999349746,63.49999999287682,-1811374.6180299008,473272.3748023331,-1338102.2432275678,310.23063956933163,1634.3409224095528,1.022709070514566,151
35550000,71099.99999332575,63.54999999270511,-1806055.0605004467,473877.96040319983,-1332177.100097247,310.62760169573784,1636.6776187880234,1.0212489414373016,151
35575000,71149.99999315404,63.5999999925334,-1809184.2135880403,473643.20856655913,-1335541.0050214813,310.4737215702572,1633.8204488044914,1.0230348670714946,151
35600000,71199.99999298232,63.649999992361685,-1810255.5479069604,471300.0324497536,-1338955.5154572069,308.93776666554976,1635.284106013546,1.0221192021097931,151
35625000,71249.99999281061,63.69999999218997,-1808601.544375943,473972.8757969869,-1334628.668578956,310.6898188562721,1635.0738509406374,1.022250636997115,151
35650000,71299.9999926389,63.74999999201826,-1807442.259844914,472369.6322300954,-1335072.6276148187,309.6388906727924,1634.0224066702526,1.0229084245346545,151
35675000,71349.99999246719,63.79999999184655,-1808014.3517864,473504.5775434796,-1334509.7742429206,310.3828487594955,1632.4320838552644,1.0239049466082335,151
35700000,71399.99999229547,63.849999991674835,-1807452.956238227,474911.3913591742,-1332541.5648790528,311.30501699291545,1635.651555490975,1.021889582808895,151
35725000,71449.99999212376,63.89999999150312,-1808151.823432467,473031.9934888613,-1335119.8299436057,310.07306931467645,1634.2033900044262,1.0227951403630764,151
35750000,71499.99999195205,63.94999999133141,-1807833.3128836327,470579.6238977589,-1337253.6889858744,308.46553794962296,1634.5641038918177,1.0225694310071651,151
35775000,71549.99999178034,63.9999999911597,-1810991.7227959428,471604.2364093795,-1339387.4863865632,309.13717274538635,1634.381734565111,1.0226835324405692,151
35800000,71599.99999160862,64.04999999098798,-1806343.8581373272,471736.96507567127,-1334606.893061656,309.2241765538171,1637.7166382950422,1.020601028637942,151
35825000,71649.99999143691,64.09999999081627,-1809463.2812115457,473833.1299670686,-1335630.1512444771,310.5982152882194,1631.235365698607,1.0246561108277348,151
35850000,71699.9999912652,64.14999999064456,-1808871.5585876908,472677.50829728047,-1336194.0502904104,309.84070382377297,1637.4528873432243,1.0207654208441606,151
35875000,71749.99999109349,64.19999999047285,-1808831.600766212,471912.5955268518,-1336919.00523936,309.3393025364404,1635.411489123337,1.0220395886770837,151
35900000,71799.99999092177,64.24999999030113,-1810443.5367513916,472519.77446193306,-1337923.7622894584,309.7373090954371,1636.6210402283643,1.0212842463690723,151
35925000,71849.99999075006,64.29999999012942,-1806999.494025607,472929.616206439,-1334069.8778191677,310.00596087671505,1637.393932653088,1.020802173703621,151
35950000,71899.99999057835,64.34999998995771,-1808873.398425776,476031.9260551031,-1332841.4723706725,312.03952890167164,1637.5543346573195,1.0207021839132848,151
35975000,71949.99999040664,64.399999989786,-1808538.6320506984,473053.8954699801,-1335484.7365807183,310.0874260909686,1637.1914888683173,1.0209283990455873,151
36000000,71999.99999023492,64.44999998961428,-1807675.7825354224,473656.9148379042,-1334018.8676975183,310.482706048439,1635.886805878867,1.0217426289243872,151
36025000,72049.99999006321,64.49999998944257,-1807574.719054291,472820.8414752095,-1334753.8775790816,309.93465890297864,1634.0796433095709,1.02287259528925,151
36050000,72099.9999898915,64.54999998927086,-1810218.5260779727,473253.2109184617,-1336965.315159511,310.2180776192441,1633.1230650574666,1.0234717281410612,151
36075000,72149.99998971978,64.59999998909915,-1809020.3011261057,473600.9485701432,-1335419.3525559625,310.4460200892193,1634.5501114932092,1.0225781846079158,151
36100000,72199.99998954807,64.64999998892743,-1809107.043030999,473546.8092677129,-1335560.233763286,310.4105317080819,1634.1209736508736,1.022846724699401,151
36125000,72249.99998937636,64.69999998875572,-1807781.1816628752,474550.7020216784,-1333230.4796411968,311.06858467652705,1639.3009438653223,1.019614666798308,151
36150000,72299.99998920465,64.74999998858401,-1806212.6667597769,473874.211754772,-1332338.455005005,310.6251444519577,1635.8630088364937,1.0217574923038415,151
36175000,72349.99998903293,64.7999999884123,-1809860.821549424,472704.9113587548,-1337155.9101906691,309.8586665651877,1639.0409950290673,1.0197763757774407,151
36200000,72399.99998886122,64.84999998824058,-1807708.5617063623,473768.16272706445,-1333940.3989792978,310.55562918032336,1636.9057288753309,1.0211066258591444,151
36225000,72449.99998868951,64.89999998806887,-1810254.068177267,471668.63376585615,-1338585.4344114107,309.1793852939102,1634.4615479015677,1.0226335931899528,151
36250000,72499.9999885178,64.94999998789716,-1808811.9389082417,473317.6900561598,-1335494.2488520818,310.26034377546193,1635.16343305121,1.0221946331948373,151
36275000,72549.99998834608,64.99999998772545,-1807557.3825973924,472264.68445955456,-1335292.698137838,309.57009727662205,1633.383967574977,1.0233082476883486,151
36300000,72599.99998817437,65.04999998755373,-1809387.777072193,472984.619487644,-1336403.1575845492,310.04201559703074,1631.1847977921889,1.024687875906954,151
36325000,72649.99998800266,65.09999998738202,-1810131.070433654,472511.3396109346,-1337619.7308227192,309.7317800399519,1633.905872363758,1.0229813809551416,151
36350000,72699.99998783095,65.14999998721031,-1810008.748332601,471868.4853025236,-1338140.263030077,309.31038822866867,1637.076014173946,1.0210004124364338,151
36375000,72749.99998765923,65.1999999870386,-1809513.13539158,472201.9861884504,-1337311.1492031296,309.5289984807064,1633.5378227292354,1.023211867153958,151
36400000,72799.99998748752,65.24999998686688,-1807030.2887573456,474370.2781362666,-1332660.010621079,310.9503165917096,1634.0288870412485,1.0229043677972622,151
36425000,72849.99998731581,65.29999998669517,-1810141.151726571,475658.120844638,-1334483.030881933,311.79449911398257,1634.2297521074042,1.022778641440094,151
36450000,72899.9999871441,65.34999998652346,-1807699.4795805216,472216.3619070274,-1335483.1176734942,309.5384217823945,1634.3132989235255,1.022726356545181,151
36475000,72949.99998697238,65.39999998635174,-1808028.671753576,474316.06805639487,-1333712.6036971812,310.9147818158699,1631.5477512839173,1.0244599242321106,151
36500000,72999.99998680067,65.44999998618003,-1810759.617591992,472291.6623687067,-1338467.9552232854,309.5877813301525,1633.0429789824364,1.023521920227042,151
36525000,73049.99998662896,65.49999998600832,-1808367.5092070848,471788.9461790837,-1336578.563028001,309.2582502327718,1634.5955714392678,1.0225497455555133,151
36550000,73099.99998645725,65.5499999858366,-1806509.6789290116,472836.3492887085,-1333673.3296403028,309.9448242943183,1637.5157323088788,1.0207262456676731,151
36575000,73149.99998628553,65.5999999856649,-1804979.88611863,473109.7097917477,-1331870.176326882,310.1240124493977,1636.0614072963815,1.0216335879614076,151
36600000,73199.99998611382,65.64999998549318,-1808009.02647248,472230.6524219047,-1335778.3740505753,309.5477892329498,1632.3620461709545,1.0239488779968506,151
36625000,73249.99998594211,65.69999998532147,-1807619.4372202076,472930.7820945325,-1334688.655125675,310.0067251178332,1634.493124598199,1.0226138369791429,151
36650000,73299.9999857704,65.74999998514976,-1810517.3137951987,473670.1885914278,-1336847.1252037708,310.49140701064255,1631.708024994526,1.024359297164699,151
36675000,73349.99998559868,65.79999998497804,-1807921.4213229816,473903.9418532461,-1334017.4794697356,310.6446325690656,1636.4664271055055,1.021380737164143,151
36700000,73399.99998542697,65.84999998480633,-1809854.100000257,474209.9264926012,-1335644.1735076555,310.8452058867142,1634.897942727087,1.022360626910647,151
36725000,73449.99998525526,65.89999998463462,-1807958.1046303045,474914.48039180937,-1333043.6242384952,311.3070418577102,1635.7810547087984,1.0218086832891855,151
36750000,73499.99998508354,65.9499999844629,-1808249.055541737,473027.604831692,-1335221.4507100452,310.07019254435767,1637.5752141285188,1.020689169719086,151
36775000,73549.99998491183,65.9999999842912,-1807965.437272666,471788.3303985026,-1336177.1068741635,309.25784658782294,1638.433802411995,1.0201542980868592,151
36800000,73599.99998474012,66.04999998411948,-1809080.6522041764,472203.1011567399,-1336877.5510474364,309.52972934382865,1634.2681263166296,1.0227546256002535,151
36825000,73649.9999845684,66.09999998394777,-1810157.66335381,473384.76979873615,-1336772.893555074,310.3043146314627,1630.6661239934513,1.025013803296563,151
36850000,73699.9999843967,66.14999998377606,-1809435.924778093,473444.9869029942,-1335990.9378750983,310.34378701937635,1636.3014064291451,1.0214837432114432,151
36875000,73749.99998422498,66.19999998360434,-1805611.7339595752,472898.59200222354,-1332713.1419573517,309.98562447165887,1637.467119043657,1.020756549076592,151
36900000,73799.99998405327,66.24999998343263,-1809629.8060845009,474820.1873659501,-1334809.6187185503,311.2452326601388,1634.1186583580463,1.022848173914654,151
36925000,73849.99998388156,66.29999998326092,-1807562.6169590224,473203.5112766504,-1334359.105682372,310.1854994412511,1635.4221688720345,1.0220329144823872,151
36950000,73899.99998370984,66.3499999830892,-1807764.8776661884,474065.8078446316,-1333699.0698215568,310.75073593090457,1633.9684412785373,1.0229422083290194,151
36975000,73949.99998353813,66.39999998291749,-1804611.8874719124,473676.0159437973,-1330935.8715281151,310.49522684748246,1635.0735015089638,1.022250855462371,151
37000000,73999.99998336642,66.44999998274578,-1809502.754364755,473870.9877543287,-1335631.7666104264,310.62303111559424,1633.6701823561832,1.0231289667359376,151
37025000,74049.9999831947,66.49999998257407,-1808457.9386765887,473448.4481662364,-1335009.490510353,310.3460558818042,1633.3450445524843,1.0233326333808113,151
37050000,74099.999983023,66.54999998240235,-1805338.7445603088,473544.4951231512,-1331794.2494371575,310.4090147833983,1637.4099140276523,1.020792210516178,151
37075000,74149.99998285128,66.59999998223064,-1811440.595136798,474252.3592346457,-1337188.2359021525,310.8730206027297,1636.4478430986114,1.0213923362791046,151
37100000,74199.99998267957,66.64999998205893,-1808948.242636716,474075.50055185496,-1334872.742084861,310.75708951273435,1635.745463553965,1.021830916180468,151
37125000,74249.99998250786,66.69999998188722,-1807671.935272833,476660.1161885148,-1331011.8190843186,312.4513083277175,1634.1682449857055,1.022817136968668,151
37150000,74299.99998233614,66.7499999817155,-1808571.396824836,472831.02456974814,-1335740.3722550876,309.9413339343131,1637.9518062017014,1.0204544964832534,151
37175000,74349.99998216443,66.79999998154379,-1808205.4186454865,472576.60072242346,-1335628.8179230627,309.7745587809774,1632.453768613443,1.0238913455301564,151
37200000,74399.99998199272,66.84999998137208,-1806638.7074774771,472023.6970432991,-1334615.0104341782,309.4121297208265,1633.607815395349,1.0231680271784718,151
37225000,74449.999981821,66.89999998120037,-1805798.918976957,475616.1042882599,-1330182.814688697,311.7669572081971,1633.1040948740092,1.0234836168176662,151
37250000,74499.9999816493,66.94999998102865,-1809311.742790658,475109.2635308167,-1334202.4792598414,311.43472245139964,1634.4738980759178,1.0226258661144778,151
37275000,74549.99998147758,66.99999998085694,-1808472.1275128808,473236.2296239511,-1335235.8978889296,310.20694635923985,1635.07442277845,1.0222502794833772,151
37300000,74599.99998130587,67.04999998068523,-1808399.8588063864,472317.47633931576,-1336082.3824670708,309.60470242049763,1636.1258923772705,1.021593322035133,151
37325000,74649.99998113415,67.09999998051352,-1810888.6806073776,472558.3594615682,-1338330.3211458093,309.7626016114425,1630.7039285999165,1.0249900404032657,151
37350000,74699.99998096244,67.1499999803418,-1808356.5234775648,473155.5019358236,-1335201.021541741,310.1540292576888,1634.3585194113812,1.0226980590913255,151
37375000,74749.99998079073,67.19999998017009,-1811178.8246354405,475717.05098839273,-1335461.7736470478,311.8331278976604,1635.3311294009657,1.0220898114216534,151
37400000,74799.99998061902,67.24999997999838,-1811164.36439142,474212.3190536907,-1336952.0453377294,310.8467742135309,1636.7123881882935,1.021227246597404,151
37425000,74849.9999804473,67.29999997982667,-1810765.4555138368,475236.3734579419,-1335529.082055895,311.51804316920857,1635.3038953928672,1.022106833091008,151
37450000,74899.99998027559,67.34999997965495,-1809464.1534964496,472884.737431183,-1336579.4160652668,309.97654278283926,1633.064021173198,1.023508732046288,151
37475000,74949.99998010388,67.39999997948324,-1809812.644073017,476638.7519745339,-1333173.8920984832,312.43730405846355,1634.8412287736062,1.022396093420798,151
37500000,74999.99997993217,67.44999997931153,-1811566.700374959,473209.9580667588,-1338356.7423082003,310.18972532031137,1631.401103311188,1.024552013768354,151
37525000,75049.99997976045,67.49999997913982,-1808341.0075227425,472734.69012839656,-1335606.3173943458,309.87818658630755,1632.6965542354717,1.023739090601603,151
37550000,75099.99997958874,67.5499999789681,-1808858.9103416863,473339.3653099063,-1335519.5450317804,310.27455193167515,1632.5557231078628,1.0238274026441665,151
37575000,75149.99997941703,67.59999997879639,-1809602.008900449,473732.9293749299,-1335869.0795255187,310.5325336734888,1636.4726949038045,1.0213768252085893,151
37600000,75199.99997924532,67.64999997862468,-1806954.965769602,469888.9923890665,-1337065.9733805354,308.01282812319823,1638.6000649580683,1.0200507868917754,151
37625000,75249.9999790736,67.69999997845296,-1805420.793732857,472415.4433522633,-1333005.350380594,309.66891992124675,1633.9416650648686,1.0229589717910978,151
37650000,75299.99997890189,67.74999997828125,-1806213.1833212515,473760.0414787948,-1332453.1418424568,310.55030569182304,1639.4372290379251,1.019529907004891,151
37675000,75349.99997873018,67.79999997810954,-1807482.689294502,472857.6155399916,-1334625.0737545106,309.9587643489001,1634.8991821923792,1.022359851828901,151
37700000,75399.99997855847,67.84999997793783,-1808878.9658855032,472232.3575043775,-1336646.6083811256,309.54890691666475,1632.4871810231243,1.023870389361248,151
37725000,75449.99997838675,67.89999997776611,-1806911.115719595,472556.5177069974,-1334354.5980125975,309.76139433899465,1637.774145210759,1.0205651924284709,151
37750000,75499.99997821504,67.9499999775944,-1806739.4266295896,471852.57819005375,-1334886.848439536,309.2999610963492,1635.6470342641933,1.0218924074981175,151
37775000,75549.99997804333,67.99999997742269,-1809821.889380604,475218.585399288,-1334603.303981316,311.5063830742892,1634.8091138604752,1.022416177821752,151
37800000,75599.99997787162,68.04999997725098,-1809820.2253155457,474078.7591135068,-1335741.4662020388,310.7592255040136,1634.6333018202567,1.022526143202963,151
37825000,75649.9999776999,68.09999997707926,-1806761.2823193287,473761.0894779053,-1333000.1928414234,310.55099265656384,1634.6889791418628,1.022491316078261,151
37850000,75699.99997752819,68.14999997690755,-1809159.1812849585,472080.73958516127,-1337078.4416997973,309.4495211790792,1636.18825750801,1.0215543828722349,151
37875000,75749.99997735648,68.19999997673584,-1808717.114979268,472593.3175892143,-1336123.7973900535,309.7855167082772,1634.053600262463,1.0228888975202048,151
37900000,75799.99997718477,68.24999997656413,-1809857.1128284056,473978.90649243793,-1335878.2063359676,310.6937719847589,1635.7923508440451,1.021801627082402,151
37925000,75849.99997701305,68.29999997639241,-1809750.8318862545,472813.5528304758,-1336937.2790557784,309.929881187148,1635.7318263981474,1.021839435222036,151
37950000,75899.99997684134,68.3499999762207,-1809956.4306643328,472863.204712979,-1337093.2259513536,309.96242805885413,1635.4468716599083,1.0220174770733683,151
37975000,75949.99997666963,68.39999997604899,-1809636.2884627385,472798.0869067519,-1336838.201555987,309.9197432546088,1636.475205329841,1.0213752583709332,151
38000000,75999.99997649791,68.44999997587728,-1807385.7095239495,473554.73973588046,-1333830.9697880694,310.4157301399844,1636.4298426903467,1.0214035713950698,151
38025000,76049.9999763262,68.49999997570556,-1809571.7152243843,472966.6863693252,-1336605.0288550593,310.0302604153178,1634.5012254012418,1.0226087687704724,151
38050000,76099.99997615449,68.54999997553385,-1809059.0258330144,475152.5174882827,-1333906.5083447318,311.4630754751614,1633.6887076365406,1.0231173649228982,151
38075000,76149.99997598278,68.59999997536214,-1807558.7607296165,473827.6298303831,-1333731.1308992333,310.5946099416737,1637.217244136738,1.0209123386937615,151
38100000,76199.99997581106,68.64999997519043,-1810068.3668087777,474221.7788838426,-1335846.5879249352,310.85297514414606,1634.9246797795083,1.0223439075412395,151
38125000,76249.99997563935,68.69999997501871,-1808299.846138725,475545.4894822567,-1332754.3566564685,311.7206691136541,1636.5372593469556,1.0213365299903836,151
38150000,76299.99997546764,68.749999974847,-1808917.4510584755,474088.0930425836,-1334829.3580158916,310.765343906315,1635.0634090642388,1.022257165315675,151
38175000,76349.99997529593,68.79999997467529,-1807690.6912821503,474320.126012572,-1333370.5652695782,310.91744181127046,1635.3561747762749,1.0220741581815085,151
38200000,76399.99997512421,68.84999997450358,-1810375.391625925,471847.5629516764,-1338527.8286742484,309.29667360125705,1636.0033579380176,1.021669837993522,151
38225000,76449.9999749525,68.89999997433186,-1811374.900994208,472333.8782407698,-1339041.022753438,309.61545388762136,1634.7766727529486,1.0224364670231545,151
38250000,76499.99997478079,68.94999997416015,-1808368.990496317,472773.3921161152,-1335595.5983802015,309.90355578814945,1637.390904591475,1.0208040614946596,151
38275000,76549.99997460908,68.99999997398844,-1806324.0878013757,472440.015182386,-1333884.0726189895,309.68502678693386,1635.664844545956,1.0218812804070332,151
38300000,76599.99997443736,69.04999997381672,-1809277.2971292809,475222.7705281503,-1334054.5266011306,311.5091264315455,1634.9221964034462,1.0223454604373914,151
38325000,76649.99997426565,69.09999997364501,-1809118.4712143333,474586.5989637533,-1334531.8722505802,311.0921151674059,1634.7422188175003,1.022458015961959,151
38350000,76699.99997409394,69.1499999734733,-1807599.204709488,474119.5346794854,-1333479.6700300025,310.7859539390245,1638.1389953568091,1.0203378897633326,151
38375000,76749.99997392223,69.19999997330159,-1811069.9152112885,470244.5470011672,-1340825.368210121,308.24589462060345,1635.2694197826795,1.022128381684971,151
38400000,76799.99997375051,69.24999997312987,-1808503.178001945,473025.2657443404,-1335477.9122576043,310.0686592696438,1634.2913875423797,1.0227400685106096,151
38425000,76849.9999735788,69.29999997295816,-1810023.491200026,474224.4035431234,-1335799.0876569026,310.8546956116204,1638.8327882297235,1.0199059340684218,151
38450000,76899.99997340709,69.34999997278645,-1808078.7891779104,473946.9171634909,-1334131.8720144196,310.67280293922187,1638.8495240911486,1.0198955188325334,151
38475000,76949.99997323538,69.39999997261474,-1808869.2981205157,471489.3913059593,-1337379.906814556,309.0618916350102,1631.940324536032,1.024213484115355,151
38500000,76999.99997306366,69.44999997244302,-1810561.7950282432,473306.6250615228,-1337255.1699667205,310.2530906574989,1632.668431072243,1.0237567247892927,151
38525000,77049.99997289195,69.49999997227131,-1808485.2205069903,474676.5405479717,-1333808.6799590187,311.1510719894844,1637.029758758477,1.0210292615138674,151
38550000,77099.99997272024,69.5499999720996,-1809656.4160931304,472533.60212693457,-1337122.813966196,309.7463731473141,1634.9131830630745,1.0223510966679314,151
38575000,77149.99997254852,69.59999997192789,-1810371.7976822425,472474.75733614713,-1337897.040346095,309.7078003126142,1633.3415285117462,1.0233348362754078,151
38600000,77199.99997237681,69.64999997175617,-1808266.437826354,473178.5404936586,-1335087.8973326953,310.1691310614543,1633.4722136213734,1.0232529648948303,151
38625000,77249.9999722051,69.69999997158446,-1810916.5943018133,473209.8250206676,-1337706.7692811457,310.18963810843053,1634.1264407819735,1.0228433026648514,151
38650000,77299.99997203339,69.74999997141275,-1810438.7952271104,475313.7837654929,-1335125.0114616174,311.56878572360085,1630.306740538785,1.025239756482273,151
38675000,77349.99997186167,69.79999997124104,-1809810.726469036,472760.50483229966,-1337050.2216367363,309.8951081573278,1633.763863260756,1.0230702999669792,151
38700000,77399.99997168996,69.84999997106932,-1808079.778465433,473655.6123579778,-1334424.1661074553,310.4818522712019,1635.0620344335332,1.022258024748564,151
38725000,77449.99997151825,69.89999997089761,-1810735.202525001,475611.4906236628,-1335123.7119013383,311.76393294522524,1634.6454466144062,1.0225185462225004,151
38750000,77499.99997134654,69.9499999707259,-1811870.363033388,471724.55759427615,-1340145.8054391118,309.21604343408814,1634.5278384488695,1.0225921188638587,151
38775000,77549.99997117482,69.99999997055419,-1807795.2346070816,474423.7572828573,-1333371.4773242243,310.98537223986017,1635.4146767576926,1.0220375965899684,151
38800000,77599.99997100311,70.04999997038247,-1811463.321441872,470834.1210327726,-1340629.2004090997,308.6323611431314,1635.9867088752335,1.021680235293931,151
38825000,77649.9999708314,70.09999997021076,-1808911.255706597,473466.84001512657,-1335444.4156914705,310.3581117619862,1635.226873844249,1.022154975799764,151
38850000,77699.99997065969,70.14999997003905,-1808944.950647236,473953.5628464885,-1334991.3878007473,310.6771591928224,1634.9868776672336,1.0223050157113134,151
38875000,77749.99997048797,70.19999996986733,-1807252.1625916604,475560.9939507679,-1331691.1686408925,311.73083231235,1635.3551508842509,1.022074798099741,151
38900000,77799.99997031626,70.24999996969562,-1808362.2856777404,472385.31178700406,-1335976.9738907362,309.6491686421541,1631.6518338593703,1.024394574244356,151
38925000,77849.99997014455,70.29999996952391,-1806805.210137836,474220.59640901606,-1332584.6137288196,310.8522000304035,1637.431348470681,1.020778848055211,151
38950000,77899.99996997284,70.3499999693522,-1810070.7005957856,473880.2029399593,-1336190.4976558266,310.6290716814167,1635.1607569082323,1.022196306142881,151
38975000,77949.99996980112,70.39999996918048,-1808051.970944577,473040.3048655212,-1335011.6660790558,310.07851743257675,1636.622877470685,1.0212830998944236,151
39000000,77999.99996962941,70.44999996900877,-1808590.9511041504,473106.2559743072,-1335484.695129843,310.12174846770216,1636.8021777218944,1.021171225460934,151
39025000,78049.9999694577,70.49999996883706,-1809162.0295900488,471864.9232546264,-1337297.1063354225,309.30805330177213,1636.221489362914,1.0215336349800643,151
39050000,78099.99996928599,70.54999996866535,-1808675.6751401436,472688.85442934977,-1335986.8207107936,309.848141227678,1632.9493183374425,1.02358062610489,151
39075000,78149.99996911427,70.59999996849363,-1807833.436471711,474110.4614976513,-1333722.9749740595,310.78000645687007,1635.715946488515,1.0218493554761758,151
39100000,78199.99996894256,70.64999996832192,-1809982.9889448157,472736.142352392,-1337246.8465924235,309.87913852097114,1633.9520278306682,1.022952484033767,151
39125000,78249.99996877085,70.69999996815021,-1808156.9214774352,475337.8086216084,-1332819.1128558267,311.58453404713526,1633.8085277427583,1.0230423316315078,151
39150000,78299.99996859914,70.7499999679785,-1807570.703152568,472774.9187170434,-1334795.7844355246,309.90455647698644,1637.0949171858365,1.0209886232709229,151
39175000,78349.99996842742,70.79999996780678,-1809513.486668447,473200.6748576609,-1336312.811810786,310.1836401650202,1635.5171693065756,1.021973548813342,151
39200000,78399.99996825571,70.84999996763507,-1810429.906419516,473503.1163971089,-1336926.7900224067,310.3818909762037,1632.252129013924,1.0240178315289756,151
39225000,78449.999968084,70.89999996746336,-1808717.0618795168,472833.8939291352,-1335883.1679503815,309.9432148030162,1635.6714709021553,1.0218771406091105,151
39250000,78499.99996791228,70.94999996729165,-1809094.110811593,472009.7207489665,-1337084.3900626265,309.4029682422352,1633.9461467538763,1.022956165955674,151
39275000,78549.99996774057,70.99999996711993,-1811069.047026228,475467.8168918955,-1335601.2301343326,311.66975463254823,1633.5470814302516,1.023206067741831,151
39300000,78599.99996756886,71.04999996694822,-1810621.930392894,473957.8905858678,-1336664.0398070265,310.6799960314528,1637.870502046619,1.0205051520085422,151
39325000,78649.99996739715,71.09999996677651,-1810945.567063196,473633.9797938213,-1337311.5872693744,310.4676720980688,1632.343311769318,1.0239606298565225,151
39350000,78699.99996722543,71.1499999666048,-1808501.227862049,473357.8247145752,-1335143.4031474737,310.2866520947554,1635.147315905149,1.0222047086541215,151
39375000,78749.99996705372,71.19999996643308,-1812913.472272308,470967.3446255746,-1341946.127646733,308.7196893765149,1634.113230899192,1.0228515711494803,151
39400000,78799.99996688201,71.24999996626137,-1807917.812856553,473273.5815685279,-1334644.2312880252,310.2314306060968,1634.5988468981377,1.0225476965392424,151
39425000,78849.9999667103,71.29999996608966,-1806474.1039763065,472274.1728715847,-1334199.9311047215,309.5763169426946,1638.9622621646142,1.0198253640409414,151
39450000,78899.99996653858,71.34999996591795,-1808135.53606618,471280.95082367177,-1336854.5852425084,308.92525863554727,1637.4068182617614,1.0207941404786478,151
39475000,78949.99996636687,71.39999996574623,-1808172.880351727,472052.8999449671,-1336119.9804067598,309.4312722597619,1633.8418126503657,1.023021490036426,151
39500000,78999.99996619516,71.44999996557452,-1808720.8430739853,476660.8454226676,-1332059.997651318,312.4517863416259,1632.7676985533888,1.0236944833868775,151
39525000,79049.99996602345,71.49999996540281,-1809171.7664651377,473949.8142834047,-1335221.952181733,310.6747020049853,1634.1681771505107,1.0228171794263543,151
39550000,79099.99996585173,71.5499999652311,-1808674.1069126409,474051.8414696964,-1334622.2654429444,310.7415809544908,1630.2904270485724,1.025250015537013,151
39575000,79149.99996568002,71.59999996505938,-1809261.457273004,472389.9940393882,-1336871.4632336155,309.65223786450696,1637.0025800402816,1.021046213390979,151
39600000,79199.99996550831,71.64999996488767,-1809649.6036289828,472333.2859339957,-1337316.3176949872,309.61506562978263,1631.4087126358231,1.0245472349849516,151
39625000,79249.9999653366,71.69999996471596,-1807933.967936377,474666.75661139627,-1333267.2113249807,311.1446586066992,1635.9284704041434,1.0217166067465482,151
39650000,79299.99996516488,71.74999996454424,-1808846.9281503332,473769.75195248425,-1335077.1761978492,310.5566709195937,1635.18642454124,1.022180260657636,151
39675000,79349.99996499317,71.79999996437253,-1808761.5272048507,474448.5126645265,-1334313.0145403242,311.0015994238178,1633.6305973757935,1.0231537584729125,151
39700000,79399.99996482146,71.84999996420082,-1811707.993800262,471987.7950067551,-1339720.198793507,309.38859589051674,1634.4601830999582,1.0226344471061193,151
39725000,79449.99996464975,71.8999999640291,-1809246.1047954976,472623.8982051393,-1336622.2065903586,309.80556234064863,1634.9210856136924,1.022346155034135,151
39750000,79499.99996447803,71.9499999638574,-1808091.8811962688,471977.4178597079,-1336114.4633365609,309.38179365751785,1633.8163333416344,1.0230374440208805,151
39775000,79549.99996430632,71.99999996368568,-1807075.582138332,473407.53914936254,-1333668.042988969,310.3192399695629,1639.7844387837008,1.0193140306302595,151
39800000,79599.99996413461,72.04999996351397,-1807091.4407288155,473249.6992889141,-1333841.7414399013,310.2157757416394,1635.4410284291173,1.022021128616828,151
39825000,79649.9999639629,72.09999996334226,-1810329.2607438536,473896.63964510063,-1336432.621098753,310.6398459624013,1632.5853752496798,1.023808807184597,151
39850000,79699.99996379118,72.14999996317054,-1810602.6940396733,472625.2407036147,-1337977.4533360589,309.80644235009527,1635.0627849379002,1.0222575555255355,151
39875000,79749.99996361947,72.19999996299883,-1811392.0958059735,473767.5666084311,-1337624.5291975427,310.5552384238061,1634.9600882044433,1.022321766580265,151
39900000,79799.99996344776,72.24999996282712,-1808784.0769684687,474530.88871658,-1334253.1882518888,311.0555970300048,1635.4899284705116,1.0219905708771408,151
39925000,79849.99996327604,72.2999999626554,-1807021.4879090288,474988.8488655671,-1332032.6390434622,311.35579048620826,1637.0741474628471,1.0210015766554188,151
39950000,79899.99996310433,72.3499999624837,-1807116.3386635815,472751.08629189513,-1334365.2523716865,309.88893429219416,1633.7352676031344,1.0230882070101832,151
39975000,79949.99996293262,72.39999996231198,-1810547.5517015504,473871.3918871405,-1336676.15981441,310.6232960251629,1634.4269035781772,1.0226552695639983,151
40000000,79999.9999627609,72.44999996214027,-1807015.802388033,473308.4957821056,-1333707.3066059274,310.25431691720416,1634.3091872577008,1.0227289295644362,151
40025000,80049.9999625892,72.49999996196856,-1808898.9147543616,474041.96645775705,-1334856.948296605,310.7351078716895,1634.3327353645593,1.0227141936850164,151
40050000,80099.99996241748,72.54999996179684,-1810650.994984014,472512.5363126563,-1338138.4586713577,309.73256447944226,1632.1541652942244,1.0240792942252996,151
40075000,80149.99996224577,72.59999996162513,-1808143.3511761744,475163.6660260636,-1332979.6851501109,311.4703833557608,1633.9140727116203,1.022976246778675,151
40100000,80199.99996207406,72.64999996145342,-1807866.9899999823,473176.89897737687,-1334690.0910226055,310.1680550454579,1633.3362555393717,1.0233381399529595,151
40125000,80249.99996190234,72.6999999612817,-1806981.5435021548,473939.8437827973,-1333041.6997193573,310.66816632924144,1634.3603120242324,1.0226969373670218,151
40150000,80299.99996173063,72.74999996110999,-1808272.4777550332,474070.09908013296,-1334202.3786749004,310.7535488411969,1635.4086860976083,1.0220413404124675,151
40175000,80349.99996155892,72.79999996093828,-1810914.5066786744,474464.60162261134,-1336449.905056063,311.0121457561677,1637.141745724752,1.0209594190767213,151
40200000,80399.9999613872,72.84999996076657,-1808570.880119674,473435.7174837093,-1335135.1626359646,310.337710903325,1638.9829634272735,1.0198124830817132,151
40225000,80449.9999612155,72.89999996059485,-1806277.9344692423,474094.86397669854,-1332183.070492544,310.76978226218114,1639.02084581451,1.0197889123434327,151
40250000,80499.99996104378,72.94999996042314,-1807575.9884975532,471877.1666049146,-1335698.8218926387,309.3160788333531,1635.8281610533318,1.0217792586387069,151
40275000,80549.99996087207,72.99999996025143,-1809023.3403308988,473667.8923961022,-1335355.4479347966,310.4899018517058,1634.9123533681147,1.0223516154966932,150
40300000,80599.99996070036,73.04999996007972,-1811893.396927948,473534.4539458004,-1338358.9429821477,310.4024327789598,1634.89810063617,1.022360528164414,150
40325000,80649.99996052864,73.099999959908,-1809656.8300904809,473092.7948451129,-1336564.035245368,310.1129246805099,1633.3925752560344,1.023302855040462,150
40350000,80699.99996035693,73.14999995973629,-1809844.7288509223,476049.3099171989,-1333795.4189337236,312.0509240452365,1629.971322870305,1.025450731684062,150
40375000,80749.99996018522,73.19999995956458,-1809822.3995689685,473709.10476914514,-1336113.2947998233,310.51691661429913,1634.0134841735814,1.0229140101048475,150
40400000,80799.9999600135,73.24999995939287,-1808297.7341404976,472356.43832678674,-1335941.295813711,309.63024205250565,1636.6328886567671,1.0212768527664169,150
40425000,80849.99995984179,73.29999995922115,-1809304.1473872373,472847.8423474079,-1336456.305039829,309.952358008815,1633.9053616236774,1.022981700727391,150
40450000,80899.99995967008,73.34999995904944,-1807495.8666638008,474563.63053447,-1332932.2361293305,311.07705933299457,1633.4912080987172,1.0232410663580265,150
40475000,80949.99995949837,73.39999995887773,-1808426.104704676,475506.87813672057,-1332919.2265679557,311.69535932787727,1635.2905847145912,1.022115152673684,150
40500000,80999.99995932665,73.44999995870602,-1813298.6000662816,474324.1375739493,-1338974.4624923326,310.9200713948211,1634.972515306467,1.02231399611515,150
40525000,81049.99995915494,73.4999999585343,-1809641.1013827536,475360.9132759776,-1334280.1881067762,311.5996791772624,1633.536387629064,1.0232127660696708,150
40550000,81099.99995898323,73.54999995836259,-1808814.528992328,474681.4438817744,-1334133.0851105535,311.1542861309866,1638.049085475049,1.0203938944702962,150
40575000,81149.99995881152,73.59999995819088,-1808992.3908862844,473918.6081699656,-1335073.7827163187,310.6542463582033,1632.6254381286278,1.0237836840134455,150
40600000,81199.9999586398,73.64999995801917,-1812079.0789554345,471935.0383264629,-1340144.0406289715,309.3540138199375,1634.0939148824625,1.0228636618976807,150
40625000,81249.99995846809,73.69999995784745,-1810542.2221725543,473868.5141339886,-1336673.708038566,310.6214096543364,1632.1189607358947,1.024101383460285,150
40650000,81299.99995829638,73.74999995767574,-1810410.6228771629,471647.71143101895,-1338762.911446144,309.1656706769931,1630.5308381871837,1.0250988491083726,150
40675000,81349.99995812467,73.79999995750403,-1810822.4527157848,472570.19659087615,-1338252.256124909,309.77036086465773,1633.2834373102112,1.0233712333568048,150
40700000,81399.99995795295,73.84999995733232,-1811779.409582516,474776.4201788202,-1337002.989403696,311.2165432136839,1631.953690832345,1.024205095433131,150
40725000,81449.99995778124,73.8999999571606,-1809645.3166456576,473114.56230517646,-1336530.7543404812,310.1271932780804,1636.7201963996429,1.0212223746845417,150
40750000,81499.99995760953,73.94999995698889,-1809684.445736519,473898.7626786733,-1335785.6830578458,310.6412376135903,1634.9635837823057,1.0223195808402457,150
40775000,81549.99995743782,73.99999995681718,-1810843.3705274388,473137.2717543061,-1337706.0987731328,310.1420793506738,1633.9574040220818,1.0229491182248738,150
40800000,81599.9999572661,74.04999995664546,-1810456.3524449093,471411.139327304,-1339045.2131176055,309.0105973641457,1637.4563885281357,1.02076323825871,150
40825000,81649.99995709439,74.09999995647375,-1810074.4151680088,474192.7390850604,-1335881.6760829482,310.8339395193583,1633.27089360657,1.0233790929626525,150
40850000,81699.99995692268,74.14999995630204,-1810367.8872689176,473637.44991781417,-1336730.4373511034,310.4699467687299,1634.0079215391977,1.0229174923992537,150
40875000,81749.99995675097,74.19999995613033,-1808848.1202881727,474036.5123714845,-1334811.607916688,310.73153271124767,1635.7025917394649,1.0218576983997485,150
40900000,81799.99995657925,74.24999995595861,-1809591.8617093132,471411.1568981507,-1338180.7048111628,309.0106088818579,1632.652753948915,1.0237665551469075,150
40925000,81849.99995640754,74.2999999557869,-1810564.313123837,472651.3601430689,-1337912.9529807682,309.8235636756542,1631.6400305767756,1.0244019847138357,150
40950000,81899.99995623583,74.34999995561519,-1809433.5790277652,472227.0802720107,-1337206.498755755,309.5454476841816,1636.085954920771,1.0216182595017351,150
40975000,81949.99995606412,74.39999995544348,-1811836.729101967,474315.3987396312,-1337521.3303623358,310.91434307788575,1632.0555975595812,1.02414114332914,150
41000000,81999.9999558924,74.44999995527176,-1807688.6594436893,473953.9689842306,-1333734.6904594589,310.67742541662534,1635.6350752929793,1.0218998790802996,150
41025000,82049.99995572069,74.49999995510005,-1809804.4575196924,472099.8401361209,-1337704.617383571,309.462041614363,1632.0861749363844,1.0241219558927657,150
41050000,82099.99995554898,74.54999995492834,-1812025.621463541,472416.2549253873,-1339609.3665381535,309.66945190845485,1635.2414953316727,1.0221458362163045,150
41075000,82149.99995537726,74.59999995475663,-1808364.203181901,474070.2417435825,-1334293.9614383185,310.7536423572683,1632.014145762094,1.024167155659598,150
41100000,82199.99995520555,74.64999995458491,-1807628.3665985223,475066.0562102654,-1332562.3103882568,311.4063999981944,1634.5636873736764,1.0225696915774454,150
41125000,82249.99995503384,74.6999999544132,-1808016.7536378177,472615.138838966,-1335401.6147988518,309.7998205650563,1637.029648079992,1.0210293305449762,150
41150000,82299.99995486213,74.74999995424149,-1809688.530736059,473494.7740855706,-1336193.7566504884,310.37642258045145,1633.254730984357,1.023389220280423,150
41175000,82349.99995469041,74.79999995406978,-1809008.2055139467,475349.6978889121,-1333658.5076250343,311.5923274768726,1636.695337922308,1.0212378852274426,150
41200000,82399.9999545187,74.84999995389806,-1806315.0886261852,473224.9237524359,-1333090.1648737497,310.19953534617895,1632.7498684910922,1.023705662402576,150
41225000,82449.99995434699,74.89999995372635,-1808622.2254944723,471189.9465995846,-1337432.2788948878,308.8656052516922,1634.519846884484,1.022597118565009,150
41250000,82499.99995417528,74.94999995355464,-1810580.457783143,473386.3249228533,-1337194.1328602897,310.3053340172861,1631.0813405221318,1.0247528704646551,150
41275000,82549.99995400356,74.99999995338293,-1810639.521342162,471216.2429686658,-1339423.278373496,308.88284255484524,1633.6644730266587,1.0231325423663766,150
41300000,82599.99995383185,75.04999995321121,-1807589.6355463571,472781.0634761546,-1334808.5720702028,309.90858437434656,1633.7907001513083,1.02305349486112,150
41325000,82649.99995366014,75.0999999530395,-1809437.9299832692,473602.7011641318,-1335835.2288191377,310.4471689167929,1635.7674803827952,1.0218171627120536,150
41350000,82699.99995348843,75.14999995286779,-1807850.952124727,472974.7185846766,-1334876.2335400502,310.0355255426278,1632.329062228994,1.0239695685984849,150
41375000,82749.99995331671,75.19999995269607,-1809363.3113007436,472793.088674814,-1336570.2226259294,309.9164669072593,1635.6585400370514,1.021885219162876,150
41400000,82799.999953145,75.24999995252436,-1813003.683829476,472847.389703506,-1340156.2941259702,309.95206130016544,1634.3277709875777,1.022717300245947,150
41425000,82849.99995297329,75.29999995235265,-1808438.0128288905,474386.3219229644,-1334051.6909059258,310.9608333141581,1635.583616104508,1.0219320303796635,150
41450000,82899.99995280158,75.34999995218094,-1809927.7146732972,474570.1156507684,-1335357.599022529,311.08131033492083,1634.3731680725716,1.0226888927897366,150
41475000,82949.99995262986,75.39999995200922,-1808303.4694559928,474496.1141998049,-1333807.355256188,311.032802290328,1636.4582910281183,1.0213858152237334,150
41500000,82999.99995245815,75.44999995183751,-1809540.2613170424,472320.8969660609,-1337219.3643509818,309.6069446456504,1633.0143753590742,1.0235398480762703,150
41525000,83049.99995228644,75.4999999516658,-1807489.6300550357,473356.3240922261,-1334133.3059628094,310.2856684349098,1635.5586779869143,1.021947612248715,150
41550000,83099.99995211473,75.54999995149409,-1810760.2843725672,473712.6443000148,-1337047.6400725525,310.51923678125576,1638.6789096862988,1.0200017073395835,150
41575000,83149.99995194301,75.59999995132237,-1809401.1714828447,472161.3590053723,-1337239.812477473,309.5023673108742,1636.3809546251482,1.0214340865659113,150
41600000,83199.9999517713,75.64999995115066,-1809897.835786176,473432.1021202639,-1336465.733665912,310.33534102801923,1633.3033762903926,1.0233587402835422,150
41625000,83249.99995159959,75.69999995097895,-1806497.9037028048,472455.015256414,-1334042.8884463909,309.69485935440883,1634.9501786978442,1.0223279629184925,150
41650000,83299.99995142788,75.74999995080724,-1810223.7901255405,475130.9861666955,-1335092.8039588449,311.4489616666604,1633.56349905947,1.023195784322886,150
41675000,83349.99995125616,75.79999995063552,-1809887.272672601,472720.1184342355,-1337167.1542383656,309.8686348223765,1632.2015665605386,1.0240495536244163,150
41700000,83399.99995108445,75.84999995046381,-1807232.6256623,472247.36227621406,-1334985.2633860856,309.5587425635592,1637.8576749285403,1.020513144241497,150
41725000,83449.99995091274,75.8999999502921,-1805818.0468907263,472178.4131521826,-1333639.6337385438,309.5135463256529,1637.8702603617262,1.0205053025947544,150
41750000,83499.99995074102,75.94999995012039,-1810794.5845089557,473777.538726507,-1337017.0457824485,310.56177515980266,1636.8052748320426,1.0211692932336776,150
41775000,83549.99995056931,75.99999994994867,-1807809.244980781,473660.3572212576,-1334148.8877595237,310.484962535076,1638.3281602816012,1.0202200793363017,150
41800000,83599.9999503976,76.04999994977696,-1807549.2616416933,473261.2265873861,-1334288.0350543072,310.2233319003503,1633.4237622726955,1.0232833170834863,150
41825000,83649.99995022589,76.09999994960525,-1808310.4190363288,472012.706936753,-1336297.712099576,309.40492569210164,1633.9836990505353,1.022932656324926,150
41850000,83699.99995005417,76.14999994943354,-1809297.1799938232,474506.0934205808,-1334791.0865732422,311.0393436821534,1633.8854778262653,1.0229941500460058,150
41875000,83749.99994988246,76.19999994926182,-1810682.89680882,472024.8078528074,-1338658.0889560124,309.41285785786243,1633.7979765917123,1.0230489384913044,150
41900000,83799.99994971075,76.24999994909011,-1809253.129832129,473535.772785824,-1335717.357046305,310.4032972802613,1633.701948204354,1.0231090729239405,150
41925000,83849.99994953904,76.2999999489184,-1807676.3938858036,473716.52935704944,-1333959.864528754,310.52178344104993,1633.724630377687,1.0230948683652905,150
41950000,83899.99994936732,76.34999994874669,-1810666.4613051964,472069.9085856786,-1338596.5527195178,309.4424214452354,1636.042390189363,1.0216454632742924,150
41975000,83949.99994919561,76.39999994857497,-1809843.124980852,471985.9430827426,-1337857.1818981094,309.387381951987,1632.256355564142,1.02401517994623,150
42000000,83999.9999490239,76.44999994840326,-1809785.148492928,472502.43547910126,-1337282.7130138264,309.7259433702865,1635.3435762407428,1.022082032146212,150
42025000,84049.99994885219,76.49999994823155,-1809897.3247103533,471444.3753947907,-1338452.9493155626,309.0323836483705,1633.160267395108,1.0234484141151468,150
42050000,84099.99994868047,76.54999994805983,-1809171.843780741,474363.751003886,-1334808.092776855,310.9460380481883,1633.6485339161482,1.0231425248211834,150
42075000,84149.99994850876,76.59999994788812,-1810427.1854346616,470933.9967034209,-1339493.188731241,308.69782977141466,1634.825348593343,1.0224060246555184,150
42100000,84199.99994833705,76.64999994771641,-1810190.496872668,473091.98940737767,-1337098.5074652904,310.1123967150569,1634.5038634316309,1.0226071183167362,150
42125000,84249.99994816534,76.6999999475447,-1810759.0520302395,472557.67533408455,-1338201.3766961547,309.7621531650127,1632.937612973275,1.0235879634237737,150
42150000,84299.99994799362,76.74999994737298,-1809416.2369554872,473696.1459651488,-1335720.0909903385,310.50842210190865,1639.4634615898465,1.0195135938196038,150
42175000,84349.99994782191,76.79999994720127,-1808172.385662568,473562.9581028018,-1334609.427559766,310.4211172898836,1633.397963226162,1.0232994795463457,150
42200000,84399.9999476502,76.84999994702956,-1808816.8372115,474016.2326890921,-1334800.6045224078,310.71823935382,1636.9513983783802,1.0210781378831362,150
42225000,84449.99994747849,76.89999994685785,-1808404.9869014444,473187.064502244,-1335217.9223992005,310.1747185598504,1634.6543264635482,1.0225129916472675,150
42250000,84499.99994730677,76.94999994668613,-1808126.9812713943,475545.7667538685,-1332581.214517526,311.72085086554586,1634.0216039205493,1.0229089270613236,150
42275000,84549.99994713506,76.99999994651442,-1807535.2151564292,473289.6635683209,-1334245.5515881083,310.2419723772776,1631.9400234351444,1.024213673087734,150
42300000,84599.99994696335,77.04999994634271,-1808778.3944997853,472641.9728652852,-1336136.4216345,309.817410303208,1633.0729006863278,1.0235031669185948,150
42325000,84649.99994679164,77.099999946171,-1808961.322120945,474244.0151810068,-1334717.306939938,310.8675510650284,1635.6326771231877,1.0219013773931265,150
42350000,84699.99994661992,77.14999994599928,-1811458.990696678,473879.3140595046,-1337579.6766371734,310.62848901915567,1632.7715468624958,1.0236920706226358,150
42375000,84749.99994644821,77.19999994582757,-1811688.2609770568,475375.58619724616,-1336312.6747798107,311.60929729569034,1629.6135053905657,1.025675891941506,150
42400000,84799.9999462765,77.24999994565586,-1809799.295257224,473697.2986858725,-1336101.9965713513,310.50917771179934,1631.4572203659611,1.024516772365296,150
42425000,84849.99994610478,77.29999994548415,-1808875.145071079,472470.555912819,-1336404.58915826,309.7050462743149,1637.5110905814347,1.020729139042292,150
42450000,84899.99994593307,77.34999994531243,-1807826.1780142244,472460.28618116624,-1335365.891833058,309.6983144522428,1633.7668376980578,1.0230684373643162,150
42475000,84949.99994576136,77.39999994514072,-1808079.3109360768,474478.2715896192,-1333601.0393464577,311.0211064368106,1632.8210480355722,1.0236610360163478,150
42500000,84999.99994558965,77.44999994496901,-1809729.7975279829,474546.786841596,-1335183.0106863868,311.06601827103697,1633.707137600451,1.0231058230647048,150
42525000,85049.99994541793,77.4999999447973,-1810528.877419509,470814.00856755045,-1339714.8688519583,308.61917739677017,1635.73444913825,1.0218377968025072,150
42550000,85099.99994524622,77.54999994462558,-1810125.9841498013,474452.98167103407,-1335673.0024787674,311.00452886322927,1631.0622802392008,1.0247648455313845,150
42575000,85149.99994507451,77.59999994445387,-1810429.0459286524,473193.5084994995,-1337235.537429153,310.1789426081922,1635.5067885237063,1.0219800354177284,150
42600000,85199.9999449028,77.64999994428216,-1809510.3594473305,472489.61939411785,-1337020.7400532125,309.7175424103892,1638.367635288646,1.020195498043342,150
42625000,85249.99994473108,77.69999994411044,-1809894.7899983032,472045.41673608526,-1337849.373262218,309.4263670068864,1635.8737516743329,1.0217507823880916,150
42650000,85299.99994455937,77.74999994393873,-1807500.4458919328,473553.4331415392,-1333947.0127503937,310.414873665743,1634.9813026979537,1.02230850157323,150
42675000,85349.99994438766,77.79999994376702,-1809902.127467663,471560.2253831497,-1338341.902084513,309.1083234620934,1635.3940376812682,1.02205049495671,150
42700000,85399.99994421595,77.84999994359531,-1806720.5467112504,474491.6793893572,-1332228.867321893,311.029895266477,1633.6964383411623,1.0231125234982883,150
42725000,85449.99994404423,77.8999999434236,-1808653.142364676,474546.25301075465,-1334106.8893539214,311.06566834424603,1634.9383043465955,1.0223353879578907,150
42750000,85499.99994387252,77.94999994325188,-1809706.357815546,471942.1806089917,-1337764.1772065545,309.358695595158,1634.676656590302,1.0224990238423086,150
42775000,85549.99994370081,77.99999994308017,-1806680.842269496,472824.5135538234,-1333856.3287156727,309.937065955149,1636.5314613598057,1.0213401484335465,150
42800000,85599.9999435291,78.04999994290846,-1809107.1604812425,473901.164747009,-1335205.9957342334,310.64281217241887,1633.950883925763,1.0229532001877073,150
42825000,85649.99994335738,78.09999994273674,-1810751.3976996709,473161.0841329185,-1337590.3135667522,310.15768839493654,1635.588618141209,1.0219289050574003,150
42850000,85699.99994318567,78.14999994256503,-1807768.6735563355,473544.568498661,-1334224.1050576742,310.4090628811377,1634.4553811314788,1.0226374515676897,150
42875000,85749.99994301396,78.19999994239332,-1809993.6834511496,472924.6917334573,-1337068.9917176922,310.0027328784545,1633.1531723172736,1.0234528603889443,150
42900000,85799.99994284225,78.2499999422216,-1809983.0505010188,474260.4569102099,-1335722.5935908088,310.8783286392919,1635.4964628818796,1.0219864876480078,150
42925000,85849.99994267053,78.2999999420499,-1809455.278107024,471693.5208627628,-1337761.757244261,309.19569881737243,1636.33580409908,1.0214622704424954,150
42950000,85899.99994249882,78.34999994187818,-1807064.0706843731,474653.1042208222,-1332410.9664635512,311.1357094474308,1637.6068920114876,1.0206694254982822,150
42975000,85949.99994232711,78.39999994170647,-1808716.113755664,474458.4220027081,-1334257.6917529558,311.0080950075144,1632.3407575174665,1.023962232128182,150
43000000,85999.9999421554,78.44999994153476,-1807594.4133553868,472442.6224821951,-1335151.7908731918,309.6867358752525,1633.5759221479227,1.0231880030795653,150
43025000,86049.99994198368,78.49999994136304,-1806609.8932088085,472344.8916638457,-1334265.0015449626,309.6226732003609,1636.688837776657,1.021241941096124,150
43050000,86099.99994181197,78.54999994119133,-1807236.3989620784,473485.60351688566,-1333750.795445193,310.3704112610933,1635.287896255342,1.022116833059714,150
43075000,86149.99994164026,78.59999994101962,-1808514.887766112,471805.2784489227,-1336709.609317189,309.26895605628386,1630.663538111174,1.0250154287483904,150
43100000,86199.99994146854,78.6499999408479,-1806565.1536283635,476147.4859299765,-1330417.6676983868,312.11527854563826,1639.5921231834914,1.0194335908469934,150
43125000,86249.99994129683,78.6999999406762,-1808590.094357056,473171.1256194536,-1335418.968737602,310.1642706020457,1637.9111265237834,1.0204798408133422,150
43150000,86299.99994112512,78.74999994050448,-1808867.5124895256,472545.9874062375,-1336321.525083288,309.7544917135436,1635.529302567715,1.021965967248202,150
43175000,86349.9999409534,78.79999994033277,-1807964.954899096,475688.90882235847,-1332276.046076737,311.81468067227286,1637.016922338705,1.021037267759876,150
43200000,86399.9999407817,78.84999994016106,-1806741.967073271,473060.7113723755,-1333681.2557008956,310.09189392359934,1636.4828558758477,1.021370483448681,150
43225000,86449.99994060998,78.89999993998934,-1812129.6148571612,473670.6987679524,-1338458.916089209,310.4917414319989,1636.8370914623893,1.0211494438753672,150
43250000,86499.99994043827,78.94999993981763,-1810966.2585518465,473172.3870930568,-1337793.871458789,310.1650974995862,1634.42556859895,1.0226561048565732,150
43275000,86549.99994026656,78.99999993964592,-1806046.738780139,472414.2803408158,-1333632.4584393231,309.6681575657737,1636.3303582572803,1.0214656699528089,150
43300000,86599.99994009484,79.0499999394742,-1808440.7242130404,472459.5907665254,-1335981.133446515,309.6978586070672,1632.8576818192648,1.0236380697913143,150
43325000,86649.99993992313,79.09999993930249,-1808682.275942193,473390.7959261096,-1335291.480016084,310.3082647655688,1633.8314098373369,1.0230280037447692,150
43350000,86699.99993975142,79.14999993913078,-1809891.787815044,474166.3020888347,-1335725.485726209,310.8166100349344,1631.8650266175098,1.024260743626539,150
43375000,86749.9999395797,79.19999993895907,-1806263.1428241811,474017.8736129592,-1332245.2692112222,310.71931498148786,1633.749122727125,1.0230795306389069,150
43400000,86799.999939408,79.24999993878735,-1810172.6786272293,471656.1263653208,-1338516.5522619083,309.1711866770586,1632.9727599291127,1.0235659324372013,150
43425000,86849.99993923628,79.29999993861564,-1809599.183909839,473162.8341484798,-1336436.3497613592,310.1588355323477,1635.7911719996885,1.0218023634508957,150
43450000,86899.99993906457,79.34999993844393,-1809022.2446928292,471543.37131087104,-1337478.8733819583,309.09727559642295,1637.9096722169045,1.02048074690168,150
43475000,86949.99993889286,79.39999993827222,-1807208.202343109,473761.6497861018,-1333446.5525570072,310.55135993929457,1635.0723697295552,1.022251563053356,150
43500000,86999.99993872114,79.4499999381005,-1809729.7463809568,474899.59590348,-1334830.150477477,311.29728505680663,1635.1199752784762,1.0222218008050008,150
43525000,87049.99993854943,79.49999993792879,-1807384.9537587625,473396.7729779168,-1333988.1807808457,310.3121827305793,1635.5832107214903,1.021932283667841,150
43550000,87099.99993837772,79.54999993775708,-1807339.388093456,473207.9746849201,-1334131.4134085355,310.1884252110105,1632.596476933241,1.0238018452674515,150
43575000,87149.999938206,79.59999993758537,-1809949.5226067195,473663.33028513024,-1336286.192321589,310.48691138220033,1631.9915580464724,1.024181330730754,150
43600000,87199.99993803429,79.64999993741365,-1809915.110276362,472944.2049675424,-1336970.9053088196,310.01552382804834,1631.3145374446883,1.0246063817218112,150
43625000,87249.99993786258,79.69999993724194,-1810106.08913428,471903.91630808107,-1338202.1728261986,309.3336132975717,1633.4532515288977,1.023264843421093,150
43650000,87299.99993769087,79.74999993707023,-1808196.5975077895,474466.512324434,-1333730.0851833555,311.0133982236262,1633.5288475881891,1.0232174890141668,150
43675000,87349.99993751915,79.79999993689852,-1807875.1536545493,473435.6853045367,-1334439.4683500126,310.33768980983666,1633.7680242802217,1.0230676943244588,150
43700000,87399.99993734744,79.8499999367268,-1808015.166834279,473801.4191977399,-1334213.747636539,310.57742883886414,1636.018276792837,1.0216605213836756,150
43725000,87449.99993717573,79.89999993655509,-1807217.19711014,474709.74347635126,-1332507.4536337885,311.17283655098265,1633.5164010783362,1.023225285377001,150
43750000,87499.99993700402,79.94999993638338,-1808304.8356989904,474109.2675776756,-1334195.5681213145,310.77922384081774,1633.5423065637772,1.023209058587143,150
43775000,87549.9999368323,79.99999993621167,-1808360.1189129865,474143.7906948992,-1334216.328218087,310.80185378777094,1633.5379113197334,1.0232118116628377,150
43800000,87599.99993666059,80.04999993603995,-1807364.4156050067,472396.1925004951,-1334968.2231045116,309.656300963593,1638.357830512139,1.0202016034182884,150
43825000,87649.99993648888,80.09999993586824,-1807187.9059153616,471775.2845080683,-1335412.6214072937,309.2492949901624,1634.906543254901,1.0223552487188212,150
43850000,87699.99993631717,80.14999993569653,-1808912.866426184,473896.6119468757,-1335016.254479308,310.63982780617994,1636.843577999299,1.0211453972311753,150
43875000,87749.99993614545,80.19999993552481,-1809459.797568572,474225.4313342902,-1335234.3662342816,310.8553693300286,1634.764603593618,1.022444015479121,150
43900000,87799.99993597374,80.2499999353531,-1809654.2859630184,474113.353081178,-1335540.9328818405,310.7819018935248,1637.9982023709194,1.0204255921905443,150
43925000,87849.99993580203,80.29999993518139,-1808636.7043180915,473626.8013662883,-1335009.902951803,310.4629666297524,1636.7327757842809,1.0212145259084662,150
43950000,87899.99993563032,80.34999993500968,-1809372.595306232,473675.3979119017,-1335697.19739433,310.4948217267941,1636.358355389783,1.021448193273807,150
43975000,87949.9999354586,80.39999993483796,-1811711.5988057775,472955.53953599086,-1338756.0592697868,310.02295365198535,1632.62518192348,1.0237838446741123,150
44000000,87999.99993528689,80.44999993466625,-1812460.7347504068,472604.9011764006,-1339855.8335740063,309.7931097643114,1633.268038700779,1.0233808818000198,150
44025000,88049.99993511518,80.49999993449454,-1806786.0154877529,474937.3070457921,-1331848.7084419606,311.3220047582329,1635.9456497005883,1.0217058775560808,150
44050000,88099.99993494347,80.54999993432283,-1809453.195899672,473465.38905306434,-1335987.8068466077,310.3571606545214,1633.912613036328,1.0229771606666882,150
44075000,88149.99993477175,80.59999993415111,-1810466.483309532,473005.6321916065,-1337460.8511179253,310.05578945102354,1631.5161570807256,1.0244797628312363,150
44100000,88199.99993460004,80.6499999339794,-1806422.6975450425,475284.00719997846,-1331138.6903450638,311.5492671472893,1637.315088962447,1.0208513296732518,150
44125000,88249.99993442833,80.69999993380769,-1806114.417201831,474621.5347457656,-1331492.8824560654,311.1150156166494,1633.2339734023064,1.0234022270425005,150
44150000,88299.99993425662,80.74999993363598,-1809820.4423092604,474069.9226931051,-1335750.5196161552,310.75343321927727,1636.0482366727708,1.0216418123836182,150
44175000,88349.9999340849,80.79999993346426,-1805114.3421246568,471189.1375456447,-1333925.204579012,308.8650749158125,1633.6032652601507,1.0231708770459722,150
44200000,88399.99993391319,80.84999993329255,-1810770.6830443847,472600.2780737082,-1338170.404970677,309.79007931465617,1633.6133746482549,1.0231645452959672,150
44225000,88449.99993374148,80.89999993312084,-1810028.7367330529,474691.34849864966,-1335337.3882344032,311.1607786198608,1636.1832495202727,1.0215575096196965,150
44250000,88499.99993356976,80.94999993294913,-1809175.3633492747,471860.2015406591,-1337315.1618086156,309.30495821230164,1635.2976560543775,1.0221107328523025,150
44275000,88549.99993339805,80.99999993277741,-1809188.1720468355,474319.67907641776,-1334868.4929704175,310.91714884405667,1638.5758797034675,1.020065842763336,150
44300000,88599.99993322634,81.0499999326057,-1807124.4676360348,472039.0944251408,-1335085.373210894,309.42222272407525,1639.1191762449291,1.0197277354112484,150
44325000,88649.99993305463,81.09999993243399,-1808595.951436948,473699.500101892,-1334896.451335056,310.5106207427812,1637.6932781798066,1.0206155865273565,150
44350000,88699.99993288291,81.14999993226228,-1809465.267426637,473803.0230809876,-1335662.2443456494,310.5784801863592,1633.670446741065,1.023128801157971,150
44375000,88749.9999327112,81.19999993209056,-1810835.9193937264,473412.8760902312,-1337423.0433034955,310.32273834104444,1636.985872777276,1.0210566343041412,150
44400000,88799.99993253949,81.24999993191885,-1808218.4856232991,470663.9775999848,-1337554.5080233144,308.52083190799635,1636.0217644251725,1.0216583434320443,150
44425000,88849.99993236778,81.29999993174714,-1810028.8729254536,473430.095635998,-1336598.7772894558,310.3340257750481,1633.18264626981,1.0234343901945058,150
44450000,88899.99993219606,81.34999993157543,-1809659.7786602543,473710.7381802528,-1335949.0404800018,310.5179873173437,1633.9018413356464,1.0229839047705875,150
44475000,88949.99993202435,81.39999993140371,-1810239.3709341409,471713.7425362718,-1338525.628397869,309.2089541499036,1635.6552706650589,1.0218872617221948,150
44500000,88999.99993185264,81.449999931232,-1809054.0133428387,472278.5309227531,-1336775.4824200857,309.5791736507409,1632.077040195628,1.024127687906843,150
44525000,89049.99993168093,81.49999993106029,-1810030.381416576,472829.17545379465,-1337201.205962781,309.9401218364696,1634.4597036878715,1.0226347470604793,150
44550000,89099.99993150921,81.54999993088857,-1807227.6316680247,473874.3233273096,-1333353.308340715,310.62521758789705,1634.924024065196,1.0223443175697926,150
44575000,89149.9999313375,81.59999993071686,-1809171.3459755424,475594.6817144106,-1333576.6642611318,311.75291468397563,1636.2358535716555,1.0215246671272105,150
44600000,89199.99993116579,81.64999993054515,-1809254.683087185,472474.2653828645,-1336780.4177043205,309.707477836616,1638.1946625214564,1.020303217865905,150
44625000,89249.99993099408,81.69999993037344,-1807678.6211110847,473298.5761103564,-1334380.0450007282,310.24781455984106,1633.9205773933622,1.022972174282737,150
44650000,89299.99993082236,81.74999993020172,-1807149.465015335,474954.16143099096,-1332195.303584344,311.3330528290229,1634.2859835061167,1.0227434503693988,150
44675000,89349.99993065065,81.79999993003001,-1805358.998586041,472964.1815297252,-1332394.8170563155,310.02861848979563,1638.3290797071786,1.0202195067917212,150
44700000,89399.99993047894,81.8499999298583,-1809384.3324280623,474433.9035210038,-1334950.428907059,310.99202311178294,1632.2779124502515,1.024001656159355,150
44725000,89449.99993030723,81.89999992968659,-1807176.873922332,474206.4931468005,-1332970.3807755318,310.84295532420447,1634.8638205123077,1.022381965207119,150
44750000,89499.99993013551,81.94999992951487,-1808611.3983520332,474302.181598069,-1334309.2167539643,310.90567922489447,1636.3003347984834,1.0214844121921167,150
44775000,89549.9999299638,81.99999992934316,-1808417.350860157,473851.9559819303,-1334565.3948782268,310.6105557647442,1634.7084233495452,1.0224791539500069,150
44800000,89599.99992979209,82.04999992917145,-1809664.3774049813,475107.8566554779,-1334556.5207495033,311.4338002428377,1635.0381821258432,1.0222729376803912,150
44825000,89649.99992962038,82.09999992899974,-1809454.3305438424,471059.1569068672,-1338395.173636975,308.779872442889,1635.245684533118,1.0221432176649423,150
44850000,89699.99992944866,82.14999992882802,-1806299.5721613928,473329.7675096282,-1332969.8046517652,310.2682605614679,1638.4569727593882,1.0201398715075385,150
44875000,89749.99992927695,82.19999992865631,-1807970.944426571,477084.1675631545,-1330886.776863417,312.7292745394992,1637.6419022519092,1.0206476051711832,150
44900000,89799.99992910524,82.2499999284846,-1810096.394959285,473217.8051272743,-1336878.589832011,310.1948690783925,1637.1644621132964,1.020945252808525,150
44925000,89849.99992893352,82.29999992831289,-1810430.2668415208,471925.2803245602,-1338504.9865169604,309.347617437363,1632.3039016094922,1.0239853522455566,150
44950000,89899.99992876181,82.34999992814117,-1808845.399633715,471918.1574988651,-1336927.2421348498,309.3429484161216,1634.4959172857943,1.0226120897487292,150
44975000,89949.9999285901,82.39999992796946,-1807831.7317595547,472763.2525510724,-1335068.4792084824,309.8969092904546,1634.4311411332098,1.022652618147322,150
45000000,89999.99992841839,82.44999992779775,-1810633.4931539416,475085.9262860264,-1335547.5668679154,311.41942485795755,1635.4541079286162,1.022012955030804,150
45025000,90049.99992824667,82.49999992762604,-1808737.7361341435,473109.5147672202,-1335628.2213669233,310.1238846105735,1635.8318926807256,1.0217769277760496,150
45050000,90099.99992807496,82.54999992745432,-1809018.875619594,475544.5801867126,-1333474.2954328817,311.72007306927617,1633.515261405527,1.0232259992619968,150
45075000,90149.99992790323,82.5999999272826,-1808403.8178410167,473881.4713678052,-1334522.3464732114,310.62990313747207,1635.5227460792223,1.0219700641084384,150
45100000,90199.99992773154,82.6499999271109,-1809025.738219155,471658.3513054242,-1337367.3869137308,309.1726451281071,1635.3697907621522,1.0220656484564403,150
45125000,90249.99992755982,82.69999992693919,-1810249.80459988,474257.4486117316,-1335992.3559881486,310.876356695839,1630.9864624408983,1.0248124826002107,150
45150000,90299.99992738813,82.74999992676749,-1810314.4556795163,473177.020409022,-1337137.4352704943,310.1681346440547,1631.552771368925,1.0244567720963067,150
45175000,90349.9999272164,82.79999992659576,-1807650.6207249537,474362.1435027918,-1333288.4772221618,310.94498432919033,1635.1644088318774,1.0221940232024989,150
45200000,90399.99992704469,82.84999992642405,-1809358.1490105784,473489.617199586,-1335868.5318109922,310.3730422351738,1634.3686782686225,1.0226917022370117,150
45225000,90449.99992687296,82.89999992625232,-1807404.2626893877,474837.9511502595,-1332566.311539128,311.2568768431946,1635.8364791418535,1.0217740629786078,150
45250000,90499.99992670126,82.94999992608062,-1808306.686898876,472199.4309225093,-1336107.2559763668,309.5273235006539,1632.0674123663998,1.0241337294014603,150
45275000,90549.99992652956,82.99999992590892,-1808727.029672605,474724.2043271504,-1334002.8253454545,311.1823156569499,1636.5451684519255,1.021331594069285,150
45300000,90599.99992635784,83.0499999257372,-1809817.8326944,471147.7791628452,-1338670.053531555,308.8379644436393,1631.6030846569408,1.0244251812093323,150
45325000,90649.99992618612,83.09999992556548,-1807900.603339036,473159.45377678494,-1334741.149562251,310.1566196944313,1635.4946578398344,1.0219876155811205,150
45350000,90699.9999260144,83.14999992539376,-1809292.321098986,473931.597273233,-1335360.7238257532,310.6627607318042,1634.5387212563674,1.022585310415069,150
45375000,90749.9999258427,83.19999992522206,-1809898.2406807344,475154.88657447713,-1334743.3541062574,311.4646284141548,1633.3002980214385,1.0233606690001675,150
45400000,90799.999925671,83.24999992505036,-1805961.0685967235,474298.87319232745,-1331662.195404396,310.9035105607514,1633.1501558974512,1.0234547507010412,150
45425000,90849.99992549929,83.29999992487865,-1807789.7907271264,472179.481191787,-1335610.3095353397,309.51424642696287,1635.08645918,1.0222427543676385,150
45450000,90899.99992532756,83.34999992470692,-1806766.2675390092,472502.106748828,-1334264.1607901815,309.7257278871772,1637.0253683349952,1.0210319998653503,150
45475000,90949.99992515583,83.3999999245352,-1807104.131110449,474051.66694071534,-1333052.464169734,310.7414665505233,1634.8664025249152,1.0223803505166955,150
45500000,90999.99992498412,83.44999992436348,-1808710.4101923648,471463.1397210221,-1337247.2704713428,309.04468368792016,1635.4006281760553,1.0220463761992975,150
45525000,91049.99992481242,83.49999992419178,-1808607.2202455169,472571.8719209384,-1336035.3483245785,309.77145904563,1636.9310752113508,1.0210908149847322,150
45550000,91099.99992464072,83.54999992402009,-1811669.7079317383,471827.2697486669,-1339842.4381830716,309.2833713810479,1635.6302399829326,1.0219029000581656,150
45575000,91149.999924469,83.59999992384836,-1810968.8662465373,473569.667158205,-1337399.1990883322,310.4255150841759,1631.8281355643803,1.0242838992865546,150
45600000,91199.99992429728,83.64999992367665,-1809834.5364283333,475743.7549124405,-1334090.7815158928,311.8506323536089,1636.8990406490454,1.021110798011492,150
45625000,91249.99992412556,83.69999992350492,-1809193.138229536,473075.6811967067,-1336117.457032829,310.10170666235985,1633.9513422654195,1.0229529132391266,150
45650000,91299.99992395386,83.74999992333322,-1809363.0167170104,472225.30362754856,-1337137.7130894617,309.54428309149216,1632.7657101145014,1.0236957300776348,150
45675000,91349.99992378216,83.79999992316152,-1806409.621883003,472077.5618551402,-1334332.060027863,309.4474381730359,1636.7507984883557,1.021203281040149,150
45700000,91399.99992361043,83.8499999229898,-1809233.306585121,473416.5383847939,-1335816.7682003272,310.32513897975696,1633.8684715419304,1.0230047979835184,150
45725000,91449.99992343872,83.89999992281808,-1807701.8858835,473065.337298222,-1334636.548585278,310.09492622383567,1634.0336755220883,1.022901370210346,150
45750000,91499.999923267,83.94999992264636,-1809628.078167248,472256.9218136653,-1337371.1563535822,309.5650088524351,1631.56387976129,1.0244497971516375,150
45775000,91549.9999230953,83.99999992247466,-1809414.347625698,474869.1593140746,-1334545.1883116234,311.2773338340008,1633.863791063043,1.0230077285536092,150
45800000,91599.99992292358,84.04999992230294,-1809450.731840364,472907.0107645553,-1336543.7210758084,309.9911429810027,1633.328241617237,1.023343160959737,150
45825000,91649.99992275189,84.09999992213125,-1811027.684237171,473254.8801015382,-1337772.8041356327,310.2191717708595,1633.384660451441,1.0233078136043163,150
45850000,91699.99992258016,84.14999992195952,-1808178.515556624,474029.15741818136,-1334149.3581384427,310.72671153006587,1631.0120502846733,1.024796405011024,150
45875000,91749.99992240845,84.1999999217878,-1805704.7995159868,472227.4663189649,-1333477.333197022,309.5457007384477,1635.823185006695,1.0217823668115766,150
45900000,91799.99992223672,84.24999992161608,-1808348.17578137,472925.6978904287,-1335422.4778909415,310.0033924156202,1636.0111331117034,1.021664982488398,150
45925000,91849.99992206502,84.29999992144438,-1806482.8101285528,474077.4261857199,-1332405.383942833,310.7583517681655,1633.9676598569572,1.0229426975364475,150
45950000,91899.99992189332,84.34999992127268,-1812205.5984722704,472994.0607784027,-1339211.5376938677,310.0482043750503,1631.9323785124209,1.0242184711017246,150
45975000,91949.9999217216,84.39999992110096,-1807867.8307776896,472765.8232394196,-1335102.0075382702,309.8985943799137,1633.9865103842576,1.0229308963317718,150
46000000,91999.99992154988,84.44999992092924,-1809830.6889891296,474197.9334604064,-1335632.7555287234,310.8373444389597,1633.4466138793218,1.023269001545023,150
46025000,92049.99992137816,84.49999992075752,-1810668.9576668525,474490.625097008,-1336178.3325698446,311.0292041765102,1634.9751303395178,1.0223123609924871,150
46050000,92099.99992120646,84.54999992058582,-1808042.3792279332,473688.8262912901,-1334353.5529366434,310.5036240464473,1637.2757106896845,1.0208758822650037,150
46075000,92149.99992103476,84.59999992041412,-1809917.311418512,473648.311382502,-1336269.00003601,310.4770664725541,1629.3045977753943,1.025870354716699,150
46100000,92199.99992086305,84.64999992024241,-1810341.026145893,472603.4088696239,-1337737.6172762692,309.79213155533404,1634.3485518121631,1.0227042963436934,150
46125000,92249.99992069132,84.69999992007068,-1809080.571363694,474176.1647668436,-1334904.4065968506,310.82307503282874,1634.9161918043412,1.022349215232082,150
46150000,92299.9999205196,84.74999991989897,-1808106.87673934,472262.01485317375,-1335844.861886166,309.56834734626693,1633.8105337899942,1.023041075505905,150
46175000,92349.9999203479,84.79999991972726,-1809789.175236076,474129.3583855417,-1335659.8168505344,310.79239339075474,1634.022450838809,1.0229083968848578,150
46200000,92399.99992017618,84.84999991955554,-1809849.712433047,474298.66604305495,-1335551.0463899917,310.9033747741415,1634.8894596071923,1.022365931738887,150
46225000,92449.99992000448,84.89999991938384,-1810298.0739195675,472314.0437621178,-1337984.0301574494,309.602452361808,1632.333994778268,1.0239664743908237,150
46250000,92499.99991983276,84.94999991921212,-1806844.6342943227,473848.2127285911,-1332996.4215657315,310.6081020574515,1638.0663617055338,1.0203831326595916,150
46275000,92549.99991966104,84.9999999190404,-1808626.055356764,473800.61108457664,-1334825.4442721875,310.5768991196647,1633.4695257396809,1.0232546486623375,150
46300000,92599.99991948932,85.04999991886868,-1809655.29873004,471857.9323165122,-1337797.3664135276,309.30347073300663,1634.2240813584324,1.0227821904766037,150
46325000,92649.99991931762,85.09999991869698,-1812954.018493645,473104.141439907,-1339849.877053738,310.12036238773163,1628.4160022484452,1.0264301525860224,150
46350000,92699.9999191459,85.14999991852527,-1808490.8866775632,472502.21392743336,-1335988.6727501298,309.7257981428883,1632.565639201268,1.023821183985687,150
46375000,92749.9999189742,85.19999991835356,-1808375.3740839604,472405.072982161,-1335970.3011017994,309.6621221305438,1632.3947351803,1.0239283732293942,150
46400000,92799.99991880248,85.24999991818184,-1809894.01240532,473369.671654453,-1336524.340750867,310.29441777881163,1634.0233432335726,1.0229078382403924,150
46425000,92849.99991863075,85.29999991801012,-1810849.353874946,474305.1577041671,-1336544.196170779,310.90763006620153,1632.7608327684434,1.023698788038258,150
46450000,92899.99991845906,85.34999991783842,-1810967.539926581,472438.9547595672,-1338528.585167014,309.68433167843654,1632.414139163774,1.023916202121122,150
46475000,92949.99991828734,85.3999999176667,-1809839.0438067168,474228.3124512005,-1335610.7313555162,310.85725790580307,1634.1939459832015,1.022801051105212,150
46500000,92999.99991811565,85.449999917495,-1808429.9176651128,473364.7958105924,-1335065.1218545204,310.2912216570013,1633.9478849799723,1.0229550777146603,150
46525000,93049.99991794392,85.49999991732328,-1806328.256354012,473045.4162550772,-1333282.8400989345,310.0818679548879,1637.521554981688,1.020722616185705,150
46550000,93099.9999177722,85.54999991715157,-1807938.835065048,473902.2750868959,-1334036.5599781522,310.64354000161745,1639.7047512679892,1.019363567964812,150
46575000,93149.9999176005,85.59999991697985,-1810409.579341276,473335.33561667975,-1337074.2437245958,310.2719104626744,1634.3352201973642,1.022712638756904,150
46600000,93199.99991742878,85.64999991680814,-1809141.1923926184,472981.2282426904,-1336159.964149928,310.03979263167946,1635.6440488483106,1.0218942726801084,150
46625000,93249.99991725708,85.69999991663644,-1809319.8052638443,472999.31076428527,-1336320.494499559,310.0516457474286,1635.7865374185378,1.0218052584655355,150
46650000,93299.99991708536,85.74999991646472,-1812113.3917553292,473250.4226179945,-1338862.969137335,310.2162498847654,1637.3155929727122,1.0208510154274508,150
46675000,93349.99991691364,85.799999916293,-1809410.4096915864,472512.7587431525,-1336897.6509484337,309.7327102829135,1632.1875697521389,1.0240583353512591,150
46700000,93399.99991674192,85.84999991612128,-1810282.4577510003,472822.37682672887,-1337460.0809242714,309.9356653278392,1629.5819594429763,1.025695747290139,150
46725000,93449.99991657022,85.89999991594958,-1810982.5120452975,472486.8549449084,-1338495.6571003892,309.71573031044016,1637.344048217023,1.0208332741561033,150
46750000,93499.9999163985,85.94999991577787,-1810655.8970840685,474847.3720462815,-1335808.525037787,311.2630522524385,1634.1576150903422,1.0228237902064228,150
46775000,93549.9999162268,85.99999991560617,-1809317.0635724224,472895.1152761776,-1336421.948296245,309.98334547334355,1636.5511264281845,1.0213278758417936,150
46800000,93599.99991605508,86.04999991543444,-1808622.590975432,473205.9245226249,-1335416.666452807,310.187081327036,1632.7107218495544,1.0237302072518686,150
46825000,93649.99991588337,86.09999991526273,-1807885.605980835,474005.8481783821,-1333879.757802453,310.71143229393084,1634.6843880295442,1.022494187808432,150
46850000,93699.99991571164,86.149999915091,-1807649.3370411848,472004.32421827625,-1335645.012822909,309.3994308095502,1636.167862028683,1.0215671169515312,150
46875000,93749.99991553994,86.1999999149193,-1810527.5876977192,474892.0951466108,-1335635.4925511084,311.2923683012032,1635.1831798260218,1.0221822889832013,150
46900000,93799.99991536824,86.2499999147476,-1810243.8294730328,474439.752078188,-1335804.0773948445,310.9958568484057,1636.147927904639,1.0215795632867808,150
46925000,93849.99991519652,86.29999991457588,-1806366.6701222723,472034.5129583876,-1334332.1571638847,309.41921956683075,1635.2135627532305,1.0221632964241938,150
46950000,93899.9999150248,86.34999991440417,-1807962.2580665036,474101.4109333145,-1333860.847133189,310.7740738005137,1636.2684146358358,1.0215043392091556,150
46975000,93949.99991485308,86.39999991423244,-1810782.9668780824,474746.52479782206,-1336036.4420802605,311.1969467536727,1635.3497937631682,1.0220781462387567,150
47000000,93999.99991468138,86.44999991406074,-1809542.0501452163,475835.51881700696,-1333706.5313282092,311.9107837089778,1631.3824223863778,1.024563745891289,150
47025000,94049.99991450968,86.49999991388904,-1807845.9340816028,472254.6592987125,-1335591.2747828905,309.56352577102524,1636.8001824659398,1.0211724702664944,150
47050000,94099.99991433795,86.54999991371731,-1807792.899256548,471619.8907850433,-1336173.0084715046,309.1474342084102,1634.0054431700312,1.022919043903983,150
47075000,94149.99991416624,86.5999999135456,-1808573.225573523,473262.365141997,-1335310.860431526,310.22407822433604,1635.9918592300269,1.021677018886913,150
47100000,94199.99991399451,86.64999991337388,-1806920.105635472,474925.9656164942,-1331994.1400189777,311.3145704370004,1636.4321807058716,1.021402112087782,150
47125000,94249.99991382282,86.69999991320218,-1807205.410879475,473520.4597282955,-1333684.9511511796,310.3932595517064,1631.7921618876103,1.0243064801389292,150
47150000,94299.9999136511,86.74999991303046,-1809612.5297952788,473552.15153857,-1336060.3782567088,310.41403357337765,1631.6864214849645,1.0243728596700798,150
47175000,94349.9999134794,86.79999991285877,-1807186.9542841977,474067.8162585804,-1333119.1380256172,310.75205244878526,1636.1897554941283,1.0215534476052344,150
47200000,94399.99991330768,86.84999991268704,-1810611.9943469183,474043.7853826144,-1336568.208964304,310.73630017923125,1634.3101513308973,1.022728326260622,150
47225000,94449.99991313597,86.89999991251533,-1807614.0677573243,472332.40786232,-1335281.6598950042,309.61449005269,1633.11629023898,1.023475973910469,150
47250000,94499.99991296424,86.9499999123436,-1809281.5384720592,473255.4980842797,-1336026.0403877797,310.2195768593272,1638.4152435469418,1.0201658537080769,150
47275000,94549.99991279254,86.9999999121719,-1812548.3018793208,471752.9738310056,-1340795.3280483156,309.23467031316267,1634.9833407542349,1.0223072272347022,150
47300000,94599.99991262084,87.0499999120002,-1808591.9403125104,472173.3808311071,-1336418.559481403,309.51024763283056,1635.5714095879582,1.0219396572128112,150
47325000,94649.99991244912,87.09999991182848,-1807619.829382863,473228.1506335749,-1334391.678749288,310.2016505708421,1636.7951429605791,1.0211756143399358,150
47350000,94699.9999122774,87.14999991165676,-1810609.0522106492,473290.1500934642,-1337318.9021171853,310.2422912951236,1634.6863301741132,1.022492972999513,150
47375000,94749.99991210568,87.19999991148504,-1808077.4094992792,473682.5857492962,-1334394.823749983,310.4995333632867,1636.736985763246,1.0212118991628678,150
47400000,94799.99991193398,87.24999991131334,-1808083.269334414,473041.7076344009,-1335041.561700013,310.07943694934954,1636.0601337439157,1.021634383228005,150
47425000,94849.99991176226,87.29999991114163,-1807486.8677341852,473576.90024340816,-1333909.9674907774,310.43025638066416,1634.5046811703858,1.0226066067088582,150
47450000,94899.99991159057,87.34999991096993,-1809627.3527843328,473415.8113415424,-1336211.5414427903,310.3246624019871,1632.1576148323695,1.0240771298506357,150
47475000,94949.99991141884,87.3999999107982,-1809501.7799213333,472919.3703511629,-1336582.4095701703,309.9992447056379,1638.303404502048,1.0202354954938402,150
47500000,94999.99991124713,87.44999991062649,-1808328.026356618,474174.2344200731,-1334153.7919365447,310.8218096880821,1634.9651319348427,1.0223186128032995,150
47525000,95049.9999110754,87.49999991045476,-1807891.9799813663,472818.2227274536,-1335073.757253913,309.9329423105164,1634.354708748582,1.0227004436149714,150
47550000,95099.9999109037,87.54999991028306,-1808906.467432443,471594.5952202129,-1337311.8722122302,309.13085293370784,1633.2495632762236,1.0233924583506575,150
47575000,95149.999910732,87.59999991011136,-1808292.1573150232,474678.13225309504,-1333614.0250619282,311.1521153542036,1635.5592663981397,1.0219472445913278,150
47600000,95199.99991056028,87.64999990993964,-1807208.1478312963,471856.0986057349,-1335352.0492255618,309.3022687332755,1637.854415120938,1.02051517536006,150
47625000,95249.99991038856,87.69999990976793,-1808143.9336748,475296.9394782062,-1332846.994196594,311.557744272005,1637.4697405935449,1.0207549148697723,150
47650000,95299.99991021684,87.7499999095962,-1809796.5861970857,473111.9946021405,-1336684.5915949452,310.12551014549655,1633.9862139609788,1.022931081902817,150
47675000,95349.99991004514,87.7999999094245,-1806612.4067649336,473039.0963909506,-1333573.310373983,310.07772527596904,1636.123992941027,1.021594508040222,150
47700000,95399.99990987344,87.8499999092528,-1809920.7220540764,472784.9449418363,-1337135.77711224,309.9111286800044,1634.5702136958882,1.022565608779879,150
47725000,95449.99990970171,87.89999990908107,-1809638.4453064967,473639.4853711598,-1335998.9599353368,310.4712810109694,1634.8562235679035,1.0223867160707352,150
47750000,95499.99990953,87.94999990890936,-1809094.5645137213,472835.8419317555,-1336258.722581966,309.9444917211947,1634.7665913832102,1.0224427722413505,150
47775000,95549.99990935827,87.99999990873764,-1809115.0626321968,472541.9198087149,-1336573.1428234817,309.7518253982289,1631.299941627659,1.0246155492371731,150
47800000,95599.99990918658,88.04999990856594,-1807788.7516254392,474870.2171588771,-1332918.534466562,311.2780272526052,1632.3091411142273,1.0239820653828131,150
47825000,95649.99990901486,88.09999990839422,-1806846.7706687013,472014.61065862665,-1334832.1600100747,309.4061735841948,1633.9206178015058,1.0229721489838293,150
47850000,95699.99990884317,88.14999990822253,-1808852.735943568,473806.740066843,-1335045.9958767248,310.58091667528305,1634.1389009891714,1.0228355035484638,150
47875000,95749.99990867144,88.1999999080508,-1809261.051919124,474416.4923149334,-1334844.5596041908,310.9806100442081,1635.6994898700948,1.0218596362062429,150
47900000,95799.99990849973,88.24999990787909,-1809673.6597326207,473909.9436057859,-1335763.7161268352,310.6485667254375,1633.181889920128,1.023434864161478,150
47925000,95849.999908328,88.29999990770736,-1809270.488384077,471390.7469025257,-1337879.7414815517,308.9972301039417,1634.658802494116,1.0225101917972934,150
47950000,95899.9999081563,88.34999990753566,-1808854.7189233557,474834.2962419861,-1334020.4226813694,311.25448104620415,1633.8841009540215,1.022995012121994,150
47975000,95949.9999079846,88.39999990736396,-1810251.924278438,471852.603250952,-1338399.321027486,309.29997752379967,1634.5533407195787,1.022576164400709,150
48000000,95999.99990781287,88.44999990719224,-1809994.3294143947,474459.8391885783,-1335534.4902258164,311.0090239746426,1636.178683754605,1.0215603602815782,150
48025000,96049.99990764116,88.49999990702052,-1806700.0267846452,474579.214396942,-1332120.8123877037,311.0872745745321,1633.958924737028,1.0229481661727813,150
48050000,96099.99990746944,88.5499999068488,-1808395.79258502,471377.9761421925,-1337017.8164428277,308.98885885440995,1638.4533755297182,1.020142111227916,150
48075000,96149.99990729774,88.5999999066771,-1811265.645140605,473652.2698287779,-1337613.3753118273,310.47966123908867,1636.6293398010573,1.0212790672960612,150
48100000,96199.99990712602,88.64999990650539,-1811368.0656566003,472049.4442968369,-1339318.6213597637,309.4290070780471,1631.1201849231104,1.024728466431297,150
48125000,96249.99990695433,88.69999990633369,-1810287.0708294,474156.3429265125,-1336130.7279028874,310.8100817914507,1638.0563482014334,1.0203893703025728,150
48150000,96299.9999067826,88.74999990616196,-1811233.967745731,473777.2726033476,-1337456.6951423832,310.56160071573544,1631.9989067823956,1.0241767189395905,150
48175000,96349.99990661089,88.79999990599025,-1810267.455130085,472973.6813962533,-1337293.773733832,310.034845664306,1630.757821762374,1.0249561666091145,150
48200000,96399.99990643916,88.84999990581852,-1810067.2203437716,471998.1964351512,-1338069.0239086202,309.39541403997055,1637.891569121423,1.020492025951372,150
48225000,96449.99990626746,88.89999990564682,-1811440.771762427,475016.1875536046,-1336424.5842088223,311.3737110307539,1628.1061906903492,1.0266254714949905,150
48250000,96499.99990609576,88.94999990547512,-1809204.75512077,472319.9456517354,-1336884.809469035,309.60632105790825,1636.4963892276876,1.021362037010178,150
48275000,96549.99990592404,88.9999999053034,-1809840.190421965,474244.726862532,-1335595.463559433,310.8680175731672,1635.7899676501088,1.021803115752396,150
48300000,96599.99990575232,89.04999990513168,-1810130.8984617705,471587.9305593841,-1338542.967902386,309.12648424011513,1634.3382725087884,1.0227107287254722,150
48325000,96649.9999055806,89.09999990495996,-1807243.7148885848,474301.7936864496,-1332941.9212021353,310.90542494833795,1634.1724501636693,1.0228145049771151,150
48350000,96699.9999054089,89.14999990478826,-1806356.406087258,471561.6823358871,-1334794.7237513708,309.1092784964534,1634.2598292944929,1.0227598180535078,150
48375000,96749.9999052372,89.19999990461656,-1809876.4789738432,475648.9891401197,-1334227.4898337235,311.7885132701347,1634.4512301520983,1.0226400487372451,150
48400000,96799.99990506547,89.24999990444483,-1807098.7380159984,475018.98019029904,-1332079.7578256992,311.3755416076351,1636.3000138114912,1.0214846125729795,150
48425000,96849.99990489376,89.29999990427312,-1808798.835369328,473200.2086982378,-1335598.6266710905,310.18333459692946,1635.419240209529,1.0220347447100149,150
48450000,96899.99990472203,89.3499999041014,-1808022.033394848,473499.17739157536,-1334522.8560032726,310.3793089531003,1635.8609833719024,1.0217587574074427,150
48475000,96949.99990455034,89.3999999039297,-1809943.573897087,471355.7963150487,-1338587.7775820384,308.9743199496973,1632.6467497149074,1.0237703201585169,150
48500000,96999.99990437862,89.44999990375798,-1807056.9712887816,472807.51948375633,-1334249.451805025,309.92592632075144,1633.8690225194446,1.023004453003209,150
48525000,97049.99990420692,89.49999990358629,-1806650.987853744,470455.9621206341,-1336195.02573311,308.38447749849536,1639.7707520192778,1.0193225385945548,150
48550000,97099.9999040352,89.54999990341456,-1808200.183343192,473546.0938353541,-1334654.0895078375,310.4100627412669,1633.2176811241968,1.0234124360635597,150
48575000,97149.99990386349,89.59999990324285,-1809024.4224520456,472263.1874307732,-1336761.2350212724,309.5691159723646,1632.2847548499087,1.0239973636310078,150
48600000,97199.99990369176,89.64999990307112,-1810603.265565738,472959.6084056328,-1337643.6571601052,310.0256208011759,1635.4979218687563,1.021985575959369,150
48625000,97249.99990352006,89.69999990289942,-1805974.7260922715,474945.0895423493,-1331029.6365499222,311.32710619455776,1632.8316751318353,1.0236543736367918,150
48650000,97299.99990334836,89.74999990272772,-1807381.4769275133,472784.4136751087,-1334597.0632524046,309.91078043399324,1635.4694213335574,1.0220033856080857,150
48675000,97349.99990317663,89.799999902556,-1808676.630704116,474614.0600239391,-1334062.5706801768,311.11011592704926,1635.9526503179152,1.021701505441846,150
48700000,97399.99990300492,89.84999990238428,-1805969.913058185,474800.42158135696,-1331169.491476828,311.23227616336777,1636.1463408686884,1.0215805542027232,150
48725000,97449.9999028332,89.89999990221256,-1807384.029746051,472287.3507953276,-1335096.6789507233,309.5849550883557,1635.3327506358485,1.0220887981430682,150
48750000,97499.9999026615,89.94999990204086,-1808742.1647628304,471289.31735649926,-1337452.847406331,308.9307429083851,1634.5862187122875,1.0225555963503412,150
48775000,97549.99990248978,89.99999990186915,-1808132.580598018,472403.18061454507,-1335729.3999834731,309.66088168118097,1635.4828573712623,1.0219949895090612,150
48800000,97599.99990231809,90.04999990169745,-1813034.1973736996,472476.4949359971,-1340557.7024377023,309.70893931151096,1633.8037596884185,1.023045317254108,150
48825000,97649.99990214636,90.09999990152572,-1812474.9786703512,471767.1660152272,-1340707.812655124,309.24397330784893,1630.281566199733,1.0252555879397185,150
48850000,97699.99990197465,90.14999990135401,-1809149.859288238,472226.4248789998,-1336923.4344092382,309.545018073235,1635.7269613166334,1.0218424744408448,150
48875000,97749.99990180292,90.19999990118228,-1807633.636395519,474986.32726031565,-1332647.309135203,311.3541375707804,1635.4496391486923,1.0220157476273266,150
48900000,97799.99990163122,90.24999990101058,-1807547.3636336587,473606.05240527214,-1333941.3112283866,310.4493656595941,1636.593298452117,1.021301558085474,150
48925000,97849.99990145952,90.29999990083888,-1810091.6554833883,474178.9999344233,-1335912.655548965,310.824933488759,1631.61144552649,1.0244199317454807,150
48950000,97899.9999012878,90.34999990066716,-1810894.1477437848,472496.5722882956,-1338397.575455489,309.7221000413064,1633.4748866078764,1.0232512904636002,150
48975000,97949.99990111608,90.39999990049544,-1805086.2982732467,472709.6595374755,-1332376.6387357712,309.8617790023376,1638.5186340490195,1.020101481257483,150
49000000,97999.99990094436,90.44999990032372,-1808886.3039203407,472460.82571108127,-1336425.4782092597,309.69866811478363,1638.1100799383123,1.0203559004559302,150
49025000,98049.99990077266,90.49999990015202,-1808844.3291547203,472688.2654587091,-1336156.0636960114,309.847755156679,1635.5718462951609,1.0219393843489746,150
49050000,98099.99990060096,90.54999989998032,-1809680.801769292,471485.096976709,-1338195.704792583,309.0590766967616,1634.4614907604232,1.0226336289414553,150
49075000,98149.99990042923,90.5999998998086,-1809249.7031921728,472489.06759844185,-1336760.6355937307,309.71718070762654,1635.3996762524102,1.0220469711059288,150
49100000,98199.99990025752,90.64999989963688,-1809097.055724296,474298.3904653799,-1334798.665258916,310.9031941326274,1632.268306384409,1.0240076825137807,150
49125000,98249.9999000858,90.69999989946515,-1805946.3192742371,473981.53716829873,-1331964.7821059383,310.695496396109,1638.0310000268078,1.0204051606068734,150
49150000,98299.9998999141,90.74999989929346,-1809830.386823848,473235.8294368313,-1336594.5573870167,310.2066840360773,1633.8812781632091,1.022996779509233,150
49175000,98349.99989974238,90.79999989912174,-1808026.1831698148,473262.1151286294,-1334764.0680411854,310.2239143402577,1633.544710470951,1.0232075528434796,150
49200000,98399.99989957068,90.84999989895005,-1812923.4339508088,473764.4520899561,-1339158.9818608528,310.5531968530112,1631.6648048101138,1.0243864307999886,150
49225000,98449.99989939896,90.89999989877832,-1809771.6123106284,471898.7817896307,-1337872.8305209978,309.33024761424105,1632.4705508432723,1.023880819655817,150
49250000,98499.99989922724,90.9499998986066,-1808939.3399137452,472278.12252447713,-1336661.2173892683,309.5789059451552,1632.6479861481164,1.023769544839138,150
49275000,98549.99989905552,90.99999989843488,-1808653.6717708008,473122.2870406564,-1335531.3847301444,310.1322568519462,1635.8801329610117,1.0217467967142486,150
49300000,98599.99989888382,91.04999989826318,-1808997.72303103,471408.0010566047,-1337589.7219744257,309.00854022373767,1635.3252434909923,1.022093490156901,150
49325000,98649.9998987121,91.09999989809147,-1810914.5857035716,474781.7197550109,-1336132.8659485604,311.22001709257194,1632.5573808841832,1.0238263630011843,150
49350000,98699.9998985404,91.14999989791976,-1811368.7038943532,472347.2370373974,-1339021.466856956,309.624210595687,1632.5267714168097,1.0238455594886189,150
49375000,98749.99989836868,91.19999989774804,-1808260.3602752816,475039.3071798632,-1333221.0530954185,311.3888659749735,1633.0895985976786,1.0234927018680775,150
49400000,98799.99989819695,91.24999989757632,-1808679.6594964955,472283.2898151344,-1336396.3696813611,309.58229311070886,1636.398851515296,1.0214229153935388,150
49425000,98849.99989802526,91.29999989740462,-1811160.320537692,474275.5596035732,-1336884.7609341186,310.88822847387087,1635.6330209541584,1.021901162576393,150
49450000,98899.99989785354,91.3499998972329,-1810736.974001306,471939.1409009837,-1338797.8331003224,309.35670306271874,1635.1326975544105,1.0222138473295213,150
49475000,98949.99989768185,91.3999998970612,-1808941.14213291,473423.79592391726,-1335517.3462089926,310.32989630582074,1637.2793805427025,1.0208735940394986,150
49500000,98999.99989751012,91.44999989688948,-1809709.0990542024,473869.0843661764,-1335840.0146880262,310.62178344225583,1631.5365850325888,1.0244669356452134,150
49525000,99049.9998973384,91.49999989671777,-1810544.07809034,472785.1332272968,-1337758.944863043,309.9112521013616,1637.1595589222322,1.0209483104760646,150
49550000,99099.9998971667,91.54999989654605,-1809505.6570907056,475266.8421017361,-1334238.8149889698,311.5380154037067,1634.4511461864715,1.022640101272687,150
49575000,99149.99989699498,91.59999989637434,-1807446.825390661,474793.39151537744,-1332653.4338752837,311.22766794623715,1638.0420306607418,1.0203982891618308,150
49600000,99199.99989682328,91.64999989620264,-1807485.361065564,472989.5621652249,-1334495.7989003388,310.04525552842915,1637.920810761305,1.0204738072071389,150
49625000,99249.99989665156,91.69999989603092,-1807445.800430043,474905.2672675809,-1332540.5331624618,311.3010026431395,1636.7749024388677,1.0211882422994447,150
49650000,99299.99989647984,91.7499998958592,-1807656.2733139663,472507.0547902868,-1335149.2185236798,309.7289713346042,1634.6862128831174,1.0224930463647972,150
49675000,99349.99989630812,91.79999989568748,-1808482.4136987224,475037.47779461805,-1333444.9359041045,311.38766681063424,1635.8903717434905,1.0217404017605394,150
49700000,99399.99989613642,91.84999989551578,-1807908.7358258383,474526.6521257667,-1333382.0837000718,311.0528199393746,1634.0606667321051,1.022884474053262,150
49725000,99449.9998959647,91.89999989534407,-1808525.8702189329,473816.92256355134,-1334708.9476553812,310.587591314739,1637.848494772108,1.0205188642274023,150
49750000,99499.999895793,91.94999989517235,-1810620.8628143948,473084.584644604,-1337536.2781697907,310.1075428837043,1633.4291658664956,1.0232799319306416,150
49775000,99549.99989562128,91.99999989500064,-1808857.096468932,472436.2377154242,-1336420.8587535075,309.68255065256835,1635.3410436755212,1.0220836149899977,150
49800000,99599.99989544955,92.04999989482891,-1810049.4768062928,473076.4633909903,-1336973.013415303,310.1022193917009,1630.8440747885868,1.0249019581335943,150
49825000,99649.99989527786,92.09999989465722,-1808039.596363389,472685.5665015082,-1335354.0298618807,309.84598598682425,1634.0924975906564,1.0228645490544903,150
49850000,99699.99989510614,92.1499998944855,-1804297.5899610743,473381.3993803683,-1330916.190580706,310.3021053179648,1633.6381033781176,1.023149057435104,150
49875000,99749.99989493444,92.1999998943138,-1811509.9312073125,472492.4382685381,-1339017.4929387742,309.71939018613284,1635.6966755788792,1.0218613943626549,150
49900000,99799.99989476272,92.24999989414208,-1808527.9338841175,474063.1541898789,-1334464.779694239,310.7489964568618,1637.8085794424317,1.0205437354775704,150
49925000,99849.999894591,92.29999989397037,-1809602.5390819616,472918.7067889905,-1336683.8322929714,309.99880973979566,1633.755162411063,1.0230757485073174,150
49950000,99899.99989441928,92.34999989379864,-1808427.84773855,472008.1138019982,-1336419.733936552,309.4019148864674,1633.9231196708556,1.0229705826049498,150
49975000,99949.99989424758,92.39999989362694,-1810828.3320562493,475331.7782279871,-1335496.5538282625,311.58058111649825,1632.6593633232792,1.0237624107083452,150
50000000,99999.99989407588,92.44999989345524,-1808386.7037101293,473390.74395799794,-1334995.9597521315,310.30823070040606,1632.9181520186803,1.0236001624423554,150
50025000,100049.99989390415,92.49999989328352,-1810313.5101512915,472563.1288608677,-1337750.3812904237,309.7657279587085,1633.4493832751232,1.0232672666661184,150
50050000,100099.99989373244,92.5499998931118,-1809944.876402433,471996.08440392045,-1337948.7919985126,309.3940296008306,1635.2758645618442,1.0221243533788973,150
50075000,100149.99989356071,92.59999989294008,-1809913.2252487105,473807.5234929113,-1336105.701755799,310.5814302120605,1634.7715861813983,1.0224396483215628,150
50100000,100199.99989338902,92.64999989276838,-1808026.888260018,473208.72107632953,-1334818.1671836886,310.1889144715223,1632.482459666587,1.023873350530679,150
50125000,100249.9998932173,92.69999989259667,-1807741.753586567,472962.7664681673,-1334778.9871183997,310.0276909151568,1635.2753016590916,1.0221247052197229,150
50150000,100299.9998930456,92.74999989242497,-1810114.460406701,472761.42842789966,-1337353.0319788014,309.8957135754104,1636.5747309039086,1.021313145131001,150
50175000,100349.99989287388,92.79999989225324,-1810309.5099124445,474246.448378573,-1336063.061533871,310.8691460291069,1632.64009137551,1.0237744953654668,150
50200000,100399.99989270217,92.84999989208153,-1809947.9561326616,473822.3896089628,-1336125.5665236989,310.5911749699127,1635.0882248957223,1.0222416504577232,150
50225000,100449.99989253044,92.8999998919098,-1807915.1222657615,472069.5359245974,-1335845.5863411643,309.442177165426,1635.653447499206,1.0218884007592957,150
50250000,100499.99989235874,92.9499998917381,-1809764.0256137648,473951.4800813856,-1335812.5455323795,310.67579393766624,1636.215691753869,1.0215372545839294,150
50275000,100549.99989218704,92.9999998915664,-1806815.1746938927,473197.6916415497,-1333617.4830523431,310.1816846630906,1635.5257786581085,1.0219681691796767,150
50300000,100599.99989201532,93.04999989139468,-1807069.9558356376,473761.70643050695,-1333308.2494051307,310.55139706977366,1636.41139106111,1.0214150884011868,150
50325000,100649.9998918436,93.09999989122296,-1809068.7523295088,472053.898099166,-1337014.854230343,309.4319265511003,1637.2371568572285,1.0208999219574564,150
50350000,100699.99989167188,93.14999989105124,-1805200.488841514,473350.2897343296,-1331850.1991071843,310.2817129056855,1633.6272193142736,1.023155874179788,150
50375000,100749.99989150018,93.19999989087954,-1808336.9847446647,475555.1572658012,-1332781.827478864,311.7270063579808,1636.3085192038093,1.0214793029829636,150
50400000,100799.99989132848,93.24999989070784,-1807309.3368303687,474355.75100387307,-1332953.585826496,310.9407940380735,1635.617973311765,1.0219105640402475,150
50425000,100849.99989115677,93.29999989053613,-1808924.1956045649,473990.0261919355,-1334934.1694126292,310.7010609618271,1636.9088344844158,1.0211046885747046,150
50450000,100899.99989098504,93.3499998903644,-1809053.036241007,475238.7367629136,-1333814.2994780934,311.51959231860303,1633.8943580113018,1.022988590092084,150
50475000,100949.99989081331,93.39999989019267,-1810011.4559270155,473123.541569221,-1336887.9143577942,310.13307919700515,1632.7337187298158,1.0237157881211028,150
50500000,100999.9998906416,93.44999989002096,-1806054.4516622843,472629.4687904376,-1333424.9828718468,309.8092138663489,1635.6012381658809,1.021921020025466,150
50525000,101049.9998904699,93.49999988984926,-1809967.0915667445,472876.9310286804,-1337090.160538064,309.97142567613696,1635.668538760419,1.021878972452508,150
50550000,101099.9998902982,93.54999988967757,-1807216.9987846976,475415.1842125922,-1331801.8145721054,311.635253844774,1636.3247175028564,1.0214691911591651,150
50575000,101149.99989012648,93.59999988950584,-1808152.0098448447,473222.9439816825,-1334929.0658631627,310.19823760394905,1635.0001893417211,1.022296692414665,150
50600000,101199.99988995476,93.64999988933413,-1810416.347834778,472692.82062828273,-1337723.5272064954,309.85074107608904,1633.347468217104,1.023331114894913,150
50625000,101249.99988978304,93.6999998891624,-1809706.2143562827,473335.8968100173,-1336370.3175462654,310.2722783256161,1633.839808340252,1.023022745026241,150
50650000,101299.99988961134,93.7499998889907,-1807929.8571044372,471248.2958319895,-1336681.561272448,308.90385324724633,1635.3360176517697,1.0220867562505518,150
50675000,101349.99988943964,93.799999888819,-1808256.6885685548,472287.3452284248,-1335969.34334013,309.58495143924387,1634.4090616184503,1.0226664333384554,150
50700000,101399.99988926791,93.84999988864728,-1809164.516912205,473419.6516373029,-1335744.8652749022,310.32717972070964,1637.8021368730224,1.0205477499575268,150
50725000,101449.9998890962,93.89999988847556,-1806643.2075495687,472802.551082368,-1333840.6564672012,309.92266952736475,1634.6964060119408,1.022486670622302,150
50750000,101499.99988892447,93.94999988830384,-1808102.349120953,472235.28519231046,-1335867.0639286428,309.55082601980337,1635.5607033472645,1.0219463467425378,150
50775000,101549.99988875278,93.99999988813214,-1809673.083069208,474188.17940874654,-1335484.9036604615,310.8309506457743,1632.4131322847545,1.0239168336767752,150
50800000,101599.99988858106,94.04999988796042,-1809635.9327988357,475283.7112801857,-1334352.2215186495,311.54907317149133,1632.2491561587772,1.0240196965975956,150
50825000,101649.99988840937,94.09999988778873,-1808633.837575811,472848.7774934278,-1335785.0600823832,309.95297099821244,1635.9641807033336,1.0216943044210176,150
50850000,101699.99988823764,94.149999887617,-1808257.5817597816,472784.7180408381,-1335472.8637189434,309.9109799461134,1638.5068555171542,1.0201088143350117,150
50875000,101749.99988806593,94.19999988744529,-1809234.8973219567,471320.6102383204,-1337914.2870836367,308.95125543195127,1636.789815064596,1.0211789383571086,150
50900000,101799.9998878942,94.24999988727356,-1808885.3680783731,474400.40970300825,-1334484.958375365,310.970067871774,1634.105168465343,1.0228566177482483,150
50925000,101849.9998877225,94.29999988710186,-1808883.262062029,472271.9280137137,-1336611.3340483154,309.57484543552414,1635.2298527899409,1.0221531137103728,150
50950000,101899.9998875508,94.34999988693016,-1808842.5058100063,473037.77102450887,-1335804.7347854977,310.07685649659214,1634.8234849402886,1.0224071901697949,150
50975000,101949.99988737908,94.39999988675844,-1809244.0459541632,473779.5468652841,-1335464.4990888792,310.56309149730794,1635.6958066559264,1.0218619372012536,150
51000000,101999.99988720736,94.44999988658672,-1809241.1875264244,473153.5851835064,-1336087.602342918,310.1527728241234,1635.1942346051349,1.0221753784895249,150
51025000,102049.99988703564,94.499999886415,-1807307.9992461903,474493.7075534087,-1332814.2916927815,311.03122473057493,1633.6451389053711,1.0231446510968447,150
51050000,102099.99988686394,94.5499998862433,-1807158.953703083,473134.3676825895,-1334024.5860204936,310.14017572799486,1634.19402881885,1.0228009992604572,150
51075000,102149.99988669224,94.5999998860716,-1808261.9134181251,473917.0013844893,-1334344.912033636,310.65319310829364,1634.5163369351649,1.0225993144831398,150
51100000,102199.99988652053,94.64999988589989,-1809105.0033333013,472679.2249298026,-1336425.7784034987,309.84182907855984,1632.0022608340937,1.024174614076291,150
51125000,102249.9998863488,94.69999988572816,-1808257.5357711448,473626.5897850253,-1334630.945986119,310.4628279379672,1635.0008970099143,1.022296249939768,150
51150000,102299.99988617707,94.74999988555643,-1809657.8031885056,473251.7240848352,-1336406.0791036703,310.2171029979236,1634.0377377236616,1.0228988272877078,150
51175000,102349.99988600536,94.79999988538472,-1808662.693949056,472276.192413231,-1336386.501535825,309.57764075479497,1635.8834669756395,1.0217447143417353,150
51200000,102399.99988583366,94.84999988521302,-1808552.8819604088,472228.3811050998,-1336324.500855309,309.5463003819148,1632.1378840219634,1.024089509853507,150
51225000,102449.99988566196,94.89999988504132,-1808528.6315634288,472420.2988436283,-1336108.3327198003,309.6721027019705,1633.6070592549208,1.0231685007677025,150
51250000,102499.99988549024,94.9499998848696,-1805351.890118355,470705.56478254026,-1334646.3253358146,308.5480923586986,1639.7988291453971,1.0193050854491057,150
51275000,102549.99988531852,94.99999988469789,-1808967.6491901828,471583.8248849076,-1337383.8243052752,309.123792965309,1637.6691079995333,1.020630649681809,150
51300000,102599.9998851468,95.04999988452616,-1809973.5736370524,471814.4281606178,-1338159.1454764346,309.2749537038589,1632.238672513868,1.0240262737355226,150
51325000,102649.9998849751,95.09999988435446,-1807680.1601551345,472418.3854926376,-1335261.7746624963,309.67084849797897,1634.024028870446,1.0229074090280188,150
51350000,102699.9998848034,95.14999988418276,-1806222.1970133707,472307.64477407903,-1333914.5522392916,309.59825781706473,1634.5881129800698,1.0225544113459315,150
51375000,102749.99988463167,95.19999988401104,-1812468.6688421157,474448.85107805824,-1338019.8177640573,311.0018212543154,1632.8020742016608,1.0236729313800206,150
51400000,102799.99988445996,95.24999988383932,-1809606.7543646384,473160.6832641685,-1336446.07110047,310.1574256249644,1633.294979297477,1.0233640015108163,150
51425000,102849.99988428823,95.2999998836676,-1809985.6340545572,474123.4593371449,-1335862.1747174126,310.7885265570784,1633.6266102423742,1.0231562556473084,150
51450000,102899.99988411654,95.3499998834959,-1810622.8137806407,474522.0031308196,-1336100.8106498215,311.04977251731367,1632.9494639971674,1.0235805348011011,150
51475000,102949.99988394482,95.39999988332418,-1809856.3212059203,470921.0225083013,-1338935.2986976192,308.68932517012337,1633.0778021274157,1.023500095025468,150
51500000,102999.99988377313,95.44999988315249,-1811575.1865042672,472781.6131698868,-1338793.5733343803,309.9089446992824,1631.4495231187402,1.0245216060783635,150
51525000,103049.9998836014,95.49999988298076,-1810050.7831643587,474619.7560748052,-1335431.0270895534,311.1138496955879,1632.5182726606226,1.0238508895446,150
51550000,103099.99988342969,95.54999988280905,-1809755.4983437592,472612.8530655916,-1337142.6452781677,309.7983222377217,1633.1454087925702,1.0234577256027346,150
51575000,103149.99988325796,95.59999988263732,-1808572.4375704173,473730.1607462815,-1334842.2768241358,310.53071883391215,1633.2145677779124,1.0234143869629504,150
51600000,103199.99988308626,95.64999988246562,-1806815.7007201172,472098.4365925607,-1334717.2641275567,309.46112158978616,1635.0747669454931,1.022250064309819,150
51625000,103249.99988291456,95.69999988229392,-1807432.1692765092,474654.20154725056,-1332777.9677292588,311.13642874629085,1635.184400180142,1.0221815261185554,150
51650000,103299.99988274284,95.7499998821222,-1810244.58455256,472317.2007677095,-1337927.3837848506,309.6045217829617,1634.9592715372748,1.0223222772331215,150
51675000,103349.99988257112,95.79999988195048,-1807910.81898446,472977.7686898222,-1334933.050294638,310.0375248904039,1636.23910347547,1.0215226381713534,150
51700000,103399.9998823994,95.84999988177876,-1810477.721792784,472719.534830397,-1337758.1869623866,309.8682522693231,1636.5538634151883,1.0213261677641154,150
51725000,103449.9998822277,95.89999988160706,-1811039.6705368368,472490.755981535,-1338548.9145553017,309.71828744487703,1633.2882700922328,1.0233682052752415,150
51750000,103499.99988205598,95.94999988143535,-1809284.67746144,471404.8891843406,-1337879.7882770991,309.00650038753736,1634.8172179312876,1.0224111095284811,150
51775000,103549.99988188429,95.99999988126365,-1808148.2737723868,472904.74885820586,-1335243.5249141809,309.98966029853324,1638.3300972490963,1.020218873148895,150
51800000,103599.99988171256,96.04999988109192,-1809055.169630601,473228.28474569577,-1335826.8848849053,310.2017384815067,1635.1300921754578,1.0222154761017244,150
51825000,103649.99988154085,96.09999988092021,-1808224.1085631456,474101.6872158487,-1334122.4213472968,310.7742549040639,1635.8319650880662,1.0217768825488185,150
51850000,103699.99988136912,96.14999988074848,-1807539.1490819808,471836.1278601921,-1335703.0212217886,309.28917788434313,1634.4329658655688,1.0226514764257812,150
51875000,103749.99988119742,96.19999988057678,-1809745.9307644377,474359.4192304933,-1335386.5115339444,310.9431985652571,1632.0520262394664,1.0241433843948702,150
51900000,103799.99988102572,96.24999988040508,-1810391.8379155928,475664.90278698725,-1334726.9351286057,311.79894468576015,1633.3875843320425,1.023305981810139,150
51925000,103849.999880854,96.29999988023336,-1810142.2620853456,472259.6790032943,-1337882.5830820512,309.56681619372006,1632.2671805055527,1.024008388837238,150
51950000,103899.99988068228,96.34999988006165,-1808728.3702981183,472337.01438367553,-1336391.3559144428,309.61750963325795,1635.7001105532042,1.0218592484511697,150
51975000,103949.99988051056,96.39999987988992,-1807710.0909355932,472387.7075272957,-1335322.3834082978,309.6507390529418,1632.6034907861915,1.0237974468966076,150
52000000,103999.99988033886,96.44999987971822,-1808049.6955633776,474613.9702753802,-1333435.7252879976,311.11005709675555,1633.607800850855,1.0231680362880395,150
52025000,104049.99988016716,96.49999987954652,-1809647.7268784076,473176.2247166892,-1336471.5021617182,310.1676130667254,1633.6724939423273,1.0231275190462985,150
52050000,104099.99987999543,96.5499998793748,-1809242.1241478168,472231.3348082842,-1337010.7893395324,309.54823653808364,1636.984948449893,1.0210572108461595,150
52075000,104149.99987982372,96.59999987920308,-1810683.804256764,470855.34909125866,-1339828.4551655056,308.64627616228654,1637.6310289486687,1.020654381918031,150
52100000,104199.999879652,96.64999987903136,-1808864.0759826377,474986.49538918753,-1333877.5805934502,311.3542477794683,1632.852376299432,1.0236413958311694,150
52125000,104249.9998794803,96.69999987885966,-1810157.688822831,474927.0669338232,-1335230.6218890075,311.31529235190084,1634.8004239771872,1.0224216125385082,150
52150000,104299.99987930858,96.74999987868794,-1807979.2147907084,473097.5395357781,-1334881.6752549305,310.1160348312349,1636.13563959855,1.0215872359283786,150
52175000,104349.99987913689,96.79999987851625,-1807945.293985854,475064.995341869,-1332880.2986439848,311.40570459762023,1635.6137418370008,1.021913207811605,150
52200000,104399.99987896516,96.84999987834452,-1810419.358789485,472840.97740488686,-1337578.381384598,309.94785803032,1632.3234102290787,1.023973114143368,150
52225000,104449.99987879345,96.8999998781728,-1807294.0531107085,472502.9953042113,-1334791.0578064972,309.7263103363533,1632.361819607249,1.0239490201158647,150
52250000,104499.99987862172,96.94999987800108,-1809421.9493582451,473897.6481596833,-1335524.301198562,310.6405070449844,1632.8834852814675,1.023621893862976,150
52275000,104549.99987845002,96.99999987782938,-1808086.8809037888,474151.13353243406,-1333935.7473713548,310.8066670270513,1636.9227384502883,1.0210960153463302,150
52300000,104599.99987827832,97.04999987765768,-1809553.2037522504,474856.9220136153,-1334696.2817386352,311.2693122680903,1632.3217048917109,1.0239741839199998,150
52325000,104649.9998781066,97.09999987748596,-1805921.3133792365,473466.96605922014,-1332454.3473200165,310.3581943840488,1641.2349493383697,1.018413168897729,150
52350000,104699.99987793488,97.14999987731424,-1805530.6694031293,472905.5967361288,-1332625.0726670003,309.9902160835828,1638.5210500644446,1.0200999771078023,150
52375000,104749.99987776316,97.19999987714252,-1807058.324743061,473666.6293388967,-1333391.6954041647,310.489073916112,1636.64278951328,1.0212706745608582,150
52400000,104799.99987759146,97.24999987697082,-1809270.752015978,473308.6663458259,-1335962.0856701522,310.2544287219383,1633.8065868204974,1.0230435469807733,150
52425000,104849.99987741974,97.2999998767991,-1808719.583696032,474604.6495859248,-1334114.9341101071,311.1039473730427,1638.068610611139,1.0203817317748352,150
52450000,104899.99987724805,97.34999987662741,-1806441.1278582355,473009.3254474727,-1333431.8024107628,310.0582103849096,1636.253166755551,1.0215138583814884,150
52475000,104949.99987707632,97.39999987645568,-1806814.0477075912,475033.95076457394,-1331780.096943017,311.3853548379846,1636.3022005429173,1.0214832474751985,150
52500000,104999.9998769046,97.44999987628397,-1811750.599804044,474293.44826785306,-1337457.1515361906,310.89995451590505,1636.1183087846598,1.0215980572352263,150
52525000,105049.9998767329,97.49999987611226,-1809015.1554273425,474343.78441292106,-1334671.371014421,310.93294992258694,1632.9001702766302,1.0236114344811604,150
52550000,105099.99987656118,97.54999987594054,-1810064.31502143,470899.21307075897,-1339165.101950671,308.6750290562625,1632.162577717687,1.0240740159590287,150
52575000,105149.99987638948,97.59999987576884,-1809636.572306664,472302.80093092687,-1337333.771375737,309.5950826717592,1632.7555262610224,1.0237021150918972,150
52600000,105199.99987621776,97.64999987559712,-1811556.0878171632,472674.14310527325,-1338881.94471189,309.838497936161,1631.2162412824682,1.0246681239191735,150
52625000,105249.99987604604,97.6999998754254,-1808081.2878013467,473685.99000762287,-1334395.297793724,310.50176485892035,1635.6251323746003,1.0219060911804243,150
52650000,105299.99987587432,97.74999987525368,-1810686.6530012125,472330.0762432368,-1338356.5767579756,309.61296167343545,1632.8360462374694,1.0236516333118153,150
52675000,105349.99987570262,97.79999987508198,-1807479.7538111005,473723.2256362143,-1333756.5281748862,310.526172860502,1634.3568358148975,1.0226991126010725,150
52700000,105399.9998755309,97.84999987491027,-1807835.21310346,472785.6542007859,-1335049.5589026744,309.9115936001418,1635.269740979926,1.0221281809200375,150
52725000,105449.9998753592,97.89999987473855,-1806682.636873252,474076.4685193484,-1332606.168353903,310.7577240166491,1636.6693916739491,1.0212540749918129,150
52750000,105499.99987518748,97.94999987456684,-1810483.563572672,473382.2092785519,-1337101.3542941203,310.30263620724725,1634.434950592951,1.022650234599432,150
52775000,105549.99987501575,97.99999987439512,-1807667.704571076,472645.5994373765,-1335022.1051336993,309.8197875257954,1635.5544021951348,1.0219502839025554,150
52800000,105599.99987484406,98.04999987422342,-1810721.7001314992,471974.0081700572,-1338747.691961442,309.3795586016443,1632.8323987194024,1.0236539200056791,150
52825000,105649.99987467234,98.0999998740517,-1808517.0515179187,472393.0105874067,-1336124.040930512,309.6542152155439,1634.4272864273444,1.0226550300166528,150
52850000,105699.99987450065,98.14999987388,-1811225.3395971656,472276.8886376337,-1338948.4509595318,309.5780971307705,1630.9046817763,1.0248638711619409,150
52875000,105749.99987432892,98.19999987370828,-1810364.647186828,472579.2064417696,-1337785.4407450582,309.7762668333005,1631.8748331563372,1.0242545884652805,150
52900000,105799.9998741572,98.24999987353657,-1808757.013359271,474455.5435478399,-1334301.4698114311,311.0062081767119,1635.288094588613,1.0221167090939276,150
52925000,105849.9998739855,98.29999987336485,-1810306.1330283023,472711.8975633741,-1337594.2354649282,309.8632460311414,1631.919935532988,1.0242262805101967,150
52950000,105899.99987381378,98.34999987319314,-1809895.491826769,474691.4253101375,-1335204.0665166315,311.1608289698881,1631.987400051737,1.024183940150766,150
52975000,105949.99987364208,98.39999987302144,-1810263.6743623,475436.2462299365,-1334827.4281323634,311.64906002375085,1632.1506531049852,1.024081497919101,150
53000000,105999.99987347035,98.44999987284972,-1808903.772422388,472678.50782471633,-1336225.2645976718,309.84135901526986,1634.3248896594096,1.0227191033049252,150
53025000,106049.99987329864,98.499999872678,-1808462.438209515,473100.770518309,-1335361.667691206,310.1181527443656,1635.7700750626484,1.021815541892327,150
53050000,106099.99987312692,98.54999987250628,-1809975.3451554067,471714.61133717385,-1338260.733818233,309.2095236499925,1634.099074295372,1.0228604323652335,150
53075000,106149.99987295522,98.59999987233458,-1807960.990270796,472647.2345727256,-1335313.7556980706,309.8208593590824,1634.8162370016605,1.0224117230000909,150
53100000,106199.9998727835,98.64999987216287,-1809322.9954644544,473402.792203813,-1335920.2032606413,310.3161283407584,1635.451025141522,1.0220148815014225,150
53125000,106249.9998726118,98.69999987199117,-1810540.228710629,474221.6842656548,-1336318.5444449745,310.8529131218044,1634.1175752892025,1.0228488518432233,150
53150000,106299.99987244008,98.74999987181944,-1809476.7594938453,473997.2995926188,-1335479.4599012267,310.7058286851635,1637.2564999417673,1.0208878607114045,150
53175000,106349.99987226837,98.79999987164773,-1809966.8434714647,472612.6953241868,-1337354.148147278,309.79821883803163,1630.2050344475729,1.0253037196807564,150
53200000,106399.99987209664,98.849999871476,-1809457.936005596,473209.9713072184,-1336247.9646983778,310.1897339994494,1631.359683244197,1.024578027046408,150
53225000,106449.99987192494,98.8999998713043,-1810627.2211260928,474739.7396780306,-1335887.481448062,311.19249909907774,1633.0516716127654,1.023516472084867,150
53250000,106499.99987175324,98.9499998711326,-1810847.0643635856,472149.6451510662,-1338697.4192125197,309.49468886457845,1631.874188079698,1.0242549933510936,150
53275000,106549.99987158152,98.99999987096088,-1809434.5745115357,472462.6200694315,-1336971.954442104,309.69984431894903,1629.3290682237418,1.0258549474499803,150
53300000,106599.9998714098,99.04999987078916,-1807175.7950780736,472272.17027168366,-1334903.62480639,309.57500423592955,1633.2311547354716,1.0234039932529404,150
53325000,106649.99987123808,99.09999987061744,-1806827.8805501584,471699.5465152339,-1335128.3340349244,309.1996486401794,1634.7282928330844,1.0224667261154805,150
53350000,106699.99987106638,99.14999987044574,-1808268.399796621,472290.541719118,-1335977.858077503,309.5870467429314,1632.1775847457247,1.0240646001285372,150
53375000,106749.99987089468,99.19999987027404,-1806621.7134073293,474668.52808651945,-1331953.18532081,311.1458198108804,1635.4950797917284,1.0219873519119629,150
53400000,106799.99987072295,99.24999987010231,-1810812.145965008,473113.0052842368,-1337699.140680771,310.12617264888746,1632.9799312964528,1.0235614373621806,150
53425000,106849.99987055124,99.2999998699306,-1808515.6920835087,471669.1372233742,-1336846.5548601346,309.17971531094923,1631.8715479700231,1.02425665043343,150
53450000,106899.99987037951,99.34999986975888,-1807635.9944020333,471018.439784318,-1336617.5546177153,308.7531823176199,1636.4631921711696,1.0213827562132929,150
53475000,106949.99987020782,99.39999986958718,-1807431.6008594828,474710.8134688627,-1332720.78739062,311.1735379324256,1635.975919123534,1.021686973581412,150
53500000,106999.9998700361,99.44999986941546,-1809048.147632422,473347.54335198295,-1335700.604280439,310.2799126485877,1630.6103860245876,1.0250488405978968,150
53525000,107049.9998698644,99.49999986924377,-1807398.2402224988,474132.3006219858,-1333265.9396005129,310.7943220304608,1637.4169867721382,1.0207878012529688,150
53550000,107099.99986969268,99.54999986907204,-1808914.3527256967,472097.9719584284,-1336816.3807672684,309.46081702152543,1637.0715804276083,1.0210031776526245,150
53575000,107149.99986952097,99.59999986890033,-1808088.2448106888,473100.446987997,-1334987.7978226922,310.1179406698373,1631.7444438513262,1.0243364345193289,150
53600000,107199.99986934924,99.6499998687286,-1808811.881071428,474152.06159524,-1334659.8194761877,310.80727537339305,1633.1531199022215,1.0234528932360392,150
53625000,107249.99986917754,99.6999998685569,-1808037.946656844,473664.4043942054,-1334373.5422626382,310.48761546205606,1634.9700398863245,1.02231554394575,150
53650000,107299.99986900584,99.7499998683852,-1807894.5660624576,472318.7808584019,-1335575.785204056,309.6055575344066,1635.2894894488668,1.0221158372544266,150
53675000,107349.99986883411,99.79999986821348,-1806848.729915564,474039.9691915393,-1332808.7607240246,310.73379866116056,1637.13795928871,1.0209617803911846,150
53700000,107399.9998686624,99.84999986804176,-1809268.7106002653,475083.1853464528,-1334185.5252538123,311.41762816860444,1633.8213638749091,1.0230342940902837,150
53725000,107449.99986849067,99.89999986787004,-1808595.6209428497,474481.9641936494,-1334113.6567492003,311.0235269434173,1637.2941494944034,1.0208643854114656,150
53750000,107499.99986831898,99.94999986769834,-1810272.2480158776,474322.3544713755,-1335949.8935445023,310.91890256883136,1629.5611622663182,1.0257088376706338,150
