time_ns,ligand_com_displacement_A,ligand_pocket_com_distance_A,contact_atoms_4A,contact_residues_4A,initial_contact_residue_fraction_4A,contact_atoms_6A,contact_residues_6A,contact_atoms_8A,contact_residues_8A,protein_ligand_min_heavy_distance_A,ligand_z_from_membrane_center_A,ligand_sasa_nm2
0.0,0.0,0.2356244364494382,62,24,1.0,195,40,367,80,2.6470857858657837,7.6301681511105635,0.09900163
0.05000000001018634,0.3313315816076141,0.44419258548192947,59,24,0.9166666666666666,183,38,356,76,2.5417155027389526,7.647531553096192,0.070552506
0.10000000002037268,0.537366496847486,0.5100793201266323,66,24,0.9583333333333334,191,41,365,80,2.554636299610138,7.13781118904345,0.06265633
0.15000000003055902,0.3865383974171827,0.4611327364401208,54,23,0.9583333333333334,186,39,363,78,2.4870872497558594,7.494540594093628,0.117903545
0.20000000004074536,0.4374780818755012,0.416682948420669,56,23,0.9166666666666666,180,36,364,77,2.6559242606163025,7.055194198481312,0.11680708
0.2500000000509317,0.4559032035730818,0.5629282604071445,65,23,0.875,189,37,360,81,2.6139146089553833,7.083532629610199,0.09037177
0.30000000006111804,0.2862208925179907,0.37523330008138434,65,24,0.9166666666666666,184,38,352,77,2.4463242292404175,7.338281461075873,0.07009316
0.3500000000713044,0.14727004020483442,0.5259981186620375,58,22,0.9166666666666666,184,38,360,79,2.6818984746932983,7.794099346377905,0.10450822
0.4000000000814907,0.36918978295749033,0.5105242943582219,60,23,0.9166666666666666,186,39,361,76,2.4306337535381317,6.787191291237011,0.06498695
0.45000000009167707,0.5678906306320723,0.7174971433779935,57,24,0.9166666666666666,184,35,359,76,2.515769600868225,6.84987992112104,0.048730776
0.5000000001018634,0.09084496654765603,0.4318899431273732,61,23,0.875,189,38,358,77,2.506508231163025,7.833653216148679,0.049664024
0.5500000001120497,0.22750281871460215,0.5055589036941219,58,24,0.9166666666666666,187,39,352,76,2.5246936082839966,7.685165307802411,0.06407179
0.6000000001222361,0.32375839717417026,0.39740168027907763,60,22,0.9166666666666666,191,37,364,80,2.665063440799713,7.592945154065376,0.107280366
0.6500000001324215,0.46931515507954874,0.41546227157647714,67,22,0.9166666666666666,185,39,356,78,2.519617974758148,7.651057789953786,0.09583208
0.7000000001426079,0.6627023845869868,0.6507742089195363,60,20,0.7916666666666666,185,38,356,78,2.6144567131996155,7.939086337857626,0.13699187
0.7500000001527942,0.3857489818558399,0.4655920986046396,58,21,0.875,191,39,369,79,2.547787129878998,8.090685515199665,0.1183353
0.8000000001629806,0.5997702525721195,0.30200444603259496,53,23,0.9166666666666666,185,36,349,77,2.561299204826355,8.280131460538422,0.3923527
0.8500000001731669,0.6167591134491042,0.48962293441958465,57,19,0.7083333333333334,183,37,358,78,2.556489109992981,8.671806349215405,0.080113664
0.9000000001833532,0.4916148647880119,0.5784846797501652,58,22,0.9166666666666666,191,38,366,82,2.6003992557525635,8.554038473593888,0.024936326
0.9500000001935396,0.942821593765028,0.582508543411862,47,22,0.875,187,38,350,79,2.569226324558258,9.574174197241963,0.31683552
1.000000000203726,0.507053424645491,0.5740443218244797,64,24,0.9166666666666666,188,38,360,79,2.6580917835235596,8.23106105924694,0.10216408
1.0500000002139123,0.1253711854747472,0.3816611755696985,62,25,0.9583333333333334,183,36,348,77,2.6526987552642822,8.535178951641669,0.14983469
1.1000000002240986,0.1643623879609585,0.304432935923954,54,25,0.9583333333333334,188,38,356,79,2.5241819024086,8.891379830657895,0.14136475
1.150000000234285,0.5170908614489316,0.42792455363509124,55,23,0.875,188,39,353,78,2.525250017642975,8.967349721687876,0.23385449
1.2000000002444713,0.16925526682369005,0.45968123185469223,56,23,0.875,180,36,345,80,2.576555609703064,8.958573775710468,0.23728426
1.2500000002546576,0.4514804075853456,0.36358291036170565,61,22,0.875,192,37,354,76,2.5114452838897705,8.201678316353584,0.14773177
1.300000000264844,0.1834410848619814,0.2566093862614073,63,21,0.8333333333333334,192,38,349,80,2.597312033176422,8.612092282314308,0.13459669
1.3500000002750303,0.23544345115213472,0.37435378585573975,60,21,0.8333333333333334,192,36,348,77,2.5380581617355347,8.167245309531381,0.024794227
1.4000000002852167,0.2649618680999387,0.5197536581330996,54,22,0.8333333333333334,189,38,354,77,2.5177672505378723,8.717263413164567,0.06481229
1.450000000295403,0.5318870936622447,0.6293577864061861,59,23,0.875,192,39,357,78,2.6890599727630615,8.57589317117152,0.059653863
1.5000000003055893,0.572358135209226,0.6961640283262481,66,24,0.9166666666666666,187,37,359,79,2.6016128063201904,8.346963243238505,0.09607973
1.5500000003157757,0.6672509518228033,0.6744543222643531,62,23,0.875,183,36,350,75,2.578183114528656,8.17733841374988,0.05889997
1.600000000325962,0.40948390538795904,0.5386352592681374,56,22,0.875,187,36,340,75,2.4813495576381683,8.903789619058804,0.10493966
1.6500000003361501,0.21919578649624527,0.26738930508369363,53,21,0.7916666666666666,190,38,354,80,2.687086760997772,8.541379076957085,0.20423757
1.700000000346333,0.16569195549320095,0.41471734577971153,67,24,0.875,204,39,363,81,2.7159100770950317,8.156880086289355,0.091108605
1.750000000356521,0.2372875756819351,0.6437844914571453,70,24,0.9166666666666666,190,37,357,79,2.6778051257133484,7.871884538798888,0.08963801
1.8000000003667074,0.35920994838670617,0.33704229272505903,58,21,0.8333333333333334,190,39,352,76,2.5244995951652527,8.368166318428978,0.10043891
1.8500000003768937,0.23213540259118773,0.3988069412208089,67,25,0.9166666666666666,192,39,357,81,2.526734173297882,8.047012647066456,0.12401321
1.90000000038708,0.5051274292006138,0.395468267079483,69,21,0.8333333333333334,187,40,351,78,2.5083479285240173,8.140633125376784,0.1071105
1.9500000003972664,0.3122718952457273,0.35017417168228326,69,24,0.8333333333333334,196,36,357,77,2.5496906042099,7.6280873980262776,0.07259585
2.0000000004074545,0.4082635820880135,0.45376136777963594,53,21,0.7916666666666666,186,38,361,78,2.493542581796646,7.589372028399071,0.12648235
2.0500000004176373,0.12672390476516351,0.41568737702166614,59,23,0.875,192,39,354,82,2.5789254903793335,7.9320683801169345,0.123232484
2.1000000004278254,0.13649186287947251,0.3079943368977284,67,24,0.9166666666666666,197,40,354,77,2.630709409713745,7.772828009725483,0.06406546
2.1500000004380118,0.39576569366728087,0.22258147444998042,53,19,0.75,190,38,351,78,2.509947121143341,7.548759137190926,0.17364156
2.200000000448198,0.43990571628568903,0.2391106202912402,54,18,0.7083333333333334,187,37,353,76,2.6242414116859436,7.88450792145964,0.03469224
2.250000000458386,0.4491583618262562,0.29797975323184167,50,19,0.75,183,36,346,78,2.6683175563812256,7.572062901279741,0.11876891
2.300000000468569,0.30112612813465484,0.4277407728506533,56,18,0.75,197,39,344,77,2.5092026591300964,7.700401333310722,0.111115575
2.350000000478757,0.6413036568427234,0.5038917234636391,57,19,0.75,185,38,338,74,2.57750540971756,7.960450668132726,0.11737691
2.4000000004889435,0.20133686713170762,0.4435371590713424,62,20,0.7916666666666666,186,37,345,76,2.520173192024231,7.512603367181763,0.045603838
2.45000000049913,0.09642512062823787,0.4237938705990515,52,18,0.75,187,37,345,79,2.6408708095550537,7.12852912594923,0.084263526
2.500000000509316,0.5739285390429204,0.5526323594716644,54,22,0.875,193,38,343,76,2.6302385330200195,7.663271460266845,0.1755755
2.5500000005195025,0.42417003930996455,0.3412632935376194,60,21,0.8333333333333334,189,38,355,78,2.5313028693199158,6.606094751770453,0.0933793
2.6000000005296906,0.28807046330162966,0.2822177798114308,56,19,0.75,196,42,350,79,2.5251001119613647,6.921023445056154,0.100248046
2.6500000005398734,0.3022812349991238,0.25363277192367584,63,23,0.875,192,37,351,79,2.5929442048072815,6.695286493897097,0.08419386
2.7000000005500615,0.5513698689987436,0.534599242395516,52,20,0.7916666666666666,184,37,336,74,2.4436210095882416,7.531144533737466,0.1298981
2.750000000560248,0.31965671912710386,0.4716096068487914,54,21,0.875,176,38,336,73,2.536841332912445,7.331821249845181,0.060206853
2.800000000570434,0.3871863823180639,0.504178986490032,55,23,0.8333333333333334,182,36,351,77,2.531915009021759,7.4284409568381005,0.14101812
2.8500000005806223,0.2649652359356355,0.2777548952919074,58,20,0.7916666666666666,175,36,348,76,2.6943382620811462,7.052151984474735,0.20987605
2.900000000590805,0.49355024891334753,0.4878495959389814,60,19,0.7916666666666666,189,38,359,81,2.5818845629692078,6.3960758627737135,0.106753424
2.950000000600993,0.3859836416209764,0.3719476062381196,53,23,0.875,188,37,349,80,2.4957068264484406,6.589394622750584,0.12001338
3.0000000006111796,0.36757439690531524,0.24905670374996194,68,22,0.8333333333333334,183,38,351,79,2.6022693514823914,6.1624379294771,0.050237678
3.050000000621366,0.5182411172012427,0.40510365570195905,59,20,0.7916666666666666,175,37,354,75,2.569321393966675,6.064920603018971,0.09718974
3.1000000006315522,0.07553434271964624,0.32531079724590123,60,21,0.8333333333333334,184,39,350,78,2.5906789302825928,5.785732299485407,0.07846851
3.1500000006417386,0.17846999669268598,0.3189965610775322,65,22,0.8333333333333334,193,40,354,79,2.4818314611911774,6.171120517521436,0.07697535
3.200000000651925,0.6204532563201559,0.08446466815525194,58,23,0.875,192,36,353,81,2.6782450079917908,6.313628295904206,0.12044449
3.2500000006621113,0.5761931592490763,0.755516634833381,55,21,0.7916666666666666,178,35,355,79,2.5475069880485535,5.358564135930326,0.017386392
3.3000000006722976,0.2740036377246814,0.6168934514034562,60,22,0.875,185,37,354,76,2.499585300683975,5.387786529586327,0.053120352
3.350000000682484,0.32330448398001205,0.3750981648462062,53,18,0.75,193,40,344,76,2.6714718341827393,6.488456282309416,0.13094847
3.4000000006926703,0.267705268602034,0.5040154550067896,62,21,0.8333333333333334,186,38,364,81,2.5001689791679382,5.993665923564748,0.0856714
3.4500000007028584,0.5337363676770629,0.3183253449619121,65,23,0.875,190,36,357,80,2.5192037224769592,6.0009106773295695,0.04606884
3.500000000713041,0.36428817881498554,0.24466878408158674,62,23,0.875,185,37,352,80,2.566920220851898,5.928109655628653,0.088152595
3.5500000007232293,0.13760998469252678,0.45063076573688765,61,25,0.9166666666666666,185,38,354,79,2.657528519630432,5.9701806105795985,0.13206318
3.6000000007334156,0.286701861423716,0.5472610760783757,56,20,0.8333333333333334,184,39,351,75,2.5320884585380554,6.276660502500189,0.0949872
3.650000000743602,0.3943127986345002,0.49561293112860644,58,23,0.9166666666666666,185,36,351,78,2.5453975796699524,6.343848989033409,0.06579812
3.70000000075379,0.8559983576526026,1.1130499919332495,62,23,0.875,187,37,355,75,2.4419477581977844,5.545505722081776,0.023801109
3.750000000763973,0.4356147786738166,0.5318730684280193,54,20,0.7916666666666666,176,37,355,78,2.469603568315506,6.118258173521207,0.09978468
3.800000000774161,0.28144026453329596,0.41169216946822856,55,18,0.75,181,38,349,78,2.6153668761253357,6.227125202090509,0.14896916
3.8500000007843473,0.3436527325774643,0.5699506608841002,65,23,0.8333333333333334,195,39,361,80,2.6279091835021973,5.801375091499166,0.02641238
3.9000000007945337,0.4101123252546872,0.23979274917816212,57,21,0.7916666666666666,184,39,354,75,2.56708562374115,5.903768491714443,0.22275
3.95000000080472,0.6294191285026594,0.6977935126403827,56,20,0.8333333333333334,187,39,353,76,2.442910671234131,5.211794972367301,0.08288574
4.000000000814906,0.7228573550310242,0.6211916588256904,55,19,0.75,180,38,345,77,2.621544599533081,5.3053810582880345,0.116788946
4.0500000008250945,0.1846181505556728,0.4492648928438991,58,20,0.8333333333333334,188,39,356,78,2.6013731956481934,5.573927630836142,0.14295007
4.100000000835277,0.36160641501747937,0.47879003716870716,57,22,0.8333333333333334,188,41,355,79,2.5123944878578186,5.746649019542174,0.089699544
4.150000000845465,0.525138137325651,0.48128919399261794,56,21,0.7916666666666666,182,37,353,76,2.478110194206238,5.697742912118766,0.14534509
4.200000000855652,0.44026143068487794,0.6573371753319878,59,20,0.7916666666666666,180,37,350,76,2.6277247071266174,5.9781523156916805,0.09034169
4.250000000865838,0.3303089790713769,0.465100866683284,58,22,0.875,186,39,355,77,2.600994110107422,5.926143218076909,0.14797808
4.300000000876026,0.503855972323915,0.5996959343583756,58,23,0.875,185,38,358,79,2.599276304244995,5.4314190231580906,0.087892525
4.350000000886209,0.47898911251344056,0.660994246338537,63,22,0.8333333333333334,177,37,362,79,2.4246205389499664,4.95290455739319,0.068725705
4.400000000896397,0.5037451096955768,0.6606118114353076,59,22,0.875,188,38,358,74,2.5105178356170654,5.044729952005369,0.08751383
4.450000000906583,0.32710712846195006,0.488127319990316,55,21,0.875,185,37,363,79,2.523382008075714,5.187792244397649,0.12526396
4.50000000091677,0.4186690715922011,0.45723172170986087,54,22,0.875,174,37,349,76,2.4917209148406982,5.454925796039349,0.20164056
4.550000000926956,0.3779850868746464,0.520068684699665,61,23,0.875,177,36,355,78,2.4714981019496918,5.109736637769204,0.10407023
4.6000000009371425,0.5068672944933647,0.5606501585118093,59,23,0.9166666666666666,179,37,357,80,2.5064578652381897,5.1725091503895815,0.14760391
4.650000000947331,0.5081073356587776,0.639012737752574,58,19,0.7916666666666666,179,37,349,80,2.532435953617096,5.454560742079506,0.09112064
4.700000000957513,0.3074569565709152,0.41274222372834485,59,22,0.8333333333333334,185,38,357,79,2.60548859834671,5.878987502409414,0.15293603
4.7500000009677015,0.3538104215362348,0.5058993872829891,59,23,0.9166666666666666,188,38,362,81,2.5331178307533264,5.943766005284514,0.086918585
4.800000000977888,0.5103463072963623,0.6273471866643736,59,21,0.875,180,34,352,77,2.489694505929947,6.323598190265232,0.11509387
4.850000000988074,0.48952168493647114,0.49882146649466097,59,22,0.8333333333333334,185,37,353,79,2.535228729248047,6.227637093138574,0.11758106
4.900000000998262,0.5980950816250252,0.8200691518216225,63,21,0.8333333333333334,183,38,360,77,2.4509648978710175,5.565888561994292,0.069950946
4.950000001008445,0.34095176835682667,0.6110237423833164,60,21,0.875,191,38,355,79,2.6311779022216797,5.5658635377252175,0.07383799
5.000000001018633,0.5565745023066293,0.6708020443899948,61,22,0.8333333333333334,173,36,352,77,2.4653777480125427,5.008799853133361,0.08675524
5.0500000010288195,0.17465332786187981,0.3641357479067891,56,22,0.875,184,37,354,78,2.519792914390564,5.535165834513149,0.14639875
5.100000001039006,0.4459569821407056,0.5366366843124284,57,21,0.8333333333333334,181,35,355,77,2.560740113258362,5.737497807520615,0.10384388
5.150000001049192,0.5678516425135379,0.7301946112822638,63,21,0.875,182,35,357,77,2.7559679746627808,5.830102913928901,0.115394264
5.2000000010593785,0.23639640263480388,0.35919015118476066,57,21,0.875,183,37,352,78,2.6440465450286865,6.1498266479468455,0.16597526
5.250000001069565,0.6625687426531024,0.6708742743507208,54,20,0.8333333333333334,183,37,352,76,2.580849528312683,5.99817489162489,0.11771939
5.300000001079751,0.2983707110132654,0.5691888756193721,59,23,0.875,190,39,351,76,2.41911917924881,6.231861020579457,0.111037806
5.350000001089938,0.44651836497360986,0.4427325093490591,59,22,0.875,185,37,353,81,2.695889472961426,6.475217592756337,0.08960408
5.400000001100124,0.24070427849035056,0.47182987445070096,58,21,0.875,185,39,346,75,2.6111724972724915,6.19334036856487,0.12457485
5.45000000111031,0.48678451710467424,0.6965947362736192,61,22,0.875,184,36,359,76,2.4147605895996094,6.134892588928382,0.09634702
5.500000001120498,0.7290987696412536,0.8486429881743165,61,21,0.8333333333333334,184,38,373,78,2.568340301513672,5.6918987619686146,0.08296575
5.550000001130681,0.3877567082584093,0.6452342865060495,60,21,0.875,185,39,355,79,2.5796985626220703,6.429190928320665,0.10922785
5.600000001140869,0.4907302008747269,0.6541867960953868,57,21,0.8333333333333334,185,36,353,78,2.6806166768074036,6.018400803206321,0.08382258
5.650000001151056,0.2973410025978419,0.5401489018381799,60,22,0.875,191,38,364,78,2.439757138490677,5.761297476163092,0.08969037
5.700000001161242,0.5168765939491775,0.6072929416486815,53,23,0.9166666666666666,185,38,360,81,2.5003132224082947,5.747625969513708,0.1249466
5.75000000117143,0.5946568552159196,0.6206531776722983,64,21,0.8333333333333334,181,39,355,80,2.47410386800766,6.312963994878675,0.11624739
5.800000001181615,0.41109062476229175,0.4920713869196379,55,22,0.9166666666666666,183,37,354,81,2.555111348628998,6.193812095980062,0.16932985
5.850000001191801,0.4341431438462763,0.5035269420806271,54,21,0.875,182,35,356,76,2.482481002807617,5.49618926001477,0.18915461
5.900000001201987,0.44927666044435605,0.5485261436434183,66,21,0.8333333333333334,183,37,361,78,2.5516653060913086,5.113474537990665,0.053322166
5.950000001212174,0.5353785284119327,0.5174515126949761,55,23,0.8333333333333334,181,36,363,81,2.4206487834453583,5.370522982330712,0.1892964
6.00000000122236,0.6785438076124175,0.5862247268393006,57,22,0.9166666666666666,188,38,353,79,2.6496416330337524,6.273999816632676,0.14905576
6.050000001232546,0.6379108667728366,0.6894067258540346,51,21,0.8333333333333334,186,38,365,79,2.4881529808044434,5.540516272601073,0.17614138
6.1000000012427344,0.29978570637790836,0.5115533785010248,66,22,0.875,185,37,353,74,2.5034326314926147,5.720309984792413,0.047912795
6.150000001252917,0.37744680179720186,0.6238905864776101,58,20,0.8333333333333334,188,36,360,78,2.5580543279647827,6.348309718131135,0.1372566
6.200000001263105,0.5656502326732067,0.7722106680186359,52,22,0.875,186,38,362,77,2.4922317266464233,6.562287677784022,0.21599604
6.250000001273292,0.3643951260015793,0.6504595922901255,57,22,0.875,183,38,357,78,2.4970804154872894,6.551558999868705,0.0832156
6.300000001283478,0.7252107220941827,0.6902711388863041,63,24,0.9166666666666666,184,38,368,82,2.4688148498535156,6.109455793789351,0.086139634
6.350000001293666,0.7036061696142109,0.7154228524324662,57,20,0.8333333333333334,186,37,368,79,2.6438555121421814,6.013634786672961,0.09215078
6.400000001303849,0.26432325848031407,0.5351058000294882,61,23,0.875,183,36,350,78,2.5616690516471863,6.91677382312152,0.20735946
6.450000001314037,0.5949913239592199,0.6491484068576664,57,20,0.7916666666666666,183,35,360,78,2.508825659751892,6.3896682694048135,0.14161472
6.500000001324223,0.5453036504488902,0.7064176353464962,50,23,0.875,176,36,357,79,2.5118404626846313,6.040712630093044,0.31000915
6.55000000133441,0.36857300995983583,0.4202590729670178,52,21,0.8333333333333334,182,37,348,79,2.4921324849128723,5.98317814824699,0.22877504
6.600000001344596,0.34340730338706765,0.49566078027809923,64,22,0.8333333333333334,183,38,361,82,2.4697667360305786,6.082686905350547,0.14725706
6.650000001354782,0.4402579782984594,0.46370159987252646,56,22,0.8333333333333334,183,36,352,78,2.558946907520294,6.913535890214337,0.25947383
6.7000000013649705,0.34068747649507447,0.5300005496602858,57,22,0.875,177,37,350,76,2.598280906677246,6.44796823193583,0.19422336
6.750000001375153,0.32410810807828716,0.5215477410971737,53,22,0.875,187,38,361,81,2.604144513607025,6.560974200040226,0.112919256
6.800000001385341,0.5147474622294492,0.5464336679303561,59,23,0.875,184,37,360,79,2.4595199525356293,6.196601618290494,0.14338309
6.850000001395528,0.2816441527656442,0.4584986651442088,60,23,0.875,184,36,354,78,2.483125180006027,6.258393503882527,0.10815658
6.900000001405714,0.442706001028872,0.6111361906740677,55,23,0.9166666666666666,184,37,357,77,2.52573162317276,6.167520138814391,0.18146494
6.950000001415902,0.5000541138155933,0.68085311000111,60,21,0.875,184,37,353,75,2.462860643863678,5.996672150423539,0.11428784
7.000000001426085,0.3513591441759278,0.5218340756490585,56,22,0.875,190,39,367,80,2.5222352147102356,5.877611760635979,0.115829185
7.050000001436273,0.4706488859994367,0.6262682490468842,51,21,0.8333333333333334,175,36,352,77,2.5035160779953003,6.198046941156372,0.16218247
7.1000000014464595,0.4893520289656089,0.6425633507012675,60,24,0.9166666666666666,188,38,360,77,2.6482805609703064,5.919964628966881,0.16720596
7.150000001456646,0.10119397130556318,0.3005681124316615,51,20,0.8333333333333334,185,40,350,77,2.5440621376037598,6.360297571851978,0.21975395
7.200000001466832,0.15097185013171036,0.3586067859584018,59,21,0.875,185,39,363,78,2.527821362018585,5.937628869882019,0.16020285
7.2500000014770185,0.5036055594889185,0.6633507299503112,55,20,0.7916666666666666,181,38,360,77,2.709636390209198,6.194019034306564,0.23161066
7.300000001487205,0.21228939721948,0.6316382206764435,54,22,0.875,185,39,356,75,2.525191307067871,6.59536169098609,0.20244545
7.350000001497391,0.26824727761641876,0.7029985193818099,54,22,0.875,182,39,358,76,2.4415820837020874,6.274272243859942,0.13667493
7.4000000015075775,0.4406383996943539,0.72126536416688,48,22,0.875,182,38,354,77,2.4481458961963654,7.000380443214382,0.17283493
7.450000001517764,0.12236537866166823,0.46205599092765726,63,22,0.875,185,40,356,76,2.4385321140289307,7.14881327709219,0.07647678
7.50000000152795,0.4285094222706149,0.43227920874227066,63,22,0.875,183,40,361,80,2.623140513896942,7.334095930499576,0.12771547
7.550000001538138,0.11426691430191573,0.4989111631700198,55,22,0.875,186,38,360,80,2.523588538169861,7.22904309635398,0.15575925
7.600000001548321,0.48112143532796636,0.6201536300995791,59,19,0.7916666666666666,184,40,361,78,2.512938976287842,7.496321617411983,0.21999876
7.650000001558509,0.26183194531666515,0.5820959714417574,57,21,0.875,180,40,363,81,2.4852459132671356,7.80972087744245,0.17898694
7.700000001568696,0.6515487040966879,0.8106047008076983,58,21,0.875,181,39,362,76,2.6242944598197937,7.792302469783365,0.083955556
7.750000001578882,0.32411439912458795,0.6193880923885738,58,21,0.875,184,38,358,76,2.6616451144218445,8.20222172946833,0.09268753
7.80000000158907,0.39317973586454413,0.5799879531062185,57,21,0.875,187,38,358,77,2.7624985575675964,7.790713233690907,0.06646911
7.850000001599255,0.2887564571457095,0.6103925053920949,63,24,0.9166666666666666,189,39,350,75,2.6123929023742676,7.697933937395991,0.08403556
7.900000001609441,0.35183025639942694,0.6482404239456508,60,21,0.8333333333333334,181,37,356,79,2.682148814201355,7.76235685320124,0.21228372
7.950000001619627,0.22892441624377213,0.39709076095419293,66,22,0.875,185,37,362,79,2.523362636566162,7.869663628200847,0.12085714
8.000000001629813,0.29461346791930937,0.4454457005851973,59,22,0.875,186,42,372,81,2.596617341041565,7.699711375232248,0.09407158
8.050000001639999,0.612664459464004,0.677417180118942,51,23,0.875,178,36,364,80,2.4763906002044678,7.69292167077495,0.15923902
8.100000001650185,0.43862661083457244,0.6812176881309949,62,23,0.9166666666666666,196,40,371,79,2.5577130913734436,7.643350972476535,0.14014904
8.150000001660372,0.29987350294678994,0.36488371987023044,60,22,0.875,184,39,363,80,2.519725263118744,7.675033136045126,0.22785756
8.200000001670556,0.6451280495019815,0.7326708706908467,53,22,0.875,177,35,353,76,2.4440784752368927,8.270198735913592,0.23859638
8.250000001680746,0.5356129824770005,0.5477471887895249,54,22,0.875,185,37,360,77,2.5143039226531982,7.936697604325866,0.29669407
8.300000001690933,0.4550545585773368,0.4699834411016036,62,22,0.875,180,37,355,76,2.499442547559738,7.789449705060534,0.18769611
8.350000001701119,0.5151982137713665,0.6279339392494538,58,21,0.875,191,39,359,78,2.5245559215545654,8.212823793888733,0.25219026
8.400000001711305,0.3855588019216031,0.5633717557505722,58,22,0.9166666666666666,187,39,352,77,2.5255706906318665,8.04316867492946,0.17641163
8.450000001721488,0.42554283846064045,0.372006479867914,56,21,0.875,185,38,354,78,2.5425678491592407,8.236957284771353,0.13736278
8.500000001731678,0.1526052690010226,0.5309752359505532,57,23,0.9166666666666666,181,36,356,76,2.547985315322876,8.353210465542809,0.114909574
8.550000001741864,0.2353266860521919,0.3532835533855356,54,20,0.8333333333333334,178,37,350,77,2.53489226102829,8.26845900169812,0.19818625
8.60000000175205,0.3296980730028449,0.5658486287011928,59,21,0.8333333333333334,181,36,354,79,2.5498047471046448,8.20826605222825,0.1231953
8.650000001762237,0.4751117612318692,0.5541458527138371,54,21,0.875,186,39,354,80,2.6011088490486145,7.8665588064552505,0.14456269
8.700000001772423,0.6090257792440834,0.6556192848869585,56,23,0.9166666666666666,189,38,357,77,2.5336140394210815,8.201178392287307,0.19094038
8.75000000178261,0.5971091354564785,0.48248617003678046,57,23,0.9583333333333334,181,37,359,80,2.583373188972473,8.193080034482083,0.2523723
8.800000001792792,0.3017256558800152,0.48854002004856895,60,21,0.875,181,38,359,79,2.511829137802124,8.099698150696284,0.11453414
8.850000001802979,0.04175425100185859,0.48726640991691156,64,21,0.8333333333333334,177,37,357,79,2.576500177383423,8.136512665982822,0.10678903
8.900000001813165,0.31718113625740235,0.582411922644516,53,22,0.875,184,37,355,80,2.5034812092781067,8.026631376271869,0.17183499
8.950000001823351,0.7759653929061119,0.8200985810207716,54,21,0.875,180,37,349,77,2.6113781332969666,7.654900426121749,0.29391873
9.000000001833538,0.8709754362602694,0.7374132313603953,59,21,0.875,181,39,363,78,2.697548568248749,7.800468986287026,0.17190124
9.050000001843724,0.3937748621771692,0.594565888378666,59,23,0.9166666666666666,186,39,370,76,2.507956624031067,7.097944843433881,0.09419115
9.10000000185391,0.46557833188175474,0.6617383344499512,65,22,0.9166666666666666,187,39,364,81,2.580893039703369,8.06096196359209,0.16487402
9.150000001864097,0.4278847901870413,0.6002700916336549,62,22,0.875,188,38,363,81,2.5588536262512207,7.130438945852244,0.18088815
9.200000001874283,0.4148247245801553,0.6022454536958912,64,22,0.875,185,39,356,81,2.488422691822052,7.313525527503533,0.1404694
9.25000000188447,0.30908045590597216,0.5144805280530916,58,22,0.875,182,36,354,80,2.5253137946128845,7.560103834161893,0.16196679
9.300000001894656,0.5390753557403538,0.5501874600681632,60,20,0.8333333333333334,188,39,362,81,2.5733670592308044,7.432226101325439,0.110616654
9.350000001904842,0.21113406154160197,0.49347187837950957,63,21,0.875,187,39,366,81,2.541976571083069,7.199152953908783,0.106569104
9.400000001915028,0.3625594647868497,0.6181719333360316,56,22,0.9166666666666666,185,37,371,79,2.447146624326706,6.792530983537208,0.18908598
9.450000001925215,0.3332018884517604,0.5249215478725245,61,21,0.875,190,40,363,79,2.524358630180359,6.985178952889024,0.060149387
9.500000001935401,0.5352475481409882,0.4660974442809024,62,22,0.9166666666666666,180,36,367,79,2.516467869281769,6.850777120438796,0.12612207
9.550000001945588,0.6444043048883469,0.6331129955085892,59,22,0.9166666666666666,184,37,363,79,2.492232918739319,6.487882400577538,0.17015909
9.600000001955774,0.5215916646529618,0.600228715678234,52,22,0.9166666666666666,186,38,363,79,2.433548718690872,6.6019200083164264,0.18348971
9.65000000196596,0.2441807601010401,0.5774309180046475,60,22,0.875,183,39,363,78,2.3999494314193726,5.96391934728655,0.16013671
9.700000001976147,0.5460428982167227,0.5540050599722506,64,23,0.9166666666666666,183,39,359,79,2.458871901035309,6.663412744306472,0.23551017
9.750000001986333,0.32072075214396456,0.5997722774435067,60,22,0.8333333333333334,183,37,362,79,2.576451599597931,5.754037779206236,0.122456014
9.80000000199652,0.3162336708529615,0.6565357986468717,63,22,0.8333333333333334,186,37,368,78,2.7037349343299866,6.371417059671289,0.022004746
9.850000002006706,0.4575494631551757,0.5226744473046017,56,21,0.8333333333333334,183,38,360,80,2.4585090577602386,6.990781171418998,0.08866946
9.900000002016892,0.43872925555495346,0.5474239029406913,60,21,0.7916666666666666,183,37,362,79,2.4887555837631226,5.9070006214844994,0.11031787
9.950000002027078,0.2747838198577844,0.497586337964542,63,21,0.8333333333333334,182,36,359,77,2.6029369235038757,6.17654081982872,0.10549082
10.000000002037265,0.23471564491319824,0.4756973755684377,57,21,0.7916666666666666,173,36,356,80,2.584638297557831,6.309277748138786,0.11652874
10.050000002047451,0.3823609656425423,0.5562318698657821,52,20,0.8333333333333334,180,38,354,79,2.586199641227722,6.039187540738888,0.12723552
10.100000002057637,0.2189276731126913,0.5707158832266253,62,22,0.8333333333333334,185,39,354,77,2.44103342294693,6.296858410372108,0.05837345
10.150000002067824,0.3931115432888199,0.4182644891919202,56,22,0.9166666666666666,180,37,357,80,2.5252631306648254,6.810080550655595,0.11443616
10.20000000207801,0.463144079339209,0.6742704019722946,55,21,0.8333333333333334,178,38,363,78,2.3848332464694977,6.293923680985101,0.16004881
10.250000002088196,0.45830778475983125,0.6019099906603737,56,22,0.9166666666666666,189,38,365,77,2.6082035899162292,6.558000391742382,0.032007653
10.300000002098383,0.200814791412408,0.4542674555623504,57,20,0.7916666666666666,187,40,370,80,2.6725462079048157,6.9080349577192735,0.0650942
10.350000002108569,0.4819380931953382,0.5980379023827374,56,23,0.9166666666666666,180,36,353,78,2.5488173961639404,7.1756899413646025,0.15193395
10.400000002118755,0.30977912738496177,0.5350285527503438,60,22,0.8333333333333334,178,36,359,81,2.4199777841567993,6.91519549698044,0.1445938
10.450000002128942,0.3805516881623156,0.5244881274747768,59,21,0.8333333333333334,179,38,356,80,2.605389952659607,6.879528751076736,0.11830864
10.500000002139128,0.4482376719907848,0.6314361244160792,55,20,0.7916666666666666,184,38,364,79,2.454248368740082,7.23558675017002,0.14432752
10.550000002149318,0.2995238559326722,0.6230554438417578,60,23,0.875,183,37,363,79,2.4448958039283752,6.597009936506062,0.16659181
10.6000000021595,0.5554322720439713,0.7885224942730235,57,21,0.7916666666666666,176,37,361,78,2.4863263964653015,6.443435711409613,0.18585569
10.65000000216969,0.21486127821372736,0.48753493656175156,65,24,0.9166666666666666,187,36,368,83,2.580885589122772,6.711816370711725,0.13478495
10.700000002179873,0.4301782734317467,0.6432148064337584,53,22,0.875,179,37,356,77,2.6333484053611755,6.671007872647232,0.19120097
10.75000000219006,0.45518057726275907,0.5180821445430737,53,20,0.8333333333333334,185,40,362,80,2.5363689661026,6.774823230955853,0.25686747
10.800000002200246,0.7083851631400417,0.7358881335750849,48,21,0.8333333333333334,178,36,363,82,2.609001100063324,6.812056874066759,0.2544564
10.850000002210432,0.8949863621626462,0.739628179704646,56,22,0.9166666666666666,184,37,363,79,2.528788447380066,6.9679729446785466,0.26695985
10.900000002220619,0.5127012574444698,0.5007757413354992,56,22,0.875,182,41,346,75,2.4753831326961517,7.632786414067576,0.095207505
10.950000002230805,0.6683115468405786,0.6050403813148877,55,21,0.875,182,37,359,78,2.4989455938339233,7.15494269679712,0.17064267
11.000000002240991,0.16784730817403778,0.4941107979546947,60,21,0.875,178,37,362,80,2.640382945537567,7.310882616119763,0.2161425
11.050000002251178,0.4431899899388178,0.6195604284926401,55,20,0.8333333333333334,180,36,364,76,2.523236572742462,6.746620964193406,0.23343569
11.100000002261364,0.8935864597241447,0.8224175857025522,57,20,0.8333333333333334,188,39,362,76,2.497996836900711,7.0480789929650545,0.16377677
11.15000000227155,0.7770383434317524,0.6401818842542016,46,21,0.875,185,39,353,78,2.5973695516586304,7.536018197719132,0.16110769
11.200000002281737,0.5036729719598947,0.469221631808697,57,22,0.9166666666666666,180,38,355,79,2.6354822516441345,7.937716663301986,0.17519774
11.25000000229192,0.6775755482728242,0.790225244178036,61,23,0.9166666666666666,185,40,354,76,2.609739899635315,8.178964700783862,0.07579721
11.30000000230211,0.5066008855549573,0.5556674971595431,62,21,0.875,184,39,370,81,2.539184093475342,8.121869515912712,0.22442082
11.350000002312292,0.463356607861029,0.5037968902128133,60,22,0.8333333333333334,182,38,356,76,2.534332275390625,7.794909943147337,0.21797158
11.400000002322482,0.5028652467560782,0.7325919925243478,57,21,0.8333333333333334,182,38,363,78,2.5586989521980286,7.407456379105382,0.13915703
11.450000002332668,0.6666622293484208,0.7485528130832669,55,21,0.8333333333333334,182,37,361,76,2.4553832411766052,7.889361415048866,0.10758504
11.500000002342851,0.6419201766267888,0.6750487509013061,59,21,0.8333333333333334,183,38,355,73,2.511920928955078,7.805915146159146,0.17742814
11.550000002353041,0.2779425202215686,0.5870620316385554,62,23,0.875,182,37,365,78,2.5381800532341003,7.594532696580467,0.0841777
11.600000002363227,0.5801478952825339,0.6638132129113996,56,23,0.9166666666666666,184,38,359,77,2.638607621192932,7.9935505722130085,0.1316218
11.650000002373414,0.4943361502542336,0.7582870390238781,63,21,0.875,180,37,364,79,2.635773718357086,7.399834067636908,0.19699113
11.7000000023836,0.4770371723342518,0.4610608581825975,56,22,0.9166666666666666,185,40,358,78,2.4575378000736237,7.997862641020168,0.17608684
11.750000002393787,0.80764668201067,0.8096326350718206,58,24,0.9166666666666666,185,38,366,77,2.5007519125938416,7.746541559161457,0.23927772
11.80000000240397,0.32256188699446436,0.603869458882939,56,21,0.8333333333333334,177,39,353,75,2.579188048839569,7.727736465049828,0.09645694
11.85000000241416,0.6380557601790895,0.6209153206926891,50,21,0.875,180,40,360,78,2.5904834270477295,8.158417119031771,0.27652937
11.900000002424346,0.5068535485903694,0.6312725226231887,56,22,0.875,187,39,361,81,2.686910033226013,8.005524384018683,0.1975558
11.950000002434532,0.1890384249368487,0.3994575401117312,54,21,0.875,181,38,361,79,2.4809324741363525,7.70615046183182,0.18280584
12.000000002444722,0.39995121447507076,0.5860389416681017,60,22,0.875,184,39,362,78,2.6924824714660645,7.794691940161327,0.1190629
12.050000002454905,0.4603385703130348,0.6456802383282265,56,21,0.875,185,39,365,81,2.5544312596321106,7.877918303161628,0.22450261
12.10000000246509,0.5003437549404209,0.4792090784620905,60,21,0.8333333333333334,179,40,369,78,2.5434616208076477,8.017115540412272,0.16321477
12.15000000247528,0.4631196556134305,0.7238562374343955,65,23,0.9166666666666666,191,40,365,80,2.4992944300174713,7.745183505539126,0.13547564
12.200000002485464,0.4329960919545719,0.617675850709472,55,20,0.8333333333333334,183,39,363,80,2.455322742462158,8.403365107476688,0.26939705
12.25000000249565,0.5304318246866164,0.47181228590011864,59,23,0.9166666666666666,187,38,355,81,2.549130916595459,8.244100510860495,0.18443671
12.300000002505836,0.3758479999852641,0.42804239108823605,58,20,0.8333333333333334,184,37,363,80,2.5220486521720886,7.764569230525433,0.12245361
12.350000002516023,0.16629849530082177,0.5984294003009348,62,23,0.9166666666666666,188,39,370,77,2.600427269935608,7.655153625251057,0.11363465
12.400000002526209,0.30921481773576687,0.6233167097392749,58,21,0.875,185,40,362,79,2.631753087043762,7.816666760488342,0.24628538
12.450000002536395,0.44355010885592855,0.6409820316736523,54,20,0.8333333333333334,182,39,363,80,2.682373821735382,8.10456927447901,0.21052502
12.500000002546582,0.2671472183558982,0.5892897568493137,59,23,0.9166666666666666,190,40,365,79,2.43218794465065,7.932202617869688,0.14930665
12.550000002556768,0.11643827858972854,0.4590637071288076,60,21,0.875,183,36,356,77,2.6558664441108704,8.107571422240794,0.09972211
12.600000002566958,0.5040201427003872,0.5302397984584551,58,22,0.9166666666666666,184,39,356,77,2.536133825778961,8.169827044480469,0.14992477
12.65000000257714,0.25778062820797687,0.312032701752799,63,22,0.9166666666666666,180,37,361,83,2.647036910057068,8.530272366971712,0.1893445
12.70000000258733,0.20440939696119098,0.6692078525122147,56,21,0.875,176,37,359,77,2.569315731525421,8.0468776235693,0.19040576
12.750000002597513,0.5908016030199624,0.6040074144861869,49,21,0.875,181,37,364,80,2.5605490803718567,8.293782440297433,0.15264232
12.8000000026077,0.3903477572344672,0.4518577040548334,50,21,0.8333333333333334,172,35,357,81,2.4437296390533447,8.571797894101394,0.21507117
12.850000002617886,0.42652025957962303,0.3949071135943261,63,22,0.875,177,36,353,76,2.631807327270508,8.61062836131361,0.1003765
12.900000002628072,0.5517382476929884,0.7209890849862555,57,22,0.9166666666666666,181,38,354,80,2.6798036694526672,9.56625235254192,0.13103913
12.950000002638259,0.30887922220685876,0.6124378119187752,56,20,0.8333333333333334,181,37,357,76,2.454274892807007,8.635831617379264,0.15574008
13.000000002648445,0.3986283464740823,0.5030125066843383,59,22,0.9166666666666666,184,38,361,79,2.5592854619026184,9.182883644551962,0.23152983
13.050000002658631,0.4713637560809911,0.44161307925930365,62,24,0.9583333333333334,186,40,361,79,2.457704097032547,9.358105392968037,0.14849786
13.100000002668818,0.43090212636366443,0.3580891425021699,61,22,0.875,182,39,352,79,2.575663924217224,9.066937937090671,0.16034855
13.150000002679004,0.41567792189386,0.4275939902701104,55,21,0.8333333333333334,178,39,348,74,2.602945864200592,8.951235554714874,0.16767679
13.20000000268919,0.5479259169648625,0.6778295377892638,60,22,0.9166666666666666,180,37,361,78,2.474033534526825,8.94728793935557,0.10511183
13.250000002699377,0.5204699461584611,0.37396072654300583,60,20,0.8333333333333334,185,38,358,77,2.520085573196411,8.71240120742752,0.18025658
13.30000000270956,0.35528801215123945,0.5335780057014959,66,22,0.875,183,36,354,77,2.449228912591934,8.267779096179764,0.18182564
13.35000000271975,0.35141341172728024,0.4811102915381307,53,21,0.8333333333333334,182,37,353,79,2.5289559364318848,8.55050387292847,0.16497844
13.400000002729932,0.198939569697532,0.4530840534897485,61,20,0.8333333333333334,190,37,362,77,2.521555721759796,7.842547300403622,0.06306353
13.450000002740122,0.3249218682067917,0.6115333827992397,59,20,0.8333333333333334,181,38,364,79,2.61981338262558,8.076544009196462,0.27601346
13.500000002750308,0.499021510903207,0.5916337011230409,60,20,0.8333333333333334,175,37,354,75,2.533789277076721,8.340691491625627,0.2462032
13.550000002760491,0.5714405637606299,0.7466490154323978,62,22,0.875,183,38,364,77,2.5539574027061462,7.518062910524108,0.17194569
13.600000002770681,0.5381275933300722,0.5029855951219767,64,21,0.875,185,37,361,79,2.6577121019363403,7.968946668417667,0.18371221
13.650000002780867,0.5929982934883121,0.6646026187461311,52,18,0.75,182,38,362,79,2.546674907207489,8.07149445068033,0.22912048
13.700000002791054,0.3030595684275194,0.6536511534192119,62,22,0.875,188,38,351,77,2.6473528146743774,7.7922397536118115,0.24691108
13.75000000280124,0.33655780236209687,0.5093983046519109,67,24,0.9166666666666666,187,38,366,78,2.5499707460403442,7.8894688019342585,0.16930482
13.800000002811426,0.33268666242632056,0.4833679017590314,59,22,0.875,185,37,354,75,2.645885944366455,7.887750449198787,0.18682465
13.85000000282161,0.7579750491360473,0.5154643649979638,58,22,0.875,184,39,349,76,2.518816590309143,8.529641525970968,0.20401084
13.9000000028318,0.8568638528243395,0.7109078283664934,62,22,0.9166666666666666,184,37,356,75,2.5921568274497986,8.52947385073894,0.23261392
13.950000002841985,0.8179044894361029,0.5553624662028839,51,19,0.7916666666666666,185,38,350,75,2.5536158680915833,8.838531923743007,0.15854439
14.000000002852172,0.37945717389044886,0.5082763098434913,61,19,0.7916666666666666,183,40,354,77,2.5909730792045593,8.986242358123118,0.16544518
14.050000002862362,0.32602847506901894,0.41501526639276026,58,21,0.875,183,37,363,80,2.5448501110076904,8.531775470953855,0.22395223
14.100000002872545,0.4976396679461884,0.42400320522363444,58,20,0.8333333333333334,188,41,355,78,2.6509514451026917,8.868623438984429,0.2128364
14.15000000288273,0.5919384631533455,0.590753392346349,62,20,0.8333333333333334,184,40,365,80,2.617643177509308,8.762153920074596,0.2216629
14.20000000289292,0.7989516542009285,0.7905350515017356,59,22,0.9166666666666666,186,37,368,82,2.649409770965576,9.219973304954587,0.18429875
14.250000002903104,0.2595406202926304,0.43229707878062706,54,18,0.75,183,36,357,78,2.6043730974197388,8.869428843764018,0.2359382
14.30000000291329,0.544476479793294,0.5131816349666123,63,22,0.875,186,38,359,77,2.5810348987579346,8.825574950161332,0.19221132
14.350000002923476,0.18661614478705071,0.5272611626612418,60,21,0.8333333333333334,188,41,361,78,2.5373369455337524,8.377882326742743,0.202321
14.400000002933663,0.2984030280681801,0.4474361254958581,67,23,0.875,187,36,362,78,2.488233596086502,8.897916404557957,0.15630908
14.450000002943849,0.13399374202776743,0.39098982541529426,68,20,0.7916666666666666,191,40,359,79,2.5922948122024536,8.643475189174366,0.11887617
14.500000002954035,0.4847914060845498,0.3899751679656609,60,21,0.875,180,39,352,75,2.605948746204376,8.889698938857258,0.28151584
14.550000002964222,0.3745108845875127,0.467875802728846,49,22,0.875,187,38,357,77,2.643921673297882,8.643591237794022,0.26435018
14.600000002974408,0.6838228746250307,0.5686690408969096,60,19,0.7916666666666666,182,38,355,77,2.5482621788978577,8.911465662363325,0.18115911
14.650000002984598,0.8746000954559202,0.6451427419931848,52,18,0.75,183,37,359,78,2.7573490142822266,9.57168233059857,0.2593939
14.70000000299478,0.3218543562014965,0.509278834939839,73,23,0.9166666666666666,192,39,356,77,2.5470635294914246,9.127212050966653,0.09818132
14.75000000300497,0.6923344599506475,0.6279338533335987,51,21,0.8333333333333334,179,39,364,79,2.509669065475464,9.283300063374362,0.25814515
14.800000003015153,0.70801334090251,0.5270623509792293,58,21,0.875,186,38,357,81,2.6797011494636536,9.620361828429171,0.21671395
14.85000000302534,0.526970317559864,0.5871101563636815,63,22,0.9166666666666666,186,39,360,81,2.5837019085884094,9.670260903505232,0.20733888
14.900000003035526,0.19001110201254617,0.2860370344347602,63,21,0.8333333333333334,191,39,364,78,2.398032397031784,9.085854815143959,0.19682127
14.950000003045712,0.5767191269860743,0.6526254068145093,52,20,0.8333333333333334,182,39,358,77,2.7073830366134644,9.73623212840736,0.27381384
15.000000003055899,0.38285902400022415,0.49478896679819595,62,22,0.8333333333333334,181,37,358,78,2.4975869059562683,9.634771880381567,0.15614282
15.050000003066085,0.47877109962834674,0.3621785068709088,62,22,0.875,181,38,360,79,2.5993365049362183,9.438093833791612,0.23604892
15.100000003076271,0.568351497941808,0.5754576506176071,58,23,0.9166666666666666,187,37,363,78,2.616453468799591,9.271541784190713,0.14621693
15.150000003086458,0.08305453644074409,0.21008951285645214,55,23,0.875,183,36,356,78,2.511098086833954,9.28208780199066,0.1745004
15.200000003096644,0.24702335861865377,0.4550411274170782,61,21,0.875,189,40,367,81,2.460373044013977,9.232583445255207,0.15410753
15.25000000310683,0.3536831647392571,0.43908339244763994,59,23,0.875,186,38,365,82,2.5346046686172485,9.539412065491222,0.13149312
15.300000003117017,0.5808358469756881,0.6592532287469972,58,22,0.9166666666666666,189,42,371,81,2.6791024208068848,9.392467092679064,0.13567807
15.3500000031272,0.37201271842433264,0.4120362500832435,56,21,0.875,183,38,368,80,2.6271551847457886,9.793664548472938,0.12245834
15.40000000313739,0.6268667424969128,0.47007181514912666,58,22,0.875,185,39,352,76,2.6125648617744446,10.057680600007375,0.12862961
15.450000003147572,0.3700250487046054,0.4242174225734127,63,22,0.875,186,38,366,79,2.5343209505081177,9.4179440863297,0.08464551
15.500000003157762,0.4644926222621323,0.6309705904295657,58,20,0.8333333333333334,189,38,359,77,2.574567496776581,9.140202837170674,0.06090553
15.550000003167948,0.6516542527047381,0.5871416353358967,63,21,0.875,183,39,363,81,2.4894021451473236,8.903597073172351,0.11863467
15.600000003178131,0.596935662111986,0.5708205198568759,53,21,0.875,184,38,358,78,2.4895422160625458,9.516750330836805,0.19236763
15.650000003188321,0.5430404355867771,0.43619613559595594,66,23,0.9166666666666666,191,38,372,81,2.516842484474182,9.549372360078712,0.07115985
15.700000003198507,0.6962174270209065,0.6413324061633305,62,23,0.875,179,38,354,76,2.480345666408539,9.21113939604787,0.11477044
15.750000003208694,0.8065686405433576,0.5939538534706938,57,21,0.8333333333333334,177,37,351,76,2.4379263818264008,8.921260564525975,0.16029106
15.80000000321888,0.5715022004140178,0.4607648418232401,59,22,0.9166666666666666,185,39,352,78,2.592315375804901,9.159183404283722,0.068083346
15.850000003229066,0.8789739553897526,0.8513979347298992,55,19,0.7916666666666666,183,39,366,77,2.505626678466797,9.138611367972587,0.09385298
15.90000000323925,0.6039423461978181,0.6150241788886075,63,22,0.9166666666666666,183,38,363,78,2.492264062166214,9.498114529338295,0.102626726
15.95000000324944,0.7256142017216639,0.5860960588946554,61,22,0.8333333333333334,177,35,357,80,2.557878792285919,9.10591529613165,0.05590747
16.000000003259625,0.48791529109691445,0.3499157749813201,54,22,0.9166666666666666,192,40,365,80,2.5496503710746765,8.870105911021957,0.100608036
16.050000003269812,0.6941005364505151,0.5491776371215905,57,22,0.9166666666666666,187,39,364,79,2.495453655719757,9.297743510089118,0.05459745
16.10000000328,0.6756407870500641,0.6880470415062387,62,22,0.875,191,40,375,80,2.6296421885490417,9.322132098323905,0.09303146
16.150000003290184,0.43804647208650677,0.5259337989289482,56,21,0.7916666666666666,178,37,364,78,2.5080835819244385,8.889817730958898,0.0866034
16.20000000330037,0.4729084983391513,0.7878060033376111,60,19,0.7916666666666666,181,37,370,80,2.589835822582245,8.461181134218618,0.057557475
16.25000000331056,0.7390562488377728,0.6890402724360951,58,22,0.875,181,36,362,80,2.58789598941803,8.911504933045524,0.13200055
16.300000003320744,0.8023310063745183,0.7403154153275914,55,23,0.9166666666666666,184,39,372,81,2.585873603820801,9.112166127316401,0.20047212
16.35000000333093,0.48273528335241617,0.5278617931352269,63,22,0.9166666666666666,185,40,367,81,2.592068910598755,8.475548409750733,0.10394895
16.400000003341116,0.5626768392655382,0.5053337849129667,62,22,0.875,185,38,362,80,2.5614216923713684,8.90079236674703,0.12581305
16.450000003351303,0.8764340516327069,0.6303320455183805,52,20,0.8333333333333334,179,37,365,79,2.584225833415985,8.717248296722655,0.20102115
16.50000000336149,0.8861426948815083,0.6292079383141258,51,21,0.875,186,41,357,81,2.562418282032013,8.677955294148898,0.30613685
16.550000003371675,0.6000999054720486,0.6747828576062455,61,21,0.875,188,36,361,76,2.5218763947486877,7.790676858910768,0.08678693
16.60000000338186,0.8534670827710846,0.8369175886872586,55,23,0.9166666666666666,188,36,364,81,2.6432156562805176,8.046099486406266,0.09578533
16.650000003392048,0.5323338012579905,0.6124086120350938,59,23,0.9166666666666666,187,38,359,80,2.5530818104743958,8.438397081288329,0.05796147
16.700000003402238,0.6534549591691202,0.6167738894757544,60,20,0.7916666666666666,178,34,366,81,2.5974252820014954,8.370587520229904,0.13922338
16.75000000341242,0.4352879346847379,0.48385942213085786,66,20,0.8333333333333334,187,40,362,78,2.6544776558876038,8.549317043154252,0.0591665
16.80000000342261,0.7693687864693483,0.8930447962453505,64,24,0.9166666666666666,186,38,365,79,2.6188740134239197,8.208007880383406,0.12896879
16.850000003432793,0.7001818160691191,0.5642357228272875,60,22,0.9166666666666666,185,38,355,79,2.5483202934265137,8.61348262839222,0.075124145
16.90000000344298,0.6053133506552157,0.5303346622555115,64,23,0.875,190,38,367,81,2.4958153069019318,8.460845737854452,0.1483383
16.950000003453166,0.7069300717300606,0.5948587376291198,57,21,0.875,183,37,356,79,2.561182677745819,8.647486283064065,0.118182905
17.000000003463352,0.8213382418775779,0.5207603297938527,57,21,0.8333333333333334,180,36,352,78,2.5566476583480835,8.957060796875496,0.23693138
17.05000000347354,0.776326678934992,0.6215006260634944,56,21,0.8333333333333334,182,36,358,79,2.543838918209076,9.08967401283336,0.093093775
17.100000003483725,0.5434341584272504,0.7428841054064873,60,22,0.875,186,37,361,78,2.5794553756713867,8.671658068526282,0.107435204
17.15000000349391,0.5824862982852457,0.4679868795357338,62,23,0.9166666666666666,188,40,361,79,2.5845694541931152,8.311550604471005,0.11905839
17.200000003504098,0.6076921657361531,0.7836776262876849,58,22,0.875,191,39,366,79,2.5041988492012024,8.453633821685402,0.13594435
17.250000003514284,0.4498724329044671,0.534191651802187,56,22,0.875,183,38,364,82,2.513287663459778,8.943356652415098,0.14615469
17.30000000352447,0.6956664408080868,0.6356605070201505,62,20,0.8333333333333334,186,39,362,81,2.525445520877838,8.5325768883955,0.10452348
17.350000003534657,0.7493843060089074,0.5518202428686685,62,22,0.875,183,37,367,80,2.565818727016449,9.087486834081266,0.19266915
17.40000000354484,0.4585669523478669,0.7052796709518232,62,25,0.9166666666666666,186,38,360,78,2.411697804927826,8.741059322399236,0.1641523
17.45000000355503,0.2881008370837785,0.6493686531494697,60,20,0.7916666666666666,184,39,369,79,2.4857336282730103,8.80961763507412,0.14635807
17.500000003565212,0.8236406609642923,0.554777529556538,66,22,0.8333333333333334,190,38,370,79,2.577939033508301,9.004116350318583,0.18608308
17.550000003575402,0.8561742282937345,0.6114490660192982,61,22,0.875,187,39,366,80,2.5852125883102417,8.666034171986423,0.24166739
17.60000000358559,0.8404279203940856,0.7699014496605473,61,22,0.875,179,36,361,80,2.605315148830414,8.108265454197383,0.20171256
17.650000003595775,0.7075057893818114,0.5535873304060729,58,22,0.875,186,38,364,78,2.5014498829841614,8.473520045440761,0.16648072
17.70000000360596,0.5607502750508224,0.6225004285292692,60,23,0.9166666666666666,184,37,362,80,2.4818795919418335,8.32243473653925,0.18504427
17.750000003616144,0.5871675424083088,0.6623008466116564,60,22,0.875,182,37,361,79,2.6488545536994934,8.140711340122122,0.11562276
17.800000003626334,0.7905138677080625,0.5999593269957001,51,21,0.8333333333333334,179,37,351,78,2.5516539812088013,9.24296655488968,0.2576161
17.85000000363652,0.8751908566712625,0.7667230764495009,55,21,0.875,187,37,362,78,2.516510784626007,9.371984444688408,0.223575
17.900000003646706,0.7450673438346309,0.6263176068581294,55,21,0.875,177,35,364,77,2.4716393649578094,9.320460868807059,0.24966733
17.95000000365689,0.5939699922342454,0.6881936706469505,49,20,0.8333333333333334,181,39,369,80,2.607676684856415,8.858985983970689,0.18695633
18.00000000366708,0.5022135694315896,0.5095641480090627,50,23,0.875,177,36,354,79,2.5111255049705505,9.1237677674156,0.30021077
18.050000003677265,0.41607403268222476,0.8196485782836614,58,23,0.875,178,36,364,76,2.5492429733276367,7.977762777049486,0.13954908
18.10000000368745,0.7474641384153746,0.6183246981576833,57,22,0.875,179,37,370,77,2.6539570093154907,8.310792586245404,0.2104057
18.15000000369764,0.9054508392672653,0.9173362764743878,49,19,0.7916666666666666,175,38,358,77,2.6297882199287415,8.370743095711868,0.20597911
18.200000003707824,0.5685821923016953,0.6545585200385495,55,22,0.875,179,37,360,78,2.636004388332367,8.629228603037644,0.17295924
18.25000000371801,0.512231594528249,0.5793375170875789,59,21,0.875,175,38,361,78,2.552002966403961,8.656167810279527,0.17127623
18.3000000037282,0.43803216144323837,0.721939053352617,64,24,0.9166666666666666,185,38,364,79,2.547420859336853,8.981387846783049,0.1273511
18.350000003738383,0.3765825789158764,0.5267169621623057,66,23,0.9166666666666666,185,41,358,77,2.584582567214966,8.959974030603428,0.16004285
18.40000000374857,0.6168140574999401,0.5469655871711121,53,22,0.875,184,39,363,78,2.4854643642902374,9.116140758899363,0.19160007
18.450000003758756,0.6996254169144301,0.745644395575708,62,22,0.875,181,40,364,76,2.580426037311554,8.874558391413485,0.14200915
18.500000003768942,0.5591152295681341,0.6319315598109786,51,20,0.8333333333333334,180,40,368,79,2.627987563610077,8.82211934022977,0.18707272
18.55000000377913,0.7709024976186578,0.830702726724239,58,21,0.875,183,37,365,79,2.6451092958450317,9.002787904741147,0.1415871
18.600000003789315,0.46550769801534836,0.5594292798484134,65,24,0.9166666666666666,184,36,370,78,2.628750205039978,9.515768599116425,0.15206632
18.6500000037995,0.40286148906893465,0.3976890427803075,60,22,0.8333333333333334,187,38,362,80,2.5173982977867126,9.317041355326507,0.17566137
18.700000003809688,0.49515829863285665,0.7296888667407758,58,22,0.875,179,38,380,81,2.481474280357361,9.105347780461734,0.17834435
18.750000003819878,0.278814633297083,0.6483873710012557,62,23,0.9166666666666666,187,40,367,78,2.6212871074676514,8.898709797978945,0.15631199
18.80000000383006,0.3989285725086275,0.3967285426683599,66,24,0.9166666666666666,188,41,364,77,2.611687481403351,9.117295106156096,0.16273732
18.85000000384025,0.391723090086118,0.33968286937717523,60,22,0.9166666666666666,183,37,360,80,2.5935715436935425,8.645152774467908,0.1981284
18.900000003850433,0.8028509506377315,0.6040369780017847,58,21,0.875,190,39,368,79,2.6719948649406433,9.449650645932355,0.13707703
18.95000000386062,0.754481419861799,0.7679820686204353,63,23,0.875,180,37,362,79,2.5052693486213684,8.908760906566702,0.13757227
19.000000003870806,0.5379204512412974,0.6314029916171982,57,20,0.8333333333333334,183,40,363,79,2.4833184480667114,8.722694727390445,0.10592317
19.050000003880992,0.4991750204958285,0.7192060175790104,62,20,0.8333333333333334,185,38,355,80,2.497134655714035,8.609201373050537,0.12975362
19.10000000389118,0.4605786421203139,0.6627097172633132,52,20,0.8333333333333334,174,38,358,77,2.4792230129241943,8.919950125851077,0.060640484
19.150000003901365,0.46252986013841507,0.518932633476639,55,20,0.7916666666666666,172,36,349,75,2.6221799850463867,9.089157590221957,0.14607595
19.20000000391155,0.3705413002061507,0.40076558227950576,58,23,0.9166666666666666,189,41,347,75,2.5488466024398804,9.169865270685955,0.12807694
19.250000003921738,0.6176661732728059,0.7627420077601034,53,22,0.875,179,40,356,74,2.635173499584198,8.692144003861744,0.07361128
19.300000003931924,0.4296010310022613,0.6389859873306492,65,22,0.875,182,38,363,78,2.483270913362503,9.036642160368578,0.093473226
19.35000000394211,0.529749754389342,0.7459789443614875,64,22,0.9166666666666666,182,38,363,78,2.6061925292015076,8.728543663380206,0.05691676
19.400000003952297,0.4325560259029716,0.7379098254116585,66,23,0.9166666666666666,186,40,364,77,2.564772069454193,9.155307331836102,0.1020506
19.45000000396248,0.4056509801384537,0.7781357000652618,60,20,0.8333333333333334,186,38,366,78,2.5573021173477173,9.378162581685903,0.09017502
19.50000000397267,0.6325078407014096,0.7607475173903511,64,21,0.875,182,38,366,77,2.5642886757850647,9.616477784182935,0.07932873
19.550000003982852,0.47383138505651795,0.6334429144648313,56,20,0.8333333333333334,181,39,358,75,2.500327229499817,9.650915921314906,0.13240163
19.600000003993042,0.9682773950588076,0.7946964079943818,56,20,0.8333333333333334,179,39,366,77,2.526143193244934,9.976908875704158,0.33265203
19.65000000400323,0.40799053377506694,0.6320301495506573,63,22,0.9166666666666666,191,40,373,78,2.5993281602859497,9.57198830935372,0.09460668
19.700000004013415,0.7909849623108105,0.7708031549007717,65,22,0.8333333333333334,189,40,366,74,2.5433817505836487,10.030711956045764,0.19130619
19.7500000040236,0.7505920559668755,0.7350812573334341,54,21,0.875,187,39,367,78,2.5579804182052612,9.936494476605437,0.1810027
19.800000004033784,0.4631672158660317,0.4920299645107207,62,22,0.875,191,42,373,77,2.505156099796295,9.961614852543619,0.123349115
19.850000004043974,0.7035384143833925,0.6359857161613401,64,23,0.9166666666666666,191,41,365,78,2.6248779892921448,10.379977385743082,0.13648717
19.90000000405416,0.42195047721332624,0.5947474558716527,60,21,0.875,183,39,362,78,2.5595280528068542,9.676112834498909,0.15568744
19.950000004064346,0.6293798475849361,0.43033333800334744,52,20,0.8333333333333334,183,39,362,78,2.6109790802001953,10.07722641647054,0.16017628
20.000000004074533,0.708225245196995,0.629821564268457,57,23,0.9166666666666666,183,38,364,78,2.5833860039711,9.708379666494356,0.23637961
20.050000004084723,0.14547545700175182,0.44480798790068676,64,23,0.9166666666666666,189,39,365,77,2.4202214181423187,9.698305980995814,0.081530705
20.100000004094905,0.5526801667422223,0.5377813656415511,57,21,0.875,181,36,367,78,2.5057893991470337,9.729031495320397,0.1982003
20.15000000410509,0.7030186682718076,0.6800678653022383,55,21,0.875,177,38,363,78,2.5280407071113586,9.905280056434993,0.27561566
20.20000000411528,0.7566739170043144,0.6593549995857422,53,21,0.875,181,37,370,80,2.517762780189514,9.76492253465084,0.21506487
20.250000004125464,0.30705947386061605,0.4346673801740517,61,22,0.9166666666666666,183,40,363,77,2.442392110824585,9.40746137384246,0.14141534
20.30000000413565,0.6011881131808847,0.5630990779410107,53,22,0.9166666666666666,180,37,365,79,2.560266852378845,9.749999789494845,0.21397503
20.35000000414584,0.32295891734240745,0.5492362677149876,60,21,0.875,178,37,357,80,2.5972095131874084,9.21582914292249,0.20445311
20.400000004156023,0.7571754605475399,0.6643488595035273,59,23,0.9166666666666666,187,38,367,81,2.505978047847748,9.410331388049133,0.1476233
20.45000000416621,0.3180032049078105,0.6181744640143656,59,21,0.875,181,36,363,78,2.604999542236328,8.687733018091048,0.13586405
20.500000004176396,0.42344953959397014,0.6298645483985493,55,21,0.875,181,36,361,79,2.5779595971107483,8.664135287524841,0.13762751
20.550000004186582,0.7409705850412627,0.7230377219120383,51,18,0.75,179,38,367,79,2.6025375723838806,9.138313266474727,0.19995973
20.60000000419677,0.673213799358948,0.5970769040451149,51,20,0.8333333333333334,179,38,358,80,2.566537857055664,9.211196862690105,0.3276592
20.650000004206955,0.25471352561294913,0.46057722829865266,67,22,0.875,181,37,356,78,2.4765804409980774,9.228625637481,0.15249506
20.70000000421714,0.7489136427528227,0.7254049340587736,56,22,0.9166666666666666,179,38,364,77,2.568042278289795,9.689682206398036,0.24334632
20.750000004227328,0.6597364848713099,0.6849099917861554,55,21,0.875,186,38,363,78,2.622789740562439,8.986211759989402,0.14372139
20.800000004237518,0.40566568649208706,0.663435702089039,63,21,0.875,191,37,366,79,2.6076987385749817,9.080902609048378,0.15012363
20.8500000042477,0.8048971782467083,0.8196898380796498,53,22,0.875,174,36,351,76,2.488164007663727,9.358788501021511,0.25934023
20.90000000425789,0.6721094440630716,0.7295890636916947,60,21,0.875,185,36,368,78,2.4952559173107147,9.569422356640942,0.18855114
20.950000004268073,0.7451272368116091,0.6041553322797812,56,21,0.875,182,37,360,76,2.5066104531288147,9.56735936048883,0.18982947
21.00000000427826,0.6728815475249157,0.6712826646912307,62,22,0.9166666666666666,182,38,356,74,2.558920681476593,9.480304754012447,0.25669837
21.050000004288446,0.5137051416966547,0.5759102487320539,56,22,0.875,184,38,361,76,2.455827444791794,9.493808721833794,0.14053583
21.100000004298632,0.6773143259705594,0.7331479850550862,60,21,0.875,180,36,363,78,2.607991397380829,9.3609277953645,0.22387077
21.15000000430882,0.566809952477959,0.7930164643136495,52,21,0.875,184,37,357,78,2.609923481941223,9.370292486869793,0.122618124
21.200000004319005,0.5033180416880757,0.6069989018968054,57,22,0.875,177,39,364,78,2.6000362634658813,9.389690086271303,0.20490971
21.25000000432919,0.7087390181877651,0.746612474897928,62,22,0.9166666666666666,187,38,368,77,2.528679370880127,9.408556794180969,0.16328302
21.300000004339378,0.6876244220424699,0.5280501161954145,55,21,0.8333333333333334,181,36,363,80,2.6255396008491516,9.689961624196748,0.26602575
21.350000004349564,0.622864153978983,0.5998823644213378,61,22,0.9166666666666666,182,37,360,76,2.567117214202881,9.414030667788138,0.17103255
21.40000000435975,0.7953017526380064,0.6629281161865931,52,21,0.875,184,39,367,79,2.525748312473297,9.67572716875031,0.25921297
21.450000004369937,0.3791228984433212,0.6123332936237563,61,22,0.875,186,39,362,78,2.447841763496399,9.310872395565655,0.18655807
21.50000000438012,0.930677028849869,0.5952640282341869,50,20,0.7916666666666666,175,40,347,73,2.462235987186432,9.970677289510919,0.2616221
21.55000000439031,0.8844099890831594,0.703361985509523,56,21,0.875,186,39,367,81,2.484203577041626,10.066341006436854,0.20255753
21.600000004400492,0.726334565099467,0.5570036906302477,55,20,0.8333333333333334,176,36,354,78,2.4980737268924713,10.2478073273124,0.2747618
21.650000004410682,0.6044099914169929,0.5718326183243858,59,21,0.875,178,39,362,80,2.58199006319046,9.974238584395865,0.25100166
21.70000000442087,0.7365945571859484,0.6472102466574925,61,21,0.875,184,41,372,81,2.655498683452606,10.410447037166888,0.24838191
21.750000004431055,0.7906347169838245,0.775465418048398,60,20,0.8333333333333334,183,38,363,81,2.6645055413246155,9.816903789359381,0.17761052
21.80000000444124,0.7304933812158934,0.5923409511141888,52,20,0.8333333333333334,181,38,363,78,2.631322741508484,10.305508052866763,0.2803834
21.850000004451424,0.7052790155520465,0.5653151013088225,57,20,0.8333333333333334,185,36,363,79,2.5376448035240173,10.315740844773078,0.20892029
21.900000004461614,1.0147866365773897,0.8478238318843732,53,21,0.875,187,40,372,78,2.576282024383545,10.83223190921177,0.23179759
21.9500000044718,0.5399907056930374,0.6340490469131415,56,23,0.9166666666666666,185,39,373,82,2.5393304228782654,10.601965959238937,0.16973232
22.000000004481986,0.38479177408379467,0.5235056232359798,56,21,0.875,183,39,368,80,2.472224086523056,10.633185351239325,0.13886748
22.050000004492173,0.8325381818267996,0.6451925397020973,56,21,0.875,180,38,359,77,2.6126575469970703,11.314443904306684,0.20830396
22.100000004502363,0.8156912764182931,0.8295969759687715,58,20,0.8333333333333334,176,38,357,78,2.55363792181015,11.167592705666243,0.24942076
22.150000004512545,0.35470308783286464,0.7631109151816208,65,21,0.8333333333333334,182,36,360,79,2.6086151599884033,10.700346954633915,0.139611
22.20000000452273,0.5463608239277193,0.74507471808621,65,24,0.9166666666666666,183,37,363,79,2.564290463924408,10.968763694426498,0.120771885
22.25000000453292,0.24405555055657424,0.5526010934455818,61,21,0.8333333333333334,183,39,364,80,2.556920647621155,10.522437973750272,0.11683679
22.300000004543104,0.31649235591910096,0.43982620514648413,65,23,0.9166666666666666,187,39,355,76,2.5745993852615356,10.649820248235349,0.14268988
22.35000000455329,0.3501079022156684,0.49369814059069156,56,21,0.8333333333333334,183,38,358,79,2.570839524269104,10.660818019132545,0.17791341
22.40000000456348,0.30822712047391515,0.5977146061958623,62,21,0.875,184,38,373,80,2.4910299479961395,10.641254707272747,0.10634407
22.450000004573663,0.5129550406508611,0.8283446964480097,61,21,0.8333333333333334,185,37,363,81,2.5303086638450623,10.22057206692935,0.17294227
22.50000000458385,0.39635006493555724,0.552925690036197,63,22,0.9166666666666666,176,36,354,78,2.4637115001678467,11.187974253224224,0.10556269
22.550000004594036,0.4432728519611703,0.7780611896238931,65,20,0.8333333333333334,185,37,359,78,2.7169591188430786,10.434561740796706,0.10823277
22.600000004604222,0.597691074245762,0.6526618316268049,58,21,0.875,181,40,371,82,2.522653639316559,11.090337644858907,0.20038672
22.65000000461441,0.28707808912653615,0.5885759723972394,65,23,0.9166666666666666,184,37,364,76,2.500791847705841,10.638929049783163,0.1487526
22.700000004624595,0.5857497037215817,0.6092276139959404,66,23,0.9166666666666666,182,39,359,78,2.4902620911598206,11.093606962870073,0.15435399
22.75000000463478,0.4968877435135543,0.5743241382321257,62,23,0.9583333333333334,176,37,357,78,2.621828019618988,10.490600993615411,0.13172597
22.800000004644968,0.7194207779577813,0.6855757740978631,58,21,0.875,187,41,364,77,2.58640319108963,10.663582993285061,0.21633132
22.850000004655158,0.6404124948031849,0.6943496887640322,67,22,0.875,192,40,362,77,2.5470787286758423,10.645950838993574,0.13638842
22.90000000466534,0.4869360160390319,0.726369540169713,57,19,0.7916666666666666,187,40,354,76,2.647264003753662,10.066175975009894,0.12086782
22.95000000467553,0.6930398866502001,0.6808466972087035,59,19,0.7916666666666666,180,36,359,78,2.5503364205360413,10.50446519820901,0.15268281
23.000000004685713,0.4472021099108916,0.5612225320220677,60,22,0.8333333333333334,178,37,355,78,2.467409372329712,10.253250736108859,0.11674854
23.0500000046959,0.5560961530368498,0.6144630638612449,61,22,0.9166666666666666,180,40,359,79,2.5751495361328125,10.468531243917338,0.11899124
23.100000004706086,0.6802992061788782,0.740939955365333,60,21,0.875,179,37,358,75,2.5373443961143494,10.151898337894076,0.16819467
23.150000004716272,0.7919214248453816,0.7093363306509309,62,21,0.875,186,38,363,78,2.6610958576202393,10.147765759370548,0.15999335
23.20000000472646,0.427972443732377,0.4493971628909189,57,21,0.8333333333333334,177,37,355,78,2.5917592644691467,9.89886422907233,0.18522064
23.250000004736645,0.6066292620187609,0.5948094222803199,61,19,0.7916666666666666,178,36,370,81,2.654578387737274,10.21866430703608,0.17951256
23.30000000474683,0.42738053026822265,0.4497100130013368,56,21,0.875,182,38,362,77,2.5557661056518555,10.304510588488087,0.22658704
23.350000004757018,0.5024991346841055,0.5458167080558892,57,22,0.875,186,38,360,78,2.600322961807251,10.674675820347845,0.12520115
23.400000004767204,0.4431554720500286,0.5993328311557858,57,22,0.8333333333333334,176,37,356,77,2.557034492492676,10.957518745615582,0.17541781
23.45000000477739,0.6756993149779302,0.5057425883293896,64,22,0.9166666666666666,183,38,366,81,2.5720393657684326,11.599587429217824,0.16845675
23.500000004787577,0.6612867093000968,0.7631056248287957,62,22,0.875,188,38,367,76,2.579840123653412,11.268956344749528,0.09346997
23.55000000479776,0.5534157836749338,0.6990025030014784,58,22,0.9166666666666666,185,40,370,79,2.5107598304748535,11.265363932365515,0.2251292
23.60000000480795,0.7466246593459092,0.7669809868274238,53,21,0.875,176,37,360,76,2.607065439224243,11.454390752822556,0.2681947
23.650000004818132,0.563554537602568,0.7041518765277605,58,22,0.875,181,36,363,75,2.5502657890319824,11.434720873107986,0.1098039
23.700000004828322,0.5992906945015444,0.5867054434211005,59,23,0.9166666666666666,187,39,357,76,2.45253324508667,11.612558605813446,0.2109371
23.75000000483851,0.6003749842021778,0.547177516697704,56,23,0.9166666666666666,177,38,346,76,2.5395509600639343,11.79763076845278,0.1984744
23.800000004848695,0.29232565461823856,0.4948284512758749,59,22,0.9166666666666666,190,37,361,79,2.5781333446502686,11.49204323062131,0.17209655
23.85000000485888,0.5396027972284602,0.39932769370940935,52,19,0.7916666666666666,181,39,356,78,2.556976079940796,11.557735189851384,0.23443142
23.900000004869064,0.23326829562279353,0.6453752938000941,58,20,0.8333333333333334,179,40,359,78,2.620057761669159,11.223423494897435,0.15911606
23.950000004879254,0.6183406512156331,0.49113154180370133,51,20,0.8333333333333334,179,37,347,77,2.61543869972229,11.761573855258378,0.2906499
24.00000000488944,0.25707299767971364,0.5270541124261118,57,22,0.8333333333333334,175,36,362,78,2.640691101551056,11.31078773283769,0.13448642
24.050000004899626,0.5369813006391428,0.8653705973874415,64,23,0.9166666666666666,185,40,364,76,2.647673189640045,11.32318158876128,0.09981995
24.100000004909813,0.27684231333863124,0.5176910228132146,53,22,0.875,177,35,351,79,2.415867894887924,11.822333536689813,0.19901079
24.150000004920003,0.12098925072706163,0.5717439985669733,62,21,0.875,183,38,365,80,2.5343260169029236,11.804706145355794,0.110366605
24.200000004930185,0.3797155578282848,0.5137401850755654,70,23,0.9166666666666666,184,38,358,75,2.578095495700836,11.939939017510879,0.18185821
24.25000000494037,0.11942770110125357,0.6328861192395079,57,23,0.9166666666666666,179,37,360,76,2.4411122500896454,11.524456310034328,0.15728943
24.30000000495056,0.5103449996890513,0.5847020783235908,55,21,0.875,180,37,351,76,2.534612715244293,12.265000770930223,0.22551396
24.350000004960744,0.15889134494689286,0.5503033500058696,60,21,0.8333333333333334,188,39,366,77,2.5917792320251465,11.646165420441852,0.10733144
24.40000000497093,0.2970293062487126,0.5993365058291454,64,22,0.8333333333333334,181,39,357,76,2.7128738164901733,11.409067457243278,0.09036849
24.45000000498112,0.6300258731135728,0.7068034112047643,51,20,0.8333333333333334,177,36,359,78,2.5235438346862793,11.218880864283722,0.20825256
24.500000004991303,0.09637970333690857,0.49258943752846185,61,21,0.8333333333333334,182,38,356,77,2.526184916496277,10.827626628720122,0.07138722
24.55000000500149,0.43065265556008114,0.5963410073343856,62,21,0.875,181,38,367,77,2.404865175485611,10.982504471761114,0.0819852
24.600000005011676,0.6381270251706272,0.7349557462975363,55,21,0.8333333333333334,179,39,354,74,2.554582953453064,11.687205784024268,0.25217304
24.650000005021862,0.2542782393215628,0.5118450675609694,62,23,0.875,177,36,354,78,2.426237314939499,11.266061176787359,0.19461945
24.70000000503205,0.28643567552170385,0.6690328799242885,58,22,0.9166666666666666,184,38,355,78,2.5887271761894226,11.337347248092033,0.20799904
24.75000000504224,0.47373901930176826,0.3719827291507149,57,21,0.8333333333333334,184,37,359,76,2.6199135184288025,11.36044807153512,0.21235865
24.80000000505242,0.5773846499548652,0.6025548033183732,55,22,0.9166666666666666,172,37,352,78,2.7292120456695557,11.66520190225424,0.19541535
24.850000005062608,0.7440856670682561,0.743786662924085,56,21,0.875,179,37,359,77,2.481464445590973,11.759118491726834,0.18299362
24.900000005072798,0.4643949459620622,0.7229363503848536,58,22,0.875,185,37,362,76,2.6162344217300415,11.263734772017493,0.18417707
24.95000000508298,0.5523918875546842,0.7347245384764627,55,23,0.9166666666666666,168,36,359,78,2.4919231235980988,11.505006677922278,0.28338048
25.00000000509317,0.2354997043212867,0.508173447961296,58,23,0.875,182,36,362,79,2.5386399030685425,11.392105953714733,0.06833592
25.050000005103353,0.3561548090531696,0.5103402748831375,60,24,0.9583333333333334,177,36,351,75,2.541343867778778,11.427438106483034,0.09832366
25.10000000511354,0.5334023386142718,0.5866960203927066,53,22,0.9166666666666666,186,40,360,78,2.5169074535369873,11.844293872566034,0.11419622
25.150000005123726,0.47934587521707617,0.6946611973717254,69,23,0.9166666666666666,182,39,369,75,2.5311967730522156,11.048673162837055,0.034797885
25.200000005133912,0.30720368134929404,0.6616574213468852,59,21,0.8333333333333334,180,37,358,78,2.5836068391799927,10.972318646309649,0.13970254
25.250000005144095,0.2788359379587532,0.40169814364487544,70,25,0.9166666666666666,188,36,361,78,2.5331827998161316,11.009147393685073,0.043943837
25.30000000515428,0.43364165980593183,0.5966851456826197,60,23,0.875,180,35,353,75,2.489985078573227,11.657754242730993,0.13338791
25.350000005164468,0.34955024089046427,0.9787820373439386,55,21,0.8333333333333334,177,35,368,76,2.529609501361847,10.831264841520065,0.062452875
25.400000005174654,0.46991440536218465,0.5717948650424056,59,21,0.875,182,37,360,78,2.3943211138248444,11.219973514471642,0.06720735
25.45000000518484,0.5329156260363556,0.7307236422169203,56,24,0.9166666666666666,179,36,361,77,2.527432441711426,10.827651214104552,0.07893769
25.500000005195027,0.2287028943672167,0.6407036533546157,59,23,0.9166666666666666,183,38,361,74,2.4808603525161743,10.972541640712024,0.07986682
25.550000005205213,0.7238346076745155,0.6352168634909976,61,24,0.9583333333333334,181,38,368,78,2.556588351726532,11.851577278372423,0.14903563
25.6000000052154,0.37455779016888013,0.7460043180981945,62,24,0.9583333333333334,186,39,360,73,2.4928615987300873,11.211282737401946,0.11493309
25.650000005225586,0.47462824403821025,0.7149842219980513,62,22,0.875,188,38,363,79,2.529194951057434,11.120176250417817,0.12777354
25.700000005235772,0.543616190205967,0.5920727871064801,64,23,0.9166666666666666,192,37,367,77,2.5786617398262024,11.568110553883493,0.051609807
25.75000000524596,0.2003024014060974,0.53622841237691,68,24,0.875,188,37,373,81,2.592048943042755,11.612854820403387,0.05924546
25.800000005256145,0.46846594325321683,0.5635410465166621,63,22,0.875,181,39,357,75,2.51643568277359,11.664993513876185,0.029644798
25.85000000526633,0.5455702692895052,0.7861639736708852,68,25,0.9583333333333334,188,39,372,78,2.493007332086563,10.919087249343669,0.020043723
25.900000005276517,0.7874441421883365,0.9184867449642089,62,24,0.875,187,40,362,74,2.4549156427383423,10.655682931317054,0.0629648
25.950000005286704,0.456179988716136,0.6685018052303788,62,23,0.9166666666666666,183,37,365,79,2.4182020127773285,11.28080805581484,0.08443916
26.00000000529689,0.7850984852037208,0.8974249722571206,53,22,0.875,177,38,358,73,2.599512040615082,11.887741422250206,0.15647474
26.050000005307076,0.4703215066702282,0.6623466743948087,64,21,0.8333333333333334,178,35,358,75,2.4555182456970215,11.775024153287239,0.06965537
26.100000005317263,0.36230724389122665,0.5609428576394069,64,23,0.875,187,38,357,75,2.5509634613990784,11.475216216954607,0.12386095
26.15000000532745,0.5064809657605996,0.6350628699904916,62,23,0.9166666666666666,177,36,352,74,2.642131745815277,11.626310399702069,0.1098963
26.200000005337635,0.28412761536331105,0.700083800575423,58,21,0.8333333333333334,186,37,376,78,2.519838511943817,11.271985413275578,0.09579727
26.25000000534782,0.5680566473529715,0.7079787527222772,64,25,0.9583333333333334,182,38,357,76,2.608861029148102,11.756834503501352,0.051523164
26.300000005358008,0.3349873859253215,0.7379413192361745,63,22,0.9166666666666666,184,39,363,78,2.5210052728652954,11.567351759087776,0.027028445
26.350000005368194,0.3983049360939936,0.6925727251917431,66,25,0.9583333333333334,190,39,371,77,2.540636956691742,11.49504620700279,0.08000428
26.40000000537838,0.4250965580466271,0.6088458130208734,54,22,0.875,174,35,357,76,2.7035653591156006,11.491429644664297,0.07359459
26.450000005388567,0.46309667063165727,0.5509253725817134,62,22,0.875,187,38,358,78,2.5738829374313354,11.472614602299291,0.08787432
26.500000005398753,0.395693627119078,0.42219278347754985,58,21,0.8333333333333334,183,36,355,81,2.5467124581336975,11.614607256842078,0.111902304
26.55000000540894,0.638669416132869,0.6670966147824992,61,22,0.9166666666666666,183,37,359,76,2.5738435983657837,11.63393899206147,0.050894614
26.600000005419126,0.49532767143318895,0.4840717432401207,67,23,0.875,189,36,375,80,2.554757595062256,11.709107690482261,0.022026388
26.650000005429312,0.35535596435715466,0.6486105762904721,59,21,0.875,182,37,365,78,2.4391256272792816,11.450899729344899,0.07128121
26.7000000054395,0.5123250352854589,0.665791094794852,62,22,0.9166666666666666,185,37,363,79,2.618201971054077,11.644541673075581,0.09796247
26.750000005449685,0.3851936351942491,0.5474600317344382,65,22,0.875,185,38,370,80,2.5572633743286133,11.603314365822923,0.04174009
26.80000000545987,0.5901656672849482,0.7111394154473438,62,21,0.875,188,39,369,79,2.6318129897117615,12.359875887758172,0.08783065
26.850000005470058,0.7657864772144467,0.669885159622448,55,20,0.8333333333333334,181,39,355,75,2.5254231691360474,12.32014831007116,0.10983021
26.900000005480244,0.6260685770624639,0.764768788620746,62,21,0.875,176,39,369,78,2.5857391953468323,11.864888345417608,0.18767682
26.95000000549043,0.29287607444514646,0.7508511970994576,60,21,0.875,181,37,358,75,2.598569095134735,11.155092664288713,0.07293523
27.000000005500617,0.2548264909822548,0.6560727335652251,58,21,0.8333333333333334,189,39,370,78,2.7140524983406067,11.043846641985677,0.04527989
27.050000005510803,0.3603563258321276,0.5381899292721537,58,22,0.875,185,38,358,77,2.5050199031829834,11.378769130850754,0.11965866
27.10000000552099,0.46351456695183363,0.5775589075750209,61,22,0.9166666666666666,182,37,365,77,2.6384058594703674,11.709805477656223,0.048535798
27.150000005531176,0.23598173878154732,0.5375098600097321,56,21,0.8333333333333334,180,35,360,80,2.5106164813041687,10.965076587659235,0.12318531
27.200000005541362,0.5635934526208274,0.7251238483757344,58,20,0.8333333333333334,178,36,362,78,2.6183536648750305,11.086334253421164,0.059209593
27.25000000555155,0.5477320623863161,0.6680741129225193,52,20,0.7916666666666666,178,36,355,79,2.7181559801101685,11.18679895165898,0.0945842
27.300000005561735,0.5115512187941454,0.5401247032713565,68,21,0.8333333333333334,186,38,363,79,2.4271760880947113,11.253692959480501,0.07598393
27.35000000557192,0.5243779535987321,0.714721253776156,62,22,0.9166666666666666,180,36,360,78,2.6613718271255493,10.707332835266534,0.07023188
27.400000005582108,0.41531923346752014,0.6706792492161057,61,23,0.9166666666666666,182,36,356,76,2.5828468799591064,10.786410583645472,0.056914434
27.450000005592294,0.2710856634618337,0.5208130974373325,61,21,0.8333333333333334,177,37,363,79,2.603573203086853,10.667853998745347,0.082503535
27.50000000560248,0.489235212770746,0.4909647313576486,57,21,0.8333333333333334,178,36,358,79,2.6092135906219482,11.008223402471442,0.108660564
27.550000005612667,0.290773863694455,0.6301830277025161,62,22,0.875,180,38,361,78,2.534085214138031,10.753171582015968,0.056281388
27.600000005622853,0.42154445336245133,0.4337306586629072,63,20,0.8333333333333334,177,39,351,78,2.5149473547935486,10.794926466057309,0.055335518
27.65000000563304,0.3682260157763748,0.6825798532625288,60,22,0.875,184,38,363,79,2.5801676511764526,10.447494027899857,0.124638915
27.700000005643226,0.38027483872573403,0.6628498730217955,56,21,0.875,175,38,361,79,2.51224547624588,10.521571753914634,0.12487878
27.750000005653412,0.2321760676022744,0.49039931909091333,57,20,0.7916666666666666,179,37,355,75,2.556416690349579,10.577644091545961,0.10217417
27.8000000056636,0.6165228309656958,0.7028766641209867,61,21,0.8333333333333334,182,38,370,78,2.4035467207431793,11.208016230268774,0.11591958
27.850000005673785,0.4466269080962731,0.33212045052353617,61,21,0.875,185,38,362,79,2.553771734237671,11.056702305916533,0.124397695
27.90000000568397,0.4701795620097047,0.4064031569776815,59,21,0.875,186,38,367,80,2.624692916870117,11.233063835936727,0.13320082
27.950000005694164,0.3720312874587577,0.5584237475262411,68,22,0.8333333333333334,176,36,361,79,2.5928786396980286,10.733986453167628,0.047776654
28.000000005704344,0.6461926974731922,0.8022675336680839,63,22,0.9166666666666666,183,38,372,79,2.4697937071323395,11.214887812745893,0.020515386
28.05000000571453,0.593167621134667,0.579944778649523,52,21,0.8333333333333334,178,36,355,77,2.537187337875366,11.551592583131933,0.1777606
28.100000005724716,0.7815121745439351,0.7174677906473943,56,20,0.8333333333333334,183,39,355,75,2.6921120285987854,11.952912591808067,0.08147452
28.150000005734903,0.2811595818921282,0.6695319010932184,59,22,0.875,184,36,362,80,2.590174376964569,11.696938667639323,0.094191596
28.20000000574509,0.21899169996890966,0.7454702323920406,53,22,0.875,185,38,351,76,2.627038061618805,11.678510448777137,0.20409657
28.250000005755275,0.20534107666821266,0.5249639478706395,63,23,0.9166666666666666,185,36,360,77,2.551310658454895,11.471171975156524,0.15081432
28.30000000576546,0.4221060322513878,0.4531659495595587,57,20,0.8333333333333334,182,38,359,78,2.5940492749214172,11.973830651856838,0.17607245
28.350000005775648,0.18318578437461447,0.4908667136846357,65,23,0.875,186,38,358,75,2.486550509929657,11.848859309974795,0.10202955
28.400000005785834,0.24612881319820923,0.4718675354325843,64,24,0.9583333333333334,188,40,365,80,2.602851986885071,11.740391816078937,0.13612409
28.45000000579602,0.3201771048977716,0.4530845480351974,62,23,0.875,184,38,358,79,2.5308269262313843,11.341977628400288,0.124626294
28.500000005806207,0.4492490665634934,0.463402917316795,62,23,0.9166666666666666,178,36,362,78,2.57426917552948,11.78967366812457,0.2379652
28.550000005816393,0.175347582903649,0.5585305010944033,58,23,0.875,179,39,360,78,2.543681561946869,11.60276964647248,0.108749874
28.60000000582658,0.3643525987266696,0.5467034418435406,62,22,0.8333333333333334,187,38,358,79,2.547614276409149,11.384754248319329,0.1105451
28.650000005836766,0.5300478095701742,0.5234057682270056,55,20,0.8333333333333334,186,37,348,76,2.602894902229309,11.80503879488393,0.14623487
28.700000005846952,0.3725074340097413,0.5642478050140386,62,23,0.875,184,37,365,81,2.653420865535736,11.65675576936298,0.13319018
28.75000000585714,0.4103101543597504,0.662889646545413,62,22,0.9166666666666666,180,37,361,80,2.5630396604537964,11.71824384184088,0.15419978
28.800000005867332,0.1281263017885267,0.5465304175824047,57,23,0.9166666666666666,178,37,367,80,2.543840706348419,11.492479042627162,0.14675751
28.85000000587751,0.22430683750377833,0.6497934207769364,56,19,0.7916666666666666,180,38,361,77,2.6686206459999084,11.48712240028047,0.12206247
28.900000005887698,0.377150021761738,0.6337757246628029,53,21,0.875,173,36,364,81,2.639671564102173,11.51389508564752,0.114240296
28.950000005897884,0.2673511816557436,0.5953966134318727,64,24,0.9583333333333334,181,37,371,80,2.5398319959640503,11.218189139446206,0.09119782
29.00000000590807,0.36182722143237206,0.685191423771868,61,21,0.8333333333333334,182,36,363,80,2.5504907965660095,11.57913930364785,0.11977956
29.050000005918257,0.5439816711510366,0.6847567411930524,62,23,0.9166666666666666,184,39,369,78,2.608323097229004,11.182209842861495,0.110439375
29.100000005928443,0.37644214999071324,0.6862963738255983,63,21,0.8333333333333334,191,37,376,79,2.478785216808319,11.574970933524424,0.052118447
29.15000000593863,0.34057939702998025,0.6466131157857617,58,20,0.8333333333333334,189,38,362,81,2.5014477968215942,11.209572251463475,0.13375716
29.200000005948816,0.32675963351092174,0.6971332955010991,61,22,0.9166666666666666,177,36,360,79,2.6072707772254944,11.051309193112724,0.08060434
29.250000005959002,0.2971152196385778,0.5660849945650939,57,21,0.8333333333333334,177,38,360,80,2.704668641090393,11.586568249221054,0.11057584
29.30000000596919,0.5655578484701459,0.661133379826694,67,23,0.9166666666666666,187,36,374,80,2.616569399833679,11.871877971853193,0.07251926
29.350000005979375,0.201082385597876,0.5858751085206013,67,24,0.9583333333333334,187,37,372,81,2.5097277760505676,11.739594834842446,0.17434452
29.40000000598956,0.47600815355805015,0.6774814001992406,58,21,0.875,183,38,376,80,2.587164044380188,11.96046503150642,0.15264282
29.450000005999748,0.5239234474799032,0.7169006772835851,60,21,0.875,194,40,371,82,2.5774553418159485,11.21535374611943,0.08476287
29.500000006009934,0.3877418078965683,0.6523984594378317,56,20,0.7916666666666666,176,37,362,80,2.5521212816238403,10.746776118133505,0.1694054
29.55000000602012,0.41751262849857634,0.5354477412724417,64,23,0.9166666666666666,189,37,373,84,2.501946985721588,10.982135626746379,0.10554704
29.600000006030314,0.18037219625975073,0.47316475122904467,65,23,0.9166666666666666,191,40,366,80,2.464628219604492,10.20269942990077,0.062098257
29.650000006040493,0.14737200801938047,0.4964433288578858,63,20,0.7916666666666666,179,38,354,78,2.5450801849365234,10.278577823021093,0.15549463
29.70000000605068,0.4016737406091144,0.6948586155951574,62,23,0.9166666666666666,174,35,357,78,2.5447753071784973,10.424793492012414,0.17228578
29.750000006060873,0.6535154974179502,0.5511073185019207,59,19,0.7916666666666666,176,38,353,79,2.607589066028595,11.283903552677659,0.23283356
29.800000006071052,0.5044547102657964,0.4598002617035738,59,20,0.7916666666666666,180,37,359,80,2.402132749557495,11.485128473676607,0.13157655
29.85000000608124,0.42276153962558793,0.6008241894903363,56,20,0.7916666666666666,175,36,362,80,2.68094003200531,11.12638482918114,0.22308443
29.900000006091425,0.3769511462468789,0.7507665492551691,56,23,0.875,187,38,360,78,2.579551041126251,11.183087931988585,0.09335763
29.95000000610161,0.1987590861405676,0.4620212258655701,52,21,0.7916666666666666,178,38,358,76,2.48876616358757,11.41969756601128,0.14491758
30.000000006111804,0.27403884967036957,0.5386465314378519,58,20,0.8333333333333334,180,36,358,75,2.4165575206279755,11.303592607616428,0.25180697
30.050000006121984,0.3389934885270878,0.6303488588757298,55,21,0.875,181,37,360,77,2.59237140417099,11.28657938497474,0.24955322
30.10000000613217,0.3161809007352683,0.7047482016263689,60,23,0.9166666666666666,191,38,371,77,2.585255205631256,11.068505447633017,0.1201245
30.150000006142363,0.2988766813628439,0.6881681324604139,54,22,0.875,188,37,370,78,2.6536697149276733,11.151062810635635,0.20703912
30.200000006152543,0.2568544463494956,0.5712539684780317,60,20,0.8333333333333334,182,36,360,78,2.6288601756095886,11.605607171646453,0.11783663
30.25000000616273,0.5605026304032256,0.7692708959473071,49,20,0.8333333333333334,182,37,357,80,2.626899480819702,11.799655588239668,0.13514255
30.300000006172915,0.5558350116196804,0.6197725653292931,66,21,0.8333333333333334,195,41,368,77,2.5039711594581604,11.435686159173848,0.059422173
30.3500000061831,0.5672308579020896,0.7580153067523048,59,21,0.7916666666666666,183,37,358,79,2.601957619190216,11.533916927907182,0.12255102
30.400000006193288,0.5778242570267416,0.6734463893138537,64,20,0.8333333333333334,191,39,374,78,2.536468207836151,11.513740918931523,0.10706548
30.450000006203474,0.387925787833047,0.6082366199052348,62,23,0.875,184,38,368,80,2.473255842924118,11.481938885089917,0.07367726
30.50000000621366,0.3874515018078331,0.49801680286286254,63,23,0.9166666666666666,184,36,353,79,2.514033317565918,11.412785949053337,0.1367121
30.550000006223847,0.57050010049656,0.671841723903037,52,21,0.875,185,37,365,80,2.4382948875427246,11.307621415661844,0.14200798
30.600000006234033,0.6268118971381459,0.8032229355171582,59,24,0.9166666666666666,186,42,364,78,2.566641867160797,11.336412027747631,0.176077
30.65000000624422,0.18081839458625448,0.4635543287565784,66,22,0.875,187,38,367,76,2.554825246334076,11.319732949839718,0.089551516
30.700000006254406,0.3970082231273317,0.6240777449578185,61,20,0.8333333333333334,182,37,360,78,2.6012760400772095,11.302674877436383,0.10579718
30.750000006264592,0.6693856620521416,0.6878205525187525,47,21,0.8333333333333334,183,39,365,77,2.6807618141174316,11.694800115216308,0.27754283
30.80000000627478,0.3061155185262359,0.5155557098828679,60,21,0.8333333333333334,190,39,362,80,2.5991907715797424,11.358457831118418,0.116754256
30.850000006284958,0.3082506522738365,0.7098412658302421,61,22,0.9166666666666666,184,38,361,78,2.511192560195923,11.037736263238731,0.09487598
30.90000000629515,0.34328090187022064,0.5561012533847808,56,21,0.7916666666666666,185,40,357,78,2.5355449318885803,11.445085580085781,0.09010687
30.950000006305338,0.4194261525182834,0.7225582461795149,60,21,0.8333333333333334,187,38,369,80,2.5675711035728455,11.051557339216753,0.09132148
31.000000006315524,0.4063665249047366,0.5267407119604115,52,21,0.875,173,39,357,77,2.6734790205955505,11.0297050664958,0.26353592
31.05000000632571,0.3883710418866386,0.5912716140533985,51,20,0.7916666666666666,183,39,358,78,2.5345048308372498,11.264965752312257,0.13715947
31.100000006335897,0.40007461218292234,0.6331927937892111,57,21,0.8333333333333334,189,38,370,81,2.5321680307388306,10.90543605443254,0.12594253
31.150000006346083,0.7596761576948706,0.7087637137427221,56,21,0.8333333333333334,185,38,362,78,2.593553364276886,11.478720596500578,0.16091087
31.20000000635627,0.49141291138604154,0.6855610637509786,53,20,0.8333333333333334,190,38,360,77,2.601918876171112,11.645348681288707,0.08957674
31.250000006366456,0.7944173455046013,0.7268424143119456,59,23,0.9166666666666666,186,41,362,75,2.5543364882469177,11.668032309538843,0.16635095
31.300000006376642,0.39675492293758663,0.5632541178205543,60,21,0.8333333333333334,179,38,357,77,2.684950828552246,11.269844537270703,0.15336886
31.35000000638683,0.4629818002721373,0.5097288995502508,62,22,0.875,194,39,375,81,2.5388336181640625,11.067112015269558,0.0859823
31.400000006397008,0.47893538062930363,0.7214251690342397,56,21,0.7916666666666666,187,39,363,74,2.517324388027191,10.57722396857022,0.18316945
31.4500000064072,0.5590346987322754,0.5022944383081956,49,20,0.8333333333333334,186,38,364,79,2.497963160276413,11.663087909427494,0.20260607
31.500000006417388,0.3130493504799112,0.5521233061155719,58,22,0.875,183,39,358,79,2.6825514435768127,10.852772760726328,0.23601031
31.550000006427574,0.6442400775049774,0.7386218771052375,64,21,0.8333333333333334,193,40,378,79,2.689981162548065,10.877278375103634,0.086512975
31.60000000643776,0.4499517258393798,0.555943201512179,61,21,0.8333333333333334,190,38,367,79,2.4975062906742096,11.234514066264172,0.089317404
31.650000006447947,0.8139177180041324,0.6110507081803032,59,22,0.875,185,40,360,77,2.57188618183136,11.359244455532416,0.22058138
31.700000006458133,0.47538857359502174,0.6885815481416135,57,21,0.8333333333333334,187,40,369,81,2.4377022683620453,10.940077784707487,0.081402525
31.75000000646832,0.6519940292273942,0.8516703383787121,60,23,0.875,187,37,360,79,2.547101080417633,10.653859463099149,0.19837645
31.800000006478506,0.5065956767953733,0.5122581327237739,55,20,0.7916666666666666,188,38,357,76,2.510058283805847,10.684448995649074,0.1193852
31.850000006488692,0.5353489580936783,0.6917119380695057,57,18,0.75,182,39,365,76,2.574726641178131,10.828423361982775,0.10009932
31.90000000649888,0.7900409023000947,0.8442150200595809,50,22,0.9166666666666666,187,40,356,76,2.6409897208213806,10.893264288029547,0.15962347
31.950000006509065,0.49619750746464897,0.6979919272507187,58,21,0.875,181,39,361,78,2.5063008069992065,10.204014007060103,0.19741535
32.00000000651925,0.5615159857083111,0.6548040846058258,54,19,0.7916666666666666,187,39,359,77,2.602241635322571,10.65699773630791,0.1601229
32.050000006529444,0.5610779701224398,0.8088454079447615,63,21,0.7916666666666666,189,39,354,77,2.486799657344818,10.6503611440204,0.09025466
32.100000006539624,0.8324424108748961,0.739316253985976,51,20,0.8333333333333334,184,39,367,79,2.4573440849781036,11.232816461667365,0.23965707
32.15000000654981,0.21251215424618555,0.6408036985277232,63,21,0.7916666666666666,190,39,363,77,2.4575991928577423,10.674737877204636,0.08199859
32.20000000656,0.3434814388472025,0.6141637691895859,60,23,0.9166666666666666,194,39,369,80,2.55374938249588,10.424016395039875,0.11539766
32.25000000657018,0.36160969266499143,0.5561169190463817,65,21,0.875,190,39,359,79,2.5920018553733826,10.7251823920038,0.09700746
32.30000000658037,0.5159265965148906,0.7820391709112351,56,20,0.8333333333333334,179,37,359,78,2.649342715740204,10.337988508462947,0.07395983
32.35000000659056,0.4274309418548796,0.5722633767805998,54,20,0.7916666666666666,184,40,364,79,2.575007975101471,11.006564769630982,0.15049107
32.40000000660074,0.5160603211705508,0.483360924980133,58,20,0.8333333333333334,192,38,369,81,2.453133761882782,10.952644542397918,0.06254561
32.45000000661093,0.48632482345581046,0.6040652717339233,64,22,0.875,186,37,365,81,2.694430947303772,10.708178702316573,0.13367906
32.500000006621114,0.37600613645921244,0.37572732447706814,57,20,0.7916666666666666,191,40,353,78,2.549431025981903,10.098516254685022,0.15976223
32.5500000066313,0.6562058434873929,0.7350392579324018,54,23,0.875,189,39,375,81,2.6133251190185547,10.283711200974812,0.13411063
32.60000000664149,0.26790445339134633,0.7917088769024194,65,24,0.9166666666666666,193,38,365,76,2.604447901248932,9.89500476576727,0.112500384
32.65000000665167,0.48580697711414245,0.7438566491534473,63,22,0.875,189,38,373,83,2.631118595600128,10.766183683989272,0.12564003
32.70000000666186,0.1578082903623481,0.5540575540135909,62,23,0.9166666666666666,195,38,370,79,2.6480814814567566,10.670238085582886,0.13081062
32.750000006672046,0.21905257484468296,0.7412338921603814,64,20,0.7916666666666666,187,38,373,80,2.58484423160553,10.519389144341424,0.046557907
32.80000000668223,0.28723797718031746,0.5703380628749218,60,19,0.7916666666666666,188,38,358,76,2.4365457892417908,10.860705431899493,0.051772654
32.85000000669242,0.4091674827548946,0.6412014299337552,52,22,0.875,183,37,363,77,2.7100229263305664,10.822018278055303,0.1496951
32.90000000670261,0.5434052886470945,0.557528620062208,60,20,0.7916666666666666,186,37,364,77,2.5649482011795044,11.607877588165776,0.15558885
32.95000000671279,0.3230920086217576,0.536528323888815,60,21,0.7916666666666666,190,37,364,79,2.5922486186027527,11.124126375735575,0.18866062
33.00000000672298,0.6947285813647688,0.7867894522644635,57,23,0.875,183,37,362,80,2.5673487782478333,11.579168503030246,0.14527744
33.050000006733164,0.5531670789819276,0.6513068094438185,59,23,0.9166666666666666,193,39,373,80,2.670293152332306,10.725273430111253,0.10108716
33.10000000674335,0.385998659295838,0.6906250881989999,63,22,0.8333333333333334,188,38,366,77,2.5399142503738403,10.870542770108402,0.039959844
33.15000000675354,0.3457203872187744,0.501738855951292,54,22,0.9166666666666666,188,38,366,77,2.5206640362739563,10.857933862181088,0.1931317
33.20000000676372,0.4942313148887033,0.7116034528847446,54,22,0.875,185,42,360,76,2.4255894124507904,10.976191496892147,0.09543258
33.25000000677391,0.6914548467748529,0.8216949398204993,60,22,0.875,189,40,368,79,2.602042853832245,11.274837765351444,0.1536308
33.300000006784096,0.7271436776033156,0.787590927455264,63,23,0.875,184,38,362,77,2.6629331707954407,10.652466062758403,0.0910408
33.35000000679428,0.4984621283496863,0.8400426919664112,55,21,0.8333333333333334,184,40,359,75,2.5914880633354187,10.521554815389038,0.1505371
33.40000000680447,0.26689774237052805,0.6795110815310881,56,19,0.7916666666666666,182,39,365,78,2.5036263465881348,10.618917534054084,0.20956701
33.450000006814655,0.5859727919936167,0.7359080833356463,54,22,0.875,182,39,362,76,2.443636953830719,10.55192730023582,0.1862801
33.50000000682484,0.4166570614510557,0.6482045377435905,59,22,0.875,190,39,370,80,2.636265456676483,10.268892511506529,0.14039853
33.55000000683503,0.5225437559260236,0.6300124007709076,64,21,0.7916666666666666,190,39,369,78,2.679022252559662,10.328153630624168,0.10543396
33.600000006845214,0.5547174834796454,0.7666880294738389,60,21,0.7916666666666666,187,37,361,76,2.672508656978607,9.791120808502711,0.12717612
33.6500000068554,0.6559763136245488,0.7002859822902223,66,21,0.8333333333333334,194,41,369,78,2.5683847069740295,9.993070485154796,0.10544583
33.700000006865594,0.3576660400698725,0.7231082141304654,63,22,0.875,190,40,368,77,2.5771230459213257,9.526406167247803,0.07917247
33.75000000687577,0.30637805993870604,0.6392154502336633,63,21,0.875,189,38,359,75,2.566482722759247,9.910275628154706,0.064926244
33.80000000688596,0.6849075245781672,0.8824761201720654,68,22,0.875,192,38,375,77,2.5757119059562683,9.77940479635338,0.08011972
33.85000000689615,0.22590939653471223,0.660126821835631,66,22,0.8333333333333334,193,37,366,77,2.575766146183014,9.984473971523977,0.10193075
33.90000000690633,0.43744948173431697,0.7376117296946788,58,21,0.875,195,41,371,78,2.5027498602867126,9.994817134002965,0.0675184
33.95000000691652,0.7119816275084611,0.6250096908132817,59,23,0.9166666666666666,188,37,367,78,2.551662027835846,10.605276413861455,0.15732017
34.000000006926705,0.36736070801083565,0.7686171016870129,53,20,0.8333333333333334,183,35,357,77,2.514793872833252,9.5671153056926,0.1570403
34.05000000693689,0.39388484984910205,0.7201580292768389,71,22,0.8333333333333334,190,39,365,78,2.47856006026268,9.730024064629994,0.050381526
34.100000006947084,0.3613816000961134,0.6508129171428958,64,23,0.875,189,38,372,77,2.567807137966156,9.313230508765713,0.04163244
34.150000006957264,0.44542142898069625,0.5971021847735538,61,22,0.9166666666666666,192,39,368,77,2.485067993402481,9.742729136409842,0.13042079
34.20000000696745,0.3447809191557679,0.7905539689902007,65,22,0.8333333333333334,188,36,363,76,2.4419420957565308,10.004510260811648,0.15830776
34.25000000697764,0.30510163809602425,0.5228607718766789,69,22,0.9166666666666666,191,38,360,77,2.4275580048561096,10.249182068491738,0.24245957
34.30000000698782,0.2928344065607174,0.5940915738006832,64,22,0.8333333333333334,188,40,360,76,2.4859710037708282,9.74743004247797,0.1191169
34.35000000699801,0.4857038495768654,0.7895503940693233,64,23,0.9166666666666666,188,36,371,77,2.561086416244507,9.84126782400974,0.15778151
34.400000007008195,0.4495215361151733,0.7764932875878848,64,23,0.8333333333333334,194,37,369,77,2.492506355047226,9.732042437771415,0.10188122
34.45000000701838,0.43056739095001373,0.5606397875383774,66,23,0.9166666666666666,186,40,357,79,2.5395241379737854,10.1581996433079,0.19508874
34.50000000702857,0.33421360941178346,0.7018571839282571,59,22,0.875,180,37,361,77,2.610650658607483,10.013962775337122,0.119486645
34.550000007038754,0.25406420389728024,0.7149065952311389,59,22,0.875,188,39,367,78,2.5757619738578796,10.294221635978928,0.1161319
34.60000000704894,0.17849564589722866,0.629075003104509,60,22,0.875,194,37,368,79,2.5140467286109924,9.546187376417423,0.109498434
34.65000000705913,0.42367487041259505,0.6865967919541026,55,21,0.8333333333333334,179,38,346,73,2.4320098757743835,10.007466390878275,0.17229941
34.70000000706931,0.4411567141533397,0.6447102881624682,62,22,0.9166666666666666,187,38,363,76,2.5214332342147827,9.951847212290348,0.1366474
34.7500000070795,0.7052234594683566,0.8022532805710079,58,19,0.7916666666666666,184,41,355,76,2.5945037603378296,9.842562450798713,0.20904182
34.800000007089686,0.35548532923345505,0.6251142381633479,59,23,0.9166666666666666,190,40,361,77,2.597344219684601,10.19979908772795,0.1520287
34.85000000709987,0.46303898197900956,0.746845519875456,64,23,0.9166666666666666,192,39,355,75,2.5529035925865173,9.966794726647175,0.12791266
34.90000000711006,0.3648636358690538,0.7187525840501469,56,20,0.7916666666666666,183,39,353,75,2.559763193130493,9.987253120441917,0.14167231
34.95000000712024,0.5667519549195996,0.8869101292835815,58,23,0.8333333333333334,182,36,359,75,2.509179413318634,9.658800241109384,0.12719867
35.00000000713043,0.4332639588068572,0.6988855593625392,68,20,0.7916666666666666,191,37,362,81,2.593284547328949,9.524470059386765,0.05406398
35.05000000714062,0.26239502395495434,0.7494499027196118,61,22,0.875,192,37,368,77,2.580420970916748,9.617587185616756,0.07107388
35.100000007150804,0.39238577130971014,0.6456310836737302,64,22,0.875,196,40,371,80,2.6504144072532654,9.92862490827668,0.12778707
35.15000000716099,0.5787705772217164,0.5667077824512713,60,22,0.875,186,38,356,76,2.5540822744369507,10.642986663843415,0.15184696
35.20000000717118,0.3341867362153864,0.5333626093956465,65,23,0.875,195,41,377,79,2.540873885154724,10.583921432650163,0.06616524
35.25000000718136,0.6761122786466035,0.791320806207675,61,20,0.7916666666666666,180,37,354,76,2.5295057892799377,10.414064745889124,0.11641594
35.30000000719155,0.5170446446353749,0.7420679659573848,60,20,0.7916666666666666,191,39,360,75,2.467101067304611,9.771489743026391,0.042635202
35.350000007201736,0.4794931008492512,0.6693524194421009,57,21,0.8333333333333334,185,41,367,77,2.599053978919983,10.128111644009667,0.19282609
35.40000000721192,0.40788445065353995,0.6788813230293353,58,23,0.8333333333333334,186,36,358,77,2.4594181776046753,10.307343664306128,0.06700711
35.45000000722211,0.527775555800231,0.7689055039486358,62,23,0.9166666666666666,185,38,367,77,2.6056531071662903,10.184382271511447,0.12670234
35.50000000723229,0.5570192746513657,0.9077023518580303,52,23,0.9166666666666666,188,37,364,76,2.6302146911621094,9.856911268062696,0.17392616
35.55000000724248,0.4820828119429713,0.6798761773853639,58,19,0.7916666666666666,183,36,367,77,2.5173434615135193,10.229442277838805,0.09462649
35.60000000725267,0.7919991529940268,0.7299000436545224,56,22,0.8333333333333334,183,37,358,79,2.4626033008098602,11.059171441848248,0.16156709
35.650000007262854,1.0397640605356215,1.0394723483541803,53,21,0.8333333333333334,186,38,365,75,2.573719024658203,11.011662896405499,0.17403418
35.70000000727304,0.6673011707160142,0.7286571583731584,55,20,0.75,185,37,370,79,2.468719333410263,10.869116406153285,0.117739916
35.75000000728323,0.30710083355683876,0.5172592700220934,61,21,0.875,192,39,369,78,2.5658902525901794,11.18694842754997,0.097109005
35.80000000729341,0.5655496402143775,0.610213034533357,62,22,0.875,190,41,360,75,2.535727024078369,11.416584373063383,0.16991802
35.8500000073036,0.44747359375749474,0.8748989240458414,60,21,0.8333333333333334,184,39,358,74,2.548993229866028,10.772429971446309,0.20980233
35.900000007313785,0.4370246160402468,0.5044136248115756,65,22,0.875,192,39,358,78,2.561485171318054,10.954158111196204,0.17392941
35.95000000732397,0.7076407008229744,0.6431584196832779,52,20,0.7916666666666666,181,37,354,77,2.54058301448822,11.2159788313543,0.19617467
36.00000000733416,0.24904827833457277,0.781517064110301,59,20,0.8333333333333334,187,38,367,79,2.5630787014961243,10.574157639634914,0.16858275
36.050000007344345,0.39270208894736786,0.7103976305333735,68,24,0.9583333333333334,190,40,371,80,2.7476316690444946,10.616815155350672,0.088083096
36.10000000735453,0.6347588659105029,0.8540082486203793,62,22,0.875,193,41,358,76,2.4416205286979675,10.68707285684023,0.13230038
36.150000007364724,0.638964150468099,0.5695446225427097,70,23,0.9166666666666666,185,38,354,77,2.687638998031616,11.165124607393802,0.22662923
36.2000000073749,0.6051867428956225,0.6646956564280151,59,20,0.7916666666666666,185,39,361,75,2.4679918587207794,10.831662778538682,0.11144829
36.25000000738509,0.7505017183482685,0.7965105818399212,56,21,0.8333333333333334,190,39,367,79,2.5803405046463013,10.685798711675663,0.100814596
36.30000000739528,0.3480765014539699,0.6767789704204469,68,23,0.9166666666666666,196,40,374,76,2.5750917196273804,10.704160633415558,0.10466941
36.35000000740546,0.537923267362954,0.5267896600421631,57,21,0.875,182,37,355,76,2.5682705640792847,10.550459235995113,0.1833354
36.40000000741565,0.25264380186266455,0.7101747840739335,61,23,0.8333333333333334,189,37,369,78,2.5230294466018677,10.353705229087664,0.123918496
36.45000000742584,0.40839703543038836,0.6320783161862225,61,21,0.8333333333333334,186,38,366,79,2.5101354718208313,10.526962878697432,0.08512072
36.50000000743602,0.5762062733360878,0.5629064788501602,58,22,0.875,188,37,362,79,2.6404380798339844,10.92995203642337,0.17283106
36.55000000744621,0.8095851776668965,0.7783652494102946,68,24,0.875,186,37,357,75,2.4545831978321075,11.25007490618362,0.11208489
36.600000007456394,0.6081368888864148,0.6071444129376478,61,24,0.875,190,39,362,76,2.576403021812439,11.597662973696092,0.17987026
36.65000000746658,0.3484164701732906,0.5737273616165404,62,23,0.9166666666666666,191,39,366,78,2.5436538457870483,10.999182639962015,0.14752111
36.70000000747677,0.41718313282366015,0.6984569624373029,65,24,0.875,188,37,358,74,2.413051724433899,11.060769256309237,0.075105205
36.75000000748695,0.6880534728893367,0.9620738014855844,56,18,0.75,189,38,368,75,2.3775048553943634,10.45657535481248,0.07156103
36.80000000749714,0.5690495326907321,0.5522149079996137,56,22,0.8333333333333334,189,37,362,79,2.5285249948501587,11.327529713044306,0.17156431
36.850000007507326,0.3831119262497159,0.6550938989769481,71,24,0.875,191,40,365,79,2.513227164745331,10.502881846142849,0.09259567
36.90000000751751,0.4473956883180072,0.4655662713419566,60,22,0.875,191,39,363,81,2.5142523646354675,10.340364663615569,0.1148615
36.9500000075277,0.5269757676488828,0.7406970032278877,61,20,0.7916666666666666,185,38,369,79,2.557613253593445,10.154216113150998,0.09726
37.00000000753789,0.5892975445485853,0.657125728016234,60,24,0.9166666666666666,191,39,373,81,2.5924769043922424,11.255481289390392,0.12879425
37.05000000754807,0.8216712416827534,0.8195523439980285,56,23,0.875,180,39,357,77,2.523779273033142,10.552894524018557,0.20871693
37.10000000755826,0.48352852894293036,0.7116749966581137,62,22,0.875,185,37,362,79,2.600925862789154,10.67039886554137,0.078755155
37.150000007568444,0.364854675971055,0.7119426549495536,60,22,0.875,186,40,359,78,2.467973083257675,10.528868492252252,0.08385633
37.20000000757863,0.4504100929247783,0.5421411003824356,55,22,0.8333333333333334,178,37,358,79,2.5794827938079834,10.813894663943353,0.2092161
37.25000000758882,0.5070727627996094,0.5760685389246305,61,22,0.875,189,39,365,82,2.4748867750167847,11.056524015858038,0.12804899
37.300000007599,0.6562135473603369,0.7075021295919868,63,22,0.8333333333333334,186,38,353,74,2.5911644101142883,10.911827054448446,0.11460686
37.35000000760919,0.8317034121827688,0.7911781701836729,61,22,0.8333333333333334,183,39,365,79,2.53750741481781,11.095040348940799,0.16938782
37.400000007619376,0.6700079898271695,0.6731079265061752,63,22,0.875,185,38,357,76,2.5178560614585876,11.449776070282462,0.08408286
37.45000000762956,0.40540162265006696,0.6593809284774932,55,22,0.875,185,38,366,77,2.5830620527267456,11.054895282320505,0.13022369
37.50000000763975,0.4716614155728659,0.6273191028831977,63,22,0.875,187,37,368,79,2.417423278093338,10.514939077888315,0.12576309
37.550000007649935,0.5842960350878617,0.5683161127987956,63,21,0.8333333333333334,182,38,361,79,2.6625031232833862,10.848675126341636,0.15199813
37.60000000766012,0.9712811339622172,1.0484428913366015,59,25,0.875,181,39,369,76,2.5704920291900635,10.227083990163246,0.1502249
37.65000000767031,0.689287792307061,0.7627072254029308,63,23,0.875,187,37,365,78,2.5324374437332153,10.72953432180289,0.0674427
37.700000007680494,0.4177156073970178,0.654139084535086,63,22,0.8333333333333334,187,38,378,82,2.5259724259376526,10.809000090921836,0.12655607
37.75000000769068,0.4256340895825339,0.636060062890757,52,22,0.875,181,38,356,77,2.532978057861328,10.421465677744859,0.14190476
37.80000000770087,0.574841904942104,0.8477539018698337,65,21,0.8333333333333334,189,37,370,77,2.5736799836158752,10.137909654550121,0.083054624
37.85000000771105,0.5889129379114995,0.7917411480183939,60,20,0.7916666666666666,183,37,358,77,2.611759305000305,10.291487594430322,0.15434493
37.90000000772124,0.4499879353037244,0.6904914652697012,62,21,0.8333333333333334,188,39,370,75,2.4014726281166077,10.385779915362336,0.11683224
37.950000007731425,0.32694389300844495,0.7104283462003997,65,24,0.875,188,39,360,76,2.4803732335567474,10.863168675735153,0.12610137
38.00000000774161,0.34810518991004424,0.7598799763294274,62,22,0.9166666666666666,182,37,369,78,2.5531241297721863,10.652376155781393,0.06947695
38.0500000077518,0.537523187158992,0.8048792429048199,62,23,0.9166666666666666,194,37,379,77,2.535369098186493,10.872960589559817,0.10583143
38.100000007761984,0.527211750890598,0.6271204983481095,65,23,0.875,191,40,368,77,2.5747081637382507,10.87846700656736,0.10060025
38.15000000777217,0.3303223750137351,0.7483804264803274,65,22,0.8333333333333334,186,40,363,79,2.5319626927375793,10.605691464562259,0.14869958
38.200000007782364,0.18767675190609495,0.5671617032066439,66,21,0.8333333333333334,184,38,362,78,2.3523597419261932,10.482632611252782,0.077538356
38.25000000779254,0.3658559731198726,0.6967201039731495,69,24,0.9166666666666666,195,38,367,77,2.5438982248306274,10.33178704492534,0.025623577
38.30000000780273,0.23635497795526145,0.5556629070176812,64,22,0.8333333333333334,183,38,362,80,2.488814890384674,10.025579137024945,0.13494498
38.35000000781292,0.3714691472668691,0.6022488328750137,64,22,0.8333333333333334,192,38,368,77,2.5352942943573,10.731693635292139,0.029793829
38.4000000078231,0.2925322743251756,0.6602834496203793,71,22,0.875,189,38,359,77,2.626143991947174,10.723670190074017,0.016096678
38.45000000783329,0.4112500288064396,0.7203878870583502,62,23,0.9166666666666666,187,37,360,77,2.506573796272278,10.76160926386974,0.05715615
38.500000007843475,0.5542508068183434,0.6306225091321263,62,24,0.9166666666666666,185,39,363,81,2.649214267730713,10.938275365078844,0.09499821
38.55000000785366,0.42344954610165014,0.7436645434582254,64,21,0.875,192,41,367,79,2.5276023149490356,10.363186986352337,0.050834913
38.60000000786385,0.4249433566698051,0.5127442232139432,67,22,0.9166666666666666,191,40,361,78,2.529921233654022,10.80473449544094,0.049707115
38.650000007874034,0.4626271560267209,0.2486032184519147,63,22,0.8333333333333334,187,38,353,76,2.600647509098053,10.622688625580619,0.12701434
38.70000000788422,0.6069152101748339,0.33502282349512774,65,23,0.9166666666666666,179,37,364,77,2.707057297229767,10.975196043790483,0.20798697
38.75000000789441,0.21063375506843213,0.6354734868644829,60,21,0.875,197,41,366,78,2.463263124227524,10.449186733362597,0.053379588
38.80000000790459,0.18259714999417753,0.5873837954006685,56,20,0.8333333333333334,185,39,364,76,2.6588118076324463,10.199361122881161,0.1413883
38.85000000791478,0.5155799651146843,0.8224661813888506,61,21,0.8333333333333334,192,39,375,75,2.5823265314102173,10.539525163526475,0.11501174
38.900000007924966,0.09261530833794294,0.5554335125920141,66,24,0.9166666666666666,187,38,359,77,2.5523164868354797,10.03261172487334,0.08396293
38.95000000793515,0.25093957440647996,0.6009782688573252,64,23,0.9166666666666666,189,40,367,78,2.554609775543213,9.943660008999586,0.14079419
39.00000000794534,0.4710756788816261,0.5724596398800434,60,22,0.875,185,35,367,79,2.6002413034439087,10.118878892982366,0.14667015
39.05000000795552,0.6815691216965547,0.5540806796252571,64,22,0.875,184,37,371,78,2.5279051065444946,10.480421718133375,0.15235265
39.10000000796571,0.21814184160306507,0.5462719277580602,61,21,0.8333333333333334,185,38,361,78,2.639952003955841,9.709992214334164,0.12172477
39.1500000079759,0.36560308651398316,0.4147028663092073,61,22,0.8333333333333334,183,38,359,77,2.534947395324707,9.917879717986402,0.15939572
39.200000007986084,0.3585959893263704,0.7270360805426203,62,22,0.875,189,38,367,75,2.540375590324402,9.686990390965944,0.14054649
39.25000000799627,0.4243383810823602,0.5584132437172683,63,22,0.8333333333333334,187,35,362,77,2.522978186607361,9.841541624486707,0.14432135
39.30000000800646,0.38242101146653473,0.7777817013773465,66,23,0.875,189,37,362,75,2.4429914355278015,9.186975942419595,0.10564695
39.35000000801664,0.3029708726286855,0.5756551889084777,63,22,0.8333333333333334,181,37,361,76,2.536236345767975,9.893632516479505,0.18892653
39.40000000802683,0.08231108846275177,0.6470161478686325,59,22,0.8333333333333334,181,36,354,77,2.507677376270294,9.765542733916908,0.16689982
39.450000008037016,0.45571467130040644,0.5986465208898125,55,21,0.7916666666666666,187,35,358,75,2.694754898548126,9.994842734000313,0.20635772
39.5000000080472,0.21889586135755532,0.5458273638994453,61,22,0.875,182,39,362,79,2.6100224256515503,10.209693706533258,0.055850692
39.55000000805739,0.28259411922720973,0.21656473384110475,62,21,0.7916666666666666,188,36,364,78,2.4628812074661255,9.987670595878333,0.15522052
39.60000000806757,0.4642502976004725,0.7922604040123361,69,22,0.875,189,37,372,78,2.6134517788887024,9.868976088716526,0.049181137
39.65000000807776,0.22837153180129327,0.5750015302913435,65,21,0.8333333333333334,184,36,367,79,2.676393687725067,9.429088827566527,0.14461733
39.70000000808795,0.22876152959569937,0.5839160281177962,65,22,0.875,177,35,357,76,2.58611798286438,10.17498911509156,0.18532458
39.750000008098134,0.3011057106698795,0.4163981996308226,58,24,0.9583333333333334,189,37,364,75,2.5340881943702698,10.681943000807408,0.114920065
39.80000000810832,0.2550889273201717,0.4739118461956756,61,22,0.875,183,37,370,79,2.5878646969795227,10.528743652636088,0.11973329
39.850000008118506,0.28508488710713786,0.5626198744519058,62,23,0.9166666666666666,184,38,362,78,2.446514815092087,10.661129671974496,0.16029543
39.90000000812869,0.1397967529006233,0.45284037504034025,54,21,0.875,192,41,358,77,2.531180679798126,11.064213274276762,0.10163502
39.95000000813888,0.5128347539299134,0.5208427442291683,63,20,0.8333333333333334,184,39,370,78,2.5899049639701843,11.959154235337861,0.14708585
40.00000000814906,0.45515970199485756,0.7139579511440908,62,22,0.875,192,39,366,78,2.6120230555534363,11.384380794591511,0.13139047
40.05000000815925,0.539356590061456,0.46642211648579895,62,23,0.9166666666666666,188,40,366,79,2.493721842765808,11.464952650902065,0.15110034
40.10000000816944,0.441611240373566,0.535489042432528,62,21,0.875,190,39,361,75,2.639577090740204,11.152782345396774,0.13307394
40.150000008179624,0.2979793581719175,0.7478324473136312,55,22,0.875,186,38,362,79,2.5697126984596252,10.664599085053181,0.069434665
40.20000000818981,0.2883412704027408,0.5503656507499908,59,22,0.875,189,38,369,78,2.5440174341201782,10.96529712610053,0.10083586
40.250000008200004,0.363805737683355,0.5650805595957644,61,23,0.875,185,38,362,76,2.6069533824920654,10.789799299198828,0.10253156
40.30000000821018,0.297141845175965,0.4970783001999651,61,22,0.875,185,37,367,78,2.5427615642547607,11.094362917564835,0.0962044
40.35000000822037,0.4996159110284685,0.6388587574285755,64,20,0.7916666666666666,185,36,364,76,2.641042470932007,11.804461034650533,0.15992554
40.40000000823056,0.3712750364005532,0.7093488915311177,59,20,0.7916666666666666,182,37,367,79,2.467000037431717,11.029892408178661,0.11715979
40.45000000824074,0.5360528488724896,0.6110943105089954,55,22,0.875,188,38,361,75,2.533644139766693,11.40911390229701,0.14086346
40.50000000825093,0.30254396801299316,0.6989385198150235,67,24,0.875,189,38,364,80,2.537580728530884,10.516699108934509,0.097031385
40.55000000826112,0.23110709628069115,0.7638521957297645,69,21,0.7916666666666666,193,38,366,76,2.680150866508484,10.392111087163975,0.082285866
40.6000000082713,0.48763520495314905,0.794395547262946,58,20,0.7916666666666666,186,38,357,77,2.5427094101905823,10.68416864774223,0.16747175
40.65000000828149,0.5696379373432673,0.7822023877698592,62,21,0.8333333333333334,191,38,379,77,2.4446693062782288,10.920834116064455,0.07698153
40.700000008291674,0.6152448695420997,0.635674083209199,58,22,0.875,188,41,360,77,2.602258026599884,10.729404089027579,0.2393499
40.75000000830186,0.5872978949695591,0.5516027950271322,64,22,0.875,192,39,368,78,2.580578923225403,10.843611032319798,0.16990313
40.80000000831205,0.4930772972590347,0.5618645604983561,56,23,0.875,185,39,366,78,2.5282496213912964,10.693328481331132,0.17126869
40.85000000832223,0.23537029165558865,0.4996773186756772,64,23,0.875,188,36,358,77,2.478548139333725,10.849648796978535,0.10702287
40.90000000833242,0.18266399459424512,0.5699314597333226,51,19,0.75,183,37,361,76,2.6035749912261963,10.801135736240619,0.11616667
40.950000008342606,0.5281653372382981,0.6095185650124714,62,22,0.875,184,39,367,79,2.510647177696228,11.076520383788049,0.1528433
41.00000000835279,0.4404192075461625,0.5760150395499338,61,21,0.75,180,37,362,76,2.5767287611961365,10.968532758082832,0.11996323
41.05000000836298,0.35616387129785443,0.6884599084097343,62,20,0.7916666666666666,188,38,360,76,2.415578067302704,10.851156793784913,0.1035353
41.10000000837317,0.38818067614024276,0.5108749442333524,64,23,0.9166666666666666,187,39,367,79,2.458665519952774,11.922238087769994,0.117439225
41.15000000838335,0.6971002989987145,0.709823059368162,59,21,0.8333333333333334,185,35,358,77,2.574906051158905,12.124167257667544,0.12520462
41.20000000839354,0.41759738337740415,0.5960190679577562,58,22,0.875,189,38,357,78,2.5950631499290466,12.198330806114814,0.16415872
41.250000008403724,0.44339298391863,0.8421066178294674,59,22,0.875,186,38,370,79,2.5006362795829773,11.474986317780145,0.064198285
41.30000000841391,0.41521134056116843,0.6871393116956682,64,22,0.8333333333333334,184,39,360,75,2.6527151465415955,11.856591360408935,0.1232402
41.3500000084241,0.2702960730014907,0.6838701841355079,58,22,0.8333333333333334,185,37,367,77,2.5143012404441833,11.884740619495933,0.2509529
41.40000000843428,0.2263652403604468,0.6863528051180969,55,22,0.8333333333333334,181,36,357,81,2.570909261703491,11.2329655680736,0.1904988
41.45000000844447,0.6452406297356629,0.5707467869442077,54,20,0.7916666666666666,186,37,368,81,2.487790286540985,12.346866919804675,0.13123055
41.500000008454656,0.6251209139797256,0.6424490344472967,58,21,0.8333333333333334,186,39,364,78,2.569398581981659,11.647725870702992,0.122586556
41.55000000846484,0.47267057106042587,0.6939187974350014,57,21,0.8333333333333334,194,40,360,77,2.484108656644821,10.926507774826737,0.15476409
41.60000000847503,0.2706595029042303,0.6252928356697394,59,20,0.7916666666666666,193,40,363,77,2.55082905292511,11.073949989517784,0.09378161
41.650000008485215,0.7790244728499002,0.7002953636160708,61,22,0.7916666666666666,182,37,363,77,2.4820534884929657,11.538425995593808,0.15089832
41.7000000084954,0.5432088130793095,0.5183812285923847,53,23,0.875,187,36,361,78,2.5480061769485474,11.86603585526873,0.32022202
41.750000008505594,0.5180379254256017,0.6799211559039573,66,22,0.875,188,40,362,77,2.609795331954956,11.101788364367184,0.09310633
41.800000008515774,0.5727712230168659,0.6158331847126987,59,22,0.875,191,38,365,77,2.521638572216034,11.473225642163598,0.061776098
41.85000000852596,0.29057670687002474,0.5766710966767499,62,21,0.8333333333333334,188,39,365,78,2.588457763195038,11.315421728202368,0.0965311
41.90000000853615,0.6395467108553482,0.7071910988706808,61,23,0.9166666666666666,187,36,365,78,2.611294388771057,11.982606842231522,0.18408847
41.95000000854633,0.5319613265573163,0.6474865638178804,57,21,0.8333333333333334,185,37,366,77,2.6626402139663696,12.377435010654434,0.17596263
42.00000000855652,0.4216183924800255,0.6538945137466685,63,23,0.9166666666666666,191,37,364,77,2.5884515047073364,11.974353542144032,0.029919477
42.050000008566705,0.33869906235649283,0.5091182846947219,63,21,0.8333333333333334,194,39,368,78,2.5081229209899902,12.082409324596783,0.051609352
42.10000000857689,0.48351420317788835,0.8861220559110162,58,22,0.8333333333333334,182,36,354,75,2.502220869064331,12.105420589141742,0.07043519
42.15000000858708,0.6832843155504833,0.7486905524203211,64,22,0.8333333333333334,188,38,364,78,2.5072139501571655,11.763303638318616,0.1006653
42.200000008597264,0.5633355384303269,0.6667919168288252,64,23,0.9166666666666666,190,37,361,77,2.598099708557129,11.450068348208307,0.0670254
42.25000000860745,0.7317793086896387,0.8188377732605887,63,21,0.7916666666666666,186,38,362,77,2.731824219226837,11.551592335104104,0.11739412
42.300000008617644,0.6639163410800082,0.7005826723627846,59,20,0.7916666666666666,190,39,364,78,2.568761706352234,11.801416607198432,0.08313542
42.35000000862782,0.9050516872523799,0.7041765789891996,59,22,0.875,192,38,366,78,2.6610782742500305,12.280951272889542,0.22556409
42.40000000863801,0.610406861491178,0.5855047930014131,59,23,0.9166666666666666,195,39,365,75,2.5827831029891968,12.103855869323814,0.19813922
42.4500000086482,0.6828649919297816,0.7135457092462655,60,21,0.875,191,39,360,77,2.562136948108673,12.173014618490763,0.057936154
42.50000000865838,0.4735083348511085,0.6818456003267971,58,22,0.8333333333333334,183,38,355,77,2.5948110222816467,12.263831169981572,0.18337297
42.55000000866857,0.38028228068179204,0.5706627998253794,61,22,0.8333333333333334,189,39,366,80,2.560466229915619,12.250359190992706,0.1433165
42.600000008678755,0.5734056725410742,0.4818631400097206,59,22,0.875,186,38,363,78,2.546122372150421,12.496397372414298,0.113401875
42.65000000868894,0.4227750805232705,0.6598710447921851,61,22,0.8333333333333334,191,37,361,78,2.473759949207306,12.246624675554427,0.05832731
42.70000000869913,0.5248384238641814,0.6504335600867294,63,21,0.8333333333333334,196,42,371,79,2.575731873512268,11.719971098451873,0.0653825
42.750000008709314,0.6283042348618534,0.8311342435829417,54,22,0.875,183,39,356,75,2.6782453060150146,11.864127021964155,0.1744547
42.8000000087195,0.5631163048404413,0.6578767874663307,53,21,0.8333333333333334,186,39,360,77,2.5713011622428894,12.028144988372409,0.23819943
42.85000000872969,0.5148375383792855,0.600223732455163,60,22,0.9166666666666666,185,36,360,77,2.5594958662986755,11.691776136679906,0.18769875
42.90000000873987,0.4516853664012792,0.45033648826509853,59,22,0.875,189,37,357,76,2.534966468811035,12.06403570595592,0.22799072
42.95000000875006,0.2695387531385021,0.8068093194119269,64,21,0.8333333333333334,183,38,370,78,2.557648718357086,11.712639288624143,0.10394315
43.000000008760246,0.5400790248901844,0.6041645344042341,63,23,0.875,194,38,365,79,2.5720563530921936,12.24173474737385,0.11073642
43.05000000877043,0.46138738966403864,0.6769875996766879,59,22,0.875,186,37,361,78,2.5785037875175476,11.910233783637203,0.07241682
43.10000000878062,0.5804929835104246,0.6702764547029599,63,22,0.875,185,38,368,79,2.471313178539276,11.850186484640961,0.14706674
43.1500000087908,0.4585811317740419,0.4616072076086003,62,24,0.9166666666666666,191,38,354,77,2.6198968291282654,11.977363423444691,0.12823975
43.20000000880099,0.42153273881669756,0.7437563796251758,51,21,0.875,192,41,362,75,2.5441357493400574,11.516329533416414,0.10891557
43.25000000881118,0.3576446075231646,0.6477292444041448,61,23,0.8333333333333334,184,36,360,77,2.534340023994446,11.687098634190791,0.09892102
43.300000008821364,0.38724223832942584,0.48496331423813666,59,23,0.9166666666666666,179,37,351,75,2.4843719601631165,12.258933173389588,0.14879185
43.35000000883155,0.23680145429181104,0.5645101211262654,64,24,0.9166666666666666,192,41,361,75,2.563062608242035,11.967579259545698,0.089217134
43.40000000884174,0.4500809174204605,0.5734296896438286,66,21,0.8333333333333334,187,39,365,77,2.5756508111953735,11.305908183195177,0.035561033
43.45000000885192,0.6350928630051274,0.6009791675475142,66,21,0.8333333333333334,189,38,364,77,2.562340497970581,11.727001601561318,0.11415218
43.50000000886211,0.5510605485625741,0.6932123257257716,63,21,0.8333333333333334,181,39,354,74,2.638760805130005,11.537767989984955,0.13662732
43.550000008872296,0.5444285665471114,0.7618697561088803,62,23,0.875,182,38,368,79,2.465226650238037,11.649667062000333,0.114734836
43.60000000888248,0.39110617189070107,0.5339344992403696,62,25,0.9166666666666666,185,38,353,77,2.455544024705887,11.580156399020165,0.10739692
43.65000000889267,0.4649080864742327,0.6217534439135639,61,20,0.7916666666666666,187,38,358,75,2.4618349969387054,12.093961703053742,0.04831145
43.70000000890285,0.30450899117869046,0.5146365993837227,61,21,0.8333333333333334,188,37,364,76,2.529330253601074,12.095622037850688,0.12071432
43.75000000891304,0.4785381748202754,0.7579242520502865,57,20,0.8333333333333334,188,39,368,79,2.529838979244232,11.8416463514684,0.11052028
43.80000000892323,0.3990899991974769,0.5965892204763846,63,20,0.8333333333333334,188,37,367,78,2.674722671508789,12.00109725240944,0.08123105
43.850000008933414,0.27634500425071307,0.6281720655157237,64,21,0.875,190,40,363,79,2.5708308815956116,11.960140485079478,0.051578738
43.9000000089436,0.3980863070896491,0.8347145494447926,64,20,0.8333333333333334,182,35,364,78,2.5460276007652283,11.674137294113258,0.043780293
43.950000008953786,0.42814218331393705,0.7848075329207329,68,23,0.875,191,40,359,75,2.6597774028778076,11.487594025595778,0.09525843
44.00000000896397,0.4531004695647894,0.5333835205815669,59,22,0.875,191,38,362,77,2.54690945148468,12.062263952575174,0.12610397
44.05000000897416,0.4736485574939535,0.6991564284954448,66,22,0.8333333333333334,188,36,360,76,2.63028085231781,11.925033201975781,0.1042782
44.10000000898434,0.3839623806785641,0.6031434199610822,64,21,0.875,184,38,358,78,2.423105686903,12.641289085544267,0.12632495
44.15000000899453,0.3036310341388989,0.5762821386158361,69,21,0.7916666666666666,184,40,356,78,2.558068037033081,12.03385615303377,0.070310056
44.20000000900472,0.3959337245890196,0.7058756886568542,63,22,0.8333333333333334,188,38,363,78,2.5298094749450684,11.940794744850924,0.079432145
44.250000009014904,0.2886022145918308,0.6158034051627747,57,21,0.875,183,39,354,76,2.4848517775535583,12.645925406125738,0.09193793
44.30000000902509,0.45871269501148515,0.5793028954093214,68,23,0.875,190,38,369,78,2.615366280078888,12.208595370066888,0.0868646
44.350000009035284,0.6374094664371288,0.46635587854337357,56,21,0.8333333333333334,186,39,361,77,2.599800229072571,13.214734486938298,0.22962275
44.40000000904546,0.5114064034851101,0.6171367772579577,55,20,0.75,181,38,355,79,2.6301637291908264,12.495755497417749,0.13604029
44.45000000905565,0.21187596955943866,0.3917497021232602,56,19,0.75,185,38,359,77,2.5602200627326965,12.460976377077646,0.19146763
44.50000000906584,0.3860311018808927,0.5834830556253872,61,22,0.8333333333333334,183,38,353,74,2.587939500808716,12.287295746169091,0.17182255
44.55000000907602,0.5150865769808959,0.5761343275017914,59,22,0.875,189,39,369,78,2.6639166474342346,12.626734069829988,0.11962525
44.60000000908621,0.3249869372798689,0.7535567500242937,60,23,0.875,181,39,356,75,2.4420636892318726,12.148974001593249,0.17158109
44.6500000090964,0.34477202124868017,0.6242453377582731,61,22,0.875,180,37,356,76,2.6681408286094666,12.352928584654492,0.15931387
44.70000000910658,0.13282467525350658,0.6320249478583531,56,24,0.9166666666666666,181,39,357,76,2.468400150537491,11.517841270564668,0.08894435
44.75000000911677,0.3661462847679716,0.5765312926296312,56,21,0.8333333333333334,181,39,352,76,2.5457409024238586,11.87666479342889,0.1293795
44.800000009126954,0.3805025123869854,0.5792095045723069,63,21,0.8333333333333334,188,37,355,73,2.48919814825058,12.050190238415839,0.115135476
44.85000000913714,0.45345975864703536,0.9275291715356242,59,23,0.8333333333333334,183,35,366,79,2.558456063270569,12.000705318934681,0.15798272
44.90000000914733,0.32731382254439334,0.7012610671013584,65,23,0.875,180,38,353,76,2.548835873603821,12.070911463408809,0.13450561
44.95000000915751,0.41867171359475774,0.8017239239739546,58,22,0.875,189,38,369,78,2.6497170329093933,12.11701696805954,0.070620015
45.0000000091677,0.4764713262962539,0.8557770252250124,66,24,0.9166666666666666,189,39,366,79,2.517620027065277,12.081961817872058,0.10560259
45.050000009177886,0.1975591546231674,0.6518712707106344,66,22,0.875,187,38,358,76,2.6969945430755615,12.097041013218153,0.086293295
45.10000000918807,0.1686693318323122,0.6148112268568845,58,21,0.8333333333333334,189,38,361,77,2.5269734859466553,11.7860542419138,0.1028442
45.15000000919826,0.5310564699570609,0.9688691743296528,65,22,0.875,184,36,369,77,2.544659674167633,11.758463884680177,0.06686238
45.20000000920845,0.32322260149962345,0.8118630049671451,56,24,0.9166666666666666,186,38,356,74,2.512693405151367,12.014785275433173,0.10333985
45.25000000921863,0.5171505424162035,0.6488246592006786,51,22,0.875,190,38,365,78,2.4886485934257507,11.77454759484081,0.14463188
45.30000000922882,0.40617846154750403,0.7997874183488838,70,22,0.875,196,37,369,77,2.6035013794898987,11.288288812362453,0.0703551
45.350000009239004,0.2698563926869478,0.5830787976472966,60,21,0.8333333333333334,188,39,356,75,2.4577055871486664,11.540902500979913,0.09881042
45.40000000924919,0.2872163675135187,0.6866666167245016,58,24,0.9166666666666666,185,37,360,78,2.5135087966918945,11.494359991801852,0.059647758
45.45000000925938,0.2905715723532153,0.5026821190941818,52,22,0.875,186,36,362,79,2.5153934955596924,11.553421631107144,0.122376
45.50000000926956,0.501787176485888,0.4970396216296999,53,19,0.75,183,36,354,77,2.6053234934806824,11.76845067111227,0.19314703
45.55000000927975,0.45592077707715106,0.7443925852694504,62,22,0.875,191,39,370,78,2.450285702943802,11.27705858894787,0.10174911
45.600000009289936,0.25786277069013896,0.5743623559815065,69,24,0.9166666666666666,191,37,356,76,2.5217747688293457,11.23765177195664,0.045082342
45.65000000930012,0.39629023775299477,0.6620955141745501,65,22,0.875,193,37,359,78,2.5838151574134827,11.272391847010788,0.09783009
45.70000000931031,0.1596006782639171,0.5379474728677672,61,22,0.8333333333333334,182,39,361,77,2.49860942363739,11.576010868148616,0.104761556
45.750000009320495,0.26656781377703764,0.694146645597945,63,21,0.8333333333333334,185,37,372,79,2.672973871231079,11.628736694545205,0.10585465
45.80000000933068,0.28855693942784333,0.656750712790895,68,20,0.7916666666666666,189,38,366,79,2.7003780007362366,11.365825042825977,0.09745702
45.850000009340874,0.45191676945115267,0.547558528474295,63,22,0.875,188,40,366,79,2.5660932064056396,11.454228565319884,0.115018845
45.900000009351054,0.15506934046026272,0.38077993070967847,70,24,0.9166666666666666,192,39,369,79,2.6745057106018066,10.91456716195153,0.07644644
45.95000000936124,0.2877516286189736,0.3700003382847131,58,19,0.7916666666666666,183,36,360,81,2.4303099513053894,11.21322597217258,0.12105866
46.00000000937143,0.3416765289829699,0.6031168459377755,57,22,0.875,190,40,357,75,2.5411057472229004,11.516557341520937,0.06836143
46.05000000938161,0.2658984361067884,0.6454501548004786,63,22,0.875,185,36,364,79,2.532857358455658,11.145945180333259,0.072109744
46.1000000093918,0.6771076116017244,0.6859973218092279,58,22,0.875,183,38,362,78,2.519046366214752,11.354479120771073,0.14360942
46.150000009401985,0.17812421214217808,0.6181847075648262,56,21,0.8333333333333334,190,38,364,78,2.5054845213890076,11.324934080131861,0.13034959
46.20000000941217,0.603601874838995,0.677515024692838,65,22,0.8333333333333334,188,39,366,81,2.644796371459961,11.297082868377037,0.098479085
46.25000000942236,0.6642396406965044,0.7929935043600214,60,20,0.8333333333333334,185,39,365,78,2.544722855091095,11.172869300639636,0.108408555
46.300000009432544,0.3099517281136854,0.5180484589888658,60,21,0.75,182,39,368,79,2.579725980758667,11.09817849428639,0.13055134
46.35000000944273,0.5638715806211876,0.7173476034543135,61,22,0.8333333333333334,185,39,368,75,2.496434599161148,11.590675464086022,0.11925419
46.400000009452924,0.44767530481600953,0.619922190224895,56,19,0.7916666666666666,179,38,370,80,2.656846046447754,11.619075107554542,0.16541715
46.4500000094631,0.515383932405463,0.4140198164882147,68,22,0.9166666666666666,186,38,361,80,2.6048144698143005,12.101962324856759,0.13137229
46.50000000947329,0.6744128401545796,0.7619057494626951,58,21,0.8333333333333334,185,40,358,75,2.511630356311798,11.731429553347548,0.18921077
46.55000000948348,0.4263453479475505,0.5125530322608719,55,22,0.9166666666666666,191,39,362,78,2.5339701771736145,11.754181792591565,0.1275504
46.60000000949366,0.4118983032547125,0.6784432572613004,65,22,0.875,189,39,364,77,2.452828586101532,11.553720050986689,0.12995078
46.65000000950385,0.5510803854128836,0.6917787789652313,58,21,0.8333333333333334,190,37,362,76,2.5127020478248596,11.720131853545181,0.15667579
46.700000009514035,0.5051232831453121,0.6137354461927984,59,23,0.9166666666666666,187,38,351,77,2.424081861972809,12.281165134143563,0.1347791
46.75000000952422,0.34450404051122563,0.6420946273004196,59,21,0.875,184,36,369,77,2.3833130300045013,12.235441782867795,0.11147318
46.80000000953441,0.4723526578938505,0.8867083639293831,59,22,0.875,190,38,372,77,2.54876971244812,12.006347237212642,0.11642074
46.850000009544594,0.4523602594203969,0.7189717352925823,65,23,0.875,195,40,369,78,2.4947990477085114,12.0241438218458,0.070019595
46.90000000955478,0.18870063184236088,0.8071955407212306,60,22,0.8333333333333334,185,39,367,80,2.5457364320755005,11.800782624818567,0.09937172
46.95000000956497,0.3658004500738662,0.7513741107007277,57,20,0.7916666666666666,190,39,367,79,2.5323906540870667,11.926744636899471,0.08888243
47.00000000957515,0.3114237546962538,0.580893076609904,66,22,0.875,194,41,364,79,2.4923421442508698,11.927027976235758,0.06472246
47.05000000958534,0.4427732794739303,0.8604750826725082,65,21,0.8333333333333334,188,38,375,78,2.4968601763248444,12.171431493346665,0.035207145
47.100000009595526,0.5263914220026276,0.5134078876193011,54,18,0.75,182,38,353,77,2.5019124150276184,12.669556509414788,0.29354736
47.15000000960571,0.7780973983421268,0.9473730908213628,54,23,0.875,182,37,359,75,2.5405675172805786,12.695079536168121,0.23165026
47.2000000096159,0.2178167092104134,0.5694534186111662,61,24,0.875,192,39,371,78,2.476414293050766,12.019330400207782,0.074604385
47.25000000962608,0.21201175674283324,0.5966026067249915,61,22,0.875,191,38,363,77,2.518598437309265,12.192830921497073,0.081388
47.30000000963627,0.557088551475881,0.5433873062141398,53,21,0.8333333333333334,188,37,370,79,2.656037211418152,12.836056528657807,0.16865076
47.35000000964646,0.24521742336549052,0.4234801894753376,61,23,0.875,191,38,368,79,2.4509257078170776,12.304510805859081,0.11725119
47.400000009656644,0.7227797292731604,0.7087358613241572,66,22,0.875,192,37,365,78,2.5157493352890015,12.1228824077535,0.11609961
47.45000000966683,0.4841253014705372,0.6908145707220853,61,21,0.7916666666666666,177,36,361,78,2.637421190738678,11.794848460944154,0.09410741
47.50000000967702,0.5089103566731851,0.5523823924803916,58,21,0.875,188,39,363,78,2.5131943821907043,11.646747390707137,0.14957845
47.5500000096872,0.2923597038491886,0.7421637878787688,50,20,0.7916666666666666,184,39,366,78,2.5765562057495117,11.709693449664131,0.14401805
47.60000000969739,0.5564046021611014,0.643654175290938,56,23,0.9166666666666666,179,39,357,78,2.677242159843445,12.219351025835863,0.20165008
47.650000009707576,0.24230404241834458,0.6634220936530952,69,22,0.875,190,39,371,79,2.5403809547424316,12.166953608882487,0.083376035
47.70000000971776,0.3035915030545312,0.5434583405143809,65,22,0.8333333333333334,187,38,365,80,2.443827837705612,12.327959550001637,0.055143166
47.75000000972795,0.4312377893851589,0.7424834488581616,57,21,0.8333333333333334,188,37,368,80,2.6235151290893555,12.895581222969268,0.14038539
47.800000009738135,0.6545179725118982,0.7327373469391729,60,22,0.875,178,37,357,77,2.6098668575286865,12.871746096377814,0.16809244
47.85000000974832,0.5796360902960983,0.352242313929893,53,19,0.7916666666666666,185,39,357,76,2.4962422251701355,13.072173063372015,0.214711
47.90000000975851,0.27237446685599737,0.5877638190618247,62,23,0.9166666666666666,187,35,361,79,2.6220467686653137,12.559400479017624,0.19088441
47.950000009768694,0.22527603460995116,0.5819470564093011,60,22,0.8333333333333334,183,37,363,80,2.728549540042877,12.635886490005674,0.09835477
48.00000000977888,0.6210304235842672,0.5091276688364061,63,23,0.9166666666666666,184,36,365,79,2.688373029232025,13.413595948286963,0.14664294
48.050000009789066,0.3800721132101389,0.4293965988809947,57,21,0.875,186,39,364,80,2.610168159008026,12.80149685905112,0.11241442
48.10000000979925,0.3560743924710382,0.6784890708612272,61,22,0.9166666666666666,188,37,366,77,2.5333398580551147,12.977654109028967,0.09402623
48.15000000980944,0.2221460919888707,0.677282321238337,61,22,0.8333333333333334,179,37,354,78,2.550875246524811,12.91104737890345,0.1278635
48.20000000981962,0.3465811302103384,0.5329458109351405,55,20,0.8333333333333334,187,36,366,79,2.577432096004486,12.863360535118025,0.09592037
48.25000000982981,0.44214024125776025,0.4835282527370582,65,23,0.9166666666666666,188,38,362,81,2.6648637652397156,12.530900246572436,0.0750187
48.30000000984,0.27951399849611336,0.5672266944311395,58,21,0.8333333333333334,184,35,365,80,2.4781234562397003,12.322504768755538,0.08998962
48.350000009850184,0.6034924605119398,0.5831595458463025,67,22,0.875,188,37,367,79,2.7566584944725037,12.758732185878143,0.097757205
48.40000000986037,0.34902213908405966,0.35518757258599165,63,24,0.875,184,36,366,80,2.5044414401054382,12.370524981661504,0.12638676
48.450000009870564,0.421642917353916,0.5319701164967355,54,21,0.75,176,38,352,79,2.548413872718811,12.618941992998414,0.2165603
48.50000000988074,0.2355811207755657,0.3879550580310276,58,23,0.875,179,38,362,77,2.6038724184036255,12.629428678013381,0.13805084
48.55000000989093,0.34292085058633615,0.7048896218313965,60,19,0.7916666666666666,187,37,361,77,2.489100396633148,12.032249127396701,0.10579195
48.60000000990112,0.3029248406445798,0.6349160055621207,60,21,0.875,182,39,358,78,2.615884840488434,12.462851814890596,0.1266178
48.6500000099113,0.41853337462694806,0.5914372996428079,60,22,0.875,186,37,360,78,2.5502270460128784,12.421886745649626,0.11080818
48.70000000992149,0.2739318319105225,0.5898169375397757,59,22,0.875,186,38,361,77,2.536666691303253,11.784740192701504,0.12444851
48.75000000993168,0.050221399548951454,0.6378733954194489,59,21,0.875,185,38,361,79,2.6382505893707275,12.376541666951537,0.10460022
48.80000000994186,0.30815227629793807,0.41013360435530144,53,19,0.7916666666666666,182,36,365,78,2.560105323791504,12.291973316301048,0.13378887
48.85000000995205,0.3158566463424178,0.5367395254692899,59,23,0.9166666666666666,190,39,367,78,2.5678735971450806,12.258252329017276,0.13839659
48.900000009962234,0.33555518995225997,0.5477422660709812,58,24,0.9166666666666666,184,37,352,78,2.4414734542369843,12.594524141896661,0.12025674
48.95000000997242,0.3578885801945869,0.4416822281747029,64,24,0.9166666666666666,183,36,358,77,2.3891504108905792,12.508876993399394,0.19722295
49.00000000998261,0.46490567040932673,0.6226880758134037,62,24,0.9166666666666666,188,40,356,77,2.545207142829895,12.51001408617415,0.10465521
49.05000000999279,0.18284882350456932,0.5358235041700179,60,21,0.875,192,40,364,79,2.523432970046997,12.003578244363764,0.15683892
49.10000001000298,0.17532882876892897,0.7753238261786027,58,22,0.875,184,35,360,76,2.4690303206443787,11.89655918438885,0.23580594
49.150000010013166,0.7538612048187289,0.5838008632631059,50,21,0.875,180,38,357,79,2.442542463541031,12.49393755680269,0.16984797
49.20000001002335,0.322231074564694,0.7452668512229261,62,23,0.875,191,40,365,80,2.6085150241851807,11.765381808305637,0.07913523
49.25000001003354,0.14862452482021818,0.6032827409735182,62,24,0.9166666666666666,191,38,368,79,2.5220346450805664,11.44340473390339,0.11319619
49.30000001004373,0.1414702048520049,0.7171352926972661,58,22,0.9166666666666666,195,42,367,80,2.65179842710495,11.711227468495693,0.03441357
49.35000001005391,0.6503157324899096,0.49827427818769277,61,20,0.7916666666666666,188,39,366,81,2.561488151550293,12.512382692171391,0.18552072
49.4000000100641,0.3488877083541084,0.42008871416621596,59,22,0.9166666666666666,183,38,365,77,2.5210383534431458,11.69095092983814,0.08627704
49.450000010074284,0.3595734522701813,0.6021184098400932,58,20,0.7916666666666666,186,38,362,79,2.630818486213684,11.482521696140937,0.16319309
49.50000001008447,0.27338165648295604,0.6798817031640992,66,22,0.875,190,39,359,76,2.5547507405281067,11.202513890894359,0.077885725
49.55000001009466,0.19943738327951432,0.6492224575028654,62,22,0.9166666666666666,191,38,367,80,2.559482455253601,11.148506818276145,0.107517295
49.60000001010484,0.4654971368862338,0.7022015463302157,64,22,0.875,182,40,369,80,2.5777310132980347,11.189094587606006,0.1337437
49.65000001011503,0.34785460335445095,0.7112702548372962,61,23,0.9166666666666666,181,38,364,80,2.5687596201896667,10.759005789800886,0.10403231
49.700000010125216,0.4711811496224277,0.6231772327130831,51,21,0.8333333333333334,184,38,355,76,2.5545838475227356,10.813293074402415,0.24779919
49.7500000101354,0.5096574859583762,0.5540753009565232,59,21,0.8333333333333334,186,37,357,79,2.462339997291565,11.06290542987093,0.11764254
49.80000001014559,0.3963296279678307,0.6014226527261717,55,21,0.875,180,35,352,77,2.6024535298347473,10.560300614650364,0.28394943
49.850000010155775,0.2880633459378501,0.6750674856520276,57,21,0.875,184,38,358,76,2.5115352869033813,10.284926111807193,0.14441383
49.90000001016596,0.36391806880661504,0.6142404098155456,62,20,0.7916666666666666,180,36,356,76,2.522403299808502,10.076408863200728,0.21039322
49.950000010176154,0.690177328238495,0.7498377156858453,60,22,0.875,188,38,366,78,2.598620355129242,10.40051796982687,0.12371686
50.000000010186334,0.42064663237355127,0.5843935194696991,61,21,0.875,187,39,352,77,2.6731398701667786,10.57487989900797,0.1274686
50.05000001019652,0.38060501500162847,0.6393484050893227,56,22,0.875,189,37,354,77,2.5657296180725098,10.502257378081712,0.14040028
50.10000001020671,0.40386401760388346,0.5467448874683059,59,22,0.875,188,38,365,77,2.408561408519745,10.466245959247882,0.14967124
50.15000001021689,0.24745092178441308,0.6941172816364,57,23,0.875,187,37,364,78,2.550882399082184,9.918917073001428,0.076967694
50.20000001022708,0.3594358811683017,0.4971917459970857,65,23,0.875,187,37,355,77,2.5430843234062195,10.628664559103473,0.14312215
50.250000010237265,0.33785995521377554,0.40567468639621496,57,23,0.9166666666666666,184,35,352,79,2.472897320985794,10.15955448828735,0.13338211
50.30000001024745,0.5200479885098461,0.8351222840191244,55,23,0.875,187,38,364,78,2.512095272541046,10.735118754165205,0.15190324
50.35000001025764,0.26192567039701414,0.4765896819013248,64,23,0.875,192,39,357,77,2.518340051174164,10.446776779970692,0.09572705
50.400000010267824,0.33558417281054,0.7432220062320813,63,22,0.9166666666666666,184,37,365,76,2.619825601577759,10.250288289882663,0.12980686
50.45000001027801,0.3072526196831483,0.5738299313603161,63,21,0.8333333333333334,187,38,355,76,2.598704695701599,10.157641844596226,0.08016967
50.500000010288204,0.2086615174679066,0.6356639079998105,57,20,0.7916666666666666,183,36,357,76,2.5426405668258667,10.684169154650771,0.14036547
50.55000001029838,0.24662061255486759,0.45148710242562057,63,23,0.9166666666666666,190,37,352,78,2.5864377617836,10.892854370550085,0.08231824
50.60000001030857,0.522156694452979,0.7211474238828758,61,23,0.9166666666666666,187,38,357,76,2.439194768667221,10.755476401677866,0.06930161
50.65000001031876,0.16799046223939917,0.5017016567584024,60,21,0.8333333333333334,187,40,360,79,2.569078505039215,10.70880762725162,0.14199339
50.70000001032894,0.37233411775878855,0.6553987307099406,62,23,0.9166666666666666,195,38,368,77,2.4877741932868958,10.931934368086615,0.10206417
50.75000001033913,0.3983728696765854,0.4822606413619199,62,23,0.8333333333333334,187,37,355,80,2.532392144203186,11.368710675479026,0.13681327
50.800000010349315,0.39731962718975083,0.6345993284234408,63,23,0.875,191,38,372,78,2.448580265045166,10.741181956261476,0.07980546
50.8500000103595,0.30511601635440877,0.5117328601939983,61,23,0.9166666666666666,190,37,357,79,2.5081825256347656,11.310852026004028,0.09213458
50.90000001036969,0.4122919313568629,0.7091362233322897,57,22,0.875,182,38,356,79,2.6183903217315674,11.31897371656704,0.10694531
50.950000010379874,0.13694990993992529,0.5055813000829441,62,22,0.9166666666666666,184,38,367,77,2.511577606201172,11.061239996539927,0.10310843
51.00000001039006,0.4217803760980979,0.6939430449750532,65,24,0.9166666666666666,190,38,364,78,2.6400476694107056,11.335505316603287,0.09664008
51.05000001040025,0.5720111070861189,0.5835150502743942,63,23,0.9166666666666666,189,38,360,78,2.5957074761390686,11.476711042720673,0.1598915
51.10000001041043,0.41591347711767057,0.295785195394657,58,20,0.7916666666666666,183,37,356,77,2.5267547369003296,11.147700388930275,0.1530465
51.15000001042062,0.2843341158504007,0.5139909914097258,68,22,0.8333333333333334,187,37,357,77,2.516523599624634,11.001885691927775,0.15830085
51.200000010430806,0.35031623758132074,0.561362120480341,64,22,0.875,189,39,359,78,2.501227855682373,10.790109469662141,0.13089031
51.25000001044099,0.5858256489538373,0.5851861987595721,56,23,0.9166666666666666,184,35,359,75,2.593468129634857,11.41076097690477,0.15704566
51.30000001045118,0.46748393529481674,0.586218148821102,67,23,0.9166666666666666,189,38,365,77,2.5608226656913757,11.669701433689514,0.09662682
51.35000001046136,0.02994594102621616,0.5991808327262431,60,20,0.7916666666666666,178,36,352,77,2.573572099208832,11.480507271291058,0.12542756
51.40000001047155,0.6463258278518603,0.7008224912145843,59,22,0.875,179,36,353,77,2.48931348323822,11.044055691793737,0.21375635
51.45000001048174,0.5653881547098235,0.46377089952165984,54,20,0.7916666666666666,178,37,352,79,2.6116663217544556,11.356133351020778,0.30174673
51.500000010491924,0.4341533050050812,0.6299247954228016,63,22,0.875,187,39,361,76,2.5977930426597595,11.206188852006544,0.19243623
51.55000001050211,0.7252233610292267,0.710885104333252,55,22,0.875,182,37,358,76,2.512422204017639,11.04157700883941,0.15217005
51.6000000105123,0.6290761872542389,0.655055536349203,56,22,0.7916666666666666,183,37,356,79,2.529763877391815,11.398547867979039,0.26835242
51.65000001052248,0.27181672790597994,0.5314570617643537,64,22,0.875,187,36,362,75,2.631799280643463,10.778745913671512,0.16977318
51.70000001053267,0.31806497250020266,0.6245739230760201,68,24,0.9583333333333334,194,39,371,79,2.646416127681732,10.530437770886225,0.0917851
51.75000001054285,0.3889261280739704,0.46558546334908807,56,22,0.875,189,37,359,78,2.6688259840011597,11.069932972312984,0.15151462
51.80000001055304,0.29228639578490423,0.5857009372721823,57,23,0.9166666666666666,188,38,363,77,2.55343496799469,11.0644502110189,0.10181262
51.85000001056323,0.407417267527792,0.5041448245392282,66,23,0.875,191,39,366,79,2.4935293197631836,11.657893518383302,0.120104305
51.900000010573414,0.33491564413902714,0.6030716056008979,63,22,0.875,184,37,363,80,2.5537919998168945,11.166019093233412,0.12468148
51.9500000105836,0.6592186961756887,0.5720005533577961,54,22,0.875,185,36,359,79,2.616066038608551,11.397332716751949,0.15559275
52.00000001059379,0.4131441988862782,0.6993627474268725,60,21,0.8333333333333334,187,38,371,78,2.553933560848236,11.259971244155054,0.114051
52.05000001060397,0.5554380798149795,0.5907201425460564,59,23,0.9166666666666666,191,39,360,76,2.501285672187805,10.594886286280722,0.12803908
52.10000001061416,0.7785573041865221,0.6468182439247584,60,23,0.9166666666666666,188,36,371,79,2.66579270362854,11.027845544654546,0.15230982
52.150000010624346,0.6397274555431286,0.709780627838303,58,21,0.8333333333333334,191,39,366,76,2.4827195703983307,10.597209640488812,0.12521641
52.20000001063453,0.6664269488804866,0.44506858395054244,61,22,0.875,183,38,359,77,2.5043296813964844,10.654987400102538,0.18783796
52.25000001064472,0.33178103358715694,0.6418313621092218,63,21,0.8333333333333334,186,39,363,78,2.580133378505707,10.375306744319444,0.097626664
52.3000000106549,0.5055338731127345,0.6303087111291,62,21,0.875,192,37,363,77,2.6344192028045654,10.63691358553287,0.096127175
52.35000001066509,0.49657022213952684,0.5063545833355445,56,22,0.875,189,38,364,79,2.4876251816749573,11.262818153386798,0.22282305
52.40000001067528,0.34431685571338966,0.6042852557206791,65,23,0.875,189,38,368,79,2.5799816846847534,11.037709624022378,0.05920522
52.450000010685464,0.170421218502155,0.5765033473212312,62,23,0.9166666666666666,185,37,351,77,2.5015410780906677,10.719458413842187,0.18115088
52.50000001069565,0.46707628416094404,0.5709954831067714,68,23,0.875,189,37,363,79,2.6179131865501404,10.976579062331,0.12013387
52.550000010705844,0.46260260869816355,0.8295833468742562,63,22,0.875,191,37,374,79,2.6524296402931213,10.420082351231112,0.1299686
52.60000001071602,0.5924571218014105,0.504868256001761,62,21,0.875,184,37,357,76,2.4626001715660095,10.997928041330152,0.18338417
52.65000001072621,0.5025865508796448,0.7431454218686802,61,20,0.8333333333333334,184,36,364,78,2.6377591490745544,10.259424273996798,0.19546501
52.7000000107364,0.8653057759421148,0.7026365836840022,61,22,0.875,191,40,360,78,2.5487250089645386,10.77121460704114,0.22634694
52.75000001074658,0.3499511915573584,0.5626301658246786,68,24,0.9166666666666666,186,36,368,77,2.6119354367256165,9.87403847702831,0.08991306
52.80000001075677,0.6340346128261949,0.6590909506227869,64,23,0.9166666666666666,184,37,359,78,2.5586920976638794,10.635881904171063,0.21534675
52.85000001076696,0.38603817631490633,0.4745594905281411,64,22,0.875,193,38,372,80,2.559712827205658,10.845787599297783,0.12502392
52.90000001077714,0.22420691476776639,0.5630291324760556,62,20,0.8333333333333334,183,36,359,76,2.635335624217987,10.821248973587023,0.124477975
52.95000001078733,0.30511882548485014,0.7144450059838536,64,22,0.875,190,39,372,77,2.616419494152069,10.542900550595933,0.09685414
53.000000010797514,0.6618795315195886,0.6621487293054238,57,22,0.875,186,36,364,79,2.625773549079895,11.030908498639658,0.12268668
53.0500000108077,0.4953768556353077,0.6575457220431193,59,23,0.875,191,38,364,78,2.4213750660419464,11.353539187010329,0.12583095
53.10000001081789,0.36363711381007624,0.6651488744403583,63,22,0.875,186,39,365,76,2.4209097027778625,11.313745280681804,0.11335855
53.15000001082807,0.29019600877619695,0.6278671661317664,64,21,0.8333333333333334,190,37,374,79,2.593361735343933,11.169234537327188,0.100697204
53.20000001083826,0.44387316702904156,0.6425213697145459,59,20,0.8333333333333334,187,37,366,79,2.509186863899231,11.381246260993025,0.087453395
53.250000010848446,0.7537571919234232,0.5428449024193662,60,22,0.9166666666666666,190,38,364,77,2.5085127353668213,11.448441013758295,0.13460563
53.30000001085863,0.7596700826741518,0.7476402303011832,62,22,0.875,185,35,359,77,2.4482323229312897,11.308057386804053,0.13186535
53.35000001086882,0.40989536795842435,0.5720780388998375,63,22,0.875,186,37,369,78,2.4885421991348267,11.514436874399916,0.097816475
53.40000001087901,0.4890063778003587,0.598534326593405,75,23,0.9166666666666666,191,39,375,79,2.513419985771179,11.431179099018971,0.08847658
53.45000001088919,0.10926881263607761,0.5385086461392357,65,21,0.875,180,36,368,78,2.6706919074058533,11.247713471181866,0.10580282
53.50000001089938,0.44818405471928696,0.7525053877065568,59,21,0.875,188,38,367,81,2.548428177833557,11.220084776715815,0.10331613
53.550000010909564,0.4736157395385982,0.6375317189533871,56,20,0.8333333333333334,186,38,370,79,2.4076488614082336,11.389447488717694,0.16667849
53.60000001091975,0.4195452431812999,0.5589133916775852,60,21,0.875,189,39,366,77,2.5439417362213135,11.146661769290054,0.18258412
53.650000010929936,0.4704932523927358,0.5863803564623328,64,21,0.875,189,41,363,79,2.5499308109283447,10.97442823897433,0.08829
53.70000001094012,0.42853615770010234,0.5314380522296899,57,20,0.7916666666666666,186,37,358,78,2.612268030643463,10.776365765091338,0.18407685
53.75000001095031,0.574752425678947,0.5832657642797904,63,21,0.875,186,36,368,76,2.552790939807892,10.381279924970883,0.11580193
53.800000010960495,0.6407478255306176,0.6687047004795943,55,23,0.875,183,38,359,79,2.486274689435959,10.612649265203693,0.18803799
53.85000001097068,0.5854030617690832,0.6456170944652397,64,22,0.875,192,38,368,80,2.5955983996391296,10.289068608674858,0.14843856
53.90000001098087,0.43252838558618834,0.6058030551044632,56,21,0.8333333333333334,186,38,368,78,2.5885173678398132,10.745835061359124,0.10589516
53.950000010991054,0.5424016558804083,0.8715759689675067,61,22,0.875,194,40,371,78,2.61187344789505,10.420760424766993,0.08747016
54.00000001100124,0.4866876017877741,0.5812831577605414,60,22,0.875,183,36,366,78,2.635476291179657,10.890674531666864,0.10651752
54.050000011011434,0.174853921213568,0.6139222565941612,52,23,0.9166666666666666,189,37,357,76,2.5913703441619873,10.330730434449302,0.13634521
54.10000001102161,0.3033496914876542,0.5410935075180836,60,22,0.875,187,37,364,76,2.5036945939064026,10.686142692169849,0.15233457
54.1500000110318,0.52651560777881,0.6005397350915999,60,23,0.875,187,36,364,75,2.696118950843811,11.566318718969173,0.15746558
54.20000001104199,0.36170812382292683,0.61558995914087,57,20,0.7916666666666666,186,37,357,77,2.4924175441265106,11.091616600776382,0.14515543
54.25000001105217,0.38521837195649805,0.5077518671493703,61,22,0.875,184,37,354,77,2.6470014452934265,11.663395379152028,0.1408255
54.30000001106236,0.4654285945029215,0.4729595560609552,59,22,0.875,192,40,364,80,2.625991404056549,12.562926577320326,0.10668037
54.350000011072545,0.23202647683386743,0.7140769809038415,66,23,0.875,190,37,367,78,2.6097306609153748,11.856436345365209,0.11771562
54.40000001108273,0.5164821747658228,0.6659531593886323,54,23,0.9166666666666666,183,36,351,77,2.5695815682411194,12.30590265898634,0.2957924
54.45000001109292,0.5719604323332134,0.6539279311088743,60,22,0.875,182,38,352,75,2.599230110645294,12.459880396730894,0.20030005
54.500000011103104,0.5284606060794059,0.3869556077087888,50,22,0.9166666666666666,181,38,353,75,2.5796878337860107,12.575360631865271,0.2587851
54.55000001111329,0.4455793708176349,0.5275128994124777,66,22,0.875,191,38,364,77,2.5722426176071167,12.097107595558949,0.12683357
54.600000011123484,0.41225774308618757,0.8732164530116959,55,20,0.7916666666666666,182,37,358,77,2.471347004175186,11.553064612657797,0.088428155
54.65000001113366,0.6304037936938445,0.517970553215915,62,22,0.875,179,37,359,76,2.5876617431640625,11.730453695858989,0.09026943
54.70000001114385,0.3614177826480825,0.4986959692317805,61,23,0.875,186,36,359,79,2.525346279144287,11.401238110502323,0.110856436
54.75000001115404,0.5575377591041037,0.7117533392990151,64,23,0.9166666666666666,184,38,361,76,2.668652832508087,11.16652526643838,0.13639018
54.80000001116422,0.5089079893055557,0.8456997912773654,60,23,0.9166666666666666,194,40,371,80,2.6993361115455627,11.155475964513437,0.11659502
54.85000001117441,0.3636294671580875,0.5413492401923059,58,25,0.9166666666666666,188,37,369,80,2.4784238636493683,11.532152768427588,0.17164186
54.900000011184595,0.3637976939296451,0.5627883819742293,54,22,0.875,190,38,357,80,2.4819315969944,11.163928140952981,0.12082198
54.95000001119478,0.4019961119094482,0.5635512164458638,58,21,0.8333333333333334,188,38,359,77,2.5948292016983032,11.100993889925546,0.19323319
55.00000001120497,0.3915571824960998,0.6248138532372621,63,20,0.8333333333333334,183,36,360,77,2.5247004628181458,10.460144823659752,0.13693416
55.050000011215154,0.3714448247706502,0.6714116809290995,63,22,0.8333333333333334,186,38,357,77,2.5693169236183167,10.603742735972492,0.12259405
55.10000001122534,0.181122236963711,0.5180167307065743,60,22,0.875,187,37,362,75,2.515793740749359,10.016475635020416,0.10531199
55.15000001123553,0.5935802430674217,0.6626515868396083,62,23,0.9166666666666666,189,40,366,79,2.521860897541046,10.351057603064602,0.1251308
55.20000001124571,0.18072009696013777,0.6801383907745441,69,22,0.875,181,36,368,80,2.469935119152069,9.875303020948518,0.124027714
55.2500000112559,0.5506718163825495,0.7373491926169691,54,21,0.8333333333333334,188,39,365,80,2.4963469803333282,9.928768226519304,0.070350595
55.300000011266086,0.29339417947108626,0.4148318328281365,63,24,0.875,190,39,370,78,2.4368976056575775,10.03922275889595,0.1308877
55.35000001127627,0.36852388066370745,0.6836363011499533,60,24,0.9166666666666666,186,37,369,79,2.5516846776008606,11.089476226233943,0.15684526
55.40000001128646,0.27019866355401084,0.6054199231063793,62,22,0.9166666666666666,187,36,358,78,2.5097596645355225,10.202256656727293,0.11053292
55.45000001129664,0.3190966966277404,0.6469857646063073,66,23,0.9166666666666666,191,40,370,78,2.636035680770874,10.005076800549642,0.07706831
55.50000001130683,0.587796127488701,0.6988717134920328,57,22,0.875,186,38,358,76,2.59517103433609,10.786142295265018,0.18495199
55.55000001131702,0.4232049894221276,0.5083743196352739,53,22,0.875,186,39,360,76,2.530963122844696,10.070874751344867,0.13215816
55.600000011327204,0.46174113738678424,0.5274984030947983,53,21,0.8333333333333334,185,38,358,75,2.529546022415161,10.644570014434,0.20773517
55.65000001133739,0.4424794340588301,0.5529575478738473,57,20,0.8333333333333334,186,39,364,79,2.5622567534446716,10.435367716882915,0.10745864
55.700000011347576,0.46869894364590686,0.7189191399256203,64,24,0.9166666666666666,197,39,371,78,2.5505787134170532,10.657152146557145,0.100381404
55.75000001135776,0.503618895388267,0.6691856640768611,50,23,0.9166666666666666,183,38,364,77,2.5236931443214417,10.393997269907436,0.15369846
55.80000001136795,0.30474125697233573,0.7275844240697467,71,23,0.875,189,36,369,79,2.6041698455810547,10.042919154306,0.098569825
55.85000001137813,0.4507243415227647,0.5163998885866029,62,23,0.875,183,36,359,78,2.4025623500347137,10.748260770115392,0.12401106
55.90000001138832,0.4930248857883896,0.5181171420428059,60,23,0.9166666666666666,191,37,360,78,2.5093689560890198,10.791123462875527,0.21434204
55.95000001139851,0.3789798668431859,0.735165434825734,71,24,0.875,189,35,366,78,2.6640820503234863,10.11089565093057,0.02847623
56.000000011408694,0.09077105336152065,0.5069531209195042,65,23,0.9166666666666666,188,39,365,76,2.346949428319931,10.511030975674238,0.06708584
56.05000001141888,0.27441503631948233,0.5579779634410608,57,22,0.875,179,35,353,76,2.553075850009918,10.690549088113945,0.11713598
56.10000001142907,0.7152500317394166,0.6578527972379846,59,21,0.8333333333333334,183,35,366,78,2.5699827075004578,10.860455807524332,0.15327144
56.15000001143925,0.5165416133271632,0.5701561233321224,57,22,0.9166666666666666,182,37,358,75,2.643035650253296,11.419270318201082,0.10062405
56.20000001144944,0.39462621220142907,0.5174740610074887,63,21,0.8333333333333334,188,36,362,77,2.64733225107193,11.507693281188578,0.055477202
56.250000011459626,0.6766710099469291,0.5818063169862104,49,21,0.8333333333333334,184,37,356,76,2.6346537470817566,11.621259610137358,0.14460175
56.30000001146981,0.4493565516696035,0.5337143567829216,69,24,0.875,180,36,354,77,2.593414783477783,10.815302511572664,0.13608892
56.35000001148,0.7046422205745967,0.7481394886735393,53,21,0.75,188,38,367,79,2.502429187297821,11.39557219247032,0.14968795
56.40000001149018,0.5060161421253677,0.7015471885988631,59,22,0.9166666666666666,181,37,360,79,2.5884944200515747,10.99863955694036,0.13288908
56.45000001150037,0.46344433700909676,0.45458345359077046,48,22,0.875,183,36,350,76,2.4906906485557556,10.95207537878296,0.23900948
56.50000001151056,0.32412301116886977,0.38075848509051463,54,21,0.8333333333333334,183,37,348,78,2.4236218631267548,10.711470575468116,0.24577545
56.550000011520744,0.6365994219749916,0.6646485441667767,55,21,0.8333333333333334,190,38,361,76,2.5749588012695312,10.98471435544731,0.19182478
56.60000001153093,0.5682646091143567,0.5998333915983096,45,20,0.7916666666666666,184,39,358,76,2.4682308733463287,11.42557384868426,0.13771403
56.650000011541124,0.427826673566385,0.7289305351000304,52,22,0.875,186,38,365,77,2.4959999322891235,11.134672760998559,0.16989237
56.7000000115513,0.4168449566790926,0.5762681756281968,57,22,0.875,190,38,360,79,2.467927187681198,10.920392344473582,0.097011685
56.75000001156149,0.3581272062085261,0.6451968698552262,53,22,0.875,180,36,359,77,2.57511705160141,11.104807223486848,0.15728588
56.80000001157168,0.36157045742672145,0.6377548298939546,61,23,0.875,189,38,370,79,2.547677755355835,11.990327206905791,0.03944431
56.85000001158186,0.5398483726382739,0.6600877463678401,59,21,0.8333333333333334,177,37,358,78,2.4857546389102936,11.879069983812585,0.104993016
56.90000001159205,0.5229470003291126,0.8956339774242349,52,23,0.875,182,38,358,77,2.5382137298583984,11.67671348737822,0.1427547
56.95000001160224,0.43310390223327677,0.6693755364418357,54,22,0.875,185,38,371,79,2.6203465461730957,11.756063883858623,0.05812723
57.00000001161242,0.3611169029252299,0.581637280177199,65,23,0.875,188,39,368,78,2.437300682067871,11.297672011649338,0.121208735
57.05000001162261,0.4606427975564491,0.7045218338280499,61,22,0.8333333333333334,187,38,369,79,2.587863504886627,11.846912148288018,0.07277578
57.100000011632794,0.42109070255529024,0.3311306037686463,66,23,0.8333333333333334,186,38,358,78,2.5267457962036133,11.505567969861046,0.19621578
57.15000001164298,0.6260672349767128,0.6884342421162499,57,22,0.8333333333333334,182,37,364,78,2.4903422594070435,11.155028167617944,0.15589385
57.20000001165317,0.5914863375671657,0.74005278262308,58,23,0.9166666666666666,187,37,364,77,2.5589433312416077,10.950598687175619,0.14632224
57.25000001166335,0.46481540964390694,0.6048818479169868,47,22,0.875,180,36,354,76,2.45532289147377,10.94901022909232,0.1595797
57.30000001167354,0.6184727404221303,0.445599773477555,48,19,0.7916666666666666,186,36,359,77,2.6374846696853638,10.928786784062714,0.24125205
57.350000011683726,0.5427796760191138,0.7016979692612156,57,20,0.8333333333333334,184,36,358,76,2.5951263308525085,11.070055978935027,0.13857743
57.40000001169391,0.6175618924020148,0.5945815474978131,56,21,0.8333333333333334,183,37,364,78,2.650422751903534,11.011764905731267,0.16813578
57.4500000117041,0.4192829122058034,0.5546861163224441,63,23,0.9166666666666666,190,39,368,76,2.590571939945221,10.975581365336797,0.12734509
57.50000001171429,0.38837692464276535,0.2603949182186389,56,21,0.875,190,39,362,78,2.5014182925224304,10.78942219079221,0.24659738
57.55000001172447,0.535434453252115,0.5527949465242944,58,21,0.8333333333333334,184,36,357,75,2.4838028848171234,10.888164194279932,0.14233027
57.60000001173466,0.474267491063087,0.6747687325415309,66,22,0.875,193,38,364,79,2.465149164199829,10.41741546566505,0.08289887
57.650000011744844,0.41558844045382315,0.8033360843274577,65,22,0.875,187,38,372,77,2.534526288509369,9.973437455093555,0.04476908
57.70000001175503,0.35882928700896627,0.6281261857756206,56,21,0.875,185,38,355,76,2.54807710647583,10.467392344917368,0.20316753
57.750000011765216,0.631793873755262,0.7991146509301592,61,23,0.875,188,37,372,77,2.5559893250465393,10.444499969836558,0.11409861
57.8000000117754,0.3102428591766581,0.6235065306180607,62,23,0.9166666666666666,189,37,365,78,2.5963106751441956,10.938937432686506,0.07794304
57.85000001178559,0.30083619463048766,0.7267361917286873,60,22,0.9166666666666666,186,36,361,78,2.514793276786804,10.642393196607074,0.10782553
57.900000011795775,0.5168206516339947,0.7443186402675244,60,23,0.9166666666666666,188,39,369,79,2.7334144711494446,10.619580810059972,0.11121975
57.95000001180596,0.4992747285809521,0.676887483465378,67,23,0.875,186,35,358,78,2.537570893764496,10.653067639688478,0.1263084
58.00000001176521,0.5406689712152755,0.6121267866496608,58,20,0.8333333333333334,181,38,363,78,2.5284719467163086,10.75140075063774,0.10108881
58.0500000115935,0.3136521796028272,0.4716551163533548,67,22,0.8333333333333334,188,38,368,78,2.5356346368789673,10.28713574555069,0.064364806
58.100000011421784,0.25063699117492466,0.7209106578379159,59,24,0.9166666666666666,182,37,362,77,2.5827327370643616,10.655790517313637,0.13890134
58.15000001125007,0.7741929106125733,0.7774311431336668,54,21,0.875,187,40,363,78,2.571425437927246,10.68656790249717,0.20646347
58.20000001107836,0.635803651327902,0.7201236643233109,62,23,0.875,184,37,360,78,2.4865958094596863,10.537855369180091,0.11134646
58.250000010906646,0.30120282942656634,0.886588287181158,57,22,0.875,183,37,363,78,2.546713948249817,10.252275189797304,0.05235726
58.300000010734934,0.3065485396900123,0.6981363445543616,59,22,0.875,188,38,367,78,2.5461938977241516,10.532937128641624,0.15670343
58.35000001056322,0.3539784034485681,0.6346587875153382,71,24,0.9166666666666666,188,37,361,78,2.54059374332428,10.981126324481538,0.13372126
58.40000001039151,0.40681615173386004,0.7346178654792521,61,23,0.9166666666666666,184,38,361,78,2.4651356041431427,10.655924773369376,0.10311143
58.450000010219796,0.32804627616132115,0.7038419499503547,59,24,0.875,184,38,366,77,2.601802945137024,10.07404718246316,0.09684017
58.50000001004808,0.5754952455242792,0.8879322839411413,66,22,0.8333333333333334,184,37,376,78,2.552618384361267,9.79543884993614,0.02263569
58.55000000987637,0.5718638344064189,0.6810766264581226,59,23,0.875,185,36,358,78,2.5508609414100647,10.647371829598411,0.19897038
58.60000000970466,0.5278574386682431,0.5846754654306109,60,24,0.9166666666666666,190,38,364,78,2.6104772090911865,10.303267467333992,0.22118586
58.650000009532945,0.46290513338862355,0.6917656490538854,59,20,0.8333333333333334,185,39,357,76,2.643178403377533,10.270574415317801,0.084985204
58.70000000936123,0.5635325606973465,0.6730884680674619,64,24,0.9166666666666666,186,36,355,75,2.6036256551742554,9.936022573087948,0.11926714
58.75000000918952,0.6014169155456379,0.7104755600156176,58,22,0.875,193,40,370,80,2.4985526502132416,10.530379911027286,0.09909111
58.80000000901781,0.5153691580644576,0.4823517251700782,37,18,0.75,186,40,348,77,2.546774744987488,11.006193498477641,0.16074935
58.850000008846095,0.4102871180043755,0.6546515771494501,60,23,0.875,187,35,359,77,2.5912806391716003,10.182873697724837,0.118360266
58.90000000867438,0.6324729757876596,0.8922310703126939,58,23,0.9166666666666666,182,36,361,77,2.6833149790763855,10.354830179595105,0.07677304
58.95000000850267,0.27956495984772317,0.617877166359499,58,21,0.8333333333333334,184,36,361,79,2.5340881943702698,10.625512632998069,0.085639134
59.00000000833096,0.4773883016586764,0.7789897403247154,57,23,0.9166666666666666,189,36,366,77,2.526257038116455,10.909868456850935,0.08699932
59.050000008159245,0.4689151846122191,0.7218840077778741,64,23,0.9166666666666666,187,38,357,78,2.4725595116615295,10.898653119712662,0.09265232
59.10000000798753,0.5509551755733854,0.748933884320815,63,23,0.9166666666666666,190,39,359,78,2.5191479921340942,11.480411075829906,0.111414544
59.15000000781582,0.39333318660781763,0.558844066149701,64,22,0.875,190,39,362,78,2.5695213675498962,12.114140635925503,0.10803802
59.20000000764411,0.8662364584582655,0.8627303808166775,58,23,0.9166666666666666,190,39,368,78,2.484489530324936,11.420213126040801,0.11978693
59.250000007472394,0.4808384876663039,0.7461084737484855,63,22,0.8333333333333334,183,36,365,78,2.4937354028224945,11.201735272993005,0.1143402
59.30000000730068,0.3941963534056886,0.7394914773713726,61,22,0.8333333333333334,187,39,361,79,2.5215470790863037,10.835441831190984,0.12599427
59.35000000712897,0.4584824960604497,0.7123305909911379,62,22,0.875,189,39,362,78,2.6233235001564026,10.798382868386573,0.14240879
59.40000000695726,0.2930723654286241,0.5977164546038514,59,23,0.9166666666666666,188,38,362,78,2.5446704030036926,10.689152298942917,0.08490808
59.450000006785544,0.5417410767164804,0.6155800373871341,60,24,0.9166666666666666,187,39,367,79,2.5746124982833862,10.769214769642135,0.15693967
59.50000000661383,0.45377752667563803,0.7555040924316446,66,23,0.875,199,40,369,79,2.596632242202759,10.388531385449769,0.074467316
59.55000000644212,0.42330597243423257,0.7199753485271748,65,25,0.9166666666666666,187,38,370,78,2.507864236831665,10.300304473552595,0.10505977
59.600000006270406,0.307519180073266,0.6415164387423288,69,23,0.9166666666666666,191,39,363,78,2.6205766201019287,10.544177433125785,0.06500708
59.65000000609869,0.5444049285955823,0.6772322270788532,63,21,0.8333333333333334,190,39,366,78,2.549566328525543,10.438851725304312,0.10571316
59.70000000592698,0.37928957925215623,0.5525139179622506,63,23,0.8333333333333334,193,38,366,79,2.360680252313614,10.234220868096306,0.093818635
59.75000000575527,0.5298414407386947,0.7586252388536232,67,21,0.8333333333333334,188,39,358,78,2.6030537486076355,10.572521964255328,0.13288699
59.800000005583556,0.5136286445215237,0.7474532401163748,61,22,0.8333333333333334,191,37,366,79,2.4490538239479065,10.597045208825433,0.081775606
59.85000000541184,0.47512637771669003,0.5460502294053836,60,22,0.7916666666666666,187,37,357,77,2.5097593665122986,10.623983664687007,0.13332699
59.90000000524013,0.6324918168948357,0.6504900697988975,61,21,0.8333333333333334,190,39,359,77,2.518360912799835,10.844021673997704,0.14121272
59.95000000506842,0.5486859028586419,0.7631793999280028,65,23,0.875,184,37,364,77,2.4604253470897675,10.397398072945352,0.09520201
60.000000004896705,0.4510725502724321,0.6197058705822805,63,23,0.9166666666666666,186,39,361,79,2.5735145807266235,10.330876349767548,0.14017126
60.05000000472499,0.46916099228122005,0.5308742766112603,61,21,0.8333333333333334,183,38,360,77,2.5391674041748047,10.238058902228833,0.1385252
60.10000000455328,0.3067579492759043,0.7382597188014235,62,22,0.8333333333333334,189,39,364,76,2.446151375770569,10.54718851804398,0.066910595
60.15000000438157,0.6014403684948384,0.9107585373191529,59,21,0.8333333333333334,184,37,365,81,2.5864678621292114,10.818998667955038,0.09939047
60.200000004209855,0.43978562707755653,0.6775847455840535,66,23,0.875,194,42,363,77,2.5712764263153076,10.634765445381662,0.124249935
60.25000000403814,0.4854914417496312,0.6889277624117824,70,23,0.875,192,37,365,77,2.615799605846405,10.603127188574266,0.09493226
60.30000000386643,0.3857773890457785,0.5963397101069761,53,21,0.875,187,37,352,78,2.5945529341697693,10.807234212119745,0.14653814
60.35000000369472,0.48876408128863075,0.7143405491926419,59,22,0.875,181,36,362,77,2.461903989315033,10.377130357039732,0.061777953
60.400000003523004,0.3337962764287232,0.6278292204300475,58,22,0.875,187,36,374,79,2.534637153148651,10.12177363400892,0.08387972
60.45000000335129,0.3602655372305313,0.716358025015007,62,21,0.8333333333333334,190,38,372,79,2.5307366251945496,10.158035413170197,0.09501081
60.50000000317958,0.26500840092901795,0.6523844664683314,63,22,0.875,196,39,365,78,2.7625927329063416,10.483493388832175,0.084374905
60.55000000300787,0.4062326384819619,0.6104361166057491,65,25,0.9166666666666666,192,39,371,77,2.5083866715431213,10.35518847929123,0.10149196
60.600000002836154,0.29537840274400967,0.5842830933205357,58,20,0.7916666666666666,180,38,357,75,2.480252981185913,10.785905210287341,0.086481854
60.65000000266444,0.38875854239461893,0.6322400733299077,63,20,0.8333333333333334,188,39,375,78,2.5303426384925842,10.935653486148151,0.088679194
60.70000000249273,0.48501733723174334,0.5425385300470906,54,20,0.7916666666666666,186,38,361,79,2.6445040106773376,10.498980828400759,0.18763025
60.750000002321016,0.3260611077767955,0.7208909071916616,63,21,0.8333333333333334,187,40,367,79,2.5764811038970947,10.260285520378982,0.116978675
60.800000002149304,0.4848885321670795,0.6574931271061721,60,20,0.7916666666666666,186,38,369,76,2.5217312574386597,10.540679932732413,0.070222974
60.85000000197759,0.6351470107006453,0.6948497888240237,57,21,0.8333333333333334,182,37,359,74,2.5193387269973755,10.60803362864351,0.15006076
60.90000000180588,0.510104456498278,0.6149306580035997,58,22,0.8333333333333334,182,37,362,78,2.494915872812271,10.762828039295895,0.13491507
60.950000001634166,0.4919561187350422,0.712804573380478,60,22,0.875,184,36,360,76,2.571154534816742,10.606276909247159,0.11863214
61.00000000146245,0.4167725900257435,0.7346319010401335,60,20,0.8333333333333334,187,38,365,77,2.5378409028053284,10.60336756974837,0.074657135
61.05000000129074,0.34952462995712336,0.7321487515399028,62,22,0.875,193,40,366,76,2.4062003195285797,10.601286602632785,0.065585434
61.10000000111903,0.7463525926236987,0.7481597476068946,63,21,0.875,191,40,368,77,2.5005564093589783,10.96205837649257,0.10609923
61.150000000947315,0.3400138799115393,0.5860608223189148,66,22,0.9166666666666666,190,40,367,79,2.4599675834178925,10.154487160963575,0.047934804
61.2000000007756,0.5508731674984878,0.6749595206310008,60,22,0.9166666666666666,186,37,366,79,2.5757426023483276,10.604602115150037,0.15591593
61.25000000060389,0.5529347819894578,0.7344632949999929,60,20,0.7916666666666666,190,40,367,77,2.538805305957794,10.319129752967315,0.14711475
61.30000000043218,0.34113199850934217,0.6868706369342656,60,22,0.875,190,38,377,81,2.6035472750663757,10.469150794675262,0.14758939
61.350000000260465,0.3225732030238856,0.6751639436331396,70,22,0.875,189,37,370,78,2.504226863384247,9.94948173236005,0.054470453
61.40000000008875,0.5599148184480088,0.588134508729427,67,21,0.8333333333333334,184,36,372,79,2.508741021156311,9.971854759597374,0.09866458
61.44999999991704,0.7983941521167743,0.7454165289326415,58,21,0.8333333333333334,186,38,364,76,2.5283992290496826,10.125882722804462,0.12038305
61.49999999974533,0.4811186878679838,0.5321913788981292,64,23,0.875,190,38,364,77,2.519233822822571,9.96298557834196,0.09892987
61.549999999573615,0.581257936400828,0.890746512925569,62,21,0.8333333333333334,188,39,369,78,2.511044442653656,10.148864200019245,0.06473872
61.5999999994019,0.3980891041311444,0.6763626726280192,67,23,0.9166666666666666,192,39,360,76,2.5851216912269592,10.167225523196102,0.113850415
61.64999999923019,0.629978174102262,0.6865170461776513,55,21,0.8333333333333334,183,37,358,80,2.5735729932785034,9.851866156148859,0.21007994
61.69999999905848,0.4891779301447813,0.8453490380491696,62,25,0.9166666666666666,184,36,360,77,2.6284870505332947,9.86135445059034,0.15032652
61.749999998886764,0.7214760283637287,0.552904478679949,56,21,0.8333333333333334,187,37,364,78,2.530086636543274,10.816559273242072,0.16450076
61.79999999871505,0.4459923828426372,0.6436752254445312,63,23,0.8333333333333334,186,37,367,76,2.493617683649063,9.642833213347455,0.07060895
61.84999999854334,0.2866608307766155,0.5709526576833506,61,21,0.8333333333333334,190,38,370,78,2.6047146320343018,9.564603782011911,0.0981253
61.89999999837163,0.6883436879098055,0.6930221128182984,59,21,0.8333333333333334,180,38,362,79,2.5653737783432007,9.702693285165545,0.16971159
61.949999998199914,0.5737931321482087,0.5375355020827454,50,19,0.75,180,38,353,75,2.578045427799225,10.116465350627228,0.19343713
61.9999999980282,0.3749006081126125,0.6868087359421149,57,21,0.8333333333333334,184,39,367,78,2.544117271900177,9.27663166872649,0.15553616
62.04999999785649,0.5982981251458592,0.5819320005117365,56,21,0.875,183,38,364,80,2.5620418787002563,10.17896628900587,0.20705482
62.099999997684776,0.624403154686856,0.683169810016485,61,21,0.8333333333333334,187,38,369,78,2.587202489376068,9.957303996248195,0.15684952
62.14999999751306,0.8038921132054057,0.8683109310255134,55,21,0.8333333333333334,182,38,358,77,2.6594215631484985,10.048879166269442,0.16950497
62.19999999734135,0.6509131752496058,0.6845930764727669,62,21,0.7916666666666666,190,38,370,78,2.528921365737915,9.980700160177998,0.13153549
62.24999999716964,0.6059938826153821,0.6512670546072994,62,23,0.9166666666666666,187,38,365,76,2.622899115085602,9.991473211036599,0.11357981
62.299999996997926,0.6113162822057173,0.7499192725719945,55,22,0.875,186,38,354,76,2.4680882692337036,10.285132174598903,0.2191425
62.34999999682621,0.518205086807272,0.665083974386338,56,21,0.8333333333333334,181,35,355,76,2.7001315355300903,10.447762081778507,0.22885297
62.3999999966545,0.7653849548716947,0.7844944717769129,53,21,0.8333333333333334,186,38,360,77,2.55108505487442,10.480589461629268,0.18544407
62.44999999648279,0.7023605155314243,0.8221484589608398,58,21,0.8333333333333334,182,37,363,77,2.519696056842804,10.483642075695316,0.13749848
62.499999996311075,0.6653722581428405,0.6895434488127035,53,23,0.9166666666666666,187,38,355,78,2.536894977092743,10.506315924860177,0.22128105
62.54999999613936,0.5991814639245571,0.7015075902593875,51,22,0.8333333333333334,182,38,358,77,2.5195619463920593,11.156022467720748,0.1720084
62.59999999596765,0.7372856791246979,0.7166832016389669,56,20,0.7916666666666666,186,38,364,78,2.589082717895508,10.785786007385063,0.16722494
62.64999999579594,0.6012327596858404,0.6154630049333536,57,23,0.875,186,38,360,74,2.4116384983062744,10.788636217271064,0.13454752
62.699999995624225,0.849466699884775,0.7995319745300632,62,22,0.8333333333333334,185,37,369,78,2.550063729286194,10.85933575417135,0.101273745
62.74999999545251,0.5634258534393612,0.680844577959757,66,22,0.8333333333333334,187,39,371,78,2.6914292573928833,10.856686118512124,0.16553356
62.7999999952808,0.9704027357419304,0.8302510123611074,53,20,0.7916666666666666,186,39,363,76,2.5773748755455017,11.01510899936648,0.24769048
62.84999999510909,0.6295753698375138,0.638137482076515,60,23,0.875,184,36,361,79,2.5496450066566467,11.288945694784811,0.21845955
62.899999994937374,0.7004109488163377,0.5782376167744532,54,20,0.8333333333333334,188,40,360,77,2.542593479156494,11.839777389277844,0.31864613
62.94999999476566,0.5931520356073219,0.596066015713614,56,23,0.875,190,38,361,76,2.493661940097809,11.107519035295512,0.14679071
62.99999999459395,0.511893775823075,0.6676371692424544,60,20,0.8333333333333334,182,37,360,77,2.5775212049484253,10.638017388112262,0.15901312
63.04999999442224,0.582042379577375,0.713322141200209,57,23,0.875,189,38,371,79,2.5257107615470886,10.434972304129566,0.20046216
63.099999994250524,0.7216559118945705,0.6543766119731862,54,21,0.8333333333333334,191,40,362,76,2.578786015510559,10.674965681262174,0.18384862
63.14999999407881,0.8546025479373303,0.8012661876065803,61,21,0.8333333333333334,186,37,357,77,2.468363493680954,10.532955953513028,0.11734047
63.1999999939071,0.5876135414761856,0.49097798946099896,51,18,0.75,177,38,352,77,2.4699194729328156,10.977639130969479,0.32009193
63.249999993735386,0.6657785533950862,0.7033870505479989,62,22,0.875,184,37,361,76,2.587619423866272,10.741982922407951,0.09899098
63.299999993563674,0.5103849009560242,0.8511714465900018,53,21,0.8333333333333334,178,37,348,77,2.579582929611206,10.524719189613903,0.113322854
63.34999999339196,0.27684726569904067,0.43823474674649543,59,23,0.875,186,38,354,76,2.5162017345428467,10.136291611471124,0.07363817
63.39999999322025,0.3988318891181722,0.4712661039706504,51,22,0.875,188,38,349,73,2.47611403465271,10.383174096259848,0.15663303
63.449999993048536,0.6360568961348644,0.7406095789108516,67,22,0.9166666666666666,183,37,363,79,2.6340025663375854,10.483355686385467,0.044484116
63.49999999287682,0.7565159423585833,0.7497463537076777,61,21,0.8333333333333334,191,39,361,78,2.551102936267853,10.322700900576693,0.15745191
63.54999999270511,0.4600487932566511,0.39975574470053565,60,23,0.875,188,39,352,77,2.483527958393097,10.557311661109443,0.057099514
63.5999999925334,0.5678680524947786,0.5759777475554531,59,22,0.875,183,37,359,78,2.5755533576011658,10.139928513203609,0.05534638
63.649999992361685,0.7220917325816846,0.7566500995419392,65,22,0.7916666666666666,187,38,364,76,2.595076262950897,9.831259059208621,0.04429808
63.69999999218997,0.44340669878146266,0.6658851541968781,63,22,0.8333333333333334,186,36,353,76,2.5584611296653748,9.309537543222852,0.0232141
63.74999999201826,0.135363843371765,0.3981602083351997,67,23,0.875,190,39,362,77,2.575874924659729,9.653216868830752,0.049969442
63.79999999184655,0.6912695937580471,0.8655247711578298,64,25,0.875,190,43,355,75,2.512213885784149,9.209257944119713,0.023287293
63.849999991674835,0.4703747675875146,0.7286822580844108,63,19,0.7916666666666666,182,37,359,76,2.421301156282425,9.302673936565506,0.033508286
63.89999999150312,0.4012924873985262,0.752132894702946,61,22,0.875,186,40,357,74,2.4553467333316803,9.518745318048785,0.054668177
63.94999999133141,0.5762460653145461,0.6882796007815113,63,20,0.75,190,41,371,77,2.567816376686096,9.554506332805488,0.022090841
63.9999999911597,0.5324455168688489,0.7538991265092783,65,23,0.8333333333333334,186,40,365,77,2.512737214565277,9.064402775364426,0.075275645
64.04999999098798,0.5586269718893485,0.6858640035253448,66,23,0.875,181,35,362,78,2.553100287914276,9.070661658084083,0.090932116
64.09999999081627,0.5554809465836062,0.6952138632686373,62,24,0.875,184,40,366,77,2.5794705748558044,9.134071881779011,0.06980325
64.14999999064456,0.5223394468232239,0.7127758372186831,61,22,0.8333333333333334,186,38,355,75,2.5671523809432983,8.775209339270669,0.051655434
64.19999999047285,0.26172413218104534,0.7212262088054356,67,22,0.875,188,39,363,76,2.6021522283554077,8.773075921213689,0.058187988
64.24999999030113,0.4155464911126542,0.5361733519227689,67,24,0.9166666666666666,192,38,364,77,2.554916739463806,9.07193698358399,0.046238694
64.29999999012942,0.3654563689213821,0.6299918033622397,61,22,0.875,189,40,363,77,2.6396602392196655,9.09352748859451,0.06170137
64.34999998995771,0.47651402604298737,0.6197635064581177,62,20,0.8333333333333334,183,36,361,76,2.537050247192383,9.479394497588434,0.043723077
64.399999989786,0.279627804846896,0.7850423996450588,63,20,0.7916666666666666,183,37,364,76,2.6101166009902954,8.618867888665829,0.019926652
64.44999998961428,0.3042385411980243,0.6932379821588903,67,21,0.8333333333333334,188,40,368,77,2.4977612495422363,9.004989443262827,0.053771555
64.49999998944257,0.4215895609536985,0.6815768528319749,58,20,0.7916666666666666,183,37,351,73,2.585337460041046,9.55516899450008,0.09339069
64.54999998927086,0.8007724675242157,0.6158571617023206,62,22,0.875,191,39,362,76,2.592240869998932,9.96992538599275,0.18424895
64.59999998909915,0.7090041110890093,0.6429199278061757,62,24,0.9166666666666666,184,37,348,76,2.59905606508255,9.47828352483925,0.089233615
64.64999998892743,0.4988097889076497,0.6780594828427522,56,24,0.9166666666666666,185,36,359,76,2.700328826904297,9.875574226781385,0.13204567
64.69999998875572,0.5872066911265934,0.594819393201413,52,22,0.875,183,37,364,79,2.525932192802429,9.955638493540686,0.0915215
64.74999998858401,0.7401794137835143,0.8427277448579095,55,21,0.8333333333333334,187,36,357,73,2.5238600373268127,9.786110538386916,0.07367189
64.7999999884123,0.5913172413689378,0.7004602606777998,62,22,0.875,190,39,362,76,2.68346905708313,9.327131607189258,0.062631354
64.84999998824058,0.643366106465578,0.7338149898127186,63,23,0.9166666666666666,196,40,373,76,2.5442662835121155,9.652504743193866,0.05701111
64.89999998806887,0.6971905214861084,0.7539559422561692,63,23,0.875,187,37,361,78,2.5863730907440186,9.631635950286821,0.08826808
64.94999998789716,0.5662184962391253,0.6524663792869055,59,23,0.875,187,39,352,78,2.597392499446869,9.636615089291496,0.15520456
64.99999998772545,0.8628062236433199,0.756283203904269,67,21,0.8333333333333334,188,38,358,77,2.513315975666046,9.827805419942042,0.041148264
65.04999998755373,0.6589717776676478,0.7916233294022728,63,22,0.875,191,37,361,78,2.498808056116104,9.820388266710083,0.073642984
65.09999998738202,0.48395508442287605,0.5352853605027323,58,23,0.875,186,38,356,79,2.512698173522949,9.706372150951745,0.19541869
65.14999998721031,0.4656155068457651,0.6674200324279371,64,21,0.7916666666666666,188,38,363,77,2.6621612906455994,9.835594157452041,0.08741306
65.1999999870386,0.7583295829112877,0.7041807508449252,61,23,0.9166666666666666,191,38,363,77,2.563583552837372,10.33040463955789,0.1502843
65.24999998686688,0.6341161653612812,0.6799345971370911,52,22,0.875,191,38,361,75,2.547638714313507,10.11781785143044,0.14553611
65.29999998669517,0.6648949149311578,0.5945675238795091,63,22,0.875,187,38,353,74,2.474481463432312,10.124025063968274,0.160379
65.34999998652346,0.8418221321465116,0.6475661989190753,51,20,0.7916666666666666,188,41,361,76,2.6044505834579468,10.188970210723767,0.2430425
65.39999998635174,0.8050372795737942,0.7596749433929664,64,20,0.7916666666666666,186,37,367,74,2.471182346343994,9.630321355935463,0.08003242
65.44999998618003,0.6619185535668476,0.7047762205719499,57,22,0.8333333333333334,183,38,355,77,2.5320205092430115,9.22642807819483,0.10159976
65.49999998600832,0.6531885050185502,0.7397796296433802,66,23,0.875,188,39,358,76,2.569379210472107,9.42391180016462,0.04863102
65.5499999858366,0.3932259848265648,0.5972548625858631,58,22,0.875,187,39,359,80,2.6032069325447083,9.364518643242503,0.09670005
65.5999999856649,0.7453745118570776,0.8285322679814118,61,22,0.875,184,37,357,76,2.6714223623275757,9.3954174678111,0.10252772
65.64999998549318,0.5845240207642852,0.5917183880738852,56,23,0.8333333333333334,187,38,355,77,2.5465524196624756,8.846750535567773,0.16814815
65.69999998532147,0.59014168429164,0.529372861273233,59,23,0.875,185,36,360,77,2.568214535713196,9.285783130676517,0.08124576
65.74999998514976,0.533859232973482,0.8087497753587027,64,22,0.875,183,37,364,78,2.6369118690490723,8.958671089584005,0.09457431
65.79999998497804,0.671132742168848,0.7572449369823611,63,22,0.875,188,38,361,78,2.5974074006080627,9.64153174491921,0.07435077
65.84999998480633,0.7585261767278717,0.7725513053452625,45,22,0.875,183,38,362,79,2.6068735122680664,10.029708897379681,0.25939724
65.89999998463462,0.6897248399064383,0.6716546185321985,59,21,0.875,189,38,367,77,2.5741970539093018,9.628198722745527,0.10193922
65.9499999844629,0.7503006749116924,0.7978819719804375,59,24,0.9166666666666666,193,38,367,79,2.506275177001953,9.468509190043868,0.22766587
65.9999999842912,1.2194343231196272,0.860702085142333,53,22,0.875,188,39,368,78,2.592419683933258,9.96274877704085,0.22392945
66.04999998411948,0.618839239159389,0.5510818422461282,52,20,0.8333333333333334,177,38,356,78,2.6137927174568176,9.525352676709682,0.21026692
66.09999998394777,1.164901056932585,0.8079311605210828,55,21,0.8333333333333334,182,36,370,77,2.55802720785141,9.525504036081367,0.16717389
66.14999998377606,0.8968634867202502,0.8814876524599464,60,22,0.875,182,35,369,78,2.574496567249298,9.129327282002526,0.09988566
66.19999998360434,0.45757520244393823,0.6945038908977469,60,21,0.8333333333333334,186,37,354,74,2.453634738922119,9.312871936350353,0.030635796
66.24999998343263,0.401312393486146,0.5836581712510905,58,24,0.9166666666666666,191,37,357,77,2.5186139345169067,9.404410072714207,0.1488074
66.29999998326092,0.37130674506688416,0.6319534693507782,52,23,0.875,187,37,361,79,2.5348803400993347,9.410286163861254,0.11182936
66.3499999830892,0.6674981052119688,0.6904978757467016,65,24,0.9166666666666666,193,37,365,76,2.4768510460853577,9.417567266176672,0.08254893
66.39999998291749,0.5109697727012047,0.5795436768745376,57,22,0.875,197,39,366,79,2.516809403896332,9.121443406587888,0.12416142
66.44999998274578,0.37518092987825624,0.47496408038139726,56,23,0.8333333333333334,193,40,363,79,2.5013649463653564,8.615487924870706,0.119834535
66.49999998257407,0.4148701440479724,0.6164066344247422,59,22,0.875,194,40,359,77,2.5130313634872437,8.847661736440733,0.03690049
66.54999998240235,0.5802527791637109,0.8512036239915365,66,22,0.8333333333333334,193,40,373,77,2.5779053568840027,8.03997025410168,0.04487388
66.59999998223064,0.5316987239635802,0.7455646554480699,61,23,0.8333333333333334,188,38,368,78,2.5007492303848267,8.629574563623628,0.12672818
66.64999998205893,0.548860071638684,0.7963998317310252,62,23,0.875,190,38,358,75,2.577853202819824,8.724355083466175,0.11490771
66.69999998188722,0.49179458258416586,0.6667435560333191,55,22,0.8333333333333334,186,39,355,76,2.571391761302948,8.531535937869679,0.12056853
66.7499999817155,0.6142457114209243,0.6219289205933576,57,20,0.8333333333333334,182,37,359,78,2.611667215824127,8.570257573738012,0.15392557
66.79999998154379,0.5067059519267568,0.7388952881399629,64,21,0.8333333333333334,185,37,359,76,2.590411603450775,8.363790258218398,0.076070346
66.84999998137208,0.6587596509251523,0.7004240935435142,53,20,0.8333333333333334,183,40,358,76,2.5997930765151978,8.545591720303873,0.11221906
66.89999998120037,0.7462814171691478,0.6342276668033635,63,22,0.8333333333333334,185,38,354,79,2.664952874183655,8.77504559018452,0.12004093
66.94999998102865,0.7731060955580757,0.7306070293013289,53,21,0.875,192,38,363,77,2.516269087791443,8.980143551877386,0.14853668
66.99999998085694,0.26054501400803265,0.4359695436914126,59,20,0.8333333333333334,185,38,352,76,2.5912854075431824,8.528105999290876,0.100994945
67.04999998068523,0.815045610471432,0.7529649717330013,59,21,0.8333333333333334,196,39,360,76,2.70018994808197,8.335661546352267,0.11986207
67.09999998051352,0.4550524540617867,0.7529837192563095,50,20,0.7916666666666666,184,35,360,77,2.711513340473175,7.788880252544992,0.06282584
67.1499999803418,0.7022457727507101,0.5220440297831611,63,22,0.9166666666666666,186,39,358,77,2.483440339565277,8.769503328410861,0.109407134
67.19999998017009,0.5425815076428321,0.6014101553480224,60,21,0.8333333333333334,180,37,354,75,2.507596015930176,8.178334482629506,0.0480049
67.24999997999838,0.7431324277562579,0.7127408732752715,52,22,0.875,186,39,358,77,2.50957190990448,8.771886714486223,0.14820953
67.29999997982667,0.35988178206139865,0.6576341259131251,61,20,0.8333333333333334,184,37,353,75,2.571563422679901,8.545078804608366,0.13040031
67.34999997965495,0.8860782088099457,0.6617815371173824,58,22,0.8333333333333334,186,39,356,75,2.623629868030548,9.374014457580415,0.09972865
67.39999997948324,0.5734202315611249,0.7907524849620357,56,21,0.8333333333333334,188,40,366,79,2.583267092704773,8.966812782075637,0.12681086
67.44999997931153,0.6261240348688077,0.6292785195768917,56,21,0.8333333333333334,187,39,366,77,2.4422118067741394,9.242960027562086,0.08012902
67.49999997913982,0.3773283253494972,0.5893125842339502,64,23,0.875,199,40,371,77,2.5245514512062073,8.936806639944486,0.14514787
67.5499999789681,0.7008987588513989,0.5983589634682822,56,22,0.875,187,37,352,75,2.4524137377738953,9.667650273887105,0.2327746
67.59999997879639,0.46857399678759415,0.7004694962244575,55,21,0.7916666666666666,186,38,364,76,2.5102081894874573,9.34649619811636,0.12172716
67.64999997862468,0.5520622992444959,0.7740745366170138,61,21,0.8333333333333334,190,39,363,75,2.636541426181793,9.25376688814735,0.049513288
67.69999997845296,0.5169192011026766,0.5836376982191036,63,23,0.875,189,39,359,75,2.58987158536911,9.048607703969811,0.117815375
67.74999997828125,0.6539351117855201,0.5680461681964853,57,23,0.875,187,37,355,75,2.5588878989219666,9.272339549121664,0.13225134
67.79999997810954,0.7214294873829539,0.6843873451975251,57,22,0.875,187,39,364,79,2.5979554653167725,9.424176226246557,0.19244127
67.84999997793783,0.5362733254020825,0.7330390402538923,57,23,0.875,186,35,360,77,2.5177833437919617,9.56473220315587,0.03529024
67.89999997776611,0.7014274264130556,0.623864377739893,62,23,0.875,186,38,357,75,2.556826174259186,9.1142502241469,0.08713974
67.9499999775944,0.5187517602542495,0.6128414988838592,59,22,0.8333333333333334,185,39,346,75,2.642838954925537,9.37011526008348,0.15339029
67.99999997742269,0.9571315263723854,0.7050991783060979,53,21,0.8333333333333334,185,36,357,77,2.6040956377983093,9.61304713007685,0.16941237
68.04999997725098,0.648430259507208,0.6111573748465291,56,20,0.7916666666666666,185,35,364,78,2.546410858631134,9.266173991618754,0.17408559
68.09999997707926,0.26720430033926007,0.6361596357524766,55,20,0.7916666666666666,190,39,359,75,2.567032277584076,9.747361129684942,0.08633282
68.14999997690755,0.7653418727968484,0.7155900671381145,66,22,0.875,186,36,364,78,2.4888327717781067,9.857924539093332,0.08707845
68.19999997673584,0.5399824050321865,0.6226049981130162,59,20,0.7916666666666666,187,37,362,76,2.471342980861664,9.966307158281955,0.08158428
68.24999997656413,0.23561436155215293,0.5718307974634478,68,23,0.9166666666666666,199,39,373,80,2.5114259123802185,9.686707358977067,0.032669615
68.29999997639241,0.628184409510115,0.6097591917182682,61,22,0.875,194,40,365,78,2.4838197231292725,10.223708944892618,0.08153793
68.3499999762207,0.2892045126429422,0.5022496419153031,60,21,0.8333333333333334,185,37,373,77,2.4997106194496155,9.744622337655198,0.0601632
68.39999997604899,1.0045248967309997,0.8396942788050752,58,22,0.875,181,36,361,77,2.6140740513801575,10.416644638470363,0.17363597
68.44999997587728,0.5053360664353033,0.6429330341406336,57,22,0.875,187,38,357,78,2.574918568134308,10.048716598242411,0.10384859
68.49999997570556,0.6031660469901128,0.7602108520159094,56,22,0.875,190,38,357,76,2.448398619890213,9.73134670654173,0.038392637
68.54999997553385,0.583207232488465,0.6546813982488371,60,18,0.7083333333333334,184,38,353,76,2.6914218068122864,9.53574179928336,0.15989362
68.59999997536214,0.673816044710127,0.70773798333352,55,22,0.875,185,36,353,74,2.684783637523651,9.791558210430873,0.12835966
68.64999997519043,0.27648418310268585,0.5781687020969003,63,23,0.875,191,39,371,80,2.597053050994873,9.400469628537422,0.054628666
68.69999997501871,0.5765790849948806,0.6468183344722882,57,21,0.875,180,36,357,78,2.502630054950714,9.733893241641667,0.12278108
68.749999974847,0.3730181214626391,0.7744737201836311,64,22,0.8333333333333334,192,40,363,79,2.6213574409484863,8.955192062343684,0.05300296
68.79999997467529,0.39902214839862443,0.5497808103250439,57,22,0.875,183,39,360,78,2.5766199827194214,9.078574506928607,0.0866338
68.84999997450358,0.5665943919202933,0.6128215420235813,68,21,0.875,191,39,366,77,2.6212823390960693,9.138784648491427,0.03759793
68.89999997433186,0.7033846422497851,0.6684042415354952,58,21,0.875,184,39,367,78,2.5054195523262024,9.14490412292241,0.095235355
68.94999997416015,0.5362231775140803,0.7086715338608693,62,23,0.875,193,40,374,77,2.4776993691921234,8.894634344440462,0.10185331
68.99999997398844,0.7286661010898308,0.7258837669198759,56,22,0.875,194,40,362,76,2.611364424228668,8.936580716299147,0.12228912
69.04999997381672,0.8107922374116625,0.8663062161405967,65,24,0.9166666666666666,186,39,367,77,2.6140379905700684,9.161134418017678,0.11559333
69.09999997364501,0.6694960635659402,0.6654768919388881,58,23,0.875,188,38,365,76,2.5406432151794434,9.523039596971312,0.13650246
69.1499999734733,0.6686769626897003,0.6727958086357146,55,22,0.8333333333333334,190,37,362,79,2.6048430800437927,9.426714397718277,0.14686123
69.19999997330159,0.41488081370912355,0.6102918212144508,62,23,0.8333333333333334,184,37,358,79,2.5765997171401978,9.443969453234411,0.09755531
69.24999997312987,0.3037618643821757,0.5196442843257638,59,23,0.8333333333333334,189,39,363,79,2.5300076603889465,9.204857598319176,0.12928706
69.29999997295816,0.7026176536415576,0.6092887232243535,56,23,0.9166666666666666,185,37,364,80,2.4350398778915405,9.781703158687307,0.1936917
69.34999997278645,0.46739245851338507,0.493385977333599,61,22,0.8333333333333334,187,40,363,78,2.5610098242759705,9.429427273070488,0.09440445
69.39999997261474,0.6261333823558788,0.5787565552476948,64,22,0.875,191,38,361,77,2.6135358214378357,9.333471236809476,0.122159205
69.44999997244302,0.5685683712076626,0.6179786545979755,57,23,0.875,181,39,359,79,2.7388790249824524,9.237804596337087,0.10454961
69.49999997227131,0.6291091183963714,0.5989116573885723,65,21,0.875,182,38,359,77,2.539723813533783,9.684330338110376,0.09354584
69.5499999720996,0.5198267039780567,0.6961959176025032,63,21,0.7916666666666666,189,38,374,79,2.5042882561683655,8.64029134867673,0.12637994
69.59999997192789,0.5764398079632284,0.6621102104897252,63,23,0.9166666666666666,188,39,366,78,2.5906604528427124,8.811124480748598,0.11726655
69.64999997175617,0.6984821038463405,0.7396235082856955,60,20,0.7916666666666666,193,39,360,78,2.4994902312755585,8.89354043572963,0.084644675
69.69999997158446,0.6999194436272551,0.6489685278865104,53,21,0.8333333333333334,182,37,358,78,2.6252034306526184,9.498984071643912,0.12550086
69.74999997141275,0.7910864417843921,0.7376432733509158,56,23,0.9166666666666666,189,39,359,78,2.604067027568817,9.696724330488724,0.20726429
69.79999997124104,0.7649799728795897,0.6718654006862955,56,21,0.8333333333333334,183,39,362,79,2.600140869617462,9.918926315604768,0.14598267
69.84999997106932,0.42380606754556543,0.630687631362141,65,22,0.875,185,39,363,78,2.5296956300735474,9.74767320820364,0.13816148
69.89999997089761,0.4603037642992882,0.6369078692423696,63,20,0.7916666666666666,195,42,376,78,2.559538781642914,9.93186650528564,0.10734897
69.9499999707259,0.6989340503718529,0.6241807223210512,51,20,0.8333333333333334,184,41,360,76,2.5066575407981873,9.75934135660144,0.17565018
69.99999997055419,0.6014832966044159,0.7312803781326427,52,20,0.8333333333333334,186,38,360,77,2.655279040336609,9.554395578212436,0.16532128
70.04999997038247,0.548988724647727,0.6046362174886726,63,22,0.875,187,39,365,80,2.4767719209194183,9.637437660988928,0.08985368
70.09999997021076,0.6144244915511899,0.724036433782143,63,23,0.875,189,38,362,78,2.5759968161582947,9.70651026788011,0.04203049
70.14999997003905,0.3341681529927821,0.5403352215930103,56,23,0.875,191,37,364,77,2.5625240802764893,9.815658315960105,0.08322197
70.19999996986733,0.5150128170973443,0.5393903742022534,54,24,0.9583333333333334,185,36,370,79,2.5923532247543335,10.15063308405252,0.114617705
70.24999996969562,0.8328109943205186,0.7146652019836487,54,22,0.9166666666666666,179,36,357,78,2.5635507702827454,9.954997944367774,0.10437256
70.29999996952391,0.578164802757224,0.8657409965036061,62,21,0.7916666666666666,188,40,374,80,2.498999983072281,10.087766279291488,0.10445152
70.3499999693522,0.7225378033991494,0.6409281553837589,60,21,0.8333333333333334,186,39,369,78,2.5979697704315186,10.116644514953093,0.18211514
70.39999996918048,0.3398134874583719,0.489204383740788,59,20,0.8333333333333334,182,38,356,77,2.610926330089569,10.105142514451524,0.09692835
70.44999996900877,0.581952252484671,0.5414258946703617,57,22,0.875,187,39,361,76,2.607549726963043,10.105508708399471,0.08703197
70.49999996883706,0.6499238106926606,0.704516657185707,56,21,0.875,187,35,364,79,2.595290243625641,9.776689831390124,0.122482896
70.54999996866535,0.7073197411922345,0.7101424241468236,60,22,0.875,181,38,364,77,2.571217715740204,9.788120590528546,0.103882134
70.59999996849363,0.6577177416214774,0.5927085408856106,56,19,0.75,179,39,349,76,2.6182761788368225,10.249585401839454,0.17326806
70.64999996832192,0.7571532107069144,0.6646160344750031,63,23,0.875,187,37,364,78,2.5253990292549133,10.045100819329447,0.08421442
70.69999996815021,0.781050458485525,0.6998127395200532,59,21,0.8333333333333334,189,39,367,78,2.58794367313385,10.102667260109408,0.15030886
70.7499999679785,0.4834643565922034,0.6047347169497831,64,21,0.8333333333333334,191,38,370,78,2.715611159801483,9.003983514013818,0.11878656
70.79999996780678,0.8083474399307309,0.7190521886740391,61,22,0.8333333333333334,184,36,362,77,2.478858232498169,9.16511725018128,0.07266467
70.84999996763507,0.6148892637838242,0.7815833560750179,62,22,0.875,186,38,363,78,2.5974270701408386,8.256944338824797,0.06201683
70.89999996746336,0.4578587845146157,0.6057918024775103,59,22,0.875,187,36,371,78,2.5536811351776123,8.525584338773893,0.09794025
70.94999996729165,0.7981465147358933,0.9181268091276689,57,22,0.875,187,39,359,77,2.55705863237381,8.939173615513152,0.1678799
70.99999996711993,0.4108596791505636,0.5868988153434791,62,21,0.875,184,39,359,77,2.650251090526581,8.772223391804728,0.10382916
71.04999996694822,0.34439307823504184,0.7048938733572919,56,22,0.8333333333333334,184,39,357,78,2.5297486782073975,8.802030068152655,0.15971318
71.09999996677651,0.9360272854005293,0.7473757352291581,67,24,0.875,191,40,366,80,2.630801200866699,8.994279038106487,0.12079952
71.1499999666048,0.572448206206865,0.6410284496213471,62,20,0.7916666666666666,186,38,362,79,2.5690999627113342,8.510394738152982,0.18176484
71.19999996643308,0.6550939247078359,0.6825624339236008,62,23,0.875,195,40,368,76,2.6738792657852173,8.445430857071505,0.099717475
71.24999996626137,0.8305495946332122,0.7038062944228317,59,22,0.875,189,38,358,76,2.6293325424194336,9.021342523531812,0.1786649
71.29999996608966,0.8821300322242616,0.6325723091982488,58,22,0.8333333333333334,186,37,362,78,2.5730904936790466,9.462807691841757,0.1491113
71.34999996591795,0.5770638244353566,0.5825690846731104,58,24,0.875,189,39,361,76,2.4006387591362,9.184263828149613,0.16079555
71.39999996574623,0.7509384019467555,0.7056621853145586,55,21,0.7916666666666666,179,37,356,77,2.472072094678879,9.33455097552991,0.17885
71.44999996557452,0.6477277520021494,0.7286632932511843,56,22,0.875,189,40,360,80,2.4787819385528564,9.10221289474788,0.07810643
71.49999996540281,0.8038155811549759,0.7564135216649133,57,23,0.875,187,36,364,77,2.5349649786949158,9.050974772281108,0.09659301
71.5499999652311,0.9007392641826807,0.7374579291765038,58,21,0.8333333333333334,190,38,362,78,2.5463488698005676,9.719475701033202,0.091665655
71.59999996505938,0.4176066466594002,0.7109259751599253,65,22,0.8333333333333334,194,40,367,79,2.424490749835968,9.188684708203914,0.12860025
71.64999996488767,0.6676651194265588,0.7029951835115288,51,21,0.8333333333333334,185,39,356,75,2.6160338521003723,9.5496066391875,0.2107329
71.69999996471596,0.7705386576900726,0.7623920823726962,59,21,0.8333333333333334,186,37,362,80,2.633277177810669,9.71976078592288,0.14527835
71.74999996454424,0.8182159716246133,0.8490065909858426,63,21,0.8333333333333334,186,39,368,76,2.5826916098594666,9.024947735561426,0.14585052
71.79999996437253,0.9757906588925045,0.785387698388983,60,23,0.875,191,40,370,78,2.6657262444496155,9.290212483098417,0.1560729
71.84999996420082,0.860428214184923,0.7601941156143406,59,22,0.875,193,40,361,79,2.558327615261078,8.44432423402603,0.21654797
71.8999999640291,0.5200120951592421,0.6057506989457679,52,21,0.8333333333333334,185,38,358,79,2.5626549124717712,9.19645409381519,0.17291796
71.9499999638574,0.6649834090068913,0.6552854258796131,56,24,0.9166666666666666,197,42,361,77,2.6182544231414795,9.09030024830848,0.16324869
71.99999996368568,0.5209913986997683,0.5431657023006488,59,21,0.8333333333333334,182,41,361,80,2.5281038880348206,9.261871005825428,0.063018434
72.04999996351397,0.7224367736807316,0.660289115250402,58,23,0.875,197,40,373,77,2.5143086910247803,9.198918387946016,0.1138654
72.09999996334226,0.6338109516423087,0.6461989619536499,54,22,0.875,187,40,358,78,2.4954380095005035,9.033822341084106,0.16714318
72.14999996317054,0.7464756102545991,0.7188293741385174,55,21,0.875,189,39,357,76,2.6138830184936523,8.956543155435908,0.1934724
72.19999996299883,0.4794612337356701,0.6650454006760588,58,21,0.8333333333333334,186,40,357,78,2.5329115986824036,8.611867237212785,0.11248069
72.24999996282712,0.5033208938718667,0.7387155301407093,57,22,0.875,187,38,367,79,2.500065863132477,8.664071407330445,0.13596891
72.2999999626554,0.4932201691379254,0.5758471872871206,60,23,0.9166666666666666,188,38,365,78,2.5774720311164856,8.97342531504143,0.13342485
72.3499999624837,0.7331360517792411,0.6367245607015946,60,21,0.8333333333333334,187,38,357,78,2.5670620799064636,9.572579510107833,0.16281448
72.39999996231198,0.6303433645290718,0.6814789000453126,59,21,0.8333333333333334,186,39,362,76,2.504526376724243,9.10729771937663,0.105052814
72.44999996214027,0.5631317740684236,0.5311318485766809,63,23,0.875,191,41,367,75,2.604699730873108,9.416097050591432,0.08485584
72.49999996196856,0.4331329085277823,0.5297989811555599,61,19,0.7083333333333334,187,39,357,77,2.4926139414310455,9.002612491277402,0.13595943
72.54999996179684,0.7523673756143788,0.6152509639057578,59,22,0.875,186,39,365,81,2.578326165676117,9.717469456279604,0.18773079
72.59999996162513,0.5839676283227612,0.7142736293089476,57,21,0.875,194,38,359,77,2.678096890449524,9.220448752134569,0.07019322
72.64999996145342,0.45871324203506625,0.6381848448277551,59,23,0.9166666666666666,193,41,361,79,2.525950074195862,9.244339759842566,0.079694025
72.6999999612817,0.3358600047869547,0.5271158263433516,47,21,0.8333333333333334,186,38,357,78,2.4850010871887207,8.9087551943686,0.10551013
72.74999996110999,0.4956555514984625,0.7149262023516594,60,24,0.9166666666666666,192,38,371,76,2.5438731908798218,8.544764659194675,0.111931376
72.79999996093828,0.44661117195652034,0.7595345654481424,66,24,0.9166666666666666,190,38,365,79,2.607433795928955,8.977455088185717,0.1014823
72.84999996076657,0.6318559641189239,0.7785230554994833,63,22,0.875,191,40,362,79,2.518530786037445,9.149798303560921,0.08786458
72.89999996059485,0.683297211142268,0.657727109719662,62,23,0.8333333333333334,190,39,363,77,2.7241674065589905,9.45800106232027,0.08495698
72.94999996042314,0.427399391181893,0.6154032424618772,63,21,0.875,195,39,372,78,2.6148882508277893,9.10803567216754,0.11756531
72.99999996025143,0.7295691927684416,0.804063684183589,63,23,0.875,189,38,372,78,2.474786937236786,8.948337160852988,0.04617387
73.04999996007972,0.41973814952518645,0.8353731369237569,62,22,0.875,182,36,366,77,2.6046961545944214,8.383634069361143,0.067054845
73.099999959908,0.401275164046757,0.4372557937004533,50,21,0.875,188,39,360,78,2.5401684641838074,8.902473840830227,0.13178629
73.14999995973629,0.7951061745871935,0.7139754047151103,55,21,0.8333333333333334,180,37,357,77,2.6049834489822388,9.208858311202874,0.16660342
73.19999995956458,0.7384443386050015,0.713107327358819,62,21,0.8333333333333334,185,38,364,76,2.604779303073883,9.293971793538791,0.17680323
73.24999995939287,0.2687406124789688,0.42715341786816263,55,22,0.875,182,37,360,80,2.5131821632385254,9.612423515815207,0.20972613
73.29999995922115,0.5985697016218706,0.7431969326393213,55,21,0.875,182,38,360,78,2.4886856973171234,9.607988958101812,0.12033436
73.34999995904944,0.5897637271476197,0.6141555686662742,60,23,0.875,190,37,363,75,2.5596442818641663,9.673455340203194,0.11954099
73.39999995887773,0.4998450006685682,0.5576770698281764,51,21,0.8333333333333334,181,36,358,79,2.649519443511963,9.529537233858374,0.2990019
73.44999995870602,0.5272436506700512,0.5720579945840218,61,22,0.875,183,38,359,78,2.5395920872688293,9.200872540447378,0.192703
73.4999999585343,0.9302092882373647,0.9614956497524139,60,23,0.9166666666666666,190,37,374,77,2.5260141491889954,9.39015845909248,0.11658619
73.54999995836259,0.6925347682349957,0.4972884872116761,55,22,0.875,192,41,367,81,2.698529362678528,9.567463424520355,0.09492582
73.59999995819088,0.7549591306047727,0.7544725810803788,48,23,0.9166666666666666,186,37,369,78,2.5732603669166565,9.413701669856671,0.15143083
73.64999995801917,0.31395371328469623,0.5449212588728113,60,22,0.875,191,38,361,79,2.5084736943244934,9.095384373751436,0.110202484
73.69999995784745,0.9439206356160562,0.7212796165608537,54,22,0.875,185,37,361,76,2.5380927324295044,9.477430463011762,0.18647079
73.74999995767574,0.48410925368542995,0.6924475634102923,56,21,0.8333333333333334,186,39,368,78,2.5792694091796875,9.092914990759908,0.0854942
73.79999995750403,0.41321215868628514,0.7199566553474641,63,22,0.875,195,38,373,79,2.548023760318756,9.398327137576556,0.09888671
73.84999995733232,0.749171402878952,0.8202547200843525,48,20,0.8333333333333334,181,37,364,77,2.6204219460487366,9.380737017589027,0.11470299
73.8999999571606,0.398921640840023,0.5112039877506923,59,23,0.875,188,40,364,79,2.56146639585495,9.100481477049716,0.09459092
73.94999995698889,0.3218322277150518,0.6694468165210465,67,23,0.9166666666666666,186,37,369,77,2.572040855884552,9.08950097056251,0.10882106
73.99999995681718,0.6475105664126917,0.787274796751549,56,22,0.875,185,36,362,77,2.563459575176239,8.897093894410144,0.10376997
74.04999995664546,0.44277554891464505,0.512882487738965,56,20,0.8333333333333334,180,38,359,79,2.5909334421157837,9.645043185385003,0.11212569
74.09999995647375,0.5108267276926395,0.4820524322525713,55,22,0.8333333333333334,179,38,362,79,2.64480322599411,8.990861733616624,0.13003387
74.14999995630204,0.5936519586893624,0.47344724821867223,56,23,0.875,184,36,353,78,2.584144175052643,9.077909810809022,0.1316737
74.19999995613033,0.5461298530454225,0.7507962507260839,58,23,0.8333333333333334,187,39,357,77,2.567095458507538,8.99890046841441,0.11642353
74.24999995595861,0.7715522883979704,0.6028537263743771,59,23,0.875,182,37,361,79,2.4574388563632965,9.79674017732954,0.17872055
74.2999999557869,0.3930342783442287,0.4285169535297837,56,22,0.8333333333333334,183,37,362,77,2.507893145084381,9.719056908738244,0.23620382
74.34999995561519,0.47694562011189634,0.5894463793698314,62,23,0.875,189,38,363,77,2.5005584955215454,9.307191139250337,0.09650841
74.39999995544348,0.4936137973474132,0.5359699460063462,67,24,0.9166666666666666,187,38,360,77,2.494802176952362,9.39491870786318,0.12265238
74.44999995527176,0.37026352826459724,0.619945983909149,63,23,0.875,184,37,365,77,2.572067975997925,9.616972567439763,0.08446718
74.49999995510005,0.4662819393706342,0.623089953863651,57,21,0.875,179,36,357,77,2.6197338104248047,9.652066019224819,0.16331527
74.54999995492834,0.5379088819947817,0.5242347544943232,58,23,0.875,187,37,361,77,2.6698002219200134,10.020874459363771,0.13378586
74.59999995475663,0.4491402691191018,0.6591963573257352,57,23,0.9166666666666666,180,36,359,79,2.5653880834579468,9.470668073049957,0.11596637
74.64999995458491,0.6788605571456454,0.5014789948933742,52,21,0.8333333333333334,180,39,351,75,2.462405562400818,9.646480306833931,0.34909418
74.6999999544132,0.6816027633452424,0.6439759328776652,57,23,0.9166666666666666,184,35,354,78,2.5881433486938477,9.42264547279839,0.25502977
74.74999995424149,0.7658692430283133,0.6317810754013111,51,20,0.7916666666666666,181,36,355,79,2.6688387989997864,9.468299085055278,0.30024466
74.79999995406978,0.5465444749471936,0.6571862408066169,56,22,0.875,188,38,357,76,2.6444125175476074,9.766297478044148,0.15920754
74.84999995389806,0.3765838774950197,0.5950415245603454,55,21,0.875,182,40,354,75,2.607870399951935,9.657055038305566,0.13439953
74.89999995372635,0.548192028599064,0.5674486384120059,57,21,0.875,181,39,350,75,2.406500428915024,10.111295103516031,0.15949751
74.94999995355464,1.0552305367000496,0.6787310820466246,52,20,0.8333333333333334,183,36,351,76,2.5638622045516968,10.702068388497992,0.2797031
74.99999995338293,0.4983198625436587,0.7997072079700557,60,23,0.875,185,37,359,78,2.6574137806892395,10.033632409075963,0.105272725
75.04999995321121,0.8414471685584861,0.8890208700935031,52,22,0.875,182,38,364,76,2.6432326436042786,10.03605965072393,0.3258073
75.0999999530395,0.6934420598809167,0.7819600308947479,57,21,0.875,181,37,357,75,2.569216787815094,9.948982989117674,0.12340466
75.14999995286779,0.5171118175654378,0.6049604387432964,55,21,0.875,187,39,353,76,2.609468400478363,9.49644578666808,0.15119655
75.19999995269607,0.5031336664032996,0.6910592058253324,66,23,0.875,189,40,369,76,2.5737836956977844,9.573451331378013,0.17851377
75.24999995252436,0.6511920052400405,0.6250171549233596,63,21,0.875,192,41,370,76,2.564002573490143,9.657344309854192,0.09052084
75.29999995235265,0.5869018093070145,0.5679340062423737,58,22,0.875,182,39,369,79,2.569010853767395,9.326487297683679,0.17439672
75.34999995218094,0.289114253761723,0.7738047546772397,63,22,0.8333333333333334,190,37,366,76,2.4891339242458344,9.084904137145022,0.11746619
75.39999995200922,0.5227646233938356,0.6208941085089968,55,22,0.875,189,39,365,78,2.5531893968582153,8.758453258924854,0.06174978
75.44999995183751,0.566679895708465,0.8981951021680081,64,21,0.8333333333333334,193,40,365,76,2.474440783262253,8.590212209525605,0.060387224
75.4999999516658,0.5316725125172663,0.7135564461276707,57,23,0.9166666666666666,186,37,356,77,2.5866854190826416,9.012329142808744,0.1965376
75.54999995149409,0.48552489358821865,0.5658494770050021,62,24,0.9166666666666666,188,38,366,80,2.5623059272766113,9.346002000969147,0.19005074
75.59999995132237,0.463465609185954,0.5818605320876185,61,22,0.875,184,37,365,78,2.5818821787834167,9.515642681768197,0.20474178
75.64999995115066,0.445824699237157,0.6135530784020993,63,21,0.7916666666666666,184,40,367,79,2.5583231449127197,9.528460006876882,0.1464121
75.69999995097895,0.6389231105303472,0.6073052700187552,62,22,0.9166666666666666,192,40,373,80,2.492240071296692,9.667118244387023,0.16397372
75.74999995080724,0.42753643410740777,0.6223442173015346,61,23,0.9166666666666666,184,39,365,78,2.601761221885681,9.33207179905831,0.12652169
75.79999995063552,0.5799759055015214,0.7172857713316612,58,22,0.875,192,41,368,78,2.570340633392334,10.136000883527876,0.13680479
75.84999995046381,0.2678462284738617,0.6876615953361662,59,21,0.8333333333333334,185,37,368,78,2.550787627696991,9.35479890801135,0.13232327
75.8999999502921,0.350694624123627,0.6273372385659525,55,21,0.875,194,41,373,79,2.5547584891319275,9.227526282390803,0.15069947
75.94999995012039,0.4889578922319775,0.6956646641122044,62,22,0.8333333333333334,188,40,363,76,2.5697061419487,8.778864060452412,0.10322865
75.99999994994867,0.5461663881623544,0.7894042113581001,66,23,0.9166666666666666,192,39,376,79,2.5981923937797546,8.43105677048099,0.14467794
76.04999994977696,0.3630470235002824,0.5641315151240119,57,20,0.75,184,39,366,80,2.571364939212799,8.64116734105746,0.17365813
76.09999994960525,0.4340109193446034,0.43585053742406205,56,21,0.8333333333333334,188,40,363,76,2.502390444278717,9.151380738558252,0.21602722
76.14999994943354,0.4137689190328232,0.5271198089778306,67,23,0.875,196,41,374,78,2.4862897396087646,8.778986893315288,0.1498232
76.19999994926182,0.5154032335520881,0.7144024055029564,58,19,0.75,180,39,359,77,2.5934693217277527,8.995502102297914,0.19603714
76.24999994909011,0.46799332661643883,0.7633146077831127,55,19,0.7916666666666666,187,39,363,78,2.5488951802253723,8.80246656303214,0.13592243
76.2999999489184,0.3451287834044922,0.5409592930185994,63,23,0.9166666666666666,186,38,365,79,2.6731055974960327,8.713514208372066,0.2007138
76.34999994874669,0.6422965331502841,0.6748361236725,54,21,0.8333333333333334,186,39,366,77,2.5672245025634766,9.260289425929944,0.11693121
76.39999994857497,0.42607658460124204,0.6605171192248849,62,22,0.875,187,39,366,79,2.5422203540802,8.614695777669885,0.20760544
76.44999994840326,0.3810404776120913,0.4607145290783208,63,20,0.7916666666666666,189,40,364,79,2.518886923789978,8.779357849189706,0.23614793
76.49999994823155,0.458460930187059,0.6003497560851969,59,20,0.7916666666666666,192,40,370,78,2.5686025619506836,8.893501813673232,0.121355034
76.54999994805983,0.4561063732616082,0.617006177889833,60,21,0.8333333333333334,186,38,356,76,2.557266056537628,9.222151570865318,0.14263994
76.59999994788812,0.5625899671067353,0.7002261757827422,57,22,0.9166666666666666,187,38,365,76,2.5643503665924072,8.951473132921564,0.14110872
76.64999994771641,0.3229982398900461,0.6013003318645849,51,21,0.875,179,37,357,76,2.5959065556526184,8.94982571067315,0.26002583
76.6999999475447,0.3276177369614982,0.7226703134313877,57,21,0.8333333333333334,183,36,365,77,2.6430925726890564,8.978268725888316,0.14846434
76.74999994737298,0.6493519280425402,0.536007858642319,56,22,0.8333333333333334,188,40,362,77,2.5102534890174866,9.513117411975545,0.1348038
76.79999994720127,0.21626769542158025,0.5882678640845123,57,23,0.9166666666666666,189,37,366,80,2.7139288187026978,9.424838603094488,0.14875427
76.84999994702956,0.735539944197559,0.597857106560578,57,20,0.7916666666666666,182,38,361,79,2.5901633501052856,9.733767703708702,0.20250161
76.89999994685785,0.4972781809690182,0.5668772922059632,62,22,0.8333333333333334,188,38,367,79,2.578500509262085,9.481413639272445,0.20333037
76.94999994668613,0.5078095645470185,0.6490992679140372,55,21,0.8333333333333334,183,38,358,78,2.533659338951111,9.720079847652592,0.18168789
76.99999994651442,0.5987222504120624,0.6913413593443717,56,20,0.75,182,39,361,77,2.483508884906769,8.9828284150137,0.16637771
77.04999994634271,0.6372963878618477,0.7188043927361834,54,20,0.8333333333333334,186,38,364,79,2.5687360763549805,9.359266224908191,0.17158273
77.099999946171,0.8650219949858904,0.708573080468279,62,22,0.875,186,38,367,78,2.5745221972465515,9.498821146324667,0.17533854
77.14999994599928,0.8456547764036071,0.7603315979682341,61,22,0.875,189,39,374,79,2.6082253456115723,8.979870171145299,0.16082382
77.19999994582757,0.37385715323613394,0.4116918363978471,56,21,0.875,190,39,365,79,2.475185990333557,9.206884637594825,0.16661908
77.24999994565586,0.45367126715703143,0.6165700100425604,55,21,0.875,190,38,367,76,2.5014659762382507,9.235473090622905,0.19200125
77.29999994548415,0.48853741622687386,0.5540759781440812,63,23,0.875,187,38,373,80,2.5126534700393677,9.531545370335719,0.16873254
77.34999994531243,0.3360026965086,0.5610176234628312,54,21,0.8333333333333334,193,39,363,78,2.520156502723694,9.477977145521423,0.14714539
77.39999994514072,0.495072807041519,0.7055400018650116,60,21,0.875,193,38,369,77,2.520429491996765,9.147746221006674,0.15358913
77.44999994496901,0.0985993866885248,0.5664247993708229,62,21,0.875,188,39,369,79,2.4986115097999573,8.739906680732217,0.072584026
77.4999999447973,0.6464402640548499,0.7484463013863341,61,22,0.875,182,35,356,78,2.619044780731201,9.045481121632939,0.14416397
77.54999994462558,0.49776825122245955,0.675933639994653,56,21,0.875,187,39,359,78,2.594272196292877,9.172805034186053,0.040498335
77.59999994445387,0.3977610332821516,0.5566963667366638,62,21,0.8333333333333334,186,38,370,79,2.5527244806289673,9.463259082036952,0.121502206
77.64999994428216,0.6831440424345727,0.7576810573430006,60,24,0.875,188,36,369,79,2.5896644592285156,9.075541300718237,0.13274561
77.69999994411044,0.5858283203728238,0.8252721709003366,56,21,0.875,190,38,369,77,2.5985822081565857,8.168749271401152,0.09002914
77.74999994393873,0.34834231869406823,0.5811375354788074,63,24,0.9166666666666666,193,40,361,78,2.619289457798004,8.572335956176733,0.15887532
77.79999994376702,0.40045346851460595,0.703775434971684,58,21,0.875,180,37,358,76,2.514609396457672,8.725099742474205,0.1951199
77.84999994359531,0.4048684830365743,0.7455981153603021,55,19,0.7916666666666666,186,38,369,78,2.6092272996902466,8.857464178056338,0.13739294
77.8999999434236,0.5972424295484352,0.6340146515430654,57,22,0.875,177,39,358,78,2.575559616088867,9.567312480717742,0.19128563
77.94999994325188,0.5635796318239723,0.7371383767182875,57,21,0.8333333333333334,183,37,359,76,2.6219749450683594,9.420404127586588,0.08887399
77.99999994308017,0.5388705220235914,0.8089121406343746,61,21,0.8333333333333334,191,40,364,77,2.5430479645729065,9.112206577674042,0.10459357
78.04999994290846,0.3890984370764662,0.7468986000602249,61,23,0.9166666666666666,190,39,367,77,2.661500573158264,8.755054943756253,0.089535885
78.09999994273674,0.7838543836763899,0.771751980630289,55,23,0.9166666666666666,189,39,368,78,2.5508570671081543,9.221335852783445,0.17632721
78.14999994256503,0.4879380094515962,0.7673013164981228,51,21,0.875,189,37,356,74,2.557438611984253,9.36609645720929,0.14076251
78.19999994239332,0.4256524433979997,0.6242273934024333,60,24,0.9583333333333334,193,39,365,78,2.658020555973053,9.571746972366109,0.117754385
78.2499999422216,0.34459533531623177,0.49035054121115973,60,24,0.9166666666666666,185,38,358,77,2.61065810918808,9.445279650595504,0.19851464
78.2999999420499,0.6754407614935277,0.766346591539059,61,20,0.7916666666666666,185,38,367,77,2.467477470636368,9.069678721004513,0.11837301
78.34999994187818,0.5538688842215168,0.6245512321342108,57,21,0.8333333333333334,186,37,367,74,2.696456015110016,9.049001915458517,0.1386339
78.39999994170647,0.6971013603683912,0.8108277402009196,53,21,0.875,184,38,356,75,2.508300244808197,9.23051068156906,0.12285921
78.44999994153476,0.536569742386221,0.7372669161437441,55,21,0.8333333333333334,185,39,355,76,2.5316980481147766,9.58219686870712,0.13562046
78.49999994136304,0.5697537021120129,0.6709164892989582,55,21,0.8333333333333334,182,37,360,76,2.641262710094452,9.281066985458883,0.12243161
78.54999994119133,0.5522921728314857,0.7019085233289445,56,20,0.7916666666666666,188,36,358,76,2.635238766670227,9.176897309660692,0.1350356
78.59999994101962,0.7937044649802358,0.7154418169166858,50,22,0.875,189,40,366,75,2.6093867421150208,9.055789332974422,0.19197193
78.6499999408479,0.46499166168168415,0.6162126147814051,61,22,0.875,176,37,359,76,2.529263496398926,8.749034107991243,0.0907196
78.6999999406762,0.4677499585836268,0.7033083825875757,62,23,0.875,188,39,356,78,2.6072847843170166,8.584860131885765,0.15240605
78.74999994050448,0.5701316138357044,0.6610719438178783,55,22,0.875,190,37,362,79,2.5154072046279907,9.0344451387202,0.12674634
78.79999994033277,0.6192381628700364,0.7266388355594204,62,21,0.8333333333333334,187,39,361,78,2.591143250465393,8.721613240221,0.052409865
78.84999994016106,0.3673395177111724,0.664225443220291,60,22,0.875,197,40,369,78,2.594793140888214,8.894992022805344,0.057274643
78.89999993998934,0.535516657136318,0.7806697309773291,69,23,0.875,195,40,374,79,2.5189468264579773,8.233049456548178,0.038514458
78.94999993981763,0.5760110719258702,0.5505500137393331,59,21,0.8333333333333334,187,40,370,78,2.5383010506629944,8.420690344404864,0.109265424
78.99999993964592,0.766839014152571,0.7073567256800739,55,22,0.875,183,37,362,80,2.5920596718788147,8.462318105549453,0.21047468
79.0499999394742,0.5341806507366196,0.6017702613542706,56,21,0.8333333333333334,187,39,368,80,2.5981244444847107,7.953844481673862,0.15250173
79.09999993930249,0.43924025391245236,0.812466105969575,61,22,0.8333333333333334,186,39,368,81,2.5488588213920593,8.21068924061155,0.093442485
79.14999993913078,0.715969069470705,0.6699392827827488,60,22,0.8333333333333334,189,37,358,77,2.536861002445221,8.445899187117352,0.14040498
79.19999993895907,0.20089891146672656,0.6103753570530159,53,19,0.7916666666666666,190,39,364,81,2.5699886679649353,8.32516899323692,0.11902254
79.24999993878735,0.4670785741578307,0.5851985098839005,61,20,0.8333333333333334,190,39,365,78,2.689719796180725,8.359825866634605,0.0774034
79.29999993861564,0.4089464746643378,0.5509875116082541,66,23,0.9166666666666666,189,38,373,82,2.584502398967743,8.603811868130675,0.10737269
79.34999993844393,0.5682826584111821,0.686005693104494,64,23,0.9166666666666666,196,38,373,80,2.5519564747810364,8.630380026591524,0.095811285
79.39999993827222,0.5622256452404696,0.790632774509272,59,23,0.9166666666666666,189,38,372,78,2.6331016421318054,8.896097413486226,0.13495444
79.4499999381005,0.43741793072634094,0.7212309465528886,58,23,0.875,189,38,366,80,2.6187366247177124,8.59012295096841,0.075987756
79.49999993792879,0.6953970572575746,0.6992290609842604,53,23,0.875,181,35,367,79,2.5724485516548157,8.736549750841842,0.12379249
79.54999993775708,0.2880173937696738,0.6663437462325692,60,23,0.9166666666666666,192,37,378,77,2.691635489463806,8.472015920133966,0.046676315
79.59999993758537,0.33293952887146605,0.6603177634859045,63,23,0.9166666666666666,192,38,366,77,2.448757588863373,8.461238961456363,0.08842647
79.64999993741365,0.6902922101242599,0.8325581328908398,62,22,0.875,194,39,375,79,2.5656700134277344,8.41193518931517,0.05781062
79.69999993724194,0.37584163401349036,0.5594552089298497,59,21,0.8333333333333334,191,40,362,78,2.56664901971817,8.864490336770645,0.056514945
79.74999993707023,0.4403508208423335,0.6534154420227534,65,23,0.9166666666666666,195,39,373,81,2.706664204597473,8.883188528475312,0.07866489
79.79999993689852,0.3534328060403493,0.8241719809456883,60,22,0.8333333333333334,184,37,365,77,2.574167251586914,8.852121141215843,0.052107286
79.8499999367268,0.6954181640441598,0.6995249965246108,64,23,0.9166666666666666,190,38,370,80,2.5370755791664124,9.393787371573117,0.15868565
79.89999993655509,0.48406859348167625,0.5290216124568365,62,24,0.875,199,39,374,78,2.4200108647346497,9.014929044115672,0.14668246
79.94999993638338,0.3528673365846858,0.5460650914080871,64,22,0.875,191,40,367,81,2.5839394330978394,9.044130676430058,0.10929833
79.99999993621167,0.7051609931568642,0.6770764821091668,54,23,0.875,185,37,366,79,2.4643702805042267,8.838168480290678,0.12513764
80.04999993603995,0.6892413275806285,0.6581336030575602,50,22,0.875,185,38,369,79,2.6716265082359314,8.494259097716927,0.17747785
80.09999993586824,0.6159211779214999,0.5250168828161501,56,21,0.8333333333333334,189,38,373,79,2.603573799133301,8.282280187011342,0.194962
80.14999993569653,0.49744460846197747,0.4831098892145008,61,22,0.875,191,38,370,79,2.5221776962280273,7.991929262235242,0.19224416
80.19999993552481,0.29274331520179653,0.6153935391021701,53,23,0.9166666666666666,187,37,358,77,2.5087183713912964,7.707554702042829,0.16787681
80.2499999353531,0.5840034690834499,0.7617190362426469,55,21,0.8333333333333334,183,38,371,79,2.5237807631492615,7.8381348390599115,0.15430629
80.29999993518139,0.5278117569440498,0.7409849984227773,60,20,0.75,182,38,359,80,2.5336095690727234,7.396792113515067,0.16460527
80.34999993500968,0.5631476251176393,0.7838333081350696,62,23,0.875,185,37,369,78,2.5467801094055176,8.015778956373927,0.11195378
80.39999993483796,0.3137260661355778,0.6875456669285573,64,23,0.9166666666666666,198,42,382,80,2.578169107437134,8.047775197902522,0.052541733
80.44999993466625,0.3752404098733889,0.5934828945557242,61,21,0.8333333333333334,195,42,374,80,2.513527274131775,8.219448383384078,0.06613114
80.49999993449454,0.5808381491401863,0.578201753484696,64,22,0.8333333333333334,184,37,366,81,2.5423169136047363,7.7474996447753774,0.12158602
80.54999993432283,0.3783877346744635,0.6378307241054384,57,22,0.875,182,36,359,79,2.5054502487182617,7.744753513913052,0.14593472
80.59999993415111,0.39322240287142823,0.6880989468601788,51,20,0.8333333333333334,190,39,362,76,2.5842824578285217,7.9521276365382665,0.13942859
80.6499999339794,0.3906095750597225,0.5118095629031426,60,23,0.9166666666666666,188,39,373,80,2.5016137957572937,7.756341013579329,0.12632757
80.69999993380769,0.5500545251151712,0.5547545789648011,61,20,0.8333333333333334,193,40,379,80,2.4491366744041443,7.8057024920997975,0.090786204
80.74999993363598,0.44411302100798467,0.7328768422902211,57,22,0.875,183,39,362,73,2.61105477809906,7.50208503401212,0.10300736
80.79999993346426,0.6039962590551364,0.7101051723316387,63,22,0.875,200,44,380,80,2.4208422005176544,7.681096921379984,0.08018799
80.84999993329255,0.4039471694220234,0.6101543446470498,55,20,0.8333333333333334,194,39,369,79,2.5135046243667603,7.8081983359069,0.13595255
80.89999993312084,0.29872250930753474,0.6453685362419215,60,23,0.875,187,36,375,80,2.5715485215187073,7.728605295393178,0.14033817
80.94999993294913,0.5588948926640069,0.7118116533706074,61,22,0.875,191,37,364,77,2.6395344734191895,7.540510905199529,0.16391447
80.99999993277741,0.5182512279936241,0.6187964999445357,54,22,0.8333333333333334,190,40,376,80,2.5014564394950867,7.7642771897345675,0.1778718
81.0499999326057,0.4104728615125034,0.5689668980993527,57,20,0.8333333333333334,191,41,370,81,2.7577054500579834,7.640558173163408,0.10991081
81.09999993243399,0.48184672972959497,0.6236406151592603,60,23,0.8333333333333334,189,39,373,82,2.4843867123126984,7.5464545038927255,0.15524524
81.14999993226228,0.5166074179428847,0.6979928736626395,58,21,0.875,188,39,370,80,2.6447615027427673,7.073532929559763,0.045601457
81.19999993209056,0.6125093546695894,0.5602152098358864,61,22,0.875,189,40,366,80,2.515055239200592,7.885831862506674,0.121296436
81.24999993191885,0.6018047193985105,0.6283449046160617,69,22,0.875,188,38,360,76,2.5539281964302063,7.69689996427644,0.08084737
81.29999993174714,0.3587038377147566,0.5432308129153057,62,22,0.9166666666666666,189,38,364,79,2.54624605178833,7.786357088362248,0.13047214
81.34999993157543,0.6846007735578968,0.5041571719495465,54,20,0.8333333333333334,185,37,358,78,2.6252874732017517,8.01487352015326,0.32013568
81.39999993140371,0.08913146475233001,0.5780650656206419,64,22,0.875,185,38,367,80,2.558771073818207,7.404168302873169,0.11510983
81.449999931232,0.4060617553884288,0.6285701136103286,61,23,0.8333333333333334,193,39,368,80,2.5435224175453186,7.683457083421823,0.13423622
81.49999993106029,0.4581757927451918,0.9053438363552222,66,24,0.9166666666666666,186,38,376,79,2.503387928009033,7.317949699097994,0.06511373
81.54999993088857,0.4924108009394973,0.6109524507342902,54,22,0.9166666666666666,186,37,362,79,2.775939106941223,8.118743145634815,0.09225279
81.59999993071686,0.26083989888060577,0.5820350421743815,64,22,0.875,186,37,365,82,2.6128044724464417,7.887300454163553,0.09578486
81.64999993054515,0.5460980730693117,0.7776906246447033,58,22,0.875,190,39,366,79,2.4808350205421448,7.574833209497536,0.078248225
81.69999993037344,0.5068243054133612,0.7767374882471689,56,21,0.8333333333333334,191,38,366,78,2.550041675567627,8.026424240681367,0.08632055
81.74999993020172,0.9788130375329553,0.766787772219478,53,20,0.7916666666666666,184,39,365,78,2.603486478328705,8.710622515623436,0.17659278
81.79999993003001,0.3994557700870306,0.5772339411545384,57,22,0.8333333333333334,184,37,362,81,2.3947949707508087,8.356807202746719,0.09651406
81.8499999298583,0.34594867116152,0.7203105194858589,56,21,0.875,189,40,372,78,2.395532876253128,7.822605512189771,0.0891569
81.89999992968659,0.3584001006626153,0.4971205628748032,63,21,0.8333333333333334,187,39,362,80,2.5199413299560547,7.883985531193787,0.10870366
81.94999992951487,0.4287766349164347,0.48908592549587315,63,19,0.7083333333333334,187,39,358,81,2.4892140924930573,7.898617792287697,0.1167267
81.99999992934316,0.6258075448147937,0.5605420631584175,59,23,0.9166666666666666,185,38,362,78,2.4089068174362183,7.5351634365595554,0.15009598
82.04999992917145,0.3329054245083879,0.5394186793058039,61,21,0.8333333333333334,179,38,356,77,2.5540870428085327,7.745937490031656,0.09817231
82.09999992899974,0.4464753077938757,0.6714282273550172,61,20,0.8333333333333334,185,38,363,75,2.5544336438179016,7.554086919684915,0.036850184
82.14999992882802,0.6758087429606208,0.5609462093310282,50,22,0.875,188,37,358,79,2.639985978603363,8.024019945216132,0.16830094
82.19999992865631,0.6422477707457425,0.6728071786994314,53,21,0.875,182,38,366,78,2.5948572158813477,7.55288869468262,0.100595355
82.2499999284846,0.8549464750086793,0.6689876291697067,48,21,0.8333333333333334,190,39,355,75,2.4924133718013763,7.85843740574232,0.20294416
82.29999992831289,0.4041873993528255,0.5737042355163824,55,22,0.875,188,39,367,79,2.637701630592346,7.009214238350996,0.13227257
82.34999992814117,0.569645899111813,0.6506816845455555,59,22,0.8333333333333334,193,38,370,77,2.6593017578125,7.250874987092866,0.12632486
82.39999992796946,0.2280682752127887,0.512852198420624,62,23,0.9166666666666666,189,37,362,77,2.547544240951538,6.85259635913865,0.15522942
82.44999992779775,0.4535559906413856,0.6431653738584798,59,22,0.875,190,36,372,79,2.6698121428489685,7.270982002791779,0.117954336
82.49999992762604,0.5013277291231888,0.5024953996182606,54,20,0.8333333333333334,185,39,367,79,2.4971456825733185,6.878115115515584,0.11848412
82.54999992745432,0.36422266303172923,0.5134750667500857,58,21,0.875,191,40,369,81,2.4884387850761414,6.633138764371367,0.16159718
82.5999999272826,0.2691423290905592,0.4732004443100257,57,21,0.875,184,39,359,80,2.6211169362068176,6.759749729961069,0.12954731
82.6499999271109,0.7393260287613536,0.8469732840927412,55,21,0.8333333333333334,182,37,364,78,2.6469075679779053,7.340856916580751,0.14534631
82.69999992693919,0.34109870257920116,0.7619541339124092,62,24,0.9166666666666666,191,40,368,79,2.5246399641036987,7.050450414770566,0.09904735
82.74999992676749,0.49275842594379116,0.6525025579854629,61,22,0.8333333333333334,188,36,364,79,2.5018134713172913,6.940629741612705,0.08388668
82.79999992659576,0.7095226544650851,0.5872800884247066,58,22,0.875,186,39,366,79,2.565808892250061,7.446089691088593,0.18906704
82.84999992642405,0.512462772074854,0.6238432941141012,55,23,0.9166666666666666,190,36,372,80,2.612677216529846,6.722428532040041,0.12103702
82.89999992625232,0.35515125082427823,0.5913733522346468,57,24,0.9166666666666666,189,38,367,80,2.5592535734176636,7.217355757274806,0.110146016
82.94999992608062,0.4003317527088895,0.5677356090637696,56,20,0.8333333333333334,183,38,370,79,2.539628744125366,6.942570485102424,0.16647115
82.99999992590892,0.6296877563483873,0.5913117530461945,56,22,0.9166666666666666,191,40,364,80,2.5039899349212646,7.130134073909735,0.1851984
83.0499999257372,0.6167174994038279,0.6138444190795304,60,23,0.875,186,38,369,80,2.6320359110832214,7.109564106299828,0.19398561
83.09999992556548,0.43938156151167446,0.586071976681385,57,22,0.875,188,37,362,80,2.62681782245636,6.684800852018311,0.07361476
83.14999992539376,0.708534837626183,0.5931604279976058,64,23,0.875,187,39,366,80,2.468845099210739,7.455738500687774,0.14671676
83.19999992522206,0.6785077253020924,0.5532455717962921,60,22,0.875,182,36,365,82,2.5330254435539246,7.420972716086318,0.1609616
83.24999992505036,0.4806366335681744,0.5632243600145496,64,22,0.9166666666666666,190,39,363,79,2.5348952412605286,7.272547887821164,0.1547995
83.29999992487865,0.5957429818084681,0.5355525968082118,53,21,0.8333333333333334,188,38,368,81,2.6028159260749817,7.301353138909885,0.14340219
83.34999992470692,0.5992756021436123,0.5545722486129943,59,23,0.875,190,38,367,80,2.54231333732605,7.3117276400720055,0.14475371
83.3999999245352,0.5110599424193393,0.7558651592232506,52,23,0.875,188,37,366,80,2.6135146617889404,7.440947749076798,0.079993814
83.44999992436348,0.17562873291747622,0.5714807821998523,53,20,0.8333333333333334,190,39,362,78,2.6284950971603394,7.982610117072673,0.074548736
83.49999992419178,0.46933259392455384,0.5866282420135975,59,21,0.875,191,41,367,77,2.559371590614319,8.100265302064678,0.090727925
83.54999992402009,0.4672330097280305,0.7129734174483602,61,22,0.875,186,37,363,77,2.4678876996040344,7.902297242083121,0.09657853
83.59999992384836,0.8368953143704877,0.8013902189367229,51,22,0.875,182,37,356,76,2.62717604637146,8.227963127536988,0.10630516
83.64999992367665,0.5207954917065092,0.5382818471733187,61,22,0.875,192,38,373,79,2.545783519744873,7.689702920062036,0.06895822
83.69999992350492,0.6620623457456215,0.8416889981546696,52,21,0.8333333333333334,189,37,366,78,2.5827258825302124,8.256714966165957,0.06481193
83.74999992333322,0.42982804134690794,0.5034456727034909,59,24,0.9166666666666666,190,40,363,79,2.622421085834503,8.51209793237885,0.13272852
83.79999992316152,0.6574669404343108,0.7380628197907714,60,23,0.875,179,38,350,77,2.595628798007965,8.0274224230455,0.11579588
83.8499999229898,0.7550541419371605,0.5654226123522409,54,22,0.875,190,41,371,80,2.5899577140808105,8.295431458647604,0.09691491
83.89999992281808,0.3502655753934999,0.36170684008684495,53,20,0.8333333333333334,184,39,362,77,2.565543055534363,7.769001431336671,0.09429033
83.94999992264636,0.38816314715616795,0.35469741950647116,59,23,0.9166666666666666,192,37,370,78,2.635880410671234,7.987901642042754,0.10183194
83.99999992247466,0.4462603920974484,0.5593812015097335,58,22,0.875,185,37,356,81,2.650274336338043,8.218170186932436,0.13505399
84.04999992230294,0.5028452600750222,0.5649206552527029,59,23,0.875,191,41,372,81,2.5781628489494324,7.6857949040645845,0.08926347
84.09999992213125,0.6493744772366395,0.6118335374832019,58,22,0.9166666666666666,194,39,378,81,2.478421777486801,7.429133148787503,0.093987554
84.14999992195952,0.45466760881685864,0.7290258911593296,51,22,0.875,190,39,366,76,2.522750198841095,6.7384101207784575,0.06630066
84.1999999217878,0.5357208965941341,0.6735649085509876,56,23,0.9166666666666666,186,39,365,78,2.5823798775672913,7.044447815481387,0.081928454
84.24999992161608,0.47002851068528534,0.6873944182199182,65,24,0.875,184,36,362,79,2.6146939396858215,7.62301277858608,0.08957298
84.29999992144438,0.32646657775249993,0.5461637132695618,57,23,0.9583333333333334,189,39,360,78,2.7270203828811646,7.370925638098367,0.104055285
84.34999992127268,0.5186351199728152,0.5434016306922154,54,23,0.8333333333333334,185,37,353,76,2.4820059537887573,7.587174086581401,0.08475287
84.39999992110096,0.501584380390794,0.5634997587886368,55,22,0.875,192,39,362,74,2.650686800479889,7.7206275684110715,0.12884976
84.44999992092924,0.48784846350828415,0.7696044868522028,65,23,0.875,189,40,371,79,2.6582345366477966,6.788164605758942,0.04079791
84.49999992075752,0.7101508073904914,0.7327135146344361,55,20,0.7916666666666666,183,38,359,77,2.487911134958267,7.507541030586733,0.09931649
84.54999992058582,0.558148574763446,0.6004792264025773,54,21,0.8333333333333334,187,39,360,77,2.5079235434532166,7.988659882846516,0.085157946
84.59999992041412,0.4782638985967438,0.6270371643920557,67,23,0.9166666666666666,187,40,364,77,2.622860074043274,7.470907574925381,0.021869758
84.64999992024241,0.3848494863609718,0.4898783632526402,55,21,0.7916666666666666,186,39,360,78,2.5294145941734314,7.784963967954139,0.115906075
84.69999992007068,0.29920857636818243,0.6445466613728057,55,18,0.75,187,39,353,77,2.555333375930786,7.431583416184866,0.089828655
84.74999991989897,0.8374444113766897,0.8322412415749381,53,21,0.8333333333333334,184,39,364,76,2.580569088459015,7.2825940578400505,0.2526727
84.79999991972726,0.6644647137643583,0.7217762701520996,60,20,0.7916666666666666,180,37,369,79,2.4894437193870544,7.27823867067845,0.15897787
84.84999991955554,0.5518150899965688,0.7594592971572666,59,22,0.875,188,39,368,78,2.586616277694702,7.4384525977018345,0.19037445
84.89999991938384,0.5451966422293729,0.8767238754931149,59,21,0.8333333333333334,188,38,364,77,2.4207571148872375,7.554282483837751,0.21307036
84.94999991921212,0.6761322534453422,0.6271408513845589,65,22,0.8333333333333334,189,38,356,76,2.5679805874824524,8.430568142952328,0.11191373
84.9999999190404,0.2774123494662275,0.6246765650834106,64,24,0.9166666666666666,189,37,362,78,2.5603213906288147,7.770519453019924,0.16558895
85.04999991886868,0.35298232600905965,0.6701196685088434,62,22,0.875,191,40,367,79,2.5696080923080444,8.026018579374199,0.02743421
85.09999991869698,0.4580044000337923,0.8425101515536113,60,22,0.875,184,40,359,77,2.5430357456207275,7.945900841302516,0.031204121
85.14999991852527,0.7631147238734477,0.694091995206163,60,22,0.875,183,37,363,77,2.5537925958633423,8.474082011507402,0.0764938
85.19999991835356,0.6337686547084818,0.7418497554174235,59,22,0.875,191,39,361,74,2.632628083229065,8.715720473542437,0.15346527
85.24999991818184,0.5407961807924002,0.6245842749519217,70,24,0.9166666666666666,194,40,366,79,2.577873468399048,8.492438170624368,0.07070122
85.29999991801012,0.8365376978949474,0.7492654310738338,51,22,0.9166666666666666,185,40,361,77,2.5417083501815796,8.764248016089837,0.17798804
85.34999991783842,0.5176579217216125,0.586600829959738,57,20,0.8333333333333334,184,38,366,77,2.6193615794181824,8.44384172987124,0.10603394
85.3999999176667,0.3478039382455153,0.6348715107255951,55,21,0.8333333333333334,187,41,361,76,2.5813913345336914,8.220147956048418,0.08434474
85.449999917495,0.6673924232529025,0.6875396833292957,52,22,0.9166666666666666,186,41,354,75,2.6298844814300537,8.435409388104107,0.29340905
85.49999991732328,0.5997166464426957,0.804414718340833,62,22,0.875,179,37,362,75,2.3970927298069,8.010719671760036,0.14813499
85.54999991715157,0.2837524659601218,0.4986061405837363,55,22,0.875,181,39,368,79,2.419261634349823,8.38062804581475,0.14749627
85.59999991697985,0.6095753729707685,0.8341536960510105,51,22,0.9166666666666666,189,40,363,76,2.5993525981903076,7.813611427850509,0.112390675
85.64999991680814,0.7735005788753014,0.6741041123538499,61,22,0.9166666666666666,186,39,363,77,2.484147399663925,8.570353534651511,0.096380815
85.69999991663644,0.6338750668526556,0.7674945116004384,63,24,0.9166666666666666,188,38,369,78,2.610478103160858,8.28615175776882,0.10168859
85.74999991646472,0.5876284566871793,0.743575856762029,58,22,0.875,192,41,364,76,2.63155996799469,7.9451498830442,0.081393495
85.799999916293,0.492987210224622,0.6786299345143698,56,24,0.9166666666666666,185,39,356,75,2.511400878429413,8.24137608630589,0.13972425
85.84999991612128,0.8341335116976417,0.8333216465130372,50,20,0.7916666666666666,189,41,358,75,2.581653892993927,8.367005742147722,0.22104533
85.89999991594958,0.22344852918531413,0.5733556075928252,58,25,0.9583333333333334,186,39,369,77,2.531341016292572,8.284896343036445,0.19999349
85.94999991577787,0.5380487192367146,0.5580311126940152,56,22,0.875,187,39,359,77,2.482019066810608,7.982311749703186,0.13815153
85.99999991560617,0.5212732656617397,0.3677447960761072,56,23,0.9166666666666666,188,39,361,78,2.446836233139038,8.060010945306884,0.16806342
86.04999991543444,0.5967961261087241,0.7030162749332614,57,21,0.875,185,40,369,78,2.552524209022522,8.319272868941132,0.09415349
86.09999991526273,0.4283060367924621,0.5973193375133158,60,21,0.875,188,39,358,76,2.4675793945789337,8.099987562857551,0.04763183
86.149999915091,0.48220998215534744,0.793739515596147,56,21,0.875,184,37,364,79,2.6106274127960205,8.298732281018877,0.0950942
86.1999999149193,0.6241474316996353,0.6082854259546634,56,22,0.9166666666666666,185,39,359,80,2.6077595353126526,8.324087990553704,0.11307064
86.2499999147476,0.40163512860945094,0.7154482487926488,57,23,0.9166666666666666,179,37,359,77,2.5709542632102966,8.04174424734355,0.12351224
86.29999991457588,0.1471829879151325,0.5374065586975079,68,24,0.9583333333333334,191,38,362,78,2.474157214164734,8.012643228703311,0.050082147
86.34999991440417,0.8290869439682212,0.816448448083418,59,22,0.875,189,41,370,81,2.4949119985103607,8.189639702914171,0.07748825
86.39999991423244,0.7377312455258169,0.4533970635838306,54,21,0.8333333333333334,185,38,355,75,2.514258921146393,8.70403037369086,0.09180378
86.44999991406074,0.6138535166917093,0.7794194743279259,53,21,0.8333333333333334,186,40,365,77,2.529858648777008,8.693158123864322,0.12307163
86.49999991388904,0.18936860078374138,0.7450450487990297,60,21,0.875,184,37,364,73,2.6636123657226562,8.10434712469636,0.08666608
86.54999991371731,0.45672871222836675,0.6367313898950421,60,22,0.9166666666666666,189,39,361,77,2.5895509123802185,8.588375132328814,0.105740935
86.5999999135456,0.49028552373831696,0.4478973894413482,53,20,0.7916666666666666,182,39,350,76,2.6067054271698,8.683270534495096,0.21476026
86.64999991337388,0.3973861143329044,0.729211635109263,55,19,0.7916666666666666,177,36,354,76,2.5024083256721497,8.507685069085547,0.14038286
86.69999991320218,0.7935356620747498,0.907103155655695,48,21,0.875,183,39,352,76,2.602784037590027,8.890047468596194,0.12594871
86.74999991303046,0.8190043637744762,0.6094540645970843,51,20,0.8333333333333334,194,39,361,77,2.5843411684036255,9.322777087581917,0.15870798
86.79999991285877,0.6272742889789475,0.4446890776073641,57,21,0.8333333333333334,186,40,360,76,2.60166198015213,9.145315932329527,0.12700707
86.84999991268704,0.5651161313441383,0.31560329393035247,57,22,0.875,185,39,366,78,2.4806946516036987,9.44901399655925,0.17010394
86.89999991251533,0.9379246755303912,0.7268465799884622,54,23,0.9166666666666666,192,39,365,78,2.6192665100097656,9.456228341680903,0.20076925
86.9499999123436,0.5153754514111951,0.44683454088974844,57,22,0.875,183,38,355,77,2.452203631401062,9.687821274666977,0.19878837
86.9999999121719,0.7306316407837006,0.6681404746639279,56,22,0.875,184,39,359,79,2.574576437473297,9.662730900825798,0.11799672
87.0499999120002,0.6581014213682301,0.7191624046125762,57,21,0.8333333333333334,186,40,365,76,2.595704197883606,9.373077006736485,0.13375843
87.09999991182848,0.6442580176237938,0.6212516005305989,57,23,0.875,182,37,360,77,2.563985288143158,9.435605042701063,0.1517768
87.14999991165676,0.7327747933640025,0.6686559686079828,57,21,0.8333333333333334,191,40,368,79,2.558121383190155,9.962795378063936,0.19903329
87.19999991148504,0.8286975922494768,0.7502617981160975,57,23,0.9166666666666666,189,40,367,79,2.5262370705604553,9.547073919445008,0.14475626
87.24999991131334,0.8454732697816719,0.8551977573872165,57,23,0.875,190,38,370,77,2.4471092224121094,9.427170789272985,0.2059671
87.29999991114163,0.5896993354864217,0.6513688765112133,57,19,0.7916666666666666,180,40,366,78,2.510218322277069,8.619367839324719,0.12799102
87.34999991096993,0.13262112150087274,0.5116952175790356,55,20,0.8333333333333334,180,38,362,79,2.4884533882141113,8.459874923072546,0.12099384
87.3999999107982,0.5894156665149607,0.6538171480851696,52,21,0.875,186,38,361,78,2.6479244232177734,8.71422958824291,0.11988607
87.44999991062649,0.6955665917048452,0.584208656891539,53,21,0.8333333333333334,176,38,359,76,2.402583211660385,8.355529197784657,0.18699987
87.49999991045476,0.8022859005925351,0.7211506798343101,59,22,0.875,193,40,374,77,2.5358253717422485,8.652399896504033,0.12624495
87.54999991028306,0.5564349103877924,0.6616197499267698,60,23,0.875,185,40,367,77,2.516362965106964,8.071600508074974,0.11299426
87.59999991011136,0.4178493210688049,0.534212469347035,55,22,0.875,186,39,365,78,2.414790391921997,7.6660737268621215,0.16437815
87.64999990993964,1.002714633098646,0.8105287218708612,56,22,0.875,186,39,365,77,2.5171560049057007,8.440574300442716,0.20031616
87.69999990976793,0.6350937429377761,0.6074417390545324,50,20,0.8333333333333334,184,39,357,78,2.648932635784149,7.961911537212982,0.18737504
87.7499999095962,0.5527612705151266,0.6109498344441002,56,20,0.8333333333333334,182,40,359,75,2.540188431739807,8.431448211333512,0.19936141
87.7999999094245,1.0318573019401147,0.783210096339725,51,20,0.7916666666666666,180,38,361,75,2.658664882183075,8.33879302596439,0.28550863
87.8499999092528,0.5764210117527072,0.6356723432182749,55,22,0.875,184,39,361,77,2.5878581404685974,7.859298968166044,0.17438848
87.89999990908107,0.394246745617133,0.5306017677111101,60,20,0.8333333333333334,185,39,362,78,2.4710069596767426,8.029211521564878,0.091068804
87.94999990890936,0.5722422976610542,0.553202332790281,54,23,0.9166666666666666,187,39,358,77,2.52712219953537,7.933023185124712,0.19216958
87.99999990873764,0.6889261746467308,0.6018569735122212,62,22,0.9166666666666666,189,39,363,76,2.6346153020858765,8.228090821558833,0.1373995
88.04999990856594,0.624495249448925,0.719350713348217,53,21,0.8333333333333334,184,39,360,75,2.5415441393852234,7.915772876022142,0.14113027
88.09999990839422,0.43983902993483653,0.615634096081207,57,21,0.875,185,39,368,79,2.5579530000686646,7.384722594220774,0.099225186
88.14999990822253,0.8330128742984931,0.6712010654335785,56,22,0.8333333333333334,189,40,357,76,2.5548696517944336,8.322199657200438,0.22038692
88.1999999080508,0.6659884397054007,0.563212531881319,55,22,0.875,192,42,368,77,2.5993746519088745,7.836739085729985,0.10952269
88.24999990787909,0.6726137515511024,0.5080615248600496,59,22,0.9166666666666666,187,40,362,77,2.5208672881126404,8.231178329836366,0.16265155
88.29999990770736,0.5403620675262729,0.6574010676858808,62,23,0.875,187,40,365,77,2.4268750846385956,8.192240776283075,0.12604126
88.34999990753566,0.6930898282669795,0.6478411084061175,59,24,0.9166666666666666,194,40,368,77,2.6294150948524475,8.170563301129636,0.14863776
88.39999990736396,0.8087884702218968,0.7934071274571928,53,22,0.8333333333333334,184,37,365,78,2.651922106742859,7.556299320118436,0.12658592
88.44999990719224,0.13573694594808527,0.559548578843027,58,21,0.875,187,42,369,76,2.552594542503357,7.5207812034527155,0.092440575
88.49999990702052,0.420064720784705,0.5388649130611541,52,22,0.875,186,41,361,76,2.630400061607361,7.875070495276377,0.15952343
88.5499999068488,0.5571278006156021,0.6378050111109562,58,22,0.875,190,39,362,76,2.476867288351059,7.841028455976504,0.11881176
88.5999999066771,0.6159986620358113,0.6195831625014604,58,22,0.875,190,41,368,76,2.581542432308197,8.023063799517898,0.12971625
88.64999990650539,0.5478130839647656,0.6658683209046613,63,23,0.9166666666666666,191,37,368,77,2.5403520464897156,7.67689702431138,0.076798975
88.69999990633369,0.42832761312572737,0.7083662118295189,63,23,0.9166666666666666,189,39,362,76,2.592943012714386,7.566531281800621,0.115585655
88.74999990616196,0.7959160017407545,0.872107855191836,56,23,0.8333333333333334,186,39,367,77,2.5290462374687195,8.16450211093545,0.14777152
88.79999990599025,0.6984412589730067,0.5519813777381457,53,22,0.875,180,39,365,80,2.570056915283203,8.328872139048471,0.17002663
88.84999990581852,0.817878627212717,0.79502052215381,53,22,0.875,185,39,368,78,2.5635695457458496,8.084127485463792,0.15412275
88.89999990564682,0.5702418776326187,0.6666661048163531,56,22,0.875,186,39,368,79,2.5527027249336243,7.886109898455738,0.14514443
88.94999990547512,0.5512393389091594,0.4803318631680338,52,20,0.8333333333333334,185,40,362,77,2.6253166794776917,7.814764934131055,0.09029476
88.9999999053034,0.6085335595325587,0.6716877244645435,54,21,0.8333333333333334,180,36,360,77,2.527916729450226,8.334710609128972,0.22546992
89.04999990513168,0.7138047276991075,0.8153715069958529,56,19,0.7916666666666666,185,39,368,77,2.60930597782135,8.182719781018246,0.19824147
89.09999990495996,0.6019019377695904,0.7356653647496615,48,18,0.75,179,39,357,79,2.5624096393585205,8.105768187648739,0.29337814
89.14999990478826,0.5964226162999835,0.47835448200860275,59,23,0.9166666666666666,190,40,369,79,2.7211445569992065,8.315052784160821,0.17928606
89.19999990461656,0.6282624031639671,0.4866222912551085,52,22,0.875,178,38,357,76,2.5999701023101807,8.857717630796236,0.132489
89.24999990444483,0.42190134358118225,0.6152379545433518,57,19,0.7916666666666666,187,40,366,76,2.5866302847862244,8.8134407654751,0.110927336
89.29999990427312,0.588007650216773,0.6665167984788087,58,20,0.8333333333333334,185,38,368,77,2.506082057952881,8.931317319928729,0.11204544
89.3499999041014,0.7392497062733285,0.668468815935131,58,23,0.8333333333333334,189,40,361,75,2.5548604130744934,9.088736663958352,0.21807961
89.3999999039297,0.6106565204830945,0.611938130997736,59,20,0.8333333333333334,185,39,354,77,2.537318766117096,8.74848724702284,0.088959426
89.44999990375798,0.4730939224212395,0.4702493235097113,55,21,0.875,193,39,365,80,2.5883451104164124,8.662651338356504,0.0887239
89.49999990358629,0.6696227761941099,0.7723392167547585,56,20,0.8333333333333334,188,40,365,76,2.5384321808815002,9.404344739746042,0.07803917
89.54999990341456,0.7382172719432928,0.6716999821792584,54,21,0.875,180,38,365,78,2.5542891025543213,9.03756931480788,0.15787509
89.59999990324285,0.3671808750627508,0.4963745110276219,62,22,0.9166666666666666,183,39,366,78,2.470467686653137,8.773577900687908,0.15309572
89.64999990307112,0.5888463464482645,0.7213419602389266,56,22,0.875,181,39,353,73,2.463863343000412,8.581624930820215,0.13225362
89.69999990289942,0.849682591120354,0.6608242050703481,57,20,0.8333333333333334,187,39,357,76,2.569793164730072,8.657928004401327,0.22151546
89.74999990272772,0.40111410343736853,0.5668710910490703,51,20,0.8333333333333334,185,39,360,78,2.469613701105118,8.14877122622569,0.1661585
89.799999902556,0.841823498241837,0.7897798292426349,54,23,0.875,183,39,357,75,2.581348717212677,8.261517993854364,0.18279253
89.84999990238428,0.8291512594867458,0.8157762762335019,47,20,0.7916666666666666,178,40,353,75,2.624584436416626,8.558652047783655,0.2269721
89.89999990221256,0.5810179174905634,0.6041155947696615,50,21,0.875,186,38,364,78,2.551462948322296,8.410406467327016,0.18168733
89.94999990204086,0.7769197648203849,0.5489583495310258,55,21,0.875,195,43,369,79,2.499266564846039,8.375844993703732,0.23744527
89.99999990186915,0.5668770764270609,0.6249667075642501,53,20,0.8333333333333334,186,39,362,81,2.558404803276062,7.725115302265486,0.22485808
90.04999990169745,0.46313923008610985,0.6861692531642084,63,24,0.9166666666666666,186,38,363,79,2.4971389770507812,7.6092725761742575,0.12887205
90.09999990152572,0.341933524834144,0.68443288286259,52,21,0.875,179,39,360,80,2.715093493461609,7.05151917698692,0.12010916
90.14999990135401,0.6351010026341641,0.7389640018851658,56,23,0.875,187,40,363,75,2.6832228899002075,7.946607076640877,0.15727487
90.19999990118228,0.7887793318228663,0.6462789748743037,51,20,0.8333333333333334,186,38,358,77,2.642582058906555,7.849569917473769,0.2137575
90.24999990101058,0.830729824487136,0.8339787803994886,46,21,0.8333333333333334,183,38,360,77,2.5251635909080505,7.285266915749817,0.1993508
90.29999990083888,0.8215388988518804,0.5956113607324679,55,22,0.8333333333333334,192,41,366,79,2.5542151927948,7.616906632504463,0.2878483
90.34999990066716,0.915708624808086,0.8109826202510353,59,24,0.875,186,38,359,75,2.627110481262207,7.879825302620196,0.25951853
90.39999990049544,0.6237366268059613,0.7563502325397824,58,22,0.875,187,39,365,81,2.566668391227722,7.557969990823086,0.17530112
90.44999990032372,0.5921458620562647,0.7480469286438556,58,20,0.8333333333333334,183,38,362,76,2.5913572311401367,6.8032221512599556,0.08789383
90.49999990015202,0.1743307644837423,0.4533430397181995,62,23,0.875,184,36,368,81,2.633560597896576,6.9089024271313,0.155911
90.54999989998032,0.44031855191517044,0.5906178053309379,60,23,0.9166666666666666,192,40,372,80,2.6250240206718445,7.137401796717748,0.11245396
90.5999998998086,0.47114588525521633,0.7323360488137444,54,22,0.875,182,38,362,78,2.5039315223693848,6.919597167253411,0.1168776
90.64999989963688,0.7045192011995804,0.6972393854361124,64,23,0.9166666666666666,189,41,372,79,2.508889138698578,6.889412359505522,0.15765335
90.69999989946515,0.37028543833615,0.5939229620119133,60,21,0.875,190,38,364,83,2.5792747735977173,6.837712834035186,0.11921286
90.74999989929346,0.9197784602502962,0.870621429756995,57,20,0.7916666666666666,189,41,366,77,2.590661644935608,7.252434470527085,0.20357633
90.79999989912174,0.32876635760928646,0.6212176680596513,64,23,0.9166666666666666,184,40,369,78,2.478381246328354,6.563863751832688,0.13665074
90.84999989895005,0.9784506613120556,0.7865719943072624,56,22,0.875,186,38,366,78,2.6017555594444275,7.2809516945853225,0.32250983
90.89999989877832,0.9551396380104018,0.8575845660339505,55,22,0.875,185,39,361,77,2.4943017959594727,6.93381131839141,0.30124605
90.9499998986066,0.5037398594764745,0.5149048025482486,58,20,0.8333333333333334,186,38,365,78,2.4066588282585144,6.705507868712086,0.1988352
90.99999989843488,0.8182435004306039,0.7122988489655055,53,20,0.8333333333333334,192,41,366,78,2.5868162512779236,6.758537713642658,0.15814865
91.04999989826318,0.5054301133467641,0.49401591320352745,60,22,0.875,187,41,360,75,2.5234058499336243,6.231412565960719,0.13810429
91.09999989809147,0.98166284244798,0.8733793330313087,55,21,0.875,189,39,363,76,2.5546935200691223,6.6866687990656715,0.18185936
91.14999989791976,0.6866794746677878,0.6852332856643848,58,23,0.875,187,37,359,76,2.529132664203644,6.214712504611768,0.17152497
91.19999989774804,0.7685768500385806,0.5576528789851188,59,23,0.8333333333333334,185,39,369,77,2.565144896507263,7.06136306277088,0.23426305
91.24999989757632,0.8778861922684233,0.7340260712476949,59,22,0.8333333333333334,194,42,365,76,2.520918846130371,7.281133107838409,0.2550394
91.29999989740462,0.7504990018680828,0.5727299770783703,58,23,0.875,190,38,364,76,2.5160562992095947,7.149285457292667,0.19851187
91.3499998972329,0.8483895269682107,0.7413710571229484,54,23,0.9166666666666666,182,37,366,75,2.4945220351219177,6.816530499904996,0.21033575
91.3999998970612,0.6721960586190395,0.45316209468377716,58,22,0.875,185,39,355,76,2.4446135759353638,7.102057583577599,0.16150601
91.44999989688948,0.5383938742330854,0.7330991481002808,59,23,0.9166666666666666,184,38,360,75,2.5238487124443054,6.771774582747714,0.12030325
91.49999989671777,0.7077506152438553,0.7147970627485495,53,23,0.875,192,41,363,76,2.5176626443862915,6.632078281436211,0.14654921
91.54999989654605,0.7056139886839017,0.5103642032602085,58,23,0.9166666666666666,190,41,365,78,2.4930812418460846,7.009503447058769,0.26748475
91.59999989637434,0.8130866695683546,0.7030172320126903,51,24,0.9166666666666666,190,37,366,76,2.556391954421997,6.915642549279211,0.19684371
91.64999989620264,0.4784332806297171,0.5282124215015581,57,22,0.8333333333333334,182,41,359,78,2.6051166653633118,6.569512849636672,0.17766494
91.69999989603092,0.8336733428100178,0.5726195335658747,66,25,0.9166666666666666,188,38,370,75,2.6124000549316406,6.69343187718658,0.08557197
91.7499998958592,0.8227965390087589,0.734830315186747,59,22,0.875,190,40,374,81,2.623412013053894,6.936728356731514,0.15728645
91.79999989568748,0.767943493031775,0.7422712106476512,56,23,0.875,184,39,366,76,2.6836970448493958,6.706614573437912,0.21006666
91.84999989551578,0.6661920572784561,0.6767666145156243,55,22,0.875,192,42,364,78,2.4897360801696777,6.361348611980402,0.17166708
91.89999989534407,0.45854606885156146,0.584841841497369,59,21,0.7916666666666666,187,38,365,78,2.5655242800712585,6.28140210140657,0.08353301
91.94999989517235,0.2711913280711177,0.6672759214746221,61,24,0.9166666666666666,185,40,368,80,2.6061779260635376,6.146376552526451,0.10417214
91.99999989500064,0.5349079478751934,0.687828475730031,54,22,0.8333333333333334,178,39,361,75,2.5049203634262085,6.274956420271884,0.14359243
92.04999989482891,0.9212606187464798,0.9597922929885816,54,22,0.875,192,42,375,78,2.625911235809326,6.632542002948227,0.12954399
92.09999989465722,0.47550167674512983,0.6261355656291007,59,23,0.9166666666666666,189,39,368,79,2.5325000286102295,5.9947978619403575,0.09354518
92.1499998944855,0.390836236161983,0.5500176218457137,52,22,0.875,184,39,363,78,2.6019781827926636,6.3910597008667835,0.103562824
92.1999998943138,0.5580469338259393,0.5253717088696335,55,23,0.875,182,39,367,75,2.5223377346992493,6.460056906706848,0.12957771
92.24999989414208,0.6662477555249707,0.560403894984536,61,21,0.875,186,39,362,78,2.6342985033988953,6.732511919939377,0.19229521
92.29999989397037,0.7045038408096664,0.5115424932948026,56,21,0.8333333333333334,187,42,367,80,2.5068286061286926,6.93506327793866,0.1456515
92.34999989379864,0.3778979549306245,0.5195619379074546,60,23,0.9166666666666666,182,40,362,76,2.6407745480537415,6.575720376080776,0.13024363
92.39999989362694,0.46954705469852465,0.5080641420667125,59,24,0.9166666666666666,184,39,359,79,2.547425925731659,6.910439552703362,0.13059211
92.44999989345524,0.7423581415150299,0.6546818285427408,55,21,0.875,181,38,364,81,2.5137752294540405,7.765440849866829,0.18204638
92.49999989328352,0.7059295928180107,0.6487463303415596,55,22,0.875,184,39,367,79,2.5892269611358643,7.8720170562021075,0.1739879
92.5499998931118,0.5663675660966283,0.5601084716676684,51,22,0.875,180,38,364,77,2.5162890553474426,8.190034582882877,0.16739404
92.59999989294008,0.641890397148529,0.7600430965865069,54,23,0.9166666666666666,181,38,366,79,2.598932385444641,7.232425878867401,0.10780576
92.64999989276838,0.7007519454721987,0.6684482112193921,54,24,0.9166666666666666,186,39,361,77,2.517755925655365,7.6018699166341275,0.18374571
92.69999989259667,0.5415516203857448,0.5779275107601625,60,23,0.875,193,41,362,77,2.5413382053375244,8.014263871094212,0.11929527
92.74999989242497,0.5728350814375461,0.5883502746525808,52,21,0.8333333333333334,184,37,363,78,2.5938916206359863,7.586762250696655,0.17543335
92.79999989225324,0.9092871199850261,0.653504707872079,57,24,0.875,187,40,363,77,2.5733542442321777,7.70797567035002,0.1942466
92.84999989208153,0.7348204579863165,0.6559991068295907,56,21,0.8333333333333334,186,42,370,78,2.578379511833191,7.929330511167709,0.11614699
92.8999998919098,0.6080941399957445,0.5480058150150301,61,22,0.875,188,41,368,81,2.4825894832611084,7.680836545693257,0.13220891
92.9499998917381,0.7461452980666416,0.45809426665264974,56,24,0.9166666666666666,195,43,366,77,2.615337073802948,7.828909507994597,0.16570565
92.9999998915664,0.6250720566702862,0.6168208120269176,65,23,0.9166666666666666,191,40,367,80,2.571728229522705,7.3806544436233334,0.08459366
93.04999989139468,0.3102371254825944,0.5785439509212845,53,22,0.875,184,38,363,79,2.535100281238556,7.591455736185679,0.11558955
93.09999989122296,0.6738961746853396,0.5994773776236861,62,24,0.9583333333333334,192,41,370,79,2.4633459746837616,7.692147242001335,0.17411774
93.14999989105124,0.19749740659029372,0.6009426211900758,60,22,0.875,184,39,373,77,2.4988915026187897,6.914733771952326,0.08300883
93.19999989087954,0.6151476453686474,0.8494122422219537,65,22,0.8333333333333334,191,40,369,73,2.5915738940238953,6.584850229599732,0.064708576
93.24999989070784,0.30462778015499253,0.6139289984350786,59,23,0.875,190,40,366,77,2.4930430948734283,7.2921750634778615,0.09324527
93.29999989053613,0.5269203060068374,0.5558236433648784,56,22,0.875,189,39,360,76,2.483280450105667,7.424718935796308,0.13374963
93.3499998903644,0.4947630319403718,0.7875525470211584,58,22,0.9166666666666666,190,41,375,77,2.5044670701026917,7.034878441493451,0.09569343
93.39999989019267,0.7079573143577156,0.7453887591244657,54,21,0.875,181,38,360,77,2.500176727771759,7.205775966143246,0.17658016
93.44999989002096,0.40620422447831545,0.5812339169947685,56,22,0.9166666666666666,189,39,367,80,2.5659066438674927,6.962657212710601,0.14845318
93.49999988984926,0.5106364381478546,0.5233082164673697,59,24,0.9583333333333334,186,39,362,76,2.513762414455414,7.141222001183358,0.15299834
93.54999988967757,0.2710917067915894,0.5038579049361057,67,24,0.9166666666666666,190,41,372,79,2.467471808195114,6.940380084113151,0.08453246
93.59999988950584,0.412574662859001,0.5647461686236761,59,23,0.9166666666666666,195,41,369,79,2.4766723811626434,6.8964782729798735,0.09672896
93.64999988933413,0.6345231869074391,0.7053919280326347,57,22,0.9166666666666666,190,38,373,81,2.615460753440857,7.163184826139126,0.16817772
93.6999998891624,0.2885498084020778,0.41401709611372844,51,20,0.7916666666666666,181,39,362,79,2.587537169456482,7.227560056657829,0.24403957
93.7499998889907,0.6913962744327171,0.6816394696532811,57,22,0.9166666666666666,192,39,368,80,2.64469712972641,7.5751176925171215,0.16903302
93.799999888819,0.7059741928127462,0.6371031899510373,54,20,0.8333333333333334,188,39,370,79,2.516525387763977,7.465193309122782,0.18060888
93.84999988864728,0.5139416551271045,0.5956721264626228,52,23,0.9583333333333334,192,41,366,80,2.5389105081558228,7.329676188957226,0.11053235
93.89999988847556,0.45811197129028636,0.5442574643716925,56,22,0.9166666666666666,186,38,359,77,2.4688394367694855,7.277851117523886,0.13018358
93.94999988830384,0.6489289518690764,0.5956931034344122,61,21,0.8333333333333334,180,38,362,77,2.494654357433319,7.770742201994576,0.17794357
93.99999988813214,0.5605710799452744,0.5018276596641811,59,23,0.9166666666666666,194,41,367,80,2.564764618873596,8.180875935379035,0.18461299
94.04999988796042,0.5979610759696675,0.6900044301350159,59,23,0.875,190,39,364,76,2.5198909640312195,7.531757713264069,0.14333461
94.09999988778873,0.4130091726986385,0.4377561512801482,62,23,0.9583333333333334,192,39,364,80,2.440040409564972,7.477247477208948,0.104126096
94.149999887617,0.577987119239917,0.5919669454124187,60,22,0.8333333333333334,184,41,367,78,2.5858741998672485,7.891470678193713,0.22302833
94.19999988744529,0.619275519172247,0.5190925945195854,62,24,0.9583333333333334,188,39,362,75,2.5798115134239197,8.602838547442264,0.10635328
94.24999988727356,0.5787109829876419,0.5659025686417483,51,21,0.875,187,39,353,80,2.587067186832428,8.449169330883084,0.19774085
94.29999988710186,0.8633235637337711,0.7731751140965438,50,20,0.8333333333333334,189,40,367,78,2.611483633518219,8.233697794337225,0.15844315
94.34999988693016,0.48524239649353157,0.4505895476440973,59,23,0.9166666666666666,190,39,363,82,2.6400265097618103,7.994246548616939,0.12681337
94.39999988675844,0.8257718648281134,0.7027740714090085,54,23,0.875,184,38,365,77,2.5486984848976135,8.227643856544065,0.1848313
94.44999988658672,0.699029738458562,0.6598205816656443,50,22,0.875,182,38,364,78,2.5451308488845825,8.37807519760096,0.22813517
94.499999886415,0.5731449091935304,0.5650458864427154,54,24,0.9583333333333334,186,39,368,79,2.598903179168701,8.027323240194075,0.12713641
94.5499998862433,0.5042183966314775,0.5114513409570969,54,21,0.8333333333333334,188,38,362,79,2.4553613364696503,8.21262334964814,0.18056142
94.5999998860716,0.5308838365389361,0.4779688351046721,58,21,0.875,186,38,362,80,2.503131330013275,8.21659642219438,0.16747089
94.64999988589989,0.5096411693613342,0.548249457255541,55,19,0.7916666666666666,187,39,364,79,2.5099626183509827,7.7482275085341445,0.15795586
94.69999988572816,0.8265896350726166,0.588676181211545,53,22,0.9166666666666666,188,39,359,79,2.4201376736164093,8.36294269305883,0.118875824
94.74999988555643,0.6878406069286663,0.6001317180217204,52,21,0.8333333333333334,185,39,357,78,2.5668248534202576,8.245863094437826,0.17181112
94.79999988538472,0.46687993108616244,0.621470169780454,65,22,0.875,191,39,369,77,2.5481152534484863,8.23844097858042,0.055212304
94.84999988521302,0.6589076027192722,0.693427067789316,51,20,0.7916666666666666,184,40,360,76,2.4973082542419434,8.260213195889863,0.15118428
94.89999988504132,0.7257827255225031,0.8336732253690187,57,21,0.875,185,40,369,78,2.5408661365509033,8.171795747656523,0.10612756
94.9499998848696,0.577910689054545,0.5047635101713669,55,21,0.875,186,39,361,79,2.5444376468658447,8.498208640593319,0.14566343
94.99999988469789,0.5323944361270571,0.45500387273490767,61,24,0.9583333333333334,190,39,358,76,2.543737292289734,8.517241834350058,0.12110814
95.04999988452616,0.2876478179658253,0.5797134545499748,58,21,0.875,184,39,361,78,2.485135793685913,8.53464613594725,0.07527669
95.09999988435446,0.5368532451834196,0.5791728580988242,53,20,0.8333333333333334,178,39,362,77,2.55098819732666,8.650932953560151,0.1465129
95.14999988418276,0.5921024127389706,0.6346892342027922,61,24,0.9583333333333334,190,38,356,76,2.4730777740478516,8.517699482113663,0.17995262
95.19999988401104,0.566970870891264,0.8534366390404601,55,22,0.9166666666666666,187,38,361,77,2.567579448223114,8.693623870647658,0.12956811
95.24999988383932,0.346613460127558,0.6775009644663574,60,20,0.8333333333333334,182,39,365,77,2.595991790294647,8.646801294472715,0.11152823
95.2999998836676,0.3715904255245971,0.6498149119603063,60,22,0.9166666666666666,193,40,366,77,2.676478624343872,8.826339624465271,0.1928466
95.3499998834959,0.5995117468271742,0.6851148651780321,47,20,0.8333333333333334,191,41,360,76,2.615782618522644,8.21996539572111,0.07384569
95.39999988332418,0.6374495200890145,0.5836327496505174,52,22,0.9166666666666666,178,38,362,76,2.587626576423645,8.444723616866172,0.11288121
95.44999988315249,0.43850845394643845,0.5862850500529936,51,20,0.8333333333333334,186,40,360,76,2.584337294101715,8.473794637624286,0.08508882
95.49999988298076,0.5750082427226821,0.6044931017736206,62,24,0.9583333333333334,187,38,353,75,2.558166980743408,8.469871813131533,0.085894704
95.54999988280905,0.7119043480549864,0.6759348846255011,55,21,0.875,187,37,359,77,2.6004233956336975,8.707157727109864,0.1296899
95.59999988263732,0.6042728596564754,0.7528527816046643,59,23,0.9166666666666666,193,41,371,77,2.5048500299453735,8.004573856807333,0.047951244
95.64999988246562,0.40223412667541175,0.6187475698117537,58,23,0.9583333333333334,183,40,355,73,2.754528820514679,7.907159463057907,0.17395397
95.69999988229392,0.21592083983428356,0.5495093301489473,61,21,0.875,183,38,362,77,2.5270628929138184,8.124947514942207,0.100797
95.7499998821222,0.5920877263103023,0.5682678338843503,56,22,0.9166666666666666,189,43,365,79,2.597503662109375,9.213777839554318,0.08615115
95.79999988195048,0.6241051401374221,0.6434795312871117,59,21,0.875,190,41,365,78,2.6309260725975037,8.663374347142128,0.09334373
95.84999988177876,0.8222119922490227,0.7444445225758644,61,22,0.9166666666666666,189,38,368,77,2.5891700387001038,8.937504573053987,0.13362378
95.89999988160706,0.5476281005024579,0.5557430731631633,62,21,0.875,190,40,369,77,2.6310965418815613,8.557035342735526,0.15948218
95.94999988143535,0.755242069335925,0.6093951461257542,60,22,0.8333333333333334,189,39,366,80,2.5716155767440796,9.094426051985947,0.07933694
95.99999988126365,0.6906889499741271,0.7004151473709881,60,21,0.875,186,41,370,79,2.703561782836914,8.00735483316009,0.112095624
96.04999988109192,0.7209257281421393,0.5962636783340673,65,23,0.875,184,39,361,77,2.53481924533844,8.493412227922095,0.16132039
96.09999988092021,0.5452263956825835,0.6676672732697387,57,23,0.9166666666666666,186,38,367,79,2.426224946975708,7.891968613961193,0.102476336
96.14999988074848,0.22138074270511116,0.5130277062108453,52,20,0.8333333333333334,179,40,360,79,2.503664195537567,7.742107325891849,0.165054
96.19999988057678,0.6047709739463627,0.8425152592215867,59,20,0.8333333333333334,184,38,369,77,2.546255588531494,7.342762467386645,0.06212005
96.24999988040508,0.39697126417715556,0.49597205523436694,56,22,0.875,186,37,363,79,2.6453521847724915,8.05526608537483,0.090442315
96.29999988023336,0.7660732416099638,0.6997882671671023,64,21,0.8333333333333334,178,36,364,78,2.484862208366394,7.990745242071764,0.09921474
96.34999988006165,0.45861618198172743,0.6820655109668139,57,22,0.9166666666666666,190,39,363,77,2.5057876110076904,7.981141813575352,0.07254878
96.39999987988992,0.734671529903699,0.7775159568232187,55,21,0.875,186,40,364,76,2.5974443554878235,7.973780920703497,0.0857831
96.44999987971822,0.4371122942387206,0.5254340981152588,63,23,0.9583333333333334,181,37,365,81,2.5768637657165527,8.27639506753842,0.08191765
96.49999987954652,0.43306102565593446,0.506041581007252,61,22,0.9166666666666666,193,42,365,80,2.4442532658576965,8.608684188651905,0.11113255
96.5499998793748,0.6810512457446148,0.6151346880203015,57,21,0.875,186,41,362,78,2.436407506465912,8.367964655648654,0.15665989
96.59999987920308,0.6048368951304224,0.6624748792097952,56,22,0.9166666666666666,179,38,359,78,2.5924277305603027,8.202241699686592,0.21438338
96.64999987903136,0.6432749834057578,0.6969345780282097,52,20,0.8333333333333334,185,38,368,78,2.5384974479675293,8.139901148324986,0.0882443
96.69999987885966,0.6291306895495358,0.48178439430006725,66,22,0.875,185,39,360,78,2.46920645236969,8.691618240680663,0.11003448
96.74999987868794,0.6762568308276016,0.6358056601483946,57,21,0.875,183,39,357,75,2.5731876492500305,8.47295247730596,0.14622407
96.79999987851625,0.3262287023187329,0.6676838152903558,57,19,0.7916666666666666,192,41,371,77,2.586401104927063,8.404240085288297,0.07812777
96.84999987834452,0.5111733911634034,0.6622985456200382,55,22,0.9166666666666666,188,39,372,78,2.648533284664154,8.59651826309352,0.08670113
96.8999998781728,0.684772125359553,0.7662241616246923,55,20,0.8333333333333334,181,37,359,76,2.6034408807754517,8.485149416321685,0.10676451
96.94999987800108,0.4292324894536597,0.4592176562989789,67,23,0.9166666666666666,183,38,362,77,2.5646474957466125,8.564290157598782,0.112150446
96.99999987782938,0.5529526169157064,0.5753941680806912,55,21,0.875,184,40,367,80,2.4577704071998596,8.716346450922563,0.09026648
97.04999987765768,0.5408083890063096,0.5432324980424631,54,22,0.9166666666666666,196,42,370,78,2.531948983669281,8.887658753103258,0.08347447
97.09999987748596,0.6865817882622195,0.5767912186150973,58,23,0.875,185,38,358,77,2.62121319770813,9.369267835587465,0.1256659
97.14999987731424,0.629441149540902,0.7786633198958092,60,22,0.875,192,38,365,77,2.5767552852630615,8.844702851417487,0.10540011
97.19999987714252,0.7339237518320239,0.5835987650048204,54,21,0.875,192,39,365,76,2.6309773325920105,9.37315634306553,0.13708779
97.24999987697082,1.0260761375215768,0.5264631040935468,51,20,0.7916666666666666,184,37,347,75,2.502138614654541,9.262016468892789,0.16005144
97.2999998767991,0.4536983077035179,0.5481905068381479,55,20,0.8333333333333334,187,38,366,80,2.594245672225952,8.263473258636793,0.13894536
97.34999987662741,0.9089528752964553,0.7715203408565259,55,20,0.8333333333333334,186,39,356,75,2.5757691264152527,8.345158374699286,0.13336661
97.39999987645568,0.6570405177902772,0.5622290921197599,55,23,0.9166666666666666,178,39,361,79,2.48311385512352,8.30113499516358,0.12868951
97.44999987628397,0.23478025858857052,0.6204642613965748,63,22,0.875,201,40,366,79,2.6364022493362427,7.758266594850225,0.07447531
97.49999987611226,0.5079053496233625,0.6401480645574399,61,21,0.7916666666666666,189,39,366,77,2.5511667132377625,7.573093345566324,0.072707765
97.54999987594054,0.403018622738719,0.7639441872515238,60,22,0.875,185,38,369,76,2.5253984332084656,7.401483270616547,0.06576524
97.59999987576884,0.36821444014566135,0.6662307653199567,59,21,0.875,186,41,363,76,2.5337958335876465,7.4159029283674105,0.058603767
97.64999987559712,0.4345034422321434,0.5214548608578569,58,20,0.8333333333333334,192,39,365,80,2.57261723279953,7.549493634008124,0.10685105
97.6999998754254,0.5474713429548664,0.5899380551233164,63,23,0.9166666666666666,184,38,367,80,2.5676172971725464,7.669916677144064,0.095649675
97.74999987525368,0.5704269874722725,0.5908052310705292,59,23,0.9166666666666666,190,39,364,78,2.5367453694343567,7.124747664091062,0.10090969
97.79999987508198,0.6449477932051829,0.6683598567251818,50,20,0.8333333333333334,184,39,360,78,2.60868638753891,7.528944578471508,0.12531245
97.84999987491027,0.7339463753263109,0.6964487347883817,58,22,0.875,188,38,358,79,2.588145434856415,7.937865117077294,0.12774919
97.89999987473855,0.5936905554075087,0.6904850206811672,59,21,0.875,181,37,361,80,2.5449052453041077,7.4198020380553675,0.073568225
97.94999987456684,0.5175228323482475,0.6843885054528132,50,24,0.9583333333333334,192,38,368,79,2.5037547945976257,8.395304030233408,0.16119473
97.99999987439512,0.5274915042440423,0.6041419188631756,49,21,0.875,181,38,357,79,2.559381127357483,8.256644593381841,0.18314242
98.04999987422342,0.5515255974552133,0.797262821266088,57,22,0.875,188,42,368,78,2.505224347114563,7.71535651413668,0.14372516
98.0999998740517,0.3512097859454103,0.6870848431146761,61,23,0.9166666666666666,191,40,372,79,2.520371973514557,7.800013125224758,0.075151995
98.14999987388,0.4636684127808683,0.7038360751784538,69,23,0.9166666666666666,197,39,372,77,2.547401487827301,7.022610783549883,0.043673526
98.19999987370828,0.438124028467773,0.6830347004774289,60,22,0.9166666666666666,188,39,371,78,2.476072758436203,7.577899489619897,0.07142439
98.24999987353657,0.8906343314155435,0.9024374182860371,55,20,0.8333333333333334,194,39,366,78,2.5396260619163513,8.055715149581326,0.09739471
98.29999987336485,0.6369308564023474,0.5125992091709293,52,23,0.875,188,39,367,80,2.4454332888126373,8.08011880623555,0.18725426
98.34999987319314,0.31791340254101097,0.4813306236266782,56,20,0.8333333333333334,186,40,356,78,2.530418038368225,7.680915984965937,0.115325905
98.39999987302144,0.40402104529820065,0.5235155418270736,56,21,0.875,193,38,358,75,2.6100093126296997,7.3612679639525425,0.08972548
98.44999987284972,0.4128824787018208,0.6822330814092926,51,22,0.9166666666666666,190,38,368,80,2.677990198135376,7.658452932479287,0.11269375
98.499999872678,0.5933787478817586,0.6094383666034856,53,21,0.875,188,38,368,80,2.549390494823456,7.632951500133656,0.112277515
98.54999987250628,0.4432841001600165,0.7477720986336411,52,20,0.8333333333333334,189,37,369,78,2.56296843290329,7.32839422766471,0.11403774
98.59999987233458,0.609269609771337,0.6385118018257129,60,22,0.9166666666666666,190,37,376,80,2.525806427001953,7.397712147286146,0.12736058
98.64999987216287,0.6900885978540195,0.7394735411312369,61,22,0.9166666666666666,187,38,369,80,2.574421465396881,7.409361048485303,0.08034422
98.69999987199117,0.7161321396071214,0.7870563630233729,56,23,0.9166666666666666,185,41,366,78,2.510032057762146,7.780399337868342,0.09999367
98.74999987181944,0.21410490933029283,0.5086239969322419,58,22,0.875,190,41,368,79,2.625916600227356,7.261989818798353,0.049429614
98.79999987164773,0.4795791508360736,0.6431987672211894,59,21,0.8333333333333334,191,39,367,79,2.630409598350525,7.484412645753062,0.09252376
98.849999871476,0.45772380705767807,0.5147574562595829,57,22,0.875,198,40,365,78,2.497173696756363,7.29362401298574,0.118393004
98.8999998713043,0.6429783305789248,0.5934372569069994,55,23,0.875,191,37,372,78,2.551221549510956,7.452909494448621,0.14444141
98.9499998711326,0.4248989800724534,0.5284688066589394,60,21,0.875,188,38,367,79,2.5764384865760803,7.186069349487996,0.1271967
98.99999987096088,0.5079798283547562,0.5655452689037671,62,21,0.8333333333333334,190,37,361,77,2.478959411382675,7.655583966767736,0.122926526
99.04999987078916,0.5902121462786771,0.5321730287454388,66,23,0.9166666666666666,190,40,364,78,2.617885172367096,7.11398283500583,0.13149881
99.09999987061744,0.6911319613609908,0.6266458553011178,56,21,0.8333333333333334,185,37,358,77,2.5527429580688477,7.828129436856921,0.15604919
99.14999987044574,0.4761733806946318,0.5552669096839511,56,22,0.875,181,39,349,78,2.5079914927482605,7.755117040600421,0.15317436
99.19999987027404,0.4873080844367581,0.7076467534622786,57,21,0.875,193,37,367,77,2.551167607307434,7.925435258632492,0.111085184
99.24999987010231,0.3735792077828253,0.5805838910982151,57,23,0.9166666666666666,192,39,366,76,2.4890777468681335,7.420750470092825,0.1088365
99.2999998699306,0.49769193181861077,0.5706073619871674,54,22,0.875,184,38,359,77,2.584046423435211,7.677881029730775,0.118091814
99.34999986975888,0.5762977404168681,0.5621758601499508,56,21,0.8333333333333334,183,38,365,80,2.4902477860450745,7.954273143854227,0.13074668
99.39999986958718,0.41925424426026225,0.5505271234250713,62,21,0.875,184,39,372,78,2.6016804575920105,7.664379097715441,0.1085904
99.44999986941546,0.5450185292675613,0.5336698185233905,57,21,0.8333333333333334,182,38,359,79,2.4883021414279938,8.10656642780609,0.15298815
99.49999986924377,0.9319592234746349,0.8279513757049906,59,23,0.9166666666666666,186,39,362,78,2.58733332157135,8.092470180432239,0.115462475
99.54999986907204,0.5587457633991357,0.5256598500916372,56,22,0.9166666666666666,190,38,365,77,2.5676900148391724,7.881230048433974,0.13394944
99.59999986890033,0.43120196725200954,0.4993352523305932,56,22,0.9166666666666666,189,41,364,79,2.6177099347114563,7.819378231694092,0.12494144
99.6499998687286,0.4576306553436344,0.5562456957377846,67,23,0.9166666666666666,183,37,358,75,2.455897182226181,7.685704842864469,0.058217376
99.6999998685569,0.5804358123556383,0.5806416191530365,60,21,0.875,196,40,363,79,2.4347376823425293,8.14537650345355,0.0704231
99.7499998683852,0.5029073932556514,0.5036021994394136,57,21,0.875,185,38,359,79,2.5054317712783813,7.971420683161856,0.11865497
99.79999986821348,0.5067975080861049,0.6195076719777551,53,21,0.875,190,38,366,81,2.467159181833267,7.407376676227724,0.081463136
99.84999986804176,0.2132487855734358,0.5299473025701278,55,20,0.8333333333333334,186,39,358,78,2.613350749015808,7.370864633733847,0.09363632
99.89999986787004,0.9112937688066568,0.8040525984618749,60,21,0.875,189,38,361,77,2.6225546002388,7.51718697097334,0.09858717
99.94999986769834,0.626029304574484,0.6835538616794891,60,22,0.9166666666666666,193,39,371,81,2.5550663471221924,7.850984304171327,0.12138957
