time_ns,protein_core_rmsd_A,backbone_rmsd_A,ligand_pose_rmsd_A,ligand_internal_rmsd_A
0.0,0.0,0.0,0.0,0.0
0.05000000001018634,0.57318723,0.70433486,1.0230892,0.6188861
0.10000000002037268,0.5755953,0.7279975,0.76610553,0.41852486
0.15000000003055902,0.60503197,0.7848222,0.6872323,0.37025595
0.20000000004074536,0.59124124,0.74440503,0.6907272,0.41932458
0.2500000000509317,0.70344365,0.9025502,0.649916,0.44985518
0.30000000006111804,0.693948,0.97753614,0.6768423,0.47476277
0.3500000000713044,0.70171976,1.0186511,0.56938756,0.38113213
0.4000000000814907,0.7157162,1.0021598,0.76840013,0.4592001
0.45000000009167707,0.69803643,0.8733818,1.0394294,0.7593394
0.5000000001018634,0.6854281,0.93162096,0.88985014,0.78081167
0.5500000001120497,0.6469449,0.9093162,0.8299646,0.6223417
0.6000000001222361,0.65528446,0.8811301,0.65157866,0.33632654
0.6500000001324215,0.6166419,0.78497285,0.69700116,0.32428148
0.7000000001426079,0.6750796,0.8989084,0.92406905,0.6180558
0.7500000001527942,0.72857416,1.0106511,0.6572742,0.5046631
0.8000000001629806,0.7919938,1.0080631,0.8008919,0.35322788
0.8500000001731669,0.78501654,1.0466096,0.8980686,0.62776005
0.9000000001833532,0.7213386,0.9642545,0.6029964,0.26871058
0.9500000001935396,0.6650616,0.9110334,1.026561,0.27730918
1.000000000203726,0.6821699,0.97535855,0.8083643,0.40768653
1.0500000002139123,0.7796289,1.0875527,0.6863321,0.5327369
1.1000000002240986,0.7604336,0.9810084,0.78285885,0.5638794
1.150000000234285,0.79078025,1.0139527,0.6675685,0.3790864
1.2000000002444713,0.8299291,1.0582436,0.43210253,0.2788656
1.2500000002546576,0.8235753,1.0512909,0.806378,0.5625986
1.300000000264844,0.8175293,1.0222645,0.5470508,0.35911855
1.3500000002750303,0.80451727,1.0634052,0.7324958,0.48919684
1.4000000002852167,0.8296067,1.0314509,0.98151326,0.665846
1.450000000295403,0.8480853,1.087239,1.0634156,0.71061456
1.5000000003055893,0.7879257,1.0821098,0.9311025,0.6473403
1.5500000003157757,0.7755145,1.137403,1.0395683,0.67168176
1.600000000325962,0.8462817,1.138959,0.8534598,0.58746713
1.6500000003361501,0.77824485,1.1622503,0.38487095,0.25406992
1.700000000346333,0.79270303,1.1535351,0.6669274,0.5509467
1.750000000356521,0.7368959,1.1552608,0.66765046,0.5430294
1.8000000003667074,0.74639666,1.0728551,0.6421361,0.4891219
1.8500000003768937,0.77751064,1.1564816,0.5332239,0.44977364
1.90000000038708,0.8048272,1.2206485,0.78323054,0.4109068
1.9500000003972664,0.83869666,1.10336,0.511152,0.35474762
2.0000000004074545,0.8772487,1.20015,0.7143594,0.4887968
2.0500000004176373,0.82704425,1.0695963,0.5096691,0.36415607
2.1000000004278254,0.8757709,1.2202184,0.61979276,0.49603716
2.1500000004380118,0.8327819,1.1759527,0.76740116,0.58236253
2.200000000448198,0.7850015,1.1191386,0.8939186,0.6501559
2.250000000458386,0.87703973,1.0770017,0.8283994,0.6282974
2.300000000468569,0.91693336,1.2086384,0.66394395,0.5061002
2.350000000478757,0.89986116,1.1084365,0.9005718,0.5232098
2.4000000004889435,0.863927,1.2043629,0.73900133,0.54712534
2.45000000049913,0.86615014,1.2057786,0.59379005,0.5115069
2.500000000509316,0.84182453,1.0847174,0.789472,0.40401116
2.5500000005195025,0.8859855,1.1174464,0.68606406,0.44641203
2.6000000005296906,0.83476424,1.244786,0.65834486,0.42524266
2.6500000005398734,0.85113436,1.1863511,0.6093962,0.48972642
2.7000000005500615,0.89575505,1.1584958,0.9643941,0.7333611
2.750000000560248,0.8349264,1.1337826,0.6660701,0.480115
2.800000000570434,0.8570249,1.1701514,0.49635923,0.28557205
2.8500000005806223,0.9591625,1.1794758,0.5502009,0.43535805
2.900000000590805,0.8848257,1.2078332,0.72641104,0.42493778
2.950000000600993,0.8407695,1.082686,0.6733555,0.4638046
3.0000000006111796,0.85117763,1.1312647,0.67679,0.41270006
3.050000000621366,0.8535796,1.1040186,0.9127085,0.54509693
3.1000000006315522,0.8238613,1.0671797,0.63949287,0.44340563
3.1500000006417386,0.85263187,1.129066,0.6126094,0.48970148
3.200000000651925,0.8793289,1.1375407,0.7062006,0.3291093
3.2500000006621113,0.8202044,1.0633614,0.86299247,0.5948343
3.3000000006722976,0.80670804,1.1697987,0.78540385,0.522293
3.350000000682484,0.713315,1.0950223,0.7735816,0.55753386
3.4000000006926703,0.7549921,1.1248498,0.6233154,0.47274458
3.4500000007028584,0.7470671,1.1852069,0.74827904,0.43888238
3.500000000713041,0.6978619,1.09077,0.5381286,0.38106155
3.5500000007232293,0.72680223,1.1594322,0.5779241,0.4939673
3.6000000007334156,0.79554224,1.2844886,0.7312999,0.605816
3.650000000743602,0.826015,1.1837548,0.5971291,0.43674323
3.70000000075379,0.79264605,1.334977,1.4845998,1.0433258
3.750000000763973,0.82750076,1.3086997,0.67019516,0.4732306
3.800000000774161,0.82408834,1.2627338,0.65257,0.562742
3.8500000007843473,0.81763566,1.1192558,0.74980116,0.5274504
3.9000000007945337,0.8244621,1.1601442,0.72687495,0.5340526
3.95000000080472,0.85858697,1.1765314,0.8746409,0.4326084
4.000000000814906,0.85068965,1.1423234,1.047904,0.6836188
4.0500000008250945,0.86308503,1.1415157,0.53252244,0.48439458
4.100000000835277,0.85543895,1.092014,0.7180155,0.5447739
4.150000000845465,0.8153156,1.1802063,0.83748543,0.59513843
4.200000000855652,0.836498,1.2077398,0.74278855,0.49722868
4.250000000865838,0.82897973,1.1984318,0.60079885,0.45214868
4.300000000876026,0.91205406,1.2890766,0.8006417,0.5534885
4.350000000886209,0.8089581,1.3316159,0.8615984,0.6093055
4.400000000896397,0.7630765,1.217551,0.8712726,0.5641958
4.450000000906583,0.8743048,1.0970881,0.70117307,0.58349514
4.50000000091677,0.82095504,1.0798305,0.6872314,0.45207295
4.550000000926956,0.87885904,1.1952144,0.64796484,0.50370276
4.6000000009371425,0.8826986,1.1953928,0.6958639,0.42080897
4.650000000947331,0.81206393,1.0944886,0.7762695,0.5173253
4.700000000957513,0.94906455,1.228966,0.56258756,0.39581144
4.7500000009677015,0.9348748,1.300932,0.5627393,0.39046848
4.800000000977888,0.8555115,1.2579011,0.79963183,0.49060446
4.850000000988074,0.8821243,1.2210503,0.7819111,0.5350225
4.900000000998262,0.8813462,1.211347,0.9309277,0.6899104
4.950000001008445,0.91092354,1.2605643,0.7354367,0.58587486
5.000000001018633,0.9736345,1.3250779,0.8623057,0.6119286
5.0500000010288195,0.93074286,1.3357406,0.5594396,0.50884676
5.100000001039006,0.8965767,1.2255046,0.6687869,0.43611568
5.150000001049192,0.8776972,1.2239349,0.79468787,0.39679867
5.2000000010593785,0.93357116,1.2509539,0.57450163,0.41848397
5.250000001069565,0.91486514,1.1726726,0.9089633,0.512023
5.300000001079751,0.8886016,1.2196443,0.69332635,0.51784027
5.350000001089938,0.908631,1.170521,0.6474726,0.43816304
5.400000001100124,0.8593043,1.1604605,0.5456931,0.43859813
5.45000000111031,0.9109804,1.2357364,0.9323716,0.73104
5.500000001120498,0.8245221,1.1923459,0.99986744,0.50576663
5.550000001130681,0.8723989,1.2547688,0.68425035,0.4417702
5.600000001140869,0.8604482,1.0444958,0.8733003,0.6836939
5.650000001151056,0.9395821,1.1849104,0.63293034,0.5443473
5.700000001161242,0.82325155,1.1796391,0.84781414,0.47856417
5.75000000117143,0.8615569,1.271628,0.80023825,0.443367
5.800000001181615,0.90679634,1.196888,0.67293614,0.4786766
5.850000001191801,0.9559145,1.343591,0.8527806,0.66374207
5.900000001201987,0.93877757,1.3962401,0.79618394,0.53794414
5.950000001212174,0.8633524,1.3577353,0.83162856,0.5033337
6.00000000122236,0.88622415,1.4314358,0.8950401,0.55668676
6.050000001232546,0.8817757,1.3110659,1.0154871,0.54926646
6.1000000012427344,0.81306744,1.3726866,0.8651197,0.70628965
6.150000001252917,0.81654185,1.4632834,0.7164735,0.5410942
6.200000001263105,0.80038196,1.3555014,0.8875519,0.5194433
6.250000001273292,0.7903367,1.3765223,0.6512171,0.49673176
6.300000001283478,0.8315896,1.2372024,0.95099056,0.57273453
6.350000001293666,0.7907852,1.1865449,0.92875445,0.5681865
6.400000001303849,0.8224796,1.3320963,0.56959903,0.500801
6.450000001314037,0.8476074,1.3504189,0.8308717,0.48145264
6.500000001324223,0.83336025,1.5149713,0.90144396,0.5742865
6.55000000133441,0.8518338,1.2749552,0.5955471,0.44313526
6.600000001344596,0.8808658,1.3292216,0.5961494,0.46272248
6.650000001354782,0.7830037,1.3511667,0.6691319,0.44484812
6.7000000013649705,0.82798654,1.3692577,0.67212194,0.46758
6.750000001375153,0.8087105,1.2972027,0.60308105,0.4663861
6.800000001385341,0.8633628,1.4614624,0.74295884,0.50129884
6.850000001395528,0.85100853,1.4137883,0.5729149,0.46947974
6.900000001405714,0.8861929,1.320507,0.7387465,0.55128396
6.950000001415902,0.78704625,1.3344806,0.8974837,0.69490767
7.000000001426085,0.8684615,1.4152287,0.58473116,0.43527943
7.050000001436273,0.860698,1.4259217,0.7208271,0.4896565
7.1000000014464595,0.9099996,1.4290236,0.71223295,0.46842125
7.150000001456646,0.7978971,1.4273335,0.53941375,0.47246006
7.200000001466832,0.83737844,1.5342231,0.5004473,0.41670385
7.2500000014770185,0.8902342,1.5306587,0.8530663,0.5122856
7.300000001487205,0.8521595,1.3916659,0.63223946,0.51785916
7.350000001497391,0.8462524,1.3318202,0.6071085,0.42766815
7.4000000015075775,0.84878516,1.3037108,0.74164695,0.5601113
7.450000001517764,0.79529536,1.2569808,0.5582709,0.45219734
7.50000000152795,0.82507634,1.2760304,0.7072705,0.5007229
7.550000001538138,0.87704116,1.3375576,0.57908785,0.4755399
7.600000001548321,0.82009846,1.2977432,0.7629592,0.5056167
7.650000001558509,0.837404,1.4241614,0.73615605,0.55495775
7.700000001568696,0.8189258,1.3603629,0.83938414,0.4854787
7.750000001578882,0.8224266,1.2700949,0.72251886,0.51800555
7.80000000158907,0.8733654,1.3317995,0.64579093,0.47267735
7.850000001599255,0.84526956,1.250354,0.6082769,0.52092874
7.900000001609441,0.983136,1.4532973,0.5778314,0.41172123
7.950000001619627,0.8766526,1.3584125,0.54703844,0.4253404
8.000000001629813,0.85654557,1.351528,0.6504117,0.5188828
8.050000001639999,0.82818747,1.2939937,0.86834836,0.46709862
8.100000001650185,0.82383287,1.2780453,0.64903235,0.37526128
8.150000001660372,0.79981273,1.244307,0.52656496,0.37853125
8.200000001670556,0.8532535,1.2218875,0.9059906,0.44921333
8.250000001680746,0.8703829,1.2294061,0.87212396,0.54824156
8.300000001690933,0.80235213,1.1362548,0.7492113,0.52317715
8.350000001701119,0.8646182,1.1614889,0.78531635,0.49199808
8.400000001711305,0.8664375,1.2150018,0.66812605,0.46302888
8.450000001721488,0.8233625,1.217038,0.6570771,0.4743248
8.500000001731678,0.8501438,1.2543167,0.6779215,0.6258875
8.550000001741864,0.8338371,1.2312464,0.6421774,0.54983604
8.60000000175205,0.8962992,1.3061844,0.651801,0.49159035
8.650000001762237,0.93187207,1.2727636,0.70369506,0.45320207
8.700000001772423,0.9152036,1.2889004,0.92807263,0.52808976
8.75000000178261,0.90811026,1.1847315,0.76003623,0.3970328
8.800000001792792,0.8951211,1.3068526,0.628233,0.49519345
8.850000001802979,0.92182004,1.2516142,0.7001157,0.67781734
8.900000001813165,0.92375064,1.3560314,0.61563694,0.4823559
8.950000001823351,0.8569413,1.249342,0.95403856,0.49753845
9.000000001833538,0.8858791,1.2902619,1.1039971,0.60256195
9.050000001843724,0.86712146,1.2805068,0.71958816,0.5597094
9.10000000185391,0.8184456,1.1564908,0.65954375,0.42208546
9.150000001864097,0.9350518,1.358926,0.64685756,0.43961728
9.200000001874283,0.9149028,1.2470813,0.7038915,0.48737898
9.25000000188447,0.8795166,1.1991323,0.5634217,0.44062847
9.300000001894656,0.9209175,1.3148713,0.7504649,0.42073923
9.350000001904842,0.9198456,1.2703643,0.60000193,0.49987242
9.400000001915028,0.90443915,1.2029002,0.74272037,0.5129248
9.450000001925215,0.8484077,1.2171632,0.720985,0.57713234
9.500000001935401,0.86531436,1.1846414,0.77389014,0.50014144
9.550000001945588,0.94569474,1.3710549,0.84072644,0.4849647
9.600000001955774,0.90552366,1.2827196,0.7788652,0.4804154
9.65000000196596,0.7673467,1.1254901,0.6964162,0.45289442
9.700000001976147,0.8408034,1.1387868,0.81311584,0.57309306
9.750000001986333,0.81573486,1.1223812,0.63678193,0.5342449
9.80000000199652,0.8839451,1.2258812,0.76893437,0.6604773
9.850000002006706,0.9215686,1.2433692,0.6741148,0.4231501
9.900000002016892,0.9235618,1.2550288,0.6852163,0.44368678
9.950000002027078,0.9407165,1.3518724,0.8159151,0.5956354
10.000000002037265,0.9421133,1.4259075,0.6861807,0.50670856
10.050000002047451,0.86041504,1.2572668,0.64693475,0.45495763
10.100000002057637,0.91460836,1.2284621,0.5874886,0.50083524
10.150000002067824,0.9491273,1.3210458,0.6715609,0.503528
10.20000000207801,0.84580415,1.2386119,0.95614433,0.65962887
10.250000002088196,0.9119033,1.2925571,0.77864766,0.5642565
10.300000002098383,0.8260285,1.1810071,0.59482384,0.471766
10.350000002108569,0.8914,1.2763764,0.71548647,0.46050292
10.400000002118755,0.79267806,1.1369452,0.7610071,0.60222507
10.450000002128942,0.90226585,1.3554484,0.83881134,0.66224456
10.500000002139128,0.8823752,1.3542299,0.7257829,0.43128368
10.550000002149318,1.0260426,1.3576057,0.84562814,0.67859244
10.6000000021595,0.925928,1.2923199,0.8672433,0.5606524
10.65000000216969,0.82831824,1.1773436,0.5162722,0.3777164
10.700000002179873,0.8645361,1.1897014,0.7719866,0.54168135
10.75000000219006,0.88910997,1.2245821,0.682307,0.3948341
10.800000002200246,0.87221766,1.2029824,0.9618178,0.546168
10.850000002210432,0.9729258,1.2985218,0.9906825,0.3800206
10.900000002220619,0.8764854,1.2181569,1.0541465,0.7808367
10.950000002230805,0.9102244,1.1893961,0.88227654,0.51999384
11.000000002240991,0.95463187,1.3191038,0.6949338,0.48585132
11.050000002251178,0.89414245,1.238764,0.67180836,0.3803486
11.100000002261364,0.9392381,1.3637235,1.0991107,0.41655123
11.15000000227155,0.9139935,1.2147269,0.9238792,0.36474648
11.200000002281737,0.9275701,1.2679702,0.7684261,0.4498389
11.25000000229192,0.9301349,1.2701759,1.0140693,0.54700917
11.30000000230211,0.8868399,1.2528889,0.6818985,0.36658552
11.350000002312292,0.914696,1.2876235,0.8272606,0.45786685
11.400000002322482,0.88550544,1.2280811,0.78052014,0.5574769
11.450000002332668,0.84619606,1.3215758,0.8372413,0.44622573
11.500000002342851,0.9455598,1.3660692,0.89296114,0.5135251
11.550000002353041,0.87937725,1.1878653,0.6691891,0.54973817
11.600000002363227,0.92358685,1.2403187,0.8771152,0.52784896
11.650000002373414,0.851857,1.2043898,0.69944507,0.41103172
11.7000000023836,0.90097255,1.2381529,0.70119154,0.40911156
11.750000002393787,0.93963945,1.3611286,0.9643573,0.45251632
11.80000000240397,0.9517583,1.3436065,0.61950326,0.47444332
11.85000000241416,0.8907423,1.3485765,0.83308756,0.4770237
11.900000002424346,0.9475683,1.3424678,0.7072491,0.48014045
11.950000002434532,1.0058966,1.395653,0.56762046,0.5095767
12.000000002444722,0.9224801,1.3759195,0.64637697,0.41789922
12.050000002454905,0.93102956,1.3763345,0.763647,0.48414212
12.10000000246509,0.8923322,1.223451,0.7590358,0.5522457
12.15000000247528,0.9029347,1.2550056,0.68819815,0.4247018
12.200000002485464,0.86267614,1.2024436,0.72726834,0.53695226
12.25000000249565,0.9302994,1.2658488,0.735109,0.5072247
12.300000002505836,0.971461,1.3107276,0.61590844,0.44488662
12.350000002516023,0.96889067,1.3708693,0.6847234,0.49512926
12.400000002526209,0.98792124,1.2654119,0.5648335,0.4221666
12.450000002536395,0.94354683,1.2368275,0.64704466,0.43564442
12.500000002546582,0.8835515,1.2463275,0.6277735,0.44474366
12.550000002556768,0.9152945,1.26074,0.555612,0.46940163
12.600000002566958,0.909292,1.2360101,0.74628824,0.4761874
12.65000000257714,0.8706754,1.3939903,0.58676493,0.39894974
12.70000000258733,0.9327606,1.2708256,0.6686888,0.51392496
12.750000002597513,0.88801855,1.3147769,0.79672694,0.46025857
12.8000000026077,0.9195123,1.3155036,0.58925176,0.3754111
12.850000002617886,0.90733933,1.2446437,0.8095915,0.5396144
12.900000002628072,0.9608251,1.3480017,0.95532924,0.68608963
12.950000002638259,0.8903611,1.2560855,0.83557045,0.67775595
13.000000002648445,0.8587837,1.2584665,0.70038295,0.49879998
13.050000002658631,0.84558433,1.260059,0.62934697,0.38199094
13.100000002668818,0.83967984,1.2463602,0.6748377,0.5138203
13.150000002679004,0.9286686,1.4151978,0.72849506,0.54913735
13.20000000268919,0.94895303,1.3277031,0.86486614,0.56791097
13.250000002699377,0.92806613,1.2604862,0.79214543,0.5374303
13.30000000270956,0.86593276,1.3101938,0.7261001,0.58068895
13.35000000271975,0.82711136,1.2432973,0.7161191,0.5770519
13.400000002729932,0.9107809,1.2877619,0.5934649,0.53314984
13.450000002740122,0.9227601,1.2738819,0.6193227,0.41179252
13.500000002750308,0.9242535,1.2746289,0.81353873,0.48991615
13.550000002760491,0.9056282,1.2305092,0.86098695,0.54363704
13.600000002770681,0.8748097,1.262305,0.6972619,0.41893953
13.650000002780867,0.9724915,1.3211653,0.8180299,0.53438216
13.700000002791054,0.93771094,1.3911424,0.67878675,0.47343206
13.75000000280124,0.91104877,1.1943324,0.5560829,0.38560984
13.800000002811426,0.92763156,1.3226936,0.7061254,0.52196515
13.85000000282161,0.933231,1.2989452,0.9473893,0.4664805
13.9000000028318,0.90409225,1.2723489,0.98880583,0.41487482
13.950000002841985,0.96486396,1.3009491,1.0127231,0.5180858
14.000000002852172,0.92252994,1.3059306,0.71344465,0.5089381
14.050000002862362,0.9197552,1.3001492,0.6340071,0.50676167
14.100000002872545,0.96832216,1.3677859,0.6702546,0.43089795
14.15000000288273,0.9053935,1.2887206,0.80308664,0.5006008
14.20000000289292,0.9501836,1.3304669,0.97820723,0.51564926
14.250000002903104,0.9254768,1.3118474,0.60787416,0.48107666
14.30000000291329,0.991292,1.4967582,0.72498024,0.4398397
14.350000002923476,0.9083314,1.3697131,0.6203105,0.50560707
14.400000002933663,0.9668784,1.3931859,0.6712916,0.50068384
14.450000002943849,0.9898436,1.459543,0.51135284,0.4182911
14.500000002954035,1.0327325,1.4231417,0.6697519,0.45139635
14.550000002964222,0.9729871,1.4076023,0.65455174,0.45261353
14.600000002974408,0.96654546,1.3755269,0.89163727,0.5394557
14.650000002984598,1.0153549,1.4256798,1.090273,0.5193727
14.70000000299478,1.0794667,1.4406741,0.74046165,0.6028622
14.75000000300497,0.8850349,1.3288805,0.88593376,0.4663494
14.800000003015153,0.9589446,1.3100522,0.91245824,0.50451285
14.85000000302534,0.9203521,1.3326516,0.7307232,0.46628648
14.900000003035526,0.91616267,1.3019392,0.61758125,0.5388888
14.950000003045712,0.89987445,1.3039839,0.7961816,0.49783325
15.000000003055899,0.8837422,1.2792556,0.6684894,0.5145574
15.050000003066085,0.939807,1.3326128,0.6643826,0.42061716
15.100000003076271,0.94747835,1.2236391,0.8308867,0.5939539
15.150000003086458,0.94328535,1.1796553,0.42652977,0.41391882
15.200000003096644,0.9781268,1.2851603,0.6993314,0.6178144
15.25000000310683,0.8522947,1.1704121,0.6300762,0.44241732
15.300000003117017,0.9512998,1.300879,0.7747865,0.4644158
15.3500000031272,0.82372004,1.1403077,0.6033366,0.4165806
15.40000000313739,0.87589294,1.1492711,0.7715235,0.44078934
15.450000003147572,0.9297054,1.2010846,0.6591712,0.5049102
15.500000003157762,1.018026,1.2420616,0.8128358,0.51375365
15.550000003167948,0.91241425,1.2215431,0.868631,0.44483167
15.600000003178131,0.9561672,1.2406989,0.90748364,0.55748564
15.650000003188321,0.9128594,1.254471,0.7304382,0.4141551
15.700000003198507,0.8910733,1.3553107,0.82168734,0.40851945
15.750000003208694,0.91213614,1.3194952,0.9742018,0.4973418
15.80000000321888,0.89371955,1.424016,0.823273,0.41840798
15.850000003229066,1.0049365,1.341802,1.0646745,0.50847656
15.90000000323925,0.8238517,1.2266145,0.8142323,0.4702032
15.95000000324944,0.916194,1.1757698,0.91495323,0.45254332
16.000000003259625,0.86096406,1.2112831,0.76345867,0.49907935
16.050000003269812,0.84784293,1.2372588,0.88085127,0.4648999
16.10000000328,0.8882403,1.2780362,0.9548995,0.5902411
16.150000003290184,0.9365666,1.319565,0.729792,0.46673203
16.20000000330037,0.86549354,1.2346767,0.9186191,0.61459213
16.25000000331056,0.8122384,1.1342149,0.93606657,0.41047212
16.300000003320744,0.91547436,1.3411683,1.0772617,0.44747347
16.35000000333093,0.95688236,1.2702411,0.77829385,0.43462726
16.400000003341116,0.8394328,1.1887747,0.8052024,0.48123926
16.450000003351303,0.97598565,1.3131795,1.0588382,0.47247556
16.50000000336149,0.95330364,1.2416788,1.0733231,0.5108755
16.550000003371675,0.9498966,1.3147256,0.910415,0.6363642
16.60000000338186,0.92344034,1.2012353,1.1061552,0.6289625
16.650000003392048,0.91831976,1.2098125,0.8270431,0.61497
16.700000003402238,0.96154183,1.2626733,0.8058726,0.29189005
16.75000000341242,0.96956515,1.302449,0.6835518,0.4052621
16.80000000342261,0.9553988,1.3075511,0.90015715,0.30761817
16.850000003432793,0.882813,1.344615,0.8694976,0.37226483
16.90000000344298,0.92449313,1.270818,0.9348383,0.4229825
16.950000003453166,0.90780616,1.2496773,0.9020895,0.40030208
17.000000003463352,0.902925,1.2115064,1.0510509,0.41173905
17.05000000347354,0.9213036,1.2862713,1.010459,0.4072124
17.100000003483725,0.9040337,1.2621028,0.86175317,0.4715482
17.15000000349391,0.9339808,1.2539372,0.8431805,0.4626115
17.200000003504098,0.9305275,1.2907903,0.9182959,0.5087266
17.250000003514284,0.98886466,1.3094912,0.9037427,0.4864147
17.30000000352447,0.923005,1.2001953,0.8024115,0.32880455
17.350000003534657,0.90350336,1.2085189,0.9708863,0.4000882
17.40000000354484,0.84605885,1.264916,0.83389693,0.5717175
17.45000000355503,0.91342986,1.2897851,0.7379529,0.48329282
17.500000003565212,0.9333427,1.2298126,0.9717295,0.3882578
17.550000003575402,1.0020803,1.3370336,0.97555256,0.3300664
17.60000000358559,0.8047731,1.2375338,0.97294474,0.33086556
17.650000003595775,0.93438566,1.2518317,0.8972612,0.51448613
17.70000000360596,0.84573025,1.0901437,0.7451946,0.3948155
17.750000003616144,0.84495836,1.1400942,0.8235645,0.56950617
17.800000003626334,0.917368,1.252039,0.91868687,0.31514153
17.85000000363652,0.90676737,1.243476,1.039324,0.3228077
17.900000003646706,0.93879753,1.3066537,0.9331831,0.5054765
17.95000000365689,0.9052933,1.2203442,1.0015044,0.5499116
18.00000000366708,0.9222242,1.2758241,0.7559135,0.41981995
18.050000003677265,0.98446774,1.267038,0.9108894,0.6551428
18.10000000368745,1.0067556,1.3625681,0.9549201,0.47271356
18.15000000369764,0.93231076,1.2269087,1.0961976,0.5167578
18.200000003707824,0.8905318,1.2729435,0.88146394,0.48172683
18.25000000371801,0.8754995,1.2354566,0.7830237,0.46392056
18.3000000037282,0.9577806,1.2034453,0.8467736,0.57212794
18.350000003738383,0.97666794,1.1694744,0.67108226,0.4907988
18.40000000374857,0.95672405,1.253684,0.7959855,0.38580638
18.450000003758756,0.92368317,1.2587984,0.91590786,0.50307614
18.500000003768942,0.905609,1.2971908,0.80107987,0.42810822
18.55000000377913,0.90217876,1.2857586,0.9616041,0.5074223
18.600000003789315,0.99271387,1.2941799,0.73751205,0.5358217
18.6500000037995,0.92277205,1.2669675,0.7088823,0.48105124
18.700000003809688,0.88499427,1.2761719,1.008066,0.52320516
18.750000003819878,0.92109746,1.4692551,0.70300245,0.5489325
18.80000000383006,0.9422405,1.4164859,0.7130974,0.5109377
18.85000000384025,0.8985001,1.2820553,0.64934546,0.46310812
18.900000003850433,0.943925,1.315366,0.9541284,0.3580479
18.95000000386062,0.9891908,1.3459637,1.0473568,0.5165211
19.000000003870806,0.98919463,1.5542643,0.7872741,0.4803187
19.050000003880992,0.92568225,1.4887419,1.0206527,0.7204432
19.10000000389118,0.9459767,1.4681902,1.0166829,0.7673608
19.150000003901365,0.9052038,1.4081329,0.8280064,0.5877085
19.20000000391155,0.8533195,1.3905308,0.85137,0.69555485
19.250000003921738,0.9431225,1.4832164,1.028334,0.7243124
19.300000003931924,0.95889235,1.580397,0.8547682,0.6428978
19.35000000394211,0.878497,1.581001,0.7934984,0.5213042
19.400000003952297,0.8922639,1.455763,0.867748,0.73548865
19.45000000396248,0.80567,1.5799296,0.8059722,0.6088478
19.50000000397267,0.8502657,1.2900292,0.87691724,0.5071234
19.550000003982852,0.8752669,1.3143307,0.8039255,0.47300833
19.600000003993042,0.94563425,1.4622499,1.2382073,0.4911624
19.65000000400323,0.8729538,1.4173326,0.75349426,0.5437315
19.700000004013415,0.97936106,1.4189656,1.0401115,0.47477308
19.7500000040236,0.9385637,1.3521438,1.0363699,0.55434936
19.800000004033784,0.9707506,1.3929261,0.7254627,0.39261067
19.850000004043974,0.9720268,1.3713174,0.95018494,0.47602814
19.90000000405416,0.93131447,1.2667679,0.77078575,0.58591664
19.950000004064346,0.93896484,1.3329501,0.8028602,0.41533428
20.000000004074533,0.91398954,1.3592507,0.8811253,0.4528404
20.050000004084723,0.8633498,1.2876031,0.5541443,0.4446502
20.100000004094905,0.96425307,1.4188454,0.83219284,0.5773314
20.15000000410509,0.9080173,1.4035039,1.1000009,0.590618
20.20000000411528,0.894405,1.3808559,0.99268407,0.46228898
20.250000004125464,0.8966482,1.4242541,0.67564905,0.45103863
20.30000000413565,0.8368137,1.4798388,0.7714995,0.45458663
20.35000000414584,0.89251125,1.3526713,0.6874658,0.53594947
20.400000004156023,0.8217353,1.3535963,0.94115114,0.40024096
20.45000000416621,0.8395482,1.2772772,0.6266472,0.48885685
20.500000004176396,0.90936947,1.2218249,0.6955483,0.49862343
20.550000004186582,0.8762274,1.291424,0.99432474,0.5984941
20.60000000419677,0.8827394,1.2823619,0.87528765,0.49974525
20.650000004206955,0.89238024,1.2055156,0.58837044,0.5054958
20.70000000421714,0.90536505,1.2008743,0.92839485,0.43207675
20.750000004227328,0.9115446,1.264587,0.8721489,0.42358333
20.800000004237518,0.8047616,1.1614058,0.7791053,0.5616764
20.8500000042477,0.94828546,1.2749002,0.99281526,0.48561975
20.90000000425789,0.9088582,1.2377473,0.92381054,0.49035016
20.950000004268073,0.87228537,1.233952,0.8969557,0.39352512
21.00000000427826,0.9107975,1.24561,0.8612215,0.40241617
21.050000004288446,0.8769392,1.3206978,0.8059554,0.49912834
21.100000004298632,0.9448024,1.3249308,0.9448952,0.4915804
21.15000000430882,0.9308772,1.2937508,0.86908686,0.5131393
21.200000004319005,0.912706,1.2679291,0.8271142,0.4972828
21.25000000432919,0.9285203,1.2032281,0.8596138,0.39113796
21.300000004339378,0.92215747,1.2226104,0.8983064,0.4733184
21.350000004349564,0.84173286,1.2045561,0.8151609,0.4463901
21.40000000435975,0.90197897,1.2644114,0.9771918,0.42542088
21.450000004369937,0.8999652,1.1785377,0.68785787,0.5097254
21.50000000438012,0.88489676,1.220601,1.0748451,0.42269334
21.55000000439031,0.8783214,1.2583103,1.1209072,0.557139
21.600000004400492,0.9180746,1.3372291,0.9675041,0.48822615
21.650000004410682,0.9636533,1.293736,0.80887365,0.42040783
21.70000000442087,0.8863369,1.2306033,1.0103953,0.43196353
21.750000004431055,0.8887624,1.4595401,1.0009011,0.5098454
21.80000000444124,0.9835153,1.3548697,0.9536045,0.4591042
21.850000004451424,0.8902722,1.3512899,0.8676291,0.3909629
21.900000004461614,0.92882276,1.2909173,1.2750005,0.53886616
21.9500000044718,0.89744157,1.1999873,0.8617887,0.4663494
22.000000004481986,0.93543506,1.1883937,0.7359638,0.4992655
22.050000004492173,0.9267953,1.3538947,1.0394431,0.46582475
22.100000004502363,0.92419803,1.501584,1.0375613,0.5472147
22.150000004512545,0.95203435,1.430296,0.7483717,0.5836251
22.20000000452273,0.92281175,1.2620947,0.82448256,0.53213984
22.25000000453292,0.87732255,1.2084981,0.72837484,0.657676
22.300000004543104,0.94201124,1.2445539,0.5743397,0.4358745
22.35000000455329,0.88427246,1.230136,0.7057154,0.6009202
22.40000000456348,0.8521091,1.2197181,0.6982085,0.48953664
22.450000004573663,0.9020679,1.2009413,0.9459888,0.72014105
22.50000000458385,0.94579965,1.1992439,0.6486154,0.43990082
22.550000004594036,0.9196001,1.2065923,0.82695746,0.5973858
22.600000004604222,0.94151324,1.2264926,0.8755063,0.4979462
22.65000000461441,0.9303793,1.2630179,0.64895284,0.5074416
22.700000004624595,1.0001196,1.2979529,0.8058735,0.46237355
22.75000000463478,0.9802468,1.2093444,0.8408792,0.5288255
22.800000004644968,0.96460634,1.3483891,0.9019596,0.43388963
22.850000004655158,0.86252904,1.226057,0.8991153,0.45656726
22.90000000466534,0.9345651,1.3346046,0.88011765,0.644444
22.95000000467553,0.86781925,1.272985,1.0028515,0.56202894
23.000000004685713,0.89840436,1.2848382,0.7840395,0.59106493
23.0500000046959,0.9520599,1.2896038,0.8120456,0.5465619
23.100000004706086,0.9349188,1.3185488,0.9299458,0.51982915
23.150000004716272,0.9004842,1.1975203,1.102085,0.59204054
23.20000000472646,0.9341073,1.3143777,0.69715714,0.49000597
23.250000004736645,0.8848063,1.3309553,0.86396694,0.45735922
23.30000000474683,0.9075021,1.2462054,0.6902111,0.46692058
23.350000004757018,0.8461549,1.2108866,0.82348436,0.64378345
23.400000004767204,0.85348415,1.2367294,0.8075469,0.5402756
23.45000000477739,0.8726465,1.2946075,0.9000563,0.4777408
23.500000004787577,0.87277603,1.290214,1.0000675,0.66308963
23.55000000479776,0.85952944,1.3012599,0.86650676,0.4924104
23.60000000480795,0.86021495,1.2920601,0.98162466,0.44799227
23.650000004818132,0.9251568,1.2726288,0.7493477,0.46287572
23.700000004828322,0.9607084,1.2485652,0.85967535,0.44530964
23.75000000483851,0.9627651,1.3108891,0.76851285,0.42758238
23.800000004848695,0.8670324,1.1970979,0.7374501,0.3886418
23.85000000485888,0.9161672,1.2133256,0.8204526,0.4924601
23.900000004869064,1.0047569,1.2906789,0.6386056,0.5321766
23.950000004879254,0.9299388,1.3125135,0.93116397,0.47528785
24.00000000488944,0.9098716,1.3242781,0.7921314,0.6365717
24.050000004899626,0.951562,1.2611018,0.90377593,0.64128304
24.100000004909813,0.9345422,1.2344218,0.69239026,0.5438214
24.150000004920003,0.9531932,1.2610961,0.5685171,0.50585365
24.200000004930185,0.94652224,1.2885954,0.6934344,0.50724876
24.25000000494037,0.9526111,1.3205124,0.6220282,0.5114591
24.30000000495056,1.0260882,1.4056467,0.89064145,0.6118886
24.350000004960744,0.9331768,1.2639619,0.75203586,0.65535927
24.40000000497093,0.99113166,1.2676579,0.6263358,0.48424816
24.45000000498112,0.9105125,1.1615484,0.9316286,0.49752373
24.500000004991303,0.8974624,1.2577782,0.6431311,0.5522014
24.55000000500149,0.8833556,1.1028235,0.84640586,0.68965876
24.600000005011676,1.0099261,1.3141226,0.9183604,0.5587781
24.650000005021862,0.9221223,1.3418621,0.6994706,0.54101735
24.70000000503205,0.9994441,1.4298499,0.6244257,0.44424856
24.75000000504224,0.9129591,1.2506618,0.76730007,0.43127236
24.80000000505242,0.9081782,1.4341904,0.7793731,0.46087977
24.850000005062608,0.91480434,1.4207338,0.9384099,0.47088918
24.900000005072798,0.95420724,1.2862338,0.8490061,0.5963903
24.95000000508298,0.930186,1.2945368,0.9424222,0.55604947
25.00000000509317,0.9023302,1.2760704,0.59473443,0.5377669
25.050000005103353,0.9107133,1.3342434,0.6998605,0.5509778
25.10000000511354,0.9422666,1.2590932,0.75726855,0.45770663
25.150000005123726,0.8858777,1.3329531,0.8673796,0.6921928
25.200000005133912,0.9521657,1.3785801,0.6877074,0.55143476
25.250000005144095,0.94343066,1.3550496,0.62730783,0.5380078
25.30000000515428,1.0064377,1.3536737,0.90947443,0.5488434
25.350000005164468,0.91979873,1.3871319,0.9987153,0.7400065
25.400000005174654,0.97192854,1.4758505,0.78897846,0.5783344
25.45000000518484,0.94921654,1.3631418,0.80492055,0.40089417
25.500000005195027,0.9603753,1.3732693,0.75562644,0.6875316
25.550000005205213,0.9103991,1.2986808,0.9813166,0.49303576
25.6000000052154,0.9281591,1.2752678,0.7555896,0.5685952
25.650000005225586,0.9345846,1.3963969,0.7247499,0.45881653
25.700000005235772,0.9376028,1.3948178,0.8122151,0.57741195
25.75000000524596,0.9269497,1.4313545,0.6801874,0.5817071
25.800000005256145,0.8882943,1.2541913,0.698162,0.49864796
25.85000000526633,0.9637556,1.3352209,0.96755767,0.6566267
25.900000005276517,0.9839393,1.2773055,1.1377857,0.6793452
25.950000005286704,0.91568434,1.2202933,0.91141593,0.7143966
26.00000000529689,0.8753988,1.1825975,0.961233,0.4391776
26.050000005307076,0.9290662,1.2655963,0.69505143,0.43906623
26.100000005317263,0.9041219,1.3098004,0.6941065,0.47413397
26.15000000532745,0.8815279,1.2444336,0.76950693,0.50537485
26.200000005337635,0.9197014,1.2691903,0.751531,0.62521905
26.25000000534782,0.89969766,1.2302418,0.8250445,0.5660867
26.300000005358008,0.8666147,1.171344,0.7131696,0.52234447
26.350000005368194,0.85702467,1.1508225,0.6971184,0.47854882
26.40000000537838,0.88508666,1.2871878,0.6765822,0.49342245
26.450000005388567,0.85920924,1.2022929,0.7724862,0.5785923
26.500000005398753,0.8555056,1.2056869,0.69204664,0.5570556
26.55000000540894,0.84093106,1.227459,0.86229736,0.5151796
26.600000005419126,0.8554088,1.2258523,0.73719704,0.4762541
26.650000005429312,0.8950186,1.2710994,0.74098957,0.48890185
26.7000000054395,0.84152347,1.1815435,0.79556346,0.45904565
26.750000005449685,0.89723825,1.2366991,0.6903645,0.5295233
26.80000000545987,0.9332316,1.2379172,0.8009976,0.48925185
26.850000005470058,0.905914,1.2086034,0.95339125,0.44423205
26.900000005480244,0.9272891,1.2371587,0.8510406,0.3943569
26.95000000549043,0.8902452,1.2685047,0.6829308,0.5543714
27.000000005500617,0.94432664,1.2915335,0.6121443,0.5354748
27.050000005510803,0.8536147,1.1926429,0.67231095,0.5544552
27.10000000552099,0.920933,1.2970454,0.7574736,0.5497515
27.150000005531176,0.8682467,1.2068572,0.62891036,0.53552496
27.200000005541362,0.8624382,1.2224649,0.7711789,0.47367477
27.25000000555155,0.94838476,1.2682345,0.9104005,0.71072114
27.300000005561735,0.9333228,1.2227085,0.82450247,0.4964954
27.35000000557192,0.93079454,1.2818335,0.78729206,0.47539073
27.400000005582108,0.84753424,1.2510854,0.7102135,0.5629983
27.450000005592294,0.88044894,1.2175825,0.6289345,0.5081543
27.50000000560248,0.89403915,1.2531157,0.7539085,0.48494455
27.550000005612667,0.9547604,1.2439456,0.73967063,0.5836586
27.600000005622853,0.8946169,1.2479113,0.7451937,0.54551846
27.65000000563304,0.8882873,1.2551583,0.6915957,0.5186141
27.700000005643226,0.8837455,1.2573819,0.7771024,0.5689348
27.750000005653412,0.97554314,1.3305614,0.56276166,0.4673289
27.8000000056636,0.9491557,1.3542663,0.7830678,0.34899348
27.850000005673785,0.9237271,1.3172896,0.71315324,0.4004914
27.90000000568397,0.96149534,1.2481812,0.6924248,0.44245604
27.950000005694164,0.9891815,1.2949011,0.6684807,0.5100707
28.000000005704344,0.9640126,1.2708144,0.9047196,0.52157617
28.05000000571453,0.9802886,1.2741225,0.7691955,0.4669625
28.100000005724716,0.9722424,1.4375037,0.9435667,0.4840209
28.150000005734903,0.97887945,1.282717,0.8283866,0.6568166
28.20000000574509,0.95910084,1.2807479,0.8482697,0.77127993
28.250000005755275,0.9662199,1.3197052,0.6743016,0.6127392
28.30000000576546,0.9734143,1.2591345,0.72760427,0.46303418
28.350000005775648,0.96039987,1.3206048,0.6397447,0.5781103
28.400000005785834,0.93670833,1.3405747,0.59715414,0.51647377
28.45000000579602,1.0442379,1.3138409,0.61888134,0.5147095
28.500000005806207,0.9877997,1.3006932,0.6792716,0.48896685
28.550000005816393,0.9038342,1.3070278,0.60341066,0.49940258
28.60000000582658,0.95033735,1.2815197,0.62622494,0.4343065
28.650000005836766,0.9464226,1.2971678,0.8938985,0.6665251
28.700000005846952,0.9837785,1.2842402,0.6340848,0.45000735
28.75000000585714,0.9456574,1.2877096,0.7568491,0.501172
28.800000005867332,0.9326366,1.2827243,0.8000529,0.7726294
28.85000000587751,0.9667185,1.27041,0.6905775,0.62557095
28.900000005887698,0.9186628,1.2593507,0.6940219,0.5018205
28.950000005897884,0.9378486,1.1898668,0.6892356,0.5336083
29.00000000590807,0.9435851,1.3118654,0.7141105,0.4806851
29.050000005918257,0.92235714,1.2418064,0.8077223,0.4563744
29.100000005928443,0.9179486,1.2629056,0.8150688,0.6294522
29.15000000593863,0.93415916,1.2612749,0.8486238,0.6070418
29.200000005948816,0.9772586,1.3608189,0.7568305,0.61057234
29.250000005959002,0.98979205,1.3168718,0.65565354,0.4883964
29.30000000596919,0.9417496,1.1934354,0.793111,0.498697
29.350000005979375,0.9859714,1.309226,0.70314974,0.42056486
29.40000000598956,0.92613375,1.2345612,0.61297286,0.3389411
29.450000005999748,0.9426609,1.2624159,0.88736904,0.6424488
29.500000006009934,0.9154072,1.2195759,0.65016186,0.4801252
29.55000000602012,0.90235835,1.3048573,0.7590333,0.6209964
29.600000006030314,0.94164634,1.3298416,0.62456787,0.5624247
29.650000006040493,1.0200555,1.3153038,0.5873444,0.4620297
29.70000000605068,0.93894684,1.2994022,0.70269877,0.39151293
29.750000006060873,0.96157753,1.3285602,0.82148874,0.41096628
29.800000006071052,0.96595144,1.3910749,0.6536485,0.2881464
29.85000000608124,0.96086687,1.2273934,0.65396017,0.39044344
29.900000006091425,0.9182275,1.3173459,0.66492385,0.4864599
29.95000000610161,0.87737375,1.1912093,0.65279895,0.545868
30.000000006111804,0.9250689,1.358471,0.5556531,0.4087528
30.050000006121984,0.91873294,1.3767565,0.9139868,0.77469647
30.10000000613217,0.9335358,1.3228908,0.82112134,0.6882496
30.150000006142363,0.87938374,1.2339188,0.79147816,0.47553477
30.200000006152543,0.93042946,1.3394737,0.61081034,0.5095767
30.25000000616273,0.8960717,1.2682819,0.8364504,0.5633066
30.300000006172915,0.85516244,1.2864056,0.8053211,0.5625682
30.3500000061831,0.8549297,1.2438931,0.7603173,0.4638204
30.400000006193288,0.9096008,1.2647796,0.80408037,0.49688435
30.450000006203474,0.9144816,1.2207942,0.7189903,0.5802255
30.50000000621366,0.89702076,1.2706106,0.6927341,0.55380654
30.550000006223847,0.8904278,1.2632324,0.7922456,0.4403953
30.600000006234033,0.8948852,1.2276386,0.8736427,0.50928867
30.65000000624422,0.9587533,1.2976868,0.6092689,0.53699785
30.700000006254406,0.9499754,1.2944038,0.7181655,0.5145622
30.750000006264592,0.9275756,1.2676528,0.80529916,0.3520074
30.80000000627478,0.862798,1.1700671,0.6652651,0.56207675
30.850000006284958,0.988293,1.2935147,0.626771,0.31030914
30.90000000629515,0.9523021,1.2706666,0.66591805,0.44659275
30.950000006305338,0.9149333,1.3246751,0.7552555,0.5226534
31.000000006315524,0.9404581,1.2852241,0.69742745,0.46932352
31.05000000632571,0.9060982,1.2823092,0.8141846,0.65627646
31.100000006335897,0.92015684,1.2667918,0.8105344,0.61129683
31.150000006346083,0.96594214,1.3687952,0.9083831,0.44210213
31.20000000635627,0.90226436,1.2723707,0.78446513,0.55561835
31.250000006366456,1.0110912,1.376224,1.0176705,0.41401926
31.300000006376642,0.94802207,1.2728404,0.68112206,0.5181047
31.35000000638683,0.9855681,1.3066155,0.75689137,0.51623696
31.400000006397008,0.979093,1.3171934,0.8552128,0.54249334
31.4500000064072,0.9914422,1.3671081,0.84956515,0.39384812
31.500000006417388,1.031757,1.3493286,0.6254187,0.37920249
31.550000006427574,0.99577254,1.3032165,0.8991652,0.5514525
31.60000000643776,0.95822185,1.353384,0.7989112,0.5062016
31.650000006447947,1.0138547,1.4088047,0.92359567,0.4237738
31.700000006458133,0.97454286,1.2898636,0.82806176,0.549667
31.75000000646832,0.97954977,1.4696937,0.894064,0.37980172
31.800000006478506,0.9814227,1.2977169,0.7178391,0.3854513
31.850000006488692,0.96264535,1.4652417,0.86449873,0.42264128
31.90000000649888,1.0076957,1.4067314,1.0361003,0.42523116
31.950000006509065,0.92737067,1.3934094,0.91441023,0.58565366
32.00000000651925,0.91680086,1.3943343,0.91837656,0.46644375
32.050000006529444,0.9667932,1.3912035,0.8994821,0.6121443
32.100000006539624,0.9237957,1.4230113,1.017708,0.39629304
32.15000000654981,0.9841819,1.3701128,0.68159527,0.60161567
32.20000000656,0.98228765,1.4023345,0.8136867,0.51821315
32.25000000657018,1.0171692,1.3912401,0.70560646,0.40655133
32.30000000658037,1.0205998,1.4544075,0.9521332,0.5158721
32.35000000659056,1.0302421,1.4680587,0.8801383,0.2918314
32.40000000660074,1.0243182,1.441591,0.8308386,0.588166
32.45000000661093,1.0069033,1.437604,0.6964415,0.4002959
32.500000006621114,0.9770387,1.472162,0.7594668,0.576191
32.5500000066313,0.92688984,1.3975478,0.9170667,0.39412743
32.60000000664149,1.0027527,1.4205382,0.8994142,0.57048863
32.65000000665167,0.98017263,1.3528199,0.78706276,0.5684705
32.70000000666186,1.0535918,1.4246166,0.80839837,0.5206189
32.750000006672046,1.0660385,1.5076644,0.84279954,0.62078375
32.80000000668223,1.0232949,1.4072155,0.6940416,0.41966265
32.85000000669242,0.99524283,1.5735371,0.7524775,0.38262415
32.90000000670261,1.0299258,1.5506862,0.8244264,0.3339699
32.95000000671279,0.9883937,1.4843817,0.7353917,0.46739694
33.00000000672298,0.95242095,1.479087,0.92151225,0.46565676
33.050000006733164,0.9371055,1.4179213,0.8694995,0.5998246
33.10000000674335,0.9946649,1.6068476,0.77825034,0.5586862
33.15000000675354,0.974934,1.6459954,0.46699777,0.23695865
33.20000000676372,1.081634,1.593476,0.8753714,0.55719167
33.25000000677391,0.9071251,1.5493383,0.86722785,0.422809
33.300000006784096,0.91973007,1.5004957,0.84291047,0.37619197
33.35000000679428,0.95378304,1.4872231,0.8412346,0.5277053
33.40000000680447,1.0434445,1.5481387,0.8731551,0.5989964
33.450000006814655,0.9427811,1.5117084,0.89186716,0.37796232
33.50000000682484,0.95723987,1.519544,0.7598302,0.47238237
33.55000000683503,0.9530992,1.4610196,0.7466289,0.49080876
33.600000006845214,0.9683956,1.5172428,0.8770212,0.54850465
33.6500000068554,0.9118079,1.4541179,0.9864717,0.6305662
33.700000006865594,0.8707697,1.5353782,0.75369716,0.59901685
33.75000000687577,0.89344215,1.5352025,0.9017559,0.7672301
33.80000000688596,1.0255181,1.8012753,1.0484625,0.66123575
33.85000000689615,0.99558467,1.6666073,0.720112,0.5562869
33.90000000690633,1.0449563,1.6842455,0.6872141,0.5115117
33.95000000691652,1.03391,1.6732477,0.94268626,0.4819603
34.000000006926705,0.9674611,1.5914642,0.8551508,0.69967
34.05000000693689,0.9472043,1.558392,0.76228166,0.5287839
34.100000006947084,0.9924352,1.6678603,0.8539527,0.7445954
34.150000006957264,0.98526233,1.6728181,0.7059076,0.40389615
34.20000000696745,1.0251818,1.6169481,0.76331675,0.5265038
34.25000000697764,1.0201396,1.6013033,0.647474,0.37206113
34.30000000698782,0.99272853,1.5163285,0.5877007,0.44268253
34.35000000699801,0.933458,1.5687368,0.9318291,0.5512618
34.400000007008195,0.9898618,1.4872341,0.742769,0.556634
34.45000000701838,1.0023704,1.6184675,0.64906055,0.36312047
34.50000000702857,0.9764695,1.5466267,0.73828614,0.5258206
34.550000007038754,0.9630506,1.5160697,0.7709611,0.47234094
34.60000000704894,0.9296409,1.5045464,0.6795835,0.5625334
34.65000000705913,0.9790622,1.522366,0.74394435,0.36376637
34.70000000706931,0.94544774,1.6318557,0.66694903,0.42587474
34.7500000070795,0.9356958,1.674731,0.9229549,0.466276
34.800000007089686,0.9669919,1.7362492,0.7576208,0.49222666
34.85000000709987,0.9970834,1.5626268,0.7035805,0.49259412
34.90000000711006,0.8944169,1.5338609,0.6571753,0.50077176
34.95000000712024,0.97353125,1.5575869,0.80554163,0.45604742
35.00000000713043,1.0136817,1.3113308,0.7051944,0.5103247
35.05000000714062,1.0032909,1.428728,0.7579138,0.57455903
35.100000007150804,1.0058354,1.4561344,0.6915296,0.48653033
35.15000000716099,0.89124316,1.406437,0.84271914,0.5996411
35.20000000717118,0.9466868,1.4873052,0.6719384,0.58156
35.25000000718136,1.0260894,1.5364891,0.90261763,0.5854574
35.30000000719155,0.983392,1.5061984,0.87794733,0.61164874
35.350000007201736,0.97435445,1.4920189,0.6080967,0.30044383
35.40000000721192,0.92341214,1.4969399,0.74840343,0.46153724
35.45000000722211,0.9400232,1.4474897,0.8435136,0.43984526
35.50000000723229,0.9640071,1.4913888,0.94039774,0.5052297
35.55000000724248,0.96044296,1.5577555,0.7619283,0.3973837
35.60000000725267,1.0188055,1.5821977,1.0137506,0.5985308
35.650000007262854,1.0298103,1.5254675,1.2973998,0.4266377
35.70000000727304,0.97633624,1.494022,0.9099237,0.58224916
35.75000000728323,0.9355914,1.4522563,0.46700436,0.33659548
35.80000000729341,0.9724945,1.5077752,0.7621059,0.41287187
35.8500000073036,1.0283173,1.4172444,0.8741696,0.47874808
35.900000007313785,1.0052123,1.4542141,0.81355965,0.4943681
35.95000000732397,0.99653953,1.4855814,0.93609804,0.5559395
36.00000000733416,0.98993766,1.4852679,0.7065431,0.45005083
36.050000007344345,0.96155393,1.3985629,0.7040442,0.46064627
36.10000000735453,0.94476455,1.4464076,0.9031415,0.5407099
36.150000007364724,0.9701335,1.4643223,0.8242018,0.36334935
36.2000000073749,0.9594783,1.4448434,0.79074615,0.38427585
36.25000000738509,1.0336785,1.5055119,0.9774243,0.4702812
36.30000000739528,1.0021559,1.4552778,0.6916669,0.44392917
36.35000000740546,0.98179036,1.4893638,0.81458753,0.48715818
36.40000000741565,0.9088239,1.3974844,0.71455234,0.45795766
36.45000000742584,0.93506604,1.3438168,0.73674726,0.5539743
36.50000000743602,0.94865143,1.3632376,0.84277594,0.45622435
36.55000000744621,0.9356883,1.3870676,0.9646534,0.44118857
36.600000007456394,0.9559951,1.429131,0.8425225,0.42343318
36.65000000746658,0.98145115,1.381802,0.6850677,0.42252555
36.70000000747677,1.0879414,1.541872,0.79377854,0.519043
36.75000000748695,0.9642954,1.331918,1.0815822,0.7015861
36.80000000749714,0.92107856,1.5614958,0.99103165,0.4937841
36.850000007507326,0.933171,1.4637368,0.6941873,0.4654834
36.90000000751751,0.89285254,1.5137314,0.70688593,0.49405143
36.9500000075277,0.9759116,1.4296777,0.8904835,0.60451484
37.00000000753789,0.92483115,1.4578193,0.8184279,0.36862767
37.05000000754807,1.0226406,1.5663892,0.9918717,0.35874382
37.10000000755826,1.0070785,1.4082979,0.761092,0.5372118
37.150000007568444,0.95654005,1.4177047,0.8079153,0.55328524
37.20000000757863,0.95736074,1.4073293,0.74435776,0.4287988
37.25000000758882,0.95859694,1.4529449,0.8046519,0.5584761
37.300000007599,0.93723214,1.4084649,0.9368768,0.59239155
37.35000000760919,0.97879595,1.4835508,1.0378957,0.46893775
37.400000007619376,0.97412956,1.4366715,0.85470885,0.48764482
37.45000000762956,1.0221874,1.4276524,0.8406457,0.5636711
37.50000000763975,0.99867904,1.4877849,0.747253,0.44219065
37.550000007649935,1.0136435,1.5287659,0.76445603,0.38707826
37.60000000766012,0.9249935,1.4652941,1.2688591,0.6080802
37.65000000767031,0.91618866,1.4443474,0.987621,0.6589204
37.700000007680494,0.9626121,1.3595926,0.72676253,0.50262874
37.75000000769068,0.9424126,1.4370941,0.73588645,0.47843638
37.80000000770087,1.0084369,1.4373622,0.8270005,0.42797112
37.85000000771105,1.009669,1.466258,0.9019072,0.58622956
37.90000000772124,1.0350282,1.5112437,0.8017975,0.54507005
37.950000007731425,1.0247732,1.5624869,0.7290912,0.5122092
38.00000000774161,1.0095866,1.4608886,0.8727073,0.5633327
38.0500000077518,0.99224836,1.5541625,0.9409219,0.62874866
38.100000007761984,0.931517,1.5065286,0.7775372,0.535027
38.15000000777217,1.0281459,1.5306058,0.80907416,0.58927083
38.200000007782364,0.96225864,1.4163631,0.7190841,0.5527148
38.25000000779254,0.91859114,1.5513489,0.7296032,0.4977743
38.30000000780273,1.0055269,1.5825303,0.63065976,0.5183547
38.35000000781292,0.9286997,1.3657678,0.7020757,0.543232
38.4000000078231,1.0069718,1.4568866,0.7187394,0.5254205
38.45000000783329,0.89071286,1.4365923,0.80105984,0.4872736
38.500000007843475,0.98092103,1.6083422,0.74389935,0.44591326
38.55000000785366,1.0112387,1.556174,0.85821897,0.6469208
38.60000000786385,0.9867818,1.5742855,0.6581759,0.36192656
38.650000007874034,1.0363297,1.6482509,0.74774384,0.39446232
38.70000000788422,1.0349021,1.5630264,0.84442085,0.44663107
38.75000000789441,1.0754066,1.4954556,0.7098705,0.6440644
38.80000000790459,1.0313464,1.5384889,0.7394853,0.5929485
38.85000000791478,1.0163412,1.628498,0.8614164,0.6481821
38.900000007924966,0.96104264,1.526674,0.60335106,0.48111734
38.95000000793515,1.0207711,1.4508789,0.7698899,0.49972567
39.00000000794534,0.9995328,1.4737219,0.829837,0.4863644
39.05000000795552,1.0464085,1.6177856,0.8306596,0.34666646
39.10000000796571,1.0107881,1.5540135,0.80227995,0.60599756
39.1500000079759,0.9987483,1.4814525,0.75809264,0.50113297
39.200000007986084,1.0433816,1.5426967,0.74842775,0.5666221
39.25000000799627,0.9634567,1.3962413,0.78521025,0.4696308
39.30000000800646,1.0259395,1.5168809,0.8444128,0.52944016
39.35000000801664,1.0299243,1.457615,0.6864014,0.39417708
39.40000000802683,0.98232037,1.4727151,0.773453,0.6700123
39.450000008037016,0.9934208,1.582389,0.8329418,0.4995446
39.5000000080472,1.020612,1.3922662,0.73989516,0.5495513
39.55000000805739,0.9344778,1.3812804,0.8146163,0.32118255
39.60000000806757,0.9457343,1.3683544,0.72887075,0.512548
39.65000000807776,0.9510907,1.5226089,0.8705871,0.58240455
39.70000000808795,0.9992887,1.4930921,0.6478931,0.45045817
39.750000008098134,0.98406994,1.396462,0.64695036,0.47124738
39.80000000810832,1.0387732,1.5020286,0.60443246,0.5028525
39.850000008118506,0.90211815,1.4059614,0.78613496,0.5088756
39.90000000812869,0.9968536,1.4393296,0.56767946,0.43816304
39.95000000813888,1.0077283,1.3966368,0.7272169,0.39665693
40.00000000814906,1.0290259,1.4273243,0.73355913,0.4678832
40.05000000815925,0.9775316,1.4168155,0.7708478,0.41398972
40.10000000816944,0.9610922,1.3812919,0.7415961,0.42895848
40.150000008179624,0.96922964,1.3775371,0.89655006,0.64150035
40.20000000818981,1.0487114,1.4684384,0.7191357,0.51448613
40.250000008200004,0.9693441,1.3847222,0.7709296,0.49844685
40.30000000821018,0.9882611,1.4642518,0.7547941,0.5814549
40.35000000822037,1.0384228,1.4406278,0.8830898,0.5466156
40.40000000823056,1.0295272,1.4964026,0.80286264,0.597705
40.45000000824074,0.9951717,1.5119736,0.796178,0.4689482
40.50000000825093,1.0212855,1.5385741,0.80211455,0.51549274
40.55000000826112,1.0465922,1.5087749,0.81289434,0.6984177
40.6000000082713,0.96591944,1.4193465,0.84519154,0.52649915
40.65000000828149,0.94634783,1.3915684,0.9413018,0.70337534
40.700000008291674,0.9629038,1.5897658,0.9088967,0.41623998
40.75000000830186,1.0316327,1.6433798,0.8462486,0.50437224
40.80000000831205,1.0031972,1.6615436,0.6732528,0.30761817
40.85000000832223,0.9507183,1.5923238,0.596055,0.4848084
40.90000000833242,0.99332464,1.5444062,0.7739748,0.6085787
40.950000008342606,0.9895366,1.5827339,0.8755976,0.42683828
41.00000000835279,1.0082014,1.5245595,0.7713996,0.5120564
41.05000000836298,0.96029496,1.5857389,0.7437893,0.5205531
41.10000000837317,0.99430716,1.5418679,0.6515645,0.38488623
41.15000000838335,1.012174,1.5563725,0.9463744,0.4905247
41.20000000839354,0.9621649,1.5612423,0.69293207,0.4305744
41.250000008403724,1.011096,1.5851905,0.9319682,0.63129485
41.30000000841391,1.001008,1.6296405,0.71603924,0.5706986
41.3500000084241,1.0099486,1.6810615,0.9383712,0.3446148
41.40000000843428,0.98950696,1.6950775,0.7506121,0.5257229
41.45000000844447,1.0508628,1.6407223,0.8762899,0.5835078
41.500000008454656,1.0171112,1.6045396,0.9379964,0.5963124
41.55000000846484,0.9961936,1.6973917,0.84593064,0.49780375
41.60000000847503,0.9646344,1.7052382,0.7271635,0.5842825
41.650000008485215,0.981565,1.8282316,0.9020529,0.42239243
41.7000000084954,1.0535231,1.7797956,0.7974429,0.37364826
41.750000008505594,1.0068091,1.7771671,0.7384127,0.39635473
41.800000008515774,1.0162839,1.9265828,0.777616,0.43927783
41.85000000852596,1.0429784,1.8896902,0.7735883,0.59023696
41.90000000853615,1.0406662,1.8890147,0.96917474,0.39209336
41.95000000854633,0.9932348,1.8762928,0.87784576,0.49836344
42.00000000855652,0.9574682,1.8231963,0.7559223,0.5600283
42.050000008566705,1.0175774,1.7128525,0.7367006,0.47139782
42.10000000857689,0.94016725,1.7980348,0.9865147,0.6196522
42.15000000858708,0.98068595,1.7013819,0.88806677,0.4318616
42.200000008597264,0.9681691,1.7270523,0.8557611,0.5394603
42.25000000860745,0.9723656,1.7998492,0.97298837,0.569562
42.300000008617644,1.0230811,1.6913558,0.8860589,0.4975925
42.35000000862782,1.0437398,1.661799,1.0967872,0.4933927
42.40000000863801,1.1028459,1.7861797,0.81736374,0.37504616
42.4500000086482,0.9356545,1.6574479,0.8801265,0.5065445
42.50000000865838,0.99900544,1.7551391,0.90143794,0.50291085
42.55000000866857,1.0717795,1.6431837,0.8451528,0.6722604
42.600000008678755,1.0210862,1.6413226,0.8241229,0.452916
42.65000000868894,1.0296146,1.586209,0.7644022,0.5931258
42.70000000869913,1.0421064,1.47962,0.89658165,0.5877168
42.750000008709314,1.0791477,1.5974872,1.0329897,0.5747122
42.8000000087195,0.96187925,1.5052321,0.896819,0.517434
42.85000000872969,0.9859169,1.503426,0.88268584,0.45247847
42.90000000873987,0.987665,1.5905415,0.8898598,0.4928919
42.95000000875006,1.0549611,1.6618824,0.920693,0.6572148
43.000000008760246,1.0320936,1.6527474,0.8086394,0.47910038
43.05000000877043,0.97613,1.5833615,0.7157711,0.37901545
43.10000000878062,1.0641108,1.5931534,0.8638803,0.4631662
43.1500000087908,1.0738175,1.5610422,0.80018353,0.5500939
43.20000000880099,1.0348052,1.5017802,0.86830986,0.5991924
43.25000000881118,0.9647903,1.4892945,0.6404451,0.47866124
43.300000008821364,1.040083,1.5355513,0.63387775,0.4138184
43.35000000883155,1.0374736,1.5712459,0.554034,0.42017514
43.40000000884174,1.0039486,1.6054933,0.8034326,0.5567658
43.45000000885192,0.9957635,1.5998579,0.8484776,0.4882412
43.50000000886211,0.98541194,1.6307877,0.85391974,0.4528404
43.550000008872296,0.97728854,1.6398944,0.8868486,0.4588645
43.60000000888248,1.0004781,1.67314,0.7499152,0.48989117
43.65000000889267,0.97942436,1.6909682,0.78043187,0.5355661
43.70000000890285,0.93389505,1.6074033,0.6970083,0.53749394
43.75000000891304,0.95240736,1.5925524,0.8478249,0.59522057
43.80000000892323,0.96699035,1.6355361,0.7898604,0.5150324
43.850000008933414,0.98085135,1.6589365,0.6383747,0.44879395
43.9000000089436,0.9913734,1.5561392,0.8827776,0.712285
43.950000008953786,1.0337427,1.6015391,0.78484786,0.54105806
44.00000000896397,1.024853,1.5709971,0.7108673,0.46701485
44.05000000897416,1.0271986,1.6191376,0.8526459,0.59332776
44.10000000898434,1.0612141,1.5812057,0.7989875,0.5199421
44.15000000899453,1.0133309,1.5021127,0.65556914,0.43544796
44.20000000900472,1.0262148,1.5451735,0.7688909,0.54321855
44.250000009014904,1.0908306,1.5584612,0.73689353,0.6004561
44.30000000902509,0.96937525,1.5355117,0.6985885,0.48506555
44.350000009035284,1.0268393,1.514237,0.8593384,0.48538804
44.40000000904546,1.1326652,1.6685742,0.8630809,0.58367956
44.45000000905565,1.0719842,1.6730876,0.7585988,0.44541395
44.50000000906584,1.0802236,1.5930921,0.8315699,0.64721936
44.55000000907602,1.0315746,1.6572304,0.70531106,0.31985506
44.60000000908621,1.0476117,1.6347986,0.9451962,0.694207
44.6500000090964,1.0715806,1.6194425,0.8214772,0.67710984
44.70000000910658,1.0500867,1.618398,0.7453763,0.64805
44.75000000911677,0.990355,1.6196797,0.7795692,0.4950008
44.800000009126954,0.9932092,1.5518463,0.73240644,0.49367017
44.85000000913714,1.0183003,1.620882,0.9610169,0.52227426
44.90000000914733,1.1018823,1.6649115,0.75468475,0.5067954
44.95000000915751,1.0269116,1.6645977,0.816209,0.5700384
45.0000000091677,1.046381,1.6093712,0.842142,0.6154033
45.050000009177886,0.9882528,1.5681088,0.62191606,0.476403
45.10000000918807,1.0209789,1.6055614,0.7479695,0.4875746
45.15000000919826,0.9590166,1.5332693,0.90068483,0.5898308
45.20000000920845,1.0550538,1.6106641,0.84863055,0.6260008
45.25000000921863,1.0139546,1.595799,0.85041946,0.43127236
45.30000000922882,1.0073621,1.5079975,0.8747956,0.5562078
45.350000009239004,1.0465624,1.6358434,0.65755993,0.4655412
45.40000000924919,0.94188714,1.5469052,0.78213835,0.5678076
45.45000000925938,0.97697234,1.5481167,0.70635223,0.4462367
45.50000000926956,0.96733123,1.5623927,0.77255493,0.41847813
45.55000000927975,1.0503964,1.600758,0.7587923,0.5633066
45.600000009289936,1.0147967,1.5495393,0.60668206,0.450876
45.65000000930012,1.0075046,1.6551058,0.7453361,0.42147094
45.70000000931031,1.0167485,1.6108352,0.72721565,0.590974
45.750000009320495,1.0461739,1.7070053,0.726869,0.4357062
45.80000000933068,0.9220463,1.5848309,0.72917116,0.54128844
45.850000009340874,1.0391469,1.7333539,0.80284685,0.56580585
45.900000009351054,1.0021744,1.6331674,0.6378489,0.50281847
45.95000000936124,1.0630705,1.6217713,0.7599938,0.5495825
46.00000000937143,1.0290426,1.6183085,0.7663833,0.6433275
46.05000000938161,1.0256089,1.6949229,0.6959245,0.50587785
46.1000000093918,1.0660598,1.736717,0.85608417,0.4500997
46.150000009401985,1.0802884,1.6213522,0.78325564,0.6148149
46.20000000941217,1.0757948,1.6510904,0.8019176,0.3565285
46.25000000942236,1.0247977,1.6442013,0.9374608,0.57906544
46.300000009432544,1.0437354,1.6857867,0.69801086,0.5231491
46.35000000944273,1.025347,1.6921991,0.76264644,0.48264983
46.400000009452924,1.0813652,1.6276445,0.7169008,0.3965151
46.4500000094631,1.1135668,1.714493,0.66688216,0.40873486
46.50000000947329,1.0685508,1.6093159,0.8562422,0.46781006
46.55000000948348,1.0105566,1.592914,0.71984315,0.51781666
46.60000000949366,0.95270526,1.5299006,0.9121204,0.54417205
46.65000000950385,1.0590063,1.6180228,0.88525033,0.49948093
46.700000009514035,1.0349821,1.6523969,0.91011477,0.5669629
46.75000000952422,1.0890825,1.7184203,0.7448635,0.4919931
46.80000000953441,1.0358675,1.6662831,0.9373429,0.66439384
46.850000009544594,1.0419542,1.6574692,0.8881266,0.6137162
46.90000000955478,1.0658333,1.5859163,0.7710415,0.45438215
46.95000000956497,1.1154925,1.590178,0.8324405,0.54518664
47.00000000957515,0.99661475,1.5466036,0.68238294,0.49515396
47.05000000958534,1.0246363,1.5592139,0.8853721,0.59593093
47.100000009595526,0.9924954,1.5871559,0.9829932,0.41962188
47.15000000960571,0.9977627,1.6132994,1.1630713,0.3269026
47.2000000096159,0.97509813,1.6206601,0.6975006,0.4839249
47.25000000962608,1.025134,1.6533875,0.7306176,0.599898
47.30000000963627,1.0914177,1.70242,0.8361583,0.41621062
47.35000000964646,0.99328566,1.5813917,0.7481648,0.54013526
47.400000009656644,1.0222263,1.5967317,0.9677435,0.4350041
47.45000000966683,1.0114025,1.5270398,0.8871541,0.50276494
47.50000000967702,1.0602571,1.7041676,0.8626083,0.67094237
47.5500000096872,1.0060399,1.7125202,0.91180825,0.42641413
47.60000000969739,1.0434785,1.6294501,0.7952673,0.44691023
47.650000009707576,1.041976,1.6853707,0.7686394,0.535123
47.70000000971776,0.9718696,1.5334094,0.72043306,0.5723031
47.75000000972795,0.9504334,1.6830556,0.7922953,0.5141153
47.800000009738135,0.92912686,1.5937089,0.81569344,0.35720682
47.85000000974832,1.0741575,1.6877021,0.8207482,0.4731014
47.90000000975851,0.9666945,1.665151,0.71670985,0.4345879
47.950000009768694,1.0229342,1.7231022,0.7834309,0.5965912
48.00000000977888,0.9980465,1.6573808,0.90198886,0.39596584
48.050000009789066,0.902429,1.6778045,0.6899501,0.4582779
48.10000000979925,0.9735194,1.6499544,0.78614384,0.516398
48.15000000980944,0.9803034,1.6116859,0.72584504,0.6127352
48.20000000981962,1.0065551,1.7852713,0.8754677,0.7646665
48.25000000982981,0.9498577,1.7357512,0.7402544,0.5387527
48.30000000984,0.9480509,1.6395937,0.8563585,0.6646109
48.350000009850184,0.9404984,1.7502618,0.8394852,0.4640734
48.40000000986037,0.9203082,1.9817024,0.734074,0.56419146
48.450000009870564,0.9270488,1.8807809,0.7411391,0.391313
48.50000000988074,0.8750193,1.8319584,0.6681237,0.5002783
48.55000000989093,0.93732834,1.9111369,0.865177,0.6461303
48.60000000990112,0.96395284,2.0356562,0.81338835,0.6494334
48.6500000099113,0.95071846,1.9888796,0.82335544,0.5785923
48.70000000992149,1.0127563,1.9744843,0.665085,0.48574564
48.75000000993168,1.0091882,1.8871944,0.63504314,0.4326536
48.80000000994186,1.0388281,1.7645354,0.66977453,0.3683025
48.85000000995205,1.0313301,1.7134769,0.59802824,0.34757522
48.900000009962234,1.0575955,1.766776,0.7588049,0.580137
48.95000000997242,1.0769974,1.7015576,0.7793694,0.45229468
49.00000000998261,1.061301,1.7442658,0.7846859,0.6161181
49.05000000999279,1.0000743,1.686111,0.67656827,0.5873131
49.10000001000298,1.0851595,1.6867645,0.904515,0.34217942
49.150000010013166,0.9640232,1.6557794,0.9819287,0.45138004
49.20000001002335,1.0080148,1.6740543,0.7737732,0.62727684
49.25000001003354,1.0444727,1.7233815,0.63156533,0.46769503
49.30000001004373,1.0825561,1.7238487,0.73796326,0.41591674
49.35000001005391,1.1272147,1.6929257,0.8691002,0.43729156
49.4000000100641,1.1171799,1.6231432,0.78556585,0.52589965
49.450000010074284,1.1601338,1.6261804,0.7419381,0.5054571
49.50000001008447,1.0363648,1.7122687,0.7272109,0.5721023
49.55000001009466,1.1237785,1.5850468,0.55292034,0.40307796
49.60000001010484,1.1008166,1.6994977,0.8054691,0.47937083
49.65000001011503,1.032835,1.6489444,0.74201703,0.46589822
49.700000010125216,1.0421063,1.7826624,0.78301257,0.35067108
49.7500000101354,1.0423905,1.584639,0.77624226,0.49769568
49.80000001014559,1.0744467,1.6054052,0.861058,0.557139
49.850000010155775,1.0059266,1.5020027,0.76220655,0.44616
49.90000001016596,0.96754044,1.5655826,0.70230246,0.4472603
49.950000010176154,0.9907162,1.5485387,0.9338963,0.45120668
50.000000010186334,1.0082067,1.5540981,0.7123959,0.40315685
50.05000001019652,0.98667985,1.511442,0.8074852,0.43023348
50.10000001020671,0.9532317,1.5295923,0.75449264,0.40450114
50.15000001021689,0.9173977,1.4935086,0.8037546,0.5153457
50.20000001022708,1.03945,1.532061,0.82222277,0.48220885
50.250000010237265,0.9938327,1.4497198,0.6265941,0.45593482
50.30000001024745,0.95822126,1.4700818,0.8453158,0.531243
50.35000001025764,1.021402,1.5346359,0.6954695,0.6042316
50.400000010267824,1.0138975,1.5339582,0.7395729,0.5241624
50.45000001027801,0.98608285,1.5319514,0.724025,0.6019651
50.500000010288204,1.0550385,1.5204889,0.78903204,0.6851516
50.55000001029838,0.92515916,1.5376601,0.67631936,0.53255785
50.60000001030857,0.96896875,1.5541373,0.8489131,0.5810173
50.65000001031876,0.9701797,1.6308241,0.7737706,0.5526042
50.70000001032894,0.9558822,1.5155047,0.6622919,0.39677405
50.75000001033913,0.9542383,1.6112672,0.6950865,0.50528777
50.800000010349315,0.9240838,1.4504511,0.79080874,0.5386301
50.8500000103595,0.88270617,1.4652643,0.53753597,0.36329553
50.90000001036969,0.91227466,1.3761603,0.8671465,0.73704636
50.950000010379874,0.91988516,1.4330916,0.57931215,0.47951874
51.00000001039006,1.004037,1.4572916,0.5902844,0.37533945
51.05000001040025,0.9795083,1.5626547,0.75491107,0.45474797
51.10000001041043,1.0277294,1.553755,0.9341889,0.61223614
51.15000001042062,0.88986105,1.5316945,0.72686183,0.48457628
51.200000010430806,0.9142704,1.5437852,0.7041596,0.4195519
51.25000001044099,0.9930462,1.6015261,0.7661906,0.42145932
51.30000001045118,0.9896283,1.5821028,0.6453445,0.31877524
51.35000001046136,0.95343447,1.6682373,0.7990444,0.5269773
51.40000001047155,1.062295,1.5537834,0.85307294,0.46350396
51.45000001048174,0.94576263,1.3827257,0.8331793,0.37393612
51.500000010491924,1.0032244,1.557269,0.7645837,0.44060624
51.55000001050211,0.9641559,1.4198691,1.010264,0.6123041
51.6000000105123,0.96376926,1.4556373,0.93983126,0.62181103
51.65000001052248,0.9200866,1.4398346,0.833177,0.5062692
51.70000001053267,1.0686214,1.4608418,0.69420755,0.46975577
51.75000001054285,0.90355754,1.3694035,0.6325382,0.3978265
51.80000001055304,1.0482748,1.4946574,0.8019757,0.56838876
51.85000001056323,0.999412,1.4115713,0.778706,0.5619636
51.900000010573414,0.9280432,1.432929,0.7394165,0.48053247
51.9500000105836,0.96607697,1.459296,0.96131265,0.601205
52.00000001059379,0.9335662,1.4095676,0.7010102,0.5330122
52.05000001060397,1.0033726,1.4567219,0.81696004,0.45123374
52.10000001061416,0.99385923,1.5004803,1.009902,0.428622
52.150000010624346,1.0890758,1.5387745,0.8820155,0.43908295
52.20000001063453,1.0699291,1.5677155,0.8686754,0.38985425
52.25000001064472,1.0527215,1.5428386,0.6919973,0.50571346
52.3000000106549,0.9848962,1.5145206,0.8787927,0.6586012
52.35000001066509,0.9901845,1.5656613,0.78430647,0.43588576
52.40000001067528,0.9854808,1.5331426,0.67560226,0.5352464
52.450000010685464,1.046681,1.492635,0.5968487,0.47808874
52.50000001069565,0.95978016,1.526387,0.7240584,0.43582404
52.550000010705844,1.0320117,1.463945,0.84973764,0.47939122
52.60000001071602,1.106177,1.4865925,0.8518567,0.39081275
52.65000001072621,1.0591202,1.5607965,0.8572676,0.5479337
52.7000000107364,1.098752,1.6165216,1.0423229,0.5451732
52.75000001074658,1.0686281,1.6001488,0.6902521,0.4733184
52.80000001075677,1.0775207,1.5754294,0.9914696,0.48896685
52.85000001076696,1.1695539,1.6567843,0.6319989,0.38702136
52.90000001077714,1.0601648,1.491965,0.6073697,0.47276014
52.95000001078733,1.0821877,1.5442946,0.8114504,0.43977854
53.000000010797514,1.0534973,1.5408313,0.874447,0.42869043
53.0500000108077,0.987385,1.5235796,0.8386488,0.56983244
53.10000001081789,1.0046829,1.4415102,0.87190366,0.62036604
53.15000001082807,0.98486555,1.4872153,0.6983229,0.51448137
53.20000001083826,0.95116735,1.4568586,0.69518447,0.44971928
53.250000010848446,1.0481228,1.5595663,0.9391904,0.54735774
53.30000001085863,0.9984321,1.5197408,0.9562832,0.50149393
53.35000001086882,0.96749973,1.4803712,0.7069086,0.4403509
53.40000001087901,1.0099118,1.5951377,0.737687,0.44848874
53.45000001088919,1.0691806,1.4969324,0.70437026,0.46165377
53.50000001089938,1.0562844,1.4694476,0.7763021,0.5346201
53.550000010909564,1.1188542,1.5101904,0.88236475,0.46168554
53.60000001091975,1.1158386,1.5983644,0.76160425,0.45774937
53.650000010929936,1.0216149,1.5061467,0.8031666,0.43579036
53.70000001094012,0.9781054,1.4314021,0.77206427,0.38690132
53.75000001095031,1.0322363,1.5087671,0.7567098,0.44169265
53.800000010960495,1.0077014,1.5413406,0.90066487,0.5311878
53.85000001097068,1.1120334,1.5823519,0.7741827,0.4359643
53.90000001098087,1.0564035,1.4586161,0.65642154,0.38070202
53.950000010991054,1.0224957,1.4457436,1.0180337,0.7214845
54.00000001100124,0.98651683,1.5264999,0.6625105,0.4035085
54.050000011011434,1.0395603,1.5337324,0.67751753,0.4573004
54.10000001102161,1.0364987,1.547745,0.85142946,0.56981957
54.1500000110318,0.982795,1.4114468,0.7931841,0.4109901
54.20000001104199,1.082593,1.5647274,0.8131867,0.48469737
54.25000001105217,1.0535532,1.506052,0.7914095,0.5373984
54.30000001106236,1.095123,1.4856939,0.7773116,0.5021128
54.350000011072545,1.0225575,1.4951688,0.6190946,0.44724935
54.40000001108273,1.0926187,1.6045377,0.8301796,0.5163175
54.45000001109292,1.0440961,1.4389764,0.74670017,0.39714363
54.500000011103104,1.0110236,1.5134524,0.8001251,0.42191744
54.55000001111329,0.9963076,1.4420698,0.74477583,0.51412
54.600000011123484,1.0491974,1.5050001,0.81670254,0.606784
54.65000001113366,1.0721998,1.461044,0.7785111,0.37792996
54.70000001114385,1.0391622,1.3745016,0.66981554,0.5030178
54.75000001115404,1.054649,1.459948,0.70820475,0.38839006
54.80000001116422,1.0510828,1.4496444,0.8713717,0.6233036
54.85000001117441,1.123841,1.462291,0.6592362,0.40334487
54.900000011184595,1.0931795,1.507778,0.7962081,0.5581125
54.95000001119478,1.1198771,1.5704976,0.74639237,0.39761746
55.00000001120497,1.1177559,1.5130515,0.6846719,0.37419763
55.050000011215154,1.1034757,1.5194547,0.6753988,0.51242876
55.10000001122534,1.0792211,1.5189371,0.797685,0.576174
55.15000001123553,1.1349615,1.5275818,0.7704179,0.36560363
55.20000001124571,0.97507167,1.6073539,0.7295715,0.50242925
55.2500000112559,1.1028762,1.624642,0.8965102,0.5858498
55.300000011266086,1.0861332,1.5925426,0.6797929,0.5035765
55.35000001127627,0.97976863,1.4505758,0.6280106,0.40154022
55.40000001128646,0.9980035,1.5142995,0.8080905,0.636564
55.45000001129664,1.0013784,1.5311992,0.82688457,0.7006829
55.50000001130683,1.0367621,1.4874153,0.8172348,0.50511354
55.55000001131702,1.0545641,1.6728486,0.7221952,0.48564494
55.600000011327204,1.0738435,1.6550117,0.79473364,0.41945285
55.65000001133739,1.0278709,1.5873823,0.6849617,0.46691537
55.700000011347576,1.0470605,1.5073042,0.79697716,0.48437947
55.75000001135776,1.098091,1.6003602,0.76592517,0.3992316
55.80000001136795,1.0352081,1.5177207,0.73604375,0.5505916
55.85000001137813,1.0095356,1.6413753,0.8250007,0.6044663
55.90000001138832,1.005607,1.5090277,0.7763838,0.34691328
55.95000001139851,0.9596132,1.4750638,0.768477,0.5813203
56.000000011408694,1.0795004,1.5206038,0.5246631,0.3749353
56.05000001141888,1.0510987,1.5180132,0.7308,0.5349859
56.10000001142907,0.9972039,1.5591896,1.0746942,0.6499039
56.15000001143925,1.0213485,1.5744147,0.8018863,0.38423127
56.20000001144944,1.0521971,1.5629978,0.97566074,0.538026
56.250000011459626,1.123707,1.8460106,0.9157128,0.4989421
56.30000001146981,1.0495099,1.6999382,0.707091,0.51469994
56.35000001148,1.0357456,1.6311074,0.91648126,0.4905297
56.40000001149018,1.0086662,1.6438686,0.7651998,0.4874392
56.45000001150037,0.980258,1.5579443,0.7817824,0.5663501
56.50000001151056,1.0292225,1.708249,0.7398421,0.51826507
56.550000011520744,1.0868332,1.7304581,0.85410506,0.5235369
56.60000001153093,0.9860882,1.5892003,0.7452312,0.40422902
56.650000011541124,0.9788924,1.5816414,0.9455131,0.54001755
56.7000000115513,1.0178819,1.5400432,0.68352306,0.46590346
56.75000001156149,0.97672796,1.5892415,0.79663426,0.61419016
56.80000001157168,0.9937724,1.6128439,0.7501929,0.5162085
56.85000001158186,1.0095259,1.7165294,0.77542615,0.47264633
56.90000001159205,1.0105195,1.5283936,1.003416,0.6046241
56.95000001160224,0.9815935,1.5107265,0.7084043,0.3485728
57.00000001161242,1.0002606,1.4814982,0.66755587,0.40082097
57.05000001162261,0.99190956,1.4223697,0.76706344,0.48396024
57.100000011632794,0.96765924,1.5128022,0.8205506,0.371377
57.15000001164298,1.0012363,1.4734797,0.9396206,0.36070836
57.20000001165317,0.9360212,1.4641495,0.84542036,0.4516238
57.25000001166335,0.9947279,1.5995001,0.8162973,0.5619376
57.30000001167354,0.96301687,1.5845585,0.8457744,0.3633157
57.350000011683726,1.0817875,1.5173783,0.8838692,0.4653363
57.40000001169391,1.0520283,1.5142363,0.89962476,0.52237725
57.4500000117041,1.0231297,1.487756,0.6271685,0.31584683
57.50000001171429,1.0639104,1.5175831,0.8268769,0.58206016
57.55000001172447,0.98537886,1.5608643,0.67008996,0.39770967
57.60000001173466,0.9835684,1.5295382,0.89649093,0.6617164
57.650000011744844,1.0364473,1.5152127,0.902214,0.6231898
57.70000001175503,1.0320722,1.5004978,0.8085859,0.55379325
57.750000011765216,1.023403,1.5966797,0.90216506,0.55504584
57.8000000117754,1.0723287,1.6148566,0.7358369,0.4741237
57.85000001178559,1.0395597,1.5508213,0.78601956,0.54783106
57.900000011795775,0.9797478,1.6169912,0.78222597,0.44793224
57.95000001180596,0.976375,1.5753105,0.7942835,0.5326359
58.00000001176521,0.99331826,1.5635362,0.7346833,0.45726296
58.0500000115935,1.0432328,1.5562925,0.68214566,0.47096705
58.100000011421784,1.034339,1.5167083,0.783531,0.5463113
58.15000001125007,0.96521485,1.4892452,1.012688,0.3967124
58.20000001107836,1.0100763,1.5402615,0.8402309,0.47303933
58.250000010906646,1.0044433,1.6649463,0.8275667,0.5920942
58.300000010734934,1.0407579,1.6375225,0.7462195,0.46713
58.35000001056322,1.0018922,1.5906079,0.6068378,0.37743792
58.40000001039151,0.96709126,1.4888853,0.89306533,0.6775466
58.450000010219796,0.9800649,1.5452793,0.7624555,0.49754336
58.50000001004808,1.0160472,1.6481572,0.9944814,0.59387976
58.55000000987637,1.0278959,1.5908735,0.96955884,0.4623947
58.60000000970466,1.0308461,1.632798,0.76911426,0.37325537
58.650000009532945,1.0064201,1.6124761,0.7712258,0.46701485
58.70000000936123,1.0009923,1.6138248,0.8325625,0.5264202
58.75000000918952,1.0662415,1.5919342,0.93970776,0.6132179
58.80000000901781,1.0926663,1.5467875,0.8409998,0.5691368
58.850000008846095,1.038978,1.5824888,0.7405342,0.53757584
58.90000000867438,1.021162,1.570349,0.82592994,0.39953166
58.95000000850267,1.042751,1.597604,0.82429045,0.68392634
59.00000000833096,1.0305564,1.589966,0.85118055,0.49714023
59.050000008159245,1.0695713,1.6339611,0.73199713,0.4577654
59.10000000798753,1.0487101,1.6237723,0.90378785,0.4798093
59.15000000781582,1.0005257,1.6205977,0.65323615,0.39540347
59.20000000764411,1.012569,1.6161423,1.103833,0.6661067
59.250000007472394,1.026689,1.5605451,0.75820065,0.4747525
59.30000000730068,1.0324523,1.5525334,0.70666903,0.56580585
59.35000000712897,0.99562377,1.5607094,0.8635318,0.5170511
59.40000000695726,1.0550628,1.6105855,0.7838676,0.5717859
59.450000006785544,1.0620639,1.5844042,0.8582686,0.42314434
59.50000000661383,1.0927879,1.5479186,0.81681126,0.5533427
59.55000000644212,1.0251106,1.5376121,0.7244829,0.44387412
59.600000006270406,1.0134573,1.6623857,0.6372189,0.5091446
59.65000000609869,1.0282054,1.5155126,0.8310595,0.5240505
59.70000000592698,1.1161225,1.6792219,0.6549627,0.48954162
59.75000000575527,1.053627,1.7304666,0.8096875,0.49841252
59.800000005583556,1.0338986,1.6138256,0.812078,0.5386528
59.85000000541184,0.97126514,1.6146221,0.8207565,0.51720715
59.90000000524013,1.0136731,1.6533024,0.7866527,0.37108058
59.95000000506842,1.0600816,1.5799159,1.0296167,0.80951595
60.000000004896705,1.0078769,1.5092177,0.6034034,0.32968092
60.05000000472499,1.0033376,1.5214206,0.65510416,0.4155991
60.10000000455328,1.0309896,1.5246879,0.68535435,0.5258857
60.15000000438157,1.0928618,1.607533,0.9016,0.56172425
60.200000004209855,1.0391151,1.5294217,0.6962129,0.49091834
60.25000000403814,0.99835837,1.5039326,0.77872765,0.48079193
60.30000000386643,1.0171303,1.5893954,0.6369781,0.44838512
60.35000000369472,1.1083938,1.5840526,0.83677065,0.5322593
60.400000003523004,1.0092325,1.4601969,0.8159498,0.54770607
60.45000000335129,1.090785,1.5423716,0.6921829,0.36639202
60.50000000317958,1.0950758,1.5002829,0.6002668,0.49048978
60.55000000300787,1.0878384,1.5530887,0.7445398,0.41747186
60.600000002836154,0.9691249,1.4982765,0.7784382,0.69675267
60.65000000266444,1.005661,1.5144163,0.71875167,0.5844332
60.70000000249273,0.984172,1.4684528,0.6525477,0.3684419
60.750000002321016,0.9907854,1.4462364,0.80698097,0.5915406
60.800000002149304,1.0796574,1.5097041,0.6935371,0.4744485
60.85000000197759,1.0333333,1.4085951,0.81624293,0.44116086
60.90000000180588,1.0387602,1.4931439,0.97118235,0.6770412
60.950000001634166,1.0269212,1.5162861,0.78735924,0.55454344
61.00000000146245,1.0341346,1.4970661,0.65537775,0.35711098
61.05000000129074,0.9999585,1.4729756,0.69177693,0.5012013
61.10000000111903,0.96764153,1.4199215,0.94175005,0.5503916
61.150000000947315,1.0175567,1.4705127,0.68056995,0.4643631
61.2000000007756,0.96400726,1.395721,0.83317757,0.45555922
61.25000000060389,1.0076084,1.4074076,0.7736322,0.47246006
61.30000000043218,0.9968145,1.4250301,0.8532232,0.46546763
61.350000000260465,0.95683926,1.4022518,0.70120883,0.48736897
61.40000000008875,0.97897077,1.4438725,0.7278889,0.3619401
61.44999999991704,0.963564,1.4222112,0.96889293,0.46872392
61.49999999974533,0.9857396,1.4480035,0.769791,0.5664278
61.549999999573615,1.0196056,1.457318,0.9737412,0.67597485
61.5999999994019,0.9344167,1.3780138,0.67735046,0.41740155
61.64999999923019,0.92546636,1.4324043,0.8705235,0.5157631
61.69999999905848,0.88605523,1.4413314,0.910981,0.70015216
61.749999998886764,0.947164,1.5087297,0.8744228,0.4655727
61.79999999871505,0.9488981,1.4694209,0.6415194,0.45003456
61.84999999854334,0.9349528,1.4729233,0.5898681,0.3664254
61.89999999837163,0.9327142,1.4772822,0.94664,0.5469957
61.949999998199914,0.98288983,1.4581782,0.80441,0.44474918
61.9999999980282,0.939089,1.4758024,0.73253083,0.604802
62.04999999785649,0.9873464,1.5022433,0.8150941,0.39373636
62.099999997684776,0.9054378,1.4018543,0.89832276,0.6043409
62.14999999751306,0.9460292,1.4460086,1.0697566,0.5831682
62.19999999734135,0.94124866,1.429507,0.8512867,0.5250853
62.24999999716964,0.92057586,1.4100629,0.8321813,0.4734579
62.299999996997926,0.9362439,1.5099654,0.936189,0.62503517
62.34999999682621,0.97471887,1.4847077,0.79264796,0.57469094
62.3999999966545,0.9584394,1.4493347,0.9495372,0.5028476
62.44999999648279,0.99338543,1.5193552,0.97803223,0.51482344
62.499999996311075,0.9513856,1.4903891,0.96503794,0.5760891
62.54999999613936,0.9000539,1.4827845,0.84377456,0.48713806
62.59999999596765,0.9661703,1.5866113,0.9849471,0.47910547
62.64999999579594,0.96640146,1.5191288,0.80759835,0.3664254
62.699999995624225,0.9786565,1.3800062,1.060885,0.4903153
62.74999999545251,0.94265294,1.3570105,0.7658286,0.4732461
62.7999999952808,0.9226618,1.4354093,1.0944172,0.3318913
62.84999999510909,0.9143876,1.4438046,0.9323582,0.49477848
62.899999994937374,0.93902534,1.4208488,0.8648538,0.30468684
62.94999999476566,0.97333443,1.4758732,0.92393094,0.5494445
62.99999999459395,0.9961741,1.4186001,0.8246333,0.45085967
63.04999999442224,1.0092647,1.4932582,0.8482069,0.41428494
63.099999994250524,0.9335756,1.5846293,0.94915354,0.40765053
63.14999999407881,1.0278432,1.5388579,1.1039609,0.6466675
63.1999999939071,1.0536778,1.4813893,0.9276709,0.38268164
63.249999993735386,0.9444886,1.413824,0.9876181,0.4968351
63.299999993563674,0.98204255,1.5887183,0.76697874,0.4894867
63.34999999339196,0.9784401,1.4809583,0.49446478,0.35186842
63.39999999322025,1.0166405,1.4708736,0.5687726,0.40348426
63.449999993048536,0.97837293,1.5429829,0.86173224,0.4283252
63.49999999287682,0.9874696,1.6126012,0.94018674,0.48413706
63.54999999270511,0.994955,1.6285822,0.69000655,0.4682437
63.5999999925334,1.0244857,1.5441347,0.73379004,0.39341328
63.649999992361685,1.1142124,1.6308472,0.96054924,0.5011915
63.69999999218997,1.0050732,1.5463365,0.7100815,0.44477668
63.74999999201826,1.0462488,1.5916095,0.39063573,0.35905722
63.79999999184655,1.0283251,1.4911811,1.0891484,0.6264304
63.849999991674835,0.99122536,1.4495552,0.86122656,0.5126387
63.89999999150312,1.0250626,1.4551661,0.82871133,0.4286562
63.94999999133141,1.0250778,1.5027366,0.868076,0.5122235
63.9999999911597,1.0949101,1.5372437,0.8081255,0.47306004
64.04999999098798,0.9693397,1.5385945,0.92226917,0.6080521
64.09999999081627,0.974494,1.4614923,0.85074216,0.44495806
64.14999999064456,0.98823965,1.3959192,0.7582682,0.46363056
64.19999999047285,0.9553593,1.4699371,0.70147884,0.51130605
64.24999999030113,0.9539744,1.4476252,0.7247407,0.5361729
64.29999999012942,1.0017674,1.5560024,0.7524847,0.58704656
64.34999998995771,0.9591839,1.5391688,0.85949206,0.56662637
64.399999989786,0.9578996,1.5047724,0.8851485,0.6555309
64.44999998961428,0.96966946,1.5198169,0.7267803,0.5142912
64.49999998944257,0.9762461,1.5371468,0.85012674,0.6529594
64.54999998927086,0.9698632,1.5288572,1.061546,0.6625732
64.59999998909915,1.025427,1.6774085,0.89519167,0.46325064
64.64999998892743,0.9799945,1.7169061,0.7938379,0.5334754
64.69999998875572,0.9862282,1.6846817,0.8683263,0.47039038
64.74999998858401,0.91676587,1.5925629,1.0150709,0.6127273
64.7999999884123,1.0775589,1.6741643,0.79098344,0.41677427
64.84999998824058,1.0341148,1.6705865,0.9145194,0.47502026
64.89999998806887,0.9577347,1.5466247,0.940558,0.5358217
64.94999998789716,1.0023799,1.6114079,0.7743379,0.42133746
64.99999998772545,1.0820647,1.6881,1.1190722,0.56662637
65.04999998755373,1.0289445,1.5555273,0.8911354,0.4622625
65.09999998738202,1.1361668,1.6267865,0.86791396,0.3187062
65.14999998721031,1.0746819,1.6039729,0.81668246,0.6211342
65.1999999870386,1.0265415,1.5418434,0.960272,0.4883213
65.24999998686688,1.0327374,1.6836679,0.9323439,0.631167
65.29999998669517,1.0816519,1.6918933,0.8626569,0.36415607
65.34999998652346,1.073067,1.6991173,1.1739804,0.44928408
65.39999998635174,1.0307364,1.6152124,1.0472561,0.5891132
65.44999998618003,1.0564281,1.706527,0.9145962,0.48774007
65.49999998600832,1.0585691,1.7067294,1.020286,0.7147045
65.5499999858366,1.0203624,1.875649,0.828886,0.5666911
65.5999999856649,1.0209911,1.8476062,1.0612823,0.598633
65.64999998549318,1.0035027,1.6726476,0.85576653,0.48991114
65.69999998532147,0.99033767,1.6859807,0.8695709,0.5461725
65.74999998514976,0.9959387,1.6393232,0.9652078,0.626161
65.79999998497804,1.028276,1.5498024,0.9660062,0.46697295
65.84999998480633,1.0700223,1.6596823,0.9351409,0.39901105
65.89999998463462,1.0240204,1.5027096,0.880273,0.3575011
65.9499999844629,1.0439613,1.6221306,1.0115671,0.43549284
65.9999999842912,1.0461509,1.5985535,1.4230814,0.44854325
66.04999998411948,1.0021727,1.5414928,0.9076113,0.39763594
66.09999998394777,1.0120808,1.6334352,1.3456124,0.5510665
66.14999998377606,0.9649893,1.6104685,1.0880195,0.46743357
66.19999998360434,0.9928082,1.7217412,0.8079528,0.5663501
66.24999998343263,0.9722015,1.8534969,0.7002372,0.47401536
66.29999998326092,0.96970946,1.8353798,0.75868315,0.5935503
66.3499999830892,1.0304378,1.7855109,1.0030851,0.5076825
66.39999998291749,1.068474,1.7485569,0.8501556,0.57040286
66.44999998274578,0.949187,1.7286708,0.77854425,0.5751503
66.49999998257407,0.98512673,1.7002248,0.7414932,0.548197
66.54999998240235,0.9578287,1.6660671,0.92928535,0.6077423
66.59999998223064,0.9726217,1.726842,0.9824457,0.52376574
66.64999998205893,0.92062485,1.7213513,0.81915176,0.38451758
66.69999998188722,0.99477005,1.7476857,0.7129633,0.42064044
66.7499999817155,0.9249375,1.8894286,0.88038135,0.52375174
66.79999998154379,0.9667562,1.768692,0.8657577,0.44445217
66.84999998137208,0.93826306,1.630786,0.9250953,0.44628054
66.89999998120037,1.0207222,1.6726027,0.9187192,0.4409502
66.94999998102865,0.9690141,1.7370993,1.03376,0.37552834
66.99999998085694,1.0006877,1.7285984,0.76035345,0.6666535
67.04999998068523,1.0430993,1.847654,1.0623337,0.43818536
67.09999998051352,1.0534863,1.9200612,0.8486577,0.6306592
67.1499999803418,0.94154865,1.9081435,0.8967118,0.424932
67.19999998017009,0.943593,1.9788935,0.78660154,0.44717824
67.24999997999838,0.9546834,2.0190492,0.9746485,0.57957196
67.29999997982667,0.9707583,1.9606135,0.78105557,0.5496047
67.34999997965495,1.0524036,1.8641661,1.1174159,0.55606705
67.39999997948324,0.9930349,1.9835219,1.0618054,0.56908095
67.44999997931153,1.0105597,1.9005804,0.9104389,0.5669629
67.49999997913982,0.9824031,1.8122859,0.65048313,0.48802578
67.5499999789681,0.93361443,1.6710378,1.0049524,0.6406879
67.59999997879639,0.9769595,1.8507742,0.9526834,0.7205213
67.64999997862468,1.0071497,1.6397911,0.9719317,0.6415346
67.69999997845296,1.0479286,1.9198428,0.7308808,0.44789952
67.74999997828125,0.93604445,2.0210745,0.8574115,0.38378552
67.79999997810954,0.96192276,2.104751,1.0135614,0.5502672
67.84999997793783,0.9968363,2.0454903,0.8581997,0.5009865
67.89999997776611,1.0144771,1.8995978,0.9031722,0.5184632
67.9499999775944,0.98689735,1.8281522,0.7158435,0.44111654
67.99999997742269,1.0342265,1.7889923,1.1331975,0.5570951
68.04999997725098,1.0777049,1.9332027,0.8795565,0.4292263
68.09999997707926,1.0323848,1.7929767,0.70688856,0.48209727
68.14999997690755,1.0922306,1.7492313,0.9391043,0.34230086
68.19999997673584,1.0324572,1.7133698,0.7827363,0.5065686
68.24999997656413,0.9853058,1.5223567,0.67231786,0.4464011
68.29999997639241,1.0844693,1.8681152,0.83011043,0.41822678
68.3499999762207,0.9254673,1.7604392,0.8447279,0.6348831
68.39999997604899,0.99978375,1.7700462,1.2006155,0.6442922
68.44999997587728,0.92735493,1.6655804,0.7283497,0.4057566
68.49999997570556,0.97834146,1.5930008,0.96108437,0.64858943
68.54999997553385,0.95229,1.5917314,0.76305425,0.39537874
68.59999997536214,0.9908432,1.6056956,0.9007349,0.49998492
68.64999997519043,1.0572355,1.6349007,0.80125594,0.6366025
68.69999997501871,0.98668563,1.4796057,0.9326491,0.5399089
68.749999974847,1.0068157,1.489489,0.95864165,0.66398513
68.79999997467529,1.0164247,1.5959749,0.6587361,0.40389615
68.84999997450358,1.0383716,1.5570586,0.8311088,0.46453685
68.89999997433186,1.0151348,1.508579,1.0037444,0.47683394
68.94999997416015,1.0371413,1.568228,0.8609915,0.45615464
68.99999997398844,0.96894354,1.5527506,1.0328103,0.5917679
69.04999997381672,0.9897275,1.5856779,1.0614859,0.47143933
69.09999997364501,1.0206051,1.6413354,0.9284197,0.37009743
69.1499999734733,0.98431104,1.5078865,0.9122373,0.5004298
69.19999997330159,0.981526,1.6048646,0.8765108,0.5160522
69.24999997312987,0.97599655,1.558691,0.67057484,0.44455117
69.29999997295816,0.981133,1.5426737,0.9415526,0.3949146
69.34999997278645,1.0079756,1.4833606,0.774434,0.5208725
69.39999997261474,0.9777186,1.6202987,0.8083808,0.4066776
69.44999997244302,0.98622113,1.506572,0.81526923,0.4633773
69.49999997227131,1.0240375,1.5719258,0.8112191,0.47223222
69.5499999720996,1.0097748,1.6231936,0.78858495,0.3920746
69.59999997192789,0.96007055,1.551999,0.78317773,0.46247408
69.64999997175617,1.0286958,1.5359257,0.83423436,0.33732843
69.69999997158446,0.9565229,1.5847974,0.83697087,0.32169223
69.74999997141275,0.95732737,1.4770795,0.9957993,0.42178988
69.79999997124104,0.9655165,1.6614281,0.8580997,0.2897459
69.84999997106932,1.0118915,1.659308,0.6445812,0.34497648
69.89999997089761,0.94658804,1.6085992,0.7181538,0.47900853
69.9499999707259,0.99106574,1.5927715,0.8280888,0.35051763
69.99999997055419,1.0291842,1.6581838,0.98292994,0.6673391
70.04999997038247,0.9676778,1.5733844,0.8118937,0.49222666
70.09999997021076,0.9484099,1.592268,0.8367425,0.5243583
70.14999997003905,0.9866642,1.6538156,0.7267504,0.45692593
70.19999996986733,0.96984684,1.5864862,0.7355912,0.41109118
70.24999996969562,0.9228238,1.5573494,1.1106656,0.5646637
70.29999996952391,0.9672581,1.6173373,0.9544886,0.62313485
70.3499999693522,0.99558914,1.5310652,0.9335089,0.46846822
70.39999996918048,0.966118,1.6017923,0.6650415,0.42924908
70.44999996900877,0.95184636,1.4960594,0.75398886,0.35620597
70.49999996883706,0.9466401,1.5647374,0.93711436,0.5301694
70.54999996866535,0.991858,1.5522952,0.8591776,0.41792268
70.59999996849363,0.96399975,1.5763011,0.8702088,0.5596396
70.64999996832192,0.9311714,1.5231309,0.97840667,0.5209476
70.69999996815021,0.90529704,1.489438,0.9362409,0.4149455
70.7499999679785,0.9247351,1.5691804,0.8079344,0.45762116
70.79999996780678,0.94876164,1.5134928,1.018316,0.5144956
70.84999996763507,0.92749536,1.4957249,0.94661486,0.45493615
70.89999996746336,0.9367884,1.5216777,0.82335734,0.55464923
70.94999996729165,0.93982935,1.5151185,1.0171249,0.55878687
70.99999996711993,1.045752,1.5351639,0.8128006,0.49936342
71.04999996694822,0.9687598,1.4373455,0.63380116,0.43190125
71.09999996677651,0.9528638,1.5361692,1.1416919,0.46051353
71.1499999666048,0.97447723,1.5370964,0.8188537,0.54520464
71.19999996643308,0.9505781,1.5112923,0.83566725,0.4149691
71.24999996626137,1.0045896,1.5133994,0.9455329,0.34856582
71.29999996608966,1.0017674,1.5822592,0.9479315,0.34846756
71.34999996591795,0.96492267,1.5967348,0.7233728,0.3860788
71.39999996574623,1.0292163,1.5714206,0.946196,0.48506555
71.44999996557452,1.0254847,1.5654932,0.9568583,0.52668023
71.49999996540281,0.98950064,1.5395616,1.0510312,0.53277814
71.5499999652311,1.0046502,1.5359683,1.0389835,0.5040328
71.59999996505938,0.9823309,1.5096153,0.6908131,0.40021044
71.64999996488767,1.0061576,1.554224,0.92114437,0.4929911
71.69999996471596,0.9973911,1.5156224,0.8878032,0.44325113
71.74999996454424,0.9778008,1.5269384,0.9718915,0.4536227
71.79999996437253,0.97951066,1.4505751,1.0994817,0.39824426
71.84999996420082,0.9956961,1.4957111,1.0198923,0.37166658
71.8999999640291,0.9468515,1.4800776,0.8029982,0.38540685
71.9499999638574,0.9758052,1.515055,0.8372276,0.41885778
71.99999996368568,0.9898331,1.56917,0.7719995,0.50973505
72.04999996351397,1.052212,1.5383818,0.8350408,0.3032146
72.09999996334226,1.0248129,1.5455538,0.97508955,0.5119704
72.14999996317054,0.9882544,1.4720935,0.91536754,0.38168353
72.19999996299883,1.0385405,1.5458088,0.75920236,0.49505517
72.24999996282712,0.9639377,1.4352249,0.86654663,0.55687124
72.2999999626554,1.0238502,1.485423,0.7947688,0.32817182
72.3499999624837,0.9512192,1.5126626,0.8832219,0.34675813
72.39999996231198,0.94194555,1.5224185,0.97073686,0.6732818
72.44999996214027,1.0258231,1.6277577,0.7170081,0.3883397
72.49999996196856,1.0265386,1.6155888,0.7314252,0.40186894
72.54999996179684,0.9723255,1.5181639,0.97718287,0.42771393
72.59999996162513,1.0996722,1.5376425,0.9125862,0.5475319
72.64999996145342,1.0808356,1.5430555,0.7848709,0.58735055
72.6999999612817,1.0418242,1.5741085,0.68799424,0.48627895
72.74999996110999,1.0190293,1.6364346,0.9413992,0.43613252
72.79999996093828,1.0790039,1.6244458,0.87834406,0.3601249
72.84999996076657,0.95229715,1.5600151,0.8224719,0.44839057
72.89999996059485,1.0181017,1.5362936,0.93661135,0.4056662
72.94999996042314,0.9656979,1.552086,0.8970613,0.5580118
72.99999996025143,1.0096214,1.6846178,1.0267289,0.49613082
73.04999996007972,1.0041635,1.6529347,0.8456787,0.48817104
73.099999959908,1.0388582,1.6534848,0.8271586,0.4587472
73.14999995973629,1.0397972,1.6562246,1.0020928,0.39700812
73.19999995956458,1.0847205,1.661408,0.8577182,0.28538358
73.24999995939287,1.0207306,1.6880968,0.5810061,0.3795119
73.29999995922115,1.1054853,1.5987438,0.88787204,0.46372023
73.34999995904944,1.0450672,1.6256535,0.85037297,0.44921875
73.39999995887773,1.073954,1.7090423,0.84259444,0.47364894
73.44999995870602,1.0574538,1.5886407,0.8683267,0.46074182
73.4999999585343,1.0135405,1.6405983,1.14775,0.5119752
73.54999995836259,0.90007967,1.5927279,0.90041494,0.4596951
73.59999995819088,1.0006615,1.5393196,0.9770466,0.48406634
73.64999995801917,0.9916142,1.4905133,0.8689319,0.54862946
73.69999995784745,0.93483293,1.4995863,1.1163301,0.47709033
73.74999995767574,0.9894398,1.5398364,0.80155426,0.5835371
73.79999995750403,1.0079567,1.5879812,0.85370636,0.5980118
73.84999995733232,0.9868913,1.569789,1.1024503,0.5134775
73.8999999571606,1.0008634,1.5183097,0.7064719,0.44885933
73.94999995698889,0.9262271,1.465677,0.7545614,0.39917648
73.99999995681718,0.9454724,1.4547669,1.0653415,0.645551
74.04999995664546,0.9866392,1.4577653,0.8089316,0.40608793
74.09999995647375,0.9845585,1.4904438,0.6795484,0.29741716
74.14999995630204,1.0134152,1.5672481,0.8110962,0.49505517
74.19999995613033,1.00665,1.537347,0.9126278,0.50158167
74.24999995595861,0.9970503,1.539628,1.0151999,0.4619291
74.2999999557869,1.00409,1.6204922,0.80118144,0.3864713
74.34999995561519,0.9968445,1.582314,0.91538274,0.4274394
74.39999995544348,0.94017035,1.5749902,0.75840527,0.40833384
74.44999995527176,0.9832386,1.653564,0.6426729,0.3956075
74.49999995510005,1.0256218,1.603677,0.70754415,0.3513677
74.54999995492834,1.0119905,1.6771958,0.6658536,0.21187535
74.59999995475663,1.0058768,1.6806574,0.65865874,0.33872458
74.64999995458491,1.0874916,1.7285974,0.9940115,0.44067836
74.6999999544132,1.097566,1.6751411,0.92357105,0.34985423
74.74999995424149,1.0352132,1.5860612,0.9551794,0.3191662
74.79999995406978,0.9881484,1.5174103,0.8100418,0.45308337
74.84999995389806,0.98259157,1.4596136,0.71829736,0.40850148
74.89999995372635,1.048889,1.5418078,0.8575186,0.34317133
74.94999995355464,0.9343318,1.5851879,1.2376579,0.48917684
74.99999995338293,0.96982265,1.53131,0.828048,0.46754864
75.04999995321121,1.0045846,1.5280366,1.073946,0.4611662
75.0999999530395,1.004538,1.5633191,0.9463025,0.3834094
75.14999995286779,1.0388174,1.5902281,0.8498746,0.3780529
75.19999995269607,0.9717483,1.533968,0.8501686,0.3874445
75.24999995252436,0.988324,1.5782418,0.86250687,0.3689062
75.29999995235265,0.97580993,1.6066198,0.89400685,0.4667163
75.34999995218094,0.9952029,1.5912881,0.9585118,0.4552746
75.39999995200922,1.0051979,1.4934573,0.7669021,0.5237424
75.44999995183751,1.0306661,1.5203254,0.95773464,0.72415376
75.4999999516658,1.0124441,1.6306412,0.76920116,0.3690851
75.54999995149409,1.021904,1.6147728,0.7954742,0.42787397
75.59999995132237,0.9930643,1.5248812,0.72151613,0.54350656
75.64999995115066,0.94765574,1.5620316,0.69849455,0.3956631
75.69999995097895,1.0220151,1.537944,0.8080214,0.46020016
75.74999995080724,0.96855813,1.5296007,0.7243366,0.3813823
75.79999995063552,0.95574987,1.500489,0.74396086,0.42940855
75.84999995046381,0.9524933,1.5039506,0.6946609,0.63784194
75.8999999502921,1.0294882,1.4554704,0.73686576,0.46065688
75.94999995012039,1.0427873,1.5697317,0.82334584,0.59340197
75.99999994994867,1.1203429,1.6101218,0.86487705,0.49307045
76.04999994977696,1.0267608,1.490723,0.841015,0.4826802
76.09999994960525,1.0090137,1.5222929,0.7424564,0.3075387
76.14999994943354,0.9970417,1.580708,0.7764283,0.37537855
76.19999994926182,1.0633137,1.6960114,0.83632314,0.534524
76.24999994909011,1.0898296,1.6465135,0.88725734,0.54255193
76.2999999489184,1.0313178,1.5730618,0.7147548,0.42827952
76.34999994874669,1.0758375,1.6139585,0.887428,0.4869573
76.39999994857497,1.094319,1.7159848,0.64773613,0.4426328
76.44999994840326,1.1375393,1.6708864,0.78093255,0.3457058
76.49999994823155,1.0592562,1.5821606,0.8347458,0.52590895
76.54999994805983,0.9954333,1.5250725,0.90121275,0.7130844
76.59999994788812,1.049968,1.6237636,0.78663045,0.45424223
76.64999994771641,0.9786575,1.5944915,0.7386031,0.45168334
76.6999999475447,1.07075,1.6105176,0.7022104,0.53284705
76.74999994737298,1.0057821,1.6311675,0.85911876,0.5198668
76.79999994720127,1.0588708,1.5602221,0.54314244,0.3994153
76.84999994702956,1.0496008,1.6520617,0.8949735,0.33767617
76.89999994685785,0.9784687,1.6395451,0.90290725,0.4446612
76.94999994668613,1.0505102,1.7197198,0.77428854,0.41051382
76.99999994651442,1.0803375,1.6766907,0.8449944,0.3830074
77.04999994634271,1.0173485,1.6527675,0.8688835,0.4014793
77.099999946171,1.0234201,1.7435533,1.0279206,0.39813983
77.14999994599928,0.9938549,1.5721233,0.96616656,0.34073997
77.19999994582757,0.91939455,1.5899538,0.5572196,0.29975122
77.24999994565586,1.0088017,1.5921583,0.8578921,0.48010483
77.29999994548415,0.98488563,1.6571718,0.7841185,0.4824826
77.34999994531243,0.9243515,1.5440243,0.6518699,0.32419854
77.39999994514072,0.9963825,1.5240436,0.8188155,0.57143086
77.44999994496901,1.0006092,1.6199038,0.7412534,0.6762642
77.4999999447973,0.98586,1.5415798,0.9601438,0.4171672
77.54999994462558,0.96632427,1.4894605,0.94831276,0.7297913
77.59999994445387,0.9556773,1.509251,0.762015,0.41571093
77.64999994428216,0.97661877,1.4679003,1.0164121,0.28955173
77.69999994411044,1.0109962,1.5044522,1.0392262,0.6857652
77.74999994393873,0.98932743,1.617509,0.5528377,0.24043156
77.79999994376702,0.89177,1.6088223,0.7277146,0.4986823
77.84999994359531,0.92303646,1.4236796,0.8526168,0.4448701
77.8999999434236,0.9337821,1.4675913,0.8969275,0.590121
77.94999994325188,0.9438738,1.4513795,0.8175274,0.49844685
77.99999994308017,0.9436034,1.5022078,0.934065,0.6019651
78.04999994290846,0.9760549,1.5513027,0.88752997,0.49963757
78.09999994273674,0.9474071,1.6101574,1.126965,0.5055249
78.14999994256503,0.969699,1.4638298,0.9508008,0.7016454
78.19999994239332,0.9522815,1.5491116,0.8469976,0.483308
78.2499999422216,0.9380155,1.5451982,0.86164564,0.54796493
78.2999999420499,0.9562384,1.535026,1.009639,0.6152761
78.34999994187818,0.95342505,1.5049905,0.7466184,0.30765793
78.39999994170647,0.9535455,1.4969742,1.0305662,0.663333
78.44999994153476,0.92302233,1.4727873,0.95212746,0.62142545
78.49999994136304,0.9808931,1.4596031,0.8280423,0.49311513
78.54999994119133,0.96708727,1.4518616,0.86147195,0.47582775
78.59999994101962,0.9604249,1.3744047,1.0191215,0.530031
78.6499999408479,0.94032377,1.4572523,0.76233554,0.5466872
78.6999999406762,0.9391209,1.4420093,0.72339976,0.40217307
78.74999994050448,0.9722643,1.4249976,0.8493129,0.44114977
78.79999994033277,0.9933832,1.5484197,0.8721155,0.44422653
78.84999994016106,0.9524602,1.503891,0.6419123,0.42102975
78.89999993998934,0.9947245,1.505518,0.876199,0.58863974
78.94999993981763,0.9836903,1.4540089,0.8365434,0.31097823
78.99999993964592,0.99753153,1.5249202,0.94694304,0.3309986
79.0499999394742,0.96577376,1.5044714,0.8300304,0.4286562
79.09999993930249,1.0315092,1.5131121,0.92066056,0.6896729
79.14999993913078,1.0114967,1.4952924,0.87795645,0.43698394
79.19999993895907,1.0136802,1.541434,0.6912255,0.49763677
79.24999993878735,0.9720943,1.4747393,0.66460514,0.38818222
79.29999993861564,1.0872672,1.6482635,0.6741992,0.359792
79.34999993844393,1.0071454,1.5252637,0.828518,0.42330033
79.39999993827222,1.0043905,1.5044658,0.7214422,0.3816643
79.4499999381005,0.91919184,1.51068,0.8409407,0.5019277
79.49999993792879,0.9988332,1.4682922,1.0791017,0.5075235
79.54999993775708,1.0033085,1.5449483,0.75055355,0.57687384
79.59999993758537,0.93333685,1.5534364,0.7144114,0.41430268
79.64999993741365,1.0315678,1.5931606,1.0064329,0.606788
79.69999993724194,0.89760596,1.5350407,0.67790383,0.44357097
79.74999993707023,0.99956596,1.5848634,0.79095,0.49698278
79.79999993689852,0.93729794,1.4984419,0.8694389,0.57303756
79.8499999367268,0.92666984,1.5432758,0.87794954,0.39515603
79.89999993655509,0.94805235,1.5482545,0.7736594,0.40248907
79.94999993638338,0.93205285,1.5415913,0.6135697,0.43387833
79.99999993621167,0.9449682,1.4461491,0.92765975,0.32841015
80.04999993603995,0.87260485,1.4165245,0.837645,0.3329946
80.09999993586824,0.9434125,1.5455768,0.9389704,0.30683818
80.14999993569653,0.88038504,1.5587716,0.74973416,0.40523195
80.19999993552481,0.8798866,1.50662,0.74441564,0.3733733
80.2499999353531,0.9186629,1.5707445,0.87407476,0.36537617
80.29999993518139,0.88830435,1.4671762,0.77630913,0.401595
80.34999993500968,0.9742642,1.579659,0.8522648,0.4896066
80.39999993483796,1.0067455,1.541413,0.74451655,0.46274894
80.44999993466625,1.0038658,1.4330137,0.7881377,0.55335593
80.49999993449454,1.0120238,1.5041039,0.74147785,0.37982103
80.54999993432283,0.9669131,1.5352921,0.89684457,0.5606567
80.59999993415111,1.0773971,1.6349734,0.7615337,0.49594843
80.6499999339794,1.0048672,1.5606542,0.8176494,0.37513745
80.69999993380769,1.0491977,1.6121019,0.7367554,0.29437596
80.74999993363598,1.0062978,1.619135,0.70328295,0.47237203
80.79999993346426,0.9694743,1.5652523,0.80969006,0.45394605
80.84999993329255,0.9836056,1.6078157,0.69512635,0.49394253
80.89999993312084,1.0593523,1.6997634,0.6506446,0.41058528
80.94999993294913,1.0614227,1.6246892,0.80406404,0.5134728
80.99999993277741,1.0341026,1.6230916,0.73156947,0.46905246
81.0499999326057,1.0872399,1.7409323,0.66685677,0.4475281
81.09999993243399,1.0200964,1.6013985,0.66357434,0.4183145
81.14999993226228,1.0128982,1.616883,0.8073538,0.44594067
81.19999993209056,1.0592471,1.6499864,0.8371592,0.49754336
81.24999993191885,1.026424,1.6079676,0.78482956,0.4222129
81.29999993174714,0.95834875,1.5920697,0.7529157,0.46940684
81.34999993157543,1.056241,1.5496356,1.0169071,0.41810983
81.39999993140371,0.9850404,1.5091512,0.70296955,0.57184577
81.449999931232,0.98723656,1.5019379,0.8127662,0.4796717
81.49999993106029,1.067058,1.6210511,0.8908219,0.6119925
81.54999993088857,0.9414041,1.4991913,0.7774648,0.4768083
81.59999993071686,0.99615717,1.509681,0.6725671,0.45316967
81.64999993054515,1.0485693,1.545268,0.87158036,0.47105533
81.69999993037344,1.0069449,1.588197,0.86434275,0.5712425
81.74999993020172,1.0532386,1.6056861,1.1989944,0.52798325
81.79999993003001,1.0482314,1.6152737,0.8200744,0.49675143
81.8499999298583,0.96732426,1.6652275,0.6963756,0.45707044
81.89999992968659,1.0372195,1.7057166,0.7792055,0.49806896
81.94999992951487,1.0401399,1.5672932,0.7046628,0.45536056
81.99999992934316,0.96374464,1.5907562,0.8374268,0.4768801
82.04999992917145,1.0257567,1.5278194,0.6366074,0.4906194
82.09999992899974,1.0364999,1.5176964,0.7788174,0.5218621
82.14999992882802,1.0334961,1.5359641,0.9877937,0.580352
82.19999992865631,0.99091125,1.5047202,0.7921255,0.34099823
82.2499999284846,1.0103034,1.452203,1.0977392,0.51822734
82.29999992831289,0.92580205,1.4351077,0.72416735,0.49713525
82.34999992814117,0.97688705,1.5078264,0.7826929,0.48574564
82.39999992796946,0.98922163,1.5267501,0.71667814,0.46978176
82.44999992779775,1.0045433,1.5495859,0.67625916,0.36669225
82.49999992762604,1.0377417,1.5383965,0.8269913,0.41056144
82.54999992745432,1.0011324,1.5938908,0.800685,0.6413555
82.5999999272826,1.0449779,1.5645702,0.49004835,0.39033067
82.6499999271109,1.02807,1.5982895,0.9300229,0.40088195
82.69999992693919,1.0232722,1.5977314,0.7368011,0.51156425
82.74999992676749,1.0421059,1.5520167,0.9053152,0.44619834
82.79999992659576,0.9600307,1.5656565,0.9378508,0.3532071
82.84999992642405,1.0326067,1.6313976,0.7620883,0.34167165
82.89999992625232,1.0363183,1.6697555,0.7186501,0.54622626
82.94999992608062,1.062622,1.6700333,0.7943401,0.4978676
82.99999992590892,1.024564,1.627424,0.92974836,0.44071722
83.0499999257372,1.0022278,1.6235075,0.8292914,0.3513468
83.09999992556548,1.0848639,1.7245741,0.6969997,0.48979133
83.14999992539376,1.0055157,1.6271967,1.0310786,0.5544464
83.19999992522206,1.0717406,1.6784105,0.9115946,0.52421844
83.24999992505036,1.0250365,1.67008,0.7715389,0.43743697
83.29999992487865,0.94396263,1.6394255,0.8506844,0.44402835
83.34999992470692,1.0145836,1.6255043,0.8581439,0.38564786
83.3999999245352,0.89565194,1.5682664,0.8640233,0.60799575
83.44999992436348,0.90364045,1.5585444,0.61217,0.47809386
83.49999992419178,0.95078474,1.491943,0.6516561,0.36804345
83.54999992402009,0.9740055,1.4552803,0.7060594,0.39765435
83.59999992384836,0.9826028,1.5050613,1.1069591,0.5944971
83.64999992367665,0.98657036,1.5338807,0.8410886,0.5152128
83.69999992350492,1.0098661,1.4718888,1.0220413,0.5704457
83.74999992333322,0.9953207,1.46418,0.708979,0.30481523
83.79999992316152,1.0173314,1.5258152,0.8803619,0.45950887
83.8499999229898,1.0442842,1.5364535,0.99652046,0.55876064
83.89999992281808,0.98414123,1.4531639,0.8245919,0.6333444
83.94999992264636,0.9849416,1.4989092,0.6425928,0.4436702
83.99999992247466,1.0037415,1.5560195,0.65704876,0.37131113
84.04999992230294,1.0114087,1.5676798,0.6952674,0.32155538
84.09999992213125,1.030945,1.6248304,0.87738335,0.40508106
84.14999992195952,0.9803272,1.5299549,0.83563876,0.5439248
84.1999999217878,1.0258089,1.6085305,0.88424945,0.5075524
84.24999992161608,0.99669003,1.464019,0.7053581,0.49253458
84.29999992144438,0.9663149,1.4904912,0.758678,0.54446405
84.34999992127268,1.0701307,1.6338389,0.8370909,0.4958005
84.39999992110096,0.9965944,1.5650469,0.8425547,0.5178025
84.44999992092924,1.0137036,1.5575507,0.9033707,0.5768654
84.49999992075752,1.0359583,1.5859414,0.96936315,0.52284986
84.54999992058582,0.975235,1.5098224,0.86218655,0.53067195
84.59999992041412,1.0833635,1.6947364,0.7740844,0.52415776
84.64999992024241,1.0315754,1.6442722,0.6677151,0.44834697
84.69999992007068,1.023625,1.6002102,0.7895305,0.5678076
84.74999991989897,0.97215605,1.5978787,0.98859787,0.43943924
84.79999991972726,1.0429792,1.7365842,0.9695983,0.53758943
84.84999991955554,1.0557805,1.8154348,0.8332998,0.5043626
84.89999991938384,1.1426625,1.7128928,0.87352335,0.5229294
84.94999991921212,1.0311737,1.6013792,0.8011732,0.38645864
84.9999999190404,1.009132,1.6358858,0.708729,0.5515766
85.04999991886868,1.1400281,1.6966884,0.75283873,0.5415549
85.09999991869698,1.052984,1.6643496,0.9562129,0.6735033
85.14999991852527,1.090766,1.6459141,0.9270899,0.34776512
85.19999991835356,1.1056293,1.6759032,0.8859477,0.43825236
85.24999991818184,1.0162575,1.536815,0.7885062,0.4015463
85.29999991801012,1.0373638,1.6373281,1.1084275,0.47235134
85.34999991783842,1.1102153,1.6307003,0.83322,0.4553337
85.3999999176667,1.0310004,1.6125537,0.7732184,0.47308072
85.449999917495,1.0902203,1.5107427,0.9041915,0.44424856
85.49999991732328,1.0865508,1.5750538,0.91966087,0.6413555
85.54999991715157,1.0800933,1.5619512,0.73671186,0.59164804
85.59999991697985,1.0691394,1.6437261,0.96798056,0.5104062
85.64999991680814,1.0781025,1.5249456,0.9748519,0.5295141
85.69999991663644,1.1271344,1.6125991,0.9005248,0.45658332
85.74999991646472,1.1067383,1.6217668,0.84733415,0.47378832
85.799999916293,1.0661922,1.5173044,0.7940042,0.5565242
85.84999991612128,1.1013507,1.6622783,1.1544962,0.61211634
85.89999991594958,1.0770025,1.565284,0.6571243,0.54663795
85.94999991577787,1.1264621,1.5712864,0.758708,0.46689963
85.99999991560617,1.0387748,1.6214477,0.75891846,0.37927985
86.04999991543444,1.0882627,1.572242,0.8923904,0.5482728
86.09999991526273,1.1288447,1.6305726,0.89550585,0.613198
86.149999915091,1.1000649,1.6498555,0.92123204,0.5722903
86.1999999149193,1.0212216,1.5650649,0.80236137,0.4677421
86.2499999147476,1.1183001,1.5441788,0.77051556,0.5383804
86.29999991457588,1.0496658,1.537615,0.601277,0.47520038
86.34999991440417,1.0508252,1.5581121,1.0550617,0.50444496
86.39999991423244,1.0512002,1.5355116,0.89401424,0.43474543
86.44999991406074,1.07167,1.5558197,0.935238,0.48479825
86.49999991388904,1.027752,1.5524879,0.8094701,0.6945205
86.54999991371731,0.9399793,1.4354991,0.73117965,0.48811597
86.5999999135456,1.0442184,1.5879894,0.8380225,0.60795957
86.64999991337388,1.1291565,1.549735,0.77924603,0.4629708
86.69999991320218,1.0354133,1.586392,1.0370185,0.507668
86.74999991303046,1.1097212,1.5283709,1.0193607,0.47617197
86.79999991285877,1.0253732,1.4258931,0.8422952,0.483657
86.84999991268704,1.0769986,1.4983429,0.76467985,0.4792331
86.89999991251533,1.0157926,1.480519,1.1232076,0.50046885
86.9499999123436,1.1493747,1.536116,0.8445644,0.47250146
86.9999999121719,1.0118303,1.5322399,0.9809997,0.50107443
87.0499999120002,1.0220819,1.5441127,0.9203637,0.481285
87.09999991182848,0.9788939,1.4879895,0.80985594,0.43047783
87.14999991165676,1.069373,1.4824541,0.9344801,0.49529713
87.19999991148504,1.0318799,1.4948289,1.1157323,0.60813653
87.24999991131334,1.0524471,1.555338,1.1440109,0.57342154
87.29999991114163,1.0655111,1.5147674,0.9474932,0.63884175
87.34999991096993,1.0119507,1.5616438,0.5168211,0.45261353
87.3999999107982,1.0373795,1.5228088,0.938074,0.58387643
87.44999991062649,1.0441117,1.5838296,1.0361791,0.5461457
87.49999991045476,1.1085064,1.5746567,1.0765518,0.45990247
87.54999991028306,1.0034409,1.4633951,0.7923417,0.42873606
87.59999991011136,1.0033692,1.516341,0.73946446,0.49028534
87.64999990993964,1.0397472,1.4950414,1.1472709,0.47850794
87.69999990976793,1.0162168,1.5212231,0.84894687,0.46017888
87.7499999095962,1.05174,1.635468,0.9055156,0.56012875
87.7999999094245,1.0931907,1.6601247,1.3301427,0.5527856
87.8499999092528,0.9680805,1.5993012,0.83281225,0.4391275
87.89999990908107,1.0916342,1.6697471,0.7973007,0.55393016
87.94999990890936,1.0063229,1.4821196,0.691524,0.34967944
87.99999990873764,0.9373282,1.4138813,0.82997614,0.38411033
88.04999990856594,0.9862709,1.4337983,0.9823671,0.53692496
88.09999990839422,0.94597006,1.4325666,0.6974,0.43736988
88.14999990822253,0.9577331,1.5550919,1.1695384,0.5761316
88.1999999080508,0.9859525,1.4929081,0.9184546,0.4375543
88.24999990787909,1.0197045,1.5418859,0.8178002,0.4126467
88.29999990770736,1.0596411,1.5853951,1.0108902,0.6515385
88.34999990753566,1.0468559,1.5120803,1.0042132,0.5746994
88.39999990736396,1.0213548,1.5651785,1.0009514,0.46098587
88.44999990719224,1.1153066,1.5409709,0.5267804,0.46127224
88.49999990702052,1.0344805,1.5000881,0.81793493,0.56068724
88.5499999068488,0.9636673,1.5098178,0.75154257,0.40083316
88.5999999066771,1.0125196,1.537195,0.8609175,0.49754336
88.64999990650539,1.0020274,1.5837362,0.7674754,0.4344303
88.69999990633369,1.0241082,1.4709586,0.7457587,0.5055974
88.74999990616196,0.9638245,1.4958072,1.0199728,0.5110908
88.79999990599025,0.9893943,1.5259873,0.90868247,0.47523126
88.84999990581852,1.0199319,1.5182862,1.0010046,0.45043644
88.89999990564682,1.0202866,1.5179722,0.7745397,0.4501269
88.94999990547512,1.0223101,1.5618318,0.8375117,0.5058054
88.9999999053034,0.97024155,1.5383825,0.8920846,0.5861795
89.04999990513168,1.0318643,1.6376294,1.014703,0.41977915
89.09999990495996,1.0145644,1.6595333,0.8650019,0.5172544
89.14999990478826,1.0498835,1.7001724,0.8224728,0.47573012
89.19999990461656,1.0077915,1.6652905,0.89333326,0.52116346
89.24999990444483,1.0784231,1.591041,0.66049725,0.4717245
89.29999990427312,1.0308098,1.5051088,0.8200172,0.4952231
89.3499999041014,1.0084633,1.5777713,0.96819246,0.45433372
89.3999999039297,0.95993817,1.5915393,0.9161463,0.5556711
89.44999990375798,0.9421175,1.5776789,0.7286817,0.46622354
89.49999990358629,1.0335536,1.759916,0.931672,0.48323718
89.54999990341456,0.99557686,1.649109,0.9764377,0.5363508
89.59999990324285,1.0568564,1.6753687,0.699375,0.48198566
89.64999990307112,1.0363224,1.6559522,0.83662575,0.5314639
89.69999990289942,1.0870395,1.6840744,1.020508,0.474804
89.74999990272772,1.0490534,1.6865175,0.83790773,0.5264527
89.799999902556,1.0406212,1.7196144,1.0394516,0.48474786
89.84999990238428,1.0788381,1.6651267,1.1252728,0.5679712
89.89999990221256,1.0476483,1.6328003,0.77289355,0.4431905
89.94999990204086,1.0245624,1.7448525,0.89618874,0.42763385
89.99999990186915,1.0269597,1.7089688,0.75646645,0.48300433
90.04999990169745,1.0892782,1.6641204,0.762847,0.53202033
90.09999990152572,1.0480144,1.641999,0.8232,0.4989764
90.14999990135401,1.044714,1.7256827,0.9165856,0.50476485
90.19999990118228,1.0664238,1.651545,0.9990673,0.46604517
90.24999990101058,1.0085263,1.6471734,1.051229,0.54102635
90.29999990083888,1.1511679,1.7299545,0.9789541,0.52278906
90.34999990066716,1.1092801,1.6474538,1.1532927,0.57556254
90.39999990049544,1.0340272,1.5650307,0.9294363,0.56890476
90.44999990032372,1.0010452,1.6353841,0.90157866,0.6298212
90.49999990015202,1.0126786,1.5877979,0.65133995,0.5017961
90.54999989998032,1.0351176,1.5829151,0.77493906,0.5922594
90.5999998998086,1.0176636,1.6193943,0.8224254,0.52845085
90.64999989963688,1.0577981,1.7129345,0.9416061,0.45083797
90.69999989946515,1.0539674,1.6753266,0.751253,0.58065104
90.74999989929346,1.0298007,1.6215651,1.0910226,0.5156967
90.79999989912174,1.0403736,1.6194596,0.7074492,0.5962304
90.84999989895005,1.0412754,1.5955347,1.1358527,0.48422292
90.89999989877832,0.9998855,1.6196334,1.1353768,0.49275792
90.9499998986066,1.0240583,1.7456865,0.84083235,0.48292333
90.99999989843488,1.0367404,1.6262413,0.9919952,0.49746472
91.04999989826318,0.97178423,1.751017,0.72749794,0.4571453
91.09999989809147,0.9494504,1.5907917,1.2017154,0.5258485
91.14999989791976,1.060028,1.6258955,0.88773584,0.50495857
91.19999989774804,1.117791,1.687228,0.93045187,0.44068393
91.24999989757632,1.0450032,1.6816581,1.0393862,0.478651
91.29999989740462,0.986815,1.6558106,0.96814865,0.45819253
91.3499998972329,0.9888654,1.5811747,1.0651869,0.44739693
91.3999998970612,0.92118317,1.4661753,0.88230205,0.40850744
91.44999989688948,1.0166204,1.5818812,0.84253657,0.48900688
91.49999989671777,0.9670681,1.5641115,0.89985734,0.44359857
91.54999989654605,1.0320754,1.5591774,0.92417604,0.4991822
91.59999989637434,1.013583,1.5813913,0.99694645,0.4982555
91.64999989620264,1.0868794,1.7252825,0.84881437,0.5485002
91.69999989603092,1.0141802,1.6583793,1.0621624,0.48690712
91.7499998958592,1.0290833,1.6938506,0.9649409,0.45591336
91.79999989568748,1.1051481,1.6878858,1.0230944,0.5099125
91.84999989551578,1.1112313,1.682771,1.0146089,0.65194
91.89999989534407,1.0642037,1.6544174,0.7763224,0.5560275
91.94999989517235,1.0676776,1.5857936,0.6255719,0.503829
91.99999989500064,1.0315949,1.5769054,0.8123636,0.4764646
92.04999989482891,1.0098467,1.5502214,1.2248955,0.5057811
92.09999989465722,1.023138,1.6254535,0.7783297,0.5805205
92.1499998944855,1.0494517,1.5857769,0.6511441,0.39790636
92.1999998943138,0.9770615,1.6088444,0.8149415,0.4913117
92.24999989414208,0.99131703,1.5594667,0.9448056,0.55040944
92.29999989397037,0.9372302,1.5481259,0.8903063,0.50108904
92.34999989379864,0.98930097,1.594059,0.79964584,0.55979246
92.39999989362694,1.0128518,1.5650716,0.6997954,0.4714808
92.44999989345524,1.0464027,1.6483595,0.91437995,0.4904948
92.49999989328352,1.051957,1.6647972,1.0526087,0.5716533
92.5499998931118,0.9914515,1.667466,0.8194597,0.49843216
92.59999989294008,0.96707,1.5924504,0.98122805,0.56285495
92.64999989276838,1.0577426,1.6605337,0.92785144,0.46755907
92.69999989259667,1.0036638,1.5874183,0.72961783,0.4437584
92.74999989242497,1.0737501,1.6504813,0.9273324,0.5012744
92.79999989225324,0.9918909,1.7319252,1.1120405,0.49885875
92.84999989208153,1.0859354,1.6380967,1.0019375,0.4802729
92.8999998919098,1.089411,1.7059438,0.8130893,0.43594745
92.9499998917381,1.0647104,1.7105494,0.9580281,0.4737212
92.9999998915664,1.1059927,1.8148277,0.8565715,0.45691523
93.04999989139468,1.1527536,1.8103458,0.74798024,0.50032717
93.09999989122296,0.9952493,1.8154967,0.9341464,0.46409976
93.14999989105124,1.0003273,1.7715819,0.62669504,0.5396461
93.19999989087954,0.95480454,1.5555178,0.9310698,0.5301786
93.24999989070784,1.1139605,1.7534226,0.74275994,0.62610626
93.29999989053613,0.98323536,1.6359781,0.82037264,0.51564926
93.3499998903644,1.0547749,1.646035,0.8753676,0.5353651
93.39999989019267,1.0340984,1.5905073,0.91637933,0.4611609
93.44999989002096,1.007442,1.5907888,0.7162292,0.49434337
93.49999988984926,1.037691,1.60863,0.75444007,0.4757558
93.54999988967757,1.0700283,1.6101964,0.6257092,0.5392109
93.59999988950584,1.0289578,1.7733152,0.641436,0.44221833
93.64999988933413,1.0967436,1.6767071,0.8401251,0.4722685
93.6999998891624,1.1506759,1.7534308,0.6327112,0.44568288
93.7499998889907,1.108568,1.7482436,0.89745593,0.47401536
93.799999888819,1.158419,1.7822975,0.933457,0.4626168
93.84999988864728,1.0456342,1.6786803,0.79896414,0.45631006
93.89999988847556,1.1048918,1.6679238,0.8032497,0.516128
93.94999988830384,1.1262262,1.7465329,0.81567836,0.42282638
93.99999988813214,1.1724613,1.7472117,0.91162276,0.5906967
94.04999988796042,1.1026107,1.8578455,0.8362383,0.48706278
94.09999988778873,1.1643698,1.7957091,0.65682435,0.4263969
94.149999887617,1.0309422,1.668297,0.7577331,0.4485269
94.19999988744529,1.0131218,1.6334441,0.8131176,0.42585176
94.24999988727356,1.0470405,1.5691226,0.762746,0.43263102
94.29999988710186,1.0442623,1.5230687,0.9817518,0.43143675
94.34999988693016,1.0964816,1.6920819,0.73672855,0.47055152
94.39999988675844,1.1336207,1.680764,1.0467253,0.5047697
94.44999988658672,1.0731913,1.7782106,1.0389309,0.48637953
94.499999886415,1.0479002,1.6513634,0.8985639,0.5164359
94.5499998862433,1.0609926,1.6793325,0.74954724,0.46929222
94.5999998860716,1.0739287,1.6427673,0.7638839,0.47586888
94.64999988589989,1.073926,1.5870013,0.88757277,0.55243605
94.69999988572816,1.0152917,1.6093951,1.0726426,0.6241073
94.74999988555643,1.0291703,1.7152338,0.83699954,0.43173704
94.79999988538472,1.0923433,1.6111708,0.834584,0.5248524
94.84999988521302,1.0566814,1.6550261,0.8903071,0.50448865
94.89999988504132,1.0478398,1.5128022,0.9194816,0.4143794
94.9499998848696,1.0895358,1.5917896,0.80292225,0.4778278
94.99999988469789,1.0658103,1.6188395,0.8665669,0.54785335
95.04999988452616,1.089144,1.7214649,0.7375618,0.55648464
95.09999988435446,1.1072146,1.6412114,0.8513122,0.5031296
95.14999988418276,0.996045,1.5062011,0.83160824,0.40505087
95.19999988401104,0.9375534,1.5396426,0.8750962,0.54109865
95.24999988383932,1.0345765,1.5898515,0.74482685,0.593233
95.2999998836676,1.034775,1.5858433,0.8197906,0.530589
95.3499998834959,1.0554929,1.6216542,0.9341201,0.61014366
95.39999988332418,1.0596104,1.5681577,0.9071336,0.48040015
95.44999988315249,1.035415,1.5799253,0.69188064,0.48276633
95.49999988298076,1.0866251,1.7126489,0.79918575,0.46340373
95.54999988280905,1.0773151,1.6759981,0.9380778,0.5612278
95.59999988263732,1.0832869,1.6296201,0.8165945,0.4687135
95.64999988246562,1.0064088,1.5715111,0.66627854,0.465084
95.69999988229392,1.0465987,1.6136299,0.58945405,0.5047067
95.7499998821222,0.99626553,1.6327975,0.7429507,0.4000515
95.79999988195048,1.0268886,1.7005624,0.8039418,0.4640523
95.84999988177876,1.1142076,1.6641834,0.96506524,0.4554626
95.89999988160706,1.0556306,1.5641181,0.7439642,0.4609753
95.94999988143535,1.125272,1.7007257,0.90409726,0.452916
95.99999988126365,1.0949919,1.6408703,0.9699711,0.5971975
96.04999988109192,1.0698856,1.7429966,0.88982475,0.5025412
96.09999988092021,1.083031,1.7065977,0.8270419,0.45812315
96.14999988074848,1.0866549,1.6277938,0.61422807,0.4995935
96.19999988057678,1.0251627,1.6728534,0.8777973,0.4896665
96.24999988040508,1.0622116,1.6859342,0.7124733,0.5020057
96.29999988023336,1.0705224,1.5290045,0.9199231,0.42466724
96.34999988006165,1.1048077,1.6596848,0.7439164,0.5021566
96.39999987988992,1.0965393,1.7123806,0.9569142,0.5372619
96.44999987971822,1.0566554,1.6096237,0.6893879,0.46905768
96.49999987954652,1.0865793,1.5379978,0.72511756,0.4976171
96.5499998793748,1.0437304,1.5754416,0.8754413,0.48942673
96.59999987920308,0.99535197,1.6082189,0.7603776,0.43298128
96.64999987903136,1.1002954,1.6223742,0.8922787,0.5345972
96.69999987885966,1.0515119,1.6412634,0.8660426,0.54560363
96.74999987868794,1.0729064,1.6681054,1.0062765,0.6445047
96.79999987851625,1.0860493,1.6653813,0.7638642,0.62814945
96.84999987834452,1.0725858,1.6375762,0.85662353,0.4927976
96.8999998781728,1.1469729,1.7148947,1.0283544,0.61576474
96.94999987800108,1.020399,1.6059614,0.7615569,0.44189748
96.99999987782938,1.1337603,1.6277177,0.8149021,0.40011877
97.04999987765768,1.0337408,1.5769993,0.82544804,0.543745
97.09999987748596,1.1473327,1.5726337,0.8426464,0.39788184
97.14999987731424,1.1063502,1.5890443,0.91464114,0.58330655
97.19999987714252,1.1019217,1.5586853,1.0177336,0.49179423
97.24999987697082,1.1168714,1.5937278,1.1794918,0.46310812
97.2999998767991,1.028051,1.5634696,0.76294273,0.50095725
97.34999987662741,1.0102363,1.6049068,1.1637352,0.53155595
97.39999987645568,1.0845958,1.6333547,0.94054806,0.47731066
97.44999987628397,1.1665542,1.6248025,0.62746114,0.5016694
97.49999987611226,1.0933604,1.6171772,0.82668114,0.5941268
97.54999987594054,1.1494169,1.6404719,0.81422293,0.63697493
97.59999987576884,1.1409425,1.5928637,0.83807087,0.6414889
97.64999987559712,1.0908527,1.5761914,0.8499552,0.599025
97.6999998754254,1.1057386,1.5737737,0.8085959,0.45878455
97.74999987525368,1.1359752,1.6040802,0.7818472,0.4461435
97.79999987508198,1.1671154,1.6790912,0.8660145,0.44755542
97.84999987491027,1.0745265,1.585735,0.99718404,0.46796682
97.89999987473855,1.0603783,1.5406382,1.0757623,0.617268
97.94999987456684,1.0241855,1.5749147,0.87632245,0.49097314
97.99999987439512,1.0193979,1.5965309,0.8677876,0.5354519
98.04999987422342,1.1725687,1.7600198,0.9664993,0.50637066
98.0999998740517,1.0535727,1.6133238,0.67268777,0.52296674
98.14999987388,1.0898899,1.6549318,0.80211884,0.52950484
98.19999987370828,1.0232409,1.6348618,0.85463595,0.66765046
98.24999987353657,1.0833578,1.6483527,1.0928189,0.5559659
98.29999987336485,1.1077211,1.7041488,0.9593225,0.56308085
98.34999987319314,1.0883595,1.7048548,0.9008179,0.6752075
98.39999987302144,1.1112535,1.6576872,0.80625415,0.6039402
98.44999987284972,1.0446589,1.5870328,0.86706585,0.63395417
98.499999872678,1.0471225,1.5799088,0.90964603,0.5477775
98.54999987250628,1.0491796,1.5713197,0.8624618,0.52617854
98.59999987233458,1.0550619,1.6567175,0.91674685,0.58407736
98.64999987216287,1.0217865,1.5933733,0.9158132,0.5580994
98.69999987199117,1.0924255,1.618731,1.0728139,0.5700984
98.74999987181944,1.0689508,1.7209089,0.7280227,0.56521344
98.79999987164773,1.0647991,1.6714742,0.8347493,0.6232644
98.849999871476,1.1895095,1.8161274,0.7702714,0.48444507
98.8999998713043,1.1403311,1.8790054,0.9293094,0.5667041
98.9499998711326,1.1345186,1.7971903,0.7293699,0.5647633
98.99999987096088,1.0666757,1.7463456,0.80712426,0.61496204
99.04999987078916,1.098846,1.7670053,0.85069263,0.57586837
99.09999987061744,1.1500528,1.7894291,1.0147034,0.6211185
99.14999987044574,1.128769,1.7750384,0.7831665,0.5577444
99.19999987027404,1.0038445,1.726177,0.891479,0.67880505
99.24999987010231,0.99870825,1.591649,0.74111474,0.5225645
99.2999998699306,1.0768273,1.6149349,0.79246074,0.5548784
99.34999986975888,1.0969566,1.5764315,0.84931886,0.5455812
99.39999986958718,1.0558484,1.6148292,0.80619746,0.5565286
99.44999986941546,1.1012056,1.6148388,0.8939028,0.54442364
99.49999986924377,1.036483,1.5618529,1.111303,0.5184821
99.54999986907204,1.0917438,1.655036,0.8036733,0.5001121
99.59999986890033,1.080097,1.5833937,0.7610622,0.49566236
99.6499998687286,1.0590158,1.6059816,0.8167872,0.47802225
99.6999998685569,1.0660385,1.6127621,0.8853582,0.5873922
99.7499998683852,1.0843781,1.587144,0.7310581,0.5119943
99.79999986821348,1.0682237,1.6551323,0.880533,0.62219626
99.84999986804176,1.074043,1.7356217,0.61266136,0.52480584
99.89999986787004,1.1448226,1.7256839,1.2024431,0.5292415
99.94999986769834,1.0748924,1.6138003,0.90996087,0.54734874
