step,time_ps,elapsed_time_ns,potential_energy_kJ_mol,kinetic_energy_kJ_mol,total_energy_kJ_mol,temperature_K,volume_nm3,density_g_mL,speed_ns_day
3775000,7550.000000620638,0.0,-1786451.520751306,469595.9911360711,-1316855.5296152348,309.86421778807096,1627.7081384009912,1.019453140587028,0.0
3800000,7600.000000630825,0.05000000001018634,-1789734.5896456884,469964.58980801306,-1319769.9998376754,310.107438644541,1620.381266398058,1.0240627980972468,54.1
3825000,7650.000000641011,0.10000000002037268,-1789112.0054928362,470625.6071921962,-1318486.39830064,310.54361279968805,1622.6035728115532,1.0226602489089134,54.0
3850000,7700.000000651197,0.15000000003055902,-1790028.3512476776,472236.7624099758,-1317791.5888377018,311.6067380407802,1622.46970437014,1.022744627639221,53.9
3875000,7750.000000661384,0.20000000004074536,-1793397.9560415298,468900.5131586813,-1324497.4428828484,309.4053047148751,1617.9750519455356,1.025585760210976,53.9
3900000,7800.00000067157,0.2500000000509317,-1789149.831436608,471902.6087091677,-1317247.2227274403,311.3862457940909,1626.2755627679917,1.0203511702700814,53.9
3925000,7850.000000681756,0.30000000006111804,-1789451.568691034,466449.35023885546,-1323002.2184521784,307.78789806073075,1624.4612911375284,1.021490744473191,53.9
3950000,7900.000000691943,0.3500000000713044,-1791285.5316928755,472459.6008212353,-1318825.9308716403,311.7537785847828,1621.1748820979249,1.0235614873977077,53.8
3975000,7950.000000702129,0.4000000000814907,-1791417.175143226,470453.6048083553,-1320963.5703348708,310.4301165494377,1621.801023267387,1.0231663131577478,53.8
4000000,8000.000000712315,0.45000000009167707,-1788790.0748718877,471300.4066958371,-1317489.6681760503,310.988881124602,1624.3533608025075,1.0215586175363631,53.8
4025000,8050.000000722502,0.5000000001018634,-1791426.6641772864,469306.1941910492,-1322120.4699862371,309.67299446976847,1623.6161674247496,1.0220224502222832,53.8
4050000,8100.000000732688,0.5500000001120497,-1791992.2826495925,470949.2829351943,-1321042.9997143983,310.7571911368422,1622.0765497704597,1.0229925177617378,53.8
4075000,8150.000000742874,0.6000000001222361,-1791354.9476084665,471652.55328682857,-1319702.3943216377,311.2212460298056,1623.9165701877648,1.021833389790518,53.8
4100000,8200.00000075306,0.6500000001324215,-1790721.4338332275,470101.4664543791,-1320619.9673788485,310.1977570794515,1620.4336145603909,1.0240297157141658,53.8
4125000,8250.000000763246,0.7000000001426079,-1789768.220122573,469029.8910425712,-1320738.3290800017,309.4906750705581,1623.286018763541,1.0222303121392624,53.8
4150000,8300.000000773432,0.7500000001527942,-1792594.9577214932,472614.5106110299,-1319980.4471104634,311.85599623942306,1621.526684243751,1.0233394182013442,53.8
4175000,8350.000000783619,0.8000000001629806,-1794382.6264934894,471291.76176327385,-1323090.8647302156,310.98317674186217,1623.615155164724,1.0220230874129796,53.7
4200000,8400.000000793805,0.8500000001731669,-1789691.328804818,472326.1138717766,-1317365.2149330417,311.6656968507823,1624.4261021273917,1.0215128724407947,53.7
4225000,8450.000000803991,0.9000000001833532,-1791788.3510786062,469861.6468727141,-1321926.704205892,310.03951146303746,1620.5742907535273,1.023940823398098,53.7
4250000,8500.000000814178,0.9500000001935396,-1789895.1031823745,470164.71600657504,-1319730.387175799,310.2394924719731,1624.9429553505015,1.021187955052876,53.7
4275000,8550.000000824364,1.000000000203726,-1787297.2383711117,469357.7805674584,-1317939.457803653,309.70703388338416,1626.6545300999264,1.020113455528888,53.7
4300000,8600.00000083455,1.0500000002139123,-1788729.0815818394,469911.0760356829,-1318818.0055461563,310.0721274333787,1624.875871511905,1.021230115324411,53.7
4325000,8650.000000844737,1.1000000002240986,-1790605.2223535134,470601.4550221823,-1320003.767331331,310.52767592328684,1622.6133347064767,1.0226540964253374,53.7
4350000,8700.000000854923,1.150000000234285,-1791711.4607588155,470998.223915256,-1320713.2368435594,310.78948497833755,1618.3088951032853,1.025374190720276,53.7
4375000,8750.00000086511,1.2000000002444713,-1795326.6572644236,469011.5941619186,-1326315.063102505,309.4786018230892,1620.69116315587,1.0238669842690844,53.7
4400000,8800.000000875296,1.2500000002546576,-1791124.6303758202,470547.3214514397,-1320577.3089243805,310.4919557364223,1622.9596444751176,1.022435880830921,53.7
4425000,8850.000000885482,1.300000000264844,-1789848.140356198,469098.05363259936,-1320750.086723599,309.53565234472603,1623.2431200858243,1.0222573273954307,53.7
4450000,8900.000000895669,1.3500000002750303,-1788721.255546934,470781.3997946868,-1317939.8557522472,310.6464129807354,1622.1606463100668,1.0229394834762722,53.7
4475000,8950.000000905855,1.4000000002852167,-1789823.9466127018,469471.3641942024,-1320352.5824184995,309.78198235466346,1624.134384896283,1.0216963504272598,53.7
4500000,9000.000000916041,1.450000000295403,-1789908.6081402116,471107.31329567696,-1318801.2948445347,310.8614679087099,1624.4910940766692,1.0214720041879404,53.7
4525000,9050.000000926228,1.5000000003055893,-1791077.010214704,469609.6384731931,-1321467.371741511,309.8732230213396,1623.6032251089412,1.0220305971248698,53.7
4550000,9100.000000936414,1.5500000003157757,-1790597.283608283,469287.71289858833,-1321309.5707096946,309.6607995376562,1625.4039195764474,1.0208983463534158,53.7
4575000,9150.0000009466,1.600000000325962,-1791354.4781620372,469999.283404909,-1321355.194757128,310.1303313107207,1623.6844617996442,1.0219794625691965,53.7
4600000,9200.000000956788,1.6500000003361501,-1790028.78727849,469684.32657605736,-1320344.4607024328,309.9225061732594,1625.3950840554176,1.0209038958772805,53.7
4625000,9250.000000966971,1.700000000346333,-1789536.8661405407,470865.807177273,-1318671.0589632676,310.7021094263489,1625.211309800143,1.0210193367753595,53.7
4650000,9300.00000097716,1.750000000356521,-1792242.9718230702,468439.4517483896,-1323803.520074681,309.10107206393894,1621.4781955065912,1.0233700201768825,53.7
4675000,9350.000000987346,1.8000000003667074,-1791511.3707411245,471330.701653092,-1320180.6690880323,311.0088713362092,1622.7218441001892,1.0225857128164124,53.7
4700000,9400.000000997532,1.8500000003768937,-1791034.1694412157,469627.8928583348,-1321406.2765828809,309.88526822802766,1622.158524453103,1.0229408215275375,53.7
4725000,9450.000001007718,1.90000000038708,-1790578.8440122027,471056.2761212473,-1319522.5678909554,310.82779088754444,1620.418089453812,1.0240395268675837,53.7
4750000,9500.000001017905,1.9500000003972664,-1790967.3557732385,469283.0872503084,-1321684.26852293,309.6577472908034,1624.7109991559378,1.0213337476720628,53.7
4775000,9550.000001028093,2.0000000004074545,-1790430.2694496782,471583.53858108446,-1318846.7308685938,311.17570648471803,1627.1875886694754,1.019779271429176,53.7
4800000,9600.000001038276,2.0500000004176373,-1789855.1849935232,468669.75430118194,-1321185.4306923412,309.25303784244346,1625.0911112220117,1.0210948556626869,53.7
4825000,9650.000001048464,2.1000000004278254,-1788309.8203907758,472218.45168970607,-1316091.3687010696,311.5946556612016,1623.042035026892,1.0223839788748674,53.7
4850000,9700.00000105865,2.1500000004380118,-1791866.747347733,469192.12246273423,-1322674.624884999,309.5977239233131,1623.053729215744,1.022376612543665,53.7
4875000,9750.000001068836,2.200000000448198,-1788560.275111335,469438.5106925427,-1319121.764418793,309.76030388043137,1624.071140851749,1.0217361369907063,53.7
4900000,9800.000001079025,2.250000000458386,-1789775.7701415848,472073.7259094594,-1317702.0442321254,311.4991579535201,1624.3937815253391,1.0215331975069313,53.7
4925000,9850.000001089207,2.300000000468569,-1789066.420787638,469373.114922217,-1319693.305865421,309.7171522999214,1625.6878451745351,1.020720046949606,53.7
4950000,9900.000001099395,2.350000000478757,-1789426.4321518757,469184.1211282625,-1320242.311023613,309.5924442205598,1624.932975011871,1.0211942271894832,53.7
4975000,9950.000001109582,2.4000000004889435,-1790171.9423565902,470450.997570698,-1319720.9447858925,310.4283961564349,1623.84682471036,1.0218772783251473,53.7
5000000,10000.000001119768,2.45000000049913,-1789753.5890625576,469999.2564735146,-1319754.3325890428,310.1303135399654,1622.6123706741396,1.022654704008292,53.7
5025000,10050.000001129954,2.500000000509316,-1791677.8608680554,470769.4798077718,-1320908.3810602836,310.63854754429394,1624.2343151122056,1.021633491062724,0.0
5050000,10100.00000114014,2.5500000005195025,-1793281.0464269696,470324.8272429912,-1322956.2191839784,310.3451423155997,1621.695566998642,1.0232328480264907,53.2
5075000,10150.000001150329,2.6000000005296906,-1792133.3001195248,470907.5002195184,-1321225.7999000065,310.7296206959646,1623.6010693387952,1.022031954147288,52.9
5100000,10200.000001160512,2.6500000005398734,-1792340.2932070205,470938.570242872,-1321401.7229641485,310.75012233708765,1620.6936957501107,1.023865384312452,52.8
5125000,10250.0000011707,2.7000000005500615,-1790131.4017748702,470235.50563496136,-1319895.8961399088,310.2862032046912,1622.0367317721132,1.0230176303338412,53.0
5150000,10300.000001180886,2.750000000560248,-1786972.1262444565,472458.5671488885,-1314513.559095568,311.75309651321646,1624.9554649225545,1.021180093530158,53.1
5175000,10350.000001191072,2.800000000570434,-1789497.3331261678,470797.6927562053,-1318699.6403699624,310.65716393660324,1620.562375431345,1.0239483520097648,53.1
5200000,10400.00000120126,2.8500000005806223,-1793732.300211194,470492.90491946257,-1323239.3952917317,310.4560488368019,1621.3194273570994,1.023470233966718,53.2
5225000,10450.000001211443,2.900000000590805,-1789962.7886347957,469385.4850814039,-1320577.3035533917,309.72531478378573,1623.364904713613,1.0221806377813094,53.2
5250000,10500.000001221631,2.950000000600993,-1790858.1358370334,469922.7561749888,-1320935.3796620446,310.07983460570983,1621.2991295036466,1.0234830473016814,53.3
5275000,10550.000001231818,3.0000000006111796,-1790805.0908911182,471954.3873819873,-1318850.703509131,311.42041209502656,1624.792432087733,1.021282559471175,53.3
5300000,10600.000001242004,3.050000000621366,-1792137.895663728,468523.4138623431,-1323614.4818013848,309.1564746978096,1622.826423370224,1.0225198146612835,53.3
5325000,10650.00000125219,3.1000000006315522,-1791545.4176143585,468203.2716720681,-1323342.1459422903,308.9452279852247,1622.5983842299945,1.0226635190687754,53.4
5350000,10700.000001262377,3.1500000006417386,-1790867.7851135498,470472.4822834287,-1320395.302830121,310.44257290374617,1619.7729182642256,1.0244474116965512,53.4
5375000,10750.000001272563,3.200000000651925,-1791007.8840816545,470350.68369212624,-1320657.200389528,310.362203765308,1626.1565098681554,1.0204258714227286,53.4
5400000,10800.00000128275,3.2500000006621113,-1790952.910063821,469866.130512928,-1321086.779550893,310.0424700054738,1620.3552109555535,1.02407926510965,53.4
5425000,10850.000001292936,3.3000000006722976,-1790978.1745053092,469411.5305629617,-1321566.6439423475,309.7425009670628,1622.5539323957094,1.0226915361770956,53.4
5450000,10900.000001303122,3.350000000682484,-1792312.740684987,469666.97726113466,-1322645.7634238524,309.9110581796667,1624.2889123160346,1.0215991509083788,53.4
5475000,10950.000001313309,3.4000000006926703,-1791791.91102128,470620.0577740721,-1321171.853247208,310.5399510007403,1620.245094391924,1.0241488645115857,53.4
5500000,11000.000001323497,3.4500000007028584,-1791820.4867686275,469325.5544331468,-1322494.9323354808,309.6857693792374,1621.3123449131535,1.0234747048329176,53.4
5525000,11050.00000133368,3.500000000713041,-1789603.1076299688,469964.4938458533,-1319638.6137841155,310.1073753236436,1626.6086547259752,1.0201422258702415,53.4
5550000,11100.000001343868,3.5500000007232293,-1791365.422461018,472233.1565868884,-1319132.2658741295,311.60435872841055,1623.287243220677,1.022229541063653,53.4
5575000,11150.000001354054,3.6000000007334156,-1792186.2866417393,471627.5316405834,-1320558.755001156,311.20473542710056,1621.0118770908364,1.02366441424844,53.4
5600000,11200.00000136424,3.650000000743602,-1793336.4204572188,467822.5305078729,-1325513.889949346,308.69399487154834,1621.0647163207414,1.0236310475118835,53.5
5625000,11250.000001374428,3.70000000075379,-1795081.0600456968,469008.5130537133,-1326072.5469919834,309.4765687452904,1622.0762575108706,1.0229927020806755,53.5
5650000,11300.000001384611,3.750000000763973,-1790271.409881304,470634.031893188,-1319637.377988116,310.5491718620144,1621.9201974627067,1.023091133736319,53.5
5675000,11350.0000013948,3.800000000774161,-1793184.8246082347,469154.7852508661,-1324030.0393573686,309.5730868604585,1619.6154898615337,1.0245469891090142,53.5
5700000,11400.000001404986,3.8500000007843473,-1789589.3761062566,470056.74316100456,-1319532.632945252,310.16824629021994,1625.2103825266477,1.0210199193240437,53.5
5725000,11450.000001415172,3.9000000007945337,-1790159.5176121136,468505.7049707835,-1321653.81264133,309.14478943657525,1621.0018624255115,1.023670738520331,53.5
5750000,11500.000001425358,3.95000000080472,-1787419.749519969,469210.49766551214,-1318209.2518544572,309.6098488518537,1625.614589809796,1.020766043841984,53.5
5775000,11550.000001435545,4.000000000814906,-1791686.2634490402,472711.32699447335,-1318974.936454567,311.9198807986847,1620.7484326248127,1.0238308057251002,53.5
5800000,11600.000001445733,4.0500000008250945,-1789909.3722172135,471409.4621884484,-1318499.9100287654,311.06084169400924,1625.1882261830172,1.0210338389844382,53.5
5825000,11650.000001455915,4.100000000835277,-1791220.3625481008,468667.1617077056,-1322553.2008403952,309.25132711244413,1621.463907669639,1.023379037796036,53.5
5850000,11700.000001466104,4.150000000845465,-1791059.0767642315,470013.0477095188,-1321046.0290547127,310.1394137253107,1626.7413952492343,1.02005898325205,53.5
5875000,11750.00000147629,4.200000000855652,-1791081.0364174277,468629.72037898353,-1322451.316038444,309.2266213477945,1626.4561302271195,1.0202378919499289,53.5
5900000,11800.000001486476,4.250000000865838,-1789128.1712562256,470339.929268284,-1318788.2419879416,310.35510742889426,1623.5880478365084,1.022040151048864,53.5
5925000,11850.000001496664,4.300000000876026,-1791147.2057223003,472230.4851270024,-1318916.720595298,311.602595958192,1624.0484456032596,1.0217504152319636,53.5
5950000,11900.000001506847,4.350000000886209,-1789286.5727938702,469986.2481112716,-1319300.3246825987,310.1217299360437,1624.4362670249884,1.021506480331758,53.5
5975000,11950.000001517035,4.400000000896397,-1790190.1987674965,472112.6860676718,-1318077.5126998243,311.52486592202337,1621.8470163519276,1.0231372977362774,53.5
6000000,12000.000001527222,4.450000000906583,-1788615.1737327138,471262.9263216327,-1317352.247411081,310.9641495956825,1625.122349110469,1.021075228311415,53.5
6025000,12050.000001537408,4.50000000091677,-1791679.176384354,471532.3765658264,-1320146.7998185277,311.14194708698545,1628.2015194227668,1.0191442237692048,53.5
6050000,12100.000001547594,4.550000000926956,-1791328.543936029,469702.29797383794,-1321626.2459621911,309.93436464995204,1625.117625445473,1.0210781962303142,53.5
6075000,12150.00000155778,4.6000000009371425,-1790523.9961327491,471233.2035766601,-1319290.7925560889,310.9445369599376,1622.1756126522976,1.02293004574199,53.5
6100000,12200.000001567969,4.650000000947331,-1791704.9890807504,470406.0095227884,-1321298.979557962,310.3987106681888,1620.5469233032147,1.0239581154920228,53.5
6125000,12250.000001578152,4.700000000957513,-1791503.606338258,469161.4166035309,-1322342.189734727,309.577462576915,1622.4314049318505,1.0227687707522255,53.5
6150000,12300.00000158834,4.7500000009677015,-1791156.1409209222,468576.8945253498,-1322579.2463955723,309.19176406169294,1621.6922339000766,1.0232349510987424,53.5
6175000,12350.000001598526,4.800000000977888,-1789671.2073422363,471948.1042865135,-1317723.1030557228,311.41626617704384,1620.577363050034,1.0239388822073308,53.5
6200000,12400.000001608712,4.850000000988074,-1788973.260324277,471169.25117121264,-1317804.0091530643,310.9023377877477,1624.9233411775476,1.0212002816387902,53.5
6225000,12450.0000016189,4.900000000998262,-1788831.92574172,473848.059190044,-1314983.866551676,312.66995669214134,1622.7254930176994,1.0225834133942802,53.5
6250000,12500.000001629083,4.950000001008445,-1789930.381130397,470317.31031953846,-1319613.0708108589,310.3401822528014,1623.5214259636512,1.0220820908889603,53.5
6275000,12550.000001639271,5.000000001018633,-1792134.0998666948,470258.44495092414,-1321875.6549157705,310.3013397759813,1623.6374929602316,1.0220090265509771,53.5
6300000,12600.000001649458,5.0500000010288195,-1789116.8880571935,469928.3221459093,-1319188.5659112844,310.0835073270661,1623.888624353409,1.0218509747321338,53.5
6325000,12650.000001659644,5.100000001039006,-1793128.6287305094,470693.4138588544,-1322435.214871655,310.5883552168327,1620.8807448506066,1.0237472305866009,53.5
6350000,12700.00000166983,5.150000001049192,-1789357.380647215,469886.7960649961,-1319470.584582219,310.05610622734883,1622.5413348358952,1.0226994764480286,53.5
6375000,12750.000001680017,5.2000000010593785,-1790905.1126320222,470834.47176584543,-1320070.6408661767,310.6814326681688,1623.061483883685,1.022371727829673,53.5
6400000,12800.000001690203,5.250000001069565,-1793213.18815138,471578.5154297492,-1321634.672721631,311.1723919443712,1620.19929517736,1.024177814785623,53.5
6425000,12850.00000170039,5.300000001079751,-1787435.3190358523,468970.31701581273,-1318465.0020200396,309.45136498369527,1625.34322427135,1.0209364698313863,53.5
6450000,12900.000001710576,5.350000001089938,-1791639.3132288307,470129.0830627195,-1321510.2301661111,310.2159799750956,1624.5632617279098,1.0214266275398978,53.5
6475000,12950.000001720762,5.400000001100124,-1790213.9301303243,470929.8785013397,-1319284.0516289847,310.7443870673197,1622.0047569889484,1.0230377972086684,53.5
6500000,13000.000001730948,5.45000000111031,-1789614.4464903567,469101.1870341089,-1320513.2594562478,309.53771992840666,1624.2677278902636,1.02161247506117,53.5
6525000,13050.000001741137,5.500000001120498,-1793395.172947973,470933.4374161746,-1322461.7355317983,310.7467354271488,1623.5415113372087,1.022069446370506,53.5
6550000,13100.00000175132,5.550000001130681,-1792327.847616082,469652.41491049615,-1322675.4327055858,309.90144917219027,1621.5794250151628,1.023306134780564,53.5
6575000,13150.000001761508,5.600000001140869,-1791977.3772709295,469619.00717394793,-1322358.3700969815,309.879404984529,1623.9971491391263,1.0217826888006432,53.6
6600000,13200.000001771694,5.650000001151056,-1791455.6018494703,469457.2717033938,-1321998.3301460766,309.7726833854996,1624.6403056231195,1.0213781893189673,53.6
6625000,13250.00000178188,5.700000001161242,-1791928.7036937624,468106.39487158944,-1323822.308822173,308.8813035596148,1619.972294418193,1.0243213290557616,53.6
6650000,13300.000001792068,5.75000000117143,-1789462.3092631344,470792.76713819546,-1318669.542124939,310.6539137538918,1622.7091525084295,1.0225937107009293,53.6
6675000,13350.000001802253,5.800000001181615,-1790526.3680389875,470453.6047440888,-1320072.763294899,310.4301165070313,1624.4476004655571,1.021499353488773,53.6
6700000,13400.00000181244,5.850000001191801,-1791490.0823874064,469150.2918125515,-1322339.790574855,309.57012185271816,1622.7480817628912,1.022569178975259,53.6
6725000,13450.000001822626,5.900000001201987,-1792243.792240885,468155.6361461082,-1324088.156094777,308.9137955512408,1622.0632575522206,1.0230009008132246,53.6
6750000,13500.000001832812,5.950000001212174,-1791411.039999948,468448.2096226154,-1322962.8303773324,309.1068509715482,1623.5877349297805,1.0220403480220444,53.6
6775000,13550.000001842998,6.00000000122236,-1791172.2716947962,469860.1707536361,-1321312.10094116,310.0385374417679,1623.611121099765,1.0220256267572048,53.6
6800000,13600.000001853185,6.050000001232546,-1792197.7987594863,472432.2334454068,-1319765.5653140796,311.7357201459032,1620.8237022877995,1.0237832599003485,53.6
6825000,13650.000001863373,6.1000000012427344,-1790507.3756110184,468393.057603159,-1322114.3180078594,309.0704587584738,1627.8982675738605,1.019334074312274,53.6
6850000,13700.000001873555,6.150000001252917,-1791135.258369809,467796.3322942039,-1323338.9260756052,308.6767079075639,1624.120288948298,1.0217052178607318,53.6
6875000,13750.000001883744,6.200000001263105,-1791751.188476474,470965.05041482986,-1320786.138061644,310.7675953520314,1623.678351388246,1.0219833085987695,53.6
6900000,13800.00000189393,6.250000001273292,-1790858.706197991,468391.7446467565,-1322466.9615512346,309.06959240054846,1624.903704537863,1.021212622642088,53.6
6925000,13850.000001904116,6.300000001283478,-1793052.770008104,470747.348585515,-1322305.4214225889,310.623944195878,1623.3166891184358,1.0222109984916743,53.6
6950000,13900.000001914304,6.350000001293666,-1790713.0509118373,470916.52534639934,-1319796.525565438,310.7355759509799,1622.8730423678512,1.0224904415386986,53.6
6975000,13950.000001924487,6.400000001303849,-1793986.179415699,469973.3724803909,-1324012.8069353085,310.1132339152797,1622.5301932855086,1.0227064990956158,53.6
7000000,14000.000001934675,6.450000001314037,-1790925.2575587966,470279.3057056933,-1320645.9518531032,310.3151048029003,1624.2398172108924,1.021630030287887,53.6
7025000,14050.000001944862,6.500000001324223,-1791592.9977987623,469723.9846715581,-1321869.013127204,309.94867467761907,1621.1777193271273,1.0235596960589126,53.6
7050000,14100.000001955048,6.55000000133441,-1793399.572761802,470058.9319095792,-1323340.640852223,310.16969054204026,1623.0866324199717,1.0223558869300051,53.6
7075000,14150.000001965234,6.600000001344596,-1790620.2285583336,470804.31546560815,-1319815.9130927254,310.6615339497794,1623.8061776163938,1.0219028579431626,53.6
7100000,14200.00000197542,6.650000001354782,-1791088.3364225272,469881.0080465889,-1321207.3283759383,310.05228698734226,1622.2792935474936,1.0228646696361077,53.6
7125000,14250.000001985609,6.7000000013649705,-1793087.0368084898,471511.1206383701,-1321575.9161701198,311.1279213042723,1620.0645968582833,1.0242629688161198,53.6
7150000,14300.000001995792,6.750000001375153,-1792484.656040443,468416.12392077135,-1324068.5321196718,309.0856791321549,1622.4163546994794,1.0227782583955285,53.6
7175000,14350.00000200598,6.800000001385341,-1789151.0264001004,469993.0171445144,-1319158.0092555862,310.12619650141164,1623.2303476534462,1.0222653710551657,53.6
7200000,14400.000002016166,6.850000001395528,-1790430.7042516442,470186.3450638427,-1320244.3591878014,310.25376446542765,1623.3320667295611,1.0222013152213534,53.6
7225000,14450.000002026352,6.900000001405714,-1789778.8163449047,469489.405859652,-1320289.4104852527,309.7938871976725,1624.7415377342872,1.021314550722917,53.6
7250000,14500.00000203654,6.950000001415902,-1789609.3521658003,469115.4250149157,-1320493.9271508849,309.5471148995497,1625.6282931213702,1.020757439245717,53.6
7275000,14550.000002046723,7.000000001426085,-1791153.4998788796,470261.3037953258,-1320892.1960835538,310.3032261923925,1624.752997411494,1.0213073472063847,53.6
7300000,14600.000002056911,7.050000001436273,-1789219.8423160892,469914.6995448028,-1319305.1427712864,310.074518415926,1623.7324342715635,1.0219492686283504,53.6
7325000,14650.000002067098,7.1000000014464595,-1791477.3830408454,470249.6343816504,-1321227.748659195,310.29552609739847,1621.915265957042,1.023094244490517,53.6
7350000,14700.000002077284,7.150000001456646,-1790123.0105698667,469796.14034078096,-1320326.870229086,309.9962867961736,1625.551127867187,1.020805894816205,53.6
7375000,14750.00000208747,7.200000001466832,-1792216.313740665,471334.13292839314,-1320882.180812272,311.0111354727378,1625.4204179469918,1.020887984013297,53.6
7400000,14800.000002097657,7.2500000014770185,-1792370.2421019943,469221.3719011163,-1323148.870200878,309.617024246391,1620.7470888790865,1.0238316545733128,53.6
7425000,14850.000002107843,7.300000001487205,-1789849.142066629,470865.9670378344,-1318983.1750287944,310.70221491078394,1619.2018113119923,1.0248087434557736,53.6
7450000,14900.00000211803,7.350000001497391,-1792406.6141014928,469346.8979553051,-1323059.7161461876,309.6998529615577,1623.6767521230977,1.021984315216796,53.6
7475000,14950.000002128216,7.4000000015075775,-1790941.425154562,470523.61266117846,-1320417.8124933837,310.47631142538114,1620.621891488366,1.0239107483165004,53.6
7500000,15000.000002138402,7.450000001517764,-1790076.8200401356,471411.5050646736,-1318665.314975462,311.06218969155503,1625.978815424028,1.020537388255713,53.6
7525000,15050.000002148588,7.50000000152795,-1792766.1495497609,471215.1544405189,-1321550.995109242,310.932627187372,1623.0437467726144,1.022382900615944,53.6
7550000,15100.000002158777,7.550000001538138,-1790750.7933112094,470500.70987607184,-1320250.0834351375,310.4611989590778,1623.775337574224,1.0219222667409829,53.6
7575000,15150.00000216896,7.600000001548321,-1791599.946694428,471370.7924198573,-1320229.1542745708,311.0353253399033,1621.130835535365,1.0235892978397154,53.6
7600000,15200.000002179147,7.650000001558509,-1791294.764358541,468747.6040325855,-1322547.1603259556,309.30440720372786,1621.476974127919,1.0233707910310703,53.6
7625000,15250.000002189334,7.700000001568696,-1791724.276006421,468972.2810264669,-1322751.994979954,309.4526609415752,1625.3204793717375,1.0209507569198786,53.6
7650000,15300.00000219952,7.750000001578882,-1789071.7114630118,469570.7527771844,-1319500.9586858274,309.847564186928,1621.3791865304015,1.0234325119239105,53.6
7675000,15350.000002209708,7.80000000158907,-1793009.54775773,471129.2466318437,-1321880.3011258862,310.8759406814403,1621.6263330789304,1.0232765340590877,53.6
7700000,15400.000002219893,7.850000001599255,-1792400.9697411852,468338.8647376119,-1324062.1050035737,309.034699445768,1624.040338546998,1.0217555157137097,53.6
7725000,15450.00000223008,7.900000001609441,-1791098.9211551177,470854.3170183822,-1320244.6041367352,310.69452761312186,1624.9712689351993,1.0211701618203366,53.6
7750000,15500.000002240266,7.950000001619627,-1791940.168514057,469742.1778584819,-1322197.9906555752,309.96067950249324,1623.39779602247,1.0221599276022348,53.6
7775000,15550.000002250452,8.000000001629813,-1793554.370657768,469544.0534911861,-1324010.317166582,309.8299465889768,1620.2632715988402,1.0241373749184126,53.6
7800000,15600.000002260638,8.050000001639999,-1789127.465065715,468783.39256321377,-1320344.072502501,309.3280223649691,1622.6644170899076,1.022621902702396,53.6
7825000,15650.000002270825,8.100000001650185,-1792020.0994054973,471727.28161932377,-1320292.8177861734,311.270555727359,1627.2534317670247,1.0197380083875769,53.6
7850000,15700.00000228101,8.150000001660372,-1791718.4082150152,469961.13154171256,-1321757.2766733023,310.1051566979266,1626.0823003864766,1.0204724405754655,53.6
7875000,15750.000002291195,8.200000001670556,-1791634.746345304,470660.1682504621,-1320974.578094842,310.566418009885,1623.8431574763715,1.0218795860991894,53.6
7900000,15800.000002301384,8.250000001680746,-1789879.3158290768,470031.5091693167,-1319847.8066597602,310.15159557078533,1622.8458326792845,1.0225075852783667,53.6
7925000,15850.00000231157,8.300000001690933,-1791907.2897075403,472383.75813455513,-1319523.5315729857,311.7037335775282,1622.1323625551522,1.0229573196099384,53.6
7950000,15900.000002321756,8.350000001701119,-1791698.2034091975,470902.3668851384,-1320795.8365240593,310.72623345102994,1620.9866012921354,1.023680376092697,53.6
7975000,15950.000002331944,8.400000001711305,-1791606.3582319897,470199.06905523874,-1321407.289176751,310.2621604264569,1624.3548412884293,1.021557686457074,53.6
8000000,16000.000002342127,8.450000001721488,-1791631.1929622842,470150.7046365578,-1321480.4883257265,310.23024703058843,1626.5322088672492,1.0201901718303976,53.6
8025000,16050.000002352315,8.500000001731678,-1792824.491661029,470110.4599905569,-1322714.031670472,310.2036914892537,1624.160208461564,1.021680105821423,53.6
8050000,16100.000002362502,8.550000001741864,-1790068.2123897169,470591.99947477056,-1319476.2129149465,310.52143665408994,1622.8502413673714,1.0225048075007903,53.6
8075000,16150.000002372688,8.60000000175205,-1791022.8871564409,471361.6941263076,-1319661.1930301334,311.02932180565864,1625.4166371354588,1.0208903586568043,53.6
8100000,16200.000002382874,8.650000001762237,-1788635.5479974234,468642.0846028372,-1319993.4633945862,309.2347799152127,1623.6481398372014,1.022002324849974,53.6
8125000,16250.00000239306,8.700000001772423,-1790844.517420941,469231.5493616246,-1321612.9680593165,309.62373987194786,1623.7983908119404,1.021907758402339,53.6
8150000,16300.000002403249,8.75000000178261,-1790179.5116447816,466689.8985872336,-1323489.613057548,307.94662455588264,1625.8909147536326,1.0205925616500513,53.6
8175000,16350.000002413432,8.800000001792792,-1792224.5456412164,470309.9187772866,-1321914.62686393,310.33530492313645,1619.484255354463,1.024630013021499,53.6
8200000,16400.000002423618,8.850000001802979,-1792084.203712251,468302.3238691153,-1323781.8798431358,309.0105878522968,1623.6750622493812,1.0219853788683066,53.6
8225000,16450.000002433804,8.900000001813165,-1791678.6699385203,469222.4566193107,-1322456.21331921,309.6177400007015,1623.4726911845466,1.022112772615359,53.6
8250000,16500.00000244399,8.950000001823351,-1791843.1091051344,469919.2438468672,-1321923.8652582671,310.0775169862528,1623.0641056919112,1.022370076346779,53.6
8275000,16550.000002454177,9.000000001833538,-1787247.9740655208,469815.875607256,-1317432.098458265,310.0093091665186,1625.9658137836766,1.0205455487348416,53.6
8300000,16600.000002464363,9.050000001843724,-1790573.7387889586,470142.8362371077,-1320430.902551851,310.225055045378,1622.0905583227516,1.0229836830859511,53.6
8325000,16650.00000247455,9.10000000185391,-1790285.4702632232,471415.3872034448,-1318870.0830597784,311.0647513315954,1622.582477183587,1.022673544787829,53.6
8350000,16700.000002484736,9.150000001864097,-1791586.3508735644,468992.0645247432,-1322594.2863488211,309.4657151378081,1625.968176985858,1.0205440654613671,53.6
8375000,16750.000002494922,9.200000001874283,-1792065.94764659,470347.4826395916,-1321718.4650069985,310.36009154191066,1621.9969188951795,1.0230427409086782,53.6
8400000,16800.00000250511,9.25000000188447,-1791549.9303616865,469345.1430849239,-1322204.7872767623,309.69869500546724,1621.7473812740986,1.0232001560861457,53.6
8425000,16850.000002515295,9.300000001894656,-1794059.0376746813,468771.7488147535,-1325287.2888599278,309.32033920523844,1621.3981025755636,1.02342057204586,53.6
8450000,16900.00000252548,9.350000001904842,-1792552.41404928,469574.7875874637,-1322977.626461816,309.85022656768666,1620.2923142819084,1.024119017923853,53.6
8475000,16950.000002535668,9.400000001915028,-1792390.40225087,469152.4637884036,-1323237.9384624665,309.57155503701097,1623.1035245978092,1.022345246932498,53.6
8500000,17000.000002545854,9.450000001925215,-1794200.3670030937,471171.8286082507,-1323028.5383948428,310.9040385167291,1626.2401057367515,1.020373417060818,53.6
8525000,17050.00000255604,9.500000001935401,-1790153.8157645073,469619.8372460441,-1320533.9785184632,309.8799527099049,1626.7202117358197,1.02007226668764,53.6
8550000,17100.000002566227,9.550000001945588,-1790084.8270355826,471518.9058140228,-1318565.92122156,311.1330583740291,1622.8181714019718,1.0225250141353817,53.6
8575000,17150.000002576413,9.600000001955774,-1791776.7724608928,469673.0573326626,-1322103.7151282302,309.91507013173543,1622.7241402867835,1.0225842658375035,53.6
8600000,17200.0000025866,9.65000000196596,-1792060.3855810948,469125.8581928373,-1322934.5273882574,309.55399926095123,1622.5138775020705,1.0227167832959494,53.6
8625000,17250.000002596786,9.700000001976147,-1791342.4599992586,470311.66572403465,-1321030.794275224,310.3364576507955,1624.5454746348055,1.0214378111052749,53.6
8650000,17300.000002606972,9.750000001986333,-1790770.6494181976,469962.91592039296,-1320807.7334978045,310.10633412515017,1622.9750387211047,1.02242618282012,53.6
8675000,17350.00000261716,9.80000000199652,-1790271.5304817148,470275.4555845979,-1319996.074897117,310.31256428981214,1620.7626438764885,1.0238218285208756,53.6
8700000,17400.000002627345,9.850000002006706,-1790463.041878939,468176.22608172486,-1322286.815797214,308.9273818773905,1621.8339079007328,1.0231455672300078,53.6
8725000,17450.00000263753,9.900000002016892,-1790434.6509438287,470945.69015188655,-1319488.9607919422,310.75482042880725,1620.353185626593,1.0240805451376171,53.6
8750000,17500.000002647717,9.950000002027078,-1789603.4392953552,470815.741134612,-1318787.698160743,310.6690732091755,1623.7524118864533,1.0219366952158178,53.6
8775000,17550.000002657904,10.000000002037265,-1791708.5309470857,470587.41991691577,-1321121.1110301698,310.518414820132,1623.5852462940966,1.0220419146081452,53.6
8800000,17600.00000266809,10.050000002047451,-1793727.4928643536,470721.31724901206,-1323006.1756153414,310.6067673462547,1623.0473505551906,1.0223806305369585,53.6
8825000,17650.000002678276,10.100000002057637,-1792742.078239508,469898.6637142114,-1322843.4145252963,310.063937128614,1620.5129504939214,1.0239795819874131,53.6
8850000,17700.000002688463,10.150000002067824,-1790477.4287719307,470132.2849750725,-1320345.1437968584,310.2180927658464,1626.2307992456865,1.0203792563894627,53.6
8875000,17750.00000269865,10.20000000207801,-1791606.5609653592,469593.96266878,-1322012.5982965792,309.8628792983003,1622.009340095487,1.023034906540223,53.6
8900000,17800.000002708835,10.250000002088196,-1791153.7501608469,469647.1900170763,-1321506.5601437709,309.8980015117691,1624.2285902771462,1.0216370919617983,53.6
8925000,17850.00000271902,10.300000002098383,-1793613.790191318,469496.9051064088,-1324116.8850849092,309.798835596454,1621.5240978492643,1.023341050467823,53.6
8950000,17900.000002729208,10.350000002108569,-1793881.748861269,471962.2554090524,-1321919.4934522167,311.4256038345177,1620.1933794858094,1.0241815542898836,53.6
8975000,17950.000002739394,10.400000002118755,-1793327.5599244535,469058.5384285284,-1324269.021495925,309.50957812767285,1621.1467699450905,1.0235792368806678,53.6
9000000,18000.00000274958,10.450000002128942,-1793604.419807841,469647.8776820169,-1323956.542125824,309.89845526938825,1622.1589591742022,1.022940547390434,53.6
9025000,18050.000002759767,10.500000002139128,-1791892.2785489531,469215.4928155933,-1322676.78573336,309.6131449154953,1622.6306957553377,1.022643154719512,53.6
9050000,18100.000002769957,10.550000002149318,-1788849.5292775957,470639.681638715,-1318209.8476388808,310.5528998622773,1625.3665442212896,1.0209218219432208,53.6
9075000,18150.00000278014,10.6000000021595,-1792667.2036620649,471222.1152667029,-1321445.088395362,310.9372203078444,1620.0242043803255,1.0242885070267704,53.6
9100000,18200.00000279033,10.65000000216969,-1790481.3227542173,469797.1210394099,-1320684.2017148074,309.99693391288514,1622.9894300043186,1.022417116818524,53.6
9125000,18250.000002800512,10.700000002179873,-1789708.4941236023,468117.7782141038,-1321590.7159094985,308.8888148897593,1622.8158903465333,1.0225264514125605,53.6
9150000,18300.0000028107,10.75000000219006,-1792318.993943383,471188.42661440006,-1321130.567328983,310.91499075714296,1622.7649962886865,1.022558520455513,53.6
9175000,18350.000002820885,10.800000002200246,-1791860.8124551931,471307.84322091925,-1320552.9692342738,310.99378813631233,1623.1629400445672,1.0223078242572454,53.6
9200000,18400.00000283107,10.850000002210432,-1791122.8278838946,470293.1908854799,-1320829.6369984148,310.3242669773111,1621.3161530213988,1.0234723009202351,53.6
9225000,18450.000002841258,10.900000002220619,-1789670.4175073467,470996.7781856537,-1318673.639321693,310.78853100964784,1624.9378598131348,1.021191157330029,53.6
9250000,18500.000002851444,10.950000002230805,-1791619.592123624,471020.6749343052,-1320598.9171893187,310.80429934555434,1621.629327927688,1.02327464425702,53.6
9275000,18550.00000286163,11.000000002240991,-1791960.3760338891,471381.1904008954,-1320579.1856329937,311.0421864765437,1619.595692947217,1.0245595125239906,53.6
9300000,18600.000002871817,11.050000002251178,-1793621.0653169248,469743.6081776039,-1323877.457139321,309.96162330253475,1621.6648097267082,1.0232522551510517,53.6
9325000,18650.000002882003,11.100000002261364,-1788802.9352501528,471150.6287251424,-1317652.3065250104,310.8900497150346,1620.2469431372035,1.0241476959302238,53.6
9350000,18700.00000289219,11.15000000227155,-1794042.0325068384,469932.47428090713,-1324109.5582259314,310.08624712486585,1621.7427107545216,1.023203102839862,53.6
9375000,18750.000002902376,11.200000002281737,-1790349.8146014707,469864.9992113402,-1320484.8153901305,310.041723512982,1620.7037979234703,1.023859002353193,53.6
9400000,18800.00000291256,11.25000000229192,-1792025.4850413585,469646.3959647452,-1322379.0890766133,309.89747755413504,1620.917786739205,1.0237238354883555,53.6
9425000,18850.00000292275,11.30000000230211,-1791104.1745815324,471041.70068466,-1320062.4738968725,310.81817324526827,1619.6385877796683,1.0245323778848447,53.6
9450000,18900.00000293293,11.350000002312292,-1792636.185230311,468274.626484325,-1324361.558745986,308.992311656088,1622.2621091227566,1.0228755047168463,53.6
9475000,18950.00000294312,11.400000002322482,-1791849.1504639443,469906.2142537549,-1321942.9362101897,310.068919373083,1623.1662834188326,1.0223057185224813,53.6
9500000,19000.000002953308,11.450000002332668,-1794007.1637442503,470258.95534138544,-1323748.2084028649,310.3016765585435,1620.84515326358,1.02376971070358,53.6
9525000,19050.00000296349,11.500000002342851,-1789750.3313504057,471644.0458002733,-1318106.2855501324,311.21563234119543,1624.1598085741848,1.0216803573711646,53.6
9550000,19100.00000297368,11.550000002353041,-1791638.4407582982,471594.9991325037,-1320043.4416257944,311.1832687613728,1621.5113420646926,1.0233491006847069,53.6
9575000,19150.000002983867,11.600000002363227,-1793958.8584896931,469824.1866398599,-1324134.671849833,310.0147932244438,1621.0145214713025,1.0236627443323814,53.6
9600000,19200.000002994053,11.650000002373414,-1790695.4375923255,469794.9184325525,-1320900.5191597734,309.9954805166385,1621.9785929885347,1.0230542997454253,53.6
9625000,19250.00000300424,11.7000000023836,-1789753.3044599462,472311.1020877245,-1317442.2023722215,311.65579128342074,1625.1301505466542,1.0210703266404744,53.6
9650000,19300.000003014426,11.750000002393787,-1791949.361816463,471334.4893569751,-1320614.872459488,311.0113706631266,1620.2347510321338,1.024155402539595,53.6
9675000,19350.00000302461,11.80000000240397,-1790660.5936249662,470816.8603716002,-1319843.733253366,310.6698117408079,1624.4717357988982,1.0214841767227754,53.6
9700000,19400.0000030348,11.85000000241416,-1793428.5691200253,469706.8505053957,-1323721.7186146297,309.93736865053285,1621.4078881300743,1.0234143954768,53.6
9725000,19450.000003044985,11.900000002424346,-1791375.999941158,470059.98556390696,-1321316.0143772513,310.1703857987721,1626.156741432514,1.0204257261143113,53.6
9750000,19500.00000305517,11.950000002434532,-1792624.258965822,471219.99906210415,-1321404.2599037178,310.93582392436787,1620.8853057323497,1.023744349944746,53.6
9775000,19550.00000306536,12.000000002444722,-1791574.1359470086,468004.5880101456,-1323569.547936863,308.8141260195969,1621.9165636631596,1.023093425906078,53.6
9800000,19600.000003075544,12.050000002454905,-1789330.1630292963,470387.1669549333,-1318942.9960743631,310.3862773475052,1623.9728568115563,1.0217979732185305,53.6
9825000,19650.00000308573,12.10000000246509,-1791575.4430763926,470440.6476074754,-1321134.7954689171,310.4215667044834,1624.8385496537437,1.0212535725506826,53.6
9850000,19700.00000309592,12.15000000247528,-1790161.4990850417,468408.0284691378,-1321753.4706159038,309.0803373259312,1623.7988104054314,1.0219074943389337,53.6
9875000,19750.000003106103,12.200000002485464,-1789319.6692350665,470907.1310544462,-1318412.5381806204,310.72937710136733,1621.3169071825266,1.0234718248485797,53.6
9900000,19800.00000311629,12.25000000249565,-1792845.882311266,471106.9584806022,-1321738.9238306638,310.86123378299834,1622.736289224497,1.022576610057181,53.6
9925000,19850.000003126475,12.300000002505836,-1791845.8838457372,470366.0809479162,-1321479.802897821,310.3723636872654,1623.1086525291182,1.0223420170093551,53.6
9950000,19900.00000313666,12.350000002516023,-1794445.231330613,471773.21596761263,-1322672.015363,311.30086563453625,1623.798774061377,1.021907517211387,53.6
9975000,19950.000003146848,12.400000002526209,-1791298.3673930531,469805.031720767,-1321493.335672286,310.0021537979292,1623.067375271276,1.0223680168388642,53.6
10000000,20000.000003157034,12.450000002536395,-1790578.111175374,471380.6224707496,-1319197.4887046246,311.0418117262612,1619.9791115907085,1.024317018521656,53.6
10025000,20050.00000316722,12.500000002546582,-1790534.8857317306,469503.4717447113,-1321031.413987019,309.8031686109589,1622.551547940008,1.0226930390955498,53.6
10050000,20100.000003177407,12.550000002556768,-1791637.81397135,470261.3207289383,-1321376.4932424116,310.3032373660837,1622.398483153297,1.0227895248193255,53.6
10075000,20150.000003187597,12.600000002566958,-1791236.8089714972,470391.4827294777,-1320845.3262420194,310.3891251233137,1620.2550538649132,1.0241425692169472,53.6
10100000,20200.00000319778,12.65000000257714,-1792065.744893767,472208.8573501381,-1319856.887543629,311.58832480961524,1621.4059539019845,1.0234156163412398,53.6
10125000,20250.00000320797,12.70000000258733,-1791521.4168930426,471642.9582251503,-1319878.4586678925,311.2149147017327,1622.9020148859915,1.0224721877423548,53.6
10150000,20300.000003218152,12.750000002597513,-1792833.4360964298,469952.85330866056,-1322880.5827877694,310.0996942828768,1621.8682601008904,1.023123896356867,53.6
10175000,20350.00000322834,12.8000000026077,-1792305.5129768746,470405.8739556063,-1321899.6390212683,310.3986212138076,1622.7264702222212,1.0225827975954047,53.6
10200000,20400.000003238525,12.850000002617886,-1790742.4532520613,468907.8634662717,-1321834.5897857896,309.41015483573426,1623.2696783888434,1.0222406022509736,53.6
10225000,20450.00000324871,12.900000002628072,-1790774.5453037955,472207.86390977976,-1318566.6813940157,311.5876692852382,1623.904854955298,1.021840761537494,53.6
10250000,20500.000003258898,12.950000002638259,-1791461.321519127,471789.8902426534,-1319671.4312764737,311.3118682011897,1621.0561112059645,1.0236364812921166,53.6
10275000,20550.000003269084,13.000000002648445,-1793154.8577945177,470026.6304715006,-1323128.227323017,310.148376348494,1620.6045096445116,1.0239217303029398,53.6
10300000,20600.00000327927,13.050000002658631,-1792978.0571467988,470647.94868007215,-1322330.1084667267,310.55835489245624,1622.8889461515478,1.0224804214650194,53.6
10325000,20650.000003289457,13.100000002668818,-1791322.7261749776,469262.9461243506,-1322059.780050627,309.64445711295247,1625.6710596684438,1.0207305861681422,53.6
10350000,20700.000003299643,13.150000002679004,-1792243.0804592809,470622.9716871944,-1321620.1087720864,310.54187375439955,1625.1607405107318,1.0210511073079898,53.6
10375000,20750.00000330983,13.20000000268919,-1791512.6886835515,470240.4322810331,-1321272.2564025186,310.28945406577213,1624.1740403868905,1.021671404904785,53.6
10400000,20800.000003320016,13.250000002699377,-1791409.3113892537,467921.0357406622,-1323488.275648591,308.75899382273707,1620.6024085254244,1.0239230578225582,53.6
10425000,20850.0000033302,13.30000000270956,-1790482.5760745313,470018.6662370942,-1320463.909837437,310.1431211263217,1622.4173319201304,1.0227776423517918,53.6
10450000,20900.00000334039,13.35000000271975,-1791440.492731613,471173.9619246925,-1320266.5308069207,310.90544619150273,1621.5907310992673,1.0232990000670985,53.6
10475000,20950.00000335057,13.400000002729932,-1791411.0883472627,467682.1590399197,-1323728.929307343,308.6013703689161,1622.804715892937,1.0225334924164902,53.6
10500000,21000.00000336076,13.450000002740122,-1792226.340299799,469197.8841427195,-1323028.4561570797,309.6015257838389,1622.231189392293,1.0228950007264843,53.6
10525000,21050.000003370948,13.500000002750308,-1793812.750622985,469652.5560428588,-1324160.194580126,309.90154229877135,1620.9160738768644,1.023724917282801,53.6
10550000,21100.00000338113,13.550000002760491,-1791067.659586741,468238.4818797077,-1322829.177707033,308.9684615384372,1621.9189196894365,1.0230919397436282,53.6
10575000,21150.00000339132,13.600000002770681,-1790962.1485267673,469990.1177677631,-1320972.0307590042,310.12428333961714,1623.7335312843788,1.0219485781878177,53.6
10600000,21200.000003401507,13.650000002780867,-1791532.1075055562,471867.2781943615,-1319664.8293111948,311.3629328558608,1621.7537249967836,1.0231961536917369,53.6
10625000,21250.000003411693,13.700000002791054,-1792200.6678472543,470577.9371405623,-1321622.730706692,310.5121575838424,1625.2432964585637,1.0209992419398126,53.6
10650000,21300.00000342188,13.75000000280124,-1794177.8879781133,471439.1348406984,-1322738.7531374148,311.08042127593217,1622.5414823698156,1.0226993834563454,53.6
10675000,21350.000003432066,13.800000002811426,-1788563.70085215,469531.5916786662,-1319032.109173484,309.8217236274064,1624.229180537846,1.0216367206889314,53.6
10700000,21400.00000344225,13.85000000282161,-1790474.3466119329,471406.0465779908,-1319068.300033942,311.0585878939711,1624.8488976669123,1.0212470685948791,53.6
10725000,21450.00000345244,13.9000000028318,-1792974.5904534524,470903.7005015366,-1322070.889951916,310.7271134415108,1622.5623438821312,1.0226862344665002,53.6
10750000,21500.000003462625,13.950000002841985,-1791920.4644958898,473044.98985303566,-1318875.4746428542,312.14004916175617,1625.03951483651,1.0211272762920474,53.6
10775000,21550.00000347281,14.000000002852172,-1793951.1100506105,468884.7690326194,-1325066.3410179908,309.39491590960625,1621.7261432453856,1.023213555854278,53.6
10800000,21600.000003483,14.050000002862362,-1790283.813252315,471741.30468512734,-1318542.5085671877,311.2798088862408,1621.5591486313278,1.0233189304580983,53.6
10825000,21650.000003493184,14.100000002872545,-1793378.0175857954,469206.544758305,-1324171.4728274904,309.6072405150646,1620.7558032569382,1.0238261496996752,53.6
10850000,21700.00000350337,14.15000000288273,-1793124.6364050517,471647.83612542704,-1321476.8002796248,311.21813339776554,1622.2785602770132,1.0228651319712985,53.6
10875000,21750.00000351356,14.20000000289292,-1791545.2049495217,470731.1016884178,-1320814.1032611036,310.6132236357465,1622.3882567269684,1.022795971785199,53.6
10900000,21800.000003523743,14.250000002903104,-1793906.9002565865,468902.791926808,-1325004.1083297783,309.4068083663465,1618.874557071962,1.0250159077509011,53.6
10925000,21850.00000353393,14.30000000291329,-1792912.5443423986,471270.2978197235,-1321642.2465226753,310.9690136991522,1622.1342150312728,1.0229561513934065,53.6
10950000,21900.000003544115,14.350000002923476,-1792960.2772449944,469235.4525678098,-1323724.8246771847,309.6263154133798,1621.2519404930763,1.023512837336858,53.6
10975000,21950.0000035543,14.400000002933663,-1791797.7193396576,469351.9633860692,-1322445.7559535883,309.70319540010297,1623.2125914184096,1.022276553560953,53.6
11000000,22000.000003564488,14.450000002943849,-1792862.7256765915,470607.5474806073,-1322255.178195984,310.531696048884,1623.6445103762223,1.0220046094125952,53.6
11025000,22050.000003574674,14.500000002954035,-1790559.5795839634,468639.2643217394,-1321920.315262224,309.2329189449046,1622.4530075668022,1.0227551527920806,53.6
11050000,22100.00000358486,14.550000002964222,-1790034.1301060142,471877.6422482132,-1318156.487857801,311.36977160555307,1622.211199175674,1.0229076056774635,53.6
11075000,22150.000003595047,14.600000002974408,-1790948.7897687647,471059.741061736,-1319889.0487070289,310.8300772381404,1624.5993079004977,1.0214039644005486,53.6
11100000,22200.000003605237,14.650000002984598,-1789379.0342494445,470758.39185447193,-1318620.6423949725,310.6312311275421,1624.8580808686947,1.0212412968182478,53.6
11125000,22250.00000361542,14.70000000299478,-1789214.6581124405,469705.2221946758,-1319509.4359177644,309.9362942051861,1624.5670174322574,1.0214242661867592,53.6
11150000,22300.00000362561,14.75000000300497,-1792581.168826378,471965.6629028872,-1320615.5059234907,311.4278522787797,1624.7661158901024,1.0212991010973262,53.6
11175000,22350.000003635792,14.800000003015153,-1789593.419917332,468918.2294732228,-1320675.1904441093,309.4169948741846,1623.3067881885554,1.022217233196964,53.6
11200000,22400.00000364598,14.85000000302534,-1790376.6229669943,468823.190740113,-1321553.4322268816,309.3542833024282,1623.9101091481482,1.0218374553517675,53.6
11225000,22450.000003656165,14.900000003035526,-1790775.1381366774,468840.9971591064,-1321934.140977571,309.36603291741034,1622.371872289058,1.022806301067518,53.6
11250000,22500.00000366635,14.950000003045712,-1790420.1804226509,469856.2473039321,-1320563.933118719,310.0359485425939,1624.7583018354355,1.0213040128968216,53.6
11275000,22550.000003676538,15.000000003055899,-1790796.585160358,470642.585348408,-1320153.99981195,310.55481588317554,1624.901075910696,1.0212142746732689,53.6
11300000,22600.000003686724,15.050000003066085,-1792854.1222702656,471734.9418939617,-1321119.1803763038,311.2756103808346,1625.4674101184528,1.0208584701990622,53.6
11325000,22650.00000369691,15.100000003076271,-1791830.4281741716,469317.3838335567,-1322513.044340615,309.68037798642604,1620.649485498159,1.023893314686669,53.6
11350000,22700.000003707097,15.150000003086458,-1790368.8510422064,469845.1377435203,-1320523.713298686,310.0286178683294,1624.9812885003098,1.021163865328803,53.6
11375000,22750.000003717283,15.200000003096644,-1792402.0416285638,467407.8437846352,-1324994.1978439286,308.4203626865455,1623.1727398449882,1.022301652139885,53.6
11400000,22800.00000372747,15.25000000310683,-1789175.97961127,471271.3203642725,-1317904.6592469977,310.9696884280103,1623.7589583783254,1.0219325750844186,53.6
11425000,22850.000003737656,15.300000003117017,-1791146.257981629,471303.7801898223,-1319842.477791807,310.99110713396885,1622.2728964980138,1.0228687030610124,53.6
11450000,22900.00000374784,15.3500000031272,-1793528.4749755487,472766.76536271407,-1320761.7096128347,311.95646195979896,1622.6193918320612,1.0226502789285647,53.6
11475000,22950.00000375803,15.40000000313739,-1790720.8828743864,469702.67148034455,-1321018.2113940418,309.9346111092569,1622.2851805636449,1.0228609578221168,53.6
11500000,23000.00000376821,15.450000003147572,-1791011.9933891073,468404.4680752132,-1322607.525313894,309.0779879901207,1621.1881122068266,1.0235531343695523,53.6
11525000,23050.0000037784,15.500000003157762,-1788737.6310367184,468151.4962690293,-1320586.134767689,308.9110638418629,1622.7173998303383,1.0225885134561623,53.6
11550000,23100.000003788587,15.550000003167948,-1791375.51185356,468608.2198256502,-1322767.2920279098,309.21243414801773,1622.3898913997916,1.0227949412457542,53.6
11575000,23150.00000379877,15.600000003178131,-1793078.3319926932,469076.0910899055,-1324002.2409027878,309.52116029998774,1622.7560320822531,1.0225641691331244,53.6
11600000,23200.00000380896,15.650000003188321,-1790613.55417791,470612.3242997279,-1320001.229878182,310.5348480462354,1623.8321161502502,1.0218865344195576,53.6
11625000,23250.000003819147,15.700000003198507,-1788755.787157894,470763.8471657164,-1317991.9399921778,310.6348308298042,1622.1162303555618,1.0229674930804602,53.6
11650000,23300.000003829333,15.750000003208694,-1788881.1175527358,469651.2126740105,-1319229.9048787253,309.9006558731092,1623.2104187350494,1.0222779218883318,53.6
11675000,23350.00000383952,15.80000000321888,-1791422.1004641522,469403.118570701,-1322018.9818934512,309.736950290628,1624.3796599402851,1.021542078231241,53.6
11700000,23400.000003849706,15.850000003229066,-1790539.8644716758,468569.8720600329,-1321969.9924116428,309.1871302684676,1624.6072529902424,1.0213989692571694,53.6
11725000,23450.00000385989,15.90000000323925,-1792153.78109984,468333.4504880865,-1323820.3306117535,309.0311268381952,1622.1241178363418,1.0229625189626652,53.6
11750000,23500.00000387008,15.95000000324944,-1789974.9516670844,470814.3665922046,-1319160.5850748797,310.668166213554,1623.5852848167924,1.0220418903582271,53.6
11775000,23550.000003880265,16.000000003259625,-1791658.3322221814,472095.36210681306,-1319562.9701153685,311.5134346583801,1626.8516396077985,1.0199898584802711,53.6
11800000,23600.00000389045,16.050000003269812,-1792333.329781266,471523.1922807734,-1320810.1375004924,311.1358868110086,1622.646500662463,1.0226331939670772,53.6
11825000,23650.00000390064,16.10000000328,-1790887.5923205568,468533.703975655,-1322353.8883449016,309.1632646576315,1624.4758460552662,1.0214815921587437,53.6
11850000,23700.000003910824,16.150000003290184,-1790040.9180273423,470511.4812161905,-1319529.436811152,310.4683064577435,1625.1385767220763,1.0210650324964463,53.6
11875000,23750.00000392101,16.20000000330037,-1789119.2236115595,469854.9577332889,-1319264.2658782708,310.0350976158267,1625.5966024439397,1.0207773387058243,53.6
11900000,23800.0000039312,16.25000000331056,-1790782.02402196,469689.3236751098,-1321092.70034685,309.92580352293515,1620.7765502755262,1.0238130440435285,53.6
11925000,23850.000003941383,16.300000003320744,-1790453.6770851817,470822.6595004655,-1319631.0175847162,310.6736383120811,1621.2719960218417,1.0235001762342166,53.6
11950000,23900.00000395157,16.35000000333093,-1792715.0093865425,468251.30766814266,-1324463.7017183995,308.976924670525,1618.2767112825566,1.0253945830665938,53.6
11975000,23950.000003961755,16.400000003341116,-1794038.5188602677,469799.0683137704,-1324239.450546497,309.99821882727525,1624.7402578221831,1.021315355277891,53.6
12000000,24000.00000397194,16.450000003351303,-1792105.5099252062,469218.25555056747,-1322887.254374639,309.6149679138341,1626.5277387420376,1.0201929755808037,53.6
12025000,24050.000003982128,16.50000000336149,-1792631.0553173348,469582.4472838521,-1323048.6080334827,309.8552808396027,1620.9561947034156,1.0236995787264742,53.6
12050000,24100.000003992314,16.550000003371675,-1793113.6979440553,471088.5465827084,-1322025.151361347,310.84908464108366,1625.086472917134,1.021097770060984,53.6
12075000,24150.0000040025,16.60000000338186,-1790643.2283934327,469099.7392348517,-1321543.489158581,309.53676459404943,1621.5642256323806,1.0233157265200703,53.6
12100000,24200.000004012687,16.650000003392048,-1794177.542041551,471492.1874097323,-1322685.354631819,311.1154281608197,1623.790968822744,1.021912429316569,53.6
12125000,24250.000004022877,16.700000003402238,-1788523.0655469624,469548.3026532798,-1318974.7628936826,309.8327504103749,1625.409761229129,1.020894677288725,53.6
12150000,24300.00000403306,16.75000000341242,-1792835.7712500906,471807.63025896566,-1321028.1409911248,311.32357400017844,1622.2915624446189,1.022856934022057,53.6
12175000,24350.00000404325,16.80000000342261,-1791286.7891443288,471388.9796218223,-1319897.8095225063,311.0473262155858,1625.4078584448855,1.0208958723994144,53.6
12200000,24400.000004053432,16.850000003432793,-1790531.5375793688,470739.64714195847,-1319791.8904374102,310.61886237697723,1625.0434809119424,1.0211247841323905,53.6
12225000,24450.00000406362,16.90000000344298,-1790453.2764625223,471286.8451637253,-1319166.431298797,310.9799325100074,1620.4481572672885,1.0240205255626988,53.6
12250000,24500.000004073805,16.950000003453166,-1792382.9522552015,468578.2009791716,-1323804.75127603,309.1926261288724,1623.393545883374,1.022162603676611,53.6
12275000,24550.00000408399,17.000000003463352,-1792461.3481186004,468963.86786337977,-1323497.4802552206,309.4471094925673,1623.6769432170015,1.0219841949373445,53.6
12300000,24600.000004094178,17.05000000347354,-1792609.7073179986,470359.7474642545,-1322249.959853744,310.36818452049704,1623.5588348103477,1.022058540826327,53.6
12325000,24650.000004104364,17.100000003483725,-1791867.0989779327,470270.52634442574,-1321596.572633507,310.3093117170069,1623.11740897904,1.0223365016432917,53.6
12350000,24700.00000411455,17.15000000349391,-1790387.687668818,470019.4373530447,-1320368.2503157733,310.14362994932134,1622.6518898455522,1.0226297975777776,53.6
12375000,24750.000004124737,17.200000003504098,-1792049.4589065202,470534.5398935161,-1321514.919013004,310.4835217899601,1622.185616446762,1.0229237374737958,53.6
12400000,24800.000004134923,17.250000003514284,-1789941.3706994904,471263.3763269974,-1318677.9943724931,310.9644465329711,1624.6174905577775,1.0213925328861535,53.6
12425000,24850.00000414511,17.30000000352447,-1788547.0936143857,469828.0811571889,-1318719.0124571966,310.01736303250993,1622.539608331224,1.0227005646775016,53.6
12450000,24900.000004155296,17.350000003534657,-1793177.101915354,470859.8505253206,-1322317.2513900334,310.6981789130296,1620.3294848073265,1.0240955245280077,53.6
12475000,24950.00000416548,17.40000000354484,-1791893.040869072,471318.4236056759,-1320574.6172633965,311.00076963255253,1623.2533843430783,1.0222508633940066,53.6
12500000,25000.00000417567,17.45000000355503,-1791715.8834782997,469343.3298757822,-1322372.5536025176,309.6974985543838,1623.536009633079,1.022072909874648,53.6
12525000,25050.00000418585,17.500000003565212,-1791387.2053900163,470497.5301742351,-1320889.6752157814,310.4591008239978,1623.9713303222925,1.021798933681075,53.6
12550000,25100.00000419604,17.550000003575402,-1789060.3175534569,471235.7193018468,-1317824.59825161,310.9461969681827,1622.8807259612986,1.0224856005169705,53.6
12575000,25150.000004206227,17.60000000358559,-1792186.959849082,469487.786135288,-1322699.173713794,309.7928184180565,1620.4448052819514,1.0240226438093527,53.6
12600000,25200.000004216414,17.650000003595775,-1793696.139684286,469979.97387979296,-1323716.165804493,310.1175898669927,1618.3408847167632,1.0253539222315162,53.6
12625000,25250.0000042266,17.70000000360596,-1792442.400642922,470362.6731448305,-1322079.7274980918,310.3701150389433,1623.661572782932,1.02199386957703,53.6
12650000,25300.000004236783,17.750000003616144,-1791717.066990071,471488.2324440917,-1320228.8345459793,311.1128184657674,1622.9564450652483,1.022437896406544,53.6
12675000,25350.000004246973,17.800000003626334,-1791694.412861742,472347.9154523535,-1319346.497409389,311.680082684221,1621.7944651426503,1.023170450582343,53.6
12700000,25400.00000425716,17.85000000363652,-1791187.0406022426,471027.8529820464,-1320159.1876201965,310.80903580027405,1621.162276245317,1.0235694464191052,53.6
12725000,25450.000004267346,17.900000003646706,-1788544.2386187818,471686.1109260101,-1316858.1276927716,311.2433891311354,1624.7624139925426,1.0213014280496344,53.6
12750000,25500.00000427753,17.95000000365689,-1794782.8803959154,469458.6155126452,-1325324.26488327,309.7735701017629,1617.285446649145,1.026023066670148,53.6
12775000,25550.00000428772,18.00000000366708,-1790267.159050997,471213.5896225944,-1319053.569428403,310.9315946379224,1624.3827343125504,1.0215401448195107,53.6
12800000,25600.000004297905,18.050000003677265,-1795269.7017216235,472030.4724265241,-1323239.2292950994,311.4706170227853,1618.6143032039563,1.0251807180792365,53.6
12825000,25650.00000430809,18.10000000368745,-1789274.7833304023,471577.80314726656,-1317696.9801831355,311.1719219427986,1625.194708878677,1.021029766209896,53.6
12850000,25700.00000431828,18.15000000369764,-1791085.2279035123,470233.8465285539,-1320851.3813749584,310.2851084387246,1626.3627592012745,1.0202964647732664,53.6
12875000,25750.000004328464,18.200000003707824,-1793633.971068445,470151.1437319884,-1323482.8273364562,310.2305367689267,1622.9760051410306,1.0224255740045658,53.6
12900000,25800.00000433865,18.25000000371801,-1789502.8587964186,469221.5992196463,-1320281.2595767723,309.6171742431537,1627.2316874275807,1.0197516349224889,53.6
12925000,25850.00000434884,18.3000000037282,-1792115.8205948565,469777.1029090852,-1322338.7176857714,309.983724894044,1623.8966599086623,1.021845918289707,53.6
12950000,25900.000004359023,18.350000003738383,-1791494.2861364698,469669.1082963067,-1321825.177840163,309.9124643491382,1623.3853801270318,1.022167745235027,53.6
12975000,25950.00000436921,18.40000000374857,-1791451.811582375,470823.3931053267,-1320628.4184770486,310.6741223832844,1624.4132957581137,1.0215209257306197,53.6
13000000,26000.000004379395,18.450000003758756,-1792694.5605926495,469095.2565566949,-1323599.3040359546,309.5338066864292,1621.418851629938,1.02340747548597,53.6
13025000,26050.00000438958,18.500000003768942,-1791562.238561503,470274.6687331984,-1321287.5698283042,310.31204508373287,1623.7172383345694,1.021958832779257,53.6
13050000,26100.000004399768,18.55000000377913,-1791740.0894959774,470573.5507544626,-1321166.5387415148,310.5092632148031,1620.4511901738388,1.0240186089615826,53.6
13075000,26150.000004409954,18.600000003789315,-1791919.855267941,470654.95348222455,-1321264.9017857164,310.5629770305935,1622.261539435805,1.022875863918377,53.6
13100000,26200.00000442014,18.6500000037995,-1792958.5342695515,470267.4535194767,-1322691.0807500752,310.3072841049378,1618.0902759732585,1.0255127283636054,53.6
13125000,26250.000004430327,18.700000003809688,-1792666.2606550446,471111.43557407113,-1321554.8250809736,310.8641880055469,1622.279479314147,1.0228645525082338,53.6
13150000,26300.000004440517,18.750000003819878,-1792877.8758305209,469920.9188630284,-1322956.9569674926,310.07862225031454,1619.3487827434803,1.024715732234453,53.6
13175000,26350.0000044507,18.80000000383006,-1790063.6826066272,471580.47816891794,-1318483.2044377094,311.1736870632579,1624.122661535403,1.0217037253105183,53.6
13200000,26400.00000446089,18.85000000384025,-1790901.7636767095,469475.9871119987,-1321425.7765647108,309.7850327997991,1622.5325771719567,1.0227049964964088,53.6
13225000,26450.000004471072,18.900000003850433,-1790802.851355563,470638.6638436178,-1320164.1875119451,310.55222826735826,1623.64320816667,1.0220054290903162,53.6
13250000,26500.00000448126,18.95000000386062,-1794000.0375656243,471191.4328317629,-1322808.6047338615,310.91697441801153,1621.0554031253932,1.0236369284187865,53.6
13275000,26550.000004491445,19.000000003870806,-1792617.645276822,468988.189779388,-1323629.455497434,309.4631583763338,1624.9072629575148,1.02121038626642,53.6
13300000,26600.00000450163,19.050000003880992,-1790586.1313293036,471232.26644573215,-1319353.8648835714,310.9439185914944,1621.2946227181812,1.0234858923234662,53.6
13325000,26650.000004511818,19.10000000389118,-1791865.034690328,471366.5292568584,-1320498.5054334695,311.03251227996907,1622.8431427823264,1.0225092801063946,53.6
13350000,26700.000004522004,19.150000003901365,-1789103.1222751793,470738.938936508,-1318364.1833386712,310.6183950656456,1623.6066726344786,1.0220284269708275,53.6
13375000,26750.00000453219,19.20000000391155,-1792480.1532090204,470495.9719380033,-1321984.181271017,310.45807261749644,1623.706341988581,1.0219656909264108,53.6
13400000,26800.000004542377,19.250000003921738,-1794426.862191476,470027.46649033536,-1324399.3957011406,310.14892799784184,1621.3997001748453,1.0234195636480106,53.6
13425000,26850.000004552563,19.300000003931924,-1790961.257647166,471717.78704156703,-1319243.470605599,311.26429070388065,1624.3734672378662,1.0215459727211635,53.6
13450000,26900.00000456275,19.35000000394211,-1790316.4306648243,470910.57351147046,-1319405.8571533535,310.73164861618693,1626.217892126283,1.0203873550316944,53.6
13475000,26950.000004572936,19.400000003952297,-1792900.9259466669,471260.2845351672,-1321640.6414114996,310.9624064055528,1623.8908011058556,1.0218496049869468,53.6
13500000,27000.00000458312,19.45000000396248,-1790477.6824578643,472134.7985651611,-1318342.883892703,311.5394569148495,1622.4031455541983,1.0227865855654077,53.6
13525000,27050.00000459331,19.50000000397267,-1791479.9365903847,469269.5707144429,-1322210.3658759417,309.64882836710683,1621.10905194356,1.0236030522823378,53.6
13550000,27100.00000460349,19.550000003982852,-1791493.976125964,470795.9518698925,-1320698.0242560715,310.65601520793905,1624.3051059853335,1.021588965975299,53.6
13575000,27150.00000461368,19.600000003993042,-1792478.7343319654,468931.9433271695,-1323546.791004796,309.42604399876456,1623.5271274846505,1.022078501529469,53.6
13600000,27200.000004623867,19.65000000400323,-1793887.1864267483,470058.8989017352,-1323828.287525013,310.16966876172273,1622.1999858644274,1.0229146764341266,53.6
13625000,27250.000004634054,19.700000004013415,-1791207.1760553326,469564.5633481402,-1321642.6127071923,309.8434800749988,1625.5989611556372,1.0207758575782484,53.6
13650000,27300.00000464424,19.7500000040236,-1793119.4048817242,469614.6485638052,-1323504.756317919,309.87652894353204,1624.925976525573,1.0211986254291014,53.6
13675000,27350.000004654423,19.800000004033784,-1790686.9773351029,469299.7366463188,-1321387.240688784,309.6687334409596,1623.3943702694091,1.0221620846058346,53.6
13700000,27400.000004664613,19.850000004043974,-1789888.140450745,470022.7724896733,-1319865.3679610714,310.14583064848006,1622.8266095488918,1.0225196973527704,53.6
13725000,27450.0000046748,19.90000000405416,-1790109.7498774717,468698.076750942,-1321411.6731265294,309.2717264895069,1622.9732440908836,1.0224273133852313,53.6
13750000,27500.000004684985,19.950000004064346,-1792446.9222859964,472788.0056424644,-1319658.916643532,311.97047741732985,1622.1354876147427,1.0229553488728411,53.6
13775000,27550.00000469517,20.000000004074533,-1789989.0713643825,469760.9160625211,-1320228.1553018612,309.9730439584233,1623.481097019172,1.0221074804620036,53.6
13800000,27600.00000470536,20.050000004084723,-1791258.7099491172,472497.4759294975,-1318761.2340196196,311.77877058006555,1624.3082919742103,1.0215869621863023,53.6
13825000,27650.000004715544,20.100000004094905,-1789308.1873872168,468992.5331937952,-1320315.6541934216,309.46602439038253,1623.1803295976451,1.0222968720076109,53.6
13850000,27700.00000472573,20.15000000410509,-1790178.039977787,470263.2205168896,-1319914.8194608977,310.3044909464349,1624.799340407851,1.0212782171830683,53.6
13875000,27750.00000473592,20.20000000411528,-1792685.536918437,470105.3696439743,-1322580.1672744628,310.20033260993654,1621.832418428044,1.0231465068754122,53.6
13900000,27800.000004746104,20.250000004125464,-1792548.3558913674,469662.799232011,-1322885.5566593565,309.90830129555627,1622.3112690761964,1.022844509116221,53.6
13925000,27850.00000475629,20.30000000413565,-1790217.5808082474,469847.8823047352,-1320369.6985035122,310.03042887466256,1624.2904228897785,1.0215982008314517,53.6
13950000,27900.00000476648,20.35000000414584,-1794384.6808716075,469283.5400110511,-1325101.1408605566,309.6580460462358,1621.6985482843015,1.023230966943586,53.6
13975000,27950.000004776663,20.400000004156023,-1788124.9648219869,468419.3145811157,-1319705.6502408711,309.08778449823654,1625.6438609240895,1.0207476640724331,53.6
14000000,28000.00000478685,20.45000000416621,-1794234.260988596,470690.20337222,-1323544.057616376,310.58623676831854,1619.5310557439325,1.0246004037815268,53.6
14025000,28050.000004797035,20.500000004176396,-1790462.4249768024,470075.54541863344,-1320386.879558169,310.1806530120889,1622.5704732120012,1.0226811106497598,53.6
14050000,28100.00000480722,20.550000004186582,-1790207.7583550718,469229.42916636425,-1320978.3291887075,309.6223408552221,1621.397749810107,1.0234207947101788,53.6
14075000,28150.000004817408,20.60000000419677,-1793520.4901913907,469598.3840109011,-1323922.1061804895,309.86579673316726,1623.392430181071,1.02216330617414,53.6
14100000,28200.000004827594,20.650000004206955,-1791109.4369189842,471075.3626049162,-1320034.0743140678,310.8403851567546,1623.3252463071185,1.0222056100136676,53.6
14125000,28250.00000483778,20.70000000421714,-1791019.5096274,469339.57193671947,-1321679.9376906804,309.6950188678657,1624.9287867110909,1.021196859347036,53.6
14150000,28300.000004847967,20.750000004227328,-1793435.6437508352,471483.3104724672,-1321952.333278368,311.1095706891336,1620.8386885710404,1.0237737939948155,53.6
14175000,28350.000004858157,20.800000004237518,-1792907.110626541,470781.1837292077,-1322125.9268973337,310.6462704093296,1622.1318931868575,1.0229576156054334,53.6
14200000,28400.00000486834,20.8500000042477,-1792387.7810836283,469677.6772104456,-1322710.103873183,309.91811857090977,1619.6276394684176,1.02453930348866,53.6
14225000,28450.00000487853,20.90000000425789,-1790408.0980149992,469719.93838876,-1320688.1596262392,309.9460047266871,1625.005781826013,1.0211484735687064,53.6
14250000,28500.000004888712,20.950000004268073,-1791339.0767852385,469237.0905365798,-1322101.9862486587,309.6273962316177,1625.3829373435317,1.0209115252335397,53.6
14275000,28550.0000048989,21.00000000427826,-1793884.8748289244,470827.83667786216,-1323057.0381510623,310.677054486952,1622.3432725273517,1.0228243317870198,53.6
14300000,28600.000004909085,21.050000004288446,-1792859.8141445387,468891.2930112982,-1323968.5211332403,309.39922077504025,1623.147598425092,1.0223174868767395,53.6
14325000,28650.00000491927,21.100000004298632,-1791814.0578780398,469762.8746689552,-1322051.183209085,309.97433635031365,1624.1062572434228,1.021714045033229,53.6
14350000,28700.000004929458,21.15000000430882,-1793784.8527507838,470074.6610770814,-1323710.1916737023,310.18006947686195,1621.0758514247952,1.023624016231875,53.6
14375000,28750.000004939644,21.200000004319005,-1792454.681531581,469404.7007604749,-1323049.9807711062,309.7379943029404,1622.3472247351203,1.022821840079814,53.6
14400000,28800.00000494983,21.25000000432919,-1790700.8647542717,469039.0600755825,-1321661.8046786892,309.49672528243286,1625.6085428147214,1.02076984092294,53.6
14425000,28850.000004960017,21.300000004339378,-1792901.7642175164,471484.4388973043,-1321417.3253202122,311.11031528339345,1621.318451679746,1.023470849870847,53.6
14450000,28900.000004970203,21.350000004349564,-1790793.200721532,470783.8779491751,-1320009.3227723571,310.6480481978509,1621.7046683566912,1.023227105421996,53.6
14475000,28950.00000498039,21.40000000435975,-1794405.978695487,472587.6205525744,-1321818.3581429124,311.8382527597365,1623.056032886023,1.022375161442428,53.6
14500000,29000.000004990576,21.450000004369937,-1793173.7426514206,469753.2073554064,-1323420.5352960145,309.9679573466436,1622.679092699525,1.0226126540469485,53.6
14525000,29050.00000500076,21.50000000438012,-1792139.220801577,471435.3516463123,-1320703.8691552647,311.0779249246189,1622.916879075876,1.0224628229862505,53.6
14550000,29100.00000501095,21.55000000439031,-1792607.314745644,468448.1427162483,-1324159.1720293958,309.1068068231962,1624.3786163393247,1.0215427345328465,53.6
14575000,29150.00000502113,21.600000004400492,-1790055.3764539135,468297.5872700247,-1321757.789183889,309.0074623942437,1623.8387490296711,1.0218823603288918,53.6
14600000,29200.00000503132,21.650000004410682,-1791806.2609314574,470558.2727771939,-1321247.9881542637,310.499181999109,1624.969473946366,1.021171289834781,53.6
14625000,29250.000005041507,21.70000000442087,-1790523.001109017,470779.4158948703,-1319743.5852141469,310.6451038989365,1623.997421955396,1.021782517150776,53.6
14650000,29300.000005051694,21.750000004431055,-1790458.5786844231,470473.3195350526,-1319985.2591493705,310.4431253665534,1623.3879586931384,1.0221661216384683,53.6
14675000,29350.00000506188,21.80000000444124,-1792070.6558344578,471381.8615718155,-1320688.7942626425,311.04262935053765,1621.5052163418115,1.023352966693239,53.6
14700000,29400.000005072063,21.850000004451424,-1794039.426646904,471152.7499254556,-1322886.6767214483,310.8914493949472,1624.9491854633086,1.021184039782039,53.6
14725000,29450.000005082253,21.900000004461614,-1790333.3059362425,468627.7996429416,-1321705.5062933008,309.2253539447876,1626.6918505541166,1.0200900515280178,53.6
14750000,29500.00000509244,21.9500000044718,-1789949.9541989423,469753.8776783924,-1320196.07652055,309.9683996611259,1628.1518779777348,1.019175296909646,53.6
14775000,29550.000005102625,22.000000004481986,-1791564.0634489805,472195.4859289399,-1319368.5775200406,311.5795016402345,1623.2997988864245,1.0222216344696626,53.6
14800000,29600.00000511281,22.050000004492173,-1792353.9301669924,468949.2946361755,-1323404.6355308169,309.43749330815865,1623.174691043811,1.0223004232433337,53.6
14825000,29650.000005123,22.100000004502363,-1790633.3931840034,470869.11330132216,-1319764.279882681,310.7042909814766,1622.7119648775176,1.0225919384141626,53.6
14850000,29700.000005133184,22.150000004512545,-1792323.600140866,470617.74587043095,-1321705.854270435,310.5384254847076,1623.6911261036244,1.0219752679402487,53.6
14875000,29750.00000514337,22.20000000452273,-1792112.3564908532,469967.266073837,-1322145.0904170163,310.10920458597104,1623.3084977629353,1.022216156657049,53.6
14900000,29800.00000515356,22.25000000453292,-1791781.7449886454,469980.5408020857,-1321801.2041865597,310.1179639522407,1618.7080535284915,1.0251213429344614,53.6
14925000,29850.000005163743,22.300000004543104,-1794400.4342766386,470643.21827192215,-1323757.2160047165,310.5552335195125,1622.9005623382805,1.0224731028875402,53.6
14950000,29900.00000517393,22.35000000455329,-1791512.5248862265,470704.8994096372,-1320807.6254765892,310.5959339893868,1622.3040752250529,1.022849044758616,53.6
14975000,29950.00000518412,22.40000000456348,-1791331.535117719,469987.1167945396,-1321344.4183231797,310.1223031391085,1621.8761967985677,1.0231188896707415,53.6
15000000,30000.000005194303,22.450000004573663,-1790793.057459793,471896.88388853305,-1318896.17357126,311.38246825530985,1621.3912514265598,1.0234248964844102,53.6
15025000,30050.00000520449,22.50000000458385,-1791950.0657109702,470244.5982557836,-1321705.4674551866,310.292202995771,1625.7125962088692,1.020704506763114,53.6
15050000,30100.000005214675,22.550000004594036,-1791128.11833206,470642.66170775954,-1320485.4566243005,310.55486626910545,1622.680931764143,1.0226114950694112,53.6
15075000,30150.00000522486,22.600000004604222,-1789941.3239886202,468726.93930854526,-1321214.3846800749,309.29077152822936,1623.0739094205835,1.0223639010033312,53.6
15100000,30200.000005235048,22.65000000461441,-1789496.6467293585,469652.6248124782,-1319844.0219168805,309.9015876765955,1623.364410381532,1.022180949046407,53.6
15125000,30250.000005245234,22.700000004624595,-1791090.0736678897,469454.30159613537,-1321635.772071754,309.7707235519836,1622.8152811037082,1.0225268352929138,53.6
15150000,30300.00000525542,22.75000000463478,-1791219.749324237,469118.8835019297,-1322100.8658223073,309.54939699180244,1622.3669789781209,1.0228093860102745,53.6
15175000,30350.000005265607,22.800000004644968,-1790984.1221266454,468583.1861517486,-1322400.935974897,309.1959156088302,1622.6411001866998,1.0226365974959155,53.6
15200000,30400.000005275797,22.850000004655158,-1788676.429330618,468113.1259599621,-1320563.303370656,308.8857450869549,1621.9570761106293,1.0230678715808224,53.6
15225000,30450.00000528598,22.90000000466534,-1792124.0524859782,469427.9456836665,-1322696.1068023115,309.7533325300085,1622.43281198817,1.022767883755087,53.6
15250000,30500.00000529617,22.95000000467553,-1791195.3937428882,468846.0759278112,-1322349.317815077,309.36938415703275,1625.6541238339366,1.0207412199948769,53.6
15275000,30550.000005306352,23.000000004685713,-1787775.8846348189,470950.5111624048,-1316825.373472414,310.7580015859751,1626.244822622792,1.0203704574909798,53.6
15300000,30600.00000531654,23.0500000046959,-1790280.509259521,469338.2535186847,-1320942.2557408365,309.6941489060671,1624.3823056995227,1.0215404143653022,53.6
15325000,30650.000005326725,23.100000004706086,-1790837.7985052876,469907.699875464,-1320930.0986298237,310.06989966469007,1623.387470725047,1.022166428887637,53.6
15350000,30700.00000533691,23.150000004716272,-1788427.7296393197,471912.14777188975,-1316515.58186743,311.3925401710971,1626.534136510584,1.0201889627793606,53.6
15375000,30750.000005347098,23.20000000472646,-1788263.5130421177,472832.66343350953,-1315430.849608608,311.9999449846676,1626.466464618147,1.0202314094693208,53.6
15400000,30800.000005357284,23.250000004736645,-1791359.2967316136,468666.8588883338,-1322692.43784328,309.2511272962414,1625.6510920608907,1.02074312363566,53.6
15425000,30850.00000536747,23.30000000474683,-1792301.1936404267,468450.7859858385,-1323850.4076545883,309.1085509919698,1620.3576000685184,1.0240777551707028,53.6
15450000,30900.000005377657,23.350000004757018,-1792620.9603444776,467963.0487385376,-1324657.91160594,308.786716215963,1620.6822731743746,1.0238726005201502,53.6
15475000,30950.000005387843,23.400000004767204,-1794333.6571128648,470039.5412435626,-1324294.1158693023,310.1568955572639,1622.6246015100826,1.02264699555749,53.6
15500000,31000.00000539803,23.45000000477739,-1791845.5168714952,469766.38214471255,-1322079.1347267826,309.9766507679247,1620.3351410877804,1.024091949606159,53.6
15525000,31050.000005408216,23.500000004787577,-1790345.0489256969,468771.0789449355,-1321573.9699807614,309.3198971897803,1625.9287113985056,1.0205688367632575,53.6
15550000,31100.0000054184,23.55000000479776,-1788599.9017880596,471067.4536137037,-1317532.448174356,310.8351663869572,1626.5720398309734,1.0201651897473845,53.6
15575000,31150.00000542859,23.60000000480795,-1790541.5844335733,471333.1965639392,-1319208.3878696342,311.01051761005465,1622.520648933795,1.0227125150871743,53.6
15600000,31200.00000543877,23.650000004818132,-1790744.6437688433,470611.85101128346,-1320132.7927575598,310.5345357455421,1621.8421848315957,1.0231403456953838,53.6
15625000,31250.00000544896,23.700000004828322,-1792641.058701722,471242.7166240266,-1321398.3420776953,310.9508141706392,1621.2052613554567,1.0235423071996377,53.6
15650000,31300.000005459147,23.75000000483851,-1793973.1188152777,470836.7950052708,-1323136.323810007,310.6829656641502,1622.7927153532676,1.0225410540438151,53.6
15675000,31350.000005469334,23.800000004848695,-1791314.4962841542,469140.550951496,-1322173.9453326582,309.5636943185217,1625.998562344364,1.0205249943514545,53.6
15700000,31400.00000547952,23.85000000485888,-1791742.7032796573,472759.3858554339,-1318983.3174242233,311.9515925714434,1622.330889318552,1.022832138978111,53.6
15725000,31450.000005489703,23.900000004869064,-1788381.2141476776,471483.0837021663,-1316898.1304455113,311.10942105412124,1623.8662573927522,1.0218650495984878,53.6
15750000,31500.000005499893,23.950000004879254,-1791493.7252670042,470263.4548786084,-1321230.2703883958,310.3046455906654,1621.182842014072,1.023556461768642,53.6
15775000,31550.00000551008,24.00000000488944,-1792454.4560355311,472016.4924254369,-1320437.9636100945,311.46139228027613,1623.0795116415377,1.0223603722122725,53.6
15800000,31600.000005520265,24.050000004899626,-1794199.6185353529,469817.2933109033,-1324382.3252244496,310.01024464220416,1621.8330106547585,1.023146133264387,53.6
15825000,31650.00000553045,24.100000004909813,-1792371.1241823437,470257.6842503538,-1322113.4399319896,310.3008378255992,1620.0506504014877,1.024271786342435,53.6
15850000,31700.00000554064,24.150000004920003,-1792318.6965644257,471667.8495210736,-1320650.8470433522,311.23133929241624,1621.8345320771411,1.0231451734639898,53.6
15875000,31750.000005550824,24.200000004930185,-1790643.484802708,470121.3291804067,-1320522.1556223014,310.210863554336,1626.7334230696804,1.0200639822846234,53.6
15900000,31800.00000556101,24.25000000494037,-1791931.7880194224,472216.48823649855,-1319715.299782924,311.5933600711544,1624.171341179966,1.0216731028183368,53.6
15925000,31850.0000055712,24.30000000495056,-1791602.9892972456,471015.5711217857,-1320587.4181754598,310.8009315807012,1623.8262029878522,1.021890255618919,53.6
15950000,31900.000005581383,24.350000004960744,-1791683.4032664904,471550.5045240157,-1320132.8987424746,311.1539088704981,1625.0473951564195,1.0211223245536367,53.6
15975000,31950.00000559157,24.40000000497093,-1789585.2547497554,470987.69255555485,-1318597.5621942005,310.7825358314162,1623.6714573182533,1.0219876479153407,53.6
16000000,32000.00000560176,24.45000000498112,-1789683.3340696152,469516.0066744894,-1320167.3273951258,309.81143981915505,1626.1695095086086,1.0204177141123374,53.6
16025000,32050.000005611942,24.500000004991303,-1791033.7330403384,470668.6187080523,-1320365.1143322862,310.57199406777426,1623.4643408948766,1.0221180298529289,53.6
16050000,32100.00000562213,24.55000000500149,-1792618.093132015,469827.1283776971,-1322790.9647543184,310.01673433831843,1626.4889816206185,1.0202172854553078,53.6
16075000,32150.000005632315,24.600000005011676,-1790707.2609077217,471060.5924058411,-1319646.6685018805,310.83063899991043,1624.140904907223,1.0216922488918807,53.6
16100000,32200.0000056425,24.650000005021862,-1793879.1005539603,470336.7652389916,-1323542.335314969,310.35301963538615,1627.4241327794011,1.0196310477576558,53.6
16125000,32250.000005652688,24.70000000503205,-1789636.8031748943,468897.9639131613,-1320738.839261733,309.403622588145,1621.9910341141783,1.0230464526323304,53.6
16150000,32300.000005662878,24.75000000504224,-1793008.444643245,470043.537206253,-1322964.907436992,310.1595323043332,1623.94193963025,1.0218174265699256,53.6
16175000,32350.00000567306,24.80000000505242,-1790192.7849039296,469655.3770370079,-1320537.4078669215,309.9034037395883,1625.7672197355785,1.0206702125054794,53.6
16200000,32400.000005683247,24.850000005062608,-1793379.377646001,469789.5754034324,-1323589.8022425687,309.9919549040477,1625.8410692732823,1.020623851256052,53.6
16225000,32450.000005693437,24.900000005072798,-1791002.428868506,469516.32372505777,-1321486.1051434483,309.8116490258523,1623.640786621275,1.0220069533391285,53.6
16250000,32500.00000570362,24.95000000508298,-1792252.9180846857,470602.2302076073,-1321650.6878770783,310.5281874315405,1621.7720772040514,1.023184575056149,53.6
16275000,32550.00000571381,25.00000000509317,-1790861.5708690695,469344.525526432,-1321517.0453426377,309.6982875077828,1623.128079235571,1.0223297809212035,53.6
16300000,32600.000005723992,25.050000005103353,-1790324.204620855,470941.356316336,-1319382.848304519,310.7519607353937,1624.5764865654855,1.0214183126336092,53.6
16325000,32650.00000573418,25.10000000511354,-1790939.1606153017,471064.7375128529,-1319874.4231024487,310.833374160274,1626.2371766177664,1.0203752549201357,53.6
16350000,32700.000005744365,25.150000005123726,-1792004.4418052826,471603.5601904541,-1320400.8816148285,311.18891779921665,1625.027840685784,1.021134612039433,53.6
16375000,32750.00000575455,25.200000005133912,-1789737.842984396,471006.5596333753,-1318731.283351021,310.7949853250685,1625.243996182339,1.020998802364311,53.6
16400000,32800.000005764734,25.250000005144095,-1792909.7500515496,470723.2373373904,-1322186.5127141592,310.60803432189897,1622.342250970357,1.0228249758393766,53.6
16425000,32850.00000577492,25.30000000515428,-1791901.1214095214,467370.0987960183,-1324531.022613503,308.3954565510716,1621.300495467393,1.0234821850058011,53.6
16450000,32900.00000578511,25.350000005164468,-1789614.120907126,470368.7700817767,-1319245.350825349,310.37413811970504,1621.5093929343448,1.0233503307983265,53.6
16475000,32950.00000579529,25.400000005174654,-1791801.2910573184,469367.9537468362,-1322433.3373104825,309.7137466840252,1624.0099728855416,1.021774620449887,53.6
16500000,33000.00000580548,25.45000000518484,-1791632.9062127937,469569.49963434367,-1322063.40657845,309.84673729714734,1621.3938840224796,1.0234232347881171,53.6
16525000,33050.000005815666,25.500000005195027,-1791124.985464544,470599.3453937656,-1320525.6400707786,310.5262838791222,1622.7394454019548,1.0225746211776634,53.6
16550000,33100.00000582585,25.550000005205213,-1789893.5658376748,470474.7764840568,-1319418.789353618,310.4440867383965,1623.0947453972076,1.0223507767230615,53.6
16575000,33150.00000583604,25.6000000052154,-1791610.297430562,470479.9548075293,-1321130.3426230326,310.4475036695088,1624.0315718469894,1.0217610312617098,53.6
16600000,33200.000005846225,25.650000005225586,-1792302.588117851,470599.6309230341,-1321702.9571948168,310.5264722864024,1624.6845731732835,1.0213503599722875,53.6
16625000,33250.00000585641,25.700000005235772,-1791218.159775355,468657.6022704251,-1322560.5575049298,309.245019291229,1623.2073054977625,1.0222798825705772,53.6
16650000,33300.0000058666,25.75000000524596,-1791101.0246933578,471716.6236195765,-1319384.4010737813,311.263523016652,1623.4392602933626,1.0221338206100172,53.6
16675000,33350.000005876784,25.800000005256145,-1791549.7481251415,471574.1280318151,-1319975.6200933263,311.1694969076701,1620.4364138604956,1.0240279467052336,53.6
16700000,33400.00000588697,25.85000000526633,-1790538.499655839,470201.4157996021,-1320337.083856237,310.26370893223674,1624.8828022793357,1.0212257593743002,53.6
16725000,33450.00000589716,25.900000005276517,-1790693.603681378,470340.8792447568,-1320352.7244366212,310.35573427350585,1619.266268338338,1.024767949594092,53.6
16750000,33500.00000590734,25.950000005286704,-1792399.0281497436,469346.9241029805,-1323052.104046763,309.69987021517386,1621.6330487552857,1.0232722963593008,53.6
16775000,33550.00000591753,26.00000000529689,-1791169.2512179548,468766.200505256,-1322403.0507126988,309.31667813782104,1623.3837359080264,1.0221687805217534,53.6
16800000,33600.000005927715,26.050000005307076,-1794431.382558429,471949.56952206994,-1322481.813036359,311.4172330167915,1620.6438717550695,1.0238968613474255,53.6
16825000,33650.0000059379,26.100000005317263,-1791295.7246244047,469954.54562754,-1321341.1789968647,310.10081096418526,1625.5948758739803,1.0207784228895376,53.6
16850000,33700.00000594809,26.15000000532745,-1790626.638164809,470631.8169769898,-1319994.8211878191,310.5477103434151,1619.777029189791,1.024444811692366,53.6
16875000,33750.000005958274,26.200000005337635,-1793911.2544005038,469239.0572044045,-1324672.1971960994,309.62869394283894,1620.1326453736765,1.0242199479100236,53.6
16900000,33800.00000596846,26.25000000534782,-1790601.7871548217,468503.03832065593,-1322098.7488341655,309.1430298400892,1622.0507101712583,1.0230088142415454,53.6
16925000,33850.00000597865,26.300000005358008,-1791130.040497262,469469.8425269029,-1321660.1979703591,309.7809782782736,1623.7171485792549,1.021958889270769,53.6
16950000,33900.00000598883,26.350000005368194,-1793538.6719679935,470607.7683395608,-1322930.903628433,310.53184178327723,1622.3504755313625,1.0228197905933163,53.6
16975000,33950.00000599902,26.40000000537838,-1792367.4885782218,470634.0195254947,-1321733.469052727,310.5491637011576,1620.9576628088346,1.0236986515591997,53.6
17000000,34000.000006009206,26.450000005388567,-1790646.3423973434,469698.6196200611,-1320947.7227772824,309.9319374780057,1620.93175876333,1.023715011246342,53.6
17025000,34050.00000601939,26.500000005398753,-1791458.1354366897,470035.38497543073,-1321422.7504612587,310.1541530322043,1623.88386630032,1.0218539688016537,53.6
17050000,34100.00000602958,26.55000000540894,-1792231.38558348,469955.16602921,-1322276.21955427,310.1012203379487,1618.272870757277,1.0253970165584287,53.6
17075000,34150.000006039765,26.600000005419126,-1791971.672029205,468677.6732563739,-1323293.9987728307,309.25826318700047,1625.0691052987834,1.0211086828500533,53.6
17100000,34200.00000604995,26.650000005429312,-1792183.292933356,470749.0468576284,-1321434.2460757275,310.6250648054444,1621.1375610524526,1.023585051335607,53.6
17125000,34250.00000606014,26.7000000054395,-1791807.488121747,469230.9177729619,-1322576.5703487853,309.6233231164162,1619.2418240144027,1.0247834196488712,53.6
17150000,34300.000006070324,26.750000005449685,-1792294.6890710955,469686.0661870447,-1322608.622884051,309.9236540603965,1619.264109994078,1.02476931552446,53.6
17175000,34350.00000608051,26.80000000545987,-1790714.435073832,469830.8134518971,-1320883.621621935,310.0191659447547,1623.4061137323315,1.022154690447072,53.6
17200000,34400.0000060907,26.850000005470058,-1790319.1386572076,468999.9698140898,-1321319.1688431178,309.4709314649191,1623.5996275499087,1.0220328617320695,53.6
17225000,34450.00000610088,26.900000005480244,-1790702.7389175035,470342.5150877264,-1320360.223829777,310.3568136890285,1622.500214135615,1.0227253957781348,53.6
17250000,34500.00000611107,26.95000000549043,-1788676.1563435458,471811.4571740629,-1316864.699169483,311.3260992007243,1622.4253592267362,1.0227725819342646,53.6
17275000,34550.000006121256,27.000000005500617,-1790027.7183965286,471677.6235891966,-1318350.094807332,311.2377887383883,1628.704984631148,1.018829185954602,53.6
17300000,34600.00000613144,27.050000005510803,-1792083.5583801502,471471.4729262573,-1320612.085453893,311.10175965142,1623.0111117415256,1.022403458391245,53.6
17325000,34650.00000614163,27.10000000552099,-1791252.7943680976,472013.0454733328,-1319239.7488947648,311.4591177993656,1622.7964708992672,1.022538687634944,53.6
17350000,34700.000006151815,27.150000005531176,-1792606.138436093,469804.0476244493,-1322802.0908116435,310.0015044392433,1622.4020764639404,1.0227872595359295,53.6
17375000,34750.000006162,27.200000005541362,-1789368.5701534543,471926.0548428197,-1317442.5153106346,311.4017167904396,1623.4067915199612,1.0221542636878589,53.6
17400000,34800.00000617219,27.25000000555155,-1791510.0271438127,471036.0396609593,-1320473.9874828537,310.8144378030711,1624.9910627750537,1.0211577230573736,53.6
17425000,34850.000006182374,27.300000005561735,-1792730.8137662867,469762.4230566169,-1322968.3907096698,309.9740383526591,1625.399783535025,1.020900944162208,53.6
17450000,34900.00000619256,27.35000000557192,-1789018.709673684,468688.6434808155,-1320330.0661928686,309.26550192003845,1625.4781912946398,1.0208516992346237,53.6
17475000,34950.00000620275,27.400000005582108,-1791151.6096911223,470870.4349583928,-1320281.1747327298,310.705163080562,1624.0528434883151,1.021747648363324,53.6
17500000,35000.00000621293,27.450000005592294,-1793130.9163214725,470940.7018046211,-1322190.2145168511,310.75152885402247,1619.178042314121,1.0248237873090158,53.6
17525000,35050.00000622312,27.50000000560248,-1791975.751472503,469811.281241547,-1322164.470230956,310.0062775615571,1626.5311113485584,1.0201908602142682,53.6
17550000,35100.000006233306,27.550000005612667,-1791730.964236444,470304.9399640877,-1321426.0242723562,310.33201963943185,1621.9650028989254,1.0230628716933918,53.6
17575000,35150.00000624349,27.600000005622853,-1790864.5841487125,469871.89851223136,-1320992.685636481,310.04627603581923,1624.927495975053,1.021197670518975,53.6
17600000,35200.00000625368,27.65000000563304,-1791679.3772162208,468867.7858876063,-1322811.5913286146,309.3837095342444,1621.8036705717443,1.023164643021783,53.6
17625000,35250.000006263865,27.700000005643226,-1790076.634306238,469507.4860658197,-1320569.1482404184,309.8058174718813,1624.1100773967728,1.0217116418067569,53.6
17650000,35300.00000627405,27.750000005653412,-1790058.8852132848,469157.162972674,-1320901.7222406107,309.5746558067911,1624.9924245207562,1.0211568673259128,53.6
17675000,35350.00000628424,27.8000000056636,-1794200.877298867,473399.5416242359,-1320801.3356746314,312.37400113179444,1623.1802404062678,1.022296928181327,53.6
17700000,35400.000006294424,27.850000005673785,-1790911.4201996196,469747.6830179388,-1321163.7371816807,309.96431209723664,1620.701317475712,1.0238605693469012,53.6
17725000,35450.00000630461,27.90000000568397,-1789681.2992754085,469797.8128359342,-1319883.4864394744,309.99739039674137,1623.688956482133,1.0219766335340068,53.6
17750000,35500.0000063148,27.950000005694164,-1792062.7490513977,470504.77454263694,-1321557.9745087607,310.4638810405894,1622.3382525201484,1.0228274967160995,53.6
17775000,35550.00000632498,28.000000005704344,-1793189.4471513573,468597.4241433527,-1324592.0230080048,309.20531058709776,1624.339768529922,1.0215671658114598,53.6
17800000,35600.00000633517,28.05000000571453,-1789266.163463167,468703.11832402216,-1320563.0451391446,309.2750531854932,1625.3647722443193,1.0209229349548892,53.6
17825000,35650.000006345355,28.100000005724716,-1791642.2301531725,470975.2541515786,-1320666.9760015935,310.7743283160384,1622.3524343026634,1.0228185556766551,53.6
17850000,35700.00000635554,28.150000005734903,-1791478.264385071,471227.8840070608,-1320250.3803780098,310.9410268271767,1626.9871542323017,1.0199049017291932,53.6
17875000,35750.00000636573,28.20000000574509,-1793258.8461227585,471726.9092672279,-1321531.9368555306,311.2703100297953,1623.035172507095,1.0223883017203692,53.6
17900000,35800.000006375914,28.250000005755275,-1790096.0527889607,470217.5028732909,-1319878.54991567,310.2743240324488,1624.740670842259,1.0213150956526147,53.6
17925000,35850.0000063861,28.30000000576546,-1791878.0329251513,469327.608793028,-1322550.4241321234,309.6871249543055,1620.7179028612145,1.023850091815794,53.6
17950000,35900.00000639629,28.350000005775648,-1795673.00070614,468893.68208163977,-1326779.3186245002,309.40079720973426,1620.692298620875,1.0238662669428336,53.6
17975000,35950.00000640647,28.400000005785834,-1795168.2165871076,470858.3906474623,-1324309.8259396453,310.69721560857386,1622.091592519429,1.022983030862408,53.6
18000000,36000.00000641666,28.45000000579602,-1791894.0662883986,469054.579004926,-1322839.487283473,309.50696549102213,1622.8940106838734,1.0224772306311676,53.6
18025000,36050.000006426846,28.500000005806207,-1790330.7810611443,469900.267216536,-1320430.5138446086,310.06499520407226,1621.0452773064185,1.0236433225413804,53.6
18050000,36100.00000643703,28.550000005816393,-1792318.3755296571,470470.52309458365,-1321847.8524350731,310.4412801275504,1620.1049520382746,1.0242374554588445,53.6
18075000,36150.00000644722,28.60000000582658,-1793657.1353335455,469319.2127438214,-1324337.9225897242,309.68158479793914,1620.0677782386017,1.024260957437279,53.6
18100000,36200.000006457405,28.650000005836766,-1793762.4817507127,469605.4619021097,-1324157.019848603,309.87046709932105,1625.4895631659128,1.0208445573898677,53.6
18125000,36250.00000646759,28.700000005846952,-1792640.7672709755,470936.7828441445,-1321703.9844268314,310.7489429170776,1621.7485690816409,1.0231994066698145,53.6
18150000,36300.00000647778,28.75000000585714,-1792938.152937402,470853.8064098051,-1322084.346527597,310.69419068663547,1622.3318393227548,1.0228315400286188,53.6
18175000,36350.00000648797,28.800000005867332,-1792381.6086267494,469803.1847504944,-1322578.423876255,310.00093506946985,1621.2491597285298,1.0235145928648062,53.6
18200000,36400.00000649815,28.85000000587751,-1795195.8911451483,469052.22328039614,-1326143.6678647522,309.5054110596545,1622.851108395703,1.0225042612149158,53.6
18225000,36450.00000650834,28.900000005887698,-1789070.577100006,471885.61044041655,-1317184.9666595894,311.3750294392886,1622.6201769372028,1.0226497841189943,53.6
18250000,36500.00000651852,28.950000005897884,-1790633.930796532,470257.76357844175,-1320376.1672180905,310.3008901704582,1622.2569626588145,1.022878749697157,53.6
18275000,36550.00000652871,29.00000000590807,-1791737.5684327306,471958.6348998269,-1319778.933532904,311.423214831459,1623.261355242662,1.0222458437100508,53.6
18300000,36600.000006538896,29.050000005918257,-1791433.8360459397,471765.15090958646,-1319668.6851363531,311.29554388361873,1623.0968864783426,1.0223494281061185,53.6
18325000,36650.00000654908,29.100000005928443,-1794848.5860349543,470686.7316815884,-1324161.8543533662,310.583945963622,1619.947787994855,1.0243368248960043,53.6
18350000,36700.00000655927,29.15000000593863,-1791810.805375548,470339.08430785657,-1321471.7210676917,310.35454987941165,1623.003853258401,1.022408030837721,53.6
18375000,36750.000006569455,29.200000005948816,-1794525.521944155,471539.84035034734,-1322985.6815938076,311.1468720859121,1622.6800640079866,1.0226120419285487,53.6
18400000,36800.00000657964,29.250000005959002,-1790964.604373685,471188.63280564174,-1319775.971568043,310.91512681300594,1621.6778350101815,1.0232440364096962,53.6
18425000,36850.00000658983,29.30000000596919,-1790330.5026227208,470034.3023161732,-1320296.2003065476,310.15343863648906,1624.0727536893114,1.0217351223228492,53.6
18450000,36900.000006600014,29.350000005979375,-1791120.340354261,471363.0416159143,-1319757.298738347,311.0302109504145,1621.6344735341384,1.0232713973054437,53.6
18475000,36950.0000066102,29.40000000598956,-1792081.1681695404,469988.6475957792,-1322092.5205737613,310.1233132425541,1620.83316527533,1.0237772826977407,53.6
18500000,37000.00000662039,29.450000005999748,-1791190.8344172577,469317.79580993945,-1321873.038607318,309.6806498301854,1622.1880815059928,1.0229221830500947,53.6
18525000,37050.00000663057,29.500000006009934,-1792213.4295160957,467897.2063415874,-1324316.2231745082,308.74326992763565,1623.1874601859424,1.0222923811041935,53.6
18550000,37100.00000664076,29.55000000602012,-1791612.3851951938,471048.75229283416,-1320563.6329023596,310.8228262684888,1622.4949218538045,1.022728731721401,53.6
18575000,37150.00000665095,29.600000006030314,-1791927.064551897,469581.9221728434,-1322345.142379054,309.8549343436465,1620.347204572617,1.024084325241658,53.6
18600000,37200.00000666113,29.650000006040493,-1790372.7129960712,469717.6128869537,-1320655.1001091176,309.9444702378674,1624.4563374515096,1.02149385945037,53.6
18625000,37250.00000667132,29.70000000605068,-1791697.9528825684,469955.7273063004,-1321742.225576268,310.1015906981942,1621.846823252682,1.0231374195523686,53.6
18650000,37300.00000668151,29.750000006060873,-1789660.9294983828,469289.6396321455,-1320371.2898662374,309.6620708981402,1622.3962583806797,1.0227909273583888,53.5
18675000,37350.00000669169,29.800000006071052,-1791032.1851638434,469398.789433652,-1321633.3957301914,309.7340936975336,1623.8532058619303,1.0218732627196876,53.5
18700000,37400.00000670188,29.85000000608124,-1791239.7017628,469674.9252074205,-1321564.7765553796,309.9163026540774,1624.8960548335954,1.0212174303185757,53.5
18725000,37450.00000671206,29.900000006091425,-1793339.4748292277,468622.6153967204,-1324716.8594325073,309.22193310553325,1622.1410535710568,1.0229518388668706,53.5
18750000,37500.00000672225,29.95000000610161,-1795677.3922730088,469574.8449306417,-1326102.547342367,309.85026440574177,1616.8170737547184,1.0263202934877549,53.5
18775000,37550.00000673244,30.000000006111804,-1791746.676532806,471304.8089705652,-1320441.8675622407,310.9917859777968,1622.3354360501137,1.022829272404981,53.5
18800000,37600.00000674262,30.050000006121984,-1790820.7465279372,469760.8747443784,-1321059.8717835587,309.97301669453225,1623.3523351109857,1.0221885525168557,53.5
18825000,37650.00000675281,30.10000000613217,-1791863.591489843,471423.12083005614,-1320440.4706597868,311.0698543865741,1619.5606226298958,1.0245816985581016,53.5
18850000,37700.000006763,30.150000006142363,-1790879.5961081255,470707.3025949483,-1320172.2935131772,310.5975197378828,1621.5591814464065,1.023318909749455,53.5
18875000,37750.00000677318,30.200000006152543,-1792928.0047959825,471054.5145660488,-1321873.4902299338,310.82662852045866,1619.7349833972105,1.0244714046810364,53.5
18900000,37800.00000678337,30.25000000616273,-1794527.4366868073,471109.48381077824,-1323417.952876029,310.8629001291223,1620.74795066732,1.0238311101789346,53.5
18925000,37850.000006793554,30.300000006172915,-1793108.65422274,468672.8668498519,-1324435.787372888,309.25509166632,1622.127132591691,1.0229606177665975,53.5
18950000,37900.00000680374,30.3500000061831,-1790154.6433030833,471379.5147476918,-1318775.1285553914,311.0410807921277,1623.7826988283414,1.02191763396007,53.5
18975000,37950.00000681393,30.400000006193288,-1792374.7390647624,469809.5871423815,-1322565.1519223808,310.005159705522,1625.240448805553,1.0210010308760695,53.5
19000000,38000.00000682411,30.450000006203474,-1789721.4945141925,469435.0240173236,-1320286.4704968687,309.7580031881132,1618.4335364268186,1.0252952230065135,53.5
19025000,38050.0000068343,30.50000000621366,-1790591.6198426476,470417.26405371976,-1320174.3557889278,310.406137001653,1622.9925659970402,1.0224151412748872,53.5
19050000,38100.000006844486,30.550000006223847,-1791206.4261903092,470374.361036542,-1320832.0651537674,310.3778273267208,1625.1080860327263,1.021084189977096,53.5
19075000,38150.00000685467,30.600000006234033,-1790203.1671228055,469783.88758292247,-1320419.2795398831,309.98820177990166,1620.4473958861945,1.024021006707517,53.5
19100000,38200.00000686486,30.65000000624422,-1791867.143132314,469756.7203880472,-1322110.422744267,309.9702754309796,1619.29766013909,1.02474808338167,53.5
19125000,38250.000006875045,30.700000006254406,-1791730.5263708,471024.3209301279,-1320706.205440672,310.8067051660148,1621.272250773713,1.0235000154107738,53.5
19150000,38300.00000688523,30.750000006264592,-1792262.003295673,471528.46047664486,-1320733.5428190285,311.1393630446726,1623.9633469913597,1.021803956798776,53.5
19175000,38350.00000689542,30.80000000627478,-1791048.4378248332,470179.6126961855,-1320868.8251286475,310.249322093948,1619.6311280965242,1.0245370966672744,53.5
19200000,38400.0000069056,30.850000006284958,-1792507.3047270265,469826.93918316736,-1322680.3655438588,310.016609497783,1620.9379248600194,1.0237111170036046,53.5
19225000,38450.00000691579,30.90000000629515,-1791950.4531183047,469671.3005278077,-1322279.152590497,309.9139108991772,1625.5941568265926,1.0207788744094053,53.5
19250000,38500.00000692598,30.950000006305338,-1792823.4229681706,470606.8009781479,-1322216.6219900227,310.53120346716474,1620.5591241598606,1.0239504063217788,53.5
19275000,38550.00000693616,31.000000006315524,-1789906.9782776767,471407.0852569336,-1318499.893020743,311.05927326915366,1623.998995428311,1.0217815271580972,53.5
19300000,38600.00000694635,31.05000000632571,-1790989.441717607,468852.33862627705,-1322137.1030913298,309.3735166159932,1627.1384609153986,1.0198100613505396,53.5
19325000,38650.000006956536,31.100000006335897,-1793032.4334415095,469812.3781779966,-1323220.0552635128,310.00700137811714,1623.0882735597283,1.022354853203794,53.5
19350000,38700.00000696672,31.150000006346083,-1791527.075972599,470115.7762226928,-1321411.2997499062,310.2071994197801,1620.595774973024,1.0239272490264124,53.5
19375000,38750.00000697691,31.20000000635627,-1794908.323612459,468734.30234478746,-1326174.0212676716,309.29563004812474,1619.7578735740976,1.024456927003816,53.5
19400000,38800.000006987095,31.250000006366456,-1793297.5046052765,470481.6439452357,-1322815.8606600408,310.4486182517113,1622.409228728338,1.0227827506581613,53.5
19425000,38850.00000699728,31.300000006376642,-1793608.096811276,469616.5798436677,-1323991.516967608,309.8778033039082,1619.3109067992432,1.0247397005013066,53.5
19450000,38900.00000700747,31.35000000638683,-1791387.108606345,470353.59184354165,-1321033.5167628033,310.364122717089,1621.3202871073563,1.0234696912431092,53.5
19475000,38950.00000701765,31.400000006397008,-1793347.1389664626,468527.8790798471,-1324819.2598866154,309.1594210839697,1622.0879087154274,1.0229853540835865,53.5
19500000,39000.00000702784,31.4500000064072,-1791829.9114606949,469599.3444795428,-1322230.5669811522,309.8664305010656,1622.9141789070538,1.0224645241373478,53.5
19525000,39050.00000703803,31.500000006417388,-1792230.1488149138,470710.3194967583,-1321519.8293181555,310.5995104489134,1622.500744451212,1.0227250614995649,53.5
19550000,39100.00000704821,31.550000006427574,-1792385.689862026,470703.033877293,-1321682.6559847328,310.5947030126931,1621.3844195354418,1.0234292088037935,53.5
19575000,39150.0000070584,31.60000000643776,-1792021.0928223366,469240.4436603034,-1322780.649162033,309.629608799611,1622.5517276415108,1.0226929258298385,53.5
19600000,39200.000007068586,31.650000006447947,-1789673.9992932389,472111.3237256025,-1317562.6755676365,311.5239669768287,1620.6665305994322,1.0238825460523375,53.5
19625000,39250.00000707877,31.700000006458133,-1791442.0605510706,469046.5369609627,-1322395.523590108,309.5016589259979,1619.4598283981588,1.0246454679232608,53.5
19650000,39300.00000708896,31.75000000646832,-1792073.8677481106,471362.3029820258,-1320711.5647660848,311.0297235607937,1623.761781843622,1.0219307981050652,53.5
19675000,39350.000007099145,31.800000006478506,-1793284.241931105,468754.3832952991,-1324529.858635806,309.30888051904054,1623.6896174341805,1.0219762175200469,53.5
19700000,39400.00000710933,31.850000006488692,-1793181.2428157888,471076.9753748303,-1322104.2674409584,310.8414493474575,1621.5261779598522,1.0233397377153168,53.5
19725000,39450.00000711952,31.90000000649888,-1790405.123618885,469571.5818566301,-1320833.541762255,309.8481112573008,1624.3985929525377,1.0215301717516567,53.5
19750000,39500.0000071297,31.950000006509065,-1789861.5712779276,469280.22311419086,-1320581.3481637368,309.6558573826388,1621.1403261219891,1.0235833054757342,53.5
19775000,39550.00000713989,32.00000000651925,-1792712.6485656155,469534.0515715437,-1323178.5969940715,309.8233467945474,1624.4862011326377,1.021475080856331,53.5
19800000,39600.00000715008,32.050000006529444,-1792326.9243082143,469566.9430446182,-1322759.981263596,309.845050324323,1621.9468243325766,1.0230743380472904,53.5
19825000,39650.00000716026,32.100000006539624,-1790272.3236990292,469567.3249125521,-1320704.9987864771,309.8453023009388,1623.2276376332384,1.022267077753443,53.5
19850000,39700.00000717045,32.15000000654981,-1790472.908353157,472305.6539961324,-1318167.254357025,311.6521963450664,1624.890048839596,1.0212212049898295,53.5
19875000,39750.00000718064,32.20000000656,-1793260.0462989071,469700.9641011208,-1323559.0821977863,309.9334844903384,1617.83814174928,1.02567255081387,53.5
19900000,39800.00000719082,32.25000000657018,-1793838.4558391022,471322.9235413462,-1322515.532297756,311.00373892759103,1619.939927248497,1.0243417954827714,53.5
19925000,39850.00000720101,32.30000000658037,-1792584.3815115392,470208.5602602622,-1322375.8212512769,310.2684232244278,1622.212731473748,1.0229066394667292,53.5
19950000,39900.0000072112,32.35000000659056,-1792210.166471091,469714.5103991108,-1322495.6560719805,309.9424230526554,1623.159598283041,1.0223099289849376,53.5
19975000,39950.00000722138,32.40000000660074,-1791549.3415576909,471626.3459998359,-1319922.9955578549,311.20395307876333,1626.504794392447,1.0202073669704648,53.5
20000000,40000.00000723157,32.45000000661093,-1790576.8643945614,469768.6220369365,-1320808.242357625,309.978128767024,1625.613552133279,1.0207666954267052,53.5
20025000,40050.00000724175,32.500000006621114,-1793328.427125604,471026.0126105215,-1322302.4145150825,310.8078214260166,1623.91339179507,1.021835389766501,53.5
20050000,40100.00000725194,32.5500000066313,-1791533.2866982976,472332.6401350982,-1319200.646563199,311.6700032237442,1626.093010209305,1.0204657195090991,53.5
20075000,40150.000007262126,32.60000000664149,-1789944.0159409298,470413.50003422087,-1319530.5159067088,310.4036533029422,1622.9361602108538,1.0224506757162697,53.5
20100000,40200.00000727231,32.65000000665167,-1791628.4426392757,468620.5763922504,-1323007.866247025,309.2205876627759,1624.331507713669,1.0215723611663534,53.5
20125000,40250.0000072825,32.70000000666186,-1794890.0266413065,470132.1410065455,-1324757.885634761,310.2179977678143,1619.0047142595786,1.0249335033041198,53.5
20150000,40300.000007292685,32.750000006672046,-1790059.8852400165,469404.7104960788,-1320655.1747439378,309.73800072700567,1623.7200211056463,1.021957081321219,53.5
20175000,40350.00000730287,32.80000000668223,-1791241.015566879,468791.7760153312,-1322449.2395515477,309.33355420911124,1622.4836104028957,1.022735861867905,53.5
20200000,40400.00000731306,32.85000000669242,-1792877.0759680104,470543.7238330243,-1322333.352134986,310.4895818379282,1624.7503820543857,1.02130899120257,53.5
20225000,40450.00000732325,32.90000000670261,-1793822.3564026635,469887.3504728126,-1323935.005929851,310.056472054885,1622.4466658800843,1.0227591504537012,53.5
20250000,40500.00000733343,32.95000000671279,-1792527.9222103937,470782.5147919321,-1321745.4074184615,310.6471487147616,1622.5575491700845,1.0226892565386672,53.5
20275000,40550.00000734362,33.00000000672298,-1790083.380005011,470235.225255392,-1319848.1547496193,310.28601819545435,1625.382129673655,1.020912032535466,53.5
20300000,40600.0000073538,33.050000006733164,-1791276.6597903855,470146.7505806085,-1321129.9092097771,310.2276379357985,1624.640911859809,1.0213778081904807,53.5
20325000,40650.00000736399,33.10000000674335,-1791026.176577282,469275.101155321,-1321751.075421961,309.6524776438661,1624.2976383686744,1.021593662672875,53.5
20350000,40700.000007374176,33.15000000675354,-1792176.9679075517,470351.1436033337,-1321825.824304218,310.3625072389944,1623.3343482016696,1.0221998785956872,53.5
20375000,40750.00000738436,33.20000000676372,-1793374.720380133,469593.52630420495,-1323781.194075928,309.8625913619246,1620.509447998043,1.0239817951706007,53.5
20400000,40800.00000739455,33.25000000677391,-1793364.156590485,470998.2502736996,-1322365.9063167854,310.78950237102964,1622.433375608693,1.0227675284536129,53.5
20425000,40850.000007404735,33.300000006784096,-1791505.3617495112,471477.851272682,-1320027.5104768293,311.10596842100705,1624.5259826462652,1.0214500668982391,53.5
20450000,40900.00000741492,33.35000000679428,-1789914.0555060422,470126.8498450799,-1319787.2056609625,310.21450638023936,1623.6306621263095,1.0220133262812603,53.5
20475000,40950.00000742511,33.40000000680447,-1790440.5333942529,469465.7867388112,-1320974.7466554418,309.77830205524725,1625.797021175625,1.0206515032559549,53.5
20500000,41000.000007435294,33.450000006814655,-1791723.1078441422,469146.22583414527,-1322576.882009997,309.56743890558454,1619.9867930187424,1.0243121615577009,53.5
20525000,41050.00000744548,33.50000000682484,-1792358.147229636,472231.3660614708,-1320126.7811681652,311.6031772452454,1622.166290326581,1.0229359243545146,53.5
20550000,41100.00000745567,33.55000000683503,-1790894.5672036838,470173.7809804761,-1320720.7862232076,310.2454740201553,1622.1674218573296,1.022935210813214,53.5
20575000,41150.00000746585,33.600000006845214,-1794292.3931691982,469210.43492058245,-1325081.9582486155,309.6098074494377,1622.5934103623697,1.0226666539224836,53.5
20600000,41200.00000747604,33.6500000068554,-1791169.1067611976,470746.2629030626,-1320422.843858135,310.6232278052992,1627.2722766617594,1.019726199143543,53.5
20625000,41250.00000748623,33.700000006865594,-1791940.6185889924,469366.13021750574,-1322574.4883714868,309.71254342313654,1620.8102969968024,1.0237917273394697,53.5
20650000,41300.00000749641,33.75000000687577,-1793898.931288585,469498.0518452163,-1324400.8794433689,309.79959227523807,1620.7554109259747,1.023826397533924,53.5
20675000,41350.0000075066,33.80000000688596,-1791989.7559457095,469711.65356030257,-1322278.1023854068,309.94053795964066,1621.4106641513222,1.0234126432864574,53.5
20700000,41400.00000751679,33.85000000689615,-1789112.280696045,470720.9787624732,-1318391.3019335717,310.6065439949728,1623.6004919109007,1.0220323176294146,53.5
20725000,41450.00000752697,33.90000000690633,-1792038.5222360212,469466.3733059167,-1322572.1489301044,309.7786891031795,1622.477749876566,1.0227395560760055,53.5
20750000,41500.00000753716,33.95000000691652,-1790372.3547313549,469515.6592527935,-1320856.695478561,309.811210571985,1622.5281649894246,1.0227077775643858,53.5
20775000,41550.00000754734,34.000000006926705,-1792482.9992879564,470785.5923552057,-1321697.4069327507,310.64917945342734,1622.7872388354845,1.022544504874665,53.5
20800000,41600.00000755753,34.05000000693689,-1791365.857373274,470095.2165200567,-1321270.640853217,310.1936330429465,1621.7823294852128,1.0231781068786674,53.5
20825000,41650.00000756772,34.100000006947084,-1792719.5339465654,471008.9114711391,-1321710.6224754262,310.79653719174286,1624.290561056019,1.0215981139317392,53.5
20850000,41700.0000075779,34.150000006957264,-1790916.0882083997,469464.1629967353,-1321451.9252116643,309.77723062453293,1622.9499649275754,1.0224419788111,53.5
20875000,41750.00000758809,34.20000000696745,-1792469.3259933377,469552.76837127167,-1322916.557622066,309.8356971267833,1623.8927000067276,1.0218484100858884,53.5
20900000,41800.00000759828,34.25000000697764,-1793632.170906675,469991.2028648296,-1323640.9680418456,310.1249993439274,1624.784382643621,1.0212876190698348,53.5
20925000,41850.00000760846,34.30000000698782,-1791737.3389722733,470111.0543191524,-1321626.284653121,310.2040836586267,1623.3455828835297,1.022192804260712,53.5
20950000,41900.00000761865,34.35000000699801,-1789095.0915712658,470391.6282725109,-1318703.463298755,310.389221160288,1624.7860022642135,1.0212866010290242,53.5
20975000,41950.000007628834,34.400000007008195,-1791244.1146823522,469217.06554418406,-1322027.049138168,309.6141826848199,1622.8810304157355,1.0224854086974395,53.5
21000000,42000.00000763902,34.45000000701838,-1792012.5002028523,469346.7378661723,-1322665.76233668,309.6997473262992,1621.0818239488904,1.0236202449113834,53.5
21025000,42050.00000764921,34.50000000702857,-1793987.6255906029,470741.1929952923,-1323246.4325953105,310.619882412589,1619.1937826358596,1.0248138249090173,53.5
21050000,42100.00000765939,34.550000007038754,-1791812.792259343,469002.9175890049,-1322809.874670338,309.4728765623763,1622.369994117843,1.0228074851410405,53.5
21075000,42150.00000766958,34.60000000704894,-1794247.101493285,470053.9751736927,-1324193.1263195924,310.1664198261116,1621.9429113504757,1.0230768062424067,53.5
21100000,42200.000007679766,34.65000000705913,-1791756.4181921836,471011.6919992525,-1320744.7261929312,310.7983719309339,1622.166722716053,1.0229356516903565,53.5
21125000,42250.00000768995,34.70000000706931,-1792094.7846178971,471043.1869137668,-1321051.5977041302,310.8191539376684,1620.8596622069097,1.0237605465439297,53.5
21150000,42300.00000770014,34.7500000070795,-1791083.8948503817,471526.245195644,-1319557.6496547377,311.1379012853572,1623.1191903600504,1.0223353796241317,53.5
21175000,42350.000007710325,34.800000007089686,-1793600.8949344894,469399.0649406495,-1324201.8299938398,309.7342754915903,1622.19701351841,1.0229165507171754,53.5
21200000,42400.00000772051,34.85000000709987,-1793091.4735858263,468259.9808792856,-1324831.4927065407,308.98264771296414,1621.612590466728,1.0232852059778097,53.5
21225000,42450.0000077307,34.90000000711006,-1790586.7401886005,471597.22588415456,-1318989.514304446,311.1847380896284,1619.8876354066294,1.0243748624177962,53.5
21250000,42500.00000774088,34.95000000712024,-1788729.7278379332,469935.3569260243,-1318794.3709119088,310.0881492462452,1622.6628563582362,1.022622886294511,53.5
21275000,42550.00000775107,35.00000000713043,-1792629.5270610666,472102.6769336053,-1320526.8501274614,311.51826136713623,1621.546245116593,1.0233270735566613,53.5
21300000,42600.00000776126,35.05000000714062,-1793079.0855108732,472335.25910359307,-1320743.8264072803,311.6717313573726,1622.5714055211115,1.0226805230300635,53.5
21325000,42650.00000777144,35.100000007150804,-1791551.650215139,471741.3754269309,-1319810.2747882078,311.27985556541614,1622.7726611531125,1.0225536905907917,53.5
21350000,42700.00000778163,35.15000000716099,-1793719.6051859723,471485.6425560071,-1322233.9626299655,311.1111095209284,1618.5077908242458,1.025248184197432,53.5
21375000,42750.000007791816,35.20000000717118,-1796257.6377436118,469384.7155245452,-1326872.9222190666,309.7248069895571,1620.0385799647436,1.0242794178939043,53.5
21400000,42800.000007802,35.25000000718136,-1792138.867485158,467607.1617819846,-1324531.7057031735,308.55188322016494,1621.6714060426382,1.0232480929668226,53.5
21425000,42850.00000781219,35.30000000719155,-1791275.320537053,472249.2350302898,-1319026.0855067633,311.6149681339035,1620.2023804398016,1.0241758645000392,53.5
21450000,42900.000007822375,35.350000007201736,-1791501.1584786708,471137.3637706592,-1320363.7947080117,310.8812967980112,1621.5893504116318,1.023299871345808,53.5
21475000,42950.00000783256,35.40000000721192,-1793266.713606651,468453.6633553264,-1324813.050251325,309.11044963221065,1621.1672242220764,1.023566322375048,53.5
21500000,43000.00000784275,35.45000000722211,-1791901.4734981349,467314.80368564994,-1324586.6698124849,308.358969919062,1621.5138066421484,1.0233475452720349,53.5
21525000,43050.00000785293,35.50000000723229,-1792730.7518171575,469378.432527997,-1323352.3192891604,309.7206611368507,1621.041759027386,1.0236455442379024,53.5
21550000,43100.00000786312,35.55000000724248,-1791651.901720427,470155.5100738818,-1321496.3916465451,310.2334179117408,1622.1221643291178,1.0229637509072835,53.5
21575000,43150.00000787331,35.60000000725267,-1791624.6981648805,469145.6402678987,-1322479.0578969817,309.5670525180719,1623.7769079970456,1.0219212783970533,53.5
21600000,43200.00000788349,35.650000007262854,-1794507.1740212329,471971.9004679676,-1322535.2735532653,311.431968153406,1621.9007632858738,1.0231033927687208,53.5
21625000,43250.00000789368,35.70000000727304,-1793910.8895455217,470539.37805695407,-1323371.5114885676,310.4867142655296,1620.9698444583,1.023690958425256,53.5
21650000,43300.000007903865,35.75000000728323,-1791975.2419515196,468337.47985195206,-1323637.7620995676,309.03378562512256,1618.4826070178158,1.0252641371966809,53.5
21675000,43350.00000791405,35.80000000729341,-1790706.482663303,470058.6265733685,-1320647.8560899342,310.1694890650944,1620.9036655201496,1.023732754111245,53.5
21700000,43400.00000792424,35.8500000073036,-1792940.350734354,468686.5567736206,-1324253.793960733,309.26412500050566,1621.2287391273244,1.02352748480462,53.5
21725000,43450.000007934425,35.900000007313785,-1791049.916341301,471938.42030315474,-1319111.4960381463,311.4098761737534,1623.300447157562,1.0222212262416088,53.5
21750000,43500.00000794461,35.95000000732397,-1793852.9959753174,469978.8218838504,-1323874.174091467,310.11682971927354,1623.5904025747443,1.0220386687556584,53.5
21775000,43550.0000079548,36.00000000733416,-1791153.7651750725,471563.7977219658,-1319589.9674531068,311.1626804240516,1624.163987813568,1.0216777284206284,53.5
21800000,43600.00000796498,36.050000007344345,-1791128.685599455,471115.6508291351,-1320013.0347703197,310.8669694532973,1620.4760609640864,1.0240028924985958,53.5
21825000,43650.00000797517,36.10000000735453,-1793366.674582922,469785.4600117665,-1323581.2145711554,309.9892393514376,1621.6919716514462,1.0232351165691087,53.5
21850000,43700.00000798536,36.150000007364724,-1791887.166518486,469748.4104486246,-1322138.7560698616,309.9647920943931,1622.2818561545323,1.02286305388716,53.5
21875000,43750.00000799554,36.2000000073749,-1791331.9532415876,471462.8811449074,-1319869.0720966803,311.09609034065585,1621.4166455265731,1.0234088679366282,53.5
21900000,43800.00000800573,36.25000000738509,-1790846.6300543696,470780.1198164428,-1320066.5102379269,310.64556838353946,1623.3717211118071,1.022176345732752,53.5
21925000,43850.00000801592,36.30000000739528,-1794392.4334228644,468782.0915693803,-1325610.341853484,309.32716390057806,1622.782744326813,1.0225473369451687,53.5
21950000,43900.0000080261,36.35000000740546,-1791824.6872619437,469086.2206281949,-1322738.4666337487,309.52784430393547,1621.64659413597,1.023263749113034,53.5
21975000,43950.00000803629,36.40000000741565,-1791608.1835078765,469518.9681071423,-1322089.2154007342,309.8133939287084,1621.1231411311155,1.02359415614421,53.5
22000000,44000.00000804648,36.45000000742584,-1789067.5499019716,470968.16884033225,-1318099.3810616394,310.76965305375217,1625.178263527661,1.0210400981182657,53.5
22025000,44050.00000805666,36.50000000743602,-1789844.7245678166,473146.7897977255,-1316697.934770091,312.2072221377347,1623.7714181384415,1.0219247334420556,53.5
22050000,44100.00000806685,36.55000000744621,-1792003.4329329114,468232.6144020232,-1323770.8185308883,308.9645898670059,1620.043913347024,1.024276045841053,53.5
22075000,44150.00000807703,36.600000007456394,-1790948.223897555,469769.8729589954,-1321178.3509385595,309.9789541914156,1623.6975021983242,1.0219712547474706,53.5
22100000,44200.00000808722,36.65000000746658,-1791109.9888178485,469104.9374064288,-1322005.0514114194,309.5401946219885,1624.6526466713458,1.0213704308128535,53.5
22125000,44250.000008097406,36.70000000747677,-1790285.3623920204,471128.880345351,-1319156.482046669,310.8756989862817,1625.643244056275,1.0207480514061134,53.5
22150000,44300.00000810759,36.75000000748695,-1791509.9118103432,470124.8609105077,-1321385.0508998353,310.213193976243,1624.6252276320029,1.0213876686321055,53.5
22175000,44350.00000811778,36.80000000749714,-1790778.925677157,469842.4221326463,-1320936.5035445108,310.02682596495885,1619.99383266274,1.02430771043399,53.5
22200000,44400.000008127965,36.850000007507326,-1792532.8026393373,471531.8897071051,-1321000.912932232,311.1416258319072,1624.5082710032764,1.021461203535238,53.5
22225000,44450.00000813815,36.90000000751751,-1792858.581468857,469564.7733864804,-1323293.8080823766,309.8436186693804,1626.113831557774,1.0204526530976743,53.5
22250000,44500.00000814834,36.9500000075277,-1791360.8424333464,471437.530216484,-1319923.3122168623,311.0793624601918,1621.615119593704,1.0232836100268423,53.5
22275000,44550.00000815853,37.00000000753789,-1792026.105903939,469781.0152214799,-1322245.0906824595,309.98630644423355,1621.5152836230045,1.0233466131409914,53.5
22300000,44600.00000816871,37.05000000754807,-1793371.0870730728,471528.8021905666,-1321842.284882506,311.1395885255521,1622.9472561849798,1.0224436852942458,53.5
22325000,44650.0000081789,37.10000000755826,-1793539.662699117,473112.9357539958,-1320426.7269451215,312.1848834530413,1622.0474687563435,1.0230108585689106,53.5
22350000,44700.00000818908,37.150000007568444,-1793143.5356423408,470170.27417459775,-1322973.261467743,310.24316004456574,1620.2815631749856,1.0241258132940614,53.5
22375000,44750.00000819927,37.20000000757863,-1789633.083119181,470560.1563733788,-1319072.9267458022,310.5004248952782,1626.157853634414,1.0204250281996354,53.5
22400000,44800.000008209456,37.25000000758882,-1791806.559861036,470295.9522423572,-1321510.6076186788,310.32608906630884,1620.1040329690532,1.0242380364987662,53.5
22425000,44850.00000821964,37.300000007599,-1792323.1688577477,471257.07522122667,-1321066.0936365211,310.960288730844,1620.3442372891463,1.0240862006138296,53.5
22450000,44900.00000822983,37.35000000760919,-1791756.9038732154,470897.3376220258,-1320859.5662511897,310.72291487780984,1619.3435321184231,1.0247190548142475,53.5
22475000,44950.000008240015,37.400000007619376,-1793231.4133776398,469455.3476311613,-1323776.0657464785,309.77141378109803,1617.52583580498,1.025870583900844,53.5
22500000,45000.0000082502,37.45000000762956,-1788575.1397655308,470869.80413761846,-1317705.3356279123,310.70474683172364,1623.4566865588836,1.0221228489743073,53.5
22525000,45050.00000826039,37.50000000763975,-1791701.4366529556,468838.2672300407,-1322863.169422915,309.3642315661413,1621.9499274325578,1.0230723807106883,53.5
22550000,45100.000008270574,37.550000007649935,-1792122.2911745002,468836.3598406299,-1323285.9313338704,309.362972969946,1622.430847987423,1.0227691218459984,53.5
22575000,45150.00000828076,37.60000000766012,-1792775.303736303,470529.7545406125,-1322245.5491956903,310.4803641615682,1622.0695468738145,1.0229969342868397,53.5
22600000,45200.00000829095,37.65000000767031,-1794766.2204411617,470378.1805436789,-1324388.0398974828,310.38034763910343,1623.254434355379,1.0222502021446314,53.5
22625000,45250.00000830113,37.700000007680494,-1794748.9537133882,472542.0408782435,-1322206.912835145,311.80817688515464,1618.7175028659956,1.025115358741707,53.5
22650000,45300.00000831132,37.75000000769068,-1793050.7850247798,469278.2679893815,-1323772.5170353984,309.65456728810824,1623.0087959479831,1.0224049172097878,53.5
22675000,45350.00000832151,37.80000000770087,-1793879.3297950989,467001.3773369001,-1326877.9524581986,308.15215467314266,1618.4675871901118,1.0252736519319856,53.5
22700000,45400.00000833169,37.85000000771105,-1791618.8144759806,468580.7936298985,-1323038.020846082,309.1943368966487,1623.406841824029,1.0221542320146415,53.5
22725000,45450.00000834188,37.90000000772124,-1793846.824664428,469516.8546289143,-1324329.9700355136,309.81199934423523,1621.6690913222558,1.0232495535195516,53.5
22750000,45500.000008352064,37.950000007731425,-1789939.130715713,468857.2106683781,-1321081.9200473349,309.3767314464925,1624.9973013532513,1.0211538026986735,53.5
22775000,45550.00000836225,38.00000000774161,-1788631.3632384045,470636.659987158,-1317994.7032512464,310.55090601711294,1621.840524045831,1.0231413934043885,53.5
22800000,45600.00000837244,38.0500000077518,-1790972.429851044,467289.1108371531,-1323683.3190138908,308.34201642168875,1622.8827257754042,1.0224843405484625,53.5
22825000,45650.00000838262,38.100000007761984,-1790190.1938782465,470864.9337214642,-1319325.2601567823,310.7015330741099,1626.8010160899328,1.0200215989785328,53.5
22850000,45700.00000839281,38.15000000777217,-1789156.0138153965,468346.6545581543,-1320809.3592572422,309.03983958046814,1622.2392986925313,1.0228898874471557,53.5
22875000,45750.000008403,38.200000007782364,-1792332.3865840929,469190.67906579946,-1323141.7075182935,309.5967714938405,1624.456437234392,1.0214937967047035,53.5
22900000,45800.00000841318,38.25000000779254,-1793018.9766914044,470010.9494181596,-1323008.0272732447,310.138029161935,1620.5611233336826,1.023949143145205,53.5
22925000,45850.00000842337,38.30000000780273,-1793271.7982020834,471326.87805520254,-1321944.920146881,311.0063483245321,1619.7733953118736,1.0244471099813672,53.5
22950000,45900.00000843356,38.35000000781292,-1790998.3208012674,469605.4592662882,-1321392.8615349792,309.87046536006693,1623.695955730541,1.021972228110504,53.5
22975000,45950.00000844374,38.4000000078231,-1792328.3327088691,469619.5952175032,-1322708.737491366,309.8797930067006,1624.206021555205,1.0216512878477555,53.5
23000000,46000.00000845393,38.45000000783329,-1792475.847836392,471050.4939920856,-1321425.3538443064,310.8239755335728,1625.5026760881433,1.0208363222417576,53.5
23025000,46050.000008464114,38.500000007843475,-1790680.3772883518,472432.000312745,-1318248.376975607,311.7355663126694,1622.5031383653877,1.0227235525249656,53.5
23050000,46100.0000084743,38.55000000785366,-1793042.460484462,472137.9731105857,-1320904.4873738762,311.5415516474567,1622.0401579807342,1.0230154694306062,53.5
23075000,46150.00000848449,38.60000000786385,-1793569.2993329046,470228.5767375697,-1323340.722595335,310.28163115252096,1622.7220488211055,1.0225855838080686,53.5
23100000,46200.00000849467,38.650000007874034,-1794467.4509171592,469445.2343991564,-1325022.2165180028,309.76474053689736,1619.0938634948996,1.0248770692454563,53.5
23125000,46250.00000850486,38.70000000788422,-1792905.8139866143,470156.77851031127,-1322749.0354763032,310.23425489303844,1621.8561243093263,1.0231315520410944,53.5
23150000,46300.000008515046,38.75000000789441,-1791185.9953081831,467898.0565592538,-1323287.9387489294,308.743830946122,1620.2485634746731,1.0241466717263308,53.5
23175000,46350.00000852523,38.80000000790459,-1789639.8448383724,469081.2507093432,-1320558.5941290292,309.5245648891907,1622.8157645261776,1.0225265306912097,53.5
23200000,46400.00000853542,38.85000000791478,-1790057.154207921,471394.1161346202,-1318663.0380733004,311.0507155578084,1621.5959362384476,1.0232957153932785,53.5
23225000,46450.000008545605,38.900000007924966,-1790602.4531720718,472163.5057137541,-1318438.9474583175,311.5583994065053,1622.4930328691053,1.0227299224315531,53.5
23250000,46500.00000855579,38.95000000793515,-1790477.5089661283,470265.840705588,-1320211.6682605403,310.30621988521807,1622.2437635599942,1.0228870721687864,53.5
23275000,46550.00000856598,39.00000000794534,-1793160.6674333736,469418.4641575075,-1323742.203275866,309.7470761186632,1621.1109617693212,1.023601846378779,53.5
23300000,46600.00000857616,39.05000000795552,-1791659.075467811,470517.59984991874,-1321141.475617892,310.4723438551871,1622.0015962580662,1.0230397907622917,53.5
23325000,46650.00000858635,39.10000000796571,-1791831.881270933,469411.40634902567,-1322420.4749219073,309.7424190041524,1623.300777708519,1.022221018087822,53.5
23350000,46700.00000859654,39.1500000079759,-1792258.4983684665,469744.7501794383,-1322513.748189028,309.962376855614,1626.2550647609498,1.020364031208028,53.5
23375000,46750.00000860672,39.200000007986084,-1794832.9206456188,469411.4365698177,-1325421.484075801,309.7424389454259,1621.406540124102,1.0234152463236936,53.5
23400000,46800.00000861691,39.25000000799627,-1791521.7137393784,469858.6965717383,-1321663.0171676402,310.0375646987521,1619.1821457365622,1.0248211901429476,53.5
23425000,46850.000008627096,39.30000000800646,-1792088.545874931,469664.6323659076,-1322423.9135090234,309.9095108940445,1620.8750372457866,1.0237508355188092,53.5
23450000,46900.00000863728,39.35000000801664,-1793082.0465991432,469988.4179089327,-1323093.6286902104,310.12316168305114,1619.071081437727,1.024891490359053,53.5
23475000,46950.00000864747,39.40000000802683,-1791994.4218803523,470209.7032595965,-1321784.7186207557,310.2691774357102,1621.1704768576506,1.0235642687426385,53.5
23500000,47000.000008657655,39.450000008037016,-1791221.150617543,470319.4789929043,-1320901.6716246384,310.34161325793946,1620.0475668578931,1.0242737359066147,53.5
23525000,47050.00000866784,39.5000000080472,-1790714.298158655,470846.11726010585,-1319868.180898549,310.6891169798705,1624.1730717607152,1.0216720142103342,53.5
23550000,47100.00000867803,39.55000000805739,-1790876.3750749454,469920.2338579216,-1320956.1412170238,310.07817024779405,1622.0696808160612,1.022996849812967,53.5
23575000,47150.00000868821,39.60000000806757,-1792684.4619543897,470925.1957116136,-1321759.266242776,310.7412971155252,1618.5526277129145,1.0252197829345349,53.5
23600000,47200.0000086984,39.65000000807776,-1793015.2912538946,470424.41124370566,-1322590.880010189,310.41085309479723,1620.2647803536718,1.0241364212642745,53.5
23625000,47250.00000870859,39.70000000808795,-1790566.7753644604,471641.5235936374,-1318925.251770823,311.21396805614813,1623.2129021216354,1.0222763578844511,53.5
23650000,47300.00000871877,39.750000008098134,-1791016.582690224,471273.4503882479,-1319743.1323019762,310.9710939302407,1621.5375417716998,1.0233325661019956,53.5
23675000,47350.00000872896,39.80000000810832,-1789827.912233632,471898.69086862856,-1317929.2213650034,311.3836605961399,1623.6727626061368,1.0219868263285503,53.5
23700000,47400.000008739145,39.850000008118506,-1793099.791932553,469999.1575429789,-1323100.6343895742,310.13024826037696,1620.7673661102708,1.0238188455350832,53.5
23725000,47450.00000874933,39.90000000812869,-1791768.910641293,472321.38699378935,-1319447.5236475037,311.6625778072262,1623.8983056372865,1.0218448827069546,53.5
23750000,47500.00000875952,39.95000000813888,-1794252.3700765166,469722.451753677,-1324529.9183228398,309.9476631775017,1621.9750973517257,1.0230565046043494,53.5
23775000,47550.0000087697,40.00000000814906,-1795431.7994517572,470671.5336707349,-1324760.2657810224,310.5739175139888,1621.8597762561935,1.0231292482524927,53.5
23800000,47600.00000877989,40.05000000815925,-1792740.2310256597,471955.430566948,-1320784.8004587116,311.4211004435176,1622.2737765924776,1.0228681481478432,53.5
23825000,47650.00000879008,40.10000000816944,-1794697.2325683895,470000.9605626183,-1324696.2720057715,310.13143798788894,1619.2258012830944,1.024793560192191,53.5
23850000,47700.00000880026,40.150000008179624,-1791998.2869985923,469650.6333097939,-1322347.6536887984,309.90027357802325,1621.587820771471,1.0233008366222858,53.5
23875000,47750.00000881045,40.20000000818981,-1790003.9980311636,470215.9108140607,-1319788.0872171028,310.2732735077481,1619.8580014507927,1.0243936025045235,53.5
23900000,47800.00000882064,40.250000008200004,-1789004.5426688334,470265.7305200033,-1318738.8121488302,310.3061471789543,1623.0333035413837,1.0223894790274988,53.5
23925000,47850.00000883082,40.30000000821018,-1792564.9762855915,470208.24929666327,-1322356.7269889284,310.2682180342342,1622.2724884688605,1.0228689603299077,53.5
23950000,47900.00000884101,40.35000000822037,-1792839.919564995,469625.5264950162,-1323214.3930699788,309.88370677662573,1621.748914627326,1.0231991886569416,53.5
23975000,47950.0000088512,40.40000000823056,-1795277.995831118,470882.3271412887,-1324395.6686898293,310.7130101704444,1617.8466120653757,1.025667180854412,53.5
24000000,48000.00000886138,40.45000000824074,-1793660.4222387075,471546.7297975783,-1322113.6924411291,311.1514181067843,1619.400931654885,1.0246827337293325,53.5
24025000,48050.00000887157,40.50000000825093,-1794704.153946341,472001.4457768238,-1322702.708169517,311.45146370743726,1619.4705718597145,1.0246386704924315,53.5
24050000,48100.00000888176,40.55000000826112,-1794023.4545215135,473769.16005845007,-1320254.2944630636,312.6178948812294,1621.5520487307967,1.0233234110189435,53.5
24075000,48150.00000889194,40.6000000082713,-1792387.87923876,468544.0786094189,-1323843.800629341,309.17011038850825,1621.1111885934736,1.0236017031574978,53.5
24100000,48200.00000890213,40.65000000828149,-1792299.4685707334,471990.5646850473,-1320308.903885686,311.44428378883566,1619.6413366210518,1.0245306390572813,53.5
24125000,48250.00000891231,40.700000008291674,-1793009.8495695563,470150.9042315143,-1322858.945338042,310.2303787338743,1621.14398183527,1.0235809972741643,53.5
24150000,48300.0000089225,40.75000000830186,-1790750.205649753,471750.7931568387,-1318999.4124929144,311.2860698806282,1618.0419476267564,1.0255433588021745,53.5
24175000,48350.000008932686,40.80000000831205,-1793470.1497785924,469311.5090912437,-1324158.6406873488,309.6765015214096,1620.6439279050069,1.0238968258727952,53.5
24200000,48400.00000894287,40.85000000832223,-1794436.8584930282,470811.32703020686,-1323625.5314628214,310.6661605501356,1620.7185533308048,1.0238496808972242,53.5
24225000,48450.00000895306,40.90000000833242,-1792163.6599527595,469820.0344071537,-1322343.625545606,310.012053362171,1620.0133165053796,1.024295391121524,53.5
24250000,48500.000008963245,40.950000008342606,-1792342.9372088443,468881.3239830935,-1323461.6132257509,309.3926426841173,1621.74264464141,1.023203144552486,53.5
24275000,48550.00000897343,41.00000000835279,-1791599.464921764,470249.9780571018,-1321349.4868646625,310.2957528725987,1622.3709688133963,1.0228068706540163,53.5
24300000,48600.00000898362,41.05000000836298,-1792547.4157567453,471264.22745951073,-1321283.1882972345,310.9650081551217,1620.6569837624627,1.0238885774580213,53.5
24325000,48650.00000899381,41.10000000837317,-1792481.431818341,469459.9749261951,-1323021.4568921458,309.7744671145659,1622.079543713263,1.0229906295799291,53.5
24350000,48700.00000900399,41.15000000838335,-1791813.521585066,468517.1915901534,-1323296.3299949125,309.1523689142396,1624.24944049847,1.0216239773754865,53.5
24375000,48750.00000901418,41.20000000839354,-1791477.4691519318,471112.8474350913,-1320364.621716841,310.86511962595864,1623.3019977998968,1.022220249775424,53.5
24400000,48800.00000902436,41.250000008403724,-1793509.1092928434,467577.3404845874,-1325931.768808256,308.5322055543291,1622.0599497275462,1.023002986992359,53.5
24425000,48850.00000903455,41.30000000841391,-1790724.8205721795,470268.0689176871,-1320456.7516544927,310.3076901771545,1624.215331714364,1.021645431643896,53.5
24450000,48900.000009044736,41.3500000084241,-1793103.4481318956,470712.98205940536,-1322390.4660724902,310.6012673482642,1620.9935768932903,1.023675970901883,53.5
24475000,48950.00000905492,41.40000000843428,-1793940.096653521,471151.93483547546,-1322788.1618180457,310.890911555562,1622.9267694778512,1.0224565919174713,53.5
24500000,49000.00000906511,41.45000000844447,-1794040.0370167317,469752.4745835679,-1324287.562433164,309.9674738251126,1617.3430841899508,1.0259865021051209,53.5
24525000,49050.000009075295,41.500000008454656,-1796076.997775307,470780.7556327237,-1325296.2421425832,310.64598792867673,1620.6409879885937,1.023898683268175,53.5
24550000,49100.00000908548,41.55000000846484,-1791614.6670340486,471134.8771308852,-1320479.7899031634,310.8796559818564,1623.2552034689425,1.0222497177928829,53.5
24575000,49150.00000909567,41.60000000847503,-1792919.5176210618,470410.688125429,-1322508.8294956328,310.4017978571234,1618.486954865209,1.025261382962553,53.5
24600000,49200.000009105854,41.650000008485215,-1792516.7772426791,467817.4460229825,-1324699.331219697,308.690639860085,1622.4348589386805,1.022766593376475,53.5
24625000,49250.00000911604,41.7000000084954,-1792818.4623645386,468228.8286502709,-1324589.6337142675,308.9620918282075,1623.6865065534876,1.0219781755618675,53.5
24650000,49300.00000912623,41.750000008505594,-1793489.3022497436,470061.97180278896,-1323427.3304469546,310.17169642400984,1618.8697653864554,1.0250189416909836,53.5
24675000,49350.00000913641,41.800000008515774,-1790578.8928302685,469796.4925144255,-1320782.400315843,309.99651917893016,1619.7660178831616,1.0244517759549951,53.5
24700000,49400.0000091466,41.85000000852596,-1792728.5582435215,469357.4842910135,-1323371.073952508,309.7068383845499,1618.7221515874346,1.0251124147678197,53.5
24725000,49450.00000915679,41.90000000853615,-1791660.2193445684,469744.0099900536,-1321916.209354515,309.9618884395946,1621.0609144250582,1.023633448247369,53.5
24750000,49500.00000916697,41.95000000854633,-1792601.609259719,468840.7140364897,-1323760.8952232292,309.36584609816606,1621.0825550634345,1.0236197832546676,53.5
24775000,49550.00000917716,42.00000000855652,-1792789.039956769,469792.3372953644,-1322996.7026614046,309.9937773461028,1620.2218580570727,1.0241635522939003,53.5
24800000,49600.000009187344,42.050000008566705,-1793736.9961044928,470209.30187918816,-1323527.6942253048,310.26891258373394,1621.562055467041,1.023317096041708,53.5
24825000,49650.00000919753,42.10000000857689,-1792969.0833448991,471674.5925650778,-1321294.4907798213,311.2357887087131,1624.2181058232122,1.0216436867085197,53.5
24850000,49700.00000920772,42.15000000858708,-1791775.002150898,469665.10552599456,-1322109.8966249032,309.90982311004086,1622.097375960558,1.0229793835091583,53.5
24875000,49750.0000092179,42.200000008597264,-1791973.890829198,468904.741720946,-1323069.149108252,309.40809494341886,1622.75408802879,1.0225653941612598,53.5
24900000,49800.00000922809,42.25000000860745,-1792405.35764023,470035.2103231132,-1322370.1473171168,310.15403778738795,1623.6371776820588,1.0220092250048822,53.5
24925000,49850.00000923828,42.300000008617644,-1793335.0380093344,469485.41297148814,-1323849.6250378462,309.79125247933814,1623.448911411419,1.0221277442043462,53.5
24950000,49900.00000924846,42.35000000862782,-1792007.6866996344,468751.8482863112,-1323255.8384133233,309.3072077863257,1622.0716032192804,1.02299563740506,53.5
24975000,49950.00000925865,42.40000000863801,-1792358.9252861245,468227.0667250481,-1324131.8585610762,308.9609292169602,1625.1888440157013,1.0210334508276526,53.5
25000000,50000.00000926884,42.4500000086482,-1795668.340888978,471461.9574824752,-1324206.383406503,311.0954808594369,1621.266701994526,1.0235035183357255,53.5
25025000,50050.00000927902,42.50000000865838,-1793767.780890897,469834.9444149599,-1323932.8364759372,310.02189177219424,1623.5258550835554,1.022079302560017,53.5
25050000,50100.00000928921,42.55000000866857,-1793725.3499433054,470834.82299314206,-1322890.5269501633,310.68166442647504,1621.7094345057185,1.0232240981922365,53.5
25075000,50150.000009299394,42.600000008678755,-1792325.396325401,468816.11304424994,-1323509.2832811512,309.34961306517374,1626.0737868004069,1.0204777834326135,53.5
25100000,50200.00000930958,42.65000000868894,-1790898.7156135878,471661.17375255824,-1319237.5418610296,311.2269342680374,1624.2997356918802,1.021592343573913,53.5
25125000,50250.00000931977,42.70000000869913,-1790797.331803605,471414.50506804365,-1319382.8267355612,311.0641692521032,1625.2655382502803,1.0209852695445654,53.5
25150000,50300.00000932995,42.750000008709314,-1791368.2519445876,470339.0143486505,-1321029.237595937,310.3545037166354,1623.8427301464485,1.021879855016688,53.5
25175000,50350.00000934014,42.8000000087195,-1793221.214833323,472692.44284498855,-1320528.7719883344,311.90742004024736,1621.3137470517415,1.02347381971529,53.5
25200000,50400.000009350326,42.85000000872969,-1790000.221114884,469810.5620905545,-1320189.6590243296,310.0058030277792,1623.4229493492542,1.0221440902490082,53.5
25225000,50450.00000936051,42.90000000873987,-1794418.8198176762,470056.6180092509,-1324362.2018084254,310.168163708488,1620.8230603708123,1.023783665363401,53.5
25250000,50500.0000093707,42.95000000875006,-1791681.7575750835,470519.5133281874,-1321162.244246896,310.4736064691321,1621.6574492836846,1.0232568995288926,53.5
25275000,50550.000009380885,43.000000008760246,-1791573.0809868574,470655.01034553774,-1320918.0706413195,310.56301455200844,1619.414323587738,1.0246742599977088,53.5
25300000,50600.00000939107,43.05000000877043,-1793154.6483218418,469799.5729737246,-1323355.0753481174,309.9985518285463,1622.4238475703887,1.0227735348792473,53.5
25325000,50650.00000940126,43.10000000878062,-1791906.296103647,470912.3594833736,-1320993.9366202734,310.73282709470294,1620.9163805357352,1.023724723605736,53.5
25350000,50700.00000941144,43.1500000087908,-1793291.3939519404,470588.6323421013,-1322702.761609839,310.51921484225494,1621.2705794374306,1.023501070517017,53.5
25375000,50750.00000942163,43.20000000880099,-1794871.2855982296,469923.5378713156,-1324947.747726914,310.0803504102,1622.456198766184,1.022753141141095,53.5
25400000,50800.00000943182,43.25000000881118,-1794640.9552970445,471261.985214416,-1323378.9700826283,310.9635286034742,1619.7562214499671,1.0244579719326683,53.5
25425000,50850.000009442,43.300000008821364,-1791137.519238376,469627.76415308495,-1321509.755085291,309.88518330151146,1623.0512430199396,1.022378178623883,53.5
25450000,50900.00000945219,43.35000000883155,-1792650.559048378,469016.7481954579,-1323633.81085292,309.4820027264216,1620.8851948966796,1.0237444199480945,53.5
25475000,50950.000009462376,43.40000000884174,-1790962.579435369,469233.9716244945,-1321728.6078108745,309.6253382088238,1623.4979538551634,1.022096867884314,53.5
25500000,51000.00000947256,43.45000000885192,-1792497.5435869778,470998.0747636987,-1321499.468823279,310.7893865602685,1624.880662961662,1.0212271039200047,53.5
25525000,51050.00000948275,43.50000000886211,-1793491.7191887817,469743.2915179929,-1323748.4276707885,309.96141435381173,1623.859040169691,1.021869591266095,53.5
25550000,51100.000009492935,43.550000008872296,-1793682.7628602795,469691.8101778612,-1323990.9526824185,309.9274442486752,1622.6931065391896,1.022603822598959,53.5
25575000,51150.00000950312,43.60000000888248,-1794593.116455976,469702.1711336409,-1324890.945322335,309.9342809540961,1623.3986550401055,1.022159386728678,53.5
25600000,51200.00000951331,43.65000000889267,-1794128.4881910216,468118.68687209184,-1326009.8013189298,308.88941447025417,1623.496167016635,1.0220979928158669,53.5
25625000,51250.00000952349,43.70000000890285,-1791693.1416613664,468854.9120015745,-1322838.229659792,309.3752146648239,1623.0604814565766,1.022372359262171,53.5
25650000,51300.00000953368,43.75000000891304,-1794086.2999333488,469168.9734202484,-1324917.3265131004,309.5824489633948,1620.388142193358,1.0240584526901244,53.5
25675000,51350.000009543866,43.80000000892323,-1792297.969295249,471867.1945348402,-1320430.7747604093,311.3628776528935,1621.2691211964152,1.0235019910990608,53.5
25700000,51400.00000955405,43.850000008933414,-1793500.5040042344,468446.99075042695,-1325053.5132538076,309.1060466953525,1624.6768214290876,1.0213552330932802,53.5
25725000,51450.00000956424,43.9000000089436,-1795305.9464483466,469920.68134543765,-1325385.265102909,310.07846552367323,1623.0480049014766,1.022380218355084,53.5
25750000,51500.000009574425,43.950000008953786,-1790755.6317189531,468902.37645475584,-1321853.2552641972,309.40653421596016,1623.8196671737444,1.0218943686894062,53.5
25775000,51550.00000958461,44.00000000896397,-1791499.1513160905,469936.9739529687,-1321562.177363122,310.0892162459614,1623.0845714806176,1.0223571850838524,53.5
25800000,51600.0000095948,44.05000000897416,-1792779.2177470855,469512.7969523673,-1323266.4207947184,309.8093218751064,1622.496972896946,1.0227274388618235,53.5
25825000,51650.00000960498,44.10000000898434,-1793924.6699925056,468326.68712889607,-1325597.9828636094,309.0266640168664,1622.5427856166075,1.0226985620113256,53.5
25850000,51700.00000961517,44.15000000899453,-1793155.344682523,471089.27130707976,-1322066.0733754432,310.84956285247114,1623.0067294852067,1.022406218967609,53.5
25875000,51750.00000962536,44.20000000900472,-1792593.4185842592,469739.8728349192,-1322853.54574934,309.9591585262994,1623.859890777294,1.0218690559920554,53.5
25900000,51800.00000963554,44.250000009014904,-1794641.9055863451,471085.02085343,-1323556.884732915,310.8467581788362,1621.2711511604073,1.0235007095909143,53.5
25925000,51850.00000964573,44.30000000902509,-1792619.3364962442,470254.4006775324,-1322364.9358187118,310.2986711509617,1622.139918528716,1.0229525546458464,53.5
25950000,51900.00000965592,44.350000009035284,-1793193.328080994,469743.0741755812,-1323450.253905413,309.9612709398183,1617.6185336636609,1.0258117962420528,53.5
25975000,51950.0000096661,44.40000000904546,-1790084.0361455576,470256.6454721314,-1319827.3906734262,310.3001523849068,1625.4785551058994,1.0208514707497005,53.5
26000000,52000.00000967629,44.45000000905565,-1793505.1373148328,468880.8533010296,-1324624.2840138031,309.3923321032513,1622.5650448193792,1.0226845320932407,53.5
26025000,52050.00000968648,44.50000000906584,-1791838.4888006542,469467.6770126668,-1322370.8117879874,309.77954935769606,1619.9204336071632,1.0243541221076782,53.5
26050000,52100.00000969666,44.55000000907602,-1795922.5197164854,470248.95023012,-1325673.5694863654,310.2950746581128,1623.3590090323737,1.0221843501155348,53.5
26075000,52150.00000970685,44.60000000908621,-1795347.0746977208,469832.873909437,-1325514.2007882835,310.0205255433798,1622.2205206550163,1.0229017279241035,53.5
26100000,52200.00000971704,44.6500000090964,-1793147.8907614565,469096.0885120105,-1324051.802249446,309.53435565445267,1622.6154012980337,1.0226527939550665,53.5
26125000,52250.00000972722,44.70000000910658,-1792930.5682696318,469096.1008790653,-1323834.4673905666,309.5343638148881,1621.0945965440817,1.0236121798132418,53.5
26150000,52300.00000973741,44.75000000911677,-1792788.028855918,468795.04170064535,-1323992.9871552726,309.3357090806274,1623.5659636721205,1.0220540531034843,53.5
26175000,52350.00000974759,44.800000009126954,-1793408.637896102,470754.5152833425,-1322654.1226127597,310.62867316132565,1621.4338998327544,1.0233979774464528,53.5
26200000,52400.00000975778,44.85000000913714,-1791975.3591007665,470715.9525059568,-1321259.4065948096,310.6032274056635,1622.1870806182344,1.0229228141920286,53.5
26225000,52450.000009767966,44.90000000914733,-1794830.662179269,470251.2528074261,-1324579.4093718429,310.2965940201374,1619.7761157791638,1.0244453893887333,53.5
26250000,52500.00000977815,44.95000000915751,-1790252.9000879033,470950.7090764788,-1319302.1910114244,310.758132180126,1625.4008354899024,1.0209002834379706,53.5
26275000,52550.00000978834,45.0000000091677,-1793124.2197846128,472659.33355944767,-1320464.886225165,311.8855727863114,1619.6162983711747,1.024546477656938,53.5
26300000,52600.000009798525,45.050000009177886,-1793112.3344252985,471677.5978601263,-1321434.7365651722,311.23777176098986,1622.8500714329232,1.0225049145709342,53.5
26325000,52650.00000980871,45.10000000918807,-1793487.554586378,470359.6157088695,-1323127.9388775085,310.36809758134063,1621.36069482756,1.0234441842248052,53.5
26350000,52700.0000098189,45.15000000919826,-1791609.342084446,468967.5288945242,-1322641.813189922,309.4495252341265,1623.8504485073497,1.0218749978960548,53.5
26375000,52750.00000982909,45.20000000920845,-1792505.3246382074,469273.9097191038,-1323231.4149191035,309.65169147137215,1620.612675198366,1.023916571212085,53.5
26400000,52800.00000983927,45.25000000921863,-1790853.911706864,469390.70891908807,-1321463.2027877758,309.72876174757675,1622.938109425461,1.0224494477114674,53.5
26425000,52850.00000984946,45.30000000922882,-1793484.0983797647,472399.64263405086,-1321084.4557457138,311.71421500859685,1617.4751007247685,1.0259027622177388,53.5
26450000,52900.00000985964,45.350000009239004,-1793867.953556361,470687.2949362319,-1323180.6586201289,310.58431762876137,1621.3161601357012,1.0234722964292595,53.5
26475000,52950.00000986983,45.40000000924919,-1791837.5629133957,468642.3417505308,-1323195.2211628647,309.23494959483185,1622.613752422753,1.022653833159196,53.5
26500000,53000.000009880016,45.45000000925938,-1792356.2870086506,467896.7937726294,-1324459.4932360211,308.7429976928639,1621.9651468426146,1.0230627809001684,53.5
26525000,53050.0000098902,45.50000000926956,-1792128.854535001,471660.4956092039,-1320468.3589257975,311.2264867932633,1620.6391951010276,1.02389981599113,53.5
26550000,53100.00000990039,45.55000000927975,-1791871.235791311,469285.489724314,-1322585.7460669968,309.6593325699424,1621.9670871551186,1.023061557039634,53.5
26575000,53150.000009910575,45.600000009289936,-1793461.011173579,470407.85646636726,-1323053.1547072115,310.39992937903423,1621.3940201748371,1.0234231488488053,53.5
26600000,53200.00000992076,45.65000000930012,-1792149.3535918351,468776.86530064506,-1323372.48829119,309.32371533265126,1619.334074135308,1.0247250398519692,53.5
26625000,53250.00000993095,45.70000000931031,-1792622.157989624,470794.9530318845,-1321827.2049577397,310.6553561219079,1620.6463825516407,1.0238952750687924,53.5
26650000,53300.00000994113,45.750000009320495,-1791993.0209676446,469665.20586716,-1322327.8151004848,309.90988932043723,1623.075581854234,1.02236284754913,53.5
26675000,53350.00000995132,45.80000000933068,-1791302.6043405384,468522.97619079554,-1322779.6281497427,309.1561858990245,1620.5451470157498,1.0239592378575233,53.5
26700000,53400.00000996151,45.850000009340874,-1793790.8169132425,470044.7969094756,-1323746.0200037668,310.160363523,1620.1296832075734,1.0242218205438274,53.5
26725000,53450.00000997169,45.900000009351054,-1792769.0965507384,470117.6329341916,-1322651.463616547,310.20842457601464,1621.9347831216255,1.0230819333304366,53.5
26750000,53500.00000998188,45.95000000936124,-1790598.8937518615,470488.901380055,-1320109.9923718064,310.45340709021485,1623.9514841560992,1.0218114209946751,53.5
26775000,53550.00000999207,46.00000000937143,-1791845.2946314,469542.07903512206,-1322303.2155962782,309.8286437386642,1623.6288608978457,1.02201446008686,53.5
26800000,53600.00001000225,46.05000000938161,-1791554.057188752,468662.81781769264,-1322891.2393710597,309.2484607845656,1622.7778170691745,1.0225504417165825,53.5
26825000,53650.00001001244,46.1000000093918,-1790761.3099222444,470130.3736017008,-1320630.9363205435,310.2168315408234,1625.0557434881214,1.0211170787841253,53.5
26850000,53700.000010022624,46.150000009401985,-1791212.7150191553,469290.4405399697,-1321922.2744791857,309.6625993793903,1622.9417726092213,1.022447139914431,53.5
26875000,53750.00001003281,46.20000000941217,-1793540.052412168,470538.3937201936,-1323001.6586919746,310.48606474818683,1622.460095777382,1.0227506845750112,53.5
26900000,53800.000010043,46.25000000942236,-1792329.9683441464,469784.9189113962,-1322545.04943275,309.9888823048568,1620.974684513617,1.0236879017946292,53.5
26925000,53850.00001005318,46.300000009432544,-1794473.231965904,470952.0033451031,-1323521.2286208011,310.7589862068691,1620.762556478684,1.0238218837293205,53.5
26950000,53900.00001006337,46.35000000944273,-1795052.9765391462,470737.60040551226,-1324315.3761336338,310.6175118322539,1621.9206052637396,1.023090876499547,53.5
26975000,53950.00001007356,46.400000009452924,-1792322.529084674,471870.32096744014,-1320452.208117234,311.36494063811983,1622.1627437345774,1.0229381608356467,53.5
27000000,54000.00001008374,46.4500000094631,-1791688.3433486205,472388.34990397486,-1319299.9934446455,311.70676346932106,1619.472517617573,1.0246374394133464,53.5
27025000,54050.00001009393,46.50000000947329,-1792629.115166407,468359.741116767,-1324269.37404964,309.0484747824814,1621.610207708882,1.0232867095702525,53.5
27050000,54100.00001010412,46.55000000948348,-1791608.1013456834,471046.2839726588,-1320561.8173730248,310.82119754057203,1619.539883102461,1.024594819161347,53.5
27075000,54150.0000101143,46.60000000949366,-1791354.7955797398,468675.2930072024,-1322679.5025725374,309.2566925729799,1621.4314997182398,1.0233994923253362,53.5
27100000,54200.00001012449,46.65000000950385,-1790856.5252781147,468661.1058900281,-1322195.4193880863,309.24733116434595,1623.7215370175193,1.0219561272186608,53.5
27125000,54250.000010134674,46.700000009514035,-1793303.866562713,472165.595917935,-1321138.270644778,311.559778633534,1620.6906902227363,1.0238672830433198,53.5
27150000,54300.00001014486,46.75000000952422,-1792344.8480581555,472406.096030538,-1319938.7520276178,311.71847330017584,1622.8834367954237,1.0224838925761564,53.5
27175000,54350.00001015505,46.80000000953441,-1792643.3431381993,469173.5558850314,-1323469.787253168,309.5854727154973,1618.2089508504162,1.0254375201545554,53.5
27200000,54400.00001016523,46.850000009544594,-1790385.122065358,469562.5545600028,-1320822.567505355,309.84215457057235,1623.940529181917,1.021818314053586,53.5
27225000,54450.00001017542,46.90000000955478,-1790924.1071750913,468891.2568557384,-1322032.850319353,309.39919691769376,1623.1053701728254,1.0223440844603136,53.5
27250000,54500.000010185606,46.95000000956497,-1791860.3299116082,469378.00511610927,-1322482.324795499,309.7203791079306,1623.921426587251,1.0218303339584636,53.5
27275000,54550.00001019579,47.00000000957515,-1793533.4639715543,470316.7353718898,-1323216.7285996643,310.339802872,1621.9379101808454,1.0230799608518528,53.5
27300000,54600.00001020598,47.05000000958534,-1793200.956982186,469296.1369315909,-1323904.820050595,309.666358159208,1625.252970375096,1.020993164694223,53.5
27325000,54650.000010216165,47.100000009595526,-1792686.596560574,469865.447426061,-1322821.1491345132,310.0420192687092,1623.0435513993864,1.022383023684883,53.5
27350000,54700.00001022635,47.15000000960571,-1791815.4951008735,472081.37474513927,-1319734.120355734,311.5042050589675,1622.6602020001487,1.022624559107664,53.5
27375000,54750.00001023654,47.2000000096159,-1793604.448742611,470911.3544223837,-1322693.0943202276,310.7321639024199,1624.7620590363142,1.0213016511698765,53.5
27400000,54800.00001024672,47.25000000962608,-1792128.985929025,470269.13523294986,-1321859.8506960757,310.30839378823947,1621.6454572063033,1.0232644665194857,53.5
27425000,54850.00001025691,47.30000000963627,-1791530.1914510364,470200.759473672,-1321329.4319773645,310.2632758537506,1623.845312938471,1.021878229675212,53.5
27450000,54900.0000102671,47.35000000964646,-1793031.2799794665,468943.86150127056,-1324087.418478196,309.4339082390157,1620.81316699895,1.0237899144935996,53.5
27475000,54950.00001027728,47.400000009656644,-1792922.9655681606,470864.6599219605,-1322058.3056462002,310.7013524067475,1626.0242797626047,1.020508853591177,53.5
27500000,55000.00001028747,47.45000000966683,-1793594.411080447,470529.1953665726,-1323065.2157138744,310.47999518902634,1622.52818830157,1.0227077628703345,53.5
27525000,55050.000010297656,47.50000000967702,-1791877.295541701,468705.3695869184,-1323171.9259547824,309.2765386875621,1623.6904832575538,1.0219756725572564,53.5
27550000,55100.00001030784,47.5500000096872,-1791218.9374265922,470781.6819863064,-1320437.255440286,310.64659918565866,1623.2342526562595,1.0222629117988111,53.5
27575000,55150.00001031803,47.60000000969739,-1792422.7683963096,468725.528010189,-1323697.2403861205,309.2898402790929,1623.3461820605808,1.0221924269693636,53.5
27600000,55200.000010328215,47.650000009707576,-1795241.6084131803,473334.3036123567,-1321907.3048008236,312.3309536486332,1621.834661089508,1.0231450920756808,53.5
27625000,55250.0000103384,47.70000000971776,-1795605.2026020829,470591.4147272309,-1325013.7878748518,310.5210508068033,1622.1276700251967,1.022960278845487,53.5
27650000,55300.00001034859,47.75000000972795,-1792417.2627342583,469727.989294728,-1322689.2734395305,309.9513171393297,1620.6420661098311,1.0238980021264608,53.5
27675000,55350.00001035877,47.800000009738135,-1793993.6487453757,472435.0550369425,-1321558.5937084332,311.73758198090746,1623.8592869006964,1.0218694360020806,53.5
27700000,55400.00001036896,47.85000000974832,-1791584.1602933938,471884.3713031573,-1319699.7889902364,311.37421179112965,1619.0575789329162,1.0249000376784685,53.5
27725000,55450.000010379146,47.90000000975851,-1793505.411769351,470424.0389822993,-1323081.3727870518,310.4106074570753,1620.360454196678,1.024075951344183,53.5
27750000,55500.00001038933,47.950000009768694,-1791401.5499461005,469316.1794508754,-1322085.370495225,309.6795832711719,1623.5140518976589,1.0220867332268444,53.5
27775000,55550.00001039952,48.00000000977888,-1792649.9680679496,469348.16898177145,-1323301.7990861782,309.70069165189835,1621.540145743298,1.0233309227699174,53.5
27800000,55600.000010409705,48.050000009789066,-1793629.5637368318,470891.5638698879,-1322737.9998669438,310.71910505144064,1623.234910409478,1.022262497566271,53.5
27825000,55650.00001041989,48.10000000979925,-1789382.3058301017,469871.82359671727,-1319510.4822333842,310.0462266026094,1626.207644327119,1.020393785160541,53.5
27850000,55700.00001043008,48.15000000980944,-1791819.554395829,470378.23038814217,-1321441.3240076872,310.3803805291108,1623.2204139126832,1.0222716270873715,53.5
27875000,55750.00001044026,48.20000000981962,-1793985.3479769966,473010.8036693911,-1320974.5443076054,312.1174913136183,1621.2998534269848,1.0234825903083231,53.5
27900000,55800.00001045045,48.25000000982981,-1794367.7231646078,471381.4161586132,-1322986.3070059945,311.0423354434002,1619.865482853948,1.0243888713082536,53.5
27925000,55850.00001046064,48.30000000984,-1792909.2073422242,470963.98220593727,-1321945.225136287,310.76689049142954,1623.8412609843026,1.0218807795573046,53.5
27950000,55900.00001047082,48.350000009850184,-1791008.6894620117,471716.1642614548,-1319292.525200557,311.26321990792064,1621.48853808893,1.023363492663152,53.5
27975000,55950.00001048101,48.40000000986037,-1791672.1313312035,468312.1008571116,-1323360.030474092,309.01703922495534,1624.4988842831026,1.0214671057679687,53.5
28000000,56000.0000104912,48.450000009870564,-1790156.84502831,471563.4230884417,-1318593.4219398685,311.1624332210812,1624.010272800212,1.0217744317532984,53.5
28025000,56050.00001050138,48.50000000988074,-1793746.619038815,467511.5305179049,-1326235.0885209097,308.4887806652039,1622.064812395428,1.022999920207524,53.5
28050000,56100.00001051157,48.55000000989093,-1793737.8730374668,470470.7435077322,-1323267.1295297346,310.4414255677781,1619.349971661978,1.024714979893384,53.5
28075000,56150.00001052176,48.60000000990112,-1794508.1014718004,468861.330396986,-1325646.7710748145,309.3794498608459,1621.582988189668,1.023303886225691,53.5
28100000,56200.00001053194,48.6500000099113,-1792370.7178693078,470667.315187589,-1321703.4026817188,310.57113393617954,1621.965328276766,1.0230626664596658,53.5
28125000,56250.00001054213,48.70000000992149,-1793043.8487883024,470774.8455423781,-1322269.0032459244,310.64208813916275,1621.1764616029286,1.023560490146311,53.5
28150000,56300.00001055232,48.75000000993168,-1793068.3589462824,470531.70639616926,-1322536.6525501132,310.4816520988733,1622.770498153983,1.0225550535578565,53.5
28175000,56350.0000105625,48.80000000994186,-1792296.520235086,470033.08028446056,-1322263.4399506254,310.1526322754725,1621.7981358101438,1.0231681348079995,53.5
28200000,56400.00001057269,48.85000000995205,-1793690.323285862,470026.51083159033,-1323663.8124542716,310.1482974037672,1620.8198405612306,1.0237856991418464,53.5
28225000,56450.00001058287,48.900000009962234,-1790419.2799235417,469132.30995108304,-1321286.9699724584,309.55825647153205,1621.683276067559,1.0232406032303598,53.5
28250000,56500.00001059306,48.95000000997242,-1791075.8822032325,469733.5266455944,-1321342.3555576382,309.954970975664,1624.152378321637,1.0216850314049437,53.5
28275000,56550.000010603246,49.00000000998261,-1788776.946864523,470899.4523536768,-1317877.4945108462,310.72431028935773,1623.501836280742,1.022094423652386,53.5
28300000,56600.00001061343,49.05000000999279,-1792529.4153302182,468295.1474981252,-1324234.267832093,309.0058525039859,1619.7677043943754,1.0244507092900632,53.5
28325000,56650.00001062362,49.10000001000298,-1791250.6086680423,469869.7684986324,-1321380.84016941,310.0448705404356,1620.3942768474903,1.0240545757050543,53.5
28350000,56700.000010633805,49.150000010013166,-1794963.3527167514,467599.25120667816,-1327364.1015100733,308.5466634050986,1620.8275096534996,1.0237808550070178,53.5
28375000,56750.00001064399,49.20000001002335,-1792051.3874752698,470096.2429056463,-1321955.1445696235,310.1943103063258,1624.9718605906537,1.02116979001027,53.5
28400000,56800.00001065418,49.25000001003354,-1790713.1778902188,470225.3777628565,-1320487.8001273624,310.27952030018,1622.3719444071903,1.0228062556014457,53.5
28425000,56850.00001066437,49.30000001004373,-1789723.3986909064,469149.146037526,-1320574.2526533804,309.56936580988827,1626.0301375703425,1.0205051771865887,53.5
28450000,56900.00001067455,49.35000001005391,-1792439.5246272516,470951.6031227289,-1321487.921504523,310.7587221190249,1622.5617389994543,1.022686615718672,53.5
28475000,56950.00001068474,49.4000000100641,-1791598.7061775995,469797.89205812046,-1321800.8141194792,309.9974426717208,1622.456733433815,1.0227528041009828,53.5
28500000,57000.00001069492,49.450000010074284,-1793919.102519028,470267.2925953003,-1323651.8099237275,310.30717791867346,1618.3269219597346,1.0253627688789335,53.5
28525000,57050.00001070511,49.50000001008447,-1792613.6999535654,467948.7599837817,-1324664.9399697836,308.77728774148886,1618.206626916994,1.0254389928024148,53.5
28550000,57100.000010715296,49.55000001009466,-1791202.778662061,471818.6257814434,-1319384.152880618,311.3308294261958,1623.8862903553015,1.021852443429946,53.5
28575000,57150.00001072548,49.60000001010484,-1793396.1659111353,470210.3161095883,-1323185.849801547,310.2695818264778,1624.788592305316,1.0212849730176714,53.5
28600000,57200.00001073567,49.65000001011503,-1792545.2515753284,470132.65304442047,-1322412.598530908,310.218335637427,1622.9628134811758,1.022433884417033,53.5
28625000,57250.000010745855,49.700000010125216,-1792061.0845723664,470388.8728307411,-1321672.211741625,310.38740297439045,1625.6865452416262,1.0207208631386702,53.5
28650000,57300.00001075604,49.7500000101354,-1792342.7956776137,469585.5960088856,-1322757.1996687278,309.8573585345532,1620.827020492666,1.0237811639810726,53.5
28675000,57350.00001076623,49.80000001014559,-1791727.9150466789,471980.9898531317,-1319746.9251935473,311.43796580942785,1621.9450489599783,1.023075457899129,53.5
28700000,57400.00001077641,49.850000010155775,-1790569.022376813,472066.10705540393,-1318502.915321409,311.4941306315308,1623.664507242681,1.0219920225206578,53.5
28725000,57450.0000107866,49.90000001016596,-1790564.6517119054,470655.5659318893,-1319909.085780016,310.56338115720416,1621.360942901865,1.0234440276340069,53.5
28750000,57500.00001079679,49.950000010176154,-1792700.4205476418,468915.2097367324,-1323785.2108109095,309.4150022926822,1621.5103885703463,1.0233497024431593,53.5
28775000,57550.00001080697,50.000000010186334,-1793436.724306047,471379.2036211071,-1322057.5206849398,311.0408754943875,1619.2533818242905,1.0247761050111046,53.5
28800000,57600.00001081716,50.05000001019652,-1791480.6410391915,469463.1798552409,-1322017.4611839508,309.7765818958899,1622.7917447953942,1.0225416656042785,53.5
28825000,57650.00001082735,50.10000001020671,-1792945.6387661789,471273.3796864248,-1321672.259079754,310.97104727744664,1618.563390229393,1.025212965812095,53.4
28850000,57700.00001083753,50.15000001021689,-1795283.5496182842,470998.0523831514,-1324285.4972351328,310.78937179240233,1620.365664428497,1.0240726584620738,53.4
28875000,57750.00001084772,50.20000001022708,-1792970.1975274794,470061.5776361865,-1322908.6198912929,310.1714363320835,1619.5333064190038,1.0245989798882496,53.4
28900000,57800.000010857904,50.250000010237265,-1792288.6266446365,470641.5065033149,-1321647.1201413216,310.5541040042472,1622.5876615587702,1.0226702772150058,53.4
28925000,57850.00001086809,50.30000001024745,-1791073.5287067853,469348.0740372781,-1321725.4546695072,309.700629002511,1624.2904407156464,1.021598189619864,53.4
28950000,57900.00001087828,50.35000001025764,-1792726.3931451142,468969.9020173278,-1323756.4911277865,309.45109114579344,1621.0109749634794,1.0236649839396308,53.4
28975000,57950.00001088846,50.400000010267824,-1792816.4526282195,469779.8805499111,-1323036.5720783083,309.9855577280504,1623.2029911566449,1.0222825997071,53.4
29000000,58000.00001089865,50.45000001027801,-1791624.1469082553,471344.0989298902,-1320280.047978365,311.01771156647936,1622.3633260234433,1.0228116889939962,53.4
29025000,58050.00001090884,50.500000010288204,-1792955.1092144428,471839.2648758916,-1321115.8443385512,311.34444818993694,1622.7531037646274,1.0225660143877555,53.4
29050000,58100.00001091902,50.55000001029838,-1795183.926952619,471391.3661796176,-1323792.5607730015,311.04890099236934,1619.1764992060523,1.0248247639868864,53.4
29075000,58150.00001092921,50.60000001030857,-1790974.9378316654,469801.9689867359,-1321172.9688449297,310.0001328443803,1621.8196244207252,1.0231545781452998,53.4
29100000,58200.0000109394,50.65000001031876,-1793687.912029854,470137.8132334883,-1323550.0987963658,310.2217406025019,1618.5751704389847,1.0252055041730967,53.4
29125000,58250.00001094958,50.70000001032894,-1795010.7198327882,469755.2315827355,-1325255.4882500528,309.9692930386635,1622.380165618776,1.022801072656772,53.4
29150000,58300.00001095977,50.75000001033913,-1792805.7203168524,470461.09702553926,-1322344.6232913132,310.43506030973595,1618.76463884768,1.0250855089305522,53.4
29175000,58350.000010969954,50.800000010349315,-1792381.7623734036,470293.61385361047,-1322088.148519793,310.3245460740057,1621.4045591750505,1.023416496680028,53.4
29200000,58400.00001098014,50.8500000103595,-1791966.539003835,469577.3236336259,-1322389.2153702092,309.85189998478387,1621.220648531221,1.0235325926519,53.4
29225000,58450.00001099033,50.90000001036969,-1793492.6884941086,470166.7663067028,-1323325.922187406,310.24084536820163,1623.307927500608,1.0222165157579657,53.4
29250000,58500.00001100051,50.950000010379874,-1791459.27911908,470078.5212898728,-1321380.757829207,310.1826166489837,1620.014626134957,1.024294563074963,53.4
29275000,58550.0000110107,51.00000001039006,-1790353.792660689,468658.2644010712,-1321695.5282596175,309.2454561999732,1623.0239454531547,1.022395373956514,53.4
29300000,58600.000011020886,51.05000001040025,-1793283.8417672198,471268.4087780819,-1322015.432989138,310.96776720978323,1622.3509160357935,1.0228195128749475,53.3
29325000,58650.00001103107,51.10000001041043,-1792710.848606981,469212.1154276236,-1323498.7331793578,309.6109163366719,1620.1358398364982,1.024217928429641,53.3
29350000,58700.00001104126,51.15000001042062,-1793943.3469045265,469570.289616558,-1324373.0572879685,309.8472585691036,1623.9639339431656,1.0218035874865856,53.3
29375000,58750.000011051445,51.200000010430806,-1791518.6595324678,470238.18726790405,-1321280.4722645637,310.2879726876294,1619.6990126776216,1.0244941564227714,53.3
29400000,58800.00001106163,51.25000001044099,-1792094.9604760865,471446.25354276167,-1320648.7069333247,311.0851185712416,1621.7876843851946,1.023174728497836,53.3
29425000,58850.00001107182,51.30000001045118,-1792845.525428763,469528.8813607069,-1323316.6440680558,309.8199352165804,1620.2382842826555,1.0241531691658712,53.3
29450000,58900.000011082,51.35000001046136,-1794361.0557491423,470431.3595534599,-1323929.6961956825,310.4154379562688,1616.6671087097288,1.0264154968652204,53.3
29475000,58950.00001109219,51.40000001047155,-1793130.8616027292,469613.5380768741,-1323517.323525855,309.8757961856492,1620.1679747181906,1.0241976137940785,53.3
29500000,59000.00001110238,51.45000001048174,-1792646.1427228646,468246.2660159333,-1324399.8767069313,308.97359792232504,1620.3280473455288,1.024096433046623,53.3
29525000,59050.00001111256,51.500000010491924,-1792475.7744986585,469676.2843714744,-1322799.490127184,309.9171995022498,1621.0064925488796,1.023667814582747,53.3
29550000,59100.00001112275,51.55000001050211,-1793754.4315639306,469084.4210529739,-1324670.0105109566,309.52665684923244,1622.439270304935,1.0227638125031815,53.3
29575000,59150.000011132935,51.6000000105123,-1792488.927177458,470889.0540973133,-1321599.8730801446,310.71744897104315,1619.4055140873645,1.0246798341841603,53.3
29600000,59200.00001114312,51.65000001052248,-1792489.0236533452,471328.8519607932,-1321160.171692552,311.00765081161336,1623.7791379109567,1.0219198750063945,53.3
29625000,59250.00001115331,51.70000001053267,-1789483.1119846972,470135.54477356886,-1319347.5672111283,310.22024375292955,1620.7496322154068,1.0238300479413067,53.3
29650000,59300.00001116349,51.75000001054285,-1791795.5430052225,470385.4652474614,-1321410.077757761,310.3851544711079,1621.419070836908,1.0234073371268897,53.3
29675000,59350.00001117368,51.80000001055304,-1794276.4542516712,470108.76435381547,-1324167.6898978555,310.20257261864487,1620.4964694868108,1.023989996212368,53.3
29700000,59400.00001118387,51.85000001056323,-1791106.120465733,470629.3274991163,-1320476.7929666168,310.5460676545324,1623.561680625244,1.022056749339465,53.3
29725000,59450.00001119405,51.900000010573414,-1790770.703813332,471588.481767704,-1319182.222045628,311.1789682601253,1622.723768224178,1.0225845002984602,53.3
29750000,59500.00001120424,51.9500000105836,-1791169.80216409,469117.6964519295,-1322052.1057121605,309.54861371356594,1621.2549527624658,1.0235109356640926,53.3
29775000,59550.000011214426,52.00000001059379,-1790948.483471104,468709.96883773326,-1322238.5146333706,309.2795735159743,1624.8689353287073,1.0212344747155055,53.3
29800000,59600.00001122461,52.05000001060397,-1791839.5850885345,469842.172993644,-1321997.41209489,310.0266615698969,1627.703327385362,1.019456153792758,53.2
29825000,59650.0000112348,52.10000001061416,-1794073.8052937752,468407.643490008,-1325666.161803767,309.08008329638415,1622.8487387464324,1.022505754253927,53.2
29850000,59700.000011244985,52.150000010624346,-1791185.5772383967,468983.59832762025,-1322201.9789107766,309.46012869414454,1622.1130768576818,1.022969481798674,53.2
29875000,59750.00001125517,52.20000001063453,-1790137.0800708104,471702.740190921,-1318434.3398798895,311.2543619977298,1621.9100432459736,1.0230975389553714,53.2
29900000,59800.00001126536,52.25000001064472,-1791501.4920273386,471221.2179731548,-1320280.274054184,310.9366282262069,1623.0843035258522,1.0223573538646604,53.2
29925000,59850.00001127554,52.3000000106549,-1790861.5225213626,471691.2317459094,-1319170.2907754532,311.24676811835525,1625.2491528056778,1.0209955629186889,53.2
29950000,59900.00001128573,52.35000001066509,-1791564.7480303552,472390.1227583638,-1319174.6252719914,311.70793329220896,1623.2537821232313,1.0222506128902904,53.2
29975000,59950.00001129592,52.40000001067528,-1791825.449522707,470040.0796832599,-1321785.3698394469,310.15725084819223,1625.979930193878,1.0205366885765286,53.2
30000000,60000.0000113061,52.450000010685464,-1789173.8250168888,470875.0976495154,-1318298.7273673734,310.70823977023724,1623.1817433482831,1.0222959816126436,53.2
30025000,60050.00001131629,52.50000001069565,-1794606.2084918888,472200.3025918616,-1322405.9059000271,311.5826799286287,1618.8928922602556,1.0250042986693106,53.2
30050000,60100.00001132648,52.550000010705844,-1793891.301676944,468365.3150048448,-1325525.9866720992,309.0521527279959,1621.6911682360076,1.0232356234984836,53.2
30075000,60150.00001133666,52.60000001071602,-1792279.795432567,469298.6341428572,-1322981.1612897096,309.6680059509913,1623.0977374347408,1.0223488921095691,53.2
30100000,60200.00001134685,52.65000001072621,-1792797.6504195686,470128.2194485186,-1322669.4309710502,310.2154101168688,1622.7876610063847,1.0225442388580168,53.2
30125000,60250.00001135704,52.7000000107364,-1790141.144412565,469948.0437208588,-1320193.1006917064,310.09652066302004,1623.7216425117804,1.0219560608215004,53.2
30150000,60300.00001136722,52.75000001074658,-1792913.213466145,469411.7892051299,-1323501.4242610151,309.7426716328152,1620.9958565902257,1.0236745312492377,53.2
30175000,60350.00001137741,52.80000001075677,-1790152.5351915704,469821.07792136807,-1320331.4572702022,310.0127419279209,1620.8870387149675,1.023743255401375,53.2
30200000,60400.0000113876,52.85000001076696,-1792193.5276929028,469374.85483478464,-1322818.672858118,309.71830038605714,1622.835235117239,1.0225142625351469,53.2
30225000,60450.00001139778,52.90000001077714,-1792710.8605063828,469162.89253604045,-1323547.9679703424,309.5784364750769,1620.9443053333894,1.0237070874009222,53.2
30250000,60500.00001140797,52.95000001078733,-1792152.9092300786,470426.7536013804,-1321726.1556286982,310.41239870600845,1620.4581375683724,1.024014218683845,53.2
30275000,60550.00001141815,53.000000010797514,-1794037.8948127152,468380.7450918448,-1325657.1497208704,309.06233431371834,1619.9097838726634,1.0243608564947058,53.2
30300000,60600.00001142834,53.0500000108077,-1792596.937512233,471183.328572751,-1321413.608939482,310.9116268002148,1623.1293853474003,1.0223289582652697,53.2
30325000,60650.000011438526,53.10000001081789,-1790788.2387169264,467167.1310282091,-1323621.1076887173,308.2615277062869,1622.5112398143326,1.02271844590848,53.1
30350000,60700.00001144871,53.15000001082807,-1791598.6979153436,470333.3145191343,-1321265.3833962092,310.3507426683132,1620.7525462572305,1.0238282071398923,53.1
30375000,60750.0000114589,53.20000001083826,-1795042.164375945,469618.2877519568,-1325423.8766239882,309.8789302719319,1622.0265059492272,1.0230240797950914,53.1
30400000,60800.000011469085,53.250000010848446,-1790055.9485996673,470501.086381299,-1319554.8622183683,310.46144739709666,1624.0271259768556,1.0217638283928538,53.1
30425000,60850.00001147927,53.30000001085863,-1790656.0014833286,472376.21706790646,-1318279.7844154222,311.69875758377515,1624.397639786991,1.021530771166074,53.1
30450000,60900.00001148946,53.35000001086882,-1791455.7942420514,468919.1004200673,-1322536.693821984,309.41756957087665,1624.3584841267502,1.0215553954791132,53.1
30475000,60950.00001149965,53.40000001087901,-1794252.202805736,469782.0664709784,-1324470.1363347578,309.9870001141322,1620.622896244812,1.0239101135106323,53.1
30500000,61000.00001150983,53.45000001088919,-1791508.656538885,470308.9674489726,-1321199.6890899125,310.33467718650866,1622.8927025607818,1.022478054792909,53.1
30525000,61050.00001152002,53.50000001089938,-1791049.2487339024,472757.7771191771,-1318291.4716147252,311.95053104236047,1623.3144702674806,1.0222123957156208,53.1
30550000,61100.0000115302,53.550000010909564,-1790208.6327392608,468300.1250604062,-1321908.5076788545,309.0091369622688,1623.6350112709342,1.0220105886685995,53.1
30575000,61150.00001154039,53.60000001091975,-1791895.419529439,470499.8139720055,-1321395.605557433,310.4606077942937,1619.361904641933,1.02470742883066,53.1
30600000,61200.000011550575,53.650000010929936,-1794111.5489728954,470337.8178867199,-1323773.7310861754,310.35371422791053,1623.7696919980551,1.0219258197941183,53.1
30625000,61250.00001156076,53.70000001094012,-1790941.7460284112,470160.3507909573,-1320781.395237454,310.2366120723352,1622.3155018914626,1.0228418403925057,53.1
30650000,61300.00001157095,53.75000001095031,-1789196.7543978095,469773.5486803271,-1319423.2057174824,309.98137962633564,1625.509026227454,1.0208323342892116,53.1
30675000,61350.000011581134,53.800000010960495,-1790500.375852759,468815.213027784,-1321685.1628249749,309.34901918681135,1627.292528521009,1.0197135085233278,53.1
30700000,61400.00001159132,53.85000001097068,-1793156.4547123397,471310.7243730451,-1321845.7303392943,310.9956892725372,1622.6000038151888,1.0226624983053771,53.1
30725000,61450.00001160151,53.90000001098087,-1789000.799753056,472003.3429827177,-1316997.456770338,311.4527155840108,1623.6610201354029,1.02199421743436,53.1
30750000,61500.00001161169,53.950000010991054,-1790326.6529570352,470429.3952550608,-1319897.2577019744,310.4141418085196,1625.0646241785532,1.021111498560092,53.1
30775000,61550.00001162188,54.00000001100124,-1792390.8224368198,472367.3370663673,-1320023.4853704525,311.69289809011923,1623.57249100053,1.022049944089262,53.1
30800000,61600.00001163207,54.050000011011434,-1792457.8371291924,468989.6018009104,-1323468.235328282,309.4640901026535,1620.32164387715,1.024100480248702,53.0
30825000,61650.00001164225,54.10000001102161,-1792020.0346290432,471154.0952069553,-1320865.9394220875,310.89233708267767,1622.9910986064626,1.0224160656683394,53.0
30850000,61700.00001165244,54.1500000110318,-1795668.0567001868,471423.73629417847,-1324244.3204060085,311.070260502283,1621.951058552806,1.0230716672379363,53.0
30875000,61750.00001166263,54.20000001104199,-1790394.6651363084,472418.4617876992,-1317976.2033486092,311.7266328793512,1620.1590154385735,1.0242032774806162,53.0
30900000,61800.00001167281,54.25000001105217,-1791582.7484825589,470312.87698513066,-1321269.8714974285,310.3372569047908,1621.6391374802702,1.0232684543062494,53.0
30925000,61850.000011683,54.30000001106236,-1789724.2236672183,470425.4611430026,-1319298.7625242155,310.4115458737616,1622.3813709756823,1.0228003127612513,53.0
30950000,61900.000011693184,54.350000011072545,-1793404.5140707197,470119.55060829455,-1323284.963462425,310.2096899585926,1623.5597274839436,1.022057978873072,53.0
30975000,61950.00001170337,54.40000001108273,-1790519.6639788104,469511.0701462607,-1321008.5938325496,309.80818243730545,1624.005315607942,1.0217775506669284,53.0
31000000,62000.00001171356,54.45000001109292,-1791433.1085537244,470044.8802002701,-1321388.2283534545,310.1604184826619,1620.871845717348,1.0237528513042735,53.0
31025000,62050.00001172374,54.500000011103104,-1791341.104632658,471125.69131225656,-1320215.4133204017,310.87359469394545,1621.4992192322693,1.0233567515608286,53.0
31050000,62100.00001173393,54.55000001111329,-1790632.8349354947,469528.71245652734,-1321104.1224789673,309.8198237646888,1625.6274855555737,1.0207579463291672,53.0
31075000,62150.00001174412,54.600000011123484,-1794722.7320039738,471983.7577123357,-1322738.974291638,311.43979218900387,1622.496892608649,1.0227274894708849,53.0
31100000,62200.0000117543,54.65000001113366,-1790365.3149037436,469493.4942532492,-1320871.8206504944,309.7965849355321,1620.4189890440234,1.0240389583628076,53.0
31125000,62250.00001176449,54.70000001114385,-1794367.6226821896,471760.4380048607,-1322607.184677329,311.29243406035806,1619.5278907550346,1.024602406123642,53.0
31150000,62300.00001177468,54.75000001115404,-1794096.3043869892,470069.4748954321,-1324026.829491557,310.17664736051006,1620.136520669004,1.0242174980209382,53.0
31175000,62350.00001178486,54.80000001116422,-1793975.9125182005,469382.18397633993,-1324593.7285418606,309.72313654044933,1621.807015985562,1.0231625324691085,53.0
31200000,62400.00001179505,54.85000001117441,-1792211.277872079,470584.65013578703,-1321626.627736292,310.51658717236865,1624.770015363867,1.0212966499633114,53.0
31225000,62450.000011805234,54.900000011184595,-1790595.4629129432,471148.9506315449,-1319446.5122813983,310.8889424203179,1623.5465542405664,1.0220662717171956,53.0
31250000,62500.00001181542,54.95000001119478,-1791679.657448619,471614.2703635815,-1320065.3870850373,311.19598493667337,1623.029555664894,1.0223918399145684,53.0
31275000,62550.00001182561,55.00000001120497,-1792253.558947055,468197.230276729,-1324056.3286703257,308.9412415537465,1621.237384527087,1.0235220267487184,53.0
31300000,62600.00001183579,55.050000011215154,-1794966.34613074,469311.54502294207,-1325654.8011077978,309.6765252310405,1622.2401681656595,1.0228893392081906,53.0
31325000,62650.00001184598,55.10000001122534,-1793314.1796596972,470828.1780282935,-1322486.0016314038,310.6772797279813,1620.4509976249674,1.0240187306398238,53.0
31350000,62700.000011856166,55.15000001123553,-1790849.143770664,468776.3213404009,-1322072.822430263,309.32335639897474,1628.5311756283256,1.0189379230101203,53.0
31375000,62750.00001186635,55.20000001124571,-1794723.867874476,469097.249436952,-1325626.6184375242,309.5351216939966,1620.959537877296,1.023697467380933,53.0
31400000,62800.00001187654,55.2500000112559,-1792628.4000071734,469925.537522379,-1322702.8624847943,310.0816698855029,1622.0023810591165,1.0230392957675178,53.0
31425000,62850.000011886725,55.300000011266086,-1791224.965537537,469969.6984464536,-1321255.267091083,310.1108095937914,1619.719294240589,1.0244813280624392,53.0
31450000,62900.00001189691,55.35000001127627,-1792695.5338346036,470639.6864556057,-1322055.8473789978,310.55290304071605,1622.4515005392225,1.0227561027867165,53.0
31475000,62950.0000119071,55.40000001128646,-1791760.6753968168,471062.6292732708,-1320698.046123546,310.83198303253585,1625.5170973523848,1.0208272655850332,53.0
31500000,63000.00001191728,55.45000001129664,-1790709.9311744012,470409.2239247667,-1320300.7072496344,310.4008317002535,1621.7327187880546,1.0232094070914652,53.0
31525000,63050.00001192747,55.50000001130683,-1787629.4598211572,471665.8359913442,-1315963.623829813,311.2300106592372,1628.9641346046924,1.0186671016269138,53.0
31550000,63100.00001193766,55.55000001131702,-1791593.5253716344,470654.0494096418,-1320939.4759619923,310.56238047579114,1623.5245059448755,1.0220801519015057,53.0
31575000,63150.00001194784,55.600000011327204,-1791903.6933284756,469365.4752575282,-1322538.218070947,309.71211124597795,1621.7985345869563,1.0231678832257474,53.0
31600000,63200.00001195803,55.65000001133739,-1792519.5427853838,470423.7210681073,-1322095.8217172765,310.41039768051354,1620.566480976007,1.023945757938037,53.0
31625000,63250.000011968215,55.700000011347576,-1791792.0879057208,470974.848143244,-1320817.2397624769,310.7740604103122,1618.2410438984662,1.0254171836195682,53.0
31650000,63300.0000119784,55.75000001135776,-1792615.1761311116,470690.13021537225,-1321925.0459157394,310.5861884955695,1623.2738756687197,1.0222379590556552,53.0
31675000,63350.00001198859,55.80000001136795,-1790222.3110729614,469508.9794770222,-1320713.3315959391,309.8068029034072,1622.6971609635418,1.0226012675505245,53.0
31700000,63400.00001199877,55.85000001137813,-1790241.0856434265,470815.7366913924,-1319425.348952034,310.6690702773048,1622.4690593995283,1.0227450342048954,53.0
31725000,63450.00001200896,55.90000001138832,-1793782.8327562695,469972.2821767929,-1323810.5505794769,310.1125144754252,1620.8195770924492,1.0237858655610916,53.0
31750000,63500.00001201915,55.95000001139851,-1792030.0923067331,473277.505019784,-1318752.5872869492,312.2934749397191,1623.2433034337678,1.0222572119298208,53.0
31775000,63550.00001202933,56.000000011408694,-1793285.5964072002,469461.8541073848,-1323823.7422998154,309.7757070974883,1620.8433209558348,1.0237708680401014,53.0
31800000,63600.00001203952,56.05000001141888,-1791160.9360585548,469204.1534569058,-1321956.782601649,309.6056626082009,1621.1659233811945,1.0235671436956162,53.0
31825000,63650.000012049706,56.10000001142907,-1794272.8172299974,467777.7534108615,-1326495.063819136,308.66444857983765,1620.1449101308654,1.024212194400513,53.0
31850000,63700.00001205989,56.15000001143925,-1792978.5565560097,471127.1064854974,-1321851.4500705122,310.8745284999352,1623.2208745793776,1.0222713369688188,53.0
31875000,63750.00001207008,56.20000001144944,-1792948.3299151696,469703.4615585752,-1323244.8683565944,309.93513244456966,1623.3771550855197,1.022172924174567,53.0
31900000,63800.000012080265,56.250000011459626,-1792183.1477109836,471653.6477215137,-1320529.49998947,311.2219681955694,1623.2871228025638,1.0222296168943248,53.0
31925000,63850.00001209045,56.30000001146981,-1792248.5965913394,469597.053204042,-1322651.5433872975,309.86491859656854,1623.3645643110658,1.0221808521218836,53.0
31950000,63900.00001210064,56.35000001148,-1790933.573654469,470486.6660313731,-1320446.907623096,310.4519320891844,1620.6033817294017,1.0239224429367677,53.0
31975000,63950.00001211082,56.40000001149018,-1794116.8361132937,471277.73127897066,-1322839.104834323,310.97391868786286,1616.093145650963,1.0267800331419386,53.1
32000000,64000.00001212101,56.45000001150037,-1796977.479470156,471996.3986526937,-1324981.0808174624,311.44813334857525,1621.9559657053098,1.0230685719820851,53.0
32025000,64050.0000121312,56.50000001151056,-1794628.6667828364,471843.3071823304,-1322785.359600506,311.34711551705715,1620.7643149201429,1.0238207729380535,53.1
32050000,64100.00001214138,56.550000011520744,-1793109.693757033,471545.8015104045,-1321563.8922466286,311.15080557391684,1620.3548894741837,1.024079468288847,53.1
32075000,64150.00001215157,56.60000001153093,-1792622.2945524026,470796.3696799423,-1321825.9248724603,310.6562909010598,1619.4461412547205,1.0246541279639598,53.1
32100000,64200.00001216176,56.650000011541124,-1791164.054853073,469719.2101555852,-1321444.844697488,309.945524200006,1620.5269396379465,1.0239707425182871,53.1
32125000,64250.00001217194,56.7000000115513,-1791034.5435271133,470573.9022334517,-1320460.6412936617,310.50949513918937,1623.920577312109,1.0218308683535038,53.1
32150000,64300.00001218213,56.75000001156149,-1794148.0024329508,468411.4702006029,-1325736.532232348,309.0826083619886,1620.3497267895898,1.024082731164266,53.1
32175000,64350.00001219232,56.80000001157168,-1794132.9404564677,469223.46807668434,-1324909.4723797834,309.61840741365603,1622.9999346770887,1.0224104993461405,53.1
32200000,64400.0000122025,56.85000001158186,-1793989.2946099453,469234.4571393715,-1324754.8374705738,309.6256585771626,1618.710710148046,1.025119660510673,53.1
32225000,64450.00001221269,56.90000001159205,-1789932.3511870066,469827.3438183104,-1320105.0073686962,310.0168764974049,1622.54321932147,1.0226982886445926,53.1
32250000,64500.00001222288,56.95000001160224,-1788574.7815340888,469897.54612713726,-1318677.2354069515,310.06319968568204,1624.9891073677195,1.0211589518528723,53.1
32275000,64550.00001223306,57.00000001161242,-1789523.1617099205,468802.3192288654,-1320720.842481055,309.34051117781706,1619.8384122255504,1.0244059908247811,53.1
32300000,64600.00001224325,57.05000001162261,-1791256.5207393542,469549.7733318748,-1321706.7474074794,309.83372084172663,1620.2253284428048,1.0241613586221212,53.1
32325000,64650.00001225343,57.100000011632794,-1791397.3464056945,469710.4082400208,-1321686.9381656735,309.93971623159723,1621.1709396828307,1.0235639765271134,53.1
32350000,64700.00001226362,57.15000001164298,-1793291.824316321,471057.84356451326,-1322233.9807518078,310.8288251693328,1619.230462543578,1.0247906101305186,53.1
32375000,64750.000012273806,57.20000001165317,-1792526.319739218,471335.3737486198,-1321190.945990598,311.0119542314074,1622.997215010074,1.02241221260608,53.1
32400000,64800.00001228399,57.25000001166335,-1788041.6502194824,470219.4625754084,-1317822.187644074,310.27561714732883,1621.0610345454918,1.02363337239625,53.1
32425000,64850.00001229418,57.30000001167354,-1792292.303420941,471027.04348778754,-1321265.259933154,310.80850165324114,1621.7115910059451,1.0232227375415437,53.1
32450000,64900.000012304365,57.350000011683726,-1793893.2971200626,469761.4243718366,-1324131.872748226,309.9733793677356,1622.0137373872376,1.023032133084702,53.1
32475000,64950.00001231455,57.40000001169391,-1791319.36298786,470797.82618897146,-1320521.5367988886,310.6572519825842,1623.163947218654,1.0223071899147007,53.1
32500000,65000.00001232474,57.4500000117041,-1792939.4623591667,472012.76169879263,-1320926.700660374,311.45893054994787,1621.9301255526275,1.0230848712342464,53.1
32525000,65050.00001233493,57.50000001171429,-1791524.0422713263,471230.2544550958,-1320293.7878162304,310.94259097389016,1621.6926326915063,1.0232346994744084,53.1
32550000,65100.00001234511,57.55000001172447,-1790344.5145888254,469829.236285693,-1320515.2783031324,310.0181252472586,1622.106387842615,1.022973700176906,53.1
32575000,65150.000012355296,57.60000001173466,-1791466.0111462036,468871.92397469305,-1322594.0871715106,309.38644006249103,1621.5792910513326,1.023306219319143,53.1
32600000,65200.00001236548,57.650000011744844,-1792882.959429036,469139.5525648901,-1323743.4068641458,309.5630355303495,1620.3901374917712,1.024057191696146,53.1
32625000,65250.00001237567,57.70000001175503,-1791759.2179121273,470314.1594829126,-1321445.0584292146,310.33810316451087,1622.591978459451,1.0226675564040597,53.1
32650000,65300.000012385855,57.750000011765216,-1793046.1617747704,470565.2980569431,-1322480.8637178272,310.50381764944524,1618.899697796973,1.024999989752335,53.1
32675000,65350.00001239604,57.8000000117754,-1793389.9762553656,469926.595821908,-1323463.3804334577,310.08236820738364,1621.1725459305767,1.023562962386247,53.1
32700000,65400.00001240623,57.85000001178559,-1793163.883819244,470322.6451721281,-1322841.238647116,310.3437024700858,1622.0878235789016,1.0229854077757583,53.1
32725000,65450.000012416414,57.900000011795775,-1792098.709095935,471936.9962162994,-1320161.712879636,311.40893648609034,1622.6816066264494,1.0226110697722062,53.1
32750000,65500.0000124266,57.95000001180596,-1794473.9233929487,471453.8877588854,-1323020.0356340632,311.09015602993435,1620.2972380714184,1.0241159058118536,53.1
32775000,65550.00001238585,58.00000001176521,-1792685.3464298462,469157.0508281932,-1323528.295601653,309.5745818079443,1620.156977040707,1.0242045660803047,53.1
32800000,65600.00001221414,58.0500000115935,-1790983.6591881737,469619.69019451336,-1321363.9689936603,309.8798556775444,1622.0347280479714,1.0230188940830616,53.1
32825000,65650.00001204242,58.100000011421784,-1791828.0245954825,471016.8971263285,-1320811.1274691538,310.8018065484782,1621.8626254366966,1.0231274508870063,53.1
32850000,65700.00001187071,58.15000001125007,-1790343.0033375423,470243.32123689394,-1320099.6821006483,310.2913603513132,1621.9105602131212,1.0230972128536555,53.1
32875000,65750.000011699,58.20000001107836,-1791024.629060721,470492.2977199135,-1320532.3313408075,310.4556481744946,1623.541918595179,1.0220691899891192,53.1
32900000,65800.00001152729,58.250000010906646,-1791931.919745897,470858.97196284455,-1321072.9477830525,310.69759919114193,1619.0332812855806,1.024915418869181,53.1
32925000,65850.00001135557,58.300000010734934,-1791396.5382187022,468714.8231935021,-1322681.7150252,309.28277667609825,1624.3365191933706,1.021569209363084,53.1
32950000,65900.00001118386,58.35000001056322,-1789699.1873050174,469771.4458585417,-1319927.7414464755,309.97999207354565,1625.4673102823272,1.0208585329001414,53.1
32975000,65950.00001101215,58.40000001039151,-1789621.5201408714,470157.0910395664,-1319464.429101305,310.23446111633467,1620.9529429921542,1.0237016323181365,53.1
33000000,66000.00001084043,58.450000010219796,-1793377.5873676576,469692.8450464798,-1323684.742321178,309.9281271096048,1623.1606964731272,1.0223092373155105,53.1
33025000,66050.00001066872,58.50000001004808,-1790608.8326697117,470229.1218595017,-1320379.71081021,310.2819908527404,1622.2373155481955,1.0228911379043275,53.1
33050000,66100.00001049701,58.55000000987637,-1791517.8733106423,470458.8741791264,-1321058.999131516,310.4335935583624,1621.4056991054158,1.023415777166373,53.1
33075000,66150.0000103253,58.60000000970466,-1792611.209429888,469652.64233132586,-1322958.567098562,309.9015992364557,1624.0150960785274,1.0217713971125044,53.1
33100000,66200.00001015358,58.650000009532945,-1792311.0349632725,472987.30665341567,-1319323.7283098567,312.10198674242736,1622.431702837504,1.0227685829547373,53.1
33125000,66250.00000998187,58.70000000936123,-1789620.8253589766,470616.5901454377,-1319004.2352135389,310.5376628763639,1623.9400921947483,1.021818589015387,53.1
33150000,66300.00000981016,58.75000000918952,-1791583.856458352,469683.1081234287,-1321900.7483349233,309.9217021739114,1621.947614417283,1.0230738396863193,53.1
33175000,66350.00000963845,58.80000000901781,-1789551.7672897922,468763.8254628263,-1320787.941826966,309.31511095948355,1623.219201027424,1.0222723909387272,53.1
33200000,66400.00000946673,58.850000008846095,-1793173.8980746586,469047.2283111793,-1324126.6697634794,309.5021151153567,1622.3473996838593,1.0228217297819882,53.1
33225000,66450.00000929502,58.90000000867438,-1789735.280485292,470718.7145619122,-1319016.5659233795,310.6050499559498,1621.8543011163224,1.0231327021852763,53.1
33250000,66500.00000912331,58.95000000850267,-1790457.3132797629,469507.96197611146,-1320949.3513036517,309.8061315026079,1626.3888138418215,1.0202801196918103,53.1
33275000,66550.0000089516,59.00000000833096,-1791462.8381820775,470882.8343855522,-1320580.0037965255,310.7133448769791,1622.9529950038277,1.0224400698974292,53.1
33300000,66600.00000877988,59.050000008159245,-1791975.0784680704,470606.1762644121,-1321368.902203658,310.5307912480727,1626.1062495401136,1.0204574111447209,53.1
33325000,66650.00000860817,59.10000000798753,-1790806.134695596,470266.4384076259,-1320539.69628797,310.3066142805663,1624.1691287730837,1.0216744945186,53.1
33350000,66700.00000843646,59.15000000781582,-1792546.0695460318,471718.9807425993,-1320827.0888034324,311.2650783708191,1618.0921654540157,1.0255115308505045,53.1
33375000,66750.00000826475,59.20000000764411,-1791113.879937373,468991.0121381572,-1322122.867799216,309.46502071759915,1620.489459772984,1.023994425662243,53.1
33400000,66800.00000809303,59.250000007472394,-1791357.5807618585,471649.4673009451,-1319708.1134609133,311.2192097334573,1621.720850778678,1.0232168950995473,53.1
33425000,66850.00000792132,59.30000000730068,-1793386.122016279,471507.97170028696,-1321878.150315992,311.1258434687405,1620.3886938553994,1.024058104048975,53.1
33450000,66900.00000774961,59.35000000712897,-1791082.4398868,470340.9289945561,-1320741.510892244,310.35576710104897,1621.5510873015169,1.02332401775474,53.1
33475000,66950.0000075779,59.40000000695726,-1792570.626854592,470788.2393472986,-1321782.3875072934,310.6509260785048,1622.7917923841142,1.022541635618023,53.1
33500000,67000.00000740618,59.450000006785544,-1790857.1266994178,468068.30403175054,-1322788.8226676672,308.85616921325243,1623.2471862503512,1.0222547666847042,53.1
33525000,67050.00000723447,59.50000000661383,-1790479.3960707262,471554.5512891157,-1318924.8447816104,311.1565791396784,1625.2686393051338,1.0209833214781048,53.1
33550000,67100.00000706276,59.55000000644212,-1791344.159255552,469005.233499811,-1322338.925755741,309.4744047225479,1624.6955647849325,1.0213434501937682,53.1
33575000,67150.00000689104,59.600000006270406,-1791587.3062294151,468455.0006220732,-1323132.3056073422,309.1113320313841,1624.9285732070748,1.0211969935250138,53.1
33600000,67200.00000671933,59.65000000609869,-1793374.5288029397,468747.2892472864,-1324627.2395556532,309.3041994917748,1620.4261549163325,1.0240344298427064,53.1
33625000,67250.00000654762,59.70000000592698,-1793016.7197107617,471490.5691085603,-1321526.1506022017,311.1143603203009,1622.4219893164282,1.0227747063210697,53.1
33650000,67300.0000063759,59.75000000575527,-1790896.686589364,469551.04626225366,-1321345.6403271104,309.8345607883693,1621.6521042029374,1.0232602722564577,53.1
33675000,67350.0000062042,59.800000005583556,-1793155.2252730243,470307.0025692013,-1322848.222703823,310.3333806551394,1621.445099424704,1.0233909086657995,53.1
33700000,67400.00000603248,59.85000000541184,-1790339.403610834,470595.5284495255,-1319743.8751613083,310.5237652578742,1622.337208998738,1.0228281546202558,53.1
33725000,67450.00000586077,59.90000000524013,-1790692.981259156,471544.7164048328,-1319148.2648543231,311.1500895639944,1624.387159656954,1.0215373618210513,53.1
33750000,67500.00000568906,59.95000000506842,-1794098.267873886,469384.1440710078,-1324714.1238028782,309.7244299143548,1623.3123650419125,1.022213721392501,53.1
33775000,67550.00000551734,60.000000004896705,-1790593.77757575,468233.3317936666,-1322360.445782083,308.96506323987245,1624.4720659672018,1.021483969109665,53.1
33800000,67600.00000534563,60.05000000472499,-1789233.7252448425,472936.7612265248,-1316296.9640183176,312.06863420223976,1623.8210235242789,1.0218935151181363,53.1
33825000,67650.00000517392,60.10000000455328,-1792176.9791462654,469657.3471908356,-1322519.63195543,309.9047037510583,1620.9568674047084,1.0236991538885012,53.1
33850000,67700.0000050022,60.15000000438157,-1792312.0393591886,470631.0648350841,-1321680.9745241045,310.5472140404915,1622.7468626954296,1.0225699471670462,53.1
33875000,67750.0000048305,60.200000004209855,-1790598.1661487492,469026.0223075731,-1321572.143841176,309.48812227503464,1622.327259207587,1.0228344276619394,53.1
33900000,67800.00000465878,60.25000000403814,-1791570.832651062,470810.7085186794,-1320760.1241323825,310.66575242358795,1618.674018406007,1.02514289769476,53.1
33925000,67850.00000448707,60.30000000386643,-1793590.570667551,470168.9152366624,-1323421.6554308883,310.2422633455984,1620.4460598087362,1.024021851025275,53.1
33950000,67900.00000431536,60.35000000369472,-1793735.034771366,470451.9733062261,-1323283.06146514,310.4290399982306,1622.3830678752306,1.0227992429834514,53.1
33975000,67950.00000414364,60.400000003523004,-1791649.393532897,470143.713743049,-1321505.6797898484,310.2256340701084,1622.0899536920988,1.022984064400989,53.1
34000000,68000.00000397193,60.45000000335129,-1790898.540564944,468849.0253196532,-1322049.515245291,309.37133032142367,1623.299733868982,1.0222216754123394,53.1
34025000,68050.00000380022,60.50000000317958,-1791605.2007175705,470617.78890772566,-1320987.411809845,310.53845388298595,1620.6965941506858,1.0238635532652165,53.1
34050000,68100.0000036285,60.55000000300787,-1792826.3350539869,471130.4272945688,-1321695.907759418,310.8767197450156,1625.07065894207,1.0211077066225638,53.1
34075000,68150.0000034568,60.600000002836154,-1792887.6830490762,468682.9846981568,-1324204.6983509194,309.2617679565991,1620.128113037823,1.0242228131826858,53.1
34100000,68200.00000328508,60.65000000266444,-1793117.1195127992,469333.924809109,-1323783.1947036902,309.6912925950422,1619.6394868569243,1.0245318091571949,53.1
34125000,68250.00000311337,60.70000000249273,-1789523.7157532554,469544.0835555989,-1319979.6321976564,309.829966427063,1619.6469607444626,1.0245270814383112,53.1
34150000,68300.00000294166,60.750000002321016,-1791885.3332384676,469412.0000523394,-1322473.3331861282,309.7428107609314,1621.313581364453,1.023473924307396,53.1
34175000,68350.00000276994,60.800000002149304,-1790389.030591311,467854.0906344703,-1322534.9399568406,308.7148199086568,1624.3434309854574,1.021564862453531,53.1
34200000,68400.00000259823,60.85000000197759,-1790711.0590315722,468793.3238768843,-1321917.735154688,309.33457556985206,1622.3803519228918,1.0228009552046289,53.1
34225000,68450.00000242652,60.90000000180588,-1791100.730360997,468958.10901476914,-1322142.6213462278,309.44330950033185,1627.8120020542526,1.019388093685189,53.1
34250000,68500.0000022548,60.950000001634166,-1791720.832208028,469866.265333713,-1321854.566874315,310.04255896734287,1623.6549370029684,1.0219980464044385,53.1
34275000,68550.00000208309,61.00000000146245,-1791706.2936461177,470049.0264496088,-1321657.2671965088,310.1631543967931,1623.840256890496,1.0218814114323658,53.1
34300000,68600.00000191138,61.05000000129074,-1789998.7207461493,469792.4226618118,-1320206.2980843375,309.99383367539,1622.669839441677,1.0226184854849505,53.1
34325000,68650.00000173967,61.10000000111903,-1792549.9809821686,470095.7961490484,-1322454.18483312,310.1940155127451,1622.5312014382655,1.022705863641348,53.1
34350000,68700.00000156795,61.150000000947315,-1794408.758927823,469883.420383833,-1324525.3385439902,310.05387877476653,1620.188554516724,1.024184604332623,53.1
34375000,68750.00000139624,61.2000000007756,-1793625.9963672915,471350.1017714824,-1322275.894595809,311.0216725581608,1623.0652867628403,1.022369332389289,53.1
34400000,68800.00000122453,61.25000000060389,-1793694.619383444,473006.8224794554,-1320687.7969039886,312.11486431439226,1622.2485955787545,1.0228840254042302,53.1
34425000,68850.00000105282,61.30000000043218,-1792226.294992325,470914.55213383154,-1321311.7428584932,310.7342739211918,1621.1608844842387,1.0235703251499764,53.1
34450000,68900.0000008811,61.350000000260465,-1793874.15172055,469521.2330078607,-1324352.9187126893,309.8148884297321,1623.4147390475962,1.022149259668207,53.1
34475000,68950.00000070939,61.40000000008875,-1796698.5423800235,472049.3573140961,-1324649.1850659277,311.4830782682516,1619.8610402956708,1.0243916807512532,53.1
34500000,69000.00000053768,61.44999999991704,-1793701.1557696853,469822.6501643615,-1323878.5056053237,310.0137793768228,1620.120451947185,1.0242276564422077,53.1
34525000,69050.00000036597,61.49999999974533,-1791055.1157362135,469914.1786644488,-1321140.9370717648,310.0741747115791,1625.49106919299,1.0208436115713553,53.1
34550000,69100.00000019425,61.549999999573615,-1795616.7167811503,470289.9156021532,-1325326.8011789974,310.32210577251976,1619.6071078935863,1.024552291456714,53.1
34575000,69150.00000002254,61.5999999994019,-1794564.6264058065,469047.2916313011,-1325517.334774505,309.5021568973148,1622.2239028213928,1.022899595281486,53.1
34600000,69199.99999985083,61.64999999923019,-1791599.147286538,470299.6235818941,-1321299.5237046438,310.3285116098895,1624.899609480475,1.021215196292959,53.1
34625000,69249.99999967912,61.69999999905848,-1793359.9907231545,468877.5504935475,-1324482.440229607,309.39015273656963,1619.9839042522938,1.0243139881181975,53.1
34650000,69299.9999995074,61.749999998886764,-1791563.739605721,470213.5137382269,-1321350.2258674942,310.2716917906077,1625.4579177494074,1.020864431820853,53.1
34675000,69349.99999933569,61.79999999871505,-1793547.5105303852,468090.1072890436,-1325457.4032413417,308.870556153077,1621.4404957247673,1.0233938143442218,53.1
34700000,69399.99999916398,61.84999999854334,-1792784.1473308234,471700.2997729138,-1321083.8475579096,311.2527516811361,1626.4860830843518,1.020219103569113,53.1
34725000,69449.99999899227,61.89999999837163,-1792113.1927347211,471773.332425563,-1320339.860309158,311.300942479638,1619.7826826337475,1.0244412361254758,53.1
34750000,69499.99999882055,61.949999998199914,-1793616.0550911129,469197.0173853776,-1324419.0377057353,309.6009538516018,1621.411150121136,1.0234123365489274,53.1
34775000,69549.99999864884,61.9999999980282,-1787346.6759917978,472659.6098652403,-1314687.0661265575,311.88575510745534,1623.8471099146116,1.021877098847817,53.1
34800000,69599.99999847713,62.04999999785649,-1792607.3520180918,468675.34571672056,-1323932.0063013714,309.2567273535017,1626.5249070994746,1.0201947516506562,53.1
34825000,69649.99999830541,62.099999997684776,-1793511.9546110528,469117.68248200766,-1324394.272129045,309.5486044954743,1623.016623585484,1.0223999862590172,53.1
34850000,69699.9999981337,62.14999999751306,-1794864.5338748095,469418.43219575664,-1325446.1016790532,309.74705502861315,1620.3594492779523,1.0240765864582622,53.1
34875000,69749.99999796199,62.19999999734135,-1791532.4107068172,470115.67582403246,-1321416.7348827848,310.2071331714455,1623.2664399353532,1.0222426416442392,53.1
34900000,69799.99999779028,62.24999999716964,-1792921.9824025594,470813.58148029365,-1322108.4009222658,310.66764815528103,1624.400936572638,1.0215286979291602,53.1
34925000,69849.99999761856,62.299999996997926,-1788656.8122573886,471931.70808445214,-1316725.1041729364,311.4054470976174,1623.968630144905,1.0218006326291482,53.1
34950000,69899.99999744685,62.34999999682621,-1790804.6085492745,468784.5098425224,-1322020.098706752,309.3287596048212,1622.2007437076206,1.022914198559284,53.1
34975000,69949.99999727514,62.3999999966545,-1790884.4483002515,470194.545940215,-1320689.9023600367,310.2591758364577,1625.0036944984452,1.021149785240407,53.1
35000000,69999.99999710343,62.44999999648279,-1795823.9411972072,470115.9589248716,-1325707.9822723356,310.2073199763197,1621.7733550339124,1.0231837688671712,53.1
35025000,70049.99999693171,62.499999996311075,-1794642.9686316997,471266.9651595651,-1323376.0034721345,310.9668146340992,1618.7149146499248,1.0251169978320878,53.1
35050000,70099.99999676,62.54999999613936,-1789315.7200966077,472196.4189772586,-1317119.301119349,311.58011731475665,1623.5075768785148,1.022090809605211,53.1
35075000,70149.99999658829,62.59999999596765,-1790609.314744399,468807.069103473,-1321802.245640926,309.3436453957569,1623.4656642059392,1.022117196709287,53.1
35100000,70199.99999641658,62.64999999579594,-1793281.0205497816,468737.1132762016,-1324543.90727358,309.29748484901813,1621.459071687896,1.023382090011432,53.1
35125000,70249.99999624486,62.699999995624225,-1793492.0925595667,467344.2499041258,-1326147.8426554408,308.3784000880308,1622.5722890697891,1.0226799661439203,53.1
35150000,70299.99999607315,62.74999999545251,-1789493.9670794755,470521.33886092674,-1318972.6282185488,310.47481105197573,1622.830645205461,1.022517154549955,53.1
35175000,70349.99999590144,62.7999999952808,-1795653.9032626431,467693.3829816663,-1327960.5202809768,308.60877651802184,1621.695999387041,1.0232325752046962,53.1
35200000,70399.99999572973,62.84999999510909,-1794199.1667336663,469770.338173473,-1324428.8285601933,309.9792611644795,1620.936302243785,1.023712141775692,53.1
35225000,70449.99999555801,62.899999994937374,-1794213.922939615,469173.9014003836,-1325040.0215392318,309.5857007047612,1621.2769011990035,1.0234970796319731,53.1
35250000,70499.9999953863,62.94999999476566,-1793010.9198320415,471958.3672679732,-1321052.5525640682,311.42303823383776,1621.4795182409994,1.023369185354905,53.1
35275000,70549.99999521459,62.99999999459395,-1794269.9392034598,470428.5072971793,-1323841.4319062806,310.41355588704755,1619.9529481916263,1.024333561974336,53.1
35300000,70599.99999504288,63.04999999442224,-1791280.6930026868,470632.9477068411,-1320647.7452958457,310.548456458645,1624.1990052152405,1.0216557012556806,53.1
35325000,70649.99999487116,63.099999994250524,-1793041.9996510977,469967.8255825201,-1323074.1740685776,310.10957377932806,1622.191509073005,1.022920021693491,53.1
35350000,70699.99999469945,63.14999999407881,-1792139.7156286065,468969.0731152032,-1323170.642513403,309.4505441924265,1618.8651059026029,1.0250218919424836,53.1
35375000,70749.99999452774,63.1999999939071,-1792369.5866535548,469571.6550860608,-1322797.931567494,309.8481595779439,1621.9867759881813,1.0230491383883185,53.1
35400000,70799.99999435603,63.249999993735386,-1793804.8444619903,469608.4192014624,-1324196.4252605282,309.87241848150484,1622.4036851052442,1.0227862454246786,53.1
35425000,70849.99999418431,63.299999993563674,-1791854.5091203228,469598.2035620348,-1322256.305558288,309.8656776634822,1621.4628524526047,1.0233797037915542,53.1
35450000,70899.9999940126,63.34999999339196,-1791871.2336650984,471314.9634571063,-1320556.2702079923,310.99848644391767,1619.396919316812,1.0246852725593725,53.1
35475000,70949.99999384089,63.39999999322025,-1793622.7517009694,471389.25670453714,-1322233.4949964322,311.04750904938413,1625.0889141007665,1.0210962361835811,53.1
35500000,70999.99999366917,63.449999993048536,-1794055.1277246214,472481.8765342079,-1321573.2511904135,311.7684772757985,1621.653239601559,1.0232595558219733,53.1
35525000,71049.99999349746,63.49999999287682,-1792832.6884742966,469855.2916230993,-1322977.3968511974,310.0353179339445,1623.6787533815557,1.021983055574302,53.1
35550000,71099.99999332575,63.54999999270511,-1790449.7760252869,471000.4076983761,-1319449.3683269108,310.7909259536888,1627.3101807269625,1.019702447206881,53.1
35575000,71149.99999315404,63.5999999925334,-1792110.39128925,469347.85453178943,-1322762.5367574606,309.7004841612052,1622.6042045471693,1.0226598507521103,53.1
35600000,71199.99999298232,63.649999992361685,-1793374.1697366452,470170.0465743537,-1323204.1231622917,310.2430098619131,1622.4411951583274,1.0227625991030287,53.1
35625000,71249.99999281061,63.69999999218997,-1790466.9615518963,469694.2005489639,-1320772.7610029324,309.92902154168013,1622.872817283406,1.0224905833530735,53.1
35650000,71299.9999926389,63.74999999201826,-1790640.7177892998,470345.7086222874,-1320295.0091670123,310.35892095167003,1623.9603314500089,1.0218058541924655,53.1
35675000,71349.99999246719,63.79999999184655,-1790409.0271365838,470234.0246896916,-1320175.0024468922,310.2852259988456,1622.430434133301,1.0227693827368247,53.1
35700000,71399.99999229547,63.849999991674835,-1793154.5459795296,470966.8523635348,-1322187.6936159949,310.76878437288434,1620.6168814135758,1.0239139136972184,53.1
35725000,71449.99999212376,63.89999999150312,-1793303.9237800334,468240.4069311764,-1325063.516848857,308.96973178899043,1621.1695556867237,1.023564850345989,53.1
35750000,71499.99999195205,63.94999999133141,-1791360.9928733911,471177.6623264849,-1320183.3305469062,310.9078879118934,1621.501540847166,1.023355286350825,53.1
35775000,71549.99999178034,63.9999999911597,-1792690.541813773,470396.859008479,-1322293.6828052942,310.39267267593084,1623.0380895169546,1.0223864642300626,53.1
35800000,71599.99999160862,64.04999999098798,-1791938.878112669,471061.3343464613,-1320877.5437662078,310.83112857148745,1621.0447410896109,1.0236436611469355,53.1
35825000,71649.99999143691,64.09999999081627,-1792543.202824602,469576.64148838446,-1322966.5613362174,309.8514498693534,1621.890350859151,1.023109961023536,53.1
35850000,71699.9999912652,64.14999999064456,-1791696.022889345,469487.7425984143,-1322208.2802909308,309.79278969012955,1624.1778016639917,1.0216690389142782,53.1
35875000,71749.99999109349,64.19999999047285,-1791622.6413175166,469424.9477676592,-1322197.6935498577,309.75135434681243,1624.421666519709,1.0215156617598724,53.1
35900000,71799.99999092177,64.24999999030113,-1792469.036383713,471504.3846190806,-1320964.6517646322,311.12347652325303,1620.711407166536,1.023854195333276,53.1
35925000,71849.99999075006,64.29999999012942,-1791512.9223106746,468517.61284672766,-1322995.3094639468,309.152646881559,1619.7961667868412,1.024432708063275,53.1
35950000,71899.99999057835,64.34999998995771,-1791236.9187783692,471329.51558870735,-1319907.403189662,311.0080887083339,1624.0020267323432,1.021779619937286,53.1
35975000,71949.99999040664,64.399999989786,-1791706.5471054828,470072.03780743154,-1321634.5092980512,310.1783385051045,1622.4767076291268,1.0227402130639784,53.1
36000000,71999.99999023492,64.44999998961428,-1793530.6947362162,468960.6459882748,-1324570.0487479414,309.44498352933914,1621.25914642246,1.0235082881805768,53.1
36025000,72049.99999006321,64.49999998944257,-1790564.6486543815,472602.04959366505,-1317962.5990607166,311.847773802538,1622.9187938989792,1.022461616619399,53.1
36050000,72099.9999898915,64.54999998927086,-1790647.6288108695,471194.50366054825,-1319453.1251503213,310.91900071290644,1622.0844586794426,1.0229875298866185,53.1
36075000,72149.99998971978,64.59999998909915,-1791840.910231213,469652.7938746119,-1322188.1163566012,309.90169923271355,1623.4943605301582,1.0220991301196027,53.1
36100000,72199.99998954807,64.64999998892743,-1791932.893881835,470201.86181616486,-1321731.0320656702,310.2640032375033,1619.8953569841465,1.0243699795160257,53.1
36125000,72249.99998937636,64.69999998875572,-1792493.3946922105,472183.4896582064,-1320309.905034004,311.57158586770373,1624.6780866951133,1.0213544376827388,53.1
36150000,72299.99998920465,64.74999998858401,-1792510.3196459562,470530.20492178254,-1321980.1147241737,310.480661346833,1621.2283613486368,1.023527723307029,53.1
36175000,72349.99998903293,64.7999999884123,-1790212.90020663,472867.50007088576,-1317345.4001357444,312.02293203650515,1622.4794398906974,1.0227384907655552,53.1
36200000,72399.99998886122,64.84999998824058,-1792065.8495728122,469906.1012164136,-1322159.748356399,310.0688447850797,1621.896379002491,1.023106158404838,53.1
36225000,72449.99998868951,64.89999998806887,-1788753.3380539415,469794.7497775125,-1318958.588276429,309.9953692291424,1626.1742266046574,1.0204147541537494,53.1
36250000,72499.9999885178,64.94999998789716,-1791516.3793072822,470523.041285382,-1320993.3380219,310.4759344014764,1620.7812780282368,1.023810057622745,53.1
36275000,72549.99998834608,64.99999998772545,-1792813.2681403896,470037.6392826419,-1322775.6288577477,310.1556405430728,1621.9432831985107,1.0230765716909866,53.1
36300000,72599.99998817437,65.04999998755373,-1791861.5705032218,469877.0944932461,-1321984.4760099757,310.04970461830965,1624.776815553015,1.02129237552369,53.1
36325000,72649.99998800266,65.09999998738202,-1792309.8068998912,470992.174709297,-1321317.6321905942,310.7854933930001,1625.3189485547273,1.0209517185088557,53.1
36350000,72699.99998783095,65.14999998721031,-1791537.7288821423,469949.4381707985,-1321588.2907113438,310.09744079468214,1621.9572468651993,1.0230677638754466,53.1
36375000,72749.99998765923,65.1999999870386,-1791313.552177254,471613.8326203207,-1319699.7195569335,311.19569609056805,1623.7489093435515,1.0219388996065937,53.1
36400000,72799.99998748752,65.24999998686688,-1792308.596287936,470932.2640605895,-1321376.3322273465,310.7459611852101,1623.4441173833309,1.0221307625460698,53.1
36425000,72849.99998731581,65.29999998669517,-1791436.299534154,471340.3267328153,-1320095.9728013389,311.0152224717724,1620.105573915385,1.0242370623055588,53.1
36450000,72899.9999871441,65.34999998652346,-1792702.1599471995,469669.7709230301,-1323032.3890241696,309.91290158522025,1624.0246151687695,1.021765408081276,53.1
36475000,72949.99998697238,65.39999998635174,-1792896.8694906505,472376.4363398863,-1320520.433150764,311.69890227099944,1620.126125487094,1.0242240696865883,53.1
36500000,72999.99998680067,65.44999998618003,-1791600.8731100317,469365.3658213317,-1322235.5072887,309.7120390342,1621.9247591435333,1.0230882562815036,53.1
36525000,73049.99998662896,65.49999998600832,-1791504.739314082,468720.1011532687,-1322784.6381608134,309.2862593524956,1622.3833254331337,1.0227990806112033,53.1
36550000,73099.99998645725,65.5499999858366,-1794176.4000548646,470697.6441776546,-1323478.7558772098,310.59114660443134,1623.19192551846,1.0222895688209754,53.1
36575000,73149.99998628553,65.5999999856649,-1789661.9817910036,470343.1293862845,-1319318.8524047192,310.3572190356366,1624.6920768418247,1.0213456428479322,53.1
36600000,73199.99998611382,65.64999998549318,-1791173.1505047996,469870.12966731057,-1321303.020837489,310.04510885859,1626.5303394509576,1.0201913443631698,53.1
36625000,73249.99998594211,65.69999998532147,-1792506.089929252,470234.9344131561,-1322271.155516096,310.285826282398,1622.9184976229426,1.022461803277494,53.1
36650000,73299.9999857704,65.74999998514976,-1791177.2193092145,469647.5868388696,-1321529.632470345,309.8982633557305,1623.6077616342031,1.0220277414674062,53.1
36675000,73349.99998559868,65.79999998497804,-1792146.8215565449,467730.0797292136,-1324416.7418273313,308.63299096871714,1624.1487702646632,1.0216873010848335,53.1
36700000,73399.99998542697,65.84999998480633,-1794224.742821291,471126.68742586335,-1323098.0553954276,310.8742519822729,1624.3186969650749,1.0215804181484676,53.1
36725000,73449.99998525526,65.89999998463462,-1793474.988339485,471367.931217256,-1322107.057122229,311.03343736742755,1621.2087732363543,1.023540089990641,53.1
36750000,73499.99998508354,65.9499999844629,-1793094.9566800725,471079.91871621285,-1322015.0379638595,310.84339151943595,1622.6177865896257,1.0226512906280778,53.1
36775000,73549.99998491183,65.9999999842912,-1791744.529602961,468209.8578008292,-1323534.6718021317,308.9495738605629,1622.377471362426,1.022802771206175,53.1
36800000,73599.99998474012,66.04999998411948,-1793708.224474242,468880.17076138896,-1324828.053712853,309.39188172757554,1621.2787732886352,1.0234958978005064,53.1
36825000,73649.9999845684,66.09999998394777,-1792881.401579177,471489.3199776858,-1321392.0816014912,311.1135360778273,1621.068697508573,1.0236285335731,53.1
36850000,73699.9999843967,66.14999998377606,-1790582.3626483057,470318.8666604469,-1320263.4959878586,310.3412092086684,1622.455055033694,1.022753862120079,53.1
36875000,73749.99998422498,66.19999998360434,-1792870.7472623617,469397.3849645138,-1323473.3622978476,309.7331669546756,1621.6810803894527,1.0232419886488724,53.1
36900000,73799.99998405327,66.24999998343263,-1793118.0040014395,469683.9550586392,-1323434.0489428004,309.9222610264602,1620.3015510253645,1.0241131797978382,53.1
36925000,73849.99998388156,66.29999998326092,-1795536.738024166,468430.7376576919,-1327106.000366474,309.09532204701213,1621.0527726813389,1.023638589450258,53.1
36950000,73899.99998370984,66.3499999830892,-1792489.7395665413,471867.9819944641,-1320621.7575720772,311.3633972603114,1624.1389612002308,1.0216934716138373,53.1
36975000,73949.99998353813,66.39999998291749,-1791067.3239412175,468401.2135198335,-1322666.1104213842,309.07584046272257,1621.0360733284251,1.0236491346209315,53.1
37000000,73999.99998336642,66.44999998274578,-1792685.6386928586,471551.8008845208,-1321133.8378083378,311.1547642775746,1623.7447160269528,1.021941538761202,53.1
37025000,74049.9999831947,66.49999998257407,-1792611.5843272165,471030.9344966413,-1321580.6498305749,310.81106914623007,1618.1984248476804,1.0254441903860776,53.1
37050000,74099.999983023,66.54999998240235,-1790666.3687911115,471489.4015848959,-1319176.967206216,311.11358992657125,1625.5014918044576,1.020837065987493,53.1
37075000,74149.99998285128,66.59999998223064,-1794014.028144664,472760.2272434626,-1321253.8009012016,311.9521477636689,1618.7230108786,1.0251118705919255,53.1
37100000,74199.99998267957,66.64999998205893,-1793315.4849926606,467564.2656396668,-1325751.219352994,308.52357808162805,1623.6902718152153,1.0219758056423218,53.1
37125000,74249.99998250786,66.69999998188722,-1792230.3118852898,473816.517900056,-1318413.793985234,312.6491440844218,1622.026484645383,1.023024093231583,53.1
37150000,74299.99998233614,66.7499999817155,-1790096.1850149604,471332.3239736832,-1318763.8610412772,311.00994182895295,1622.8582244463294,1.0224997776488352,53.1
37175000,74349.99998216443,66.79999998154379,-1789936.1554319942,469659.67776357033,-1320276.477668424,309.9062415859442,1624.9824112726233,1.0211631597614643,53.1
37200000,74399.99998199272,66.84999998137208,-1794405.6128634177,469345.6987689292,-1325059.9140944886,309.69906167510004,1623.2311031059926,1.0222648952923636,53.1
37225000,74449.999981821,66.89999998120037,-1789863.363096119,469839.1769501462,-1320024.1861459727,310.0246846222814,1621.9538385041244,1.0230699137420216,53.1
37250000,74499.9999816493,66.94999998102865,-1789346.2645194102,471243.8179957625,-1318102.4465236478,310.95154091383523,1624.79624324625,1.0212801639278932,53.1
37275000,74549.99998147758,66.99999998085694,-1791520.432226304,469547.06816386105,-1321973.364062443,309.83193582910644,1620.067497786344,1.0242611347485937,53.1
37300000,74599.99998130587,67.04999998068523,-1790857.1437499125,470020.5012963378,-1320836.6424535746,310.14433199525547,1624.820367599915,1.0212650005754655,53.1
37325000,74649.99998113415,67.09999998051352,-1789560.72588603,467940.9926733098,-1321619.73321272,308.77216246012125,1626.5705179495724,1.020166144252837,53.1
37350000,74699.99998096244,67.1499999803418,-1793079.940927229,471019.6198581351,-1322060.321069094,310.80360315061586,1622.6756144868916,1.0226148460218696,53.1
37375000,74749.99998079073,67.19999998017009,-1791521.0720313722,470560.9139432208,-1320960.1580881514,310.5009247798405,1621.3413210408703,1.023456413598754,53.1
37400000,74799.99998061902,67.24999997999838,-1790485.1458591744,469043.79675884405,-1321441.3491003304,309.49985079602635,1622.7974823767984,1.0225380502942294,53.1
37425000,74849.9999804473,67.29999997982667,-1792324.943037534,469896.6690784795,-1322428.2739590546,310.06262096269154,1625.7477616478911,1.0206824286013358,53.1
37450000,74899.99998027559,67.34999997965495,-1791331.2718117775,470499.8950469864,-1320831.376764791,310.4606612918448,1622.5356124743842,1.0227030833063782,53.1
37475000,74949.99998010388,67.39999997948324,-1790246.3617384024,470760.03844337794,-1319486.3232950245,310.6323176338007,1623.8823160269758,1.021854944335997,53.1
37500000,74999.99997993217,67.44999997931153,-1791033.883403697,471030.4270343328,-1320003.4563693642,310.81073429581767,1627.420309272204,1.0196334433076115,53.1
37525000,75049.99997976045,67.49999997913982,-1794878.834424574,469252.6770704607,-1325626.1573541132,309.6376810492486,1624.4301162816917,1.0215103481645895,53.1
37550000,75099.99997958874,67.5499999789681,-1795155.371769214,469950.8181229419,-1325204.553646272,310.098351359933,1624.5711501905068,1.021421667778212,53.1
37575000,75149.99997941703,67.59999997879639,-1790914.657516622,470611.3638133385,-1320303.2937032834,310.5342142666262,1624.4558892178115,1.021494141309652,53.1
37600000,75199.99997924532,67.64999997862468,-1792419.5336370934,469777.9000797434,-1322641.63355735,309.9842509093148,1624.0078644811892,1.0217759469915275,53.1
37625000,75249.9999790736,67.69999997845296,-1792469.5453754086,468401.5242483912,-1324068.0211270174,309.0760454978236,1620.2839796180351,1.0241242859434645,53.1
37650000,75299.99997890189,67.74999997828125,-1789976.3636378348,470847.96804996894,-1319128.3955878655,310.6903382286972,1624.3690210221046,1.0215487688923208,53.1
37675000,75349.99997873018,67.79999997810954,-1791705.0598673755,472232.3189415108,-1319472.7409258648,311.6038060057838,1627.311083725952,1.0197018813714431,53.1
37700000,75399.99997855847,67.84999997793783,-1791487.6209274,468809.7997214339,-1322677.8212059662,309.34544720159533,1619.2035696843172,1.0248076305658524,53.1
37725000,75449.99997838675,67.89999997776611,-1791434.6668166928,469950.3412667119,-1321484.3255499809,310.0980367050265,1621.497052630498,1.0233581189432406,53.1
37750000,75499.99997821504,67.9499999775944,-1792212.2614440192,469930.1540890555,-1322282.1073549637,310.0847161398345,1621.8659820028147,1.0231253334525363,53.1
37775000,75549.99997804333,67.99999997742269,-1791107.2561572455,469985.9248073128,-1321121.3313499326,310.12151660302936,1626.0173557828946,1.0205131991675458,53.1
37800000,75599.99997787162,68.04999997725098,-1790836.5709314682,470412.0865911124,-1320424.4843403555,310.40272063858504,1622.722245857257,1.02258545964244,53.1
37825000,75649.9999776999,68.09999997707926,-1793674.9330295185,469713.8390282553,-1323961.0940012631,309.94198004673353,1620.6084044482805,1.0239192695146313,53.1
37850000,75699.99997752819,68.14999997690755,-1793130.3149061631,469712.638357149,-1323417.6765490142,309.9411877805724,1623.2634267426397,1.0222445391884265,53.1
37875000,75749.99997735648,68.19999997673584,-1790933.843914696,469388.9057087106,-1321544.9382059854,309.7275718942056,1621.592174410912,1.0232980892712855,53.1
37900000,75799.99997718477,68.24999997656413,-1790539.9250973023,469384.54928380286,-1321155.3758134996,309.724697295142,1621.5226155793848,1.0233419859266326,53.1
37925000,75849.99997701305,68.29999997639241,-1789978.0969747491,470456.9731318649,-1319521.1238428843,310.432339147052,1622.6605914278432,1.022624313684606,53.1
37950000,75899.99997684134,68.3499999762207,-1792344.170275908,469100.0660873274,-1323244.1041885803,309.5369802685625,1622.988399113541,1.0224177662380625,53.1
37975000,75949.99997666963,68.39999997604899,-1791512.15344912,469002.4703088354,-1322509.6831402846,309.4725814233154,1621.7742999650163,1.0231831727064304,53.1
38000000,75999.99997649791,68.44999997587728,-1794300.2240510387,470295.02671955246,-1324005.1973314865,310.325478357518,1622.1155488650336,1.0229679228541946,53.1
38025000,76049.9999763262,68.49999997570556,-1795679.7615363644,470381.2521334621,-1325298.5094029023,310.3823744361449,1617.1660362701944,1.0260988274766794,53.1
38050000,76099.99997615449,68.54999997553385,-1793855.5865558684,469705.3240203521,-1324150.2625355162,309.9363613951411,1621.3189335799018,1.023470545667429,53.1
38075000,76149.99997598278,68.59999997536214,-1794707.389403685,468727.8942685757,-1325979.4951351094,309.29140166125524,1621.44625350207,1.0233901802591183,53.1
38100000,76199.99997581106,68.64999997519043,-1791815.983562422,469583.0771228965,-1322232.9064395255,309.8556964406438,1622.185535399336,1.0229237885809808,53.1
38125000,76249.99997563935,68.69999997501871,-1789904.3675026996,469748.2165995615,-1320156.150903138,309.9646641825509,1621.5601265587222,1.023318313316866,53.1
38150000,76299.99997546764,68.749999974847,-1792163.6058082506,470699.2715893304,-1321464.3342189202,310.5922204565413,1622.3634159775715,1.0228116322828222,53.1
38175000,76349.99997529593,68.79999997467529,-1793237.8871773118,471058.0460286696,-1322179.841148642,310.8289587658681,1622.9468953296723,1.0224439126302307,53.1
38200000,76399.99997512421,68.84999997450358,-1790524.675643674,469632.12861293217,-1320892.5470307418,309.88806320245214,1622.5498137783848,1.022694132137505,53.1
38225000,76449.9999749525,68.89999997433186,-1789920.1596836774,468881.2189378827,-1321038.940745795,309.3925733697434,1623.8275965881005,1.0218893786129386,53.1
38250000,76499.99997478079,68.94999997416015,-1789757.2047968227,467932.91276542086,-1321824.2920314018,308.7668309104805,1623.855181935906,1.0218720191992166,53.1
38275000,76549.99997460908,68.99999997398844,-1792135.474269824,468583.1399534733,-1323552.3343163508,309.19588512477003,1621.756626004199,1.023194323392676,53.1
38300000,76599.99997443736,69.04999997381672,-1793991.011484068,471155.7971681666,-1322835.2143159013,310.8934601265055,1620.5991191327548,1.0239251361187642,53.1
38325000,76649.99997426565,69.09999997364501,-1793889.4333956689,468404.0231383632,-1325485.4102573055,309.0776943973056,1623.371707697062,1.0221763541795146,53.1
38350000,76699.99997409394,69.1499999734733,-1793140.170637492,468067.43384408375,-1325072.7367934084,308.8555950175059,1623.1064275841868,1.022343418429897,53.1
38375000,76749.99997392223,69.19999997330159,-1795459.707851492,471738.73081072106,-1323720.977040771,311.2781105080718,1618.7773306503516,1.0250774718875602,53.1
38400000,76799.99997375051,69.24999997312987,-1790624.8635694236,469171.09602313576,-1321453.7675462875,309.5838495687998,1622.0955945133885,1.0229805069840845,53.1
38425000,76849.9999735788,69.29999997295816,-1792435.9576951042,470587.3991942004,-1321848.558500904,310.5184011461908,1623.5886343891646,1.0220397818171802,53.1
38450000,76899.99997340709,69.34999997278645,-1791972.896840983,468264.4604189928,-1323708.4364219904,308.98560354966975,1622.9176205475674,1.02246235584779,53.1
38475000,76949.99997323538,69.39999997261474,-1792799.9302715575,471073.4315764627,-1321726.4986950948,310.8391109622713,1621.5833155093685,1.0233036796698398,53.1
38500000,76999.99997306366,69.44999997244302,-1792806.9133615606,470596.1191892417,-1322210.794172319,310.5241550591151,1622.5712186173332,1.0226806408325064,53.1
38525000,77049.99997289195,69.49999997227131,-1791593.9565661782,468603.9283900753,-1322990.028176103,309.20960243234566,1624.7758907283385,1.0212929568447182,53.1
38550000,77099.99997272024,69.5499999720996,-1792836.6077359524,470695.45309768606,-1322141.1546382662,310.5897008142343,1624.5146439857483,1.0214571963356909,53.1
38575000,77149.99997254852,69.59999997192789,-1792415.0915651098,470077.32031467656,-1322337.7712504333,310.181824182168,1619.7308446785726,1.0244740223992277,53.1
38600000,77199.99997237681,69.64999997175617,-1797137.6684524473,471564.5135618958,-1325573.1548905517,311.1631527730157,1620.8437142696337,1.023770619611949,53.1
38625000,77249.9999722051,69.69999997158446,-1793423.389562564,470691.04360420455,-1322732.3459583595,310.5867911977249,1621.7233900367903,1.0232152929694818,53.1
38650000,77299.99997203339,69.74999997141275,-1794193.630834313,468991.8893605629,-1325201.7414737502,309.4655995552377,1621.6869164935772,1.0232383062199586,53.1
38675000,77349.99997186167,69.79999997124104,-1791137.7041292796,471043.7453331444,-1320093.9587961351,310.8195224122442,1622.1548205944696,1.0229431572036056,53.1
38700000,77399.99997168996,69.84999997106932,-1791265.7975584902,470784.8478778693,-1320480.9496806208,310.6486882079912,1622.7348342741964,1.0225775269033068,53.1
38725000,77449.99997151825,69.89999997089761,-1793888.089529654,470170.5003475358,-1323717.5891821182,310.2433092854065,1619.1017878552964,1.024872053195619,53.1
38750000,77499.99997134654,69.9499999707259,-1793514.0287042148,469587.2226790216,-1323926.8060251933,309.858431897356,1621.276495715566,1.023497335609973,53.1
38775000,77549.99997117482,69.99999997055419,-1791609.054267126,469751.6803241854,-1321857.3739429407,309.9669497308552,1623.8176713018493,1.021895624723434,53.1
38800000,77599.99997100311,70.04999997038247,-1793670.1339050876,470140.3285159889,-1323529.8053890988,310.2234003186394,1620.6157339800234,1.0239146386520332,53.1
38825000,77649.9999708314,70.09999997021076,-1794351.953582677,471468.78931470105,-1322883.164267976,311.0999888628882,1623.8584292148273,1.021869975730766,53.1
38850000,77699.99997065969,70.14999997003905,-1791113.0507856822,468980.2061400983,-1322132.844645584,309.4578903497955,1622.0965726487852,1.022979890119798,53.1
38875000,77749.99997048797,70.19999996986733,-1793346.1403003298,470954.93644155806,-1322391.2038587718,310.76092161870366,1621.4484407109292,1.0233887997847149,53.1
38900000,77799.99997031626,70.24999996969562,-1790543.9864139175,469705.684983084,-1320838.3014308335,309.9365995774014,1625.090204667821,1.0210954252789566,53.1
38925000,77849.99997014455,70.29999996952391,-1792570.475735996,470953.4568441395,-1321617.0188918563,310.7599453022414,1622.9705325055847,1.0224290216102525,53.1
38950000,77899.99996997284,70.3499999693522,-1791663.7532864194,469740.6560777354,-1321923.097208684,309.95967535124504,1617.4151859021106,1.0259407653121817,53.1
38975000,77949.99996980112,70.39999996918048,-1791669.3128402987,469305.2456214805,-1322364.0672188182,309.67236855350643,1621.0891107992177,1.023615643703796,53.1
39000000,77999.99996962941,70.44999996900877,-1790671.065096222,471331.1215356224,-1319339.9435605996,311.0091483968619,1619.1017903001552,1.0248720516480527,53.1
39025000,78049.9999694577,70.49999996883706,-1793396.5295894395,469109.11921650753,-1324287.4103729322,309.54295400097266,1621.344152381588,1.0234546263447573,53.1
39050000,78099.99996928599,70.54999996866535,-1792983.6887878068,468732.6019983835,-1324251.0867894231,309.294508069832,1623.1174567535038,1.0223364715520753,53.1
39075000,78149.99996911427,70.59999996849363,-1789588.9934391882,468925.5695965562,-1320663.423842632,309.4218382749335,1624.476266534581,1.0214813277585248,53.1
39100000,78199.99996894256,70.64999996832192,-1792189.0931705944,468941.9489213148,-1323247.1442492795,309.4326462178249,1622.333816839073,1.0228302932654434,53.1
39125000,78249.99996877085,70.69999996815021,-1792266.9002731498,469764.0141838896,-1322502.8860892602,309.975088262405,1621.0805497662654,1.0236210494853024,53.1
39150000,78299.99996859914,70.7499999679785,-1793229.0866979444,471116.2476862318,-1322112.8390117127,310.86736329110875,1622.2091679292355,1.0229088865094744,53.1
39175000,78349.99996842742,70.79999996780678,-1791903.6560745714,472048.3330112981,-1319855.3230632734,311.48240237920805,1622.6923782772024,1.0226042815420724,53.1
39200000,78399.99996825571,70.84999996763507,-1795070.5737021323,468689.998989045,-1326380.5747130874,309.26639635590493,1621.6246306165524,1.023277608345805,53.1
39225000,78449.999968084,70.89999996746336,-1792131.194245607,468488.5214879709,-1323642.6727576358,309.1334508677606,1625.772037113309,1.0206671881245457,53.1
39250000,78499.99996791228,70.94999996729165,-1792613.0483941275,469407.1203802525,-1323205.9280138751,309.73959089576465,1624.870205999972,1.0212336760958396,53.1
39275000,78549.99996774057,70.99999996711993,-1790550.653075328,471986.5345093266,-1318564.1185660015,311.44162446620345,1622.9151035188718,1.0224639416159451,53.1
39300000,78599.99996756886,71.04999996694822,-1793630.036051046,468810.05264595686,-1324819.9834050892,309.34561409454363,1623.9181088279256,1.0218324216173802,53.1
39325000,78649.99996739715,71.09999996677651,-1791170.458738044,470166.11064574274,-1321004.3480923013,310.2404127284978,1622.7859313946672,1.0225453287149495,53.1
39350000,78699.99996722543,71.1499999666048,-1790349.4620174048,470405.7799090908,-1319943.682108314,310.39855915695324,1624.1816481058124,1.0216666193631627,53.1
39375000,78749.99996705372,71.19999996643308,-1790858.9547391254,471065.1093285987,-1319793.8454105267,310.8336195039256,1625.0380213578228,1.021128214751212,53.1
39400000,78799.99996688201,71.24999996626137,-1793338.6997633008,469594.4314173936,-1323744.268345907,309.8631886033737,1623.871599474747,1.0218616879491529,53.1
39425000,78849.9999667103,71.29999996608966,-1793129.4367314335,472305.68708672025,-1320823.7496447132,311.6522181799825,1622.8598836416295,1.0224987322555497,53.1
39450000,78899.99996653858,71.34999996591795,-1792194.9467002638,472194.3549660394,-1320000.5917342245,311.5787553712264,1623.48719340938,1.0221036423251455,53.1
39475000,78949.99996636687,71.39999996574623,-1793010.0461326847,469616.5996425271,-1323393.4464901576,309.8778163682405,1619.0886758845,1.0248803529834145,53.1
39500000,78999.99996619516,71.44999996557452,-1793491.9466853887,470593.7234859536,-1322898.223199435,310.5225742476528,1622.8370685467344,1.0225131073311866,53.1
39525000,79049.99996602345,71.49999996540281,-1792110.786813762,469644.5153569726,-1322466.2714567897,309.896236629878,1620.2548842257384,1.0241426764437187,53.1
39550000,79099.99996585173,71.5499999652311,-1789413.801902798,472020.8829778845,-1317392.9189249135,311.4642893984916,1622.0013173492714,1.0230399666775591,53.1
39575000,79149.99996568002,71.59999996505938,-1790914.9869010448,470505.3654488186,-1320409.6214522263,310.4642709516731,1626.669748977473,1.0201039115008064,53.1
39600000,79199.99996550831,71.64999996488767,-1793702.9463079786,470870.6995045492,-1322832.2468034294,310.7053376420774,1618.259338539316,1.0254055911395197,53.1
39625000,79249.9999653366,71.69999996471596,-1790595.6822825065,471080.9265636958,-1319514.7557188107,310.84405655039416,1623.7831188385237,1.0219173696293185,53.1
39650000,79299.99996516488,71.74999996454424,-1792052.0489507252,469984.92806435423,-1322067.120886371,310.1208588994224,1623.258256370284,1.0222477952229392,53.1
39675000,79349.99996499317,71.79999996437253,-1789861.2868402386,469464.7441181863,-1320396.5427220524,309.7776140791349,1623.5986278586308,1.0220334910238906,53.1
39700000,79399.99996482146,71.84999996420082,-1791225.1105723036,468797.3296105349,-1322427.7809617687,309.3372187643165,1622.9993970200094,1.0224108380438897,53.1
39725000,79449.99996464975,71.8999999640291,-1790410.1425552266,471402.41090985504,-1319007.7316453715,311.0561888882635,1623.033361759155,1.0223894423546622,53.1
39750000,79499.99996447803,71.9499999638574,-1792467.6988473274,469607.56126839016,-1322860.1375789372,309.8718523719865,1622.3414642041998,1.0228254718657026,53.1
39775000,79549.99996430632,71.99999996368568,-1792309.893858418,470121.5887911734,-1322188.3050672445,310.2110348592208,1623.3903998837643,1.0221645845452625,53.1
39800000,79599.99996413461,72.04999996351397,-1793312.8139282232,471557.9143753593,-1321754.899552864,311.15879828146814,1623.5069406642656,1.0220912101386,53.1
39825000,79649.9999639629,72.09999996334226,-1790032.2133681085,468141.95066340384,-1321890.262704705,308.90476514750384,1626.4589936172626,1.0202360958154213,53.1
39850000,79699.99996379118,72.14999996317054,-1794034.9225139292,470524.23569679423,-1323510.686817135,310.47672253716104,1621.7181885966645,1.0232185747931175,53.1
39875000,79749.99996361947,72.19999996299883,-1791697.3074561376,469775.8842055539,-1321921.4232505837,309.9829207291372,1623.034819667986,1.0223885239821304,53.1
39900000,79799.99996344776,72.24999996282712,-1789398.9002512246,470431.4312445,-1318967.469006725,310.41548526180054,1624.800398470158,1.0212775521315411,53.1
39925000,79849.99996327604,72.2999999626554,-1791196.130676059,470033.17407798907,-1321162.95659807,310.1526941653926,1621.2050946379377,1.0235424124561745,53.1
39950000,79899.99996310433,72.3499999624837,-1792022.2846471602,470258.4388051241,-1321763.8458420362,310.30133572065813,1623.4615332188705,1.0221197975426524,53.1
39975000,79949.99996293262,72.39999996231198,-1790990.6275620302,471371.2257015858,-1319619.4018604443,311.0356112420542,1619.0868630642233,1.024881500496823,53.1
40000000,79999.9999627609,72.44999996214027,-1792631.7796075596,470198.00404717535,-1322433.7755603842,310.26145767793105,1622.3284412897356,1.0228336823909532,53.1
40025000,80049.9999625892,72.49999996196856,-1791600.3072719406,469939.826377567,-1321660.4808943735,310.09109842624747,1622.485732776913,1.0227345240268526,53.1
40050000,80099.99996241748,72.54999996179684,-1791702.287870407,469710.4845539675,-1321991.8033164395,309.9397665875667,1620.7276913387232,1.0238439082146564,53.1
40075000,80149.99996224577,72.59999996162513,-1792289.95806362,467673.9151656256,-1324616.0428979946,308.5959306255879,1623.91783347413,1.0218325948807252,53.1
40100000,80199.99996207406,72.64999996145342,-1791205.422962321,469244.1420711723,-1321961.2808911486,309.6320492062852,1621.8434785324694,1.0231395295638788,53.1
40125000,80249.99996190234,72.6999999612817,-1792015.6193849472,468617.43404744245,-1323398.1853375048,309.21851417783495,1623.9749567109525,1.021796651970972,53.1
40150000,80299.99996173063,72.74999996110999,-1791788.191663011,470000.1737796344,-1321788.0178833767,310.13091882695386,1620.908179041284,1.0237299034627745,53.1
40175000,80349.99996155892,72.79999996093828,-1795055.3517651008,469545.0674557544,-1325510.2843093465,309.8306156563108,1619.587432806351,1.0245647379324665,53.1
40200000,80399.9999613872,72.84999996076657,-1792619.057659811,471392.69930405694,-1321226.3583557543,311.0497806582298,1622.8587329413313,1.0224994572660344,53.1
40225000,80449.9999612155,72.89999996059485,-1791783.887195889,472761.48594232247,-1319022.4012535664,311.9529783196042,1621.2625708540752,1.0235061263258574,53.1
40250000,80499.99996104378,72.94999996042314,-1792916.0986204194,470301.5764568991,-1322614.5221635203,310.3298002198804,1625.4135750654625,1.0208922818828587,53.1
40275000,80549.99996087207,72.99999996025143,-1790320.255839549,469271.5752452692,-1321048.68059428,309.65015106233466,1625.6736535838368,1.0207289574963767,53.1
40300000,80599.99996070036,73.04999996007972,-1791923.6757631823,469277.9844561573,-1322645.691307025,309.6543801979236,1624.2128643909043,1.0216469836139588,53.1
40325000,80649.99996052864,73.099999959908,-1795493.127847219,470941.1232699234,-1324552.0045772954,310.7518069590717,1621.942931209375,1.0230767937159613,53.1
40350000,80699.99996035693,73.14999995973629,-1792235.9144210098,469379.28906747926,-1322856.6253535305,309.7212263268048,1623.9001831025344,1.021843701305366,53.1
40375000,80749.99996018522,73.19999995956458,-1791055.6124035027,470318.5630776858,-1320737.0493258168,310.3410088887411,1624.3280647967802,1.0215745264855467,53.1
40400000,80799.9999600135,73.24999995939287,-1791381.6658896152,468484.656282765,-1322897.0096068503,309.13090040138025,1621.9322432539032,1.023083535427436,53.1
40425000,80849.99995984179,73.29999995922115,-1793436.9016845906,468385.6999301713,-1325051.2017544194,309.0656037775368,1622.1807289253368,1.0229268194742132,53.1
40450000,80899.99995967008,73.34999995904944,-1792345.5338791553,470048.4444968366,-1322297.0893823188,310.16277039364155,1623.9094396386245,1.021837876637519,53.1
40475000,80949.99995949837,73.39999995887773,-1792231.368230044,468757.31901643646,-1323474.049213607,309.3108176627791,1621.4784855106373,1.0233698371455016,53.1
40500000,80999.99995932665,73.44999995870602,-1790565.8420438657,470467.6247647877,-1320098.2172790775,310.43936765659225,1622.280559630644,1.0228638713575884,53.1
40525000,81049.99995915494,73.4999999585343,-1791282.4910767889,469226.1227479288,-1322056.36832886,309.6201591058429,1620.9856421621275,1.0236809817998305,53.1
40550000,81099.99995898323,73.54999995836259,-1793929.0440459494,468653.4147485519,-1325275.6292973976,309.2422561433014,1624.8731930541455,1.0212317987306845,53.1
40575000,81149.99995881152,73.59999995819088,-1792181.7380117644,471523.6677252464,-1320658.070286518,311.1362005343633,1620.9208021822153,1.0237219310270889,53.1
40600000,81199.9999586398,73.64999995801917,-1794659.7700580396,468725.3691229137,-1325934.400935126,309.28973543688335,1620.3803955091118,1.0240633484895951,53.1
40625000,81249.99995846809,73.69999995784745,-1793767.9880207302,470162.14195414097,-1323605.8460665892,310.237793976332,1617.5846732478692,1.0258332692533385,53.1
40650000,81299.99995829638,73.74999995767574,-1793802.9580416316,470661.7805104306,-1323141.177531201,310.5674818640989,1624.0415117272014,1.0217547776147538,53.1
40675000,81349.99995812467,73.79999995750403,-1792824.573704374,471474.702618586,-1321349.871085788,311.10389077286493,1620.6590070510013,1.0238872991989831,53.1
40700000,81399.99995795295,73.84999995733232,-1790674.4901532754,471473.25542287045,-1319201.234730405,311.1029358367564,1621.7354771655023,1.0232076667350427,53.1
40725000,81449.99995778124,73.8999999571606,-1789640.736155185,469389.6836142301,-1320251.052540955,309.72808519732115,1623.0563444541365,1.022374965183376,53.1
40750000,81499.99995760953,73.94999995698889,-1791337.989248488,470741.5273758911,-1320596.461872597,310.6201030545549,1624.2742273845806,1.0216083871033832,53.1
40775000,81549.99995743782,73.99999995681718,-1792875.4290642664,470215.5958216523,-1322659.833242614,310.2730656591334,1621.988108854515,1.0230482976991997,53.1
40800000,81599.9999572661,74.04999995664546,-1792345.4505549343,472432.7943967146,-1319912.6561582198,311.73609029118023,1624.208556555561,1.0216496932949086,53.1
40825000,81649.99995709439,74.09999995647375,-1791212.9884711755,470320.77882347367,-1320892.2096477018,310.34247095474745,1624.0648817767978,1.0217400747170458,53.1
40850000,81699.99995692268,74.14999995630204,-1791305.7615052108,469779.24778752576,-1321526.513717685,309.9851401980346,1620.994161711527,1.0236756015826156,53.1
40875000,81749.99995675097,74.19999995613033,-1792286.4278375637,468671.2655865061,-1323615.1622510576,309.2540350682581,1623.4256940259154,1.022142362140947,53.1
40900000,81799.99995657925,74.24999995595861,-1795596.27951058,469378.4410394742,-1326217.8384711058,309.72066675317257,1618.0940482345602,1.0255103375866392,53.1
40925000,81849.99995640754,74.2999999557869,-1791864.279940052,469924.27946819394,-1321940.000471858,310.08083975495805,1624.4884615606543,1.0214736595037357,53.1
40950000,81899.99995623583,74.34999995561519,-1792027.9191558072,470655.0743228742,-1321372.844832933,310.56305676763145,1624.4884687104811,1.0214736550079453,53.1
40975000,81949.99995606412,74.39999995544348,-1790357.6701706003,471293.35961248033,-1319064.3105581205,310.9842310870948,1621.7349904438595,1.0232079738242523,53.1
41000000,81999.9999558924,74.44999995527176,-1793611.7369346973,469110.12246033153,-1324501.6144743655,309.5436159941937,1623.5058620753982,1.022091889172921,53.1
41025000,82049.99995572069,74.49999995510005,-1791948.749445526,469449.2820730424,-1322499.4673724836,309.7674114057425,1622.5684000168364,1.0226824173543234,53.1
41050000,82099.99995554898,74.54999995492834,-1790580.879830109,470074.4386512128,-1320506.4411788962,310.17992270853534,1623.3803812843742,1.0221708927756694,53.1
41075000,82149.99995537726,74.59999995475663,-1792520.9366914798,469520.0149539958,-1323000.921737484,309.8140846935095,1621.6799479025474,1.0232427032215317,53.1
41100000,82199.99995520555,74.64999995458491,-1794094.0594469672,469676.32000129967,-1324417.7394456677,309.91722301268885,1622.9211942047134,1.0224601043953363,53.1
41125000,82249.99995503384,74.6999999544132,-1791896.4750252254,469858.6771951873,-1322037.7978300382,310.0375519130812,1621.440891328632,1.0233935646536223,53.1
41150000,82299.99995486213,74.74999995424149,-1793675.2089932924,468913.2374229484,-1324761.9715703442,309.41370085595906,1621.2524532081634,1.023512513654712,53.1
41175000,82349.99995469041,74.79999995406978,-1792362.3671985231,472600.5348413673,-1319761.832357156,311.8467742890312,1624.2505901310085,1.0216232542776011,53.1
41200000,82399.9999545187,74.84999995389806,-1792178.2433138434,469554.8630265532,-1322623.38028729,309.83707929088314,1624.468890141109,1.0214859661041675,53.1
41225000,82449.99995434699,74.89999995372635,-1793963.200911804,473279.4210346575,-1320683.7798771467,312.29473922745,1622.7233710827954,1.022584750563311,53.1
41250000,82499.99995417528,74.94999995355464,-1791449.371991448,470855.4833680339,-1320593.888623414,310.6952972321759,1619.0478904191525,1.0249061707633391,53.1
41275000,82549.99995400356,74.99999995338293,-1791300.2989908122,469379.3981032642,-1321920.900887548,309.72129827437004,1622.8099241512896,1.022530210689824,53.1
41300000,82599.99995383185,75.04999995321121,-1793563.5665277326,469492.0611614719,-1324071.505366261,309.79563930594634,1621.8974847107056,1.0231054609150798,53.1
41325000,82649.99995366014,75.0999999530395,-1795109.0858590389,470345.39302762126,-1324763.6928314175,310.35871270565383,1623.0537657573786,1.0223765895257508,53.1
41350000,82699.99995348843,75.14999995286779,-1794777.4423006875,472374.13253679697,-1322403.3097638907,311.6973821001384,1620.3687226752024,1.0240707256508623,53.1
41375000,82749.99995331671,75.19999995269607,-1793709.9970604973,471503.66819052136,-1322206.328869976,311.12300378588026,1621.551394672202,1.023323823780127,53.1
41400000,82799.999953145,75.24999995252436,-1793580.2372325007,470151.5938905446,-1323428.6433419562,310.2308338072992,1620.1316929020925,1.0242205500465045,53.1
41425000,82849.99995297329,75.29999995235265,-1794858.9613613505,470485.029042643,-1324373.9323187077,310.4508519176285,1619.0709253641242,1.024891589155532,53.1
41450000,82899.99995280158,75.34999995218094,-1791327.1174368532,468976.75289122,-1322350.364545633,309.45561171394104,1620.717058682936,1.0238506251056751,53.1
41475000,82949.99995262986,75.39999995200922,-1791416.0607326552,470157.84086324106,-1321258.219869414,310.234955889567,1621.0042294231168,1.0236692437517532,53.1
41500000,82999.99995245815,75.44999995183751,-1793843.7155272048,470524.7469998669,-1323318.968527338,310.47705992191226,1618.2529959203273,1.0254096101383967,53.1
41525000,83049.99995228644,75.4999999516658,-1792457.809686751,469984.0733140986,-1322473.7363726525,310.12029489009444,1621.3689834255044,1.0234389522773284,53.1
41550000,83099.99995211473,75.54999995149409,-1793200.8250479435,469533.53445450735,-1323667.2905934365,309.823005573436,1621.2584226551692,1.0235087450983702,53.1
41575000,83149.99995194301,75.59999995132237,-1792705.221064033,470744.4260974168,-1321960.7949666162,310.6220157839971,1620.9112739431357,1.0237279487946662,53.1
41600000,83199.9999517713,75.64999995115066,-1792527.3645971194,472296.3146307021,-1320231.0499664173,311.6460337388722,1621.6140149476244,1.023284307089286,53.1
41625000,83249.99995159959,75.69999995097895,-1793727.7624501437,468954.6466490413,-1324773.1158011025,309.4410248486989,1620.198634882906,1.0241782321782296,53.1
41650000,83299.99995142788,75.74999995080724,-1789942.5754728075,472638.8625570328,-1317303.712915775,311.87206493856496,1626.6208040779827,1.0201346063519316,53.1
41675000,83349.99995125616,75.79999995063552,-1792496.6390331425,470855.9450420785,-1321640.693991064,310.69560186907535,1621.4217170909924,1.023405666866884,53.1
41700000,83399.99995108445,75.84999995046381,-1795951.040407761,470520.5845795384,-1325430.455828223,310.4743133373086,1619.2104798001412,1.0248032571137826,53.1
41725000,83449.99995091274,75.8999999502921,-1790093.6355009964,469675.367731821,-1320418.267769175,309.916594655031,1623.110012135869,1.0223411606391168,53.1
41750000,83499.99995074102,75.94999995012039,-1793820.848666246,470806.2424117254,-1323014.6062545206,310.6628054505218,1620.133562267429,1.0242193682659169,53.1
41775000,83549.99995056931,75.99999994994867,-1792541.12724082,471419.238193898,-1321121.889046922,311.06729241833165,1620.7292114776392,1.0238429479154538,53.1
41800000,83599.9999503976,76.04999994977696,-1787911.975128186,470567.1376610604,-1317344.8374671256,310.50503151732653,1624.565675807896,1.0214251097154017,53.1
41825000,83649.99995022589,76.09999994960525,-1790994.3552447036,470111.3173220245,-1320883.037922679,310.2042572018016,1623.7985732844984,1.0219076435665917,53.1
41850000,83699.99995005417,76.14999994943354,-1792670.4066077543,472175.2793653577,-1320495.1272423968,311.5661682831856,1624.4055132523013,1.021525819824168,53.1
41875000,83749.99994988246,76.19999994926182,-1792579.432603363,468937.85051379696,-1323641.582089566,309.429941872252,1620.8589415812585,1.023761001702668,53.1
41900000,83799.99994971075,76.24999994909011,-1793190.0405628448,471505.29036092304,-1321684.750201922,311.124074179521,1620.937275750947,1.0237115269517152,53.1
41925000,83849.99994953904,76.2999999489184,-1792204.4616095852,469933.92553017545,-1322270.5360794098,310.0872047357225,1623.186900209367,1.0222927337806391,53.1
41950000,83899.99994936732,76.34999994874669,-1793326.3310379824,469864.9436028222,-1323461.38743516,310.04168681954707,1623.0071814833198,1.0224059342333904,53.1
41975000,83949.99994919561,76.39999994857497,-1788804.786076962,471000.1570580095,-1317804.6290189526,310.7907605679476,1623.998381950238,1.0217819131440498,53.1
42000000,83999.9999490239,76.44999994840326,-1792445.512224035,470064.8544889574,-1322380.657735078,310.173598572477,1622.649521251128,1.0226312903186343,53.1
42025000,84049.99994885219,76.49999994823155,-1791611.958073222,473106.77715490974,-1318505.1809183124,312.18081968434547,1619.8017968909105,1.0244291473419755,53.1
42050000,84099.99994868047,76.54999994805983,-1791481.8607485108,470630.92048299336,-1320850.9402655174,310.54711878936394,1624.3832171319766,1.0215398411846164,53.1
42075000,84149.99994850876,76.59999994788812,-1789439.2126292782,469677.2585928829,-1319761.9540363953,309.91784234494946,1625.31711554361,1.0209528699246824,53.1
42100000,84199.99994833705,76.64999994771641,-1790959.8471894425,467577.954993738,-1323381.8921957044,308.5326110398973,1622.230122370789,1.0228956735354449,53.1
42125000,84249.99994816534,76.6999999475447,-1794122.070574509,472030.6896340658,-1322091.3809404431,311.47076034778445,1624.9794826219984,1.0211650001724712,53.1
42150000,84299.99994799362,76.74999994737298,-1793030.3983743144,469085.6081733324,-1323944.790200982,309.527440173895,1622.6322741547262,1.0226421599535656,53.1
42175000,84349.99994782191,76.79999994720127,-1791465.1327045802,470349.0599253737,-1321116.0727792066,310.3611323183107,1621.806995590302,1.0231625453360316,53.1
42200000,84399.9999476502,76.84999994702956,-1791756.3856480615,468721.7426047967,-1323034.6430432647,309.28734246884096,1621.9718291137383,1.023058566040973,53.1
42225000,84449.99994747849,76.89999994685785,-1789930.8293061126,470082.185116194,-1319848.6441899186,310.18503423494815,1625.6907338817969,1.0207182332212317,53.1
42250000,84499.99994730677,76.94999994668613,-1792531.047926304,469028.708395968,-1323502.339530336,309.48989469791536,1623.8099055068355,1.0219005118915196,53.1
42275000,84549.99994713506,76.99999994651442,-1791328.9572366597,470063.2265612074,-1321265.7306754524,310.172524379834,1622.7255654237442,1.0225833677665894,53.1
42300000,84599.99994696335,77.04999994634271,-1794553.7865745788,469965.4483010797,-1324588.3382734992,310.10800512357315,1620.234479923829,1.0241555739080224,53.1
42325000,84649.99994679164,77.099999946171,-1793113.6544556273,469088.69236243615,-1324024.9620931912,309.5294752846331,1624.5375618031078,1.0214427863460316,53.1
42350000,84699.99994661992,77.14999994599928,-1791918.438453774,471011.95964914246,-1320906.4788046316,310.79854854045647,1624.5351448659885,1.021444306019517,53.1
42375000,84749.99994644821,77.19999994582757,-1793969.7804707224,468739.830690578,-1325229.9497801445,309.2992779424347,1623.9109929457777,1.021836899226756,53.1
42400000,84799.9999462765,77.24999994565586,-1792381.0864444673,469426.2994041905,-1322954.787040277,309.7522462279282,1622.3991560739971,1.0227891005980478,53.1
42425000,84849.99994610478,77.29999994548415,-1791127.9667365542,472736.4021452206,-1318391.5645913335,311.9364267064839,1621.003812172947,1.0236695072466089,53.1
42450000,84899.99994593307,77.34999994531243,-1793906.936889978,469282.8098605527,-1324624.1270294257,309.6575642544034,1625.749445090803,1.0206813716976384,53.1
42475000,84949.99994576136,77.39999994514072,-1792515.1308337236,470735.7975095764,-1321779.3333241472,310.616322186368,1625.9251973670632,1.0205710424680388,53.1
42500000,84999.99994558965,77.44999994496901,-1792225.9265305642,467532.1811115566,-1324693.7454190075,308.50240701672624,1620.4962653995644,1.0239901251748984,53.1
42525000,85049.99994541793,77.4999999447973,-1791811.337186683,469765.32854281535,-1322046.0086438677,309.97595554578925,1622.2615838435297,1.0228758359182135,53.1
42550000,85099.99994524622,77.54999994462558,-1792011.0947555816,469311.7571241895,-1322699.337631392,309.67666518663714,1627.0342611385718,1.0198753728091468,53.1
42575000,85149.99994507451,77.59999994445387,-1790593.54377581,471898.0960466272,-1318695.447729183,311.3832681011918,1625.1610014336186,1.0210509433761683,53.1
42600000,85199.9999449028,77.64999994428216,-1790591.4742709752,470139.6486362034,-1320451.825634772,310.2229516980764,1624.3038776783462,1.021589738506155,53.1
42625000,85249.99994473108,77.69999994411044,-1794763.1522900313,469273.65265967365,-1325489.4996303576,309.6515218499939,1626.2656103048537,1.020357414642062,53.1
42650000,85299.99994455937,77.74999994393873,-1791899.998644147,471990.4753357586,-1319909.5233083884,311.4442248314596,1628.7698337520046,1.018788621489542,53.1
42675000,85349.99994438766,77.79999994376702,-1791289.4446187587,469570.6888822874,-1321718.7557364714,309.847522025703,1626.3878873960057,1.0202807008780426,53.1
42700000,85399.99994421595,77.84999994359531,-1789766.167137307,469600.1250828183,-1320166.0420544888,309.8669455843029,1624.6290922647142,1.0213852389771068,53.1
42725000,85449.99994404423,77.8999999434236,-1792529.6057601664,471526.35128362855,-1321003.254476538,311.13797128780817,1624.7644746933108,1.0213001327254998,53.1
42750000,85499.99994387252,77.94999994325188,-1792872.3095412096,469554.5889564772,-1323317.7205847325,309.836898444983,1624.0496813250484,1.021749637793154,53.1
42775000,85549.99994370081,77.99999994308017,-1788156.1644392705,468500.7765145559,-1319655.3879247145,309.141537381058,1625.3802240951832,1.0209132294418648,53.1
42800000,85599.9999435291,78.04999994290846,-1792004.6230054842,469947.10596733727,-1322057.517038147,310.0959018837569,1623.9311978186147,1.0218241855818446,53.1
42825000,85649.99994335738,78.09999994273674,-1793793.6913593477,467579.3429805659,-1326214.3483787817,308.53352690685705,1618.0963275742254,1.0255088929962588,53.1
42850000,85699.99994318567,78.14999994256503,-1796321.2800101042,471735.22150272655,-1324586.0585073775,311.275794881454,1618.709600690043,1.0251203631241688,53.1
42875000,85749.99994301396,78.19999994239332,-1790269.2147175297,469294.65576778544,-1320974.5589497443,309.665380809161,1623.2979860452986,1.0222227760502194,53.1
42900000,85799.99994284225,78.2499999422216,-1793414.1387106776,470528.22032321926,-1322885.9183874584,310.4793518039641,1621.3373620609489,1.0234589126735838,53.1
42925000,85849.99994267053,78.2999999420499,-1793963.6967752427,469727.0616880105,-1324236.635087232,309.9507050554633,1620.5077945867483,1.023982839943771,53.1
42950000,85899.99994249882,78.34999994187818,-1792547.910701977,468814.9264885162,-1323732.984213461,309.3488301130804,1621.3305828714258,1.0234631920118085,53.1
42975000,85949.99994232711,78.39999994170647,-1792921.0765371053,470948.537424411,-1321972.5391126943,310.7566992094832,1622.3052365607853,1.02284831254675,53.1
43000000,85999.9999421554,78.44999994153476,-1789122.4168870328,470671.27050190966,-1318451.146385123,310.5737438613092,1621.883796896691,1.0231140953667548,53.1
43025000,86049.99994198368,78.49999994136304,-1791979.4763027783,470900.9892363169,-1321078.4870664617,310.7253244056323,1621.6858248713218,1.023238995003008,53.1
43050000,86099.99994181197,78.54999994119133,-1791808.595351709,470448.0331747649,-1321360.5621769442,310.4264400915529,1622.3938843227709,1.0227924240139872,53.1
43075000,86149.99994164026,78.59999994101962,-1792215.125062253,470939.42239665176,-1321275.7026656016,310.75068463312385,1619.9211377392494,1.0243536768510615,53.1
43100000,86199.99994146854,78.6499999408479,-1794140.150288308,469073.3723707396,-1325066.7779175686,309.5193663456022,1621.3598928284698,1.023444690467317,53.1
43125000,86249.99994129683,78.6999999406762,-1791302.4781282768,469917.4827912601,-1321384.9953370166,310.0763549488238,1622.7234369609905,1.022584709049128,53.1
43150000,86299.99994112512,78.74999994050448,-1793517.6349162636,467871.8497747073,-1325645.7851415563,308.7265383266204,1619.1169822965828,1.0248624353864004,53.1
43175000,86349.9999409534,78.79999994033277,-1793937.035740693,469890.91186769074,-1324046.1238730024,310.05882205117746,1617.389052442088,1.025957342264978,53.1
43200000,86399.9999407817,78.84999994016106,-1793462.2549197124,469666.1819947791,-1323796.0729249334,309.9105334209553,1619.251818003412,1.024777094706624,53.1
43225000,86449.99994060998,78.89999993998934,-1793597.2659432655,470540.92258161295,-1323056.3433616525,310.4877334244115,1626.1314035266755,1.0204416260907256,53.1
43250000,86499.99994043827,78.94999993981763,-1791833.2637250433,470771.32041258697,-1321061.9433124564,310.63976207248857,1624.2603663574669,1.0216171052509453,53.1
43275000,86549.99994026656,78.99999993964592,-1791485.361105658,468922.3552882909,-1322563.0058173672,309.4197173047056,1621.3508109001402,1.0234504232496768,53.1
43300000,86599.99994009484,79.0499999394742,-1793719.287213304,470450.9006554575,-1323268.3865578466,310.4283322066446,1620.0920936817824,1.0242455846327267,53.1
43325000,86649.99993992313,79.09999993930249,-1793015.7080527358,467843.48128096334,-1325172.2267717724,308.70781929730634,1622.221642009708,1.0229010208470792,53.1
43350000,86699.99993975142,79.14999993913078,-1792232.859989036,470685.7901405802,-1321547.0698484555,310.5833246851752,1623.3269490235257,1.0222045378166806,53.1
43375000,86749.9999395797,79.19999993895907,-1791199.1474175388,471418.71002962,-1319780.4373879188,311.0669439076672,1622.2985954422368,1.0228524997271615,53.1
43400000,86799.999939408,79.24999993878735,-1792611.909916346,470401.4629205824,-1322210.4469957636,310.3957105801072,1624.2619273968317,1.0216161233991332,53.1
43425000,86849.99993923628,79.29999993861564,-1792939.5251144692,468763.02629297465,-1324176.4988214946,309.3145836250394,1622.8166432014657,1.022525977043453,53.1
43450000,86899.99993906457,79.34999993844393,-1791042.5481131533,468364.5300171382,-1322678.018096015,309.0516347516796,1625.431604526957,1.020880958036297,53.1
43475000,86949.99993889286,79.39999993827222,-1789632.0443315525,469482.4836567212,-1320149.5606748313,309.7893195628609,1625.3668143961067,1.0209216522416098,53.1
43500000,86999.99993872114,79.4499999381005,-1791652.3332710676,471453.94773305854,-1320198.385538009,311.09019560405886,1623.869370430897,1.021863090632492,53.1
43525000,87049.99993854943,79.49999993792879,-1790178.7710635606,469798.9422116418,-1320379.8288519187,309.9981356184357,1621.4481740615963,1.0233889680823791,53.1
43550000,87099.99993837772,79.54999993775708,-1791723.4484220035,469949.3096649983,-1321774.138757005,310.0973559997733,1623.6643839415187,1.0219921001307883,53.1
43575000,87149.999938206,79.59999993758537,-1792587.2707818607,470540.1424018323,-1322047.1283800283,310.4872186206184,1620.9831389360015,1.023682562633657,53.1
43600000,87199.99993803429,79.64999993741365,-1791772.3050350947,470686.73508512496,-1321085.5699499696,310.58394820945506,1624.1481911264182,1.0216876653977662,53.1
43625000,87249.99993786258,79.69999993724194,-1790569.3441633433,471660.40741411375,-1318908.9367492297,311.2264285974884,1624.193787175839,1.0216589835239336,53.1
43650000,87299.99993769087,79.74999993707023,-1790280.745372749,469127.6420890563,-1321153.1032836926,309.5551763698213,1624.593883458097,1.0214073748202408,53.1
43675000,87349.99993751915,79.79999993689852,-1790908.3722212007,470002.9615725453,-1320905.4106486554,310.1327583598417,1620.2979041972314,1.024115484784314,53.0
43700000,87399.99993734744,79.8499999367268,-1790545.746605886,469615.54254822986,-1320930.2040576562,309.8771188416352,1623.8029679110314,1.0219048778970286,53.0
43725000,87449.99993717573,79.89999993655509,-1794655.6176778954,470115.3668323562,-1324540.2508455392,310.20692928243056,1620.2927186805923,1.024118762320419,53.0
43750000,87499.99993700402,79.94999993638338,-1791172.9245062275,470825.9846028532,-1320346.9399033743,310.67583239011816,1625.7559835679565,1.020677266713928,53.0
43775000,87549.9999368323,79.99999993621167,-1792616.4546628622,469040.8707348063,-1323575.583928056,309.49792005094594,1622.825936271254,1.0225201215754989,53.0
43800000,87599.99993666059,80.04999993603995,-1794543.1661769524,470292.670268679,-1324250.4959082734,310.3239234468704,1620.8629513041508,1.0237584691024124,53.0
43825000,87649.99993648888,80.09999993586824,-1792494.2809693257,469375.1282608038,-1323119.1527085216,309.7184808069746,1621.350873173404,1.0234503839407283,53.0
43850000,87699.99993631717,80.14999993569653,-1792757.6047144253,469862.6681349544,-1322894.936579471,310.04018534576056,1621.7473066919783,1.0232002031418346,53.0
43875000,87749.99993614545,80.19999993552481,-1793172.5428322488,470010.5313674212,-1323162.0114648277,310.1377533099953,1620.9350019860512,1.0237129629619997,53.0
43900000,87799.99993597374,80.2499999353531,-1793843.3319038972,469054.2623968312,-1324789.069507066,309.50675657629233,1617.6897098748973,1.0257666618775,53.0
43925000,87849.99993580203,80.29999993518139,-1792391.351334063,472548.7221550229,-1319842.6291790404,311.8125855441767,1621.4935858744698,1.023360306884629,53.0
43950000,87899.99993563032,80.34999993500968,-1795183.4545496749,471187.0421939047,-1323996.41235577,310.9140772434376,1621.4829850893752,1.0233669973172683,53.0
43975000,87949.9999354586,80.39999993483796,-1795080.4088779492,468498.6172347656,-1326581.7916431837,309.1401125742968,1618.7551410942228,1.025091523434654,53.0
44000000,87999.99993528689,80.44999993466625,-1792209.6489296528,469237.65162069065,-1322971.997308962,309.6277664645252,1623.215239773964,1.022274885666442,53.0
44025000,88049.99993511518,80.49999993449454,-1793007.5031138044,470512.06360068097,-1322495.4395131234,310.4686907457655,1623.403858354206,1.0221561105159709,53.0
44050000,88099.99993494347,80.54999993432283,-1790973.03195051,468119.9145358969,-1322853.1174146133,308.89022454762244,1624.8173699771926,1.021266884705478,53.0
44075000,88149.99993477175,80.59999993415111,-1791759.8761592433,471333.9727737013,-1320425.903385542,311.01102979421995,1623.888419631542,1.0218511035557878,53.0
44100000,88199.99993460004,80.6499999339794,-1789427.9140000362,469422.19094999705,-1320005.7230500393,309.7495352530285,1621.6939762376503,1.0232338517416946,53.0
44125000,88249.99993442833,80.69999993380769,-1792608.981641936,468617.2143387732,-1323991.767303163,309.21836920245994,1617.4319917849568,1.0259301053027363,53.0
44150000,88299.99993425662,80.74999993363598,-1791017.692246745,469913.8157152153,-1321103.8765315302,310.0739352185202,1627.288139050139,1.0197162591134867,53.0
44175000,88349.9999340849,80.79999993346426,-1791052.2426727302,468626.94158017705,-1322425.3010925532,309.2247877496915,1619.07317904986,1.0248901625470348,53.0
44200000,88399.99993391319,80.84999993329255,-1790667.6278962838,469528.11324662896,-1321139.5146496547,309.8194283743747,1624.1187205875055,1.0217062044895937,53.0
44225000,88449.99993374148,80.89999993312084,-1793206.0367684402,470205.8535750926,-1323000.1831933474,310.2666372107081,1621.9104348163362,1.0230972919536467,53.0
44250000,88499.99993356976,80.94999993294913,-1792213.8278290238,468230.5916863884,-1323983.236142635,308.9632551724817,1619.8850580326912,1.0243764922847185,53.0
44275000,88549.99993339805,80.99999993277741,-1792581.5933928378,469988.6864878928,-1322592.906904945,310.1233389056232,1622.0508073837896,1.023008752930718,53.0
44300000,88599.99993322634,81.0499999326057,-1795087.253192897,470698.21910213405,-1324389.034090763,310.5915259699444,1622.0408546187382,1.0230150300634642,53.0
44325000,88649.99993305463,81.09999993243399,-1792075.948061939,471618.6459188426,-1320457.3021430967,311.19887215895375,1626.7833036709255,1.0200327049752054,53.0
44350000,88699.99993288291,81.14999993226228,-1792000.020403536,470977.0436842718,-1321022.9767192642,310.7755091441516,1623.7954245379008,1.0219096251759543,53.0
44375000,88749.9999327112,81.19999993209056,-1792351.8687809345,467826.882430733,-1324524.9863502013,308.69686649992326,1624.6536411830375,1.0213698055935394,53.0
44400000,88799.99993253949,81.24999993191885,-1792399.273538082,470670.36273367575,-1321728.9108044065,310.5731448679212,1622.719294957129,1.0225873192047024,53.0
44425000,88849.99993236778,81.29999993174714,-1793205.2412336357,470191.27309548086,-1323013.9681381548,310.25701624077834,1623.27758037434,1.0222356260654395,53.0
44450000,88899.99993219606,81.34999993157543,-1795141.1452513654,470549.0787610906,-1324592.0664902749,310.4931153020716,1616.551142371235,1.026489128712568,53.0
44475000,88949.99993202435,81.39999993140371,-1791341.6002856295,468682.9216184254,-1322658.6786672045,309.26172633326325,1621.9765863705256,1.0230555654105398,53.0
44500000,88999.99993185264,81.449999931232,-1793342.5480348142,470227.0397683302,-1323115.508266484,310.2806169791035,1621.5934815944809,1.023297264379928,53.0
44525000,89049.99993168093,81.49999993106029,-1793314.797192159,469381.6292398675,-1323933.1679522917,309.72277049604867,1622.2138953008198,1.0229059056014589,53.0
44550000,89099.99993150921,81.54999993088857,-1793970.409719959,471019.2458555672,-1322951.1638643916,310.80335636398365,1622.5587708782884,1.022688486503167,52.9
44575000,89149.9999313375,81.59999993071686,-1790882.1312931916,471966.7887894226,-1318915.3425037689,311.42859519813425,1626.006329307086,1.0205201195982354,52.9
44600000,89199.99993116579,81.64999993054515,-1793230.265938108,469768.174958605,-1323462.0909795028,309.9778337611464,1624.215485490787,1.021645334917211,52.9
44625000,89249.99993099408,81.69999993037344,-1795252.0849436168,471644.04457208025,-1323608.0403715365,311.21563153076886,1621.6844019923738,1.0232398928011388,52.9
44650000,89299.99993082236,81.74999993020172,-1789353.736475626,471239.05006704415,-1318114.686408582,310.94839478284035,1624.1001372258434,1.0217178951085868,52.9
44675000,89349.99993065065,81.79999993003001,-1790654.2049267888,467234.4597682057,-1323419.7451585832,308.3059547621978,1624.2513216243403,1.0216227941821787,52.9
44700000,89399.99993047894,81.8499999298583,-1792407.199557893,471659.1884836355,-1320748.0110742575,311.22562428283004,1620.1069460786805,1.0242361948193068,52.9
44725000,89449.99993030723,81.89999992968659,-1792718.236285963,470691.3324805653,-1322026.903805398,310.5869818135932,1623.7586587019011,1.0219327636894788,52.9
44750000,89499.99993013551,81.94999992951487,-1792952.7511654124,470758.6825924402,-1322194.0685729722,310.63142297179724,1621.7731878680995,1.0231838743328106,52.9
44775000,89549.9999299638,81.99999992934316,-1792076.6209885068,470508.8899994069,-1321567.7309891,310.4665966361587,1621.478328316627,1.02336993635596,52.9
44800000,89599.99992979209,82.04999992917145,-1792317.9557848051,470442.8920872155,-1321875.0636975896,310.4230477306679,1618.0115287368174,1.025562639190481,52.9
44825000,89649.99992962038,82.09999992899974,-1791897.8196931276,471991.18575493817,-1319906.6339381896,311.4446936035265,1624.9410048346904,1.021189180847072,52.9
44850000,89699.99992944866,82.14999992882802,-1795040.0721912682,471077.3279961942,-1323962.744195074,310.84168202564297,1619.5544663288326,1.0245855932300818,52.9
44875000,89749.99992927695,82.19999992865631,-1793649.771770033,468883.003187852,-1324766.768582181,309.3937507120366,1622.2824670962068,1.0228626686831774,52.9
44900000,89799.99992910524,82.2499999284846,-1795581.8996694228,469510.50154987327,-1326071.3981195495,309.8078072474014,1620.2587683640916,1.0241402213347408,52.9
44925000,89849.99992893352,82.29999992831289,-1792057.4782480765,468046.8626771983,-1324010.615570878,308.8420210759556,1623.177791478298,1.0222984705456657,52.9
44950000,89899.99992876181,82.34999992814117,-1792010.5961361397,468991.0327720864,-1323019.5633640534,309.46503433295464,1623.108192871817,1.022342306532244,52.9
44975000,89949.9999285901,82.39999992796946,-1792953.7068784025,469269.2784809285,-1323684.428397474,309.64863553601145,1620.787029187229,1.0238064247614789,52.9
45000000,89999.99992841839,82.44999992779775,-1792450.758058535,470866.23966762127,-1321584.5183909135,310.7023948063053,1623.5281621424697,1.02207785016934,52.9
45025000,90049.99992824667,82.49999992762604,-1793147.509280308,468649.0887335696,-1324498.4205467384,309.2394016103116,1622.5019438006216,1.0227243055037378,52.9
45050000,90099.99992807496,82.54999992745432,-1792393.0152074872,469634.1514661761,-1322758.863741311,309.8893979877781,1622.3616965368751,1.0228127162975331,52.9
45075000,90149.99992790323,82.5999999272826,-1794151.9594209597,468107.3289366071,-1326044.6304843524,308.8819199050085,1621.3482068665733,1.023452067004698,52.9
45100000,90199.99992773154,82.6499999271109,-1791667.3423849463,469620.47620083706,-1322046.8661841094,309.88037432599805,1625.579827004117,1.0207878727863622,52.9
45125000,90249.99992755982,82.69999992693919,-1792702.0822941083,469973.8212771556,-1322728.2610169528,310.1135300550702,1622.6382199394557,1.0226384127164652,52.9
45150000,90299.99992738813,82.74999992676749,-1792010.7845662972,469981.1373681561,-1322029.647198141,310.1183575980176,1623.174064238633,1.022300818015042,52.9
45175000,90349.9999272164,82.79999992659576,-1791869.7397721624,470103.1313969242,-1321766.6083752385,310.1988556964098,1619.5454566257397,1.024591293108372,52.9
45200000,90399.99992704469,82.84999992642405,-1791645.7373521728,470921.21973538096,-1320724.517616792,310.73867355657546,1621.8818593329795,1.023115317619,52.9
45225000,90449.99992687296,82.89999992625232,-1791985.3564542122,469618.6923303855,-1322366.664123827,309.87919723413063,1622.683356430686,1.0226099670498694,52.9
45250000,90499.99992670126,82.94999992608062,-1793127.1279804874,470637.1495514143,-1322489.978429073,310.55122905744594,1621.644636544008,1.0232649843607853,52.9
45275000,90549.99992652956,82.99999992590892,-1792844.3288199212,471458.2272448141,-1321386.1015751073,311.0930194517656,1618.3227862896388,1.0253653892227712,52.9
45300000,90599.99992635784,83.0499999257372,-1792922.280141702,470011.5856514904,-1322910.6944902116,310.1384489822637,1621.0458647457162,1.0236429515905467,52.9
45325000,90649.99992618612,83.09999992556548,-1793644.1610107832,469842.3324541658,-1323801.8285566173,310.02676679036466,1624.6120010619363,1.0213959841287017,52.9
45350000,90699.9999260144,83.14999992539376,-1791815.6716148795,468403.6833452527,-1323411.988269627,309.07747018387875,1622.8095854106143,1.0225304241298832,52.9
45375000,90749.9999258427,83.19999992522206,-1793927.6072320165,469132.9954420327,-1324794.6117899837,309.5587087946373,1617.3386285220577,1.0259893286344794,52.9
45400000,90799.999925671,83.24999992505036,-1793297.4437040482,471259.56559637975,-1322037.8781076684,310.961932011799,1621.3705144788112,1.0234379858482625,52.9
45425000,90849.99992549929,83.29999992487865,-1792032.745569989,470276.695876532,-1321756.049693457,310.3133826998864,1622.105072289752,1.0229745298247526,52.9
45450000,90899.99992532756,83.34999992470692,-1793780.3310845876,470234.44865910936,-1323545.8824254782,310.28550575624234,1620.628147829554,1.0239067955683048,52.9
45475000,90949.99992515583,83.3999999245352,-1792281.574336453,471225.6141028604,-1321055.960233593,310.93952902459154,1624.1520587059117,1.021685232461612,52.9
45500000,90999.99992498412,83.44999992436348,-1792990.3551330138,469555.9011477623,-1323434.4539852515,309.8377642980435,1623.4933418283092,1.0220997714614837,52.9
45525000,91049.99992481242,83.49999992419178,-1794356.997005389,470610.6110106798,-1323746.385994709,310.533717527703,1623.2561523027691,1.0222491202623516,52.9
45550000,91099.99992464072,83.54999992402009,-1794673.5421677968,469279.7953122527,-1325393.7468555442,309.65557509634283,1619.2137937598482,1.0248011597028572,52.9
45575000,91149.999924469,83.59999992384836,-1794238.2681484278,470637.2335429728,-1323601.0346054551,310.5512844795088,1620.3324875160808,1.0240936267319565,52.9
45600000,91199.99992429728,83.64999992367665,-1792798.967582032,469017.5861433245,-1323781.3814387077,309.48255564864644,1619.8355304306112,1.0244078133110426,52.9
45625000,91249.99992412556,83.69999992350492,-1792874.428313068,470905.1246292041,-1321969.303683864,310.72805315610384,1624.1189714453333,1.021706046679111,52.9
45650000,91299.99992395386,83.74999992333322,-1789139.5496507091,471223.0902074805,-1317916.4594432286,310.9378636252218,1626.4947141533771,1.0202136897295062,52.9
45675000,91349.99992378216,83.79999992316152,-1792908.5801395336,469430.7874683875,-1323477.792671146,309.7552076895421,1618.7555516983075,1.0250912634159215,52.9
45700000,91399.99992361043,83.8499999229898,-1794327.028898472,470238.5546598586,-1324088.4742386134,310.2882151122301,1621.7976068904673,1.0231684684956042,52.9
45725000,91449.99992343872,83.89999992281808,-1792393.7880342286,470485.0933744456,-1321908.694659783,310.45089436714693,1620.3838272561682,1.0240611796661825,52.9
45750000,91499.999923267,83.94999992264636,-1793031.5347826043,472373.0352139743,-1320658.49956863,311.696658028629,1620.3230630152302,1.0240995833041218,52.9
45775000,91549.9999230953,83.99999992247466,-1793187.854598593,470430.0877638698,-1322757.7668347233,310.4145987623788,1622.700475735847,1.0225991786312127,52.9
45800000,91599.99992292358,84.04999992230294,-1792795.2560365135,469139.9849469566,-1323655.2710895569,309.5633208388559,1622.158495498089,1.0229408397867066,52.9
45825000,91649.99992275189,84.09999992213125,-1790534.3493773397,471329.00532426784,-1319205.344053072,311.0077520089276,1623.755823949345,1.0219345477794703,52.9
45850000,91699.99992258016,84.14999992195952,-1789623.6562398514,469625.5704465413,-1319998.08579331,309.88373577816145,1625.472191636978,1.0208554672232426,52.9
45875000,91749.99992240845,84.1999999217878,-1794240.4853961903,469811.686087617,-1324428.7993085736,310.00654470035977,1618.0379790092238,1.0255458741877257,52.9
45900000,91799.99992223672,84.24999992161608,-1792572.4875094602,469398.68202312005,-1323173.80548634,309.734022822396,1622.5339640257878,1.0227041223437725,52.9
45925000,91849.99992206502,84.29999992144438,-1794199.5780448448,470222.1868528972,-1323977.3911919475,310.2774147693892,1622.0492255023958,1.0230097506060578,52.9
45950000,91899.99992189332,84.34999992127268,-1795187.6693906735,470054.4250702436,-1325133.24432043,310.16671669159905,1618.1166399073809,1.0254960197102578,52.9
45975000,91949.9999217216,84.39999992110096,-1791209.3289334793,471250.41614950594,-1319958.9127839734,310.9558947238914,1621.335664463374,1.0234599842723937,52.9
46000000,91999.99992154988,84.44999992092924,-1792312.6994118998,468703.7053460721,-1323608.9940658277,309.2754405336217,1623.8368760688152,1.021883538985251,52.9
46025000,92049.99992137816,84.49999992075752,-1789472.8652540343,470718.3063943682,-1318754.558859666,310.6047806254634,1622.1803475182548,1.022927059984791,52.9
46050000,92099.99992120646,84.54999992058582,-1792416.4288924858,470122.3704769005,-1322294.0584155852,310.2115506567168,1622.9244267111756,1.0224580678809798,52.9
46075000,92149.99992103476,84.59999992041412,-1794798.763146181,470638.6101706938,-1324160.1529754868,310.5521928511304,1619.2189985547388,1.02479786559635,52.9
46100000,92199.99992086305,84.64999992024241,-1791555.495063086,470790.2784349201,-1320765.216628166,310.6522715761299,1618.3026846507764,1.0253781257305654,52.9
46125000,92249.99992069132,84.69999992007068,-1791621.4210022558,471485.81827478827,-1320135.6027274674,311.11122546945376,1626.2162697192855,1.0203883730288794,52.9
46150000,92299.9999205196,84.74999991989897,-1794269.6570698144,468508.8224943028,-1325760.8345755115,309.14684654312003,1626.1382314344437,1.020437341411127,52.9
46175000,92349.9999203479,84.79999991972726,-1795256.963903268,470601.7455045861,-1324655.2183986818,310.52786759890705,1622.814640746892,1.0225272387783226,52.9
46200000,92399.99992017618,84.84999991955554,-1791704.977285021,469869.0513284469,-1321835.925956574,310.04439731369865,1622.382321969098,1.022799713225402,52.9
46225000,92449.99992000448,84.89999991938384,-1792607.449839131,471119.3579056621,-1321488.0919334688,310.8694155780301,1621.71721293042,1.0232191903873875,52.9
46250000,92499.99991983276,84.94999991921212,-1793536.2796143843,469679.4892700487,-1323856.7903443356,309.919314263467,1620.9210999292914,1.023721742979557,52.9
46275000,92549.99991966104,84.9999999190404,-1791355.5664607324,469957.0071831638,-1321398.5592775685,310.1024352284939,1620.945157580071,1.0237065491649653,52.9
46300000,92599.99991948932,85.04999991886868,-1792739.130897725,469826.1866527496,-1322912.9442449757,310.01611293849874,1620.8954398684164,1.023737949306997,52.9
46325000,92649.99991931762,85.09999991869698,-1792636.378904757,469902.76384877646,-1322733.6150559806,310.0666426137838,1622.0115603954764,1.0230335061529214,52.9
46350000,92699.9999191459,85.14999991852527,-1793254.2283706628,470730.95568583626,-1322523.2726848265,310.61312729553794,1622.0131558012702,1.0230324999011675,52.9
46375000,92749.9999189742,85.19999991835356,-1792135.2202647878,469715.277377311,-1322419.9428874766,309.94292914534907,1621.6264307806132,1.0232764724075027,52.9
46400000,92799.99991880248,85.24999991818184,-1795229.908997791,470638.4572082492,-1324591.4517895416,310.55209191843693,1620.9260860405443,1.0237185939214068,52.9
46425000,92849.99991863075,85.29999991801012,-1792200.1468395628,471007.9125687897,-1321192.2342707731,310.7958780632558,1619.808861961531,1.0244246791207914,52.9
46450000,92899.99991845906,85.34999991783842,-1791314.4027656382,470309.48514995584,-1321004.9176156824,310.33501879293897,1622.2122604646922,1.0229069364674992,52.9
46475000,92949.99991828734,85.3999999176667,-1792779.1346751256,470743.49637637066,-1322035.638298755,310.621402304985,1619.025648712784,1.0249202506280546,52.9
46500000,92999.99991811565,85.449999917495,-1790669.2323071277,469913.0422956735,-1320756.1900114545,310.0734248754894,1621.3108782725374,1.0234756306699004,52.9
46525000,93049.99991794392,85.49999991732328,-1792066.986866883,470589.32319640135,-1321477.6636704816,310.51967070438184,1619.618027499239,1.0245453838360263,52.9
46550000,93099.9999177722,85.54999991715157,-1792313.29092904,471718.665480066,-1320594.6254489738,311.26487034396166,1623.2760764128543,1.0222365731643546,52.9
46575000,93149.9999176005,85.59999991697985,-1791924.2633485545,469413.89046149264,-1322510.3728870617,309.7440581526566,1622.952457598625,1.0224404084560914,52.9
46600000,93199.99991742878,85.64999991680814,-1791983.6865481492,472225.65755316353,-1319758.0289949856,311.59941047019885,1622.1507675179748,1.0229457131108304,52.9
46625000,93249.99991725708,85.69999991663644,-1793023.589850936,470537.9565715675,-1322485.6332793685,310.4857762944529,1623.526632972651,1.0220788128456333,52.9
46650000,93299.99991708536,85.74999991646472,-1791844.514681931,468874.8390373736,-1322969.675644557,309.3883635746895,1621.859854181192,1.0231291990945182,52.9
46675000,93349.99991691364,85.799999916293,-1791314.7645247132,469517.2841361033,-1321797.48038861,309.8122827557457,1625.1690461051896,1.0210458891207257,52.9
46700000,93399.99991674192,85.84999991612128,-1792273.7072523404,470484.1866975828,-1321789.5205547577,310.4502960939032,1623.0525894031937,1.0223773305226769,52.9
46725000,93449.99991657022,85.89999991594958,-1790905.0053523015,470833.8623927647,-1320071.1429595368,310.6810305716506,1622.9734192476212,1.0224272030414447,52.9
46750000,93499.9999163985,85.94999991577787,-1791738.3779095858,471381.2468002584,-1320357.1311093275,311.04222369181986,1621.2105573222514,1.0235389636203305,52.9
46775000,93549.9999162268,85.99999991560617,-1791845.3655892003,469617.3950580157,-1322227.9705311847,309.8783412253578,1621.9037545189635,1.023101505886892,52.9
46800000,93599.99991605508,86.04999991543444,-1791989.510255416,469970.9634610143,-1322018.5467944017,310.1116443171595,1623.325603998378,1.0222053847760373,52.9
46825000,93649.99991588337,86.09999991526273,-1792891.9063827768,468619.92401702056,-1324271.9823657563,309.2201571911703,1620.6077171209836,1.023919703776209,52.9
46850000,93699.99991571164,86.149999915091,-1794397.230714308,470640.197045186,-1323757.033669122,310.55323995466733,1620.5186889881502,1.0239759559256087,52.9
46875000,93749.99991553994,86.1999999149193,-1794129.5394206727,470893.19047243503,-1323236.3489482375,310.7201783696449,1618.558478567545,1.0252160769134095,52.9
46900000,93799.99991536824,86.2499999147476,-1792515.268026989,470601.3072673331,-1321913.9607596558,310.5275784268396,1620.327614557385,1.024096706581919,52.9
46925000,93849.99991519652,86.29999991457588,-1792464.4563738704,469751.1463198934,-1322713.310053977,309.96659736664134,1620.30091670836,1.024113580718678,52.9
46950000,93899.9999150248,86.34999991440417,-1792833.9390813727,470920.542781066,-1321913.3963003063,310.7382268663924,1623.0407963098055,1.0223847591660995,52.8
46975000,93949.99991485308,86.39999991423244,-1792248.291753078,469639.1311717181,-1322609.1605813596,309.8926838602978,1622.4645098099222,1.02274790210749,52.8
47000000,93999.99991468138,86.44999991406074,-1794066.716713922,469332.7440136397,-1324733.9727002825,309.6905134438753,1623.6777768546003,1.0219836702245828,52.8
47025000,94049.99991450968,86.49999991388904,-1793030.00258106,471207.6486462298,-1321822.35393483,310.9276744681832,1621.4883984378778,1.0233635808005623,52.8
47050000,94099.99991433795,86.54999991371731,-1794896.5271663787,469611.9668976197,-1325284.560268759,309.8747594386584,1621.5889363207457,1.0233001326568845,52.8
47075000,94149.99991416624,86.5999999135456,-1794200.0423181998,470222.3891123347,-1323977.653205865,310.2775482308402,1622.0144065241536,1.0230317110486438,52.8
47100000,94199.99991399451,86.64999991337388,-1792511.4719309865,471225.4232171556,-1321286.0487138308,310.93940306812954,1622.567442707199,1.0226830207337014,52.8
47125000,94249.99991382282,86.69999991320218,-1794617.910736397,468165.9465075288,-1326451.964228868,308.9205988718335,1623.0619379237144,1.0223714418284555,52.8
47150000,94299.9999136511,86.74999991303046,-1792740.900945508,468447.02195062046,-1324293.8789948877,309.1060672828868,1621.7440442328716,1.0232022615115464,52.8
47175000,94349.9999134794,86.79999991285877,-1792493.9680093192,470758.5298729885,-1321735.4381363306,310.6313221994433,1621.9798173098147,1.023053527511926,52.8
47200000,94399.99991330768,86.84999991268704,-1796157.5254351674,471310.112910816,-1324847.4125243514,310.9952857974887,1619.4376981567675,1.0246594700991838,52.8
47225000,94449.99991313597,86.89999991251533,-1794740.3812528076,470599.3042725832,-1324141.0769802243,310.52625674519595,1622.6301701867585,1.02264348595279,52.8
47250000,94499.99991296424,86.9499999123436,-1792856.6028311225,470294.015487688,-1322562.5873434346,310.32481109336624,1623.441576372957,1.0221323623848997,52.8
47275000,94549.99991279254,86.9999999121719,-1791466.944925921,470968.6330418867,-1320498.3118840344,310.76995935843587,1621.8760220888273,1.0231189998819,52.8
47300000,94599.99991262084,87.0499999120002,-1793808.6729542557,471148.1073312982,-1322660.5656229574,310.88838596631007,1622.2676906789543,1.0228719854227462,52.8
47325000,94649.99991244912,87.09999991182848,-1794617.072387647,469134.7940881786,-1325482.2782994683,309.55989563628754,1622.564909973214,1.022684617085272,52.8
47350000,94699.9999122774,87.14999991165676,-1792159.392620149,472389.8634578993,-1319769.5291622498,311.70776219207795,1620.4280945599112,1.0240332040790867,52.8
47375000,94749.99991210568,87.19999991148504,-1791905.0239818403,467823.65810169495,-1324081.3658801457,308.6947389174607,1622.5664814442457,1.0226836266055177,52.8
47400000,94799.99991193398,87.24999991131334,-1792626.2678061733,469403.266061274,-1323223.0017448994,309.7370476126917,1619.9372674792935,1.0243434773459,52.8
47425000,94849.99991176226,87.29999991114163,-1791755.3571181204,469135.28407555766,-1322620.0730425627,309.56021895581927,1625.0874863469237,1.02109713328856,52.8
47450000,94899.99991159057,87.34999991096993,-1792727.0212746467,469523.6159761283,-1323203.4052985185,309.8164608379558,1620.6690459998863,1.0238809569094909,52.8
47475000,94949.99991141884,87.3999999107982,-1793663.7472492373,470600.8340565747,-1323062.9131926626,310.5272661774076,1621.079704610229,1.0236215831540083,52.8
47500000,94999.99991124713,87.44999991062649,-1795230.2686543744,469904.48198608647,-1325325.786668288,310.06777633145526,1621.0992791244332,1.0236092230873075,52.8
47525000,95049.9999110754,87.49999991045476,-1789741.504920085,471360.2518302191,-1318381.253089866,311.02837010258247,1626.2120452517524,1.0203910237272098,52.8
47550000,95099.9999109037,87.54999991028306,-1791719.9986099647,469323.609486152,-1322396.3891238128,309.6844860005661,1622.989327142623,1.0224171816171992,52.8
47575000,95149.999910732,87.59999991011136,-1792696.2425692352,471443.6633632277,-1321252.5792060075,311.08340943408894,1620.2349722040508,1.0241552627361603,52.8
47600000,95199.99991056028,87.64999990993964,-1791635.508117251,470000.8606544752,-1321634.647462776,310.1313720632236,1622.8765867911484,1.0224882083812474,52.8
47625000,95249.99991038856,87.69999990976793,-1792277.7108176807,469010.71139295975,-1323266.9994247209,309.4780193255422,1624.1161753119732,1.0217078056828108,52.8
47650000,95299.99991021684,87.7499999095962,-1793315.817691943,470796.232909912,-1322519.584782031,310.65620065297577,1619.57138225499,1.0245748917479325,52.8
47675000,95349.99991004514,87.7999999094245,-1791116.209450692,469285.5652625526,-1321830.6441881394,309.6593824140587,1627.5691171255671,1.0195402187174425,52.8
47700000,95399.99990987344,87.8499999092528,-1789719.6831959598,469431.7307258538,-1320287.952470106,309.7558301005986,1621.0705694925834,1.0236273515047287,52.8
47725000,95449.99990970171,87.89999990908107,-1793754.2673578486,470417.03979712666,-1323337.2275607218,310.4059890253177,1625.7691484236573,1.020669001660463,52.8
47750000,95499.99990953,87.94999990890936,-1793294.861310495,469862.9563200438,-1323431.9049904512,310.04037550549145,1628.4572722789258,1.0189841648898568,52.8
47775000,95549.99990935827,87.99999990873764,-1790699.8501711814,470607.47258458927,-1320092.377586592,310.5316466285387,1622.5787094215173,1.02267591952045,52.8
47800000,95599.99990918658,88.04999990856594,-1790772.78163517,470845.96226020216,-1319926.8193749678,310.689014702754,1623.3843198706377,1.022168412827953,52.8
47825000,95649.99990901486,88.09999990839422,-1791334.2301662697,470234.04521517694,-1321100.1849510926,310.2852395426441,1622.298113498029,1.0228528035910656,52.8
47850000,95699.99990884317,88.14999990822253,-1792727.542866784,469491.094511357,-1323236.448355427,309.79500145918576,1621.2402477311125,1.023520219149634,52.8
47875000,95749.99990867144,88.1999999080508,-1792297.9962091576,470389.0028448192,-1321908.9933643383,310.38748876454065,1620.7306446794653,1.0238420425376311,52.8
47900000,95799.99990849973,88.24999990787909,-1792039.6244842624,469155.5219472727,-1322884.1025369898,309.5735729716265,1621.319812161168,1.023469991056277,52.8
47925000,95849.999908328,88.29999990770736,-1789460.822350368,468248.0842694028,-1321212.7380809651,308.9747977019222,1620.8401830772748,1.0237728500175292,52.7
47950000,95899.9999081563,88.34999990753566,-1792939.8813050706,470880.1619460518,-1322059.7193590188,310.71158146035924,1621.455790681427,1.0233841608192067,52.7
47975000,95949.9999079846,88.39999990736396,-1794653.9145730892,471857.456497827,-1322796.458075262,311.3564519821492,1621.7559176933416,1.0231947702784498,52.7
48000000,95999.99990781287,88.44999990719224,-1791492.3881087229,471948.2601364184,-1319544.1279723044,311.4163690150361,1622.808325820628,1.022531217796678,52.7
48025000,96049.99990764116,88.49999990702052,-1792841.167929171,468786.2743576847,-1324054.893571486,309.3299239250471,1620.5571820335874,1.0239516334558834,52.7
48050000,96099.99990746944,88.5499999068488,-1794995.7981708394,469232.2248414601,-1325763.573329379,309.62418558919165,1620.7503733671556,1.0238295797548156,52.7
48075000,96149.99990729774,88.5999999066771,-1789290.972012316,471017.0898309205,-1318273.8821813953,310.801933705138,1623.3379947809535,1.022197582380781,52.7
48100000,96199.99990712602,88.64999990650539,-1792372.3644528678,470046.14816541766,-1322326.2162874502,310.16125515298285,1622.7703762819626,1.0225551303529792,52.7
48125000,96249.99990695433,88.69999990633369,-1790439.3169784024,471370.661144186,-1319068.6558342164,311.03523871728737,1623.9165705518278,1.0218333895614349,52.7
48150000,96299.9999067826,88.74999990616196,-1794220.4027935837,470216.0088461389,-1324004.3939474446,310.27333819448694,1621.9993332045883,1.023041218132642,52.7
48175000,96349.99990661089,88.79999990599025,-1792089.1540214382,470260.1257200725,-1321829.0283013657,310.3024488361677,1622.9402328034903,1.0224481099871017,52.7
48200000,96399.99990643916,88.84999990581852,-1791902.1466229483,469670.33165345946,-1322231.814969489,309.91327158475,1620.0745752690618,1.0242566601456398,52.7
48225000,96449.99990626746,88.89999990564682,-1793825.568041236,471321.7691812571,-1322503.798859979,311.0029772198831,1621.8908011257886,1.0231096769894434,52.7
48250000,96499.99990609576,88.94999990547512,-1789956.7631639922,471286.225593266,-1318670.537570726,310.97952368472073,1623.413741226712,1.0221498879257187,52.7
48275000,96549.99990592404,88.9999999053034,-1791586.2134405784,467923.9905240294,-1323662.222916549,308.7609435447409,1618.8124481053155,1.0250552345295538,52.7
48300000,96599.99990575232,89.04999990513168,-1791336.1153173884,467294.0056400714,-1324042.109677317,308.3452462709765,1623.099169837,1.0223479898758117,52.7
48325000,96649.9999055806,89.09999990495996,-1790549.592804471,471117.5489413056,-1319432.0438631654,310.8682219278799,1618.8163765591223,1.0250527469823578,52.7
48350000,96699.9999054089,89.14999990478826,-1792191.3258814812,470470.7879818192,-1321720.537899662,310.4414549141278,1620.9084416234743,1.0237297376216736,52.7
48375000,96749.9999052372,89.19999990461656,-1791865.7651294218,471839.6344905904,-1320026.1306388315,311.3446920812215,1622.8346371421037,1.0225146393068094,52.7
48400000,96799.99990506547,89.24999990444483,-1792428.8610299556,471196.7175661658,-1321232.1434637895,310.9204615646714,1622.7863024723938,1.0225450948925443,52.7
48425000,96849.99990489376,89.29999990427312,-1791710.4385791644,471919.0082989357,-1319791.4302802286,311.397067108905,1623.7077221542152,1.0219648222467177,52.7
48450000,96899.99990472203,89.3499999041014,-1793222.9278797845,469474.6702653799,-1323748.2576144044,309.7841638749037,1620.5995649460583,1.0239248544455752,52.7
48475000,96949.99990455034,89.3999999039297,-1790329.2171106534,471881.5324796629,-1318447.6846309905,311.3723385855697,1622.1716871610597,1.022932521129129,52.7
48500000,96999.99990437862,89.44999990375798,-1792163.992608685,469904.1227961685,-1322259.8698125165,310.06753931899124,1622.4176229987904,1.0227774588548044,52.7
48525000,97049.99990420692,89.49999990358629,-1792140.227019649,469444.7875575453,-1322695.4394621036,309.7644456872204,1625.340909297788,1.0209379239515175,52.7
48550000,97099.9999040352,89.54999990341456,-1791142.8471569428,471098.7375505009,-1320044.109606442,310.8558091794595,1624.2475447053268,1.0216251697970096,52.7
48575000,97149.99990386349,89.59999990324285,-1791833.93820229,467869.7072109811,-1323964.2309913088,308.7251245500004,1625.3959251113288,1.020903367613832,52.7
48600000,97199.99990369176,89.64999990307112,-1792166.0349273458,472302.2456071108,-1319863.7893202351,311.6499473101128,1624.5089609959668,1.02146076968059,52.7
48625000,97249.99990352006,89.69999990289942,-1791604.8705152338,469218.2117812981,-1322386.6587339358,309.6149390325602,1624.0458932573058,1.0217520210120397,52.7
48650000,97299.99990334836,89.74999990272772,-1791514.6698321644,469898.7771828691,-1321615.8926492953,310.0640120012226,1621.616552174346,1.0232827060299703,52.7
48675000,97349.99990317663,89.799999902556,-1793692.3842378063,469097.1813711307,-1324595.2028666756,309.5350767805756,1619.259687378273,1.0247721144337436,52.7
48700000,97399.99990300492,89.84999990238428,-1792064.58568306,469811.2111724268,-1322253.374510633,310.0062313262537,1620.1308695102568,1.024221070581515,52.7
48725000,97449.9999028332,89.89999990221256,-1790723.2818897243,471216.4020052829,-1319506.8798844416,310.9334503964433,1625.9025706370571,1.0205852451551165,52.7
48750000,97499.9999026615,89.94999990204086,-1792212.661681557,470236.9373036315,-1321975.7243779255,310.2871478952358,1617.8756562571746,1.0256487680213815,52.7
48775000,97549.99990248978,89.99999990186915,-1793369.497438388,471232.5393430279,-1322136.95809536,310.94409866353226,1623.2132268443593,1.0222761533787472,52.7
48800000,97599.99990231809,90.04999990169745,-1792823.775483973,473284.1306971572,-1319539.644786816,312.2978469113188,1620.053496632817,1.02426998682504,52.7
48825000,97649.99990214636,90.09999990152572,-1794086.8695083484,470200.8865765752,-1323885.9829317732,310.263359722954,1621.720840606075,1.023216901517902,52.7
48850000,97699.99990197465,90.14999990135401,-1790159.0194611596,473163.4108909229,-1316995.6085702367,312.2181896122013,1621.381356694144,1.0234311420943385,52.7
48875000,97749.99990180292,90.19999990118228,-1791446.377865363,469063.5632006624,-1322382.8146647003,309.51289373750825,1619.7476200750343,1.024463412130271,52.7
48900000,97799.99990163122,90.24999990101058,-1792268.0154456643,468495.8646616827,-1323772.150783982,309.1382962813102,1623.358965313435,1.0221843776441442,52.7
48925000,97849.99990145952,90.29999990083888,-1791811.0695607923,470543.20213410025,-1321267.867426692,310.4892375934455,1624.263164288646,1.0216153454287595,52.7
48950000,97899.9999012878,90.34999990066716,-1791638.9028237313,469646.513168166,-1321992.3896555654,309.8975548911376,1622.249625169757,1.022883376211792,52.7
48975000,97949.99990111608,90.39999990049544,-1792440.1630032528,469349.4174851548,-1323090.745518098,309.7015154803202,1621.8073949465547,1.0231622933909723,52.7
49000000,97999.99990094436,90.44999990032372,-1794444.233108577,470405.9108583181,-1324038.322250259,310.3986455641643,1618.968679485719,1.02495631612779,52.7
49025000,98049.99990077266,90.49999990015202,-1789004.0307324706,469824.7953962141,-1319179.2353362564,310.01519491401336,1621.4004917062575,1.023419064037497,52.7
49050000,98099.99990060096,90.54999989998032,-1792916.143742581,470345.719058441,-1322570.42468414,310.3589278379949,1620.131769707677,1.0242205014912822,52.7
49075000,98149.99990042923,90.5999998998086,-1787925.7269732133,470331.5712191941,-1317594.1557540193,310.34959234701034,1620.5607189452403,1.0239493986575063,52.7
49100000,98199.99990025752,90.64999989963688,-1791294.947268379,469715.8128018426,-1321579.1344665363,309.9432824467119,1621.2946539179193,1.0234858726277918,52.7
49125000,98249.9999000858,90.69999989946515,-1789924.045447823,470516.9022770168,-1319407.143170806,310.47188355977204,1618.1911564244565,1.0254487963699492,52.7
49150000,98299.9998999141,90.74999989929346,-1792319.02300027,469134.50722489087,-1323184.5157753793,309.5597063487512,1620.0141927932366,1.0242948370661231,52.7
49175000,98349.99989974238,90.79999989912174,-1791994.165065229,470825.9518780235,-1321168.2131872054,310.6758107965485,1623.654959802829,1.0219980320532287,52.7
49200000,98399.99989957068,90.84999989895005,-1791585.9105330815,470064.3495674709,-1321521.560965611,310.173265398633,1620.9964038048663,1.023674185678026,52.7
49225000,98449.99989939896,90.89999989877832,-1790512.159227383,468755.28827553353,-1321756.8709518495,309.3094776727594,1622.6454248805758,1.0226338719526988,52.7
49250000,98499.99989922724,90.9499998986066,-1790438.1252197186,468033.1240761006,-1322405.001143618,308.83295562189926,1621.5830977282271,1.0233038171011213,52.7
49275000,98549.99989905552,90.99999989843488,-1793263.979593316,470130.2846678877,-1323133.6949254284,310.21677285760006,1621.1823289876208,1.0235567856751702,52.7
49300000,98599.99989888382,91.04999989826318,-1790859.5707814666,471204.0446293619,-1319655.5261521046,310.9252963476525,1624.3766320341897,1.0215439824284724,52.7
49325000,98649.9998987121,91.09999989809147,-1792048.4377004588,469480.6316311347,-1322567.806069324,309.7880974986386,1623.2414574540333,1.022258374459331,52.7
49350000,98699.9998985404,91.14999989791976,-1791514.1423736643,470060.25212787336,-1321453.890245791,310.170561691745,1622.707211718886,1.0225949337429956,52.7
49375000,98749.99989836868,91.19999989774804,-1793624.225322015,472327.9935267895,-1321296.2317952253,311.6669371463582,1621.1339628672529,1.0235873232321109,52.7
49400000,98799.99989819695,91.24999989757632,-1790702.5933688898,468935.581174322,-1321767.0121945678,309.42844444230246,1622.9007051755975,1.0224730128960118,52.7
49425000,98849.99989802526,91.29999989740462,-1793744.144212177,466265.6951772165,-1327478.4490349605,307.66671275870146,1622.6943756824846,1.022603022799068,52.7
49450000,98899.99989785354,91.3499998972329,-1791598.0794706177,469830.6041091488,-1321767.4753614687,310.0190278093614,1624.2406696602966,1.0216294941063178,52.7
49475000,98949.99989768185,91.3999998970612,-1792670.103367989,469301.3422752802,-1323368.761092709,309.6697929196852,1621.0462440933509,1.0236427120436902,52.7
49500000,98999.99989751012,91.44999989688948,-1790189.989886413,470694.6269782225,-1319495.3629081908,310.5891556970139,1623.4705143949022,1.022114143089586,52.7
49525000,99049.9998973384,91.49999989671777,-1791681.230499379,470011.5067352443,-1321669.723764135,310.1383969091598,1624.7023498339447,1.0213391848799591,52.7
49550000,99099.9998971667,91.54999989654605,-1793255.3908343352,468402.4596303852,-1324852.93120395,309.07666271222786,1621.4017007476848,1.023418300897773,52.7
49575000,99149.99989699498,91.59999989637434,-1793464.525635899,468730.5180512027,-1324734.0075846964,309.2931329715022,1621.065014056992,1.023630859504575,52.7
49600000,99199.99989682328,91.64999989620264,-1790347.8623712622,469369.38288893184,-1320978.4794823304,309.71468970740256,1626.8133227214482,1.0200138826476048,52.7
49625000,99249.99989665156,91.69999989603092,-1790176.646270481,470463.00245208206,-1319713.643818399,310.43631761072743,1620.8629417343868,1.0237584751468018,52.7
49650000,99299.99989647984,91.7499998958592,-1790543.010198501,468834.6503927748,-1321708.3598057262,309.3618449860353,1621.9115984931602,1.0230965579095668,52.7
49675000,99349.99989630812,91.79999989568748,-1789240.7490575584,469976.2779458588,-1319264.4711116997,310.1151510947308,1625.170857274077,1.021044751217878,52.7
49700000,99399.99989613642,91.84999989551578,-1790636.3999832962,471079.9238358355,-1319556.4761474608,310.8433948976332,1622.5392686856137,1.022700778759074,52.7
49725000,99449.9998959647,91.89999989534407,-1789995.0443689218,471896.7606195541,-1318098.2837493676,311.38238691593205,1619.3041435340592,1.024743980479448,52.7
49750000,99499.999895793,91.94999989517235,-1790714.9842616282,470209.32798644505,-1320505.6562751832,310.2689298106799,1620.1199391547498,1.0242279806257335,52.7
49775000,99549.99989562128,91.99999989500064,-1791514.3095220784,470358.6538027734,-1321155.655719305,310.36746286493405,1619.5535722532454,1.0245861588532148,52.7
49800000,99599.99989544955,92.04999989482891,-1789517.6206268445,470463.5490251319,-1319054.0716017126,310.436678268471,1623.55726734277,1.022059527575398,52.7
49825000,99649.99989527786,92.09999989465722,-1791739.9618265573,470573.8591142921,-1321166.1027122652,310.5094666868922,1618.0622601696443,1.025530484517932,52.7
49850000,99699.99989510614,92.1499998944855,-1792705.6982648466,471298.4726107197,-1321407.2256541268,310.98760491317057,1620.689293624721,1.023868165341377,52.7
49875000,99749.99989493444,92.1999998943138,-1791110.7018643618,469702.04147953657,-1321408.6603848252,309.9341954014756,1622.372207468181,1.022806089757612,52.7
49900000,99799.99989476272,92.24999989414208,-1790899.836575386,470793.3032166545,-1320106.5333587315,310.65426748675054,1623.287406589188,1.0222294381859267,52.7
49925000,99849.999894591,92.29999989397037,-1789089.839524934,470002.0674071647,-1319087.772117769,310.1321683423342,1621.9084346134453,1.0230985536784871,52.7
49950000,99899.99989441928,92.34999989379864,-1791471.8156626886,471387.55888542166,-1320084.256777267,311.04638873872966,1619.9583883850046,1.0243301220263097,52.7
49975000,99949.99989424758,92.39999989362694,-1792629.467780416,470476.772689944,-1322152.6950904718,310.44540394039035,1621.5652089898256,1.0233151059559806,52.7
50000000,99999.99989407588,92.44999989345524,-1790572.2050785115,468769.12280621513,-1321803.0822722963,309.3186064262178,1622.2197246731805,1.0229022298358872,52.7
50025000,100049.99989390415,92.49999989328352,-1792375.2700377237,471398.39450927934,-1320976.8755284443,311.05353865519885,1622.1818716903651,1.0229260988614284,52.7
50050000,100099.99989373244,92.5499998931118,-1793534.7115468187,467934.40665946575,-1325600.304887353,308.7678166606113,1621.859965505197,1.0231291288672224,52.7
50075000,100149.99989356071,92.59999989294008,-1790528.7013236592,471163.76385815634,-1319364.9374655029,310.8987169690012,1621.3308548557354,1.0234630203220334,52.7
50100000,100199.99989338902,92.64999989276838,-1793316.469499954,471034.0868150088,-1322282.3826849451,310.8131492122519,1623.299639088188,1.0222217350975509,52.7
50125000,100249.9998932173,92.69999989259667,-1793961.515094,469989.5550544189,-1323971.960039581,310.12391203165555,1619.7962667772736,1.0244326448247851,52.7
50150000,100299.9998930456,92.74999989242497,-1793046.461594387,469634.3115072865,-1323412.1500871005,309.8895035913489,1621.532463420751,1.0233357709973805,52.7
50175000,100349.99989287388,92.79999989225324,-1790792.8712085392,471718.2650725608,-1319074.6061359784,311.26460613395835,1621.3608738321911,1.0234440712325332,52.7
50200000,100399.99989270217,92.84999989208153,-1792104.8375795595,467509.867678149,-1324594.9699014104,308.4876834357769,1622.5511794147742,1.0226932713767842,52.7
50225000,100449.99989253044,92.8999998919098,-1792175.4263746869,468988.7577695091,-1323186.6686051777,309.46353316619127,1617.565903310462,1.0258451728340303,52.7
50250000,100499.99989235874,92.9499998917381,-1792328.9890788505,471810.2710601249,-1320518.7180187255,311.3253165401511,1623.4093164803526,1.0221526738860736,52.7
50275000,100549.99989218704,92.9999998915664,-1792418.53922858,470537.1354783535,-1321881.4037502264,310.48523449381725,1621.8829198520543,1.0231146486229232,52.7
50300000,100599.99989201532,93.04999989139468,-1791476.004734545,471030.9811641899,-1320445.023570355,310.8110999399415,1619.4170681460746,1.0246725233985718,52.7
50325000,100649.9998918436,93.09999989122296,-1792464.0894051753,471302.1179980943,-1321161.971407081,310.99001033214495,1623.845349297537,1.021878206794623,52.7
50350000,100699.99989167188,93.14999989105124,-1790256.1305204872,468509.5138410119,-1321746.6166794752,309.1473027301643,1623.7327486281547,1.0219490707777568,52.7
50375000,100749.99989150018,93.19999989087954,-1790658.0113536716,471191.4421457878,-1319466.5692078837,310.91698056389674,1621.773893612037,1.0231834290760342,52.7
50400000,100799.99989132848,93.24999989070784,-1791923.450020285,470000.0117503155,-1321923.4382699698,310.1308119114582,1623.1748672295464,1.0223003122788556,52.7
50425000,100849.99989115677,93.29999989053613,-1791166.1735277837,473695.2044133889,-1317470.9691143949,312.5690950436233,1622.7690729564206,1.0225559516172251,52.7
50450000,100899.99989098504,93.3499998903644,-1791162.2553798724,469539.1221771444,-1321623.133202728,309.8266926477229,1625.6517208648668,1.020742728811033,52.7
50475000,100949.99989081331,93.39999989019267,-1791550.538962246,470106.1633473366,-1321444.3756149097,310.20085633730247,1622.9888410327212,1.022417487846733,52.7
50500000,100999.9998906416,93.44999989002096,-1792238.1488692304,469114.4350419442,-1323123.713827286,309.54646166313745,1622.3861169229433,1.022797320775378,52.7
50525000,101049.9998904699,93.49999988984926,-1794916.17739317,470719.7810790169,-1324196.3963141532,310.6057537002208,1620.1973195760954,1.0241790636254784,52.7
50550000,101099.9998902982,93.54999988967757,-1792116.5729514696,471862.6089549559,-1320253.9639965135,311.3598518452828,1620.7396935508364,1.023836326249578,52.7
50575000,101149.99989012648,93.59999988950584,-1792873.2860949151,470999.79208710336,-1321873.494007812,310.7905197408824,1622.7776881743084,1.022550522936273,52.7
50600000,101199.99988995476,93.64999988933413,-1791320.1934993276,471437.8331182195,-1319882.3603811082,311.0795623307425,1624.369346751195,1.0215485640447273,52.7
50625000,101249.99988978304,93.6999998891624,-1793208.7626087358,469190.0658497292,-1324018.6967590067,309.59636686151504,1620.4005285913631,1.0240506247516907,52.7
50650000,101299.99988961134,93.7499998889907,-1790674.0506607955,469678.52721729095,-1320995.5234435047,309.91867945028537,1620.4492663723215,1.0240198246790966,52.7
50675000,101349.99988943964,93.799999888819,-1793530.4011598872,470498.4881739634,-1323031.9129859237,310.45973296277674,1618.2912603551376,1.0253853643674764,52.7
50700000,101399.99988926791,93.84999988864728,-1790201.7145353977,470134.58307340834,-1320067.1314619891,310.2196091724101,1623.8875488108274,1.0218516515303742,52.7
50725000,101449.9998890962,93.89999988847556,-1790104.9332148088,470452.2323167016,-1319652.7008981071,310.4292109070116,1621.240727031554,1.023519916558116,52.7
50750000,101499.99988892447,93.94999988830384,-1793220.106314001,471730.6380917864,-1321489.4682222144,311.27277050502704,1619.4618180666716,1.0246442090452796,52.7
50775000,101549.99988875278,93.99999988813214,-1791461.003218758,470117.0516805481,-1321343.9515382098,310.2080410341851,1617.768341768559,1.0257168043218812,52.7
50800000,101599.99988858106,94.04999988796042,-1793514.395582485,471423.79691454896,-1322090.598667936,311.0703005028027,1618.6687964992502,1.0251462048571862,52.7
50825000,101649.99988840937,94.09999988778873,-1791323.8961880803,470555.7162876468,-1320768.1799004334,310.4974950923876,1624.6137463219063,1.0213948868823384,52.7
50850000,101699.99988823764,94.149999887617,-1792973.9900846193,470738.3650628103,-1322235.625021809,310.61801639349375,1621.108777298473,1.0236032256991707,52.7
50875000,101749.99988806593,94.19999988744529,-1788086.4990588585,470834.4010757493,-1317252.0979831093,310.6813860231127,1622.9202423774884,1.0224607040584242,52.7
50900000,101799.9998878942,94.24999988727356,-1793755.745837057,470944.5645760569,-1322811.1812610002,310.7540777144728,1621.2352309301148,1.0235233863626076,52.7
50925000,101849.9998877225,94.29999988710186,-1790829.906821562,467849.3444192854,-1322980.5624022766,308.71168810539723,1622.725307251092,1.022583530457748,52.7
50950000,101899.9998875508,94.34999988693016,-1789958.1485189237,471030.1135406887,-1318928.034978235,310.81052743616675,1623.3108434407875,1.02221467955868,52.7
50975000,101949.99988737908,94.39999988675844,-1790181.4915929427,468430.1959049489,-1321751.2956879938,309.09496456996146,1621.7929035794514,1.023171435754567,52.7
51000000,101999.99988720736,94.44999988658672,-1791917.354072528,470778.7045942789,-1321138.649478249,310.64463454526765,1621.0340865557434,1.0236503892263429,52.7
51025000,102049.99988703564,94.499999886415,-1792699.3142211055,469174.8940770085,-1323524.420144097,309.5863557251866,1623.840509333985,1.021881252569899,52.7
51050000,102099.99988686394,94.5499998862433,-1793094.2127076285,471519.2997741399,-1321574.9129334886,311.1333183297056,1620.901897557188,1.0237338707251469,52.7
51075000,102149.99988669224,94.5999998860716,-1794323.248176844,468871.0457776774,-1325452.2023991663,309.38586058175343,1621.437939091209,1.0233954280001665,52.7
51100000,102199.99988652053,94.64999988589989,-1794596.694500411,468383.7770125687,-1326212.9174878425,309.06433493502107,1618.5408190735236,1.025227262789581,52.7
51125000,102249.9998863488,94.69999988572816,-1793244.8720295448,471206.379586594,-1322038.4924429508,310.9268370756611,1622.6113159370846,1.0226553687588704,52.7
51150000,102299.99988617707,94.74999988555643,-1791827.2278086953,469566.11863313394,-1322261.1091755617,309.8445063341175,1620.8014194471348,1.023797334912242,52.7
51175000,102349.99988600536,94.79999988538472,-1791242.3845694382,471614.3455735341,-1319628.038995904,311.1960345641693,1620.786048547046,1.0238070442051868,52.7
51200000,102399.99988583366,94.84999988521302,-1790522.8588573886,470127.3057249527,-1320395.553132436,310.2148071938384,1621.5721194733644,1.0233107450015035,52.7
51225000,102449.99988566196,94.89999988504132,-1793569.645702019,471431.4360214116,-1322138.2096806078,311.0753411886631,1622.8446766922189,1.0225083136324475,52.7
51250000,102499.99988549024,94.9499998848696,-1789550.181422404,471016.1302093813,-1318534.0512130228,310.8013004962026,1625.8006445703816,1.0206492285469877,52.7
51275000,102549.99988531852,94.99999988469789,-1794446.8153682882,469377.60404795,-1325069.2113203383,309.72011446199275,1621.3023195101318,1.0234810335393378,52.7
51300000,102599.9998851468,95.04999988452616,-1791161.3938761717,470368.7770124829,-1320792.6168636887,310.3741426929508,1623.1189347970746,1.0223355405926633,52.7
51325000,102649.9998849751,95.09999988435446,-1790448.3576397495,471205.3447445425,-1319243.012895207,310.9261542322619,1622.2735025171391,1.0228683209565177,52.7
51350000,102699.9998848034,95.14999988418276,-1792415.939790659,470000.00615418266,-1322415.933636476,310.13080821883443,1622.1008090422638,1.0229772184329886,52.7
51375000,102749.99988463167,95.19999988401104,-1793189.2551698517,470293.479754648,-1322895.7754152038,310.32445758843323,1627.2199987767233,1.019758960005041,52.7
51400000,102799.99988445996,95.24999988383932,-1793883.3282091925,470968.43913622695,-1322914.8890729656,310.7698314092483,1624.411364243287,1.0215221403754182,52.7
51425000,102849.99988428823,95.2999998836676,-1793948.6786521643,472225.476902272,-1321723.2017498924,311.59929126720675,1621.1060758663964,1.02360493144479,52.7
51450000,102899.99988411654,95.3499998834959,-1792289.7443315573,470644.3561180207,-1321645.3882135367,310.555984330418,1621.0050061310292,1.023668753258511,52.7
51475000,102949.99988394482,95.39999988332418,-1793778.056208795,471011.7123615353,-1322766.3438472596,310.79838536704267,1623.8902841798565,1.02184993026793,52.7
51500000,102999.99988377313,95.44999988315249,-1791321.1582867503,471008.1209004328,-1320313.0373863175,310.7960155314686,1621.4574739382654,1.0233830984303285,52.7
51525000,103049.9998836014,95.49999988298076,-1790900.763289256,469478.33480662055,-1321422.4284826354,309.7865819326097,1623.8160580836725,1.0218966399496283,52.7
51550000,103099.99988342969,95.54999988280905,-1790871.6521168472,466923.7041812437,-1323947.9479356036,308.100901825855,1623.2425336878891,1.0222576966868793,52.7
51575000,103149.99988325796,95.59999988263732,-1792224.7950265557,468372.1060903433,-1323852.6889362123,309.0566338446061,1621.8615777294049,1.023128111817696,52.7
51600000,103199.99988308626,95.64999988246562,-1791181.2888971148,470171.6548593989,-1321009.6340377158,310.2440710932629,1623.788440108974,1.021914020733263,52.7
51625000,103249.99988291456,95.69999988229392,-1795530.8495074809,469020.02698505,-1326510.822522431,309.4841662448319,1618.8970065934734,1.0250016936801007,52.7
51650000,103299.99988274284,95.7499998821222,-1793446.74083181,471687.0565917419,-1321759.684240068,311.24401313129255,1620.61978774339,1.0239120774666868,52.7
51675000,103349.99988257112,95.79999988195048,-1791354.2930856803,470917.5956775988,-1320436.6974080815,310.73628221199186,1621.965794209183,1.02306237257057,52.7
51700000,103399.9998823994,95.84999988177876,-1793315.804364304,469938.8721455712,-1323376.9322187328,310.09046877361726,1619.755905859004,1.0244581715366192,52.7
51725000,103449.9998822277,95.89999988160706,-1792002.640852564,471563.8350350415,-1320438.8058175226,311.1627050451881,1619.6677175172724,1.0245139516613595,52.7
51750000,103499.99988205598,95.94999988143535,-1790844.0577750886,470418.9697038361,-1320425.0880712525,310.40726247961504,1622.3451101520575,1.02282317323743,52.7
51775000,103549.99988188429,95.99999988126365,-1794112.6883930685,471087.0774113034,-1323025.6109817652,310.84811520425546,1623.342787799639,1.022194564280014,52.7
51800000,103599.99988171256,96.04999988109192,-1791006.5366297085,469421.1110850561,-1321585.4255446524,309.7488227011508,1621.126156668608,1.0235922521057477,52.7
51825000,103649.99988154085,96.09999988092021,-1792480.8282071128,469221.3112598282,-1323259.5169472846,309.6169842320688,1622.5169448064723,1.0227148498901373,52.7
51850000,103699.99988136912,96.14999988074848,-1794919.495723064,470077.978064649,-1324841.517658415,310.18225820031245,1622.9545090686108,1.0224391160564592,52.7
51875000,103749.99988119742,96.19999988057678,-1794179.6442579078,470847.15179405455,-1323332.4924638532,310.6897996199672,1622.4172512856967,1.0227776931840271,52.7
51900000,103799.99988102572,96.24999988040508,-1795528.7931805514,469830.79883753695,-1325697.9943430144,310.0191563014285,1621.9797571610252,1.0230535654503967,52.7
51925000,103849.999880854,96.29999988023336,-1792454.555802191,470447.4643877104,-1322007.0914144802,310.42606477583666,1624.579632295693,1.021416334825703,52.7
51950000,103899.99988068228,96.34999988006165,-1793728.482344117,468853.7807884634,-1324874.7015556537,309.3744682307136,1618.1833879038809,1.0254537193101634,52.7
51975000,103949.99988051056,96.39999987988992,-1793868.6701703882,468818.8780790215,-1325049.7920913666,309.35143758104016,1621.4567549715102,1.0233835522064918,52.7
52000000,103999.99988033886,96.44999987971822,-1791964.4024865553,470675.86470166326,-1321288.537784892,310.57677535676464,1623.436290176264,1.0221356906292822,52.7
52025000,104049.99988016716,96.49999987954652,-1790060.4541117763,468305.2694042958,-1321755.1847074805,309.0125314718589,1623.6800492402776,1.02198223992983,52.7
52050000,104099.99987999543,96.5499998793748,-1794294.5162200686,470036.6685877997,-1324257.847632269,310.1550000273877,1624.273973861003,1.0216085465603577,52.7
52075000,104149.99987982372,96.59999987920308,-1791232.1658444311,470123.2254586271,-1321108.940385804,310.2121148187815,1622.7956267305217,1.0225392195535583,52.7
52100000,104199.999879652,96.64999987903136,-1792544.8954896135,470328.4926064636,-1322216.40288315,310.3475609158576,1619.7387923358472,1.0244689955588162,52.7
52125000,104249.9998794803,96.69999987885966,-1794235.743977734,469063.0122082332,-1325172.7317695008,309.5125301636249,1620.1217254700257,1.0242268513315211,52.7
52150000,104299.99987930858,96.74999987868794,-1796259.2922446765,470465.7083508972,-1325793.5838937792,310.4381031055689,1621.0547939832427,1.0236373130698189,52.7
52175000,104349.99987913689,96.79999987851625,-1791801.036968438,472104.8319211557,-1319696.2050472824,311.519683341651,1621.2527132284729,1.0235123495013765,52.7
52200000,104399.99987896516,96.84999987834452,-1793161.134399537,470100.3255613664,-1323060.8088381705,310.1970042580313,1620.5280444883083,1.0239700443912478,52.7
52225000,104449.99987879345,96.8999998781728,-1791715.003838446,471110.5446910864,-1320604.4591473597,310.86360015393734,1619.4828414647502,1.0246309075748694,52.7
52250000,104499.99987862172,96.94999987800108,-1793564.6384091396,470821.7644330228,-1322742.8739761168,310.67304769934543,1619.8411957846688,1.024404230470344,52.7
52275000,104549.99987845002,96.99999987782938,-1793845.738901441,471105.156954777,-1322740.581946664,310.8600450411837,1622.9069758782969,1.0224690621925043,52.7
52300000,104599.99987827832,97.04999987765768,-1792713.950007907,467367.8379652476,-1325346.1120426594,308.39396473561425,1623.119245423046,1.0223353449422383,52.7
52325000,104649.9998781066,97.09999987748596,-1793944.9299154924,470867.67096043687,-1323077.2589550556,310.70333924884125,1622.0818676535655,1.0229891639515905,52.7
52350000,104699.99987793488,97.14999987731424,-1791417.7637075614,469372.25988519454,-1322045.503822367,309.7165881013696,1619.4052416735165,1.024680006554219,52.7
52375000,104749.99987776316,97.19999987714252,-1793442.6767671602,471113.556487988,-1322329.1202791722,310.86558749648003,1622.78810386782,1.02254395980408,52.7
52400000,104799.99987759146,97.24999987697082,-1791827.616079582,471410.50662182353,-1320417.1094577585,311.06153086626995,1621.3670112806751,1.023440197134183,52.7
52425000,104849.99987741974,97.2999998767991,-1792900.5977614615,470562.5246674254,-1322338.0730940362,310.5019876206764,1621.4581919601474,1.0233826452509234,52.7
52450000,104899.99987724805,97.34999987662741,-1790726.4383875858,470843.1295838279,-1319883.308803758,310.6871455533883,1622.696351540474,1.0226017776379814,52.7
52475000,104949.99987707632,97.39999987645568,-1792010.840358751,470861.76738841913,-1321149.0729703316,310.699443760464,1622.9385940570587,1.022449142394118,52.7
52500000,104999.9998769046,97.44999987628397,-1791032.8318503937,470713.6578719421,-1320319.1739784516,310.6017132850418,1623.9994286906178,1.0217812545598353,52.7
52525000,105049.9998767329,97.49999987611226,-1793166.8240516568,471740.3777753763,-1321426.4462762806,311.2791972622695,1621.7736466091687,1.0231835849111235,52.7
52550000,105099.99987656118,97.54999987594054,-1796180.9476526426,470615.9912823177,-1325564.9563703248,310.5372677148724,1623.1583561501586,1.0223107113145076,52.7
52575000,105149.99987638948,97.59999987576884,-1791867.876025863,468417.2058505273,-1323450.6701753356,309.0863930465065,1625.017879122116,1.0211408717228383,52.7
52600000,105199.99987621776,97.64999987559712,-1791620.1013722615,469218.13940155815,-1322401.9619707034,309.61489127258795,1617.5899960921752,1.025829893644693,52.7
52625000,105249.99987604604,97.6999998754254,-1793630.793623698,470243.3471096536,-1323387.4465140444,310.2913774235255,1622.044051255829,1.0230130139605185,52.7
52650000,105299.99987587432,97.74999987525368,-1793219.8666853998,470469.3509954233,-1322750.5156899765,310.4405067146671,1621.0529571110842,1.0236384729892851,52.7
52675000,105349.99987570262,97.79999987508198,-1790543.004384377,470003.04699119454,-1320539.9573931824,310.1328147235745,1622.85424045712,1.022502287811473,52.7
52700000,105399.9998755309,97.84999987491027,-1790597.7840601662,471547.5903138565,-1319050.1937463095,311.1519859208383,1622.8785995274152,1.022486940264766,52.7
52725000,105449.9998753592,97.89999987473855,-1792425.8294143528,469216.3832476195,-1323209.4461667333,309.6137324695386,1621.451878886136,1.0233866297604026,52.7
52750000,105499.99987518748,97.94999987456684,-1791014.919920731,472574.3925731306,-1318440.5273476008,311.82952424079554,1622.476528935231,1.0227403257050118,52.7
52775000,105549.99987501575,97.99999987439512,-1790210.4650679687,470185.4431223275,-1320025.0219456411,310.25316931681607,1625.9161694082893,1.0205767092259383,52.7
52800000,105599.99987484406,98.04999987422342,-1788779.3144108625,470063.87224385137,-1318715.442167011,310.1729504353182,1623.2892363126514,1.022228285959234,52.7
52825000,105649.99987467234,98.0999998740517,-1793950.3954126034,468667.9876693148,-1325282.407743289,309.2518721255039,1621.266724155199,1.023503504345722,52.7
52850000,105699.99987450065,98.14999987388,-1789868.4630135186,469483.3715166372,-1320385.0914968816,309.78990541969006,1624.054875243892,1.0217463701174256,52.7
52875000,105749.99987432892,98.19999987370828,-1793451.9880078128,469398.53093285445,-1324053.4570749584,309.733923125065,1621.6498724508265,1.023261680490943,52.7
52900000,105799.9998741572,98.24999987353657,-1793141.9412238777,471366.0515480368,-1321775.8896758407,311.0321970624776,1621.8185442382328,1.0231552595986388,52.7
52925000,105849.9998739855,98.29999987336485,-1790295.2913033022,470864.1132887979,-1319431.1780145045,310.7009917093384,1621.7456974364934,1.023201218461648,52.7
52950000,105899.99987381378,98.34999987319314,-1792718.597934466,467950.4976304717,-1324768.100303994,308.77843433247887,1623.78677905494,1.0219150661010594,52.7
52975000,105949.99987364208,98.39999987302144,-1792985.7647396494,472151.47384664137,-1320834.290893008,311.550460145605,1622.2522267542422,1.022881735827222,52.7
53000000,105999.99987347035,98.44999987284972,-1791975.7128330923,469812.8567412898,-1322162.8560918027,310.0073171594341,1625.4911428647863,1.0208435653038728,52.7
53025000,106049.99987329864,98.499999872678,-1791138.6954102712,470184.72671389073,-1320953.9686963805,310.2526965927212,1623.052549049897,1.0223773559416294,52.7
53050000,106099.99987312692,98.54999987250628,-1795354.9389235703,468629.2903797591,-1326725.6485438112,309.22633761161313,1617.186444437022,1.026085878570185,52.7
53075000,106149.99987295522,98.59999987233458,-1792979.848835214,467970.76176714257,-1325009.0870680716,308.7918056792902,1621.1014789603423,1.0236078340488326,52.7
53100000,106199.9998727835,98.64999987216287,-1790799.2405596832,472061.8416798639,-1318737.398879819,311.49131611164506,1623.6267661699571,1.0220157786424768,52.7
53125000,106249.9998726118,98.69999987199117,-1792507.9101013504,470721.4593712626,-1321786.4507300877,310.60686112601604,1623.5946208547025,1.0220360133851754,52.7
53150000,106299.99987244008,98.74999987181944,-1792569.5753378076,472289.1680117125,-1320280.4073260953,311.6413180225014,1619.8162012271375,1.0244200375294743,52.7
53175000,106349.99987226837,98.79999987164773,-1791121.207967382,470155.3737441658,-1320965.8342232162,310.23332795419947,1622.213326626661,1.0229062641857127,52.7
53200000,106399.99987209664,98.849999871476,-1791743.110353846,470092.40291468665,-1321650.7074391595,310.1917764776359,1624.1120221114572,1.0217104184073815,52.7
53225000,106449.99987192494,98.8999998713043,-1794152.7541118227,472206.6616203674,-1321946.0924914554,311.58687595123337,1620.8007819111376,1.0237977376191396,52.7
53250000,106499.99987175324,98.9499998711326,-1791506.7884037094,469321.8748607984,-1322184.913542911,309.68334140321326,1623.9722455945416,1.0217983577942575,52.7
53275000,106549.99987158152,98.99999987096088,-1792772.7711528493,469786.2350643861,-1322986.5360884632,309.98975077205927,1623.4286935937262,1.022140473554562,52.7
53300000,106599.9998714098,99.04999987078916,-1792088.1106760502,471344.1808572255,-1320743.9298188246,311.01776562645887,1623.976450150859,1.0217957123071637,52.7
53325000,106649.99987123808,99.09999987061744,-1794734.865348951,471832.0149155665,-1322902.8504333843,311.3396642834992,1620.1067746718193,1.024236303183221,52.7
53350000,106699.99987106638,99.14999987044574,-1792316.610806481,468837.1017699144,-1323479.5090365666,309.36346253404304,1623.4888581736527,1.0221025942356448,52.7
53375000,106749.99987089468,99.19999987027404,-1790973.9183366196,468592.64117394615,-1322381.2771626734,309.2021545314631,1623.218248548931,1.0222729907918078,52.7
53400000,106799.99987072295,99.24999987010231,-1789011.1755286762,471005.4533607331,-1318005.7221679431,310.7942553479959,1624.815662635281,1.021267957843678,52.7
53425000,106849.99987055124,99.2999998699306,-1791221.887129302,468631.1245288384,-1322590.7626004638,309.22754787997246,1621.2686160862995,1.0235023099735543,52.7
53450000,106899.99987037951,99.34999986975888,-1792867.9151139045,470869.8311226988,-1321998.0839912058,310.70476463790374,1622.824813915944,1.022520828756507,52.7
53475000,106949.99987020782,99.39999986958718,-1793346.710761386,471633.9121458488,-1321712.7986155371,311.20894562120446,1622.420759950861,1.0227754813136225,52.7
53500000,106999.9998700361,99.44999986941546,-1795058.1904353546,469666.96417002496,-1325391.2262653296,309.91104954146164,1621.0305694240797,1.0236526102289962,52.7
53525000,107049.9998698644,99.49999986924377,-1793990.4488460058,470805.1251404695,-1323185.3237055363,310.66206821598337,1621.2681029833193,1.0235026338941229,52.7
53550000,107099.99986969268,99.54999986907204,-1794334.0089581271,470343.1049603969,-1323990.9039977305,310.35720291814687,1620.02119884868,1.0242904073300036,52.7
53575000,107149.99986952097,99.59999986890033,-1794387.1460553324,468443.9765442429,-1325943.1695110896,309.1040577630381,1621.182422238582,1.0235567267998378,52.7
53600000,107199.99986934924,99.6499998687286,-1792075.674980145,469393.92403100105,-1322681.750949144,309.73088324809385,1623.218869950876,1.0222725994444442,52.7
53625000,107249.99986917754,99.6999998685569,-1790835.4394287085,469473.3880725503,-1321362.0513561582,309.78331781640725,1625.9168500220014,1.0205762820094406,52.7
53650000,107299.99986900584,99.7499998683852,-1789808.0921940953,469549.3045733388,-1320258.7876207563,309.83341153010593,1625.7726651442688,1.0206667938439629,52.7
53675000,107349.99986883411,99.79999986821348,-1790579.2598009538,471837.9787576968,-1318741.281043257,311.34359954127734,1620.6538414257286,1.023890562707805,52.7
53700000,107399.9998686624,99.84999986804176,-1792069.452044787,470099.34941735794,-1321970.102627429,310.19636014669874,1621.1242022404897,1.0235934861490592,52.7
53725000,107449.99986849067,99.89999986787004,-1792546.715401112,470762.5351170186,-1321784.1802840936,310.6339650708303,1621.4591995271014,1.023382009325866,52.7
53750000,107499.99986831898,99.94999986769834,-1793392.3789999848,469205.86388191226,-1324186.5151180725,309.6067912368875,1624.1866358059335,1.021663481936337,52.7
