time_ns,ligand_com_displacement_A,ligand_pocket_com_distance_A,contact_atoms_4A,contact_residues_4A,initial_contact_residue_fraction_4A,contact_atoms_6A,contact_residues_6A,contact_atoms_8A,contact_residues_8A,protein_ligand_min_heavy_distance_A,ligand_z_from_membrane_center_A,ligand_sasa_nm2
0.0,0.0,0.28731503383150714,34,14,1.0,123,24,232,43,3.376970589160919,9.466157064989913,0.22395083
0.05000000001018634,0.47822948156417755,0.32445841083934923,30,11,0.7142857142857143,120,21,222,42,3.1120815873146057,9.509277878048081,0.26376623
0.10000000002037268,0.4803683167120889,0.6369276311975083,29,13,0.9285714285714286,128,26,239,43,3.0902808904647827,9.437966356455476,0.09927881
0.15000000003055902,0.7293653281239275,0.4820643248512946,37,13,0.8571428571428571,128,24,243,43,3.19803386926651,10.170170632160938,0.15758798
0.20000000004074536,0.6874300551667203,0.32422917577019883,32,12,0.8571428571428571,119,24,228,42,3.1740278005599976,10.363012939847929,0.28045422
0.2500000000509317,0.5552099260379965,0.4885389223171848,27,11,0.7857142857142857,125,23,235,42,3.2321658730506897,9.60589933743969,0.17289005
0.30000000006111804,0.6778249878201582,0.3737574070282607,37,12,0.7857142857142857,137,23,233,41,3.201642632484436,9.190652597682485,0.1440243
0.3500000000713044,0.6851754078933282,0.2760267491865268,30,11,0.7142857142857143,120,19,232,42,3.270368278026581,10.13434000128468,0.23607817
0.4000000000814907,0.5239968297516131,0.3209838027904494,32,13,0.7857142857142857,124,23,239,42,3.324170410633087,10.635139487024396,0.19285835
0.45000000009167707,0.31074555226993605,0.33899437285500816,33,13,0.8571428571428571,123,22,247,42,3.1417378783226013,9.689683904851014,0.1331045
0.5000000001018634,0.8814705217571185,0.48322448504125676,27,11,0.7142857142857143,122,20,223,40,3.236514627933502,9.718441951874945,0.26953727
0.5500000001120497,1.1593045877758184,0.8275664140988404,37,13,0.7857142857142857,119,20,224,41,3.168131113052368,9.883680789319396,0.22801894
0.6000000001222361,1.205422251947047,0.727383672390219,23,10,0.6428571428571429,126,21,227,41,3.214401602745056,8.751127464682344,0.24145082
0.6500000001324215,1.1255802681165086,0.7560869314330289,31,10,0.6428571428571429,128,23,236,41,2.9270899295806885,9.034673913569709,0.14317599
0.7000000001426079,0.9235052857411457,0.5702481636915104,30,13,0.8571428571428571,127,22,233,42,3.138986825942993,8.885124379794576,0.16056
0.7500000001527942,0.39448488082532074,0.2942677657066149,31,11,0.6428571428571429,133,23,232,42,3.0459389090538025,9.136432449214729,0.1729899
0.8000000001629806,0.8065620507916977,0.6343233942908699,36,13,0.7857142857142857,124,20,224,42,3.13553124666214,9.836689036505133,0.24606016
0.8500000001731669,0.7039780999589685,0.5624536151124643,30,11,0.7857142857142857,124,25,233,43,3.0106940865516663,10.19790639027212,0.27515155
0.9000000001833532,0.5289953760679658,0.6695638311499101,43,15,0.9285714285714286,139,25,242,42,3.2041671872138977,9.03444474643079,0.062847935
0.9500000001935396,0.2956339477014525,0.44851740432987885,31,11,0.7142857142857143,131,24,244,42,3.366937041282654,9.510012773048881,0.14562857
1.000000000203726,0.7006917566822206,0.5063937569207978,41,15,0.8571428571428571,136,25,246,42,3.1723538041114807,9.469963266212265,0.15564921
1.0500000002139123,0.5244493588023852,0.4822809466768019,30,13,0.7857142857142857,120,17,232,44,3.277283012866974,8.882485064616601,0.2713483
1.1000000002240986,0.538424879709978,0.3722650942974168,39,13,0.8571428571428571,126,22,239,43,3.1954225897789,9.07849254709304,0.15679222
1.150000000234285,0.6555363914752779,0.507872296880938,35,13,0.8571428571428571,131,24,243,42,3.097536861896515,9.536422219228395,0.22833353
1.2000000002444713,0.5390991656990414,0.3043060409217365,38,12,0.7857142857142857,129,24,246,44,3.350990116596222,9.294710923890444,0.26417556
1.2500000002546576,0.5654547934704348,0.48507516046673,37,12,0.7142857142857143,139,24,251,44,3.281848728656769,8.834471556928616,0.14308707
1.300000000264844,0.6164091345290708,0.3289540370437024,27,11,0.7142857142857143,126,23,233,41,3.124949336051941,9.44641375935169,0.26392123
1.3500000002750303,0.3900805115265535,0.2733833139360905,33,13,0.8571428571428571,129,24,244,45,3.261423707008362,9.536883868379391,0.3480695
1.4000000002852167,0.7561877295745016,0.7641900953107374,25,10,0.6428571428571429,116,20,229,43,3.0807173252105713,9.797993225329718,0.3117521
1.450000000295403,0.41616344878849293,0.4253950312319471,29,13,0.7857142857142857,131,22,239,43,2.915472686290741,10.051386670791453,0.27018684
1.5000000003055893,0.45450984380737885,0.42518477055294607,33,13,0.8571428571428571,122,19,230,42,3.276919722557068,9.488412984488015,0.31058016
1.5500000003157757,0.2629409428039375,0.5147741411226778,30,10,0.6428571428571429,124,21,238,43,3.051752746105194,9.343730553422018,0.2828876
1.600000000325962,0.3644318111387484,0.41204348545850633,33,13,0.7857142857142857,125,23,235,43,3.0042123794555664,9.231015697644809,0.26254007
1.6500000003361501,0.416765736801762,0.49669329072465196,30,11,0.7857142857142857,129,24,239,43,2.9863783717155457,8.964446994592565,0.29759943
1.700000000346333,0.6623543051353658,0.691142697064694,39,12,0.7857142857142857,117,20,234,42,2.9947349429130554,9.917642159297335,0.25957805
1.750000000356521,0.8194505388142275,0.6998144625330127,32,11,0.7142857142857143,122,22,233,42,3.1786301732063293,9.600401612133185,0.25569153
1.8000000003667074,0.7875136287783785,0.5983273378632005,30,11,0.7857142857142857,115,20,226,42,3.0675041675567627,9.778812462930047,0.45565486
1.8500000003768937,0.8077511891945653,0.5251601502855842,34,12,0.7857142857142857,121,19,231,43,3.163210451602936,8.896378545354269,0.25657678
1.90000000038708,0.5047268356749073,0.4747847415310744,27,11,0.7142857142857143,118,17,228,45,3.2933875918388367,9.222301558010075,0.39540404
1.9500000003972664,0.8791097588667898,0.8741729421348499,26,11,0.7142857142857143,116,20,227,43,3.199029564857483,9.55452982909871,0.3597378
2.0000000004074545,0.94278278855799,0.5949241841991695,33,14,0.8571428571428571,118,21,228,42,3.2346150279045105,9.517601432414349,0.24767095
2.0500000004176373,0.9106533176850569,0.44931717877060096,32,13,0.7857142857142857,125,21,229,41,3.203050196170807,9.479440414395981,0.21246848
2.1000000004278254,0.7933727193180996,0.4344387142440105,29,11,0.7142857142857143,119,19,228,44,3.381129205226898,9.865597934542052,0.35124794
2.1500000004380118,1.5563143847866772,1.2860580243083972,28,9,0.5714285714285714,106,18,215,39,3.328174352645874,10.274506427083558,0.47998783
2.200000000448198,1.306466857620559,0.9463692652792635,31,10,0.5714285714285714,118,21,231,41,3.2955697178840637,9.228985704703101,0.44047174
2.250000000458386,1.095594724770908,0.8302009370696618,33,14,0.8571428571428571,123,22,228,42,3.087487816810608,9.598009535256189,0.27927876
2.300000000468569,1.16055345619915,0.6150259693297939,27,11,0.7142857142857143,123,23,237,45,3.2333850860595703,9.207021442153467,0.3971409
2.350000000478757,0.8930850050351582,0.5695051835894744,28,9,0.6428571428571429,111,18,229,41,3.1286653876304626,9.289831509467117,0.37258935
2.4000000004889435,1.0849862392729777,0.9404150511018827,24,10,0.6428571428571429,116,21,219,39,3.087833821773529,9.488106958674694,0.54298806
2.45000000049913,0.9012017735045716,0.8914773972563736,26,9,0.5714285714285714,118,22,217,38,3.1872233748435974,9.332845608814031,0.37893718
2.500000000509316,0.8089181755148356,0.5590325586306102,23,9,0.5714285714285714,121,22,224,38,3.3252722024917603,9.98977990131066,0.43598646
2.5500000005195025,1.1721023628153404,1.0920070022116362,28,11,0.7142857142857143,119,22,222,40,3.1022411584854126,10.482884383334534,0.3919524
2.6000000005296906,0.7212140327677735,0.8459819040241741,35,10,0.6428571428571429,127,21,232,40,3.0448758602142334,9.403510596024294,0.19851804
2.6500000005398734,0.6484557836107554,0.6828481627892914,28,11,0.7142857142857143,122,21,229,41,3.2654544711112976,9.73972994186087,0.3520547
2.7000000005500615,0.3143744585020045,0.6539658334855709,37,14,0.9285714285714286,135,26,242,43,3.25941264629364,9.491728826360637,0.18410869
2.750000000560248,0.3440731307833255,0.3917928879821924,28,13,0.7857142857142857,131,23,232,42,3.2262960076332092,10.010859624916897,0.29018185
2.800000000570434,0.7011772640590032,0.6269122319348254,33,12,0.7857142857142857,115,19,228,43,3.1585490703582764,9.728678033809919,0.31036478
2.8500000005806223,0.7662203880387707,0.6284116962588927,34,12,0.7857142857142857,121,22,233,41,2.9022371768951416,10.030360696065577,0.34505677
2.900000000590805,0.8769400015378321,0.8320449141084532,32,10,0.6428571428571429,117,18,230,40,3.1016361713409424,9.34906430818975,0.38528535
2.950000000600993,1.064545278405686,0.8816785821487466,29,12,0.7142857142857143,118,19,215,40,3.3311614394187927,10.153500859157454,0.34186494
3.0000000006111796,1.0784775622582674,0.8640890245213049,29,11,0.7142857142857143,113,19,223,39,3.299402892589569,10.18962027490585,0.4721157
3.050000000621366,0.7786839049294247,0.8985936863367389,26,10,0.6428571428571429,114,20,223,39,2.9327011108398438,9.224586694021344,0.49765527
3.1000000006315522,1.1046226208299579,0.7058590950403814,35,13,0.8571428571428571,117,18,229,41,3.389151692390442,9.518264221279917,0.4002775
3.1500000006417386,1.4122233420565955,0.9796592696835381,23,12,0.7142857142857143,108,18,221,40,3.3140021562576294,9.796555718121347,0.5166922
3.200000000651925,1.608651658386513,1.3354747048099047,35,11,0.6428571428571429,108,20,211,39,3.302764892578125,8.860906208676376,0.6759847
3.2500000006621113,1.4681243117671574,1.3054585230500868,31,12,0.7857142857142857,112,19,220,40,3.1796306371688843,9.865006440304587,0.5863492
3.3000000006722976,1.1287371431933715,1.0353204472977877,29,13,0.7857142857142857,121,20,231,42,3.1132695078849792,8.665000896334174,0.51907957
3.350000000682484,1.092065955480765,0.8873882030497375,31,10,0.6428571428571429,120,22,227,40,3.2500803470611572,9.002856093514486,0.4749444
3.4000000006926703,1.2154269375861184,1.0746866086515128,28,9,0.5714285714285714,114,17,219,40,3.1649795174598694,8.493317254806705,0.49566597
3.4500000007028584,0.9815075551612812,0.6975949613469784,35,13,0.7857142857142857,129,24,232,43,3.237634599208832,8.633038997427898,0.27520016
3.500000000713041,1.0431230136685414,0.7414869374511728,30,13,0.8571428571428571,118,19,226,44,3.0958709120750427,9.187347257395402,0.4564853
3.5500000007232293,1.1043265651123833,0.9556141891655532,35,12,0.7857142857142857,116,20,226,43,3.1678390502929688,9.13396168713084,0.50708485
3.6000000007334156,1.4165164538938222,1.1172484191827565,27,10,0.6428571428571429,107,17,217,41,3.1511080265045166,9.073715200727994,0.5709809
3.650000000743602,1.0373687630004422,0.9673313718324719,33,14,0.8571428571428571,116,20,230,43,3.226293623447418,8.939463332575448,0.39727896
3.70000000075379,1.8546144047309587,1.245283841080299,26,12,0.7142857142857143,107,17,211,41,3.4382054209709167,9.074926089038149,0.62950826
3.750000000763973,1.426972728386957,0.9580511330510543,33,13,0.7857142857142857,117,19,225,40,3.0800506472587585,8.491319538099509,0.4231232
3.800000000774161,0.7037853348262479,0.47917264021088046,35,12,0.7857142857142857,116,17,232,43,3.3128580451011658,8.13102707319346,0.34369755
3.8500000007843473,1.8797951186334483,1.1819729704195778,26,10,0.6428571428571429,113,20,221,42,3.1937792897224426,8.535689129940378,0.54996586
3.9000000007945337,2.2685891937193507,1.6850105977013696,28,12,0.7857142857142857,114,21,223,42,3.1414535641670227,8.395579997608227,0.75673926
3.95000000080472,1.227339956280415,0.895120559357871,35,13,0.8571428571428571,113,18,223,41,3.2039088010787964,8.266871558571731,0.39740393
4.000000000814906,1.0169047510637221,0.5241441446523398,29,13,0.8571428571428571,116,18,233,44,3.3411771059036255,7.727135772437119,0.465411
4.0500000008250945,1.6078812223485923,1.0046748457661892,26,8,0.5714285714285714,112,18,222,41,3.1888997554779053,8.798839471694127,0.6298543
4.100000000835277,1.4964315286827157,0.9919980860789062,26,11,0.6428571428571429,114,18,212,41,3.04032564163208,8.984850020649695,0.46791655
4.150000000845465,1.868862229431274,1.4046780662953338,31,12,0.7142857142857143,112,19,218,42,3.0898573994636536,9.225465735386562,0.49010736
4.200000000855652,0.8735157381207383,0.6436947365329557,27,11,0.7142857142857143,116,19,217,39,3.1704282760620117,8.934312536724551,0.5245405
4.250000000865838,1.7173458772844623,1.120616941451483,30,13,0.7857142857142857,109,18,215,44,3.1908604502677917,9.595450782393984,0.5292984
4.300000000876026,1.2353430527367997,0.896496794215673,32,11,0.6428571428571429,122,21,233,42,3.264099955558777,8.77902632366701,0.43500936
4.350000000886209,1.0260643470887079,0.6882437321314389,25,9,0.5,114,19,222,41,3.289596736431122,9.276837977239634,0.47431213
4.400000000896397,1.0853153983599646,0.8363828241432975,27,10,0.7142857142857143,101,17,217,40,2.864335775375366,9.234520172783816,0.71886826
4.450000000906583,1.2817063470602053,0.9481940212928088,24,11,0.7142857142857143,119,21,226,41,3.1359216570854187,8.429623190082962,0.6008184
4.50000000091677,1.585116224079255,1.1520531972082464,27,10,0.6428571428571429,114,18,223,42,3.104681968688965,8.405324231327818,0.5939762
4.550000000926956,0.9757198633998652,0.6274111411470042,23,9,0.5714285714285714,110,18,218,41,3.101077973842621,8.14405080750678,0.4915349
4.6000000009371425,0.8397116394714078,0.6391309464486051,25,9,0.5714285714285714,112,18,224,42,3.2645857334136963,7.597282292991956,0.5648872
4.650000000947331,1.1442702065600356,0.7839878697286397,29,12,0.7857142857142857,110,19,212,40,3.107077181339264,7.5560471073867586,0.5546579
4.700000000957513,1.1103917522493916,0.8858546361469871,26,10,0.6428571428571429,112,16,221,40,3.3235183358192444,7.339270413467656,0.5019392
4.7500000009677015,0.902506051380858,0.5359839626195244,39,13,0.7857142857142857,126,24,240,42,3.207429349422455,6.890884412167244,0.23097447
4.800000000977888,0.8389659986124863,0.39286279137270885,31,11,0.6428571428571429,123,20,229,44,3.046189248561859,7.225171492472011,0.36250943
4.850000000988074,1.0523598826474139,0.7939389362705406,35,15,0.9285714285714286,123,21,230,42,3.268187642097473,7.920917844775337,0.32452124
4.900000000998262,0.8344223685541262,0.6509327251131372,35,14,0.8571428571428571,123,21,231,41,3.2918182015419006,6.9850728265566975,0.26730597
4.950000001008445,0.7496966784659043,0.758050973631259,33,12,0.7857142857142857,127,20,232,42,3.1613099575042725,7.322473648572467,0.31673673
5.000000001018633,0.7590473087158117,0.5806514918483265,28,12,0.7142857142857143,120,20,222,43,3.188442885875702,7.489080101033974,0.32217556
5.0500000010288195,1.206492118817137,0.8739344803481521,28,11,0.6428571428571429,111,18,220,40,3.1764930486679077,7.25329769175298,0.37613097
5.100000001039006,1.410218166414434,1.1368984335368126,39,13,0.7857142857142857,116,17,226,41,3.1372401118278503,7.438107018581048,0.33173198
5.150000001049192,0.42929222863921485,0.4277684991587688,32,12,0.7857142857142857,125,23,236,43,2.937953770160675,6.146339199901902,0.22545369
5.2000000010593785,1.1366312992124479,0.7241297331289019,31,11,0.6428571428571429,123,21,229,42,3.0127832293510437,6.569474873109158,0.21513364
5.250000001069565,1.059324398568924,0.8429313634198601,33,14,0.8571428571428571,117,19,224,42,2.7877941727638245,6.552088979311819,0.39889044
5.300000001079751,0.8554493328227424,0.8906054035819321,28,11,0.6428571428571429,114,17,223,42,3.060024678707123,6.507484189720243,0.49745414
5.350000001089938,1.0036336979581348,0.8829264220831199,36,11,0.7142857142857143,122,21,227,41,2.68860787153244,6.933806197500845,0.3334887
5.400000001100124,0.7810131343313436,0.7363982277153248,36,13,0.7857142857142857,120,20,229,42,3.049289882183075,6.410151450252748,0.25448874
5.45000000111031,1.2452392075586647,1.1253309703988394,33,10,0.6428571428571429,108,19,219,41,3.0292585492134094,6.826852178169487,0.46061635
5.500000001120498,0.7858370883340835,0.6915783322241824,31,12,0.7142857142857143,122,19,231,41,2.8085586428642273,6.725752293569247,0.14697853
5.550000001130681,0.849670456748922,0.8170982298871201,38,14,0.8571428571428571,122,21,230,41,2.8894448280334473,7.096569036936895,0.186941
5.600000001140869,1.0410467693316776,1.0040821705507725,31,11,0.6428571428571429,112,18,224,42,2.842020094394684,7.290245305503502,0.3884496
5.650000001151056,1.1017496182228432,0.9320821116382048,33,13,0.8571428571428571,122,22,230,40,3.2093390822410583,7.287747164119631,0.40167376
5.700000001161242,0.47462242703663055,0.6908656058308827,38,14,0.8571428571428571,122,20,232,42,3.244606852531433,6.646758942498483,0.2505253
5.75000000117143,1.4533210252841275,0.9857256935001145,33,14,0.8571428571428571,122,20,232,43,2.9109185934066772,6.499389081628726,0.37544033
5.800000001181615,1.1185126120247582,0.8653117267485331,33,12,0.7857142857142857,124,20,235,41,3.046112060546875,6.740841668131745,0.2905179
5.850000001191801,1.2126593088421047,0.7972145817827653,29,11,0.7857142857142857,112,20,222,41,2.9694613814353943,7.065912187571479,0.33506233
5.900000001201987,1.2371734571213524,0.7821851712142034,29,11,0.7142857142857143,115,18,226,42,3.1461766362190247,6.707269225767947,0.23490587
5.950000001212174,0.8565045437622494,0.4291714853074766,32,12,0.7857142857142857,121,21,216,40,3.204195499420166,6.64643375884153,0.26748306
6.00000000122236,0.7386882946626939,0.4756999720375816,23,9,0.6428571428571429,117,18,217,40,3.193245530128479,6.706102245035481,0.33112153
6.050000001232546,0.8999497403518218,0.6296058740834569,34,11,0.7857142857142857,126,24,236,42,3.21405291557312,6.632504743080236,0.2937354
6.1000000012427344,1.416667608380899,0.9143395714119745,32,12,0.7857142857142857,121,21,230,42,2.7105990052223206,6.286890121953643,0.42082945
6.150000001252917,1.2010442205363738,0.6314942740665881,37,13,0.8571428571428571,123,21,236,44,2.8768807649612427,6.128701907933323,0.36128485
6.200000001263105,1.4611473540661133,0.7399678393744541,31,14,0.9285714285714286,127,21,238,45,3.0830326676368713,6.535561115006319,0.37772742
6.250000001273292,1.436772113465653,0.7709517736280346,31,13,0.7857142857142857,121,21,233,43,3.1784528493881226,6.255356247088919,0.28059036
6.300000001283478,1.028733742825075,0.9131253537660573,34,13,0.7857142857142857,122,23,215,40,2.9643866419792175,6.6587188787471785,0.33028167
6.350000001293666,1.3029356812118251,0.6533335724682348,28,12,0.7857142857142857,110,18,230,41,3.0882325768470764,6.246112170812621,0.437618
6.400000001303849,1.455347443138249,1.1327022348119484,36,13,0.7857142857142857,114,20,219,41,2.953844368457794,7.482015097217012,0.38006446
6.450000001314037,1.7167009869602192,1.198307793974315,27,12,0.7857142857142857,107,17,214,41,3.181312084197998,7.959986581041978,0.5453262
6.500000001324223,1.0364924294013727,0.5322498182571597,36,13,0.8571428571428571,130,23,245,45,3.0976593494415283,6.949614526549963,0.35330424
6.55000000133441,1.2924850489525643,1.2940859828252151,33,12,0.7857142857142857,115,18,226,42,2.822578549385071,7.949428742459297,0.42736226
6.600000001344596,0.7802739588886765,0.8426408616382088,38,14,0.8571428571428571,121,20,234,42,2.884737551212311,7.449934319272673,0.3285519
6.650000001354782,0.9414554903148846,0.8381874820748598,28,10,0.6428571428571429,119,19,227,42,3.1545057892799377,7.750938242629584,0.4242132
6.7000000013649705,1.467669311032013,1.3085587314175071,31,12,0.7142857142857143,109,18,215,39,3.2111039757728577,7.979456675821313,0.52325386
6.750000001375153,1.440600521271497,1.2910725941268086,35,11,0.7142857142857143,107,19,225,41,3.1073546409606934,7.390560575774101,0.48956132
6.800000001385341,1.5921255441646704,1.2520599122513083,34,12,0.7142857142857143,109,17,215,41,3.376617133617401,7.382672669161776,0.4782058
6.850000001395528,1.4109653451843787,1.138820364039361,27,10,0.6428571428571429,117,21,233,42,3.1280699372291565,7.710531687907265,0.5253195
6.900000001405714,1.3286264402440802,0.9659507037172123,14,8,0.5714285714285714,110,15,223,42,3.4672898054122925,6.81704129086981,0.51593876
6.950000001415902,1.0048308368968513,0.9289033650055046,32,12,0.7857142857142857,114,18,225,43,3.215119242668152,7.398338900712691,0.36833853
7.000000001426085,0.6763652804950214,0.6664476899393483,32,11,0.7857142857142857,116,20,238,43,2.8808188438415527,7.013477835926452,0.29701015
7.050000001436273,1.100362880645949,1.1032498613858326,34,11,0.7142857142857143,109,17,226,41,3.0731460452079773,7.410971179940127,0.41497946
7.1000000014464595,1.0390058348615192,0.5861335812897177,34,15,0.9285714285714286,118,20,228,43,3.174191415309906,7.31051091896596,0.3645361
7.150000001456646,1.3740065811493054,0.9357385047068525,29,9,0.5714285714285714,114,17,234,43,3.1213364005088806,7.331945751514999,0.480245
7.200000001466832,1.6318773012073247,0.7899309815542712,37,11,0.6428571428571429,123,19,238,45,3.1165462732315063,6.265598505601124,0.3489083
7.2500000014770185,0.8948906556313048,0.6488167829491656,36,14,0.8571428571428571,123,20,232,43,3.208405077457428,7.262270829093627,0.37343812
7.300000001487205,1.2399384233584683,0.9471713074786037,32,13,0.7857142857142857,118,20,218,44,2.7485209703445435,8.004498838136325,0.41235507
7.350000001497391,1.9778502781131702,1.4057418869473164,40,12,0.7142857142857143,114,19,211,37,3.085354268550873,8.030708024199322,0.4155504
7.4000000015075775,1.3738422437146403,0.97081725621822,35,12,0.7857142857142857,113,21,220,40,3.0922895669937134,7.818116398636299,0.45661595
7.450000001517764,1.9500713120231592,1.596871655852188,34,11,0.6428571428571429,110,19,211,38,3.0043932795524597,8.0900266433148,0.5649586
7.50000000152795,1.994712981164226,1.5333949464590164,24,10,0.6428571428571429,108,19,203,37,3.2720384001731873,8.05833273025005,0.51064914
7.550000001538138,1.5474228168668744,1.4120752633503146,34,12,0.7142857142857143,112,22,214,37,2.790139615535736,8.2128068148982,0.53445053
7.600000001548321,1.3695115014915844,1.0610266198151024,32,11,0.6428571428571429,119,23,223,42,2.7613508701324463,7.545711132316937,0.35282713
7.650000001558509,1.7276560247567017,1.3873482600698626,36,10,0.7142857142857143,110,20,209,38,2.9499611258506775,9.31617126335766,0.45142466
7.700000001568696,1.8922084426340229,1.6032748138380377,37,11,0.7142857142857143,111,21,200,37,2.937571704387665,9.73668559621892,0.4875768
7.750000001578882,1.4880752292137238,1.4748323199728628,44,12,0.7142857142857143,119,22,216,40,2.7210935950279236,9.292184253335387,0.34409177
7.80000000158907,1.6984504792920798,1.5635836068313094,36,10,0.6428571428571429,115,21,211,37,2.7684417366981506,8.67698063277067,0.5146355
7.850000001599255,1.9896837730275316,1.7107810180513825,33,11,0.6428571428571429,116,19,222,42,3.0783656239509583,8.542534697043394,0.4456217
7.900000001609441,1.7885028016174886,1.7095418591764597,34,12,0.6428571428571429,112,20,210,41,2.826346457004547,8.626391390742292,0.46731305
7.950000001619627,1.8999504807544956,1.3473155479769123,32,12,0.7142857142857143,119,19,219,39,2.722921371459961,7.524136182910697,0.51458955
8.000000001629813,1.6804062703163933,1.385737188892846,34,12,0.7142857142857143,121,23,224,41,2.9043644666671753,7.722719519093824,0.40187687
8.050000001639999,1.4482507624150611,1.1889865973685445,34,12,0.7142857142857143,114,21,219,39,2.930828332901001,7.997037948671215,0.30625188
8.100000001650185,1.8476390753515723,1.3764896488004545,38,13,0.7857142857142857,115,20,211,38,2.8587332367897034,8.19737492369196,0.5571998
8.150000001660372,1.7769510387773013,1.605478697409937,44,12,0.7142857142857143,111,19,210,39,2.8488510847091675,8.398617706085032,0.45088828
8.200000001670556,1.1506144637381976,1.0017915734102323,39,13,0.7857142857142857,113,20,213,39,3.169664442539215,8.618807759937805,0.47758767
8.250000001680746,1.7762594679459789,1.4764413349390004,32,11,0.7142857142857143,105,20,210,37,2.8370293974876404,8.757192874571142,0.58559483
8.300000001690933,1.8437954981687785,1.1661707922801337,39,13,0.7857142857142857,110,20,209,38,3.070448935031891,8.758557271654652,0.63025415
8.350000001701119,1.2579111823599096,0.8222626834982096,34,12,0.7857142857142857,119,21,227,42,2.7343568205833435,8.669675584715737,0.3583336
8.400000001711305,1.1889244236179413,1.0726055983676326,34,11,0.7142857142857143,111,18,212,39,2.6772335171699524,8.496852110647337,0.36457962
8.450000001721488,1.4977355633932254,0.9400767031639674,41,14,0.8571428571428571,116,18,222,40,3.039844036102295,8.165460161015528,0.45373034
8.500000001731678,1.4642788528450073,1.1826329325890357,33,13,0.7857142857142857,118,21,217,41,2.660142183303833,7.797533465640658,0.67444587
8.550000001741864,1.3869233745494116,1.131711785091187,31,10,0.6428571428571429,120,20,225,43,3.051595687866211,7.808186998437661,0.44133317
8.60000000175205,1.5910950447553773,1.370197270951476,42,13,0.7857142857142857,118,21,210,42,2.8775793313980103,8.823289975458364,0.58489674
8.650000001762237,1.4062330819501052,1.2050177671516975,36,12,0.7857142857142857,108,19,211,41,2.552645206451416,8.317603081888647,0.7584082
8.700000001772423,1.5756987434294274,1.0817684817376367,32,12,0.7142857142857143,109,18,216,42,2.8215453028678894,8.589412455152603,0.58564126
8.75000000178261,0.9422548315227302,0.9797942852963569,31,11,0.6428571428571429,120,21,212,44,2.822049856185913,8.196038564897927,0.5345534
8.800000001792792,1.251417358189419,1.1879454205650097,28,10,0.7142857142857143,114,18,219,40,2.6727238297462463,8.075938306544312,0.6289107
8.850000001802979,1.4169607532062136,1.041888899827446,36,13,0.8571428571428571,116,17,228,42,3.310191035270691,7.660928044619109,0.5666627
8.900000001813165,1.402548764093266,0.8785732161770776,34,12,0.7857142857142857,110,16,222,42,2.8637659549713135,8.199942212506244,0.54924434
8.950000001823351,1.2850457419004944,0.8119907431577521,31,10,0.7142857142857143,117,19,227,40,2.867782413959503,8.638156562950634,0.53362286
9.000000001833538,1.0812512290967546,0.7393933449355915,38,11,0.6428571428571429,124,20,232,42,2.5645992159843445,9.010565616293169,0.42990157
9.050000001843724,1.4525154358728156,0.9127966433677953,29,9,0.5714285714285714,108,17,222,42,3.0040010809898376,8.484857491445235,0.68910086
9.10000000185391,1.0486481304076367,0.8821576960010257,25,9,0.6428571428571429,113,16,217,42,3.3276596665382385,8.677440013465674,0.49529743
9.150000001864097,1.0637947308555153,0.5787236320748861,35,10,0.7142857142857143,111,16,222,42,2.8372666239738464,8.650212705588771,0.47808045
9.200000001874283,1.3158773219369426,1.0469689928641064,29,9,0.6428571428571429,107,22,210,35,2.908675968647003,8.227203292584555,0.59871554
9.25000000188447,1.3296803622881828,1.2420014492292277,31,11,0.7142857142857143,108,22,212,39,3.407861292362213,8.388190753062528,0.56439257
9.300000001894656,1.2192885971654863,1.0876260826208506,32,9,0.5714285714285714,108,19,215,36,3.261544406414032,8.631870908404276,0.5842933
9.350000001904842,1.676522617505504,1.475303484668059,31,9,0.6428571428571429,104,19,199,33,3.340551257133484,9.2069313992135,0.6449493
9.400000001915028,1.556232314752659,1.171336702385614,31,10,0.7142857142857143,109,22,206,38,3.172227442264557,8.360300866051391,0.4843798
9.450000001925215,1.5227117969440478,1.2534343046712486,38,11,0.7142857142857143,104,19,206,37,2.817915678024292,8.723314406428901,0.65357864
9.500000001935401,1.0303410829308963,0.587708225592588,30,10,0.6428571428571429,115,18,221,42,2.57182240486145,8.332637311191355,0.52871466
9.550000001945588,1.6082626851653443,1.32094377470651,29,10,0.7142857142857143,114,17,214,41,2.6547110080718994,8.74365190734264,0.55819523
9.600000001955774,1.005194864590039,0.7035924935765674,35,14,0.8571428571428571,123,20,230,42,2.772180736064911,8.061343749429115,0.4049762
9.65000000196596,1.1068864713943882,0.6165065989649601,31,12,0.7857142857142857,120,19,229,41,2.7231287956237793,7.928053268510942,0.48952803
9.700000001976147,1.559740194504475,1.1866610788756473,33,11,0.7857142857142857,113,19,213,38,3.08127760887146,8.27805127706064,0.59004796
9.750000001986333,1.5388796982885093,1.0083233450485465,41,13,0.7857142857142857,116,19,232,44,2.9657167196273804,6.883144188561223,0.49454713
9.80000000199652,1.2080101361508986,0.904802619117562,29,11,0.7142857142857143,112,19,217,42,2.9504606127738953,7.527238665076492,0.5393818
9.850000002006706,2.0625852700294995,1.4957840609487694,28,9,0.5,113,19,225,40,3.2715624570846558,7.141239595802027,0.6320473
9.900000002016892,1.3989050256218463,1.0589396554791475,22,11,0.6428571428571429,109,17,203,42,3.551541268825531,7.848347412309868,0.62898
9.950000002027078,0.6589588788245122,0.40871300189989035,40,12,0.7142857142857143,125,20,227,42,2.6778969168663025,6.9678829702220035,0.2713248
10.000000002037265,1.3352097903847906,0.9954566817006139,32,12,0.7142857142857143,122,22,235,44,3.3706077933311462,6.616943473464518,0.49273637
10.050000002047451,1.1533400026436988,0.6580110213384764,25,10,0.6428571428571429,115,19,225,41,3.070772886276245,6.614173231067362,0.5244962
10.100000002057637,1.0022694277104895,0.7566201266853477,29,10,0.7142857142857143,113,19,213,39,3.0535051226615906,7.3195542504157896,0.43407962
10.150000002067824,0.907414931560071,0.7647737855129491,34,14,0.9285714285714286,127,23,239,43,3.447290062904358,7.0797652349686935,0.2603895
10.20000000207801,0.9151828170563696,0.6510547769842052,26,11,0.7142857142857143,118,20,228,41,3.395388424396515,6.861827949270927,0.46581376
10.250000002088196,1.1336561407531534,1.1037982185820876,33,12,0.7857142857142857,112,19,227,41,3.085883855819702,7.003702934957712,0.4034487
10.300000002098383,0.654224365259559,0.6156874185752863,35,13,0.8571428571428571,121,21,226,42,2.843555510044098,6.294482712019764,0.2727607
10.350000002108569,0.5351804202840453,0.4674550057536314,35,14,0.9285714285714286,126,22,233,41,3.1169477105140686,5.668098114304092,0.28626287
10.400000002118755,1.3509813460051914,0.8676285099131646,32,12,0.7857142857142857,115,20,226,42,2.990759015083313,6.566165279859435,0.37845793
10.450000002128942,1.0341888756706288,0.7081913865581977,30,13,0.8571428571428571,112,15,222,43,3.0279454588890076,6.292081936366065,0.32329816
10.500000002139128,1.098433737426772,0.7969332500534333,22,9,0.6428571428571429,120,18,217,41,3.330807089805603,6.503197995900383,0.47163793
10.550000002149318,0.9136901997851639,0.7828136325514219,28,13,0.7857142857142857,123,20,228,44,2.9092898964881897,6.585327280141069,0.35677233
10.6000000021595,1.0250481565324112,0.7386401625499439,28,13,0.8571428571428571,114,18,220,43,3.291248381137848,6.365701361841287,0.4596017
10.65000000216969,1.0952030180409988,0.9455922224267366,32,12,0.7142857142857143,116,18,216,41,3.2101911306381226,5.992376313108734,0.31463063
10.700000002179873,1.0578828634095432,0.7331728771901302,34,11,0.6428571428571429,115,18,226,42,3.337099254131317,6.12576112176181,0.3049413
10.75000000219006,0.8404821218205277,0.7021211562632832,32,11,0.7857142857142857,125,21,231,40,3.1566792726516724,5.936863390397233,0.2841489
10.800000002200246,1.6847033573766668,1.075548142101651,27,11,0.6428571428571429,114,20,224,40,3.430815041065216,6.2513332061999005,0.5146759
10.850000002210432,1.0615609847722263,0.5610094732015792,26,11,0.7142857142857143,117,18,231,42,3.218647837638855,5.501872391020424,0.41730878
10.900000002220619,1.405526443985181,0.9278098252059845,28,11,0.6428571428571429,114,18,228,41,3.1522879004478455,6.197321098738939,0.40943533
10.950000002230805,0.938841195109752,0.784154243494845,32,12,0.7857142857142857,121,20,228,44,2.9959195852279663,6.6836835397688965,0.36141634
11.000000002240991,1.0884441717233921,0.8911470154012517,37,14,0.8571428571428571,122,21,229,43,3.1536388397216797,6.783881784400956,0.33933833
11.050000002251178,0.8508763160865308,0.5683733463597529,32,14,0.9285714285714286,114,20,233,45,3.299025595188141,6.850742740770608,0.3705683
11.100000002261364,0.8255062838332804,0.4482516412134277,33,13,0.7857142857142857,126,23,233,42,3.1117257475852966,6.780279534763647,0.2381741
11.15000000227155,1.085797991293105,0.6976566028374648,38,14,0.8571428571428571,124,20,231,43,3.1287622451782227,6.8571086216039046,0.30745098
11.200000002281737,0.7228473093489561,0.5004437428206081,32,13,0.8571428571428571,121,21,235,45,3.073349893093109,6.4116905012238234,0.44696862
11.25000000229192,0.4461157378083045,0.41504330751733143,36,13,0.8571428571428571,128,23,247,44,3.1622451543807983,6.179744255524682,0.25241297
11.30000000230211,1.377887466405189,0.9963229058316696,31,10,0.7142857142857143,113,20,226,41,2.888912856578827,7.162440273010242,0.4407367
11.350000002312292,0.9374768171491952,0.5590785308507357,34,11,0.7142857142857143,120,20,228,43,2.922414243221283,7.873766023949065,0.33312428
11.400000002322482,1.0308967573639054,0.7243986201386163,34,13,0.8571428571428571,122,20,233,43,3.101910352706909,7.562669578196886,0.38836396
11.450000002332668,1.2801689089547164,0.8961587385754459,34,12,0.7857142857142857,116,19,225,41,3.0674803256988525,7.41137744572141,0.42157954
11.500000002342851,0.8613623307440778,0.37549563163972965,30,11,0.7142857142857143,127,22,235,44,3.2800865173339844,6.838512556327236,0.2957001
11.550000002353041,0.9945443404389063,0.7779160631573543,34,13,0.8571428571428571,119,18,228,42,3.007911443710327,7.581459180051606,0.37498978
11.600000002363227,1.2309953673641092,1.217089777239429,38,11,0.7142857142857143,110,20,221,40,3.0288341641426086,7.968050072016215,0.68360794
11.650000002373414,1.9088742036618505,1.510763231566436,34,12,0.7142857142857143,113,20,217,39,2.945071756839752,8.45427642666479,0.41304788
11.7000000023836,1.4578031450166615,1.434668562208038,41,11,0.7857142857142857,116,23,214,39,2.787882387638092,8.536790357048538,0.58228517
11.750000002393787,1.1397321788328507,1.0619744351715044,40,13,0.7857142857142857,116,21,225,40,2.8839364647865295,7.93253392703563,0.322614
11.80000000240397,1.167062592812789,0.7578039826943983,29,11,0.7857142857142857,112,20,216,37,2.7781957387924194,7.3122667848054945,0.5931876
11.85000000241416,2.324371092139402,1.7757751870079614,34,12,0.7142857142857143,106,19,224,39,3.109934628009796,7.672801757665928,0.84899384
11.900000002424346,1.4168412870030918,0.8080135632939109,29,11,0.7142857142857143,123,21,241,42,3.1006035208702087,7.0400578185039375,0.4921659
11.950000002434532,1.2746559321194275,0.9859755348999464,29,12,0.7857142857142857,121,19,239,45,3.2905972003936768,7.5246655613713465,0.49102926
12.000000002444722,1.5518195047387042,1.213478740990967,38,11,0.6428571428571429,117,20,221,39,3.214971423149109,8.121726184595417,0.34165227
12.050000002454905,1.3206253847734073,0.9793694610450153,28,11,0.7142857142857143,119,20,225,45,3.0626553297042847,7.836018764230266,0.5418737
12.10000000246509,1.9483822047723718,1.456571271163317,28,11,0.6428571428571429,110,18,223,43,3.519275486469269,8.679938266918281,0.6775138
12.15000000247528,1.558193467644722,1.119620107973545,32,12,0.7857142857142857,116,19,220,42,2.9321134090423584,8.652993726329541,0.411328
12.200000002485464,1.6315996392367205,0.8981509647301311,37,15,0.9285714285714286,122,19,243,45,3.3056268095970154,8.04155913896893,0.40782386
12.25000000249565,2.040824996097115,1.363326865464892,23,12,0.7142857142857143,116,20,226,43,3.276255428791046,9.198162000494987,0.48555708
12.300000002505836,2.4084404994384183,1.797856034799152,34,10,0.6428571428571429,102,20,208,38,3.0189862847328186,9.753836297501506,0.70142853
12.350000002516023,1.6788885732521028,1.4139697254838008,38,11,0.7857142857142857,107,20,213,38,3.2890114188194275,9.008591465130014,0.7683819
12.400000002526209,1.4098960663808322,1.0073030165901995,31,11,0.7142857142857143,114,19,221,41,3.197137415409088,9.140172880549482,0.5210715
12.450000002536395,1.787398401781657,1.5313766649014968,36,11,0.7857142857142857,106,19,209,39,3.264167904853821,9.181941662171225,0.59509635
12.500000002546582,2.3214092792389427,1.8084257680760971,24,11,0.6428571428571429,106,20,202,38,3.259733021259308,8.736081094472992,0.6724745
12.550000002556768,1.7405071968083599,1.341623497123803,39,12,0.7142857142857143,113,20,226,40,3.1928256154060364,8.086912990524642,0.4536743
12.600000002566958,1.5355874830111038,1.105431872678258,34,10,0.7142857142857143,111,21,211,40,3.3156058192253113,8.465544541490475,0.4588313
12.65000000257714,1.9458240227988008,1.4293868052768266,30,10,0.6428571428571429,113,19,218,42,3.273276686668396,8.120514196260391,0.43805224
12.70000000258733,1.5203785483232783,0.9659285053878592,39,11,0.7142857142857143,116,22,221,38,3.0696427822113037,8.08777866163454,0.42817703
12.750000002597513,1.8377061870623743,1.3624445565386936,36,10,0.7142857142857143,112,18,208,37,3.1362372636795044,8.536897925421387,0.5075749
12.8000000026077,2.0077458068090186,1.6104467992272198,30,9,0.6428571428571429,110,19,207,35,3.331604301929474,8.833364659474645,0.6871806
12.850000002617886,2.4374644175460984,1.4844879789050192,36,11,0.6428571428571429,118,21,224,42,3.164120316505432,7.675610174931045,0.4669361
12.900000002628072,2.085642157322751,1.481665470360367,31,11,0.7142857142857143,120,18,215,39,3.3646437525749207,7.410440294670968,0.41361606
12.950000002638259,2.638159014192547,1.8330134060471996,28,11,0.6428571428571429,116,21,223,41,3.0555272102355957,7.263451435046049,0.54676634
13.000000002648445,2.080135201596625,1.536282355998856,28,10,0.7142857142857143,107,19,217,41,3.291040360927582,8.060541749814183,0.5213114
13.050000002658631,2.2382924444701677,1.5977204721114449,24,10,0.6428571428571429,107,19,208,40,3.2220378518104553,7.74462039003641,0.5546255
13.100000002668818,1.5557743348747908,1.1844042965424935,37,11,0.7857142857142857,110,18,225,41,2.7117592096328735,8.116263732544757,0.541403
13.150000002679004,1.6097539371255711,1.1059393278272982,32,11,0.6428571428571429,117,20,221,43,3.0080831050872803,8.06155161459178,0.38149953
13.20000000268919,1.815570424338151,1.071246713904095,32,12,0.7142857142857143,127,22,230,43,2.87637859582901,7.924134587132388,0.5073154
13.250000002699377,1.6709810786604837,1.392138611311125,32,11,0.7142857142857143,119,20,235,42,3.2185277342796326,8.314862437005246,0.5374221
13.30000000270956,1.2766651309414125,0.8299998125089957,31,12,0.7857142857142857,122,22,227,43,3.042151629924774,7.8009600347293695,0.52716404
13.35000000271975,1.6032627244119857,1.117341329283317,24,9,0.5714285714285714,118,19,227,42,3.3537939190864563,7.727561733148782,0.59838176
13.400000002729932,1.2542320262413422,0.9954646352309418,31,11,0.7142857142857143,121,19,226,42,2.7822405099868774,7.398621449640874,0.44006985
13.450000002740122,1.5844260822415688,1.1264453868723254,25,11,0.6428571428571429,114,20,223,44,3.1672143936157227,8.216559912963879,0.5970682
13.500000002750308,1.2899350943101908,0.7061832727773436,27,10,0.7142857142857143,119,19,241,43,2.7182549238204956,7.083950917505666,0.48616672
13.550000002760491,1.2703596021300287,0.8964273927733758,31,12,0.7857142857142857,114,19,234,42,3.2161355018615723,8.084886126253092,0.4103098
13.600000002770681,1.4123294129891875,0.8487854257342704,33,12,0.7857142857142857,114,19,236,43,3.5265466570854187,8.42074411408622,0.581203
13.650000002780867,1.2235053217541052,0.9665003283071261,25,11,0.7142857142857143,112,16,231,42,3.0233967304229736,7.672294147669865,0.56138045
13.700000002791054,0.9577345401698735,0.829340135430694,30,13,0.8571428571428571,123,20,239,45,2.90938138961792,8.396296941031327,0.42451885
13.75000000280124,1.1727007913801564,0.8808607678331825,24,9,0.6428571428571429,117,20,227,41,3.035651743412018,8.689163633223593,0.39325044
13.800000002811426,1.4021529391003615,1.0514003994728234,24,11,0.7142857142857143,111,17,221,41,2.9099076986312866,8.498427558037731,0.641313
13.85000000282161,1.0634638972306367,0.7003666674931875,32,12,0.7857142857142857,125,20,230,43,2.7406951785087585,8.099079790283756,0.34379867
13.9000000028318,0.7046085132256508,0.47782977973188334,36,13,0.8571428571428571,127,22,235,42,2.8281551599502563,7.601892865826478,0.27356157
13.950000002841985,1.7504356300158586,1.2509182920809223,37,11,0.7142857142857143,109,21,221,41,2.944630980491638,8.642290249935023,0.50979507
14.000000002852172,1.917480782128256,1.373379061962162,31,11,0.6428571428571429,119,20,230,41,3.028334081172943,7.98609397501953,0.46800625
14.050000002862362,1.6868423918398503,0.9711459656905296,36,13,0.7857142857142857,112,18,237,43,3.1061887741088867,8.135223458687184,0.42051843
14.100000002872545,1.437224156897061,1.0204782938521628,29,11,0.7857142857142857,110,19,228,42,3.0682373046875,8.994497656986127,0.6008301
14.15000000288273,1.4900746774137341,0.8129916749224354,29,12,0.7857142857142857,116,19,224,42,2.7826571464538574,8.324958057282696,0.36822402
14.20000000289292,1.7764059122354083,1.1091397620826224,31,11,0.7142857142857143,106,18,215,41,2.8984513878822327,8.58662773491587,0.5163249
14.250000002903104,2.0241672725874373,1.2169340028959534,33,13,0.7857142857142857,113,21,227,42,3.0534398555755615,8.127172700324676,0.5037399
14.30000000291329,1.6617027531783695,1.0385722258067172,40,13,0.7857142857142857,112,19,223,39,3.2442685961723328,8.067080424544306,0.37402856
14.350000002923476,1.4708333600313541,1.1550980617917277,30,12,0.8571428571428571,116,19,222,42,2.8392165899276733,8.39054385975893,0.51136196
14.400000002933663,1.2730431626364267,0.7651498762428641,41,12,0.7857142857142857,120,19,234,43,3.303002715110779,7.774363021980788,0.3845052
14.450000002943849,2.1758166890283888,1.6483044158978228,29,9,0.6428571428571429,98,15,199,37,3.226746618747711,8.67745119850321,0.6888299
14.500000002954035,1.5083283429393954,0.8826594230426472,33,12,0.7857142857142857,114,18,231,43,3.2389551401138306,7.878954492600547,0.42428452
14.550000002964222,1.6524769988036967,1.3587119385594812,29,11,0.7142857142857143,111,19,209,40,2.9930686950683594,8.267175164792162,0.573837
14.600000002974408,1.8054837804967332,1.288400591086087,33,12,0.7857142857142857,109,18,216,39,2.6499533653259277,8.341264974820124,0.52481997
14.650000002984598,1.200436442851705,0.99884309046116,33,13,0.8571428571428571,111,18,211,39,3.1682896614074707,8.01161038159906,0.46035308
14.70000000299478,1.0595006733085937,1.060699913643559,27,12,0.8571428571428571,114,19,218,41,2.5761500000953674,8.29609165769833,0.5340786
14.75000000300497,1.1172781654099408,1.1189801579787662,34,11,0.7142857142857143,114,18,216,39,2.8211063146591187,8.541457996475197,0.45280284
14.800000003015153,1.1435273982513707,0.913434815845276,35,11,0.7142857142857143,113,19,221,42,3.0758947134017944,8.594913857175266,0.49266386
14.85000000302534,1.3321954441468442,0.8447341099192907,32,11,0.7857142857142857,118,20,228,42,3.237795829772949,9.00062638697027,0.36786014
14.900000003035526,1.2279393831671113,1.0289494215930324,39,11,0.7142857142857143,123,22,233,41,2.809195816516876,8.744658077300063,0.42140594
14.950000003045712,1.1213996269338915,0.993465773450599,41,12,0.7142857142857143,113,20,226,40,2.896706461906433,9.094320172607269,0.31333655
15.000000003055899,0.8928037327170477,0.6123883969507256,30,14,0.9285714285714286,119,21,224,42,3.223080635070801,8.863983255539809,0.32241982
15.050000003066085,1.5363570227620815,0.8915297372204388,24,12,0.7857142857142857,115,20,231,45,3.279072344303131,9.294292017743073,0.44178894
15.100000003076271,1.2897181702328337,0.7108692393684664,28,12,0.7857142857142857,115,19,229,43,3.1452402472496033,8.012337923844841,0.4497661
15.150000003086458,0.9969919808551965,0.7130804573403522,31,12,0.8571428571428571,119,21,233,45,3.4173384308815002,8.942941538259177,0.5413797
15.200000003096644,1.3607626197016007,0.7495947282724367,22,8,0.5714285714285714,99,16,222,42,3.345937132835388,7.947383837681015,0.663715
15.25000000310683,0.804766831826279,0.7376579057321019,28,11,0.7142857142857143,116,20,227,44,2.852565348148346,8.432077944062106,0.48067227
15.300000003117017,1.4741712593552327,1.2179707169458607,33,12,0.7142857142857143,119,21,219,41,2.8645575046539307,8.915977627515828,0.6385855
15.3500000031272,1.051007389559117,0.9537254457728821,30,11,0.7142857142857143,121,19,222,44,2.9019156098365784,7.867015311543399,0.5332927
15.40000000313739,1.0058895328671333,0.7157748975560462,35,11,0.7142857142857143,119,18,233,43,2.93258398771286,8.08345737769586,0.4705264
15.450000003147572,1.8939387834717047,1.6085968050964639,39,12,0.7142857142857143,112,17,216,40,2.9680103063583374,8.59044429827816,0.6239822
15.500000003157762,1.7227493738778819,1.2773856830620827,42,13,0.7857142857142857,118,21,225,38,3.3682140707969666,7.880061960026019,0.45027733
15.550000003167948,1.8149089404468988,1.3582369675623676,28,13,0.7142857142857143,123,22,229,43,3.0182284116744995,7.518751161338528,0.3392027
15.600000003178131,1.9648599828023405,1.370270525301315,30,11,0.7142857142857143,117,19,237,42,3.3812054991722107,7.550213224416309,0.56233644
15.650000003188321,1.7997630696763145,1.315456751977166,39,14,0.7857142857142857,127,22,236,44,3.080722987651825,7.5907349476258545,0.37177348
15.700000003198507,1.799420318559539,1.3047530616607652,34,12,0.7857142857142857,124,23,236,42,3.217063248157501,7.392613626566282,0.33009163
15.750000003208694,1.6729914529821195,1.6884735651282479,34,11,0.6428571428571429,111,20,206,39,3.2183560729026794,8.870771350074973,0.64794147
15.80000000321888,1.4652238407661389,1.2193429767315647,39,13,0.7857142857142857,107,19,216,37,3.263964056968689,8.44681172070346,0.6219251
15.850000003229066,1.8222975535036743,1.6358325589528044,36,12,0.7142857142857143,115,21,224,39,3.2219186425209045,8.54772640492957,0.6338378
15.90000000323925,1.919925768317908,1.4976344182455876,36,10,0.6428571428571429,108,19,203,37,2.816803455352783,9.08606951607398,0.5234483
15.95000000324944,1.9475552584425522,1.315484111670859,45,13,0.7142857142857143,116,21,224,38,3.222644329071045,8.054013535912397,0.39560577
16.000000003259625,1.3581172488817561,1.1228832399159876,43,14,0.7857142857142857,113,18,223,39,3.319008946418762,8.284405546022517,0.32661247
16.050000003269812,1.5481829958546112,1.1757560650271146,32,11,0.7142857142857143,111,19,208,39,3.19418728351593,8.746587713633618,0.5582864
16.10000000328,1.6642538480314109,1.3619908247468366,32,11,0.7142857142857143,113,19,216,40,3.130681812763214,8.842750730549964,0.49056262
16.150000003290184,1.7407576227603674,1.3461863897798774,46,13,0.7857142857142857,116,22,206,35,2.8845825791358948,8.749670911098102,0.3763258
16.20000000330037,1.5122371217728312,1.2070235793963013,39,13,0.7857142857142857,112,18,215,39,2.8532010316848755,8.597808361848136,0.46383572
16.25000000331056,1.226703357313558,1.135546373811664,40,13,0.7857142857142857,113,20,211,38,2.976950705051422,8.512031874413255,0.4328424
16.300000003320744,2.0371406846206823,1.6923862962298906,43,13,0.7857142857142857,110,21,207,37,3.241587281227112,8.918345508240142,0.65377367
16.35000000333093,2.0883623443865047,1.6433775186241903,29,11,0.6428571428571429,105,18,204,38,3.0643025040626526,9.229673071415379,0.63814837
16.400000003341116,1.6321126090228755,1.0241866095248073,34,12,0.7142857142857143,107,20,213,37,3.1539854407310486,8.135514031028368,0.4389469
16.450000003351303,1.6816145219246814,1.5018891186877612,46,13,0.7142857142857143,117,21,222,39,2.6807552576065063,8.895826070765098,0.44975388
16.50000000336149,1.5023579118313783,1.3442098543534406,39,13,0.7142857142857143,112,22,221,40,2.8598278760910034,8.894683025184955,0.4709342
16.550000003371675,1.5251966028179555,1.4651200789389365,40,13,0.7142857142857143,115,20,215,39,2.6361900568008423,9.41108140916291,0.5642249
16.60000000338186,1.83933893221535,1.5867344069341494,40,11,0.6428571428571429,115,20,210,38,2.86448210477829,9.774614893149147,0.44737357
16.650000003392048,1.3933066959947682,1.1295062542667935,36,12,0.7142857142857143,104,17,211,38,3.124952018260956,9.58525608529711,0.5485754
16.700000003402238,1.0761739187591965,1.1221348893956675,43,13,0.7857142857142857,113,21,219,40,2.829812467098236,9.131252098555986,0.47806832
16.75000000341242,1.6570041231320483,1.4342725822847255,34,10,0.6428571428571429,107,18,207,38,2.835644483566284,9.55377940218642,0.64384496
16.80000000342261,1.355083949685615,1.143678171902092,39,13,0.7142857142857143,116,22,219,40,2.6617425680160522,8.870888968009263,0.47921687
16.850000003432793,2.1032921537046882,1.4618433305479237,37,9,0.5714285714285714,111,21,205,38,2.6427024602890015,9.294795261314936,0.6012646
16.90000000344298,1.9268777979667586,1.648244484140846,36,12,0.6428571428571429,116,19,210,37,2.8690478205680847,9.264177924193318,0.59442407
16.950000003453166,1.3995185232115104,1.2021473894630177,36,13,0.7857142857142857,110,19,210,38,3.1964880228042603,8.247487135290124,0.60341036
17.000000003463352,1.6574520184218824,1.3552559303989509,44,11,0.6428571428571429,116,24,214,38,2.7534013986587524,8.682245377952942,0.45442212
17.05000000347354,1.3377616562437058,1.080330200209109,36,12,0.7142857142857143,121,22,216,37,2.71689772605896,8.16680590154526,0.26129884
17.100000003483725,1.275448865990684,1.0795363427772364,40,12,0.7142857142857143,110,20,213,39,3.0100929737091064,8.415435677442629,0.50927037
17.15000000349391,1.6380410445973705,1.106759562057055,43,12,0.7857142857142857,113,21,213,37,2.782467305660248,8.650533208926037,0.46183407
17.200000003504098,1.0061496327592891,0.8602893649356387,41,13,0.7857142857142857,110,21,212,38,3.2553696632385254,8.671135843061997,0.41972917
17.250000003514284,0.8429418192875695,0.9340472997421232,41,12,0.7857142857142857,120,21,222,40,2.962203621864319,8.481118123643379,0.51368135
17.30000000352447,1.7200840538670343,1.658731052343869,36,12,0.7142857142857143,102,17,202,38,3.0216896533966064,9.272284361048877,0.6794418
17.350000003534657,1.5913587105152582,1.5470664364015274,31,12,0.7142857142857143,111,19,216,37,3.2348909974098206,8.699337854644513,0.4609111
17.40000000354484,1.565848579095341,1.4075810697502256,37,12,0.7142857142857143,113,17,217,40,3.4138038754463196,8.422416898503533,0.5936667
17.45000000355503,1.3771122894917867,1.2676402907667654,39,13,0.7142857142857143,113,21,207,37,3.1583988666534424,8.68448470686154,0.48464108
17.500000003565212,1.516777581806886,1.302095734857832,42,12,0.7142857142857143,115,21,213,39,3.2377558946609497,8.94916770287871,0.47161672
17.550000003575402,1.4270158328378977,1.30678824649967,38,11,0.6428571428571429,111,21,208,38,3.0679839849472046,9.57681525433669,0.63304454
17.60000000358559,1.5381410352748082,1.4871941582725956,35,10,0.6428571428571429,113,19,202,35,3.225782811641693,8.884698049598905,0.5815589
17.650000003595775,1.6521430695981767,1.3813118256479844,39,12,0.7142857142857143,111,19,210,38,3.136875331401825,9.38111212140825,0.51499915
17.70000000360596,1.8512020611249747,1.5147912252936016,41,11,0.5714285714285714,113,20,206,38,3.1065043807029724,9.787230279449473,0.49766356
17.750000003616144,1.6667012355961344,1.519046578725355,40,12,0.7142857142857143,113,21,215,38,3.1912559270858765,9.486573502776166,0.5321727
17.800000003626334,1.322830261753594,1.2732080303048423,38,11,0.7142857142857143,114,22,210,36,2.877192497253418,8.966786746082,0.5483484
17.85000000363652,1.2647008801077073,1.0649628507091704,37,11,0.6428571428571429,113,23,222,39,3.162735104560852,9.25385184678313,0.37989748
17.900000003646706,1.54884191622797,1.4263632760576717,29,11,0.6428571428571429,106,18,208,37,3.275444507598877,9.39766687300116,0.6582773
17.95000000365689,1.4791463637712445,1.3627648492127449,32,10,0.6428571428571429,108,21,206,36,2.9915988445281982,9.073499899070887,0.4874986
18.00000000366708,1.2578262969303973,1.1701553981854733,39,14,0.7142857142857143,119,22,216,39,3.003242015838623,8.650925728413332,0.3793549
18.050000003677265,1.3258886405860661,1.3533095550464442,34,10,0.5714285714285714,109,19,211,41,3.1218236684799194,9.204242140513061,0.58604246
18.10000000368745,0.7123246672750678,0.6773239885186524,36,13,0.7142857142857143,116,22,224,40,3.1804051995277405,8.748218122666174,0.32032365
18.15000000369764,0.49809108888899195,0.5352981252446299,42,12,0.7142857142857143,114,24,226,39,3.2511213421821594,8.382738569501802,0.32969964
18.200000003707824,1.7805128134641792,1.6030324916999188,30,12,0.7142857142857143,118,21,205,36,2.724286913871765,8.928887005301194,0.4862885
18.25000000371801,1.2435303100427362,0.8841601995129316,38,12,0.7857142857142857,112,21,215,39,2.957439422607422,8.862361452067198,0.4125837
18.3000000037282,0.8822818202032314,0.886821802677557,37,12,0.7857142857142857,112,22,214,39,3.12976211309433,7.62650949606444,0.3570079
18.350000003738383,0.6618573112839985,0.4388566047688749,36,11,0.7142857142857143,110,20,217,40,3.100656270980835,8.312679006265027,0.34376228
18.40000000374857,1.479273105794531,1.1076276181607934,35,11,0.7142857142857143,114,21,211,39,2.955997586250305,9.371595428416333,0.56413907
18.450000003758756,1.333865752689595,0.9951720626837695,48,11,0.7142857142857143,118,21,224,38,2.8425052762031555,8.641098366561568,0.28887817
18.500000003768942,1.6862570201050593,1.445637245233321,44,12,0.7142857142857143,119,22,226,39,3.1002315878868103,8.749673345469455,0.35923114
18.55000000377913,1.200627597333483,0.9359680121102469,40,11,0.7142857142857143,118,24,218,39,2.779000401496887,8.533386309066033,0.41098267
18.600000003789315,1.5998454348481275,1.284144744847922,37,12,0.7142857142857143,115,21,221,37,3.163605034351349,8.485307629761296,0.4878185
18.6500000037995,1.3267045105396458,0.9664262147876841,32,12,0.7142857142857143,113,22,213,37,3.266763389110565,8.478151913301026,0.43280676
18.700000003809688,1.4725418441009692,1.2585670218072986,32,10,0.7142857142857143,114,22,216,38,2.870050072669983,8.566965973064073,0.44818974
18.750000003819878,1.9110151783507325,1.4235092492881216,31,12,0.7857142857142857,110,20,208,37,3.401380181312561,7.94190156076116,0.5700854
18.80000000383006,1.554187796944397,1.2255650447752777,35,11,0.6428571428571429,109,17,209,35,3.067029118537903,8.31663993902401,0.39757803
18.85000000384025,1.4540286447701587,1.1640073259385328,36,10,0.6428571428571429,110,20,216,37,2.951277196407318,8.847073147919078,0.5145364
18.900000003850433,1.3806739030986004,1.1805172834648823,38,11,0.7142857142857143,109,19,208,39,3.0706816911697388,8.904295592951286,0.53132033
18.95000000386062,1.6062542484231037,1.3985197212022349,39,12,0.7142857142857143,107,20,203,38,3.1533750891685486,9.17019353597416,0.57253003
19.000000003870806,1.131021571458418,0.9749671252116374,36,12,0.7142857142857143,112,21,204,38,3.0886131525039673,9.28929743885667,0.44148704
19.050000003880992,1.4574671171082603,1.2321212090313907,31,11,0.7142857142857143,108,20,206,37,3.2244253158569336,9.492497997312643,0.44389507
19.10000000389118,1.296111622419145,1.2544405399432859,40,12,0.7857142857142857,106,19,209,38,3.257424533367157,9.242049128624572,0.5714264
19.150000003901365,1.6063771525638422,1.4605091277084328,36,12,0.7142857142857143,110,20,198,36,3.2384416460990906,9.803919262087764,0.5130304
19.20000000391155,1.3158214160474646,1.0766851095756103,38,12,0.7142857142857143,107,20,210,39,2.9757651686668396,8.726154891714266,0.57719994
19.250000003921738,1.4607305382149438,1.3448515024062258,36,12,0.7142857142857143,111,20,208,38,3.1009063124656677,9.542797392330895,0.47016186
19.300000003931924,1.2410091387129847,1.2265516165073531,40,12,0.7142857142857143,116,22,205,37,2.934049367904663,9.179606128036912,0.44073248
19.35000000394211,1.9192631457526987,1.416856418093944,31,12,0.7857142857142857,108,20,216,37,3.29025000333786,8.724217498237978,0.5695733
19.400000003952297,1.6810652620601734,1.3071751786181707,28,9,0.5714285714285714,110,22,207,37,3.104420006275177,9.23515155665621,0.48022354
19.45000000396248,1.5404238814653157,1.524539459100922,26,9,0.6428571428571429,107,19,195,36,2.7270162105560303,9.666370499304664,0.7147013
19.50000000397267,1.2393408381015223,0.9681038964352235,37,10,0.7142857142857143,106,21,208,39,3.183681070804596,8.147138291952976,0.39108044
19.550000003982852,1.1207443356555025,1.0367050482836353,39,12,0.7857142857142857,111,21,214,38,2.972623109817505,7.555773984613499,0.33724722
19.600000003993042,1.7943446408095585,1.4258007750425705,33,10,0.6428571428571429,110,19,209,39,3.2324424386024475,7.5375883708869384,0.42229545
19.65000000400323,1.176944646256455,1.0989183909316595,40,12,0.7142857142857143,115,22,212,39,2.582498788833618,7.808103120763699,0.38497007
19.700000004013415,1.1746036420791608,0.98900498271505,41,11,0.7142857142857143,110,24,218,38,3.004521131515503,7.075363781844342,0.37788707
19.7500000040236,1.904634663598975,1.4065553725495492,39,12,0.7142857142857143,112,23,208,38,2.8799188137054443,8.377308084856994,0.4335969
19.800000004033784,0.966968535665843,0.6955725761198106,37,12,0.7142857142857143,119,24,226,42,2.9558998346328735,6.718053602933445,0.27370194
19.850000004043974,0.7627064417547736,0.7440594525701962,41,11,0.7142857142857143,116,24,216,40,2.8750360012054443,6.986877240774616,0.31023842
19.90000000405416,1.1610690681755422,0.7857496248297468,33,12,0.7142857142857143,119,22,223,41,3.1593933701515198,6.4712307544351155,0.22430357
19.950000004064346,1.1219439745461204,0.6893490215052893,32,9,0.6428571428571429,113,20,213,39,3.3441871404647827,6.866835436950893,0.30177742
20.000000004074533,1.7817373809088854,1.5222256258213451,31,10,0.6428571428571429,111,20,203,38,3.214797079563141,7.834525308667439,0.41560328
20.050000004084723,1.0061982914091192,0.6172436296553112,31,10,0.6428571428571429,121,22,222,39,2.9534313082695007,6.327404827551426,0.23203227
20.100000004094905,1.2576012095538287,0.9637349786236071,31,10,0.7142857142857143,115,22,215,39,3.149752914905548,6.835123909112895,0.35671908
20.15000000410509,1.7085148051979149,1.3481350275686967,36,11,0.7142857142857143,110,22,214,36,3.2232260704040527,7.8220811622002095,0.27372
20.20000000411528,1.1259537206855432,0.9600436031556681,33,12,0.7857142857142857,107,21,207,38,3.2757633924484253,7.733518310967096,0.4794818
20.250000004125464,1.4493363435824063,1.3999099510688557,30,10,0.6428571428571429,99,20,198,36,3.1378385424613953,8.38621308572816,0.6229986
20.30000000413565,0.8652158183296945,1.1674346034367193,41,11,0.7142857142857143,112,21,203,38,3.072589933872223,6.94681964435051,0.34462324
20.35000000414584,1.0299069938752092,0.8033091388163188,40,12,0.7857142857142857,107,19,216,39,3.3341485261917114,7.479875994437171,0.44700643
20.400000004156023,0.5119571927141854,0.756023678234518,42,11,0.7142857142857143,111,19,216,39,3.2058045268058777,6.923405796187279,0.29239744
20.45000000416621,1.0844201195181185,0.9425414780487764,37,11,0.7142857142857143,114,19,216,36,3.2965853810310364,7.4740432313125105,0.52744865
20.500000004176396,1.5356430416517617,1.48322401172832,33,11,0.7142857142857143,110,21,207,38,2.9230520129203796,7.6165442737876,0.6066272
20.550000004186582,1.4474743574344484,1.7425871297596962,33,11,0.6428571428571429,104,18,206,37,3.356735408306122,7.5271508727634995,0.6338047
20.60000000419677,1.5774880135119285,1.637761730511753,35,11,0.6428571428571429,106,20,207,37,3.126067817211151,7.911396863641249,0.440987
20.650000004206955,1.14449603061161,1.0523309821725293,27,10,0.6428571428571429,107,17,206,37,3.005734086036682,7.650057267265105,0.5093788
20.70000000421714,1.3723172505078334,1.2010158447007862,29,10,0.6428571428571429,108,19,201,35,3.358202576637268,7.863120385122828,0.6047636
20.750000004227328,1.3333863645952813,1.282324026882069,20,9,0.5714285714285714,100,20,195,36,2.9886725544929504,7.554195803711883,0.6456866
20.800000004237518,1.1340234102190334,1.0767266986833715,30,11,0.7857142857142857,104,19,206,37,3.1240689754486084,6.861390413171584,0.4156105
20.8500000042477,0.8521414888983726,0.7576246100693131,40,13,0.7857142857142857,121,24,219,40,3.1318917870521545,5.877815705108764,0.2706024
20.90000000425789,0.6610910114501489,0.5588597991872789,46,13,0.7857142857142857,115,21,220,38,3.008231818675995,5.838351190005993,0.28070283
20.950000004268073,0.6893558011504866,0.6197742754567965,43,11,0.7142857142857143,118,23,219,37,2.853188216686249,6.190982280602855,0.35702026
21.00000000427826,1.0047886607243797,0.8877393482363821,38,11,0.6428571428571429,109,21,209,38,2.6741808652877808,6.138775848227169,0.4182355
21.050000004288446,0.3780971699496092,0.5167868018310166,48,12,0.7857142857142857,116,21,232,38,3.1201744079589844,5.5550122910526945,0.21841417
21.100000004298632,0.9059989186131461,0.7851152375614749,41,12,0.6428571428571429,112,18,216,39,3.1671467423439026,6.157577569389003,0.37554413
21.15000000430882,0.8081010336498285,0.5549532682107885,41,13,0.7857142857142857,115,20,222,37,3.058219850063324,6.157899399636069,0.2993304
21.200000004319005,1.1739250890120396,1.0124883019776891,30,11,0.6428571428571429,113,20,209,37,3.217863142490387,7.301002818019002,0.5492827
21.25000000432919,0.6313338721425867,0.1716994056587769,37,13,0.7857142857142857,115,21,229,38,3.355497717857361,6.484363131750852,0.2845556
21.300000004339378,0.4727168611559989,0.5203114482636468,43,12,0.6428571428571429,119,24,237,41,3.1184908747673035,6.26570449796052,0.38372302
21.350000004349564,0.9824440757850641,0.7707756168510137,34,10,0.6428571428571429,106,19,210,38,3.0666884779930115,6.283608803966123,0.5015186
21.40000000435975,1.2125786963030234,0.8782691869961874,42,11,0.6428571428571429,108,22,219,39,2.8191527724266052,6.446491876830942,0.51349545
21.450000004369937,1.280929254492005,1.062854592509129,30,12,0.6428571428571429,113,20,223,40,2.9980188608169556,6.704779005816128,0.4583804
21.50000000438012,1.181034010594388,1.1081998216729647,37,12,0.7142857142857143,116,22,222,39,3.1820398569107056,6.283589921677528,0.45888868
21.55000000439031,1.478112620025176,0.8644715062302221,36,12,0.7142857142857143,113,19,218,38,3.058435320854187,6.732793494945666,0.27923262
21.600000004400492,1.0080222018538032,0.35598949474073155,35,12,0.7142857142857143,117,21,221,39,3.0323168635368347,5.970122384176655,0.27731445
21.650000004410682,1.0684540930984103,0.7712997709403955,43,14,0.7857142857142857,122,24,232,38,3.1532829999923706,6.581402507736058,0.32066497
21.70000000442087,1.1718769906365285,0.582869694949762,35,13,0.7857142857142857,119,22,229,37,3.1007978320121765,5.907665858704991,0.23575616
21.750000004431055,1.640033541360427,1.202583962742803,41,11,0.7142857142857143,112,21,215,38,2.919212579727173,6.706256330636862,0.4719373
21.80000000444124,1.2747254341779164,1.1073388858867148,35,11,0.7142857142857143,112,22,218,39,2.9475730657577515,6.597616599600178,0.51184726
21.850000004451424,0.877663594039524,0.7392760239850272,40,11,0.7142857142857143,122,24,231,42,2.903755009174347,6.107319993395874,0.32364023
21.900000004461614,1.6085253140377556,1.4304451831151785,38,10,0.6428571428571429,109,20,217,38,3.065026104450226,7.285210881710693,0.55377424
21.9500000044718,1.368523873433933,1.0531703509257426,37,12,0.7142857142857143,109,21,212,37,3.036906123161316,7.093579894211519,0.53269875
22.000000004481986,1.8447710605553083,1.4429745197098107,35,12,0.7142857142857143,104,20,214,39,3.1358295679092407,6.760260717302096,0.7341571
22.050000004492173,1.1632698628391223,0.7628522398038189,44,11,0.6428571428571429,113,22,224,38,2.9399842023849487,6.3290714006514825,0.38328302
22.100000004502363,1.4026327595012824,0.9549574292065123,34,11,0.7142857142857143,108,21,217,39,2.8093719482421875,6.5902009069252365,0.53985417
22.150000004512545,1.0584619300694056,0.8270864930061682,36,12,0.7142857142857143,115,21,223,38,3.1118586659431458,6.292363041642073,0.43668848
22.20000000452273,1.1984615260914435,0.8853131652797748,40,13,0.7857142857142857,112,22,225,39,2.8246963024139404,6.167825650109471,0.39395717
22.25000000453292,1.3175326043478177,0.8664359984916585,42,12,0.7142857142857143,121,23,224,40,2.9095155000686646,5.610929239825024,0.2732752
22.300000004543104,1.7653207068934433,1.2088296391942963,25,14,0.7142857142857143,123,22,242,44,3.1634747982025146,4.456695386978495,0.1770379
22.35000000455329,1.588419028774641,0.9821718572953398,28,12,0.7142857142857143,130,23,226,40,3.104483187198639,4.513133596701753,0.17413816
22.40000000456348,1.7435655541261532,1.111580037453236,35,14,0.8571428571428571,140,28,242,40,3.097772002220154,3.450122648556304,0.20038015
22.450000004573663,1.65292380687703,0.6954888977625546,32,12,0.6428571428571429,121,22,231,40,3.0596500635147095,4.320033587014045,0.13042751
22.50000000458385,1.4739696537253668,0.7797858946475101,37,12,0.7142857142857143,123,25,226,38,3.0980533361434937,5.751829813473535,0.33307505
22.550000004594036,1.6091869415291307,1.2058216585982133,35,11,0.5714285714285714,127,24,240,43,3.030287027359009,5.164352681685447,0.2806064
22.600000004604222,1.2272083348805531,0.4743535750413833,37,12,0.7142857142857143,115,21,222,39,3.290787637233734,5.564030882582243,0.34656668
22.65000000461441,2.126268821261907,1.348943886279443,27,12,0.7142857142857143,124,21,233,40,3.270294666290283,4.292006567939488,0.17585063
22.700000004624595,2.0430566585725343,1.301413548543483,27,11,0.7142857142857143,121,22,238,42,3.3160874247550964,4.469853669410586,0.33271798
22.75000000463478,2.4224820679021537,1.7363130402001559,28,13,0.7142857142857143,124,22,238,44,3.26443612575531,3.6554032950081794,0.2905002
22.800000004644968,2.4840312249966088,1.6819163176262075,34,13,0.7142857142857143,124,23,245,44,3.1731727719306946,3.0343936336058075,0.19508311
22.850000004655158,2.188035441917879,1.396344501139968,29,13,0.7142857142857143,130,23,231,40,3.241519033908844,2.9752415102349428,0.13022143
22.90000000466534,1.8646579222271267,1.3308812532427727,33,13,0.7142857142857143,117,20,236,44,3.178091049194336,3.8952979636218554,0.396817
22.95000000467553,2.1437123159116545,1.4912007991879568,35,13,0.7857142857142857,130,24,244,45,3.1121021509170532,3.0812027304084655,0.29183817
23.000000004685713,1.9879215959850407,1.2806510371764461,31,13,0.7857142857142857,131,24,243,44,3.044806718826294,3.367894715671733,0.2066918
23.0500000046959,2.3219933922105427,1.5357125708459105,36,15,0.8571428571428571,126,22,234,43,3.2455140352249146,3.205562044902157,0.21805355
23.100000004706086,2.0159424144201625,1.461899818500971,31,13,0.7857142857142857,131,23,242,43,3.2543593645095825,2.5410172988782964,0.15459493
23.150000004716272,2.419345956959663,1.6150858072435388,37,12,0.6428571428571429,133,24,251,42,3.0867773294448853,2.5564604665351442,0.16914412
23.20000000472646,2.2049851651158145,1.4231061082878949,31,14,0.7857142857142857,129,27,243,43,3.044498562812805,3.2989917740535457,0.13913977
23.250000004736645,2.147167951363951,1.4468521271731158,32,13,0.7857142857142857,130,22,248,43,3.01444411277771,2.7491378684627943,0.121583275
23.30000000474683,1.8999970028892998,1.261556830992162,31,10,0.5714285714285714,116,19,232,43,3.444764018058777,4.145955244510775,0.31944418
23.350000004757018,2.0648387965578556,1.291452688130428,33,13,0.7857142857142857,121,22,229,41,3.198513090610504,3.7624722235284835,0.24712425
23.400000004767204,1.8002801128911041,1.159431253137639,34,11,0.6428571428571429,122,21,224,41,3.0300551652908325,4.4305198188173645,0.20647463
23.45000000477739,2.6845894096846434,1.9003387403820635,24,13,0.7142857142857143,128,24,238,45,3.1341198086738586,3.880699470331095,0.2573517
23.500000004787577,1.8743909175360844,1.1994768149743604,38,14,0.7857142857142857,121,21,226,39,3.272715210914612,4.235837907560516,0.2784716
23.55000000479776,1.8208621515986723,1.0337178418816189,34,12,0.7142857142857143,122,21,227,41,2.8231793642044067,3.8406470046943575,0.37018698
23.60000000480795,1.6722409357275452,1.0339605658032656,40,15,0.7857142857142857,130,22,232,43,3.1732752919197083,3.7810742690065613,0.20640492
23.650000004818132,2.2154543223576106,1.429304774416438,34,15,0.8571428571428571,130,24,239,40,3.100636899471283,4.493312413099302,0.24567059
23.700000004828322,1.511491532580669,1.0959725811157721,32,14,0.8571428571428571,115,18,221,40,3.25952410697937,4.877747277429636,0.27853304
23.75000000483851,3.0646013433746573,2.056266073111174,32,12,0.7142857142857143,123,21,240,43,3.1628039479255676,4.301941581827453,0.27317536
23.800000004848695,2.5986821952677737,1.9088150390572456,26,12,0.7142857142857143,114,20,225,43,3.1735458970069885,5.188599075549565,0.4999979
23.85000000485888,2.1490928139672976,1.2033233695809005,37,15,0.8571428571428571,131,26,240,44,3.071310818195343,4.409515791089653,0.24489738
23.900000004869064,2.4373515464778697,1.3248832219268016,33,13,0.7857142857142857,119,22,231,42,3.0735474824905396,4.509039418219469,0.39831305
23.950000004879254,2.3113611675970547,1.4086110653246369,30,14,0.7857142857142857,119,20,226,42,3.20605605840683,4.467681066656075,0.31901616
24.00000000488944,1.6609367617229807,1.1596412219497556,28,13,0.8571428571428571,124,20,234,42,3.198274075984955,4.078131506599183,0.1931431
24.050000004899626,1.867557597442464,1.3694195956260602,38,13,0.8571428571428571,130,24,228,42,3.0021634697914124,4.733222884208699,0.30759135
24.100000004909813,1.6336293683656378,1.3759839371699174,32,11,0.7142857142857143,125,23,227,41,3.226175308227539,5.068918222006706,0.26544255
24.150000004920003,1.8709031853401148,1.3374909014423044,35,13,0.7857142857142857,131,24,251,44,3.1896281242370605,4.623333497364612,0.1721589
24.200000004930185,2.5612361466889357,1.7350364956692157,26,13,0.7857142857142857,135,24,247,44,3.2920122146606445,4.373147322070681,0.12994051
24.25000000494037,2.3493728092259962,1.5522856269585028,33,14,0.7857142857142857,144,23,248,45,3.260403275489807,4.159587494604269,0.08676404
24.30000000495056,2.1176866802920085,1.401610142154745,36,14,0.7857142857142857,133,26,249,43,3.309791386127472,4.715147087392717,0.16011807
24.350000004960744,2.5337509505627693,1.8139937633968464,41,15,0.8571428571428571,141,26,256,46,3.1498178839683533,4.325667254659917,0.13597354
24.40000000497093,2.4795678602397384,1.6071427836959609,39,16,0.8571428571428571,139,25,250,48,3.2467931509017944,4.976138511662711,0.16569419
24.45000000498112,2.249378049545739,1.470859884517287,33,13,0.7857142857142857,132,25,248,43,3.1961876153945923,4.908914726158562,0.13970199
24.500000004991303,2.5773271448996886,1.691946202606097,26,12,0.7142857142857143,131,23,247,44,3.164224326610565,4.857031233242006,0.1293509
24.55000000500149,1.960717323003292,1.1678326818494231,30,12,0.6428571428571429,123,22,233,43,2.9084068536758423,5.037646585046929,0.22867501
24.600000005011676,2.3761668608009123,1.413605912846202,41,14,0.7857142857142857,127,23,230,43,2.9009196162223816,5.331901069377691,0.2926839
24.650000005021862,2.4933362167863917,1.4639902743763917,35,15,0.8571428571428571,123,22,226,41,2.817647159099579,5.314707339446203,0.53759533
24.70000000503205,2.2053603225873553,1.2956114118580622,36,14,0.8571428571428571,128,23,238,42,3.0882826447486877,5.555392280726723,0.22863191
24.75000000504224,2.636901390513267,1.5814436898752096,27,14,0.8571428571428571,117,21,232,43,3.1805500388145447,6.164087665539197,0.504566
24.80000000505242,2.4184067629562414,1.6504016229991112,33,15,0.8571428571428571,117,20,234,41,3.1229814887046814,5.820418826120335,0.5185366
24.850000005062608,2.5074578994533048,1.496839317923012,34,14,0.7857142857142857,118,20,240,46,2.9028746485710144,5.470087456215875,0.26247936
24.900000005072798,2.515873538053175,1.4524601562746309,29,15,0.8571428571428571,118,22,225,43,3.211390972137451,5.560783161916811,0.5092611
24.95000000508298,2.7185694082958363,1.6677090135130046,45,15,0.8571428571428571,128,24,253,46,3.032219409942627,5.1896911036007065,0.075904146
25.00000000509317,2.576770099877246,1.488521980227277,37,14,0.7857142857142857,131,26,238,43,3.269927501678467,4.92793320043833,0.21468386
25.050000005103353,2.329545637727063,1.330693604974659,37,12,0.7142857142857143,129,24,248,45,3.1461945176124573,5.4681852497680605,0.09079225
25.10000000511354,2.051912568090419,1.4034735884430274,35,13,0.7142857142857143,131,23,240,42,2.9818961024284363,5.4195904907757875,0.2578811
25.150000005123726,2.4758487880972,1.5307219673622694,38,14,0.7857142857142857,128,24,246,46,2.906629741191864,5.318729629975714,0.27304995
25.200000005133912,2.288522913820218,1.5514145658137533,37,15,0.7857142857142857,139,25,254,44,3.013516366481781,4.545474482219367,0.17694037
25.250000005144095,2.305480921302757,1.556730240292978,41,14,0.7142857142857143,143,29,248,45,3.040023446083069,4.349824913208913,0.16012539
25.30000000515428,2.3470941376847225,1.5589696910054365,42,15,0.8571428571428571,140,27,248,44,3.228873312473297,4.637812466179705,0.24311513
25.350000005164468,2.298422694086448,1.4315868432301633,34,14,0.8571428571428571,130,25,237,42,3.1363779306411743,4.971965464465544,0.30272037
25.400000005174654,2.190010601816588,1.2906613932461806,39,14,0.7857142857142857,134,25,236,42,3.1487980484962463,4.939914352522132,0.3155796
25.45000000518484,2.113209634236977,1.3323810357604917,32,13,0.7142857142857143,135,27,235,41,3.3778879046440125,5.224266994880065,0.18415153
25.500000005195027,2.498506723054301,1.8498146939641902,34,15,0.7857142857142857,131,23,250,43,3.160930871963501,4.722933458609058,0.20706737
25.550000005205213,2.2264073287200534,1.597203412922851,48,15,0.7857142857142857,137,24,243,42,3.1161969900131226,4.5743926651384825,0.20925996
25.6000000052154,1.7385250376820638,1.2575420981904237,41,15,0.7857142857142857,134,26,242,41,3.0881714820861816,4.400827274185097,0.27657837
25.650000005225586,2.2887484667422715,1.5312784117978449,39,16,0.8571428571428571,136,25,247,42,3.2566851377487183,3.563238157016091,0.21978834
25.700000005235772,2.81585217314173,2.0199891657879236,29,14,0.7142857142857143,133,25,254,45,3.067902624607086,3.7235130865458643,0.2736238
25.75000000524596,2.5378100985219354,1.7601749426660995,36,14,0.7142857142857143,142,29,251,43,3.1934434175491333,3.694637025280212,0.19259295
25.800000005256145,2.9066364106146576,2.0164766835426677,33,15,0.7142857142857143,141,25,252,44,3.3363866806030273,3.2723563326059413,0.1826857
25.85000000526633,2.524295798991737,1.8151297630419165,34,15,0.7857142857142857,140,25,245,41,3.1990450620651245,3.3593656587378984,0.15201563
25.900000005276517,2.714071670923681,2.0775572818450874,36,12,0.7142857142857143,141,26,245,45,2.986959218978882,3.23690362375058,0.12487741
25.950000005286704,2.628695986839797,1.859757668264825,37,15,0.8571428571428571,145,28,256,45,3.163943290710449,3.862429465161714,0.1654593
26.00000000529689,1.9922565094652966,1.4239130264323452,47,16,0.8571428571428571,143,27,245,43,3.1198883056640625,4.5785805226779885,0.11805192
26.050000005307076,2.4393854672015984,1.7121196135468022,35,14,0.7142857142857143,139,26,236,42,3.2526198029518127,4.23938875841765,0.09425636
26.100000005317263,2.5545140734483547,1.932536952690589,35,15,0.7857142857142857,144,28,249,44,3.038606643676758,4.434225492768693,0.21639122
26.15000000532745,2.5099486676014875,1.9908287633578539,36,15,0.7142857142857143,139,26,247,43,3.2453465461730957,4.709277980837099,0.18040374
26.200000005337635,3.0067080363599747,2.227986877027085,37,16,0.8571428571428571,145,27,256,48,3.1764614582061768,4.070365607289288,0.08486627
26.25000000534782,3.050945458584681,2.3683750727561317,36,15,0.7142857142857143,139,25,252,45,3.2718175649642944,3.8432315924689764,0.12856287
26.300000005358008,2.9476721030409685,2.1941721644476764,44,15,0.7857142857142857,148,26,258,45,3.1819653511047363,4.167907086597049,0.07323975
26.350000005368194,2.5771575852724746,1.7130343690738303,43,16,0.8571428571428571,140,25,246,46,3.0944135785102844,4.463459330562438,0.1471169
26.40000000537838,2.6225267252926865,1.7676127672093787,35,15,0.7142857142857143,144,26,253,47,3.10652494430542,3.823220509776153,0.10794924
26.450000005388567,2.9118524561830688,1.969908118966082,43,16,0.7857142857142857,145,28,254,47,3.190336525440216,3.972904732221547,0.11016539
26.500000005398753,2.8456252130318123,1.774769817895381,42,16,0.8571428571428571,146,26,264,47,3.1644821166992188,4.043650032840551,0.08489691
26.55000000540894,2.7928137414046934,2.0329317292593503,46,15,0.7857142857142857,144,26,260,48,3.2082346081733704,3.681270585213534,0.11819949
26.600000005419126,2.007245466158801,1.424154659960716,34,13,0.7142857142857143,135,25,244,42,3.127753734588623,4.193042995237004,0.19311191
26.650000005429312,2.260732636282425,1.6871684857597034,32,15,0.7857142857142857,136,24,242,41,2.9406890273094177,4.049771947958591,0.16089034
26.7000000054395,2.205680737888305,1.4547482737459978,33,14,0.7142857142857143,145,27,253,46,3.131265938282013,4.488942624784915,0.23499307
26.750000005449685,2.191119381414304,1.9472230906958468,34,13,0.7142857142857143,138,25,247,41,3.2301366329193115,3.709692212975817,0.16741148
26.80000000545987,2.677361037787478,1.869791193298986,36,14,0.7857142857142857,147,29,251,46,3.238234519958496,3.807566943900902,0.1763161
26.850000005470058,2.0719945460125078,1.511305185509424,39,15,0.8571428571428571,137,25,244,41,3.0310705304145813,4.903358248521972,0.12657055
26.900000005480244,2.6002344904307795,1.8564930513231341,34,13,0.7857142857142857,142,26,250,44,3.1206077337265015,4.982496218782035,0.14076261
26.95000000549043,2.35954994044284,1.78631980332733,37,14,0.7857142857142857,139,28,251,45,2.9823020100593567,5.369485509677503,0.12797521
27.000000005500617,2.891544931697137,2.0717202620866875,42,15,0.7857142857142857,144,27,259,45,3.1732720136642456,4.98216955119438,0.13719934
27.050000005510803,2.470107190976213,1.6227221413204127,37,14,0.7142857142857143,140,24,247,44,3.135312795639038,4.479130303387375,0.21276231
27.10000000552099,2.776457054740118,1.930033876843834,31,13,0.7142857142857143,141,24,249,44,3.1854039430618286,5.045066466869654,0.13363536
27.150000005531176,2.9656577184473285,1.9889916686167237,31,13,0.7857142857142857,144,29,257,46,3.279532790184021,4.4926629110903615,0.07262288
27.200000005541362,3.033306459849841,2.1942008539389515,31,14,0.6428571428571429,138,25,257,45,3.0471819639205933,4.756737989409139,0.10204144
27.25000000555155,2.5587303935725685,1.6657396510719407,40,15,0.8571428571428571,145,27,252,45,2.980472147464752,4.523524268225616,0.19030906
27.300000005561735,2.509037360549131,1.7746199626003696,30,14,0.7142857142857143,137,26,245,44,2.8743696212768555,5.180198475118818,0.18329555
27.35000000557192,2.4134845273402035,1.63895147775327,37,14,0.7857142857142857,139,26,249,45,3.0558013916015625,4.875500014496037,0.26424122
27.400000005582108,2.761013609633469,2.025476722872032,43,14,0.7142857142857143,141,24,253,45,3.2309192419052124,4.742101986870697,0.15169871
27.450000005592294,2.499135973874364,1.9024346402383576,36,15,0.7857142857142857,143,27,251,47,3.1201669573783875,4.767035692776727,0.1779297
27.50000000560248,2.4550489744730633,1.9899776667327915,30,11,0.5714285714285714,133,24,251,44,3.3292359113693237,5.1820114201016665,0.21923986
27.550000005612667,2.3607549884992283,1.6902339726148221,36,12,0.6428571428571429,138,26,245,42,3.205409348011017,4.575075799540063,0.19108883
27.600000005622853,2.3424901059098686,1.5918844806047194,27,13,0.7142857142857143,135,25,244,44,3.187592327594757,4.104435218472098,0.10758194
27.65000000563304,2.437718941100688,1.643781465320534,26,11,0.5714285714285714,135,24,240,43,3.3376500010490417,4.716708037783572,0.094991215
27.700000005643226,2.4874811016561265,1.9510300527160254,34,12,0.7142857142857143,144,28,256,47,3.2096368074417114,4.261199068573331,0.15703659
27.750000005653412,2.681110362763552,2.0183040543173076,46,16,0.8571428571428571,145,27,248,44,3.214696943759918,4.717420816949263,0.07533217
27.8000000056636,2.7425331401521986,2.1172766525607076,30,11,0.5714285714285714,140,26,257,47,3.2615241408348083,4.748864678738398,0.15727754
27.850000005673785,2.822124207975322,2.0891796221213874,32,14,0.7857142857142857,136,26,250,48,3.2113954424858093,5.176599355281768,0.18677385
27.90000000568397,1.9814521052622303,1.2502414882465651,31,14,0.7857142857142857,134,25,246,44,3.1015020608901978,5.9729562876386755,0.23171595
27.950000005694164,2.2068022294167116,1.4865574166502227,36,15,0.8571428571428571,143,25,249,45,3.1045225262641907,4.4612594634338,0.09671556
28.000000005704344,2.5225591741983795,1.8802414745806066,33,15,0.7857142857142857,142,26,251,47,3.058171570301056,4.9540818073959425,0.09681215
28.05000000571453,3.003457069301769,2.006583147798992,31,11,0.5714285714285714,140,25,255,46,3.1841206550598145,5.2512167830813095,0.19216199
28.100000005724716,2.362974078419304,1.7785366107133629,34,14,0.7857142857142857,137,25,249,44,3.2024383544921875,5.169880243003844,0.18653816
28.150000005734903,2.1597008456508924,1.694238080968139,36,15,0.8571428571428571,135,23,249,43,3.307407796382904,5.298866731631868,0.15286213
28.20000000574509,1.5772707206549614,1.1912906588691776,42,14,0.7857142857142857,132,23,229,42,3.150940239429474,5.686180858878993,0.28398573
28.250000005755275,1.903019119972786,0.914210844761931,41,14,0.8571428571428571,135,25,235,41,3.1716540455818176,5.64234760875479,0.25583404
28.30000000576546,1.3682310018828145,0.933576697385562,38,14,0.7857142857142857,133,25,228,43,3.2880258560180664,4.815616144685055,0.15946513
28.350000005775648,2.1636885107658657,1.5640149174673834,34,14,0.7142857142857143,139,25,251,45,3.133745491504669,3.828383350868112,0.14518067
28.400000005785834,3.022575207027856,1.9663305234719655,40,15,0.7857142857142857,142,28,260,48,3.1339210271835327,3.1707876740514607,0.051134735
28.45000000579602,2.560194186694237,1.8064923433871032,38,16,0.8571428571428571,139,27,259,47,3.2492291927337646,3.238219360860164,0.15407893
28.500000005806207,2.2528666159740918,1.7158725177686904,34,14,0.7142857142857143,134,26,248,47,3.315492272377014,3.946965950137047,0.28021264
28.550000005816393,2.4668104710910224,1.7986340829878988,31,14,0.7857142857142857,135,24,246,45,3.183205723762512,4.020125704682789,0.24592261
28.60000000582658,2.447464183060148,1.9920424194675157,26,12,0.6428571428571429,134,24,245,48,3.2362329959869385,3.5382614075285534,0.1293522
28.650000005836766,2.4848684127533867,1.9004896024976583,35,14,0.7857142857142857,138,25,247,47,3.2858386635780334,4.153250968745521,0.14061223
28.700000005846952,2.078452230880901,1.409489432659765,26,13,0.7142857142857143,127,21,228,41,3.1267809867858887,4.152821001788594,0.3256919
28.75000000585714,2.392437775235328,1.611165319351412,36,14,0.7857142857142857,134,24,245,44,3.056156039237976,3.8777051779011096,0.1804878
28.800000005867332,2.626913063941906,2.068613265189208,33,13,0.6428571428571429,135,24,249,48,3.047257959842682,3.127227204292957,0.18593106
28.85000000587751,2.522086460781588,1.6552404103719782,33,13,0.7142857142857143,135,26,247,42,3.202093541622162,4.3763376520761454,0.112629846
28.900000005887698,2.0520911765355447,1.582247063209988,42,13,0.7142857142857143,140,25,253,45,3.2575613260269165,4.55258454165266,0.0845636
28.950000005897884,2.538321432612049,1.9645245135595923,30,11,0.5714285714285714,135,22,248,45,2.9981550574302673,4.256101389501161,0.18313557
29.00000000590807,2.5439867348720386,1.6976353005436744,29,13,0.7142857142857143,132,23,236,44,2.9975637793540955,4.899350501420914,0.06550927
29.050000005918257,2.457812295603712,1.819464707275528,27,14,0.7142857142857143,129,22,241,45,3.205675482749939,3.8747863254526482,0.25064367
29.100000005928443,2.651096433698119,1.8958574245532822,35,14,0.7142857142857143,131,24,242,42,3.181942403316498,3.686149359274822,0.2252037
29.15000000593863,2.338058111099351,1.6466540412989341,36,14,0.7857142857142857,135,26,253,44,3.105267584323883,3.7831938033015255,0.12213512
29.200000005948816,2.274050382377154,1.5127502586430297,29,12,0.6428571428571429,130,25,240,43,3.1599220633506775,4.4956090315999475,0.14992991
29.250000005959002,2.01707042191333,1.5474630337400217,27,14,0.7857142857142857,130,23,244,43,3.2768800854682922,4.228144268213523,0.22957757
29.30000000596919,2.1723072840561723,1.3896214173554335,36,14,0.7857142857142857,133,24,251,46,3.1911122798919678,3.9343859011376114,0.15839547
29.350000005979375,2.4083059572483996,1.9449814606132265,28,10,0.5714285714285714,133,25,243,45,3.182568848133087,3.934313477395044,0.23071137
29.40000000598956,2.2168266519041673,1.7706019907718915,22,13,0.7142857142857143,121,20,238,43,3.308735191822052,4.426855211698042,0.261306
29.450000005999748,2.369858578739613,1.791711323111749,30,12,0.6428571428571429,125,23,243,42,3.059741258621216,4.120093845668968,0.16661045
29.500000006009934,2.3143358828321947,1.7761609665225075,28,14,0.7142857142857143,128,21,243,42,3.103562891483307,4.502968258750668,0.20825276
29.55000000602012,2.388553880251812,1.8595620507598178,28,13,0.6428571428571429,123,19,243,44,3.1862035393714905,5.000748890959645,0.22594249
29.600000006030314,2.04104714475936,1.3008168566470035,29,11,0.6428571428571429,127,22,232,42,3.0935677886009216,5.15197011758163,0.087960415
29.650000006040493,2.19971642205624,1.2576893922422883,34,14,0.7857142857142857,135,25,249,45,3.1052282452583313,4.498524247738382,0.15513107
29.70000000605068,1.2341306366019213,0.4383261570237463,37,13,0.7142857142857143,125,23,232,41,3.1494340300559998,5.237809838554934,0.17237777
29.750000006060873,1.4319476924834178,0.9318617111609118,32,14,0.7857142857142857,125,22,234,43,3.2937508821487427,5.359359345003449,0.19603844
29.800000006071052,2.467129197113043,1.8143942770885215,36,14,0.7142857142857143,141,25,255,45,3.350754678249359,3.395216413342048,0.15535048
29.85000000608124,2.098859606209444,1.6059760246353814,31,15,0.7857142857142857,136,25,251,44,3.2394829392433167,3.6387695825874733,0.1989736
29.900000006091425,1.6626010494737329,1.108594222189711,31,14,0.7857142857142857,134,22,239,41,3.090132176876068,4.334810685507264,0.096467905
29.95000000610161,1.730591419059917,1.3695133076944224,32,14,0.7142857142857143,132,23,250,42,3.2329416275024414,3.0131164773065944,0.17565423
30.000000006111804,2.1959959101620092,1.86441052638565,39,14,0.7857142857142857,139,25,258,43,3.0792951583862305,3.355802160317314,0.21603517
30.050000006121984,2.130685289044148,1.7715751207463315,36,14,0.7857142857142857,143,24,257,45,3.1778812408447266,2.792138514774072,0.13111308
30.10000000613217,2.3710991580364995,1.8803563449069494,38,13,0.7142857142857143,140,25,258,44,3.122236430644989,3.2480181032288424,0.13184962
30.150000006142363,2.5892453007866307,2.1883831644469245,34,13,0.7142857142857143,137,24,257,45,3.0135348439216614,3.0361503170226456,0.08559954
30.200000006152543,2.392952502309052,1.981858154054989,36,14,0.7142857142857143,143,23,257,46,3.256467580795288,2.6779867355132314,0.17403632
30.25000000616273,1.9375992653560061,1.412223681678808,32,14,0.7857142857142857,129,24,235,41,3.2266613841056824,4.184431736742633,0.2800463
30.300000006172915,1.6289532047461446,1.3712115615694094,34,13,0.7142857142857143,130,23,237,41,2.9937735199928284,4.172838366553773,0.23587424
30.3500000061831,1.260396502481793,0.927146405447936,26,12,0.7142857142857143,115,22,225,41,3.1824129819869995,5.105718244168989,0.37733907
30.400000006193288,1.6973629437825175,1.1172151863022008,33,13,0.7142857142857143,132,21,240,42,3.2545101642608643,3.8291738857935798,0.24524114
30.450000006203474,1.9279924642729118,1.6207624596380168,29,13,0.7142857142857143,131,25,239,40,3.0935773253440857,3.357538355642191,0.21106389
30.50000000621366,1.4122046403903132,0.7242007803213618,40,15,0.8571428571428571,120,20,236,42,3.238820433616638,3.8255038089260562,0.23817906
30.550000006223847,1.0146584148034616,0.6074424307561692,33,13,0.7857142857142857,127,22,227,41,3.1222599744796753,3.56025571205584,0.20742597
30.600000006234033,1.0249729240477412,0.7086309966835367,41,16,0.8571428571428571,125,24,227,42,3.1733205914497375,3.491500065758002,0.1995754
30.65000000624422,1.0147186006069802,0.3633211507477383,40,12,0.7142857142857143,125,24,228,44,2.837916314601898,4.432074928339027,0.22035685
30.700000006254406,1.0962414861502965,0.47290414091599475,42,13,0.7142857142857143,130,25,232,42,3.1957754492759705,4.422465476160031,0.27536383
30.750000006264592,1.0754499033883202,0.15660615931664096,37,12,0.6428571428571429,127,25,224,39,2.828945517539978,4.292888361209153,0.25470605
30.80000000627478,1.0976418217596982,0.34091447625874316,37,13,0.7142857142857143,124,24,225,39,3.2246431708335876,4.119281441788933,0.32858676
30.850000006284958,1.0207905217542548,0.32210653878818785,41,15,0.7857142857142857,128,25,236,42,3.008476197719574,4.402896953094206,0.24014127
30.90000000629515,1.1771533292643592,0.6060103178485344,35,14,0.7857142857142857,128,23,228,41,3.1388577818870544,4.096661244251001,0.261244
30.950000006305338,1.5956370428663273,0.6830200973345658,30,13,0.7142857142857143,123,21,225,40,3.10394823551178,4.583417718214946,0.37962455
31.000000006315524,1.8912096335619275,1.1937789309201663,26,11,0.5714285714285714,121,21,220,42,3.1067726016044617,4.494810690034949,0.31030554
31.05000000632571,1.235710772752069,0.6794820953308918,36,14,0.7857142857142857,127,21,235,43,3.133169710636139,4.587457350093231,0.24360025
31.100000006335897,1.5205491251320136,0.9497086538737407,32,14,0.7857142857142857,118,21,228,40,3.2195240259170532,4.663973703870399,0.32772505
31.150000006346083,1.8304784471950322,0.9612657849562609,32,12,0.5714285714285714,120,21,236,41,3.1190896034240723,5.59392809049962,0.42664844
31.20000000635627,1.3658696892255031,0.7135190199291104,36,13,0.7142857142857143,124,22,237,42,3.187834918498993,5.2067728668049895,0.2902181
31.250000006366456,0.8044859132873855,0.5447375909112095,31,14,0.7857142857142857,131,22,233,43,2.854037582874298,4.452025930305306,0.21051136
31.300000006376642,1.6888524011366581,1.0790336832595697,33,14,0.7142857142857143,124,21,239,43,3.2189735770225525,3.9191548900908124,0.21599469
31.35000000638683,1.858777591004691,1.1309781456884278,32,13,0.7142857142857143,134,24,237,41,3.1480687856674194,3.939029411964814,0.120093405
31.400000006397008,1.7927099024959596,1.2245018021648855,40,14,0.7857142857142857,143,26,245,40,3.0917954444885254,4.669099889384931,0.090668455
31.4500000064072,1.830086903294522,1.0415529185571744,36,15,0.7857142857142857,129,22,247,44,3.16344678401947,4.955466299480857,0.07184425
31.500000006417388,1.8733001221726584,1.30165996418531,36,14,0.8571428571428571,129,26,247,44,3.2281887531280518,4.013344840126889,0.073145196
31.550000006427574,1.8789839360099803,1.2468987002706196,32,15,0.7857142857142857,133,23,251,43,3.0137228965759277,3.9128407246134778,0.15311563
31.60000000643776,1.6963056888655315,0.9558223097776224,34,13,0.7142857142857143,133,24,238,42,3.0631279945373535,4.296960801227705,0.22561619
31.650000006447947,1.5114603630551535,1.103667454701225,35,14,0.8571428571428571,133,27,236,42,3.0258727073669434,4.680165276804349,0.100302905
31.700000006458133,1.2991205840669138,0.7799827691129788,34,15,0.8571428571428571,129,23,236,41,3.2520899176597595,4.56930640356461,0.13974042
31.75000000646832,2.4977128659435244,1.480796317473259,25,10,0.5,128,21,237,41,3.1233349442481995,4.0411029563398415,0.11426863
31.800000006478506,1.7960226561950043,0.9801153464169854,28,14,0.7857142857142857,135,23,242,44,3.0895864963531494,3.9025648144940916,0.14270496
31.850000006488692,2.0766963424161857,1.2293405766037786,39,14,0.7857142857142857,133,26,242,43,3.0960971117019653,3.4120387915935524,0.11935952
31.90000000649888,1.7002225413335015,0.9881503619617946,36,14,0.7857142857142857,124,20,242,44,3.1877776980400085,4.77641722062053,0.2493649
31.950000006509065,1.8970264183506678,1.4132778309571916,41,15,0.7857142857142857,135,27,247,42,3.1996607780456543,3.8011849655639374,0.15075214
32.00000000651925,1.5241378730123873,0.864491781386162,41,14,0.8571428571428571,138,26,241,43,3.0703309178352356,4.258291628639546,0.14759643
32.050000006529444,1.5776445647069859,1.1164893465092813,31,12,0.7142857142857143,132,24,237,42,2.9209336638450623,4.751087415315336,0.18277395
32.100000006539624,1.6809331272516719,1.0154710998907297,31,13,0.7857142857142857,126,25,235,41,3.103490471839905,4.4064296993280205,0.2684167
32.15000000654981,1.7424903255113455,1.2422034017962382,29,11,0.6428571428571429,128,24,229,43,3.158673644065857,4.41814739492,0.13543187
32.20000000656,1.749286074432386,1.1693409301556668,33,12,0.6428571428571429,124,22,234,42,3.0094727873802185,4.694764541576779,0.3650309
32.25000000657018,1.3631014914260342,0.8022129144938837,38,14,0.7857142857142857,128,22,232,41,3.1005001068115234,3.931850801740593,0.22461912
32.30000000658037,1.5300914491219135,0.7845606562576675,31,14,0.7142857142857143,122,19,229,40,3.2719185948371887,3.996499318650848,0.2793609
32.35000000659056,1.6476726402920907,0.9352112582790827,37,14,0.8571428571428571,127,24,232,39,2.9959362745285034,3.486658537729115,0.16652603
32.40000000660074,1.5565984725566429,0.9282922161737022,50,16,0.8571428571428571,133,24,244,43,3.077390491962433,3.621422551053266,0.18794674
32.45000000661093,1.5055325940565543,1.086777073981991,38,14,0.7857142857142857,127,22,242,43,3.1567728519439697,3.1490690689874246,0.20015739
32.500000006621114,1.5335264640472965,0.9388872315994226,37,12,0.6428571428571429,122,21,231,41,3.15475195646286,4.054338167657159,0.28076458
32.5500000066313,2.6053885474490994,1.74790684364305,31,15,0.7142857142857143,133,23,253,44,3.1344038248062134,2.8464252685706004,0.12640773
32.60000000664149,1.959305494137329,1.4477356321704227,34,15,0.7857142857142857,134,23,248,42,2.8387781977653503,2.8830796782052204,0.21734047
32.65000000665167,2.4318041735586085,1.786094365321549,32,14,0.7857142857142857,142,26,246,44,3.2586386799812317,2.198524372066215,0.1441558
32.70000000666186,2.2140922745911435,1.7725334625128943,36,14,0.7857142857142857,140,24,247,43,3.151034712791443,1.9411360457906213,0.10331756
32.750000006672046,1.780363649157222,1.124423563835613,40,15,0.7857142857142857,130,24,240,41,3.123536705970764,3.223743352559083,0.22944264
32.80000000668223,2.0968756690043913,1.521223317857051,31,15,0.7857142857142857,138,24,249,43,3.149483799934387,2.936429582706319,0.22552752
32.85000000669242,1.4607648528381447,0.8923478431944653,38,14,0.7857142857142857,125,23,235,42,3.1960320472717285,3.900390166260941,0.29007322
32.90000000670261,1.7416809827886426,1.107067958939568,36,14,0.8571428571428571,138,26,242,42,3.0978593230247498,3.9785207581836435,0.21340135
32.95000000671279,1.486573386554141,1.1086543385654295,38,15,0.8571428571428571,131,24,243,41,3.2010337710380554,3.941659252112668,0.22428878
33.00000000672298,1.841963097571126,1.2468571855111088,34,14,0.7857142857142857,129,24,240,42,3.2124853134155273,3.5416115430111894,0.18311946
33.050000006733164,1.4132555118053445,0.7098130842211136,34,15,0.8571428571428571,125,20,233,43,3.226940333843231,4.1439642467593,0.16102117
33.10000000674335,1.6944602330179666,0.8270866742922401,37,14,0.7857142857142857,128,22,229,40,3.2862669229507446,3.9142294218983054,0.15386224
33.15000000675354,1.375721300942975,0.6877174222868508,29,15,0.8571428571428571,127,23,239,43,3.093854784965515,4.096007891604341,0.19646138
33.20000000676372,1.4258598873651147,1.117376901181917,39,14,0.7857142857142857,125,23,232,39,3.020942807197571,2.9706359511638514,0.17142603
33.25000000677391,1.4749630919091175,1.204472947799253,35,14,0.8571428571428571,126,22,233,42,3.1083843111991882,2.895170870021264,0.18272819
33.300000006784096,1.9535868922742836,1.6976270545913876,29,14,0.8571428571428571,125,22,242,42,3.1704431772232056,2.6857107375327693,0.25348815
33.35000000679428,1.604249115810385,1.1735317406550039,42,15,0.8571428571428571,129,23,240,42,2.9757776856422424,3.0920844249194523,0.17539471
33.40000000680447,1.5989702844672662,1.2320853573076904,39,13,0.7857142857142857,123,20,234,42,3.151097595691681,2.7493791924067335,0.19763348
33.450000006814655,1.9933396389490148,1.7295387027530198,30,13,0.7142857142857143,127,22,237,43,3.183618187904358,2.8451760315306363,0.23664051
33.50000000682484,1.4115800712291597,0.9503426186656881,39,13,0.7857142857142857,126,20,235,43,3.090665340423584,3.627236377959262,0.1713988
33.55000000683503,1.4489245319040058,0.982516892337557,45,15,0.8571428571428571,136,26,242,42,3.051098883152008,3.3670715340576507,0.13364764
33.600000006845214,1.7022692023872579,1.2932111687393766,32,13,0.7857142857142857,130,26,242,42,3.1840774416923523,2.7039547516354645,0.25340387
33.6500000068554,1.4990055905473818,0.9927479469533178,36,13,0.7857142857142857,134,25,237,42,3.149370551109314,3.1302396719404335,0.17685023
33.700000006865594,1.6560004295225241,1.090276486453491,42,14,0.8571428571428571,138,27,241,42,3.0596905946731567,3.5682806377033494,0.10791652
33.75000000687577,1.348577782531587,0.8114961425904209,38,13,0.7142857142857143,129,22,233,41,3.0224421620368958,3.180479266747218,0.19817181
33.80000000688596,2.087034425789562,1.4419397947543984,26,12,0.6428571428571429,129,21,243,43,3.312014937400818,2.878868966992183,0.18517049
33.85000000689615,1.5195239436517913,1.235303400825429,38,15,0.8571428571428571,131,23,239,43,3.2794159650802612,3.344837150353719,0.20563973
33.90000000690633,2.027612763614775,1.3762964868320318,37,13,0.7142857142857143,127,22,244,44,3.0893272161483765,2.2289964045806254,0.21156085
33.95000000691652,1.528087144208793,1.0796857085156768,38,15,0.8571428571428571,135,24,246,42,3.098306953907013,2.38869840195429,0.14961451
34.000000006926705,1.4890152372258638,1.0673814277005709,38,14,0.8571428571428571,131,22,235,44,3.0397242307662964,2.537324264315304,0.19246937
34.05000000693689,1.4285718580572921,0.9958746564796729,28,14,0.8571428571428571,124,21,239,43,3.075553774833679,2.35332565748803,0.18544339
34.100000006947084,1.3658292342471625,0.8919059291443527,34,15,0.8571428571428571,125,21,221,42,3.227667808532715,2.6684207442082553,0.20347802
34.150000006957264,2.0424369667968585,1.7110866493898635,31,13,0.7142857142857143,127,23,233,41,3.2103443145751953,2.0606084703672956,0.25797543
34.20000000696745,1.9114031463856054,1.2897571640559637,35,14,0.7857142857142857,128,24,232,42,2.8494593501091003,2.699102953527177,0.22696829
34.25000000697764,1.9206247772384084,1.3710089013661955,33,12,0.7142857142857143,124,23,227,40,3.160897195339203,3.0889133581802852,0.35427046
34.30000000698782,1.8763769575479232,1.28114745096823,28,13,0.7142857142857143,123,20,227,39,3.204231858253479,3.600139798322548,0.3460818
34.35000000699801,2.0516993613702335,1.2811313471607109,32,14,0.7857142857142857,128,23,242,43,3.0399090051651,3.2933227759817907,0.33211982
34.400000007008195,1.558608641810745,1.1451027892025798,23,9,0.5,125,22,234,42,3.0758801102638245,3.707209547539776,0.289551
34.45000000701838,1.8702199179069359,1.2281806445223027,29,14,0.7857142857142857,124,22,240,42,3.1286874413490295,3.4350072908762996,0.21032473
34.50000000702857,1.800566172286092,1.0738267345603543,36,14,0.7857142857142857,126,20,233,42,3.232969641685486,3.390228404090223,0.2628778
34.550000007038754,1.623082917956321,0.8987443130362843,38,13,0.7142857142857143,127,22,231,42,3.0449867248535156,3.443113242480935,0.27189955
34.60000000704894,1.8563075519686936,1.262362926555015,32,12,0.6428571428571429,126,21,239,42,2.9971688985824585,3.1173808869469255,0.25104716
34.65000000705913,1.6898368929149226,0.8985872120786245,30,13,0.6428571428571429,120,19,230,42,3.226861357688904,3.5657601903936964,0.21435589
34.70000000706931,1.9781149362671195,1.2979467204038087,22,12,0.6428571428571429,119,21,235,40,3.2836824655532837,4.528988240090666,0.34034783
34.7500000070795,1.880779048346216,1.1481333814109087,29,14,0.7857142857142857,129,22,236,42,2.9032891988754272,3.816809222730342,0.22956818
34.800000007089686,2.3642074619448246,1.7774069807422817,32,12,0.6428571428571429,130,23,231,40,3.037479519844055,2.818558163682985,0.29407877
34.85000000709987,1.5158472510150194,0.9960577294796846,31,12,0.6428571428571429,122,20,223,39,3.131534457206726,4.0751357259569865,0.25029618
34.90000000711006,1.1066233454319165,0.7344944330317503,29,12,0.6428571428571429,123,20,226,39,3.3074331283569336,4.273715076442199,0.29802954
34.95000000712024,1.4091138795832672,0.8066632463329415,36,13,0.7142857142857143,127,21,234,43,3.1958359479904175,4.005388069251969,0.2088947
35.00000000713043,1.7713838862856532,1.0431010957224152,29,12,0.6428571428571429,119,21,230,42,3.1505101919174194,3.626684745762141,0.3136808
35.05000000714062,1.6481961226266881,0.9771393176581354,27,10,0.5,119,21,227,41,3.2075154781341553,4.719301648468344,0.36512622
35.100000007150804,1.663562000394785,1.0692503287262851,22,12,0.5714285714285714,119,20,233,42,3.1088072061538696,4.761153628221342,0.34246582
35.15000000716099,1.628038503117903,1.1332177457045678,28,12,0.6428571428571429,120,21,223,40,3.230096399784088,3.9976429874975405,0.42989725
35.20000000717118,1.4302652752396192,0.6826324551328727,42,13,0.6428571428571429,116,21,235,42,3.195849061012268,3.7017635313697106,0.20666882
35.25000000718136,1.5193196581580373,0.8070716335668655,32,13,0.7142857142857143,118,19,223,41,3.3605992794036865,4.312415560847489,0.26297224
35.30000000719155,2.1007991773674757,1.675025877188054,28,14,0.7857142857142857,114,22,233,41,3.2033219933509827,4.041075003086272,0.3508578
35.350000007201736,1.2352619218611727,0.7934052969083369,36,13,0.7142857142857143,126,22,238,44,3.2187697291374207,3.331203893507819,0.18063156
35.40000000721192,1.5156780780318224,0.9740337804213063,35,13,0.7142857142857143,117,20,223,40,3.164229691028595,3.126085652852728,0.25407076
35.45000000722211,1.9912739262444992,1.3731218121889897,31,13,0.6428571428571429,125,20,233,43,3.2265549898147583,2.8578851643827186,0.25948292
35.50000000723229,1.879672017083946,1.5783358821673188,30,12,0.7142857142857143,118,20,233,41,3.230591118335724,2.750947864702331,0.1966614
35.55000000724248,1.916215191649469,1.2256680367998762,35,13,0.7142857142857143,128,22,239,42,3.0214908719062805,3.045775733543099,0.14485747
35.60000000725267,2.020477199128579,1.6706414341617095,38,13,0.7142857142857143,128,21,237,42,3.2120078802108765,3.4645142781658222,0.21309191
35.650000007262854,2.2907382943425874,1.650383803482086,31,14,0.7857142857142857,131,21,241,44,3.080722987651825,3.1283692695115306,0.21369028
35.70000000727304,2.615088222278433,1.6991855444819806,28,14,0.7857142857142857,131,24,240,43,3.1812530755996704,2.708269294693375,0.2364384
35.75000000728323,2.3436985838927513,1.65742695383715,32,12,0.7142857142857143,126,23,234,45,3.0625277757644653,2.9298854751127923,0.2781493
35.80000000729341,1.6061100412412008,1.0327385826269517,40,13,0.7857142857142857,138,24,243,45,3.22157084941864,2.9179462592142524,0.15912732
35.8500000073036,1.338344637979871,0.8326871474137575,42,14,0.7142857142857143,126,22,239,41,3.13152939081192,3.989818783960475,0.2055848
35.900000007313785,1.2117373863410295,0.8186677515354036,44,14,0.7857142857142857,129,22,239,41,2.940210998058319,3.964675175148189,0.20759377
35.95000000732397,1.6521005073644592,1.0932047470726367,44,13,0.7857142857142857,136,25,243,43,3.028191030025482,3.196659060701341,0.18149634
36.00000000733416,1.557950317263967,1.3957946614825576,40,14,0.7857142857142857,129,26,241,43,3.2623666524887085,3.5453583117059484,0.2593834
36.050000007344345,1.3553310882763936,1.0328018883260623,45,14,0.7857142857142857,122,22,229,42,3.237375020980835,3.5960047584883448,0.26915607
36.10000000735453,1.9576514560919205,1.237561439622747,39,13,0.7142857142857143,133,22,239,43,3.2984405755996704,2.8503310636627788,0.11738984
36.150000007364724,1.5953718231287242,1.0161292803787911,40,14,0.7857142857142857,139,24,253,44,3.1620052456855774,3.3495510875833556,0.1585042
36.2000000073749,1.821104605695234,1.3037971468669798,38,15,0.8571428571428571,139,23,250,47,3.0033478140830994,3.0606612263817468,0.15261409
36.25000000738509,1.6129673149359185,1.0514759055313954,37,14,0.8571428571428571,125,22,244,44,3.1298473477363586,3.231761092262886,0.11701688
36.30000000739528,1.7002465559920765,1.0786167512355622,36,12,0.7857142857142857,129,23,246,43,3.158383071422577,3.885702891992713,0.23274802
36.35000000740546,1.9743477842755635,1.1838763736313558,39,14,0.7857142857142857,132,24,240,42,3.0663305521011353,4.107380172546771,0.23091921
36.40000000741565,2.4856637905405767,1.758865016270954,36,14,0.7857142857142857,138,25,254,45,2.996489107608795,3.384921957002369,0.20126984
36.45000000742584,2.213224951058447,1.431528709691026,34,13,0.7142857142857143,123,21,228,41,3.071931302547455,3.3778775757047352,0.1853392
36.50000000743602,2.159445678951277,2.000454838594584,30,13,0.7142857142857143,127,21,229,38,3.175698220729828,3.586049235260136,0.32882786
36.55000000744621,2.6276141455996056,2.078645401978952,35,12,0.7142857142857143,135,26,241,41,3.3248361945152283,2.8435206390691103,0.23885468
36.600000007456394,2.239192304631119,1.762802779328402,34,13,0.7142857142857143,124,22,228,40,3.10171902179718,3.057099691724865,0.27300435
36.65000000746658,2.672308340065622,1.8803223433243745,28,12,0.6428571428571429,133,22,244,45,3.1588488817214966,2.3683271660672656,0.26227498
36.70000000747677,2.8462284251667707,2.2084346651003366,29,11,0.6428571428571429,135,24,242,44,3.1593450903892517,1.7159276049383365,0.21525311
36.75000000748695,3.1014955584440616,2.084668866439616,38,13,0.7142857142857143,135,25,254,46,3.0801990628242493,2.3987412496078697,0.15956071
36.80000000749714,2.728910910059966,2.0532575866856164,30,11,0.5714285714285714,126,22,242,45,3.0902203917503357,3.202305475065277,0.22443068
36.850000007507326,3.3224983449209917,2.4456249901660825,37,14,0.7857142857142857,134,26,261,46,3.1025445461273193,2.3491591738085393,0.20618276
36.90000000751751,2.5974806121736687,1.9229465294688608,28,13,0.7142857142857143,138,24,248,44,3.2447820901870728,2.2551453367906227,0.16730908
36.9500000075277,2.396955355582177,1.478930763728533,38,13,0.7857142857142857,134,26,252,44,3.0602827668190002,3.2758756632053387,0.22515638
37.00000000753789,2.6425980327970655,1.822359995205482,37,12,0.7142857142857143,133,26,241,42,3.271021544933319,2.597581330560139,0.1885384
37.05000000754807,2.526320038874627,1.7682138642649043,37,13,0.7857142857142857,127,24,249,45,3.340219557285309,2.4938782292824957,0.2290284
37.10000000755826,2.4756420374098846,1.8007061423113868,34,13,0.7142857142857143,124,23,243,42,3.1041955947875977,3.106197179843262,0.258891
37.150000007568444,2.8001695666894486,1.8102260995429142,33,13,0.7142857142857143,132,25,242,44,3.1509095430374146,2.683849554557174,0.16772723
37.20000000757863,2.7421725512842854,2.1631845050626404,28,12,0.6428571428571429,132,22,241,44,3.0752256512641907,2.2055168739922326,0.2600117
37.25000000758882,2.3056738774220853,1.609588087530318,29,12,0.6428571428571429,123,21,235,44,3.3398762345314026,2.8504358579837596,0.3438974
37.300000007599,2.7574166340222765,2.0059223851959507,33,13,0.7142857142857143,135,24,254,47,3.268105685710907,2.1773762610714886,0.13889213
37.35000000760919,2.7711271110112037,1.711327340900476,36,14,0.7142857142857143,131,25,249,45,3.0641981959342957,2.2314911957736516,0.1353988
37.400000007619376,2.702337181764967,1.673660966338224,36,13,0.7142857142857143,132,24,255,47,3.1615418195724487,2.553130505915311,0.0699057
37.45000000762956,2.6602448763943363,1.7638455418221386,28,10,0.6428571428571429,130,24,256,50,3.258507549762726,2.2549723504182406,0.22807099
37.50000000763975,2.6533687058268125,1.9096680424092016,34,14,0.7857142857142857,131,24,249,47,3.08276504278183,2.5825305555566036,0.20027155
37.550000007649935,2.2655735273302366,1.666536510091908,35,14,0.7857142857142857,135,25,249,44,3.045317530632019,2.598006553953347,0.17377278
37.60000000766012,3.044499800371127,2.191699022628439,33,13,0.6428571428571429,141,24,258,50,3.0854126811027527,1.6533016927691335,0.16670415
37.65000000767031,2.3271994825630116,1.3907468982946112,39,13,0.7857142857142857,129,24,242,46,3.1906211376190186,2.3999616860226602,0.16911241
37.700000007680494,2.8393136989584695,1.9597129832111118,35,11,0.6428571428571429,127,24,256,47,2.9976552724838257,1.8338867701134731,0.12726125
37.75000000769068,2.351775429828779,1.7740878035470842,29,13,0.7142857142857143,133,23,249,46,3.21322500705719,2.2936501876522275,0.22688338
37.80000000770087,2.545626352657669,1.6906886679003756,37,13,0.7142857142857143,129,22,244,42,3.1719091534614563,1.9994359222742286,0.11403594
37.85000000771105,2.6004701037228006,1.7585164241863822,36,13,0.7142857142857143,133,27,251,47,3.0805525183677673,2.3382732392223815,0.15506256
37.90000000772124,1.9006694511567832,1.3411798653186584,33,15,0.7857142857142857,132,22,248,42,3.215489685535431,2.387585828134222,0.236298
37.950000007731425,2.4340557397040463,1.6753111302689108,36,14,0.7857142857142857,137,26,236,43,3.018549382686615,1.5574262258290172,0.09801002
38.00000000774161,2.1731625531533583,1.4557643675543954,35,11,0.6428571428571429,135,25,250,45,3.2790425419807434,1.431106055578244,0.12400233
38.0500000077518,2.9377191451738605,1.9566052969311842,35,13,0.7142857142857143,130,25,256,46,2.9640069603919983,1.1745066189268805,0.16595596
38.100000007761984,2.6632979903934717,1.5333720410216933,26,12,0.6428571428571429,126,22,247,47,3.1417155265808105,2.1100904814294807,0.25653842
38.15000000777217,2.886702457700757,2.2179684419236834,24,14,0.7857142857142857,126,24,248,45,3.0763250589370728,1.448946545266958,0.26189268
38.200000007782364,2.8033468994693154,1.9778376481441817,36,15,0.7857142857142857,132,23,243,44,3.089337646961212,1.2812359097825166,0.27101588
38.25000000779254,2.6878323368086625,1.8449599546325348,33,14,0.7857142857142857,132,26,249,45,3.201993405818939,1.2723421136492785,0.17689112
38.30000000780273,3.1656006755109605,2.448966612684687,24,14,0.7142857142857143,135,24,251,46,3.2372111082077026,0.9259747745896352,0.1806935
38.35000000781292,2.769034936490706,2.090362323676098,30,12,0.6428571428571429,131,24,249,45,3.292003571987152,1.143448716401494,0.17993881
38.4000000078231,2.7338054549657844,1.9416983145504652,29,13,0.7142857142857143,129,23,246,46,3.3896982669830322,0.9194582932695994,0.24809259
38.45000000783329,2.5847009736963873,1.8355779535491987,27,12,0.7142857142857143,133,24,253,46,3.297874331474304,1.025515378460291,0.078405775
38.500000007843475,2.8762123970272895,1.9404749739336646,36,11,0.5714285714285714,133,25,253,45,3.2714730501174927,1.4625531006655113,0.15919271
38.55000000785366,2.4691030574230504,1.723717843369092,35,11,0.6428571428571429,125,23,235,41,3.2363951206207275,0.863576345500503,0.25350833
38.60000000786385,2.7974382747488895,2.09303253468849,30,10,0.5714285714285714,124,21,238,45,3.288528025150299,0.2043409154627973,0.15970679
38.650000007874034,2.585823476712511,1.9620569414835785,32,13,0.7142857142857143,117,23,240,40,3.135673999786377,0.724461052148424,0.34175238
38.70000000788422,2.9084300833692085,2.0847613356500054,38,12,0.7142857142857143,127,24,249,44,3.268139362335205,0.6564057902071152,0.16643935
38.75000000789441,2.9219688361334484,2.266474666548807,33,11,0.5714285714285714,130,23,250,43,3.0779361724853516,0.5456171328460169,0.17999984
38.80000000790459,2.9364060457994654,2.3543547105517346,33,12,0.6428571428571429,129,23,242,43,3.012428879737854,0.8954398695811516,0.18959934
38.85000000791478,2.9300857692553572,2.32238055220866,28,12,0.7142857142857143,130,23,245,43,3.2925498485565186,0.814273907432641,0.16208878
38.900000007924966,2.5524288242327065,2.243067636021666,30,13,0.6428571428571429,128,22,236,44,3.2476308941841125,0.3770063017518499,0.25956008
38.95000000793515,2.415918837375393,1.865792475863515,28,12,0.7142857142857143,138,26,243,43,3.2410049438476562,0.8231028146566555,0.20657751
39.00000000794534,1.7162444455827561,1.5298779514109335,27,11,0.6428571428571429,117,19,234,41,3.140687048435211,2.0496058271465234,0.32977057
39.05000000795552,2.2197673549247794,1.9976781583541394,31,12,0.6428571428571429,131,22,241,40,3.145080804824829,1.3367490997019882,0.28274143
39.10000000796571,2.403962161617637,2.1319628228800145,34,12,0.6428571428571429,133,22,244,44,3.1979313492774963,1.1250841453300442,0.21821344
39.1500000079759,1.805803612073489,1.440714723883716,23,14,0.7857142857142857,127,23,235,42,3.1321781873703003,2.1763624662500103,0.16831958
39.200000007986084,1.7346991955200328,1.5825083827817024,38,13,0.7857142857142857,132,25,242,42,3.1946057081222534,3.158566182170599,0.18863195
39.25000000799627,2.1324332987183343,1.7062805005784925,31,12,0.6428571428571429,128,25,243,42,3.2382240891456604,2.190352196194718,0.24792832
39.30000000800646,2.4338911051370036,1.9724929654721233,33,12,0.6428571428571429,120,19,232,40,3.3071595430374146,2.0151519226561376,0.20467372
39.35000000801664,2.513073168255927,2.108768824098155,32,11,0.6428571428571429,134,26,248,43,3.224540054798126,1.942315025581287,0.17944273
39.40000000802683,2.8318934518546417,2.35798149614209,30,14,0.7142857142857143,130,23,249,44,3.0833780765533447,1.1532119320845613,0.12944822
39.450000008037016,2.6176671529837274,2.1650778558564814,30,12,0.7142857142857143,136,26,242,44,3.0982249975204468,1.3819364130030998,0.08658248
39.5000000080472,2.4743951732733462,1.9940717190485846,27,11,0.6428571428571429,133,24,254,44,3.159469962120056,1.987942128857414,0.16617608
39.55000000805739,2.2871871836715805,1.7914140882623926,32,13,0.7857142857142857,129,21,244,42,3.3947980403900146,1.8106321874760134,0.14718801
39.60000000806757,1.4783463890485204,1.2157018913367246,35,13,0.7142857142857143,127,23,240,38,3.271828591823578,3.3879594752790965,0.20420042
39.65000000807776,1.5332127402262332,1.1284437636789315,36,15,0.8571428571428571,127,22,243,40,3.0725836753845215,2.6134325027180783,0.19939354
39.70000000808795,1.7576462003436415,1.3702199872351963,31,12,0.7857142857142857,123,22,233,39,3.072654604911804,3.2698828834710447,0.23129179
39.750000008098134,2.1542169980971684,1.3985507019302812,34,13,0.7142857142857143,130,26,251,44,3.1103357672691345,2.8740731826241284,0.24490045
39.80000000810832,1.2728136184147703,0.8979493466207266,39,13,0.7857142857142857,130,24,236,42,3.145284950733185,2.8279260194735745,0.16874087
39.850000008118506,1.6349904748483937,1.2149367876850228,30,11,0.7142857142857143,115,22,221,40,3.3737939596176147,3.8326021589999826,0.30483824
39.90000000812869,1.2550798589896097,0.739896758701174,31,12,0.7142857142857143,122,21,234,40,3.0271658301353455,3.2791885381832486,0.25298905
39.95000000813888,1.6824229679154759,1.477283353589467,29,13,0.7857142857142857,125,22,240,42,3.1898316740989685,2.518539587087014,0.30399272
40.00000000814906,2.458141108516526,1.9092065168968406,33,12,0.7142857142857143,135,26,247,41,3.1938958168029785,1.639167098480101,0.1439452
40.05000000815925,2.3033013190175162,1.6529033833261426,33,14,0.7857142857142857,130,25,249,43,3.36669385433197,1.3490882396618353,0.19455789
40.10000000816944,2.5142921275253793,2.03700162841706,32,12,0.6428571428571429,125,24,257,47,3.1724512577056885,1.3252011421600152,0.23105377
40.150000008179624,2.069420912591954,1.5506901597892857,37,14,0.8571428571428571,136,27,245,43,3.113449811935425,1.5408755887388814,0.17181055
40.20000000818981,1.9478449410378045,1.3493226864516759,38,14,0.7857142857142857,138,27,246,44,3.1860733032226562,1.943732908725604,0.18759015
40.250000008200004,2.5018450084795454,2.050098792652948,37,14,0.7857142857142857,136,25,249,42,3.305363357067108,1.7017412814380428,0.19431546
40.30000000821018,1.9035646724945199,1.492715954585031,34,15,0.8571428571428571,136,26,249,43,3.254730701446533,2.0169040108708725,0.20724085
40.35000000822037,2.2401113964321353,1.8296885630358806,25,10,0.5714285714285714,131,23,247,41,3.3466804027557373,1.9082797012085173,0.15526316
40.40000000823056,2.1316933887487934,1.7688412337182529,26,14,0.7857142857142857,133,23,240,42,3.327668011188507,1.755874835633513,0.22214666
40.45000000824074,2.669431076745763,1.971299563236011,36,14,0.7142857142857143,136,24,263,46,3.018549382686615,1.5941728553015455,0.16614954
40.50000000825093,2.0353072354404604,1.4545747250666117,38,14,0.7857142857142857,133,23,249,42,3.092418909072876,2.5087859759060205,0.1902448
40.55000000826112,1.9473484510586059,1.5709734223171608,36,12,0.7142857142857143,128,23,242,42,3.3205831050872803,2.318124142741249,0.16781136
40.6000000082713,2.312761047786002,1.983086219735489,30,11,0.5714285714285714,137,26,247,43,3.26669842004776,2.0689756500409207,0.20491502
40.65000000828149,1.621098372915357,1.2127820241123968,30,13,0.7142857142857143,129,23,250,42,3.327879011631012,3.0299761486801025,0.15384462
40.700000008291674,1.964803543914654,1.7946075843386637,31,14,0.8571428571428571,135,23,247,45,3.1874898076057434,2.4774745036722123,0.27817005
40.75000000830186,2.705109892110686,2.466369215353508,28,12,0.5714285714285714,131,24,254,45,3.3087271451950073,1.0198169811552038,0.19539815
40.80000000831205,2.2215172734258344,1.7322861111656462,27,12,0.6428571428571429,130,22,243,45,3.2781991362571716,0.9896577972499365,0.1988536
40.85000000832223,2.5943584937623854,2.148110638713371,35,15,0.7857142857142857,130,23,250,46,3.1974023580551147,0.7946338096458838,0.28497505
40.90000000833242,1.3737082838222239,1.0596283942631377,34,12,0.7142857142857143,134,24,233,40,3.1378698348999023,1.7012592752552091,0.19633305
40.950000008342606,1.4978738792035273,1.094513928620431,32,12,0.6428571428571429,121,22,235,40,3.3270618319511414,1.7790365749477388,0.28771427
41.00000000835279,2.311738922717749,1.6438960349402978,32,13,0.7857142857142857,125,22,247,43,3.1706011295318604,2.1780254651649944,0.29140282
41.05000000836298,2.390348062031233,1.8627968646047393,25,11,0.6428571428571429,125,21,238,41,3.118928074836731,2.7537665809181355,0.18317398
41.10000000837317,1.8658769759913552,1.0708146353520533,40,14,0.7857142857142857,125,20,239,42,2.9434463381767273,1.9415368793742083,0.098550715
41.15000000838335,1.9483626478758207,1.2753200620267604,43,15,0.8571428571428571,126,22,240,43,3.0433624982833862,1.7307588243853544,0.1806125
41.20000000839354,1.418786542743526,0.9170548183329028,34,13,0.7857142857142857,122,21,226,38,3.131899833679199,2.2294402486100218,0.23032704
41.250000008403724,1.5595032265163224,0.955430347938045,39,14,0.8571428571428571,128,23,231,38,3.0192774534225464,1.6873739644267172,0.18105972
41.30000000841391,0.7854571948578709,0.43316972932882786,39,13,0.7857142857142857,120,22,228,35,2.938796877861023,2.778849544596067,0.14923233
41.3500000084241,2.167389863637967,1.5526150254384796,33,12,0.7142857142857143,128,22,238,43,3.2900336384773254,1.5172243007866282,0.2362102
41.40000000843428,1.7591584332003338,0.9559670567782517,39,15,0.8571428571428571,127,21,233,43,3.294801414012909,1.4808644933888715,0.1995213
41.45000000844447,1.4248219078319857,0.7335786984517523,33,11,0.6428571428571429,120,20,216,39,3.0998244881629944,1.9700788520529944,0.24662097
41.500000008454656,2.294271762973109,1.8508488243986976,34,14,0.7857142857142857,130,22,243,44,3.0906549096107483,0.4696336814683466,0.23035237
41.55000000846484,2.4531955190572714,1.6969315650720964,28,13,0.7142857142857143,124,21,241,45,3.197462260723114,0.17483584902738158,0.2537338
41.60000000847503,2.2855089361598995,1.620656310477699,31,13,0.7142857142857143,131,21,246,44,3.3383142948150635,0.45097147731509857,0.2355763
41.650000008485215,1.757855103571659,1.2481294422837377,37,13,0.7142857142857143,129,22,239,42,3.163060247898102,0.8723768913928698,0.34463775
41.7000000084954,1.851011103428951,1.3282673470658568,37,14,0.7857142857142857,130,21,238,43,2.9036149382591248,0.5151705272207607,0.31102186
41.750000008505594,2.310515587193041,1.3528878944412739,35,12,0.7142857142857143,123,21,231,44,3.2562997937202454,0.28271645751677177,0.29223993
41.800000008515774,2.5674395161479593,1.700197668873034,41,15,0.8571428571428571,128,24,245,43,3.128691613674164,0.22713457277712124,0.27396742
41.85000000852596,2.8074142181664126,1.4380664176182056,36,14,0.7857142857142857,124,20,236,46,3.0392661690711975,-0.33786424254672376,0.10076545
41.90000000853615,2.0525874579994485,1.2899782832616498,39,13,0.7142857142857143,123,21,237,45,3.225467801094055,1.365684203001294,0.14625433
41.95000000854633,1.8937405976902932,1.1685210717971175,36,13,0.7142857142857143,120,23,237,42,3.0770182609558105,1.6856549006289612,0.2849974
42.00000000855652,2.105225896036563,1.0583928459797132,36,14,0.7857142857142857,128,21,236,42,3.12862366437912,1.6235035323535651,0.29130685
42.050000008566705,2.509432153895696,1.4094359778873162,37,13,0.7142857142857143,128,23,231,43,3.1694597005844116,1.544550865319696,0.20513144
42.10000000857689,2.8166929288287,1.526035971295561,38,15,0.8571428571428571,133,24,245,47,2.935979962348938,1.0974122192920976,0.2047162
42.15000000858708,2.336903953028315,1.2316797556878378,46,15,0.7857142857142857,138,24,253,44,2.9370123147964478,2.1303860920769147,0.169317
42.200000008597264,2.6739482351823955,1.6516902024727327,41,15,0.7857142857142857,137,24,246,45,2.9278090596199036,1.1318810710453153,0.104042426
42.25000000860745,2.400383294857346,1.4178711604703131,34,15,0.7857142857142857,132,22,249,45,3.0722662806510925,1.8337848262570322,0.12922989
42.300000008617644,2.394880783027418,1.5551578471982022,33,15,0.7857142857142857,128,23,240,42,3.0209362506866455,1.9973051128837316,0.24094442
42.35000000862782,2.1112318562780406,1.135144405862494,39,14,0.7857142857142857,132,23,240,44,3.1343090534210205,1.6243973004588863,0.2605017
42.40000000863801,2.0231617183675157,1.320293669352889,38,15,0.8571428571428571,132,21,238,42,2.947104275226593,1.731892033646698,0.16193634
42.4500000086482,1.2023228492500024,0.6562645812398854,32,14,0.7857142857142857,123,21,218,40,3.2095879316329956,2.536857170278193,0.16600183
42.50000000865838,2.0107624807301154,1.4178817281260154,33,15,0.8571428571428571,128,22,235,41,3.1907114386558533,1.4425093789068644,0.21924588
42.55000000866857,2.2881081845478217,1.2779912070545967,33,14,0.7857142857142857,118,20,233,42,3.0666199326515198,2.153215127502639,0.2873085
42.600000008678755,1.8786889115646979,1.2570094317661358,32,14,0.7857142857142857,123,20,238,43,3.049173355102539,2.1718294583805697,0.35936943
42.65000000868894,1.826524370864702,1.1014525385044032,38,15,0.8571428571428571,128,20,231,42,3.1253522634506226,1.9975191991639818,0.29197317
42.70000000869913,2.0260906341203797,1.3300047850052796,30,14,0.7857142857142857,131,21,230,43,3.0720528960227966,1.6668396273215613,0.26989973
42.750000008709314,2.268115185904418,1.3505767934913526,33,14,0.7857142857142857,128,21,237,41,2.8864163160324097,1.3051372857328403,0.17277515
42.8000000087195,1.9380550058906287,1.4141169542368524,30,14,0.7857142857142857,125,22,236,43,3.291991949081421,1.4459488519297103,0.3124833
42.85000000872969,2.0719324280049016,1.481995223016894,38,15,0.7857142857142857,130,20,235,43,2.8399571776390076,1.269509266015385,0.18651144
42.90000000873987,1.7781580138803388,0.9982600669551476,38,13,0.7142857142857143,130,21,235,44,3.263016641139984,2.2787421035990096,0.20064138
42.95000000875006,2.265652890592186,1.503698526191457,37,14,0.7857142857142857,127,20,231,42,3.0779442191123962,1.573522648250032,0.22870883
43.000000008760246,1.888039484325984,0.9613965868242219,41,14,0.7857142857142857,127,20,232,41,3.1230172514915466,1.9612843139747138,0.18276514
43.05000000877043,2.345773728756117,1.229518791103362,36,15,0.8571428571428571,130,20,235,43,3.08937668800354,1.5966837797716948,0.19592416
43.10000000878062,2.3165058382693244,1.3244314858543507,37,14,0.7857142857142857,127,21,235,43,3.2050004601478577,1.7819719906288256,0.28485045
43.1500000087908,1.7736326087977916,0.7169757798975652,38,14,0.7857142857142857,126,21,227,39,3.1732603907585144,2.5455732970684064,0.28670424
43.20000000880099,1.50730710291967,0.8337157758501057,42,14,0.7857142857142857,124,22,238,41,3.1619495153427124,1.9980465446539775,0.16874412
43.25000000881118,1.225259757654441,0.5943526279713065,35,14,0.7857142857142857,121,21,232,41,3.1147781014442444,2.239810041950765,0.21890259
43.300000008821364,1.5256728719717263,0.7357891321154042,43,14,0.7857142857142857,125,22,230,42,2.9822856187820435,2.3187300832787905,0.17315876
43.35000000883155,1.6756581587323676,0.8572330540014407,36,14,0.7857142857142857,117,19,222,41,3.400748074054718,2.2344377832515594,0.24597463
43.40000000884174,1.6950418124423203,0.9823427663799621,39,15,0.8571428571428571,129,20,237,40,3.1899216771125793,2.16080641461323,0.15546487
43.45000000885192,1.700300808644669,0.8848855271419319,37,12,0.7142857142857143,126,23,231,42,3.1179308891296387,2.29426722550925,0.21140929
43.50000000886211,1.9101464184085348,1.1614082171555502,47,15,0.8571428571428571,130,22,239,43,3.0805283784866333,1.426965207778741,0.07792496
43.550000008872296,2.0125754614907616,1.2480185540059137,38,14,0.8571428571428571,127,21,242,43,3.1868433952331543,2.1390574909944338,0.17830366
43.60000000888248,1.6704029211692137,0.8653661610162089,35,13,0.7142857142857143,128,22,232,42,3.1881609559059143,3.1298604663725804,0.1510798
43.65000000889267,1.9227232041723457,0.9224895947817441,35,14,0.7857142857142857,130,20,241,41,3.2443583011627197,2.686535024101957,0.16796397
43.70000000890285,1.8871632262302995,1.1490246831646347,39,15,0.8571428571428571,126,23,236,41,3.166278600692749,2.4983317340669586,0.20975351
43.75000000891304,1.7706228396512809,1.1006417074105754,37,14,0.7857142857142857,123,19,236,43,3.119870126247406,2.013928166003467,0.21225357
43.80000000892323,2.0715336000856253,1.5017441645986451,38,14,0.7857142857142857,125,20,241,42,3.0456995964050293,1.7455333045268429,0.22435361
43.850000008933414,1.8134196001780314,1.04597179363352,39,13,0.6428571428571429,127,23,236,44,3.0104634165763855,2.5849263446571147,0.25231063
43.9000000089436,2.4188606702381734,1.7790897076010532,36,15,0.7857142857142857,134,23,243,46,3.166947662830353,1.6176729868430595,0.1220118
43.950000008953786,2.2476635948163888,1.5055793751329516,46,15,0.8571428571428571,131,24,241,44,2.8351986408233643,2.043679185239302,0.2048544
44.00000000896397,1.6375618703357717,1.0300101086422744,32,14,0.7857142857142857,128,22,232,41,3.322923183441162,2.5066100393374846,0.2846872
44.05000000897416,1.864203211076465,1.4206834596087585,40,15,0.8571428571428571,126,22,231,43,3.0320322513580322,2.8688206638792835,0.21590517
44.10000000898434,2.2643679799834753,1.516029238891479,42,14,0.7857142857142857,129,23,243,45,3.0635592341423035,1.601605430613855,0.08618478
44.15000000899453,2.085663532794325,1.2221975661911302,34,14,0.7857142857142857,121,20,235,43,3.2122498750686646,1.867977083486414,0.25027558
44.20000000900472,1.6405087762498138,1.2845853205784017,37,14,0.7857142857142857,119,20,223,41,3.1089141964912415,2.441875037855299,0.20099096
44.250000009014904,1.9046895872275895,1.2564393110289465,46,13,0.7142857142857143,125,22,236,42,3.2046061754226685,2.20817271830434,0.17237572
44.30000000902509,2.2955485097002364,1.4463031282310146,36,14,0.7857142857142857,125,22,228,43,3.1068575382232666,1.6968400468762468,0.22090025
44.350000009035284,1.6309628425370843,0.9446088025744839,46,13,0.7142857142857143,128,24,238,41,2.9022562503814697,1.735735276491459,0.17011605
44.40000000904546,2.2151442485040023,1.347403320398313,37,15,0.8571428571428571,129,20,228,43,3.056548535823822,1.4040799492038403,0.2061369
44.45000000905565,2.3782613093467537,1.6169607453328534,42,14,0.8571428571428571,128,23,245,46,2.983068823814392,1.3323419152561478,0.14729838
44.50000000906584,2.1362527018844175,1.2872992736131885,40,15,0.8571428571428571,129,21,233,43,2.943403422832489,0.9817145408541172,0.19477038
44.55000000907602,2.220558212697952,1.5974557202223085,46,15,0.7857142857142857,132,22,253,47,3.104178309440613,0.9687796416472594,0.19733745
44.60000000908621,2.2451471928528757,1.2817003747356481,46,16,0.8571428571428571,135,25,242,44,3.228304088115692,1.2722823384638104,0.21602361
44.6500000090964,2.1248212587635513,1.431619151254431,39,15,0.8571428571428571,120,17,233,43,3.0904489755630493,0.9835179978374331,0.31145528
44.70000000910658,2.5030736476308513,1.7051389555551824,37,15,0.8571428571428571,131,23,248,44,2.9695552587509155,0.8269792783411667,0.18923157
44.75000000911677,2.512956148796877,1.5552530118630947,33,13,0.7142857142857143,133,22,229,45,2.9639890789985657,1.0358188739959218,0.22642608
44.800000009126954,2.453924377116516,1.5415456379583206,41,14,0.7857142857142857,137,23,241,43,3.100077211856842,0.9143969358871029,0.19679697
44.85000000913714,2.382249204345098,1.7101554515387127,43,15,0.8571428571428571,133,21,244,46,3.023192286491394,0.41662205944223096,0.20815605
44.90000000914733,2.3183726111684675,1.428248403459068,39,13,0.7142857142857143,127,20,235,42,2.992640435695648,0.9634238376496196,0.15039536
44.95000000915751,1.8147169561076435,1.1938541910634508,36,14,0.7857142857142857,121,20,235,42,3.2794997096061707,1.0841964554629957,0.27303028
45.0000000091677,2.217367291444426,1.422126019434712,33,15,0.8571428571428571,127,21,233,42,3.0445820093154907,1.077120029989409,0.28563637
45.050000009177886,1.8706423311076543,1.2055667826146037,39,14,0.7857142857142857,125,21,232,43,3.2065895199775696,1.065491306726356,0.30599695
45.10000000918807,2.120955554834435,1.3118198317796594,33,13,0.7142857142857143,127,20,235,43,3.1904980540275574,1.3769958353556788,0.2812125
45.15000000919826,2.6068106709985344,1.5948696207691146,44,16,0.8571428571428571,135,24,239,46,3.1643378734588623,0.22418731870094355,0.15702093
45.20000000920845,2.6569293519369714,1.9033975221045432,37,14,0.7857142857142857,136,24,234,43,3.213356137275696,0.31729075831220754,0.20024458
45.25000000921863,2.33186259980234,1.5811486037171243,39,15,0.8571428571428571,134,25,236,44,3.042744994163513,1.159049496760094,0.18805349
45.30000000922882,2.2120188460337817,1.2015930248202196,37,14,0.7857142857142857,129,22,235,41,3.083825409412384,1.0153540312502063,0.21530432
45.350000009239004,1.8079649368297503,0.9707970387240299,41,14,0.8571428571428571,126,23,234,42,2.9687634110450745,1.2758400748702048,0.12650004
45.40000000924919,2.1255479871626544,1.4811590568916622,39,15,0.8571428571428571,129,22,236,43,2.9683905839920044,1.4085122370055014,0.24728009
45.45000000925938,2.4818969976378322,1.7668689735742082,38,14,0.7857142857142857,136,22,236,42,3.253750205039978,0.47616772614579084,0.26460153
45.50000000926956,1.919908279328015,1.6323686546151155,41,14,0.7857142857142857,131,24,235,39,3.1212830543518066,1.0460514633123719,0.3158611
45.55000000927975,2.1076804211250963,1.4749767928665771,37,15,0.8571428571428571,136,22,233,42,3.1110337376594543,1.2347952784784066,0.1968349
45.600000009289936,2.381632809135742,1.6162200767867916,36,15,0.8571428571428571,132,21,237,43,2.9222148656845093,0.7614726592922949,0.2348966
45.65000000930012,2.153792638721896,1.484073634493045,37,14,0.7857142857142857,129,21,233,42,2.985337972640991,1.2308068721238907,0.22279102
45.70000000931031,2.2510607282094224,1.5427565802560985,40,15,0.8571428571428571,136,22,245,45,3.22581946849823,1.4698637174400986,0.21610378
45.750000009320495,2.2102802400878048,1.3460412029712499,38,15,0.8571428571428571,119,18,229,41,2.9170694947242737,1.7107366003216562,0.29462296
45.80000000933068,2.2576783358569146,1.3704886832087655,39,15,0.8571428571428571,134,23,235,41,3.0916085839271545,1.8221772366202593,0.24774395
45.850000009340874,2.31629441325501,1.5473242231756887,36,15,0.8571428571428571,134,23,235,44,3.090831935405731,1.617567454915969,0.326582
45.900000009351054,1.7771074045781012,1.3371266914118975,34,13,0.7857142857142857,128,21,244,45,3.196321129798889,1.5110869444363217,0.267982
45.95000000936124,1.9839654943754625,1.6397458257799669,35,14,0.7857142857142857,136,23,236,41,2.924540638923645,1.646382439354781,0.1229668
46.00000000937143,1.7889614505858373,1.4552593556557356,32,14,0.7857142857142857,123,20,228,42,3.1471866369247437,1.6919807342917892,0.32941663
46.05000000938161,2.2311475341030667,1.3983410125149434,39,15,0.8571428571428571,127,22,235,44,3.2110774517059326,1.8794306228556312,0.31051716
46.1000000093918,2.0205084338894235,1.257560961832869,40,13,0.7857142857142857,121,20,228,41,3.067825734615326,2.0793478148531275,0.299662
46.150000009401985,1.7016735418341147,0.9520309836664151,33,13,0.7857142857142857,125,21,229,41,3.1375375390052795,2.5362552418074635,0.32190436
46.20000000941217,2.0262814295154845,1.0840249417954122,36,13,0.7142857142857143,130,22,227,40,3.1009575724601746,1.866963795134069,0.15776938
46.25000000942236,2.025284807139531,1.2430512661032527,39,15,0.8571428571428571,126,23,232,40,3.0129989981651306,1.3195234000365996,0.19414857
46.300000009432544,2.2349152745522636,1.3326747510939683,27,13,0.7142857142857143,123,21,232,40,3.0356621742248535,1.8154540252700802,0.32765228
46.35000000944273,2.2440292896783163,1.3124098170060436,34,14,0.7857142857142857,127,20,236,41,3.004947006702423,2.6417670151025874,0.3049639
46.400000009452924,2.1486959137059696,1.1136350765796275,38,15,0.8571428571428571,129,22,233,42,3.262717127799988,2.066187133771926,0.2805583
46.4500000094631,2.1663792989503374,1.2386641013459785,39,14,0.7857142857142857,121,21,230,39,3.209335505962372,1.7829157096543646,0.24919927
46.50000000947329,2.2762170269695443,1.094544523866317,38,15,0.8571428571428571,122,20,228,40,3.1181973218917847,1.8059883739179927,0.22510141
46.55000000948348,1.811779036250757,0.9947160981432557,41,15,0.8571428571428571,120,19,228,41,3.0998972058296204,2.3106186960549913,0.23044103
46.60000000949366,2.3748376550675294,1.0531855782899353,39,15,0.8571428571428571,132,23,235,42,3.215268552303314,1.5301873731300741,0.285029
46.65000000950385,2.224620587988074,1.187578203534323,37,15,0.8571428571428571,130,21,231,41,3.1136077642440796,1.920565650915691,0.30220205
46.700000009514035,2.0814131137274545,1.3071392425677568,43,15,0.8571428571428571,135,24,233,39,3.158837854862213,1.475502925485337,0.16053674
46.75000000952422,1.6579229154781896,0.8127790440176434,33,13,0.7857142857142857,118,22,220,39,3.2312199473381042,2.073554009925722,0.39624912
46.80000000953441,2.3222493358095293,1.3711283676095818,38,15,0.8571428571428571,126,20,234,43,2.930493652820587,1.1928586867053426,0.29862756
46.850000009544594,1.8417958318267302,0.8582810229853564,46,14,0.7857142857142857,127,24,235,41,3.038848638534546,2.4557728539809975,0.31263092
46.90000000955478,1.871843556227362,1.1098151586346232,38,15,0.8571428571428571,127,21,235,40,3.0167073011398315,1.8013289156016743,0.28536573
46.95000000956497,1.598191972654222,1.1238820355870807,40,15,0.8571428571428571,129,21,225,38,2.9643848538398743,2.1078390404625935,0.21859682
47.00000000957515,1.8865696590997105,1.2497639583195526,39,15,0.8571428571428571,131,23,232,43,3.0571162700653076,2.146787787819786,0.1932052
47.05000000958534,1.9749127759973373,1.0398523364794867,42,14,0.7857142857142857,127,21,226,41,3.1505370140075684,2.2739212439625067,0.2571559
47.100000009595526,2.1956242079077066,1.0311578516981672,33,13,0.7142857142857143,128,22,232,42,3.1392812728881836,1.8551135014639097,0.16752222
47.15000000960571,2.178219935190379,1.0115403810406634,42,15,0.8571428571428571,124,22,230,40,3.1650811433792114,2.3755057749957054,0.2168163
47.2000000096159,2.386416504233673,1.2982124211765642,38,14,0.7857142857142857,124,21,226,40,2.995077073574066,2.9312793998233477,0.34877434
47.25000000962608,2.0952587591415317,1.1502093884923599,38,14,0.7857142857142857,126,20,234,41,3.250209391117096,2.5178316368074682,0.34099835
47.30000000963627,2.1902983999756023,1.1677958358916332,43,14,0.7857142857142857,136,24,239,41,2.824435234069824,2.3546319935373194,0.2310935
47.35000000964646,2.139124798571487,1.179212713353379,36,15,0.8571428571428571,127,21,235,42,2.905479371547699,2.9539984838085687,0.25388873
47.400000009656644,2.10168377826967,1.3202268139959394,40,15,0.8571428571428571,128,21,237,40,2.8695204854011536,2.76965575677691,0.19933234
47.45000000966683,2.082102350625063,1.2567127186256237,43,15,0.8571428571428571,127,22,231,41,3.0471187829971313,2.427672260779117,0.14310345
47.50000000967702,2.5744406309096926,1.706429354629224,37,15,0.8571428571428571,129,23,236,40,3.0388838052749634,1.9785235097215637,0.24401686
47.5500000096872,2.184287241736122,1.4029662725680334,34,14,0.7857142857142857,121,21,234,39,3.1305545568466187,1.8635272309887796,0.35828662
47.60000000969739,1.7080257009968123,1.05005896939151,42,14,0.7857142857142857,122,21,226,38,3.223147988319397,2.570614131370732,0.30383325
47.650000009707576,1.9252337519942748,0.9609036508211963,37,13,0.7142857142857143,126,21,229,41,3.0193349719047546,1.9712797030641216,0.24791527
47.70000000971776,1.6643509785312722,0.8762804956756781,40,12,0.6428571428571429,126,22,228,40,3.294408619403839,2.2514601418060476,0.228647
47.75000000972795,1.7901803449460483,0.9561499793459377,38,13,0.7142857142857143,123,22,228,38,2.9546529054641724,3.2372703140074677,0.34478068
47.800000009738135,1.8398188453379651,1.0175938056149068,36,15,0.8571428571428571,124,20,229,40,3.2150542736053467,3.158350579705367,0.21901198
47.85000000974832,1.8774224770341332,1.0193030118090731,40,15,0.8571428571428571,124,23,222,40,3.143228590488434,3.181456880479656,0.19969529
47.90000000975851,2.3463154970595883,1.3565917144964503,38,14,0.7857142857142857,127,20,235,42,3.0223852396011353,2.3560471566393293,0.23402601
47.950000009768694,1.9195362582585158,1.210341967897665,38,14,0.7857142857142857,124,21,234,42,3.284641206264496,2.499787780620144,0.16252488
48.00000000977888,2.244088524137489,1.3917896390346984,45,15,0.8571428571428571,127,22,237,41,3.243592083454132,2.5422952372917074,0.20747998
48.050000009789066,2.2794830963057446,1.6677087729994042,37,15,0.8571428571428571,131,21,241,43,3.008645176887512,2.4119262775902772,0.12808128
48.10000000979925,2.0604430784683996,1.4285891514469105,44,15,0.8571428571428571,130,24,234,41,3.1641611456871033,2.463278805103286,0.19178446
48.15000000980944,2.3954555213413555,1.5480539674006308,35,14,0.7857142857142857,128,19,232,43,2.961929738521576,2.063255195266809,0.16888191
48.20000000981962,1.8260205365296265,1.3478205686710718,36,14,0.7857142857142857,128,23,233,44,3.1285840272903442,3.081151079755351,0.19369292
48.25000000982981,1.9391782917624976,1.1137203590349796,45,14,0.7857142857142857,131,24,230,40,3.0602791905403137,2.6252993472954245,0.14664745
48.30000000984,2.06736300975848,1.6502682820680796,29,14,0.7857142857142857,126,22,232,44,3.282839059829712,2.5301281676704868,0.3720768
48.350000009850184,1.942883555162151,1.306160483234287,34,15,0.8571428571428571,125,23,229,41,3.1733450293540955,2.5809070047757032,0.22926004
48.40000000986037,1.973772834331287,1.1437664344305918,34,13,0.7857142857142857,124,21,228,41,3.1747445464134216,2.8794878555760572,0.2543307
48.450000009870564,2.457759768679109,1.7021056017439948,37,15,0.8571428571428571,136,22,241,45,3.1513014435768127,1.8276063756640593,0.2554148
48.50000000988074,2.1152401232040114,1.4088979830119486,39,15,0.8571428571428571,128,21,233,41,2.8898009657859802,2.3099674993978336,0.14061207
48.55000000989093,2.0838896581374984,1.2175928369797515,38,14,0.7857142857142857,128,21,239,41,2.7523744106292725,2.4691103593962804,0.2674067
48.60000000990112,1.9103683924944315,0.9438375665552965,32,15,0.8571428571428571,127,22,224,41,3.273305892944336,2.8797153881607507,0.2225942
48.6500000099113,1.6022032846904164,0.8661859196057482,37,14,0.8571428571428571,132,23,231,41,3.1328144669532776,2.839023362437354,0.16219747
48.70000000992149,1.719246374787704,1.0702177510835933,35,14,0.7857142857142857,129,24,236,42,3.345208466053009,2.3796378285432507,0.2893389
48.75000000993168,1.576247744760276,0.9707825261717083,38,14,0.7857142857142857,130,21,236,43,3.0216309428215027,2.2049576460930886,0.21334533
48.80000000994186,1.7862910240472472,1.3006575135681178,36,15,0.8571428571428571,130,24,231,42,3.2333317399024963,3.04406460360771,0.25513098
48.85000000995205,2.300470820764372,1.6949950575215142,35,15,0.8571428571428571,134,23,238,45,2.9455789923667908,2.6433080273324716,0.31014925
48.900000009962234,2.19033523540009,1.3498219315896645,38,15,0.8571428571428571,129,21,232,39,3.260577917098999,2.493696525995075,0.2102026
48.95000000997242,2.1324896888192972,1.4293518061273172,41,14,0.7857142857142857,134,22,244,44,2.768365442752838,2.2717566422258706,0.22474638
49.00000000998261,1.8936527794920308,1.3081295133310258,31,14,0.7857142857142857,124,20,241,42,2.863348424434662,2.428235688113025,0.2830524
49.05000000999279,1.45735065455679,0.6034234161962194,40,15,0.8571428571428571,128,23,238,43,3.107786774635315,2.5959585111810046,0.21706836
49.10000001000298,1.999903739288099,1.3630984072077121,32,14,0.7857142857142857,131,22,239,41,3.1578052043914795,2.62345598001378,0.23040693
49.150000010013166,1.7840652036215212,1.0738734300800916,39,15,0.8571428571428571,135,23,242,42,3.0450668931007385,3.013588934507867,0.14329004
49.20000001002335,2.466376620686847,1.6576231434350372,34,14,0.7857142857142857,131,22,236,41,3.272351026535034,2.9828386271489205,0.21447012
49.25000001003354,1.9941497742002707,1.160659103550398,37,13,0.7142857142857143,132,24,238,44,3.150259554386139,2.9698262338669412,0.1264045
49.30000001004373,1.7213740074960988,0.912110068027937,44,15,0.8571428571428571,126,24,235,41,3.127604126930237,3.2763979531136034,0.21291848
49.35000001005391,1.7655199654247125,0.9707835677884057,30,14,0.7857142857142857,132,24,236,41,3.128202259540558,3.4795870512092097,0.12505159
49.4000000100641,1.6015294027276128,1.018172757366013,37,14,0.7857142857142857,125,21,234,44,3.1860893964767456,3.2675959980338565,0.25059918
49.450000010074284,1.614374883367499,0.8528894259771992,45,13,0.7142857142857143,130,24,231,42,2.9895049333572388,3.291799376947191,0.2212534
49.50000001008447,2.013742165732499,1.2750264720928717,40,16,0.8571428571428571,136,24,240,44,2.9003003239631653,3.0937013222339083,0.23451102
49.55000001009466,1.8321815935240648,1.354379469012428,36,14,0.7857142857142857,131,25,240,40,3.078151047229767,3.420526256039418,0.24344891
49.60000001010484,1.8913039257579223,1.1187695973307206,45,14,0.8571428571428571,128,23,239,41,3.0959415435791016,3.1124616603119826,0.15075402
49.65000001011503,2.109151248847833,1.351734771127877,41,15,0.8571428571428571,122,21,236,42,3.1467384099960327,2.973465542560154,0.33794606
49.700000010125216,2.286341214597542,1.3378718373066216,35,13,0.7142857142857143,132,23,243,42,3.0770674347877502,2.9917549933035215,0.24371752
49.7500000101354,2.0713890403630724,1.3325844272184015,41,15,0.8571428571428571,126,22,236,42,3.0896347761154175,3.4916382757508924,0.21374732
49.80000001014559,2.3201893152542006,1.6609411420773554,39,15,0.8571428571428571,133,23,239,45,3.2018473744392395,2.9239979337396615,0.2486142
49.850000010155775,2.2014916621561835,1.4224223483695981,41,15,0.8571428571428571,132,22,236,43,3.1003326177597046,2.9373455828129558,0.25135526
49.90000001016596,2.065069901705387,1.2021341591828898,32,14,0.7857142857142857,120,19,223,39,3.342912197113037,3.296253098568087,0.28491333
49.950000010176154,1.9160742079037933,1.206707934982992,38,15,0.8571428571428571,128,22,235,43,2.9948705434799194,3.0711814161329087,0.18638697
50.000000010186334,2.0684604575656693,1.3588969707075242,39,14,0.7857142857142857,126,22,236,43,3.082377016544342,3.1292247158871245,0.24786761
50.05000001019652,1.9561849673398954,1.2477861863797668,41,15,0.8571428571428571,134,23,235,42,3.1670668721199036,3.4231654170757064,0.17911817
50.10000001020671,2.283171812137931,1.6743002494835946,34,13,0.7142857142857143,122,18,231,40,3.074060082435608,3.3283572302215525,0.25834846
50.15000001021689,2.3685010832999485,1.592957963499435,34,14,0.8571428571428571,131,24,234,42,2.92429655790329,3.0922680930066893,0.22529018
50.20000001022708,1.914408222747065,1.039712635972448,37,15,0.8571428571428571,124,24,228,39,3.1015196442604065,3.0369967907785256,0.26095524
50.250000010237265,1.9659162742875225,1.034933225827901,44,14,0.8571428571428571,120,20,223,40,3.322891891002655,2.775514993282977,0.3213774
50.30000001024745,2.126568597126447,1.4246504029328504,34,15,0.8571428571428571,127,21,232,42,3.2163983583450317,2.16865507729624,0.27289474
50.35000001025764,1.9126430065332527,1.1097440808092538,43,14,0.8571428571428571,117,21,217,40,3.1343674659729004,2.8187553275159605,0.40692383
50.400000010267824,1.8640554180666746,1.0307162656611593,36,13,0.7857142857142857,128,25,227,40,3.2220691442489624,2.5011548145305706,0.30101573
50.45000001027801,2.404920865075338,1.4400701803211269,37,14,0.7857142857142857,129,21,233,44,3.3592885732650757,2.2145191009369114,0.22266206
50.500000010288204,2.1023145317903866,1.2241715629482155,38,15,0.8571428571428571,129,22,234,41,3.164616823196411,1.990175827906171,0.19034721
50.55000001029838,2.0361520123214314,1.1049201641863362,48,15,0.8571428571428571,124,23,232,40,3.089979887008667,2.1305115650025286,0.27791974
50.60000001030857,2.1313837631389974,1.3321929763075375,49,15,0.8571428571428571,127,23,243,43,3.0693355202674866,1.6952394109816016,0.18025379
50.65000001031876,1.910652381435506,1.0862294521670355,36,14,0.8571428571428571,118,19,211,38,2.866356074810028,2.8108751861551617,0.35040212
50.70000001032894,1.8069426017888386,0.9129037589150728,41,14,0.8571428571428571,119,19,219,40,3.090469241142273,2.793531575431203,0.2800706
50.75000001033913,2.0169660065889827,1.1657705535218255,38,15,0.8571428571428571,132,23,226,40,3.16059947013855,2.3611280314738536,0.36322528
50.800000010349315,2.006425886414362,1.350680575506975,41,14,0.8571428571428571,131,22,231,40,3.046908378601074,1.6467064931048458,0.10026231
50.8500000103595,2.162984719503747,1.321247292630245,43,15,0.8571428571428571,131,23,236,42,2.9679498076438904,1.4516183642953528,0.23351443
50.90000001036969,2.2529632514430102,1.335180945892981,37,15,0.8571428571428571,124,20,231,42,3.1902965903282166,1.3651245792941946,0.24385718
50.950000010379874,2.0382984881232074,1.4725982745029467,37,15,0.8571428571428571,123,20,235,42,3.012276589870453,1.3736018840283126,0.20073457
51.00000001039006,2.0754737221752606,1.548798155560411,36,12,0.7142857142857143,122,22,227,41,3.089947998523712,1.7090469382117401,0.39685667
51.05000001040025,1.794676954408254,1.0814669518159383,38,14,0.7857142857142857,124,22,230,42,3.3669117093086243,1.1992700294099823,0.16486001
51.10000001041043,2.3080777481731447,1.213301007000312,42,15,0.8571428571428571,127,20,235,42,3.2301682233810425,1.6326125010862302,0.18558036
51.15000001042062,2.223364825877189,1.3332371559009892,46,15,0.8571428571428571,125,21,240,43,3.244142532348633,0.8295048471890354,0.15528388
51.200000010430806,2.3106950441045626,1.4427298611124286,37,15,0.8571428571428571,130,23,230,42,3.0661457777023315,1.0415666134492163,0.25955755
51.25000001044099,1.7768893736603728,1.0472804268987312,43,15,0.8571428571428571,129,24,233,42,3.169383406639099,1.2722272983189153,0.2059451
51.30000001045118,1.7073242990293203,1.1316439008067998,40,14,0.7857142857142857,134,23,225,40,3.03153395652771,1.1246597149301962,0.17531396
51.35000001046136,1.779686929996294,1.2083880514129313,38,15,0.8571428571428571,120,17,228,40,2.986862361431122,1.1393912072673906,0.23122519
51.40000001047155,1.780754261087126,1.237483290508208,36,15,0.8571428571428571,122,19,226,42,2.993510067462921,1.0145425001026354,0.21895154
51.45000001048174,1.5794077612838644,1.0431133479684815,36,15,0.8571428571428571,119,19,224,40,3.167538046836853,0.8402462005705313,0.32286313
51.500000010491924,1.6896160918310945,1.1117289572287143,39,13,0.7857142857142857,124,21,239,44,3.1252673268318176,0.2639595290355956,0.20739292
51.55000001050211,2.427755425018393,1.7017378994245842,36,15,0.8571428571428571,132,23,238,43,3.040914237499237,0.8730735743637563,0.31246063
51.6000000105123,1.6857534158258116,0.8941605821691341,41,13,0.7142857142857143,120,19,219,39,2.808219790458679,1.4598724140991326,0.26512957
51.65000001052248,1.887107257123128,0.8632259520507555,39,14,0.7857142857142857,125,22,228,40,2.9274797439575195,0.5548349385495221,0.2394113
51.70000001053267,2.109893833390342,1.275150177100139,36,15,0.8571428571428571,123,21,231,41,3.116067051887512,0.9882749799046131,0.21681213
51.75000001054285,2.024163535134803,1.3122582579076836,39,15,0.8571428571428571,121,22,233,41,3.065013289451599,0.14956007624030043,0.24344002
51.80000001055304,1.5850606697515564,1.1135225501142294,34,13,0.7142857142857143,119,21,224,40,3.3106938004493713,1.2722428546890274,0.37894407
51.85000001056323,2.0313013138416696,1.009956668662999,36,13,0.8571428571428571,110,17,216,39,3.18212628364563,0.6088244456559888,0.28011185
51.900000010573414,1.8501697137199713,1.0524952709166118,35,13,0.7142857142857143,122,18,221,38,3.097125291824341,0.7678005957491774,0.22164476
51.9500000105836,2.0756789591757707,1.2086004978926006,37,14,0.7857142857142857,121,21,227,39,3.099636137485504,1.2093112770820102,0.43394956
52.00000001059379,1.9008638633542065,1.1231976010364901,41,14,0.8571428571428571,121,20,224,39,2.9179757833480835,1.2274034583903415,0.34265026
52.05000001060397,1.8361445237499752,1.0882570222015597,37,14,0.7857142857142857,115,18,227,38,3.3750203251838684,1.6683783856675571,0.40039393
52.10000001061416,1.900204608453531,1.2012765387353,40,15,0.8571428571428571,119,20,221,39,3.0686992406845093,1.5489175891993323,0.2194818
52.150000010624346,1.8343502240417688,1.212448579259569,38,14,0.8571428571428571,119,19,224,43,2.9957032203674316,2.376968382507032,0.35129112
52.20000001063453,2.0893201709451805,1.2556907819857726,31,14,0.7857142857142857,119,22,219,42,3.250444531440735,1.4791910072942294,0.2303013
52.25000001064472,1.8398926005203655,1.0276055363608008,29,13,0.8571428571428571,118,19,224,39,3.2590362429618835,1.6605998531149613,0.39057553
52.3000000106549,2.1517360951779336,1.0273708301383606,39,13,0.7142857142857143,124,20,226,39,3.2045814394950867,1.8969454058143764,0.1835168
52.35000001066509,1.9432395989060678,0.919416891655749,34,14,0.8571428571428571,121,20,222,40,2.869090735912323,1.7936802338422542,0.29684222
52.40000001067528,1.538534482223507,0.7084175903917213,38,14,0.7857142857142857,123,23,229,39,3.126530945301056,2.322530812850143,0.2996781
52.450000010685464,1.5723826843553241,0.7052930766181458,33,13,0.7857142857142857,118,21,220,39,3.1995895504951477,2.5262352006105893,0.2757315
52.50000001069565,2.0342072163324882,1.0639338632248367,39,14,0.7857142857142857,124,21,224,39,3.0925649404525757,1.2654806008242403,0.25762555
52.550000010705844,1.7585188956371915,1.29741948533043,38,15,0.8571428571428571,124,21,228,38,3.3261269330978394,1.535769634291988,0.37989262
52.60000001071602,1.9875037083387608,1.2119573326719166,38,15,0.8571428571428571,128,21,231,39,3.023604154586792,1.7267359677248706,0.26255003
52.65000001072621,1.1381457125130463,0.7307501940456574,32,14,0.7857142857142857,121,22,224,41,2.9754796624183655,1.8200294853216548,0.36194137
52.7000000107364,1.9439065463139182,1.2992997024275101,34,15,0.8571428571428571,121,22,236,41,3.1818807125091553,2.6529388687701516,0.32684532
52.75000001074658,1.8500045496476412,1.0156308323490535,31,12,0.7142857142857143,114,19,220,39,3.2491201162338257,1.840898945599374,0.34594175
52.80000001075677,1.72927813382331,0.916481515146887,36,14,0.8571428571428571,122,23,226,41,3.15003901720047,1.7821952798538288,0.29281873
52.85000001076696,1.8497215126520474,0.8290788258175313,39,13,0.8571428571428571,116,19,217,41,3.1343254446983337,2.609624016119545,0.31983748
52.90000001077714,1.9501505588449577,1.1831082883865989,25,14,0.8571428571428571,112,19,209,35,3.3351027965545654,2.6107277938719164,0.49376458
52.95000001078733,2.161479723674235,1.2068340688951875,35,15,0.8571428571428571,115,18,219,40,3.1810644268989563,1.2955291744815245,0.3603548
53.000000010797514,2.1466295690991455,0.8659851841223267,38,12,0.7857142857142857,117,18,217,38,3.213498294353485,2.348557037306138,0.30768314
53.0500000108077,1.6363202701365311,0.6136088897824907,29,10,0.6428571428571429,118,19,214,37,3.070816397666931,2.4061011145494415,0.4319054
53.10000001081789,2.0297142185495938,1.116473214299287,29,13,0.7857142857142857,114,18,210,38,2.8600692749023438,2.597278273182324,0.40605223
53.15000001082807,2.042307057577407,1.226180673540982,35,14,0.7857142857142857,117,17,226,40,3.0024453997612,2.2123144616597035,0.3366906
53.20000001083826,1.774034880319216,1.2663902917976875,37,13,0.7857142857142857,110,18,223,38,3.0165621638298035,2.4666870927293427,0.51511383
53.250000010848446,1.6823968213035068,1.2662011635713148,35,14,0.7857142857142857,114,18,221,38,2.9332026839256287,3.2606504522235724,0.38995197
53.30000001085863,1.7674360488584087,1.2659085500940317,37,14,0.7857142857142857,118,21,227,38,3.2215604186058044,3.034031657353875,0.44442448
53.35000001086882,1.4951066768854726,0.7114506049975761,32,11,0.7142857142857143,114,19,215,40,3.2487672567367554,3.2720297366141615,0.45355952
53.40000001087901,1.869803373787955,1.1192405746251064,38,13,0.7857142857142857,114,18,222,38,3.334610164165497,2.46810743413155,0.498431
53.45000001088919,2.1018536455419436,1.0900127723239454,33,14,0.8571428571428571,111,19,209,37,3.1143468618392944,3.546202518978383,0.35139406
53.50000001089938,1.4313859884065971,0.7266542139562328,27,11,0.6428571428571429,116,18,215,38,3.052929937839508,3.2704808122846085,0.45328355
53.550000010909564,2.1064343576130655,0.8547688213829306,32,13,0.8571428571428571,117,20,205,37,3.131626546382904,3.3513070459702377,0.40545353
53.60000001091975,1.8918104501870996,0.9240792185060949,35,12,0.7857142857142857,113,20,222,39,3.0883044004440308,2.9028535069650907,0.51121294
53.650000010929936,1.984055321376172,1.361208364525464,34,14,0.8571428571428571,114,20,208,37,3.216775059700012,2.640670513337575,0.42735827
53.70000001094012,1.981582275631718,1.0521596861211908,40,13,0.7857142857142857,120,22,223,40,3.0368325114250183,2.586702238132297,0.3066346
53.75000001095031,2.324648984529363,1.4429761448262823,32,14,0.7857142857142857,116,19,215,38,2.9622262716293335,2.2903823742692087,0.5084615
53.800000010960495,1.9952060684075295,1.150761054892907,29,15,0.8571428571428571,116,19,217,36,3.156815469264984,2.3540906213185853,0.41331333
53.85000001097068,1.5983630366744817,0.9352450051205738,26,11,0.7142857142857143,115,19,214,38,3.238650858402252,3.1980441757776834,0.3895596
53.90000001098087,1.7764901398780704,1.0671803365375951,39,15,0.8571428571428571,115,19,219,38,2.9248446226119995,3.6584516047368876,0.35821855
53.950000010991054,1.7661727751613694,1.1407802791258548,35,15,0.8571428571428571,116,19,221,40,3.1804674863815308,2.900427601837139,0.21955392
54.00000001100124,1.6434758046795865,1.1176051970857621,36,15,0.8571428571428571,115,18,221,37,3.3099710941314697,2.811435455237019,0.31668055
54.050000011011434,2.0762333344364183,1.3246368699130893,36,15,0.8571428571428571,119,18,218,40,3.110540807247162,3.2563819474171662,0.3624963
54.10000001102161,1.9290007658989885,0.9931292556701353,34,13,0.7142857142857143,119,20,220,38,3.2828545570373535,2.7641284370252883,0.4543733
54.1500000110318,1.7032970337089042,0.9689935563272094,25,12,0.7142857142857143,120,21,214,37,3.2710063457489014,3.1816161443549795,0.3307539
54.20000001104199,1.7770902076952224,1.109267618269206,32,11,0.6428571428571429,113,19,217,38,3.1682249903678894,2.231145285598508,0.3759238
54.25000001105217,1.5714384867714526,1.0908254877815053,32,14,0.7857142857142857,115,18,216,38,3.122795820236206,2.158148570729379,0.46973974
54.30000001106236,1.7439172487932022,1.0351679402994274,32,13,0.7857142857142857,116,18,215,38,2.9686784744262695,2.030289376874199,0.46603972
54.350000011072545,1.6416759951868343,1.0805679639114645,35,14,0.7857142857142857,126,23,218,37,3.2230529189109802,2.246045536630241,0.39249057
54.40000001108273,2.165485051080021,1.137839835603467,35,14,0.7857142857142857,117,19,218,39,3.2087859511375427,2.432214286631087,0.48131093
54.45000001109292,1.8870952578361724,0.9045529391490963,29,13,0.7857142857142857,113,18,211,38,3.158375322818756,2.7970749594483824,0.5096433
54.500000011103104,1.7449343350304283,0.7812047126669175,26,12,0.7142857142857143,104,18,202,36,3.274179995059967,3.2282160977970342,0.5385661
54.55000001111329,2.109391111777666,0.999165462772343,35,13,0.7857142857142857,115,20,208,37,2.919483482837677,2.5107127957987263,0.35743418
54.600000011123484,1.437355899418683,0.7979696240144922,35,14,0.7857142857142857,123,23,224,39,3.1760287284851074,2.152431877831509,0.31921524
54.65000001113366,1.8601572545975706,0.8396544009627351,33,15,0.8571428571428571,118,19,210,36,3.242397904396057,2.6181065828144945,0.26998687
54.70000001114385,1.5982566540318834,0.970615474016441,32,13,0.7857142857142857,109,18,211,38,3.194587826728821,2.6104392519833475,0.39878702
54.75000001115404,1.8736981100143022,1.0901022470488515,34,12,0.7142857142857143,110,20,215,37,3.201710879802704,2.33447951730529,0.37092745
54.80000001116422,1.5071693901715741,0.7486331160244546,37,13,0.7857142857142857,118,21,220,38,3.105190694332123,2.5123407023891353,0.43498477
54.85000001117441,1.7438293705828878,1.2271039085302657,30,11,0.7142857142857143,111,17,214,41,2.9696738719940186,1.5178653942986653,0.48565114
54.900000011184595,2.4876944358682676,1.033169792432596,35,13,0.8571428571428571,110,19,219,39,3.0418163537979126,1.7622478991461321,0.5227692
54.95000001119478,2.7225312098484196,1.4251073328815842,38,14,0.8571428571428571,111,18,210,36,3.2616132497787476,1.3960628104782735,0.5448372
55.00000001120497,2.419603199815266,1.1930816657071197,36,14,0.8571428571428571,112,19,216,38,3.2522475719451904,2.336600499016308,0.36792117
55.050000011215154,2.5961365168142225,1.1386519242082573,31,11,0.7142857142857143,114,20,218,37,3.0237004160881042,1.5091729148855748,0.4705734
55.10000001122534,2.3116758724930015,1.1000189520989998,41,12,0.7857142857142857,116,19,227,39,3.0671417713165283,1.8313122592503017,0.38652366
55.15000001123553,2.0029619552048565,1.059802093010246,31,13,0.7857142857142857,115,19,223,37,2.9162827134132385,2.2733772124967455,0.40042728
55.20000001124571,1.8019166954810748,1.015712149574938,30,13,0.7857142857142857,111,18,216,38,3.3245718479156494,2.911826424238413,0.50748515
55.2500000112559,2.2629923735048503,1.1582810236102505,38,13,0.7857142857142857,120,19,222,38,3.2028117775917053,2.7908630987182903,0.4448371
55.300000011266086,2.1726676637488533,1.3924172502406875,26,12,0.7857142857142857,106,19,219,38,3.4661418199539185,2.8494524895965956,0.5782505
55.35000001127627,2.2904874633105745,1.3074289806066477,22,12,0.7142857142857143,113,19,212,37,3.250347077846527,2.2187332303564666,0.52427304
55.40000001128646,1.9703988799784524,1.1750158581884644,35,15,0.8571428571428571,116,19,230,41,3.0479195713996887,1.9537842920080273,0.4229009
55.45000001129664,1.9448526319271782,1.08458561998351,33,12,0.7142857142857143,104,17,204,36,3.153107762336731,2.925472530242601,0.44846016
55.50000001130683,1.7913356219980636,0.735981585739468,28,13,0.7857142857142857,115,19,215,38,3.1646889448165894,2.7459663255864886,0.49082237
55.55000001131702,2.1281173434345257,1.0444434321821707,35,14,0.8571428571428571,115,21,205,35,3.1431901454925537,2.6204386508581745,0.53804964
55.600000011327204,2.019849366511371,1.2243128979359705,32,13,0.7857142857142857,116,19,217,37,3.2687419652938843,2.697097151714658,0.4110419
55.65000001133739,1.7246411614383097,0.7127006369822246,38,15,0.8571428571428571,124,20,224,40,3.144957423210144,2.4387804155570603,0.2624475
55.700000011347576,1.9395487940764131,0.7677750024387814,28,11,0.6428571428571429,114,20,201,35,2.8567886352539062,2.1657477520408364,0.50686294
55.75000001135776,2.228138216973172,1.2239638971235927,31,14,0.7857142857142857,116,19,216,39,3.1014618277549744,2.0962479497349307,0.48483127
55.80000001136795,1.88607516609585,0.8605953726746802,34,12,0.7142857142857143,118,21,216,39,3.19766104221344,2.6920107124116743,0.39309216
55.85000001137813,1.7098529407823215,1.0125161753870136,35,14,0.7857142857142857,119,19,223,42,3.1789255142211914,2.537538098493286,0.30617794
55.90000001138832,1.8256114948668432,0.9207150577466455,33,14,0.8571428571428571,117,19,222,38,3.173098564147949,2.9886476661572203,0.27089775
55.95000001139851,2.1622682638651964,1.320149363973009,35,13,0.7857142857142857,117,18,216,41,3.0499938130378723,2.851648617219036,0.4622814
56.000000011408694,1.9312161781541701,1.3410932980598895,32,15,0.8571428571428571,122,18,227,43,3.2539069652557373,2.930455230557971,0.37044144
56.05000001141888,2.090980041443698,1.28494609240758,36,15,0.8571428571428571,121,20,231,41,3.1101971864700317,2.8053916509531707,0.322358
56.10000001142907,1.7627191453850126,0.9590655225337807,42,15,0.8571428571428571,122,22,224,40,3.1058555841445923,3.0174966387896607,0.27815914
56.15000001143925,1.7582232713261445,1.0939449348474701,37,14,0.7857142857142857,122,22,221,39,3.214317262172699,3.5017282899166258,0.4243514
56.20000001144944,1.8739164613848023,1.202132114042125,37,15,0.8571428571428571,121,19,228,41,3.1376370787620544,3.5773424881302063,0.2604475
56.250000011459626,2.224516591159549,1.0802936936358603,29,14,0.7857142857142857,113,18,208,39,3.184252381324768,3.8467182516710796,0.45517424
56.30000001146981,1.8040796553110308,1.5088693579816868,33,13,0.7142857142857143,119,21,221,38,3.1101617217063904,3.1358111348318385,0.3391596
56.35000001148,1.9351717215064181,0.9474522466742701,31,12,0.7142857142857143,115,21,222,40,3.092319965362549,2.910334105213108,0.39214125
56.40000001149018,2.193344522530669,1.5252944739641987,30,14,0.7857142857142857,115,19,214,37,3.2064735889434814,2.7366983054795213,0.37382388
56.45000001150037,1.8761060717132583,1.1826897721101786,27,14,0.8571428571428571,120,19,219,39,3.087787628173828,3.7157344217638677,0.33086342
56.50000001151056,2.752183208382768,1.404977135108991,28,12,0.7142857142857143,106,18,200,35,3.281312584877014,4.079520674677104,0.5887305
56.550000011520744,2.402013721200786,1.5640589790700403,29,13,0.7857142857142857,109,18,198,33,3.2293009757995605,3.6637809481699346,0.6313332
56.60000001153093,2.6340382700998526,1.5794771066952726,29,12,0.7142857142857143,106,16,204,39,3.2152101397514343,3.752170976817659,0.65079975
56.650000011541124,1.2778663433087312,0.7968154048875589,30,11,0.6428571428571429,112,19,214,37,2.917678654193878,3.7610593016178484,0.43570107
56.7000000115513,2.094233975740972,1.178553417437327,33,13,0.7857142857142857,117,19,211,39,3.127557337284088,2.933882368365346,0.42231834
56.75000001156149,2.102551062580507,1.2059585068376728,25,12,0.7857142857142857,106,16,209,38,3.2354992628097534,2.835638585446274,0.71287537
56.80000001157168,1.9603199380326684,1.1722874283235798,40,13,0.7857142857142857,109,17,200,38,3.340303599834442,3.1582719954965643,0.43199033
56.85000001158186,1.8449895862242494,1.103478349603261,28,12,0.7857142857142857,116,19,211,38,3.103906512260437,3.2105703225367055,0.37306646
56.90000001159205,2.255262544786131,1.270041811124964,28,9,0.5714285714285714,92,17,192,33,3.3435195684432983,4.733553117465243,0.79843646
56.95000001160224,2.1263402032175396,1.2014705239341188,29,12,0.7142857142857143,102,16,197,34,3.2963046431541443,3.7326149524653562,0.5674922
57.00000001161242,1.5534270882565941,1.0506461800405382,32,10,0.6428571428571429,105,20,201,35,3.039861023426056,4.469310224248639,0.58686
57.05000001162261,2.2195876010711015,1.446203343936542,29,13,0.7857142857142857,103,17,196,35,3.1738683581352234,4.429238518334397,0.593667
57.100000011632794,1.7870366623453653,0.8854530844920354,37,13,0.7857142857142857,116,19,205,37,3.1697356700897217,3.312160547319696,0.45164526
57.15000001164298,1.8934153341927307,1.0843994964923154,26,12,0.7142857142857143,114,18,205,37,3.148782253265381,3.583682570709996,0.55350435
57.20000001165317,1.4478509091184841,0.7690675141094395,37,14,0.7857142857142857,114,20,216,38,2.957453727722168,2.9925062429521,0.3511083
57.25000001166335,1.8528737252075893,1.1967386411832472,24,11,0.7142857142857143,113,20,212,38,3.2869532704353333,3.3457563482151986,0.43471545
57.30000001167354,1.8253269481015253,1.1469765598392592,18,9,0.5714285714285714,102,17,183,34,3.419909179210663,2.9515396243689995,0.5397291
57.350000011683726,1.7137219515396296,1.0559252280465654,31,13,0.7857142857142857,116,19,206,36,3.1035855412483215,3.116015586565437,0.4737661
57.40000001169391,1.925863834117225,1.2172889777716536,30,11,0.6428571428571429,105,15,194,36,3.1621071696281433,2.856576203622625,0.7244785
57.4500000117041,2.168653436366103,1.1871715250018893,32,13,0.7142857142857143,114,19,206,39,3.2289400696754456,2.2457110648563816,0.3903892
57.50000001171429,1.5319448052094786,0.8259722796858361,25,11,0.7857142857142857,113,19,213,37,3.2810059189796448,2.8010541219889884,0.45015305
57.55000001172447,1.5266874557452523,0.9461388097579542,26,13,0.7857142857142857,116,21,222,39,3.281269371509552,2.7435450520183036,0.44489348
57.60000001173466,1.8938552855563895,1.373131490925217,29,13,0.7857142857142857,110,17,219,38,2.9550278186798096,2.547008189466915,0.40625852
57.650000011744844,2.4414615348126785,1.451988821829845,37,14,0.8571428571428571,125,22,233,43,2.8527554869651794,1.8157150791298715,0.22526163
57.70000001175503,2.295688006636184,1.5807302499249984,34,13,0.7857142857142857,112,19,213,40,3.1255510449409485,1.9508959617525523,0.48380262
57.750000011765216,1.5486711878176753,0.8713083568176444,26,11,0.7142857142857143,104,17,204,39,3.325463831424713,3.195132254448252,0.60437036
57.8000000117754,1.7256693207606069,1.1276678132335887,23,12,0.7142857142857143,106,17,208,38,3.274272084236145,2.9698343326830567,0.5013541
57.85000001178559,2.087946879411158,1.3758438147201923,30,13,0.7142857142857143,122,20,224,41,3.2165351510047913,2.3057434369255336,0.26082265
57.900000011795775,2.038541670150854,1.1451082298871391,27,11,0.6428571428571429,106,19,205,36,3.338485360145569,2.575454298210609,0.40555534
57.95000001180596,1.8505373593596381,1.1478116091583035,34,13,0.7142857142857143,122,21,223,38,3.0570629239082336,2.57201917797512,0.28482038
58.00000001176521,2.409431903392779,1.598047285728127,30,12,0.6428571428571429,124,22,230,45,3.1916916370391846,1.9841196397371696,0.34744552
58.0500000115935,2.1150572930632183,1.5538305989956493,31,11,0.7142857142857143,122,21,221,40,2.9028132557868958,2.9257751960441425,0.28804553
58.100000011421784,2.2237003683079326,1.3081838759293833,37,13,0.7857142857142857,122,21,233,44,3.2930174469947815,2.7085384610851904,0.33493698
58.15000001125007,1.848728285693203,1.4307980674768683,28,12,0.7142857142857143,123,21,223,41,3.106233775615692,2.4665846444310002,0.3080415
58.20000001107836,1.656838051594645,1.2197010435471585,34,12,0.7857142857142857,114,17,224,45,3.1903842091560364,2.6761506203665686,0.36314738
58.250000010906646,2.290810515547163,1.6108499201822635,35,15,0.8571428571428571,118,17,228,42,3.08211088180542,2.72889760276378,0.32529563
58.300000010734934,2.0777510523733778,1.376810812936883,30,14,0.7857142857142857,128,20,231,43,3.233288526535034,3.361302604800356,0.35178924
58.35000001056322,2.4865815404791314,1.9416545390225233,34,15,0.7857142857142857,125,18,242,44,2.9630103707313538,2.309821238965588,0.3005482
58.40000001039151,2.005622460842052,1.5177406479431221,36,12,0.6428571428571429,123,18,230,42,2.9778870940208435,3.0301329859703863,0.28261805
58.450000010219796,2.1615035498869655,1.3584451687306267,30,11,0.6428571428571429,118,19,226,41,3.1498801708221436,3.066844503484454,0.35526705
58.50000001004808,2.0485289009966396,1.1659242725715737,30,13,0.7857142857142857,115,19,220,39,3.271312415599823,3.538820914204237,0.42586142
58.55000000987637,1.70173376645094,1.2400422901734378,32,11,0.6428571428571429,113,18,228,40,3.2599446177482605,3.64203553460702,0.46845806
58.60000000970466,1.7813162004980176,1.0564536113935885,32,12,0.7142857142857143,108,19,222,42,2.98525333404541,3.322080947967976,0.3985088
58.650000009532945,2.044032533809288,1.2018091519337364,26,13,0.7857142857142857,116,18,225,43,3.23942631483078,3.287809146394416,0.36094207
58.70000000936123,2.129220996188222,1.4649153410114615,37,14,0.8571428571428571,115,19,229,43,3.0937397480010986,3.5557632389418714,0.3202541
58.75000000918952,1.8141876842119886,1.0788243333333996,36,12,0.7142857142857143,120,22,231,43,3.1951943039894104,3.4428749265855085,0.2500627
58.80000000901781,1.855314519656455,1.358573709930127,42,13,0.7857142857142857,122,22,232,44,3.112964630126953,2.6534808145262456,0.31354374
58.850000008846095,1.4823580629758915,1.059759923988851,33,14,0.7857142857142857,127,22,225,38,3.0992120504379272,3.119591251173972,0.19261791
58.90000000867438,1.7153440592421623,1.1925493664152382,42,14,0.7857142857142857,127,23,232,42,3.1262847781181335,3.1166638510547173,0.17559296
58.95000000850267,1.5435842249606149,1.0134608765064042,34,12,0.7857142857142857,124,24,231,43,3.029075264930725,3.6301404447449315,0.3350197
59.00000000833096,1.7703467330696139,1.2376589227205756,38,14,0.7857142857142857,118,21,227,39,3.1618675589561462,3.8828926222566107,0.3406276
59.050000008159245,1.5518264768435452,1.12762834095587,37,12,0.7142857142857143,123,22,230,43,3.0921509861946106,3.498604536446326,0.32259738
59.10000000798753,1.3960302567212732,1.0038119262265306,31,13,0.7142857142857143,117,20,226,39,3.296554386615753,4.150765281630875,0.35724065
59.15000000781582,1.9127574370593372,1.4684466360248172,40,15,0.7857142857142857,121,23,230,43,3.0662956833839417,4.235597344451847,0.20491442
59.20000000764411,2.1515263135956983,1.381410152829139,42,13,0.7142857142857143,127,24,241,45,3.1955233216285706,3.989614650904816,0.24195373
59.250000007472394,1.6422122889824582,1.2405624961850223,41,15,0.8571428571428571,118,19,228,42,3.0642810463905334,4.171591441370506,0.32926977
59.30000000730068,1.7013722965154299,1.325256531324654,31,13,0.7857142857142857,121,20,240,45,3.387547731399536,4.291028200418214,0.3367614
59.35000000712897,1.8269094717115297,1.2925838726822714,41,15,0.8571428571428571,130,23,240,42,3.0070340633392334,4.303678304809182,0.2164835
59.40000000695726,1.8120999677907017,1.215068894322591,33,13,0.7857142857142857,118,20,217,39,3.061729669570923,4.6415982446976045,0.30557585
59.450000006785544,2.077663961838856,1.4520576728505006,36,13,0.7142857142857143,121,21,232,46,2.8600454330444336,4.2054355139787525,0.3336103
59.50000000661383,1.6850730992952576,1.2961278593019,34,15,0.7857142857142857,121,21,231,41,3.0543240904808044,4.158026236701353,0.32400882
59.55000000644212,1.9807072693475676,1.4758147895548148,31,12,0.7142857142857143,116,20,236,44,3.246563673019409,4.003825322773613,0.3314777
59.600000006270406,2.2504019486344484,1.3970518946803288,40,13,0.7857142857142857,122,21,227,41,3.2446783781051636,4.3802548796411145,0.2632059
59.65000000609869,2.469653649637755,1.347304003173294,37,11,0.6428571428571429,123,19,242,44,3.048989474773407,3.9574297378152767,0.30008453
59.70000000592698,2.319035448798931,1.3246021099171281,47,16,0.8571428571428571,125,22,237,45,2.9938533902168274,2.9562642083640167,0.21364081
59.75000000575527,2.193744998892478,1.1982331416620993,32,13,0.7857142857142857,126,21,235,45,3.074493110179901,2.545036869435817,0.14049764
59.800000005583556,2.063181361885433,1.25897186365499,45,14,0.7142857142857143,120,19,237,44,2.919893264770508,2.757739739627265,0.079941526
59.85000000541184,1.8590285144906817,1.1803808801266515,42,16,0.8571428571428571,127,21,237,41,3.1230580806732178,2.4439079884294923,0.23506889
59.90000000524013,1.9299905397078132,0.9313188095836249,40,14,0.7857142857142857,122,20,227,41,3.0788418650627136,2.903045913044746,0.3557243
59.95000000506842,1.7615940117013997,0.7488740537689953,44,13,0.7857142857142857,117,22,226,39,3.121490180492401,2.87895970591566,0.324818
60.000000004896705,1.9169068478618865,1.0537718902136748,39,12,0.6428571428571429,119,19,233,42,3.1430140137672424,2.0604329990258563,0.21652302
60.05000000472499,2.299443960927929,1.5193197073213651,40,14,0.8571428571428571,128,23,243,45,3.0685338377952576,2.548772619531894,0.19637538
60.10000000455328,2.3119901679964094,1.2240103476975799,35,14,0.7857142857142857,118,19,229,42,3.0660000443458557,1.8488104685279438,0.27230978
60.15000000438157,2.214136177455745,1.2590154025594198,32,15,0.8571428571428571,129,21,236,43,3.1954577565193176,1.8860576538490648,0.28682074
60.200000004209855,2.3922239349178858,1.6125240288956673,35,13,0.7142857142857143,126,21,247,47,2.908715009689331,1.4485538267641918,0.1831325
60.25000000403814,2.2310830168657456,1.683680905920535,43,13,0.7142857142857143,120,20,245,45,3.261096775531769,1.727649582036399,0.17078403
60.30000000386643,2.457567647608151,1.4959727528922455,38,15,0.7857142857142857,130,23,251,47,3.080660104751587,1.5210655705149279,0.13516407
60.35000000369472,2.133989364555152,1.2871227890237407,35,14,0.7142857142857143,126,23,246,46,3.0778056383132935,1.3796737749878396,0.18190883
60.400000003523004,1.7946669559747725,1.080645499907702,44,14,0.8571428571428571,124,24,231,40,3.0996987223625183,2.100596700800148,0.18272899
60.45000000335129,2.1726077731059625,1.4009111487612165,33,13,0.7857142857142857,124,21,236,42,3.1544306874275208,1.4223852789193003,0.26514965
60.50000000317958,1.9090012820958748,1.049564555846461,37,14,0.7857142857142857,121,22,218,41,3.1447434425354004,2.3809154623079998,0.28164107
60.55000000300787,1.763404330357106,1.0398490554199427,24,13,0.7857142857142857,111,17,213,39,3.3064454793930054,2.166839120928392,0.44233483
60.600000002836154,2.3363331795350377,1.6771581950565573,40,13,0.7142857142857143,123,21,232,46,2.917911112308502,1.3610407196321983,0.27851504
60.65000000266444,2.172646059860963,1.3375058026647821,37,15,0.8571428571428571,126,22,236,45,2.9586368799209595,1.352588194191906,0.2673405
60.70000000249273,1.9725108938422036,1.3506989212615426,32,13,0.7142857142857143,117,20,230,44,3.4004515409469604,2.14494443296946,0.24145013
60.750000002321016,2.2712703347360015,1.3277448132614822,34,12,0.7142857142857143,124,22,231,43,3.3065924048423767,2.2428753599008644,0.25335523
60.800000002149304,2.1074381638495514,1.207005046523653,38,13,0.7142857142857143,123,23,237,45,3.1061357259750366,1.3095775789410613,0.16634157
60.85000000197759,2.3179961208242035,1.3927851492902688,36,16,0.8571428571428571,127,21,235,44,3.2147645950317383,1.4630513143192125,0.21358249
60.90000000180588,2.7064463134363628,1.5751890575099918,40,13,0.7857142857142857,125,21,236,44,2.941770851612091,1.2717052802533235,0.19544992
60.950000001634166,2.3231834417530473,1.5325810702155342,36,14,0.7857142857142857,122,20,236,44,2.8497138619422913,1.5586795039286638,0.22270268
61.00000000146245,2.120240717208147,1.3809212928529169,40,13,0.7142857142857143,122,23,235,43,3.0146628618240356,1.7065488928525063,0.30151713
61.05000000129074,2.3321157893498254,1.449619666213561,35,13,0.7142857142857143,123,20,229,46,3.120638430118561,1.7876216405579815,0.21906424
61.10000000111903,2.1869383398670994,1.567319603780151,36,13,0.6428571428571429,118,20,238,44,2.979520857334137,1.76897685260605,0.40126842
61.150000000947315,2.277470252132541,1.3067140253194762,39,13,0.7142857142857143,130,22,236,47,2.9848656058311462,1.630951915677059,0.16755548
61.2000000007756,2.002199282199337,1.1814427567609695,34,12,0.6428571428571429,126,19,236,43,2.883048355579376,2.0246738577717682,0.28661436
61.25000000060389,2.187882159804523,1.2132946886024487,33,14,0.7857142857142857,129,23,232,42,3.2268893718719482,2.3130393743617184,0.24948665
61.30000000043218,2.7453036915588784,1.5488940087530931,37,13,0.7857142857142857,116,21,216,39,3.0644476413726807,1.6587883179101048,0.42715943
61.350000000260465,1.957378928630129,1.3259445212820864,39,14,0.7857142857142857,125,22,233,43,2.912907302379608,2.201473386863775,0.3221348
61.40000000008875,2.156658486461868,1.4210202020224674,44,14,0.7142857142857143,123,21,232,43,3.2242345809936523,1.745195360839089,0.28957286
61.44999999991704,1.8880657634456108,1.2424457795210095,28,11,0.7142857142857143,117,18,224,42,3.193746507167816,1.9838839610547598,0.3896572
61.49999999974533,1.9342345918416137,1.2030516062457948,39,13,0.7142857142857143,120,21,237,43,3.2728058099746704,2.397128163282405,0.3619105
61.549999999573615,2.07554673085306,1.3336047860729083,34,14,0.7142857142857143,122,21,239,43,3.0412548780441284,2.4485180156825326,0.3508984
61.5999999994019,1.9533091511595913,1.0893933677431527,33,14,0.7857142857142857,117,20,218,39,3.202719986438751,3.27294967910702,0.3881995
61.64999999923019,2.0159697555787397,1.3678161239146664,40,14,0.7142857142857143,124,20,231,43,2.8426074981689453,2.833000805704824,0.30587518
61.69999999905848,2.093939302085091,1.257514899008105,38,14,0.7142857142857143,129,24,239,46,3.029828667640686,2.5784696532733165,0.26775804
61.749999998886764,1.7966009312903446,1.374839217001281,42,14,0.7142857142857143,128,25,232,44,2.9325950145721436,3.043574431739602,0.27868754
61.79999999871505,1.391975075521783,0.6126733209962849,34,13,0.7857142857142857,115,19,221,44,3.1708356738090515,3.636279944916092,0.39448738
61.84999999854334,0.9324163401688111,0.7511267587740429,40,12,0.7142857142857143,122,22,236,42,3.09028297662735,4.0585007781120375,0.31099904
61.89999999837163,1.0570567918639917,1.1096912752930361,39,13,0.7142857142857143,120,21,231,45,3.01529198884964,3.6628338702252794,0.25015825
61.949999998199914,0.8955488888695086,0.5701380030580676,41,13,0.7857142857142857,119,23,234,44,2.8208625316619873,4.027633792062204,0.28092209
61.9999999980282,1.1635406434897153,1.0846093305456534,39,13,0.7142857142857143,121,21,239,47,2.9972344636917114,3.858270388056013,0.24490975
62.04999999785649,1.4893943434235688,1.1234383508585446,43,15,0.7857142857142857,132,23,237,43,3.020665943622589,3.1537094023474843,0.1178668
62.099999997684776,1.5764076334832975,1.1942139961420204,35,14,0.7857142857142857,117,20,236,43,3.102039396762848,3.359834794018095,0.28822833
62.14999999751306,2.316787400106842,1.7611844042284486,36,14,0.7142857142857143,115,20,224,41,2.980283200740814,2.8738767652353214,0.4072487
62.19999999734135,2.5287934890251678,1.920528971635199,39,14,0.7142857142857143,122,21,236,45,2.9385733604431152,2.7779492834827035,0.2374523
62.24999999716964,2.1264229451565546,1.4825743145276316,35,12,0.6428571428571429,120,20,234,43,3.051391839981079,2.889007468685012,0.35732326
62.299999996997926,1.8427124071232872,1.4578712012898676,34,12,0.7142857142857143,116,21,227,43,2.900274693965912,2.9515035121824873,0.28702632
62.34999999682621,1.8255528520100415,1.4451485732521294,36,14,0.7142857142857143,124,22,229,42,3.0149778723716736,3.7015222295761685,0.22739464
62.3999999966545,1.4793899206311099,0.9253250804028813,30,12,0.7142857142857143,118,22,233,43,3.0296683311462402,4.41369263113276,0.22420233
62.44999999648279,1.745755268620878,1.1271895085973234,33,14,0.7857142857142857,119,19,230,42,2.8947913646698,3.6819951435436327,0.29476577
62.499999996311075,1.5902313693625114,1.1787898677537563,38,12,0.7142857142857143,121,21,239,44,2.9471874237060547,3.4908003630646522,0.25892052
62.54999999613936,1.496221613094937,1.1221529536890047,38,14,0.7857142857142857,119,21,236,44,3.061636984348297,3.454249486856815,0.30350184
62.59999999596765,1.4924843768865115,1.068161896324298,32,13,0.7142857142857143,122,22,232,42,2.927381992340088,3.423446194833737,0.26034585
62.64999999579594,2.048000010862965,1.1824490104098848,40,15,0.7857142857142857,126,22,229,44,3.0139780044555664,3.155752798632374,0.20847185
62.699999995624225,2.127554829788298,1.2646847688688014,43,14,0.7142857142857143,126,21,246,48,3.1420406699180603,2.146816068213262,0.20826969
62.74999999545251,1.9926251683163556,1.1785735162325564,39,14,0.7857142857142857,127,20,236,47,3.0315449833869934,2.8029116760564943,0.26168746
62.7999999952808,1.8826730850512352,1.0899662259237914,41,14,0.7142857142857143,124,20,235,48,3.055250346660614,2.4664962847014404,0.22058538
62.84999999510909,1.4723416698772014,1.0083692134527318,38,13,0.7142857142857143,119,21,234,45,3.050048053264618,2.929369214855573,0.30138922
62.899999994937374,1.7920517194400336,0.9435391090793273,44,13,0.7142857142857143,127,22,239,44,3.114626705646515,2.6309738058798793,0.2575842
62.94999999476566,1.80345227285063,1.2199383471604521,38,11,0.6428571428571429,136,23,245,46,3.073427379131317,2.8747979213749364,0.30705062
62.99999999459395,2.037023691327211,1.0746333797230356,37,13,0.7142857142857143,124,20,232,40,3.086816966533661,3.468455760809901,0.38068664
63.04999999442224,1.8509413057208433,1.0196783992505023,40,14,0.7857142857142857,127,25,238,46,3.1141382455825806,2.5425731129015094,0.2916034
63.099999994250524,1.7046715799944478,0.9792099776817391,38,13,0.7142857142857143,118,21,231,44,3.1785154342651367,3.3211034562399533,0.30963844
63.14999999407881,1.605452909034534,0.8396584308509232,35,13,0.7142857142857143,119,21,235,43,3.1580746173858643,2.793891774732673,0.3181677
63.1999999939071,1.925825020416789,1.2170544838689155,35,13,0.7142857142857143,122,20,234,45,3.0501341819763184,2.3034817860045287,0.41401982
63.249999993735386,2.105533860297491,1.56545936233881,36,14,0.7142857142857143,133,23,243,46,2.967327833175659,2.1568480974556703,0.28032267
63.299999993563674,1.5015938788284338,0.9458614508108055,38,14,0.7857142857142857,119,20,235,43,3.0702492594718933,3.007531290814276,0.35472804
63.34999999339196,1.7351517756177228,1.0924826389171185,39,12,0.6428571428571429,118,22,234,45,3.0875855684280396,2.898628261323095,0.35210335
63.39999999322025,1.6782781746956656,1.137388633213861,35,13,0.7142857142857143,125,22,239,46,3.0258557200431824,2.374980132053892,0.3718788
63.449999993048536,2.051890305585896,1.3674839543692794,34,15,0.7857142857142857,125,21,241,46,3.130616843700409,2.076735818519717,0.25915855
63.49999999287682,1.6646173119619805,1.0939195856690855,36,13,0.6428571428571429,124,23,238,46,3.083421289920807,2.693390526972692,0.3796987
63.54999999270511,2.124105617756557,1.4280672979814244,34,14,0.7142857142857143,120,20,242,45,3.1326133012771606,2.3380396951341886,0.25359106
63.5999999925334,1.826016975121876,1.252867735031251,43,13,0.7142857142857143,131,22,245,46,3.1342288851737976,2.5224293045666535,0.20052534
63.649999992361685,1.581307464631902,1.2032422597397625,40,14,0.7142857142857143,134,24,241,45,3.2489368319511414,2.5244484516025967,0.2584635
63.69999999218997,2.0410716295691094,1.2645100733982928,41,15,0.7857142857142857,130,21,242,44,3.098994791507721,2.26757739099666,0.34397787
63.74999999201826,1.7047609892119584,0.916876210605277,38,14,0.7142857142857143,130,25,241,45,3.102831542491913,2.807980808411301,0.2500379
63.79999999184655,2.1108187686212556,1.5121792267498186,46,15,0.7857142857142857,127,23,258,48,2.9073935747146606,1.5557448556223186,0.22998868
63.849999991674835,1.6460581266559096,1.1990097560953359,40,15,0.7857142857142857,125,22,244,48,3.001873195171356,2.3748252934123126,0.28573835
63.89999999150312,1.9446535628999624,1.2785755145380344,32,12,0.6428571428571429,115,20,230,41,3.3104532957077026,2.703283411863948,0.30623892
63.94999999133141,1.5351813407260684,1.0129200255867747,38,15,0.8571428571428571,126,23,240,44,3.1745758652687073,2.3118991316829085,0.23324068
63.9999999911597,1.937644712743158,1.380216425269429,45,15,0.7857142857142857,122,20,240,46,3.220968544483185,1.9013732623806234,0.24374951
64.04999999098798,1.9583157440578818,1.277862618438488,40,13,0.7142857142857143,126,23,262,50,3.0518367886543274,1.7175624840834303,0.18168482
64.09999999081627,1.7001262327523345,0.7260585141196301,39,14,0.7857142857142857,122,20,228,41,2.9842376708984375,2.1824457634630434,0.28123108
64.14999999064456,2.06229296551177,1.1403980416280515,34,13,0.7142857142857143,121,20,239,44,3.0583739280700684,2.0311338908968146,0.19493303
64.19999999047285,2.217580155870559,1.291160901674443,45,16,0.8571428571428571,121,21,247,46,2.997410297393799,1.926110225676334,0.13503213
64.24999999030113,2.274407993818417,1.6967427510942201,39,15,0.7857142857142857,121,21,243,43,3.228554427623749,1.6739721540933594,0.24778149
64.29999999012942,1.6698021874335922,1.1425411036783422,42,14,0.7142857142857143,127,24,254,50,3.1731820106506348,2.137607543425686,0.25152463
64.34999998995771,2.3247018517351816,1.1595197973012115,45,16,0.8571428571428571,135,24,252,49,3.0425268411636353,1.9936766554189056,0.1269381
64.399999989786,2.2730607993294076,1.52078834763017,34,14,0.7142857142857143,132,22,243,48,3.158752918243408,1.822963031190854,0.24385963
64.44999998961428,2.2182733025130412,1.2168760454084817,38,14,0.7142857142857143,127,22,250,50,3.159121870994568,1.4981337553486451,0.22342227
64.49999998944257,1.9232706390386078,1.3064534893010884,38,14,0.7142857142857143,118,23,248,45,3.1926801800727844,2.2053753232606255,0.3172462
64.54999998927086,2.066530718900447,1.1864319582332201,44,15,0.7857142857142857,121,21,234,43,3.1189170479774475,1.9359159011560312,0.20749041
64.59999998909915,2.2771313709808974,1.5405798861551645,41,15,0.7857142857142857,129,23,248,46,3.2060369849205017,1.7781128954395875,0.23964682
64.64999998892743,2.2766479086142604,1.529486896126575,42,14,0.7142857142857143,122,22,248,47,2.852693200111389,1.374296851134691,0.12521125
64.69999998875572,2.103425559387466,1.0664725072223422,39,14,0.7857142857142857,127,23,246,44,2.9613766074180603,2.709269132236072,0.26428276
64.74999998858401,2.496748664760817,1.6588717420836518,42,16,0.8571428571428571,127,23,251,46,3.1553027033805847,1.7010598358269657,0.19922417
64.7999999884123,2.4177554351382806,1.4155573397012569,40,16,0.8571428571428571,127,21,244,45,3.2291248440742493,2.014066694332648,0.19977662
64.84999998824058,2.2902844211211097,1.3851367959210608,48,15,0.7857142857142857,134,23,247,46,3.109261691570282,2.5453134677160705,0.14682217
64.89999998806887,2.099959952321297,1.2911066656181216,43,15,0.7857142857142857,125,21,245,48,3.115154206752777,2.4732711821242415,0.25238603
64.94999998789716,2.3099638421124102,1.5106372467803697,40,15,0.7857142857142857,129,25,242,45,2.971847355365753,2.501234227652329,0.19069844
64.99999998772545,2.2088073078626107,1.3975095069632382,35,13,0.6428571428571429,120,21,235,45,3.0517256259918213,2.1972086820897996,0.3264529
65.04999998755373,2.424878113850709,1.4141837033787104,41,15,0.7857142857142857,133,24,238,47,3.014441728591919,2.0436480025611203,0.13552578
65.09999998738202,2.508973314132315,1.259910064323349,39,14,0.7857142857142857,127,23,242,49,3.0149903893470764,1.5777175783390263,0.3368917
65.14999998721031,2.2533024017378063,1.3582725893006842,40,14,0.7857142857142857,125,22,239,49,3.1971320509910583,1.7610464860833996,0.3117067
65.1999999870386,2.0638934978323293,1.3391579021823905,33,15,0.8571428571428571,126,23,239,45,3.0881348252296448,1.914585841450167,0.31487194
65.24999998686688,2.24383656116276,1.4414815085123867,37,15,0.7857142857142857,133,24,243,48,3.0014878511428833,1.3019979578713325,0.20569994
65.29999998669517,1.8591587977063162,1.097210030052271,39,12,0.6428571428571429,124,23,236,44,3.182213604450226,1.5053375611244135,0.2886269
65.34999998652346,1.7943965513002338,1.1892693057320467,35,15,0.8571428571428571,123,20,238,44,3.004038631916046,2.4690611229049253,0.37572497
65.39999998635174,2.081940972861906,1.276948286124982,39,15,0.8571428571428571,119,20,231,43,3.1437164545059204,2.2300832675408255,0.25681543
65.44999998618003,2.3752269652856968,1.5556577614894753,39,16,0.8571428571428571,129,20,251,48,3.101860284805298,1.5767581687046661,0.26692596
65.49999998600832,2.120924731084211,1.33711144341056,35,14,0.7857142857142857,120,20,230,42,3.236088752746582,1.3636611206077465,0.25944817
65.5499999858366,1.8881610960764896,1.2677362713680198,33,13,0.7142857142857143,120,23,228,40,3.2816246151924133,1.9768889993996819,0.39565825
65.5999999856649,2.1651608188178475,1.2194242550322367,35,13,0.7857142857142857,125,21,233,41,3.0472883582115173,1.6300937254393322,0.30998364
65.64999998549318,2.5027336771004305,1.7825250657627056,34,16,0.8571428571428571,128,21,250,47,3.081439435482025,1.3960944969173372,0.29859516
65.69999998532147,2.4396224652647227,1.4410848086483632,38,14,0.7857142857142857,133,24,251,46,3.0812519788742065,1.7084040432723313,0.18498275
65.74999998514976,1.918188353044481,1.0911694803512015,35,13,0.7142857142857143,123,23,232,44,3.22896808385849,2.0672215000024874,0.35860085
65.79999998497804,2.389628818093103,1.5037454657551408,38,15,0.8571428571428571,128,23,235,46,2.9795005917549133,1.429278713056421,0.32084447
65.84999998480633,2.2095130042762765,1.2936246040176793,40,14,0.7857142857142857,130,24,234,44,3.0480626225471497,1.1627863063528832,0.25138536
65.89999998463462,1.9741631767350099,0.9523324910066054,39,13,0.7142857142857143,117,21,229,42,3.1609460711479187,1.107046155004312,0.43429402
65.9499999844629,1.9892632722632244,1.2844123575602975,31,12,0.5714285714285714,116,18,228,45,3.2033145427703857,1.7094387227403196,0.47986
65.9999999842912,1.7431771816821462,1.2626379398038243,35,12,0.6428571428571429,124,24,238,47,3.058546483516693,2.3474830511879663,0.36953753
66.04999998411948,1.3595355750337976,0.8536966418039451,35,12,0.6428571428571429,118,22,232,44,3.022674024105072,3.297150898549539,0.44530028
66.09999998394777,2.010671235014336,1.4406050667091703,33,13,0.6428571428571429,129,24,245,50,2.872372269630432,2.519108183607317,0.2890319
66.14999998377606,1.9964608402746524,1.0098467141509662,42,13,0.7142857142857143,126,23,245,45,2.997692823410034,2.3339916120145165,0.2542886
66.19999998360434,2.0986754464552244,1.1774838108066525,39,13,0.6428571428571429,127,25,244,46,2.966965436935425,2.1486097620068367,0.2539208
66.24999998343263,2.0278140655413077,0.9260318132799896,40,14,0.7857142857142857,128,22,241,43,3.0112451314926147,2.3840507992519644,0.2991786
66.29999998326092,1.9112369923917831,1.08636584291432,35,14,0.7142857142857143,122,22,236,46,3.082156777381897,2.2757759516957776,0.4137215
66.3499999830892,2.242043916920152,1.341013441146993,42,13,0.7142857142857143,128,23,242,48,3.121887743473053,2.1387567413661124,0.33138108
66.39999998291749,1.7935667998182785,0.6742287031181069,38,13,0.7857142857142857,123,21,234,44,3.1329819560050964,2.337181998152431,0.24169427
66.44999998274578,2.1674124490119056,1.307110749054608,44,14,0.7142857142857143,125,23,236,43,2.946701943874359,1.327082614380286,0.2600217
66.49999998257407,2.1422789257319157,1.631043754306358,37,15,0.7857142857142857,126,24,242,49,3.0656644701957703,2.0151021957280157,0.30011714
66.54999998240235,1.5193312247140967,1.0505931253298573,35,13,0.6428571428571429,124,20,228,45,3.009365200996399,2.818754136874304,0.3743892
66.59999998223064,1.9269998145180003,1.211226477173534,35,13,0.6428571428571429,130,25,241,44,3.0228018760681152,2.020054415652943,0.27831417
66.64999998205893,1.9310287148280039,1.291156492972842,46,13,0.6428571428571429,125,19,233,44,2.9996752738952637,2.2085400577851555,0.24255323
66.69999998188722,1.7049987931237034,1.096971295765112,34,13,0.7142857142857143,120,22,242,46,3.17015141248703,2.541380134354343,0.48418134
66.7499999817155,1.6219390782874554,0.7801945924363151,42,13,0.7142857142857143,119,22,227,42,3.1176525354385376,2.378989662161217,0.42506287
66.79999998154379,1.5568366412324686,1.0999310687832253,39,15,0.7857142857142857,127,22,243,45,3.038303852081299,2.0930985160543614,0.2549038
66.84999998137208,1.807724474728304,1.1923460260923968,28,13,0.7142857142857143,117,20,225,44,3.0675670504570007,3.0853394967365055,0.45655018
66.89999998120037,1.608239739518624,1.177483438200476,37,15,0.8571428571428571,125,20,234,44,3.078792095184326,2.5983854888822933,0.3458986
66.94999998102865,1.7575206314736256,1.152471306953577,40,14,0.7142857142857143,122,21,241,45,2.9792609810829163,2.257004119675301,0.3243392
66.99999998085694,1.3620249483884557,0.9110405165004285,39,12,0.6428571428571429,123,23,235,44,3.081672787666321,2.7159671410940778,0.32856026
67.04999998068523,1.783722002544781,1.0117651220073038,39,14,0.7857142857142857,122,21,237,46,2.99089252948761,2.7472143113192793,0.33832282
67.09999998051352,1.7145534953472616,1.1158457520606369,44,15,0.7857142857142857,125,21,236,43,3.1585368514060974,2.7669833021189216,0.42011586
67.1499999803418,1.769713150951511,1.31048538102964,38,13,0.7142857142857143,137,27,247,46,3.0828189849853516,2.4897527882173875,0.25648052
67.19999998017009,1.8858922425798044,1.2093503464027715,37,14,0.7857142857142857,127,22,239,42,3.0750787258148193,2.490622847154791,0.31585288
67.24999997999838,1.7500216141995926,0.9227981287024655,44,13,0.7142857142857143,125,21,237,44,3.124051094055176,3.1013334425166494,0.32869577
67.29999997982667,1.8765965076546487,1.5789981953056118,32,13,0.6428571428571429,118,20,239,48,3.1049710512161255,2.49758863180066,0.46799457
67.34999997965495,1.8882476524640128,1.04357956284056,45,13,0.7142857142857143,133,25,247,46,3.0665522813796997,2.8655376074916017,0.23550086
67.39999997948324,1.5507289474104824,1.0078620734265193,43,13,0.7142857142857143,126,22,244,46,2.8509655594825745,3.0871541198860175,0.30637872
67.44999997931153,1.8629246566697923,1.0829806630563477,42,13,0.7142857142857143,127,22,245,46,2.888549268245697,2.6165664289109003,0.22223243
67.49999997913982,1.9342501389111515,1.3847023253168036,43,13,0.7142857142857143,136,25,254,46,3.1353002786636353,2.5973792064248613,0.27012873
67.5499999789681,1.740791263528615,1.1612895226720754,35,13,0.7142857142857143,132,24,254,46,2.9820802807807922,2.5222947727220557,0.29183823
67.59999997879639,1.745050750991717,1.2072212006918133,44,14,0.7142857142857143,127,25,246,49,2.8129419684410095,2.3916458804358065,0.16897619
67.64999997862468,1.6570453105601979,1.2650049118164488,41,14,0.7142857142857143,137,26,247,46,3.047787845134735,2.604139674591943,0.2740636
67.69999997845296,1.5954085335493153,0.9691785582074863,41,11,0.6428571428571429,127,23,244,44,2.918475568294525,2.636845443584157,0.26770228
67.74999997828125,1.8382786343077673,1.4448458506401138,33,13,0.6428571428571429,123,20,242,46,2.980153262615204,2.4957268587797454,0.30458045
67.79999997810954,1.553101510762113,0.9704691604934697,40,12,0.6428571428571429,120,22,238,44,2.6303529739379883,2.7029571112307504,0.37203455
67.84999997793783,1.7598336125996945,1.2691753158162011,34,12,0.7142857142857143,128,21,238,47,3.1015267968177795,2.1947000678414508,0.30111808
67.89999997776611,1.9082246928970183,1.1643665719265808,33,12,0.5714285714285714,118,20,242,49,3.091243803501129,2.5058897020900517,0.42257306
67.9499999775944,1.4961089400131993,1.0799958599362611,42,13,0.6428571428571429,120,22,243,50,3.0578306317329407,3.2120094865683946,0.2844609
67.99999997742269,1.4968962960373293,1.0450922565613663,47,13,0.7857142857142857,136,23,248,46,3.2100600004196167,2.74402024153245,0.21521382
68.04999997725098,1.6308612116206076,1.0477850369916246,39,14,0.7142857142857143,124,22,238,45,2.928740084171295,2.9538049046418724,0.30131167
68.09999997707926,1.799399941392571,1.0354932363873217,41,14,0.7857142857142857,134,23,242,44,2.9035627841949463,2.7249977734651587,0.33563778
68.14999997690755,1.9443599258575974,1.6741919522626612,39,12,0.5714285714285714,125,22,247,49,3.122442066669464,2.455925544955173,0.4471077
68.19999997673584,2.196726640494494,1.4601543257866825,31,12,0.5714285714285714,134,23,237,45,2.9753828048706055,2.1270471059592744,0.2682237
68.24999997656413,2.060635333151784,1.0587021627935442,34,13,0.7142857142857143,119,21,234,42,2.999441921710968,2.4503699352412767,0.24898835
68.29999997639241,1.870890752403238,1.0636223613304172,35,11,0.5714285714285714,124,20,235,43,3.088669776916504,2.229292353203025,0.33956861
68.3499999762207,1.8422174201433947,1.0324131677126966,36,13,0.7142857142857143,130,22,241,43,2.9380282759666443,2.332522702824633,0.22537202
68.39999997604899,1.7756093391942205,1.317181139273359,39,14,0.7142857142857143,136,23,239,46,3.1947997212409973,1.812148992569682,0.29478943
68.44999997587728,1.8851820006772386,1.3205677506793694,40,13,0.7142857142857143,130,22,242,46,3.0367696285247803,1.8069912800223165,0.2792392
68.49999997570556,1.9065595218200146,1.1675146147385498,46,15,0.7857142857142857,132,23,242,46,3.028850257396698,1.8974636708728276,0.23232976
68.54999997553385,1.7238278944336423,1.1226709683619345,47,15,0.7857142857142857,127,22,241,46,3.152017891407013,2.215060179355346,0.22627819
68.59999997536214,1.8678432300424077,1.1532654281446428,45,14,0.7857142857142857,132,24,241,43,2.9963418841362,2.1780993673740845,0.30702236
68.64999997519043,1.416641668544783,1.337416677073582,42,12,0.6428571428571429,120,24,240,44,3.1345242261886597,2.0585857011480346,0.3610276
68.69999997501871,1.8000924144129284,1.1875486558049395,44,15,0.7857142857142857,135,23,244,46,3.1048133969306946,1.100965235749145,0.25682518
68.749999974847,1.7483432759855757,1.301870412524494,47,14,0.7142857142857143,124,22,244,48,3.0275750160217285,0.7135136074539261,0.21494907
68.79999997467529,1.843669107098922,1.2233324690884926,40,12,0.7142857142857143,130,25,250,44,3.138975501060486,0.8408081078367324,0.39713168
68.84999997450358,1.8091494907578434,1.1345176457270967,40,14,0.7142857142857143,133,23,248,46,2.9613253474235535,0.8267322328849147,0.1996847
68.89999997433186,1.97988012922709,1.2595156019268838,45,13,0.7142857142857143,128,21,247,46,3.3189868927001953,0.7690486950732556,0.23332989
68.94999997416015,1.6910315172980026,1.0433873657299206,41,14,0.7142857142857143,123,21,241,44,3.05528461933136,1.1670046898867348,0.19618402
68.99999997398844,1.795389951341184,1.0521658399670524,40,12,0.7142857142857143,134,23,248,44,3.096400201320648,1.2073906905671272,0.3101501
69.04999997381672,1.6057075534288798,1.1967362810395115,41,14,0.7142857142857143,138,24,244,46,3.2390111684799194,0.9314500354987931,0.30910507
69.09999997364501,1.8657926079921285,1.231560565231479,35,11,0.6428571428571429,130,24,251,45,2.90118545293808,0.7755542573646501,0.3002178
69.1499999734733,1.6917711659344483,0.9457972563023799,43,14,0.7857142857142857,127,21,237,41,3.211950957775116,0.8889917464212171,0.4078092
69.19999997330159,1.8419267147917076,1.332168382182238,48,15,0.7857142857142857,128,21,256,47,2.902231216430664,0.8842601314456822,0.29922205
69.24999997312987,1.7627300340970022,1.068709186778613,42,15,0.8571428571428571,132,21,243,45,2.803560197353363,1.6713805878393195,0.28472188
69.29999997295816,1.7816837906591716,1.350758235599644,35,12,0.6428571428571429,127,21,244,46,3.0556312203407288,1.0761091095224806,0.38464567
69.34999997278645,1.821580778759172,1.3096647319388566,46,15,0.7857142857142857,132,21,247,47,3.0885320901870728,0.7539343428710144,0.32427323
69.39999997261474,1.905344704200599,1.1978121329286409,39,14,0.7142857142857143,130,22,240,44,3.0451050400733948,1.1357386018792237,0.31392294
69.44999997244302,2.168185195968359,1.2359992861845233,45,14,0.7857142857142857,135,21,242,43,2.946370244026184,1.2414190560289473,0.24519953
69.49999997227131,1.867862640955467,0.9503331787694338,44,13,0.7142857142857143,127,22,235,43,3.058110773563385,1.8897642956339222,0.34082556
69.5499999720996,1.823592132564444,1.2430720884011457,42,13,0.7142857142857143,133,22,243,44,3.030335009098053,1.3162686560663417,0.2875827
69.59999997192789,1.9078237553296173,1.0962847666942483,38,13,0.6428571428571429,131,21,248,45,2.8664615750312805,1.3866412856978627,0.31483543
69.64999997175617,1.943221184395132,1.1400364480745484,46,14,0.7142857142857143,134,22,246,46,3.074696958065033,1.1289646181375979,0.24246705
69.69999997158446,2.0355628869848914,1.2963898425144793,29,14,0.7142857142857143,129,21,239,48,3.1964915990829468,1.6978860555309705,0.25868386
69.74999997141275,1.840417475757995,1.3683273890912508,33,13,0.6428571428571429,123,21,244,47,3.2378587126731873,2.278881769446617,0.3341
69.79999997124104,1.7829701067555197,1.0230307572871526,48,15,0.7857142857142857,126,22,239,44,3.0069679021835327,2.236689341638707,0.2926184
69.84999997106932,1.4921165141400037,0.9409687832498006,39,13,0.6428571428571429,129,21,238,47,3.014715015888214,2.4631496717256596,0.23198357
69.89999997089761,1.749088368356654,1.0811186350650686,44,14,0.7142857142857143,133,23,243,46,3.222835659980774,1.6885146492572733,0.27621537
69.9499999707259,1.687881798328922,0.8739165211053688,39,14,0.7142857142857143,126,20,238,44,3.0296671390533447,1.8176309804722024,0.32426578
69.99999997055419,1.7614977761508452,0.8625511346973146,40,14,0.7142857142857143,125,21,244,44,3.1469061970710754,1.8059364480662143,0.31494293
70.04999997038247,1.7768672863107515,1.1365639858554102,38,13,0.7142857142857143,130,22,231,44,2.968577742576599,1.6426004973833486,0.38058376
70.09999997021076,1.7275965716315176,1.1488433817248271,50,16,0.8571428571428571,125,22,241,46,3.0099236965179443,1.601621191946272,0.20355307
70.14999997003905,1.8942452560224612,1.35776131398848,40,14,0.7142857142857143,132,24,240,49,3.062122166156769,1.5866092913207197,0.14325136
70.19999996986733,1.6286694665860912,1.100873424225263,37,13,0.6428571428571429,124,24,241,44,2.9972290992736816,1.7096535698490811,0.34448028
70.24999996969562,1.8135691331984871,0.8508279984085996,36,12,0.6428571428571429,125,21,232,42,3.1460919976234436,1.7852832463102164,0.3416731
70.29999996952391,1.7346589535224286,1.1273643247953549,35,14,0.7857142857142857,119,21,229,43,3.1531384587287903,1.9036188954288846,0.38195518
70.3499999693522,1.9373658836633085,0.9149769652460776,36,11,0.6428571428571429,118,20,240,43,3.010379374027252,1.8149836551595477,0.49276406
70.39999996918048,1.8076385040906853,0.7078469594124548,37,13,0.7142857142857143,130,26,235,41,2.79509961605072,1.57637271688861,0.35282394
70.44999996900877,2.150187239228085,1.3616954520909519,47,15,0.7857142857142857,135,24,248,45,3.160785138607025,0.4760157213862737,0.19871107
70.49999996883706,2.1935390333642824,1.4540534795991027,45,15,0.7857142857142857,137,24,250,50,3.025068938732147,0.5011643360552664,0.17376032
70.54999996866535,1.7500706398060202,1.2667694592577472,39,12,0.6428571428571429,121,24,231,41,3.0004853010177612,1.408874320146083,0.3860972
70.59999996849363,1.4844351229395194,0.9513307240527049,43,14,0.7857142857142857,131,22,245,45,3.012729585170746,1.8457681136123671,0.28993613
70.64999996832192,1.631060074643758,1.2484496757142318,46,14,0.7142857142857143,135,24,245,46,3.043718636035919,1.6527549008896258,0.20604779
70.69999996815021,1.825306020138529,0.9935192570665665,43,14,0.7142857142857143,127,23,239,44,2.835480272769928,1.5184650077632256,0.26565555
70.7499999679785,1.9683727713810792,0.9177686523365054,44,13,0.7142857142857143,134,23,241,46,2.7702689170837402,1.4156286406287677,0.25601798
70.79999996780678,1.656610446707179,0.7820945503225695,41,12,0.7142857142857143,125,22,237,43,2.9858380556106567,1.638605429325688,0.33425933
70.84999996763507,1.889860893669062,1.0426954937788646,47,14,0.7142857142857143,136,24,247,46,2.8930461406707764,1.5981765921079472,0.18141648
70.89999996746336,1.769942886276517,1.2805522114021481,39,15,0.7857142857142857,133,23,242,47,3.1037089228630066,1.9739531625218198,0.42633843
70.94999996729165,1.7257067343119117,0.9747416901798243,39,14,0.7142857142857143,125,23,242,46,3.091695010662079,1.6861357590863513,0.2650074
70.99999996711993,2.0954077932880275,1.7203483476137187,35,14,0.7142857142857143,118,19,241,49,3.1136780977249146,1.7120237125101578,0.34148794
71.04999996694822,2.1366394292900908,1.3034370932039767,34,14,0.7142857142857143,130,22,250,49,2.926245331764221,0.890997272416465,0.34692645
71.09999996677651,1.7402473882006713,0.9458930566690853,39,15,0.7857142857142857,130,21,238,46,3.0802160501480103,1.4238584305000401,0.22850229
71.1499999666048,1.5666814460753047,0.871953842089055,39,13,0.7142857142857143,124,22,229,43,3.025275766849518,1.5929084649339842,0.324122
71.19999996643308,1.856202917270805,1.0528118056303069,40,14,0.7142857142857143,135,27,247,45,3.152805268764496,1.5868196669002987,0.3204783
71.24999996626137,1.8352337011244737,1.2428509103945036,47,14,0.7142857142857143,128,24,253,48,3.0144277215003967,1.5651993058758062,0.34634295
71.29999996608966,1.8101511784630928,1.0924178017037383,51,14,0.7142857142857143,124,22,245,48,3.1040790677070618,1.3181468940524432,0.34193498
71.34999996591795,1.5664311636886952,0.9987797317717293,42,14,0.7142857142857143,130,24,238,47,3.0701792240142822,1.675457962115976,0.28687072
71.39999996574623,1.8214485812473251,0.9634318022139766,42,14,0.7142857142857143,121,21,238,43,3.0479255318641663,1.4689771507237914,0.35086638
71.44999996557452,1.8892435092244073,1.2011297454955474,42,13,0.7142857142857143,123,22,247,46,2.932352125644684,1.3427789321024175,0.34298494
71.49999996540281,1.875705391791801,1.0019911017028118,38,13,0.7142857142857143,127,22,241,44,3.114413321018219,0.9817245343630265,0.3881976
71.5499999652311,1.8265003295632856,1.0434789699319529,44,14,0.7857142857142857,125,20,233,45,3.1334826350212097,1.1694908728108633,0.39947948
71.59999996505938,2.0333094422808298,1.3649485490956639,37,15,0.7857142857142857,119,21,231,46,2.905299961566925,0.8000488745947809,0.41479653
71.64999996488767,1.9161954674784574,1.1371011297678133,42,13,0.6428571428571429,129,24,241,48,2.827284038066864,0.9103266553839706,0.30640978
71.69999996471596,1.6837139586060736,1.0083204502542324,43,15,0.7857142857142857,121,21,241,47,2.984836995601654,1.3792561033415929,0.30846497
71.74999996454424,2.19390786893379,1.5200385454511158,39,13,0.7142857142857143,123,22,239,44,2.9175251722335815,0.7046387414164723,0.3365042
71.79999996437253,1.536484392942823,0.934324046331826,41,14,0.7142857142857143,134,22,251,49,3.2308784127235413,0.6139294719841448,0.19583327
71.84999996420082,1.8728089848217302,1.0647052083283517,37,13,0.7142857142857143,125,23,246,45,3.1982916593551636,0.9140491129039408,0.3098784
71.8999999640291,1.7720087963954492,1.087114720175615,40,12,0.7142857142857143,123,22,249,49,3.2332995533943176,1.241959999971165,0.20897046
71.9499999638574,1.3924504408995837,0.8726365422808123,41,15,0.7857142857142857,130,21,247,45,3.009551167488098,1.52255985909318,0.2723233
71.99999996368568,1.7954980645229346,1.1310118839150463,47,15,0.7857142857142857,133,24,246,47,3.0267032980918884,0.833718651068418,0.21080644
72.04999996351397,1.9568927263489757,1.1564828591580996,33,13,0.7142857142857143,124,22,243,47,3.0260443687438965,1.119975632284289,0.35219714
72.09999996334226,1.3990453974595987,1.2336378339731178,46,14,0.7857142857142857,129,22,250,47,3.111877143383026,1.4688554299147238,0.25486696
72.14999996317054,1.8602137814186448,1.26722132453328,37,14,0.7142857142857143,133,23,251,49,3.135084807872772,1.3677863217252018,0.30836272
72.19999996299883,1.5602279242538413,0.7623796432644113,39,14,0.7857142857142857,124,22,243,46,2.9875582456588745,1.582254672694221,0.36204225
72.24999996282712,1.653683527659879,0.9116394603205501,33,12,0.6428571428571429,118,19,232,42,2.9783013463020325,1.9763089237005182,0.3470712
72.2999999626554,1.917603695310523,1.404903716101177,37,14,0.7142857142857143,135,26,252,46,3.1177353858947754,0.6585832536272385,0.28936464
72.3499999624837,1.928515642686626,1.2519724425445538,42,15,0.7857142857142857,132,23,246,48,2.843409478664398,1.107168755162844,0.35916796
72.39999996231198,1.6397154507515335,0.9003603472671089,44,12,0.7142857142857143,120,21,241,43,2.944684624671936,1.9111854021819408,0.23368183
72.44999996214027,2.016817020753156,1.1645505078597087,33,13,0.6428571428571429,130,23,244,46,3.0049797892570496,0.8975750887266631,0.26262462
72.49999996196856,1.9433386535401298,1.0650885610622918,39,14,0.8571428571428571,120,22,234,43,3.2951852679252625,0.9617457785391625,0.30313337
72.54999996179684,1.302718730039743,1.0042658552141686,37,13,0.6428571428571429,124,23,239,49,3.0532288551330566,0.5016097052848334,0.34183386
72.59999996162513,1.5765430934359004,0.9999903735221303,41,14,0.7142857142857143,122,22,241,47,3.0323833227157593,0.6745525138688446,0.35164428
72.64999996145342,1.4065276057382026,0.8574914207769648,42,14,0.7142857142857143,125,24,243,49,2.847553789615631,1.3191252911533002,0.32563072
72.6999999612817,1.4340914314961453,1.100323808231096,38,13,0.6428571428571429,126,22,243,47,3.0880358815193176,1.075767867510855,0.35081643
72.74999996110999,1.771821472227158,1.0201948575438653,37,14,0.7857142857142857,122,20,235,45,2.8251466155052185,1.3315937204901562,0.4498167
72.79999996093828,1.8205626961409314,1.0293396212117978,40,14,0.7857142857142857,133,22,245,46,2.9490238428115845,1.2846753755231344,0.27282947
72.84999996076657,1.6050968739687235,1.197346070777963,40,15,0.7857142857142857,129,23,248,48,3.0526939034461975,1.1136676588376737,0.23721547
72.89999996059485,1.7285475222712625,1.1661556116295086,37,12,0.6428571428571429,128,21,249,48,2.9252955317497253,1.5947116569473785,0.24884245
72.94999996042314,1.4938580322370556,1.0483800518368047,44,14,0.7142857142857143,124,22,246,47,3.2023608684539795,1.386267355120836,0.34896454
72.99999996025143,1.6226814065848385,1.0508936031703646,39,16,0.8571428571428571,130,23,237,46,3.0204948782920837,1.8118584790780012,0.28528598
73.04999996007972,2.047569943968843,1.7750667875494237,35,16,0.8571428571428571,126,23,251,49,3.222472667694092,1.3454175015758185,0.3825849
73.099999959908,1.7388499470163032,1.3547072777638112,30,13,0.6428571428571429,120,23,241,44,3.0753204226493835,1.5576731038534852,0.36399165
73.14999995973629,1.3751575188653349,1.189931618205993,38,12,0.6428571428571429,121,22,245,44,2.937997877597809,1.7155274534389608,0.24695228
73.19999995956458,1.4740809408364797,1.0598855841684105,32,14,0.7142857142857143,122,20,242,44,3.2830587029457092,1.8956048770170675,0.30217978
73.24999995939287,1.7258834916155608,1.433662804428266,40,13,0.6428571428571429,126,24,246,47,3.02910178899765,1.9428776366330958,0.20782967
73.29999995922115,1.4143325237789675,0.9030061346938946,35,12,0.6428571428571429,113,22,228,44,3.105035424232483,2.71245819385193,0.39192703
73.34999995904944,1.2254788198546522,0.7447371478985527,34,13,0.7142857142857143,118,21,244,43,3.2073792815208435,2.1481954910665824,0.33982754
73.39999995887773,1.5402397249806588,1.2727756570103441,36,14,0.7142857142857143,124,24,242,44,2.8970569372177124,2.1548618318665724,0.35139614
73.44999995870602,1.8196209877285563,1.1096879072625394,37,12,0.7142857142857143,119,23,238,46,3.002347946166992,1.6761846166906302,0.39639747
73.4999999585343,1.777622877274654,1.2606710709305882,29,12,0.6428571428571429,127,22,229,46,2.8158798813819885,1.990375333090375,0.38676056
73.54999995836259,1.251612829030071,1.03023992193015,34,13,0.7857142857142857,122,20,235,42,3.1892263889312744,2.3052345783113015,0.34888434
73.59999995819088,1.1799978996460017,0.9368153252570631,35,13,0.7142857142857143,123,23,240,45,3.310419023036957,2.4018193078048533,0.3329894
73.64999995801917,1.150002664661485,0.7700674368151944,44,14,0.7857142857142857,123,23,236,44,3.061220645904541,3.278435483038411,0.2738409
73.69999995784745,1.518912336532048,1.0771164241072513,41,14,0.7142857142857143,132,22,249,47,3.136155903339386,2.391908720533813,0.2259628
73.74999995767574,1.7618118338634283,1.0472701582066382,37,15,0.8571428571428571,122,21,245,45,3.017244338989258,2.326468376548867,0.25290895
73.79999995750403,1.7543252793129498,0.9236356929980023,44,14,0.7857142857142857,127,22,240,44,3.0013328790664673,3.1296273495399696,0.2904563
73.84999995733232,1.8168756086650424,1.369050944388944,44,15,0.7857142857142857,125,22,252,49,2.908633053302765,2.4690898228068914,0.222231
73.8999999571606,1.6918684087684202,1.244351166530196,37,14,0.7142857142857143,130,22,246,48,3.0072972178459167,2.52072485698581,0.2443294
73.94999995698889,1.5863996942960141,0.9162703047566805,41,13,0.7142857142857143,130,21,250,47,3.074074387550354,2.3153256781930764,0.26830083
73.99999995681718,1.4008186611663918,0.9351145181720042,32,14,0.7857142857142857,119,21,239,44,2.971748411655426,2.6876936159477705,0.3347149
74.04999995664546,1.4137793777424148,0.9381677718346036,46,15,0.7857142857142857,133,23,243,47,2.9766666889190674,2.578879495867561,0.22280611
74.09999995647375,1.5863725928220376,0.9316432985678812,38,14,0.8571428571428571,121,22,231,44,3.0788469314575195,2.261268013792801,0.2888532
74.14999995630204,1.7078896134936141,1.2652692406562842,35,14,0.7857142857142857,121,21,240,49,2.92411208152771,1.893911424975414,0.35541302
74.19999995613033,1.709100047053795,0.7599929079002209,38,15,0.7857142857142857,134,23,247,48,3.213590979576111,1.7963965434204177,0.3073858
74.24999995595861,1.6548557199215161,1.499134250294074,38,13,0.6428571428571429,123,21,240,46,3.12086284160614,1.8243007040354975,0.26003474
74.2999999557869,1.7955480828405288,1.0396730025939815,33,12,0.6428571428571429,123,22,242,48,2.8968048095703125,1.650428928893355,0.28516114
74.34999995561519,1.9278809420315124,1.4805885960667906,38,14,0.7142857142857143,122,21,244,47,3.259994089603424,0.8790023517289303,0.30360964
74.39999995544348,1.628289213776383,1.2107356081717389,45,15,0.8571428571428571,122,21,244,45,3.1293118000030518,1.4055922545285604,0.24439977
74.44999995527176,1.3480556428401138,0.8445954389915354,39,15,0.7857142857142857,124,21,235,46,3.1794798374176025,2.038875125518338,0.31555346
74.49999995510005,1.8647260761741766,1.3501674037386326,38,13,0.7142857142857143,121,21,246,43,3.171151280403137,1.6663564420517307,0.24495092
74.54999995492834,1.8734778078455496,1.2261199155109017,38,15,0.7857142857142857,129,25,244,44,3.197484612464905,2.413847812728207,0.29308033
74.59999995475663,1.4757455285945797,1.0515317868493599,38,13,0.7142857142857143,120,21,234,43,2.9287317395210266,2.144635480907695,0.38754305
74.64999995458491,1.5385789497452118,0.9931185725873037,36,15,0.8571428571428571,124,22,236,44,2.989867925643921,2.744425891256217,0.2756276
74.6999999544132,1.5304650093270804,0.7321279184080108,34,13,0.7857142857142857,116,20,235,45,2.9681625962257385,2.60286668385187,0.31584048
74.74999995424149,1.2116064347088493,0.9338773335386563,39,14,0.7857142857142857,125,22,238,46,3.0667677521705627,2.298314946430464,0.29540256
74.79999995406978,1.9912695257787096,1.1992680050650364,30,13,0.6428571428571429,125,21,236,49,3.111526370048523,1.3476455527092224,0.27654612
74.84999995389806,1.8445062303728579,1.3481964487165856,39,16,0.8571428571428571,127,22,237,47,3.269588351249695,1.3774727644196538,0.29695025
74.89999995372635,1.727851448221387,0.9366342295876229,38,14,0.7142857142857143,121,21,228,47,3.1245797872543335,1.2561032968770203,0.220844
74.94999995355464,1.3367193735514005,0.7749610191601235,32,13,0.7857142857142857,119,23,224,43,2.978576123714447,1.695317973949244,0.37876922
74.99999995338293,1.6633698634034406,1.2398429841929912,44,13,0.6428571428571429,120,23,243,45,3.219836950302124,1.3257195054589044,0.2812072
75.04999995321121,2.036224355665652,1.166982914712509,35,12,0.7142857142857143,118,21,232,49,3.301301896572113,1.0317093526720633,0.39905968
75.0999999530395,1.9107019046971254,1.2533923056081604,34,14,0.7857142857142857,126,20,232,46,3.193282186985016,1.10695140860952,0.40679112
75.14999995286779,1.8119709652527582,1.2781982029341334,39,13,0.7142857142857143,124,23,241,47,3.2878580689430237,1.2591201407789576,0.28301212
75.19999995269607,1.9366532392493554,1.3142817980574169,39,14,0.7857142857142857,122,21,236,45,3.202030062675476,1.7374023190515153,0.24307099
75.24999995252436,1.8187860058831031,0.9436141871790633,37,14,0.7857142857142857,124,21,239,47,3.0894556641578674,1.5242840154078507,0.3370152
75.29999995235265,1.9399824416971394,1.3106551858753184,40,14,0.7142857142857143,120,22,234,44,3.0307593941688538,1.7926272826959888,0.30825475
75.34999995218094,1.9143546830502112,1.5447732389888356,44,16,0.8571428571428571,124,21,248,47,3.1122004985809326,1.424514481215855,0.25357535
75.39999995200922,2.308946349869217,1.3063993906238724,34,14,0.7142857142857143,126,21,245,50,3.0611610412597656,1.2917145057820534,0.29133615
75.44999995183751,1.673035063474656,1.1384902844030773,38,13,0.7142857142857143,123,22,238,50,3.007270395755768,1.3697391512176438,0.24728945
75.4999999516658,2.001747481034754,1.2684805509955654,35,13,0.7142857142857143,123,22,234,47,3.18301260471344,1.1187851132764237,0.34600347
75.54999995149409,2.1428391954790156,1.4283037889771197,32,13,0.7142857142857143,118,20,226,42,3.087744116783142,1.942938380892567,0.37629297
75.59999995132237,2.165874937045706,1.5725123947062924,35,13,0.7142857142857143,112,18,221,44,3.05730938911438,1.567071594891729,0.36936328
75.64999995115066,1.7423419367809139,1.2072316396874974,34,14,0.7142857142857143,124,20,230,46,3.116205930709839,1.9513593944662766,0.36056507
75.69999995097895,1.7468891366052066,1.0007382465009864,39,14,0.7142857142857143,126,22,239,47,2.9500380158424377,2.020649405130648,0.4110108
75.74999995080724,1.9748377192766182,1.150489388686108,33,14,0.7142857142857143,125,21,238,48,3.034404218196869,1.500631239550314,0.39456275
75.79999995063552,1.9155255046209327,1.315415416425941,38,15,0.7857142857142857,126,22,245,48,3.081173896789551,1.955283011321054,0.33000708
75.84999995046381,2.0281158335539806,0.9873670197745575,39,14,0.7857142857142857,126,24,230,43,3.156965672969818,2.2797900583510433,0.3848517
75.8999999502921,2.008475572949055,1.1740505716132699,40,15,0.7857142857142857,134,23,236,46,2.874709963798523,2.3689817917991984,0.30356383
75.94999995012039,1.8225934579099,1.1559148619173079,32,13,0.6428571428571429,123,20,236,46,3.2003098726272583,2.0253971596566167,0.40850386
75.99999994994867,1.6816125086290388,1.1927160434462467,47,15,0.7857142857142857,131,22,241,46,3.021436631679535,1.8632455490790534,0.3274786
76.04999994977696,1.6330806404888443,1.1143075384402354,27,14,0.7142857142857143,124,21,239,49,3.2971560955047607,2.008107217105506,0.36855233
76.09999994960525,1.931392079529165,1.0029465402995483,38,12,0.6428571428571429,124,20,237,45,2.9921644926071167,2.6359350724235053,0.23959582
76.14999994943354,1.7209710441683836,0.8967172321630232,37,14,0.7857142857142857,130,22,239,45,3.053099513053894,2.2015326831386695,0.30126658
76.19999994926182,1.687671866420883,0.9627312433760661,39,13,0.7142857142857143,119,21,236,44,2.880460023880005,2.1932270715502167,0.38326192
76.24999994909011,1.7988270391877792,0.8750018593295343,35,13,0.7857142857142857,116,19,236,44,3.138033151626587,1.576078673359378,0.36499876
76.2999999489184,1.7839628396089982,0.9954885505460104,39,14,0.7142857142857143,128,22,246,49,2.934935688972473,2.183199317177733,0.27159533
76.34999994874669,1.776369061265593,0.8954628688937323,34,14,0.7142857142857143,131,23,248,48,3.046232759952545,1.6893941077571117,0.21176891
76.39999994857497,2.0348330451381695,1.127071585357275,40,14,0.7857142857142857,127,23,252,50,3.0674701929092407,1.3586699085293663,0.32065195
76.44999994840326,1.6329061528935318,0.9630286189589011,42,14,0.7142857142857143,130,22,252,47,3.0583274364471436,1.1449006540771034,0.28117627
76.49999994823155,1.6287179757766204,1.001186068468647,35,15,0.7857142857142857,120,23,246,45,3.147117793560028,1.3315302306664467,0.38312417
76.54999994805983,1.5270727639704464,1.0924433925132697,38,15,0.7857142857142857,129,23,246,46,2.9373636841773987,1.152973021131034,0.2921679
76.59999994788812,1.461093943735762,0.7743495127590662,48,15,0.7857142857142857,125,23,238,47,3.0942130088806152,1.8025753139036826,0.2938507
76.64999994771641,1.420733547535167,0.9910279701275166,39,13,0.7142857142857143,120,22,241,45,2.737063765525818,1.4046813489036314,0.3963822
76.6999999475447,1.4932976483665432,0.7658095223780338,30,12,0.7142857142857143,112,18,234,42,3.195403814315796,2.2175502286510262,0.42535904
76.74999994737298,1.7432138876511454,1.1736553440542241,42,16,0.8571428571428571,124,20,243,47,3.071759343147278,1.0400970184600755,0.22736764
76.79999994720127,1.6486176480749606,0.8188542825270518,43,14,0.8571428571428571,129,23,249,44,2.9746213555336,1.8616547073071033,0.28144538
76.84999994702956,2.0446995298796593,1.3614096519686516,34,13,0.6428571428571429,130,21,252,46,3.059333860874176,0.7138079421598764,0.22109044
76.89999994685785,1.8758438010312062,0.7448333212322538,42,14,0.7857142857142857,127,24,248,43,3.0752304196357727,2.2586669619671174,0.39771533
76.94999994668613,2.066128197952917,0.8749396078163731,34,14,0.7857142857142857,127,20,242,43,3.1875544786453247,1.5545436235189491,0.3558371
76.99999994651442,1.2943702699796542,0.6275173721715616,41,14,0.7857142857142857,120,21,237,44,3.11054527759552,1.9395159048107224,0.37420154
77.04999994634271,1.4935856323063903,0.7700994172727924,43,14,0.7857142857142857,119,21,238,44,3.123692572116852,1.7362118525769876,0.30590057
77.099999946171,1.2809958248934086,0.7456270436744844,31,13,0.7857142857142857,118,21,235,43,2.8145086765289307,2.2650241499141543,0.50862956
77.14999994599928,1.2889525659984287,0.5129794526672412,40,12,0.6428571428571429,118,23,231,41,3.033861815929413,2.4352928313266986,0.4754643
77.19999994582757,1.4599835252628628,0.5452999427040293,49,14,0.7857142857142857,119,23,246,44,3.106238543987274,1.9198760094406442,0.33520004
77.24999994565586,1.4346124140365022,0.4171028834856003,44,12,0.7142857142857143,113,23,242,45,3.2760241627693176,1.442353095761435,0.39402366
77.29999994548415,1.4271466822146006,0.5382067665631912,39,13,0.7142857142857143,122,23,232,43,3.210780620574951,1.502033638372069,0.34818906
77.34999994531243,1.2764349654038578,0.47799294161146005,33,13,0.7142857142857143,120,24,229,41,3.2406464219093323,2.0336976382133543,0.35024565
77.39999994514072,1.5481158762192053,0.6950929538118439,36,11,0.5714285714285714,115,20,232,44,2.9911914467811584,1.6676647872373884,0.29489714
77.44999994496901,1.390055659367132,0.5921389104024831,39,13,0.7142857142857143,119,23,231,42,3.021744191646576,2.0424737290133343,0.3193581
77.4999999447973,1.8745638942180585,0.7160555470706578,37,14,0.7857142857142857,119,20,233,46,2.963162064552307,2.1806315384819897,0.48490518
77.54999994462558,1.2283734340169223,0.5752138520927864,43,13,0.7142857142857143,118,22,239,44,2.9722487926483154,1.60923963752297,0.29276973
77.59999994445387,1.3992748945078088,0.6616311954246656,44,14,0.7857142857142857,120,24,242,43,2.9607737064361572,1.8997772760541487,0.31800136
77.64999994428216,1.7584623929243297,0.7493302981017043,43,15,0.8571428571428571,118,19,224,43,3.1297308206558228,1.7470448960697293,0.30686444
77.69999994411044,1.6311201527901107,0.8063505738537342,32,13,0.7142857142857143,116,21,226,41,3.106808066368103,1.6241552716431151,0.41310278
77.74999994393873,1.3029733235235328,0.5886420186390239,38,14,0.7857142857142857,118,22,230,43,2.992415726184845,2.133675842954954,0.33226743
77.79999994376702,1.3932576707172462,0.6757507557741425,47,13,0.7142857142857143,122,22,234,43,3.1290116906166077,1.8985666155264003,0.34326795
77.84999994359531,1.1943350040486225,0.4615294832434407,41,13,0.7857142857142857,121,21,236,43,2.8485187888145447,1.8241200751673858,0.28787586
77.8999999434236,1.611767798360536,0.7557681863530359,32,12,0.7142857142857143,119,20,222,42,3.1243139505386353,2.2062812218121763,0.4357038
77.94999994325188,1.6363577888914964,0.8907287157507037,38,14,0.7857142857142857,128,23,239,46,3.0582526326179504,2.0440661278714423,0.28616852
77.99999994308017,1.5114798774446867,0.7246135796104478,40,12,0.6428571428571429,123,22,236,45,3.2403406500816345,2.8233263545526555,0.27573672
78.04999994290846,1.4445414749686138,0.7377376190626644,33,14,0.7857142857142857,119,22,234,43,3.128894865512848,2.7137788641067395,0.44536185
78.09999994273674,1.3883697464643556,0.5539070904643237,38,13,0.7142857142857143,116,21,237,45,3.115764558315277,3.030436714073943,0.40632406
78.14999994256503,1.4155324724395044,0.6103909456854052,40,14,0.7857142857142857,119,21,232,42,2.987312078475952,3.019944552112417,0.37099618
78.19999994239332,1.5409393552272759,0.799604200103222,35,14,0.7857142857142857,120,21,232,42,3.283567428588867,2.7655790511961875,0.31559554
78.2499999422216,1.37014326239385,0.4522682948724826,33,14,0.7857142857142857,115,22,221,39,3.0706945061683655,3.566337985535384,0.46027258
78.2999999420499,1.1318227140177792,0.5046809602638823,41,14,0.7857142857142857,116,23,233,38,3.120505213737488,3.7838064368480495,0.3467837
78.34999994187818,1.6833788316802611,0.6059490224472259,42,14,0.7857142857142857,122,21,229,44,2.992161214351654,3.619457269534827,0.29215562
78.39999994170647,1.6036576884628868,0.8679698150992061,42,14,0.7857142857142857,126,20,243,43,3.244141638278961,2.7624265016601957,0.30622074
78.44999994153476,1.4230493554801877,0.7954859318658432,37,14,0.7857142857142857,118,20,226,40,2.897263467311859,3.1069287031959547,0.408016
78.49999994136304,1.3991990884333445,1.1047634548963579,35,14,0.7857142857142857,126,22,243,46,2.9573193192481995,3.1183875951763174,0.3120957
78.54999994119133,1.4672733532289395,1.0691784883209434,37,14,0.7857142857142857,124,23,236,43,3.1642305850982666,3.3387139581962,0.3218787
78.59999994101962,1.6038835977523782,0.8046449710037031,42,14,0.7857142857142857,121,23,238,44,2.8542226552963257,3.78846547384172,0.24021533
78.6499999408479,1.3538469557934834,1.0245935634630905,37,14,0.7857142857142857,118,20,226,42,3.321583867073059,3.531018893842477,0.34474805
78.6999999406762,1.552739775003771,0.8820180717637336,36,12,0.6428571428571429,119,22,225,42,2.872978150844574,3.6951639919084567,0.45765308
78.74999994050448,1.8548711708831997,1.4056649269181638,36,14,0.7142857142857143,116,20,226,47,3.231007158756256,2.970390481494727,0.36643538
78.79999994033277,1.2529168152073187,0.4869831046322072,35,13,0.7142857142857143,114,20,219,41,3.01696240901947,3.986672436672869,0.3642232
78.84999994016106,1.4294640701732708,0.6428403268863305,30,13,0.7142857142857143,115,20,218,41,2.985098659992218,4.078769473196715,0.5165384
78.89999993998934,1.1270656144922593,0.49576261767892094,39,12,0.7142857142857143,112,20,222,40,3.2176607847213745,4.62237678969224,0.42167103
78.94999993981763,1.318021499611366,0.5266185252660042,40,13,0.7142857142857143,116,22,224,41,3.1666943430900574,4.583928710871525,0.5057905
78.99999993964592,1.1792293041292232,0.46399109625145574,38,12,0.7142857142857143,113,21,222,40,3.050929307937622,4.1610267248975585,0.40690163
79.0499999394742,1.9418077228751383,1.1198562675463557,36,14,0.7857142857142857,126,22,239,47,3.19712370634079,3.5793395152413243,0.4811595
79.09999993930249,1.5136261993561648,0.6094550363828161,45,13,0.7142857142857143,127,25,234,41,2.904932200908661,3.914977397635564,0.42385325
79.14999993913078,1.5864214118722062,0.9188487240411467,36,13,0.7142857142857143,114,19,229,41,2.967795431613922,4.0755728334643315,0.46695113
79.19999993895907,1.2727917182019217,0.7396860647322707,34,13,0.7142857142857143,118,22,229,40,3.1038641929626465,3.642463713597053,0.5181827
79.24999993878735,1.545789206216384,0.5398625438666904,31,13,0.7142857142857143,118,20,222,40,3.0106303095817566,3.94735748325016,0.51783836
79.29999993861564,1.583279627585556,0.8366377739600124,30,12,0.6428571428571429,109,19,219,39,3.1639134883880615,3.9359919818505062,0.5549867
79.34999993844393,1.6793967024617658,0.5613751567858621,37,13,0.7142857142857143,118,22,226,40,3.0126386880874634,4.275147772092831,0.5005154
79.39999993827222,1.481560542352005,0.5920213239660377,33,13,0.7142857142857143,113,19,225,39,3.1530484557151794,3.7352428793644066,0.4862389
79.4499999381005,1.5119750870026256,1.0018747500640672,35,12,0.6428571428571429,116,21,228,42,3.0585718154907227,3.3339682514628333,0.5009008
79.49999993792879,1.3066545334922557,0.46089074585479617,37,12,0.7142857142857143,119,23,236,43,3.106803297996521,3.773408949593886,0.46626636
79.54999993775708,1.5973864538426659,0.5958929957671345,41,13,0.7142857142857143,122,23,226,41,2.894793748855591,3.512780370077504,0.41551855
79.59999993758537,1.6438406441023683,0.6789567875097604,43,13,0.7142857142857143,113,20,221,41,3.2390406727790833,3.020722772604234,0.53720146
79.64999993741365,1.5771203973619043,0.5947466354966393,39,12,0.6428571428571429,119,22,225,40,3.0059805512428284,3.1141819704657525,0.44950005
79.69999993724194,1.269068864802247,0.4924716049590769,32,11,0.6428571428571429,112,20,227,42,2.8125858306884766,3.162981204345945,0.54003525
79.74999993707023,1.7399098117107843,0.6824881131808604,41,14,0.7857142857142857,123,21,229,41,3.104550540447235,2.7990353696766324,0.4083515
79.79999993689852,1.6005428112206475,0.7887847757903927,40,13,0.7142857142857143,122,21,229,41,3.000543713569641,2.6965813731986366,0.4899994
79.8499999367268,1.7575499779737027,0.5969227230425624,37,13,0.7142857142857143,117,21,224,41,3.1666120886802673,3.0616951740898912,0.50458395
79.89999993655509,1.978073974585309,0.8672627695628949,33,14,0.7857142857142857,116,20,216,37,3.153163492679596,2.7778013151956937,0.44815093
79.94999993638338,1.6198233255128045,0.771545157713708,39,12,0.6428571428571429,117,22,232,43,3.211953341960907,2.6351041098843897,0.45200378
79.99999993621167,1.4097141500474144,0.4997615242124629,41,13,0.7142857142857143,122,22,236,42,2.912771999835968,2.9442508747903418,0.40946496
80.04999993603995,1.8513535655266615,0.9228416281126339,41,14,0.7857142857142857,119,21,227,42,3.1858396530151367,2.785716611452127,0.49036857
80.09999993586824,1.739016309814375,0.5720657846622269,36,13,0.7142857142857143,113,20,213,38,3.2792451977729797,4.021498328881847,0.5693662
80.14999993569653,1.7422198544566254,0.6787967248043323,29,12,0.7142857142857143,111,19,215,38,2.9766294360160828,3.581541430520554,0.52754164
80.19999993552481,1.2585560369682527,0.5190981141762625,38,14,0.7857142857142857,120,24,233,40,3.022680878639221,2.824184018180542,0.41228253
80.2499999353531,1.5337501932301927,0.5738646947077262,42,14,0.7857142857142857,116,20,223,40,3.0636197328567505,2.908278418261858,0.41983232
80.29999993518139,1.6686593283217728,0.8430176787598275,40,14,0.7857142857142857,126,23,229,41,3.0306193232536316,2.200681388648249,0.43197644
80.34999993500968,1.2657433309498858,0.6771695418318853,38,14,0.7857142857142857,119,22,226,39,2.9714247584342957,2.722386649725266,0.44101423
80.39999993483796,1.844619802681458,0.9526285689829207,42,14,0.7857142857142857,115,20,228,39,2.7880480885505676,2.2254399191035112,0.44882256
80.44999993466625,1.5345741812981846,0.5063384991800439,30,13,0.7142857142857143,111,20,222,39,3.119899034500122,2.2164476306412606,0.37752897
80.49999993449454,1.5827151232691548,0.6275761615456188,43,14,0.7857142857142857,123,24,231,41,3.058289885520935,2.2654128102422355,0.38702744
80.54999993432283,1.649862715798612,0.5657833212700424,39,12,0.7142857142857143,122,24,234,42,2.860465943813324,3.2793779670480383,0.45955852
80.59999993415111,1.4176072444340666,0.5645153741327182,33,12,0.6428571428571429,115,20,225,41,2.9231077432632446,2.502871762751573,0.49955583
80.6499999339794,1.381360977141781,0.57273007735137,40,14,0.7857142857142857,116,22,221,39,2.9652833938598633,3.080788402333736,0.48681897
80.69999993380769,1.7036969791227794,0.7513161966050242,32,12,0.6428571428571429,114,20,228,41,2.8603172302246094,3.869193663947419,0.39505923
80.74999993363598,1.304967796944441,0.49535522984378355,38,13,0.7142857142857143,118,24,216,38,3.148113191127777,3.1041542608672756,0.4190261
80.79999993346426,1.4735324236332685,0.509157567600445,33,13,0.7857142857142857,110,20,223,41,3.167465031147003,3.2508590131701975,0.48195988
80.84999993329255,1.3120455299741074,0.5351057863554117,36,13,0.7142857142857143,117,22,227,42,3.0851179361343384,4.017411925607544,0.379108
80.89999993312084,1.6639972719720757,0.7359533286714443,35,14,0.7857142857142857,122,22,235,43,3.0810466408729553,3.288829634441459,0.3864503
80.94999993294913,1.3787265217776659,0.7402149546102734,36,13,0.7142857142857143,112,18,224,42,3.081216812133789,3.610836921689158,0.35281068
80.99999993277741,1.335618990262597,0.5828865040961755,35,12,0.7142857142857143,116,21,224,39,2.9334431886672974,4.386993803652883,0.53830105
81.0499999326057,1.4250086157429136,0.5935653017200502,40,13,0.7142857142857143,124,24,226,41,3.032357394695282,4.056810236035178,0.3443877
81.09999993243399,1.6057146403180806,0.5424281098842378,37,13,0.7857142857142857,118,21,224,40,2.9753434658050537,3.4750359179053536,0.38736427
81.14999993226228,1.4742347399915618,0.6639633064323036,43,13,0.7142857142857143,120,21,233,41,3.1055882573127747,3.684095471594677,0.35447326
81.19999993209056,1.2416616471551774,0.6293495263043197,33,13,0.7142857142857143,122,22,230,40,3.157784640789032,3.5203645964831853,0.4195109
81.24999993191885,1.590129839083327,0.7622510258411584,36,13,0.7142857142857143,119,20,227,40,3.0364403128623962,3.1146693625610755,0.37616932
81.29999993174714,1.472218189547558,0.568201956444087,39,14,0.7857142857142857,124,23,227,41,2.9105278849601746,3.909549671328776,0.4229269
81.34999993157543,1.4500048227219253,0.5225478898697538,39,14,0.7857142857142857,117,22,229,43,3.117830753326416,4.0705406121434695,0.44311452
81.39999993140371,1.435708050717138,0.5528344136122774,42,14,0.7857142857142857,120,23,229,41,3.016643226146698,3.64808902911248,0.3713405
81.449999931232,1.5228200298227121,0.749581362423173,38,14,0.7857142857142857,120,20,232,44,3.2102447748184204,3.5232751301075282,0.36468038
81.49999993106029,1.7449836802417809,0.7964290876614456,34,13,0.7142857142857143,119,21,226,41,3.0188408493995667,3.26413863753678,0.35410106
81.54999993088857,1.550280628211564,0.6061587051322165,40,14,0.7857142857142857,121,22,225,39,2.9700323939323425,2.8853694541161445,0.35816517
81.59999993071686,1.748066325733677,0.6730026045380467,28,12,0.7142857142857143,113,21,215,41,3.2473939657211304,3.3550799089828764,0.53178155
81.64999993054515,1.6149171468713452,0.7407803530632983,36,15,0.8571428571428571,119,20,222,44,2.96889066696167,2.9809089976249403,0.37531954
81.69999993037344,1.185452516832361,0.5709879451314218,34,13,0.7142857142857143,117,21,220,40,3.170771896839142,3.771028285042952,0.4380827
81.74999993020172,1.6884780234365906,0.592701710245863,37,14,0.7857142857142857,122,22,227,41,2.9122063517570496,3.5981526909547235,0.35181093
81.79999993003001,1.4997760491546233,0.5542877742104675,39,14,0.7857142857142857,121,22,234,43,2.909693717956543,3.504761686318796,0.29421705
81.8499999298583,1.5284175874651573,0.5598706281606436,39,14,0.7857142857142857,117,20,223,41,2.8487971425056458,3.419186457231378,0.37211886
81.89999992968659,1.3487178831021929,0.3778272101575165,37,13,0.7142857142857143,124,22,226,42,2.9459598660469055,3.7169052792938206,0.32527155
81.94999992951487,1.3120398541393765,0.35129460371919075,44,14,0.7857142857142857,118,22,238,43,2.8104639053344727,3.8393868343638893,0.33447355
81.99999992934316,1.4725822323579951,0.6239141951105225,43,13,0.7142857142857143,115,21,218,43,2.9276826977729797,4.016458724263865,0.43117505
82.04999992917145,1.761366403679013,0.8046719570772802,41,15,0.8571428571428571,124,22,233,43,2.94238418340683,3.3410792293214797,0.31891397
82.09999992899974,1.2661518505596558,0.4586320002418726,33,13,0.7142857142857143,119,23,233,41,3.1231892108917236,3.5786146210408454,0.38771632
82.14999992882802,1.5661274218761967,0.5901593671795607,36,13,0.7142857142857143,122,23,230,40,3.032737076282501,4.021945787673706,0.35365254
82.19999992865631,1.526550926574521,0.661987900753406,32,13,0.7857142857142857,120,20,234,41,3.1741714477539062,3.536354218699067,0.41677168
82.2499999284846,1.5910712157792872,0.6237431408207335,41,13,0.7142857142857143,125,24,235,41,3.0955886840820312,3.5527075842167477,0.3982836
82.29999992831289,1.6200591867546406,0.655723907276752,41,13,0.7142857142857143,121,21,229,40,3.0698493123054504,3.792396924498469,0.32766938
82.34999992814117,1.5083556743727078,0.6608772185049684,42,14,0.7857142857142857,117,21,228,43,3.21979820728302,3.9740019554740424,0.29974222
82.39999992796946,1.2490098598646724,0.6168307712206159,37,13,0.7142857142857143,123,23,229,41,3.1783878803253174,3.526830722443206,0.41508883
82.44999992779775,1.78271016040206,0.7055039449262988,40,14,0.7857142857142857,122,23,220,40,3.005247116088867,3.270077891644343,0.2946659
82.49999992762604,1.7048541784826978,0.69255354085416,40,14,0.7857142857142857,121,21,231,43,3.020428419113159,3.0223132493958182,0.30284107
82.54999992745432,1.4098416427070974,0.8613838334966579,42,15,0.8571428571428571,122,22,235,42,3.035651743412018,2.998345436247618,0.29419646
82.5999999272826,1.6341457953278096,0.7997887435815441,39,15,0.8571428571428571,119,19,225,42,3.0304858088493347,3.1497061247402236,0.32954136
82.6499999271109,1.6051120746584333,0.6237442415063963,37,13,0.7142857142857143,127,23,240,44,2.819628417491913,3.1686808487608698,0.38182127
82.69999992693919,1.3990104713071838,0.37087697055718705,38,13,0.7142857142857143,113,21,224,39,3.2181143760681152,3.0933850388550432,0.433285
82.74999992676749,1.6079662758263111,0.6567823805076428,32,13,0.7857142857142857,111,21,211,42,3.0707931518554688,2.660198642875846,0.54910344
82.79999992659576,1.4467869398839996,0.5053858776222426,34,12,0.7142857142857143,116,22,218,42,2.9275864362716675,3.401529164314505,0.5204224
82.84999992642405,1.4333671861192991,0.6746570261710769,38,14,0.7857142857142857,122,21,229,46,2.905144691467285,3.6421939414430504,0.29606986
82.89999992625232,1.412991102861926,0.457552982011064,36,14,0.7857142857142857,124,23,228,41,2.8915706276893616,3.417262149615272,0.34211075
82.94999992608062,1.303666198304575,0.5149351791125637,36,14,0.7857142857142857,115,21,224,41,3.0953535437583923,3.390198220379421,0.38736975
82.99999992590892,1.5415116752678946,0.8279823409645488,33,14,0.7857142857142857,116,20,238,44,3.1413891911506653,3.2959343934792873,0.3790115
83.0499999257372,1.3913532229211545,0.6248359517614861,35,13,0.7142857142857143,121,20,232,42,3.172878623008728,3.984760319383831,0.347517
83.09999992556548,1.1607596424453157,0.3970394055320286,36,12,0.7142857142857143,124,24,234,43,2.8331732749938965,3.704715408752266,0.32639465
83.14999992539376,1.3593002836439578,0.8642289079712666,36,14,0.7857142857142857,117,21,236,42,3.0623728036880493,3.2255351470149485,0.342799
83.19999992522206,1.5801180431154915,0.7711048859082101,26,12,0.7142857142857143,114,20,220,40,3.0916941165924072,2.7831118597256133,0.48047608
83.24999992505036,1.4885359032172198,0.5707771415381808,34,13,0.7142857142857143,120,21,236,42,3.021678924560547,2.428779583798608,0.2967531
83.29999992487865,1.2520907434671646,0.4335278958831024,41,12,0.7142857142857143,119,21,238,44,3.0467578768730164,2.36253268923746,0.31357336
83.34999992470692,1.467783857252395,0.5778543932666388,39,13,0.7142857142857143,118,23,235,43,2.93365478515625,2.135979386613558,0.32046157
83.3999999245352,1.343639442852703,0.6639033888778911,33,13,0.7142857142857143,121,21,229,41,3.018271327018738,2.5403877529873764,0.3926692
83.44999992436348,1.6695003423307266,0.6962482947982067,38,13,0.7142857142857143,124,20,233,44,2.826668918132782,2.794402787997985,0.26880798
83.49999992419178,1.5839190821877107,0.6407963491092721,35,13,0.7857142857142857,122,23,230,43,2.8927212953567505,3.2391826280457536,0.31529665
83.54999992402009,1.80963079900876,0.748649112974113,42,14,0.7857142857142857,129,25,237,44,3.0156120657920837,2.558064540597842,0.35278118
83.59999992384836,1.6438276193423642,0.47884148739965726,42,14,0.7857142857142857,122,22,234,44,3.101205825805664,3.1545816596035614,0.38015836
83.64999992367665,1.72263014093848,0.6645410582892886,41,14,0.7857142857142857,123,21,244,48,2.984972596168518,2.61286384103645,0.3065375
83.69999992350492,1.4391446317737469,0.5389809449661405,40,14,0.7857142857142857,120,24,232,41,3.0136388540267944,3.311234395447631,0.4308129
83.74999992333322,1.7657678723822445,0.7124520106571485,37,13,0.7857142857142857,120,21,236,45,3.20717453956604,2.995274190949395,0.28407323
83.79999992316152,1.7488728035899084,0.7092242313619446,32,15,0.8571428571428571,118,20,219,41,2.8998440504074097,3.176352178378652,0.4063655
83.8499999229898,1.6948141206055045,1.0936534456343179,39,13,0.7142857142857143,130,22,242,46,3.1045368313789368,2.649034670445598,0.3250001
83.89999992281808,1.8090062309077966,0.8401687057362297,42,13,0.7142857142857143,134,23,241,48,3.0395901203155518,3.0013342512348284,0.284748
83.94999992264636,1.3723145438586526,0.7569285567987837,34,13,0.7142857142857143,122,22,227,43,2.9249557852745056,3.3999527441645405,0.44587958
83.99999992247466,1.8448682318050758,0.9087020993859452,29,14,0.7857142857142857,116,18,225,40,2.9481935501098633,3.104917893538266,0.5041762
84.04999992230294,1.4011355603262592,0.5910012305430081,32,13,0.7142857142857143,118,23,224,41,3.2148659229278564,3.37605157712229,0.45699814
84.09999992213125,1.6427227876053005,0.7144578526060009,36,14,0.7857142857142857,117,20,224,41,3.1113114953041077,2.8141167194754146,0.38933393
84.14999992195952,1.5537470110490224,0.7499550191327199,37,13,0.7142857142857143,119,21,234,46,3.0728188157081604,2.759371235957815,0.34396243
84.1999999217878,1.7376763041204062,0.6592445588427364,34,12,0.6428571428571429,114,20,221,41,2.898367941379547,2.8703211723325683,0.4833209
84.24999992161608,1.6228189496044316,0.7758619320193082,39,14,0.7857142857142857,121,23,234,45,3.116024136543274,2.720706501766852,0.3762733
84.29999992144438,1.720563929576429,0.7251101115637132,38,12,0.6428571428571429,114,21,229,42,3.0372047424316406,3.030505846433691,0.48105305
84.34999992127268,1.521157467097372,0.6716769491237504,41,14,0.7857142857142857,121,24,226,41,3.23030948638916,3.6659965411936923,0.36298782
84.39999992110096,1.458299983652747,0.7922155680925584,38,12,0.6428571428571429,124,24,233,46,3.1442391872406006,3.1782104342572737,0.3044188
84.44999992092924,1.8894330868339342,0.69726021828751,41,14,0.7857142857142857,119,19,237,44,3.038487732410431,3.155435179618422,0.4002101
84.49999992075752,1.5378073376479218,0.4398559941075347,38,14,0.7857142857142857,117,20,222,41,3.1167232990264893,3.417315342009841,0.3588318
84.54999992058582,1.6129443261563998,0.6899311163793026,29,13,0.7142857142857143,117,20,219,40,3.19842666387558,3.2871807794136476,0.5089731
84.59999992041412,1.8977112958165199,0.9162452687671786,40,14,0.7857142857142857,127,22,235,44,3.0077728629112244,2.2343741555541907,0.2743667
84.64999992024241,1.7515899757939724,0.748108811115044,42,15,0.8571428571428571,126,22,225,41,3.0008602142333984,2.883554517067388,0.33141154
84.69999992007068,1.6844327402032875,0.7427997833330324,32,12,0.6428571428571429,115,21,220,41,3.004791736602783,2.5656346439388678,0.51692
84.74999991989897,1.5505343722813805,0.7558781848811112,37,14,0.7857142857142857,117,19,236,46,3.2194706797599792,2.223390895187336,0.34727985
84.79999991972726,1.459469902411371,0.9530829710407719,39,14,0.7857142857142857,121,23,240,44,3.115030527114868,2.2536009227892784,0.40230128
84.84999991955554,1.6873683709677134,0.8269580823353097,32,12,0.6428571428571429,122,21,225,43,2.972879707813263,2.4978357687062847,0.49104136
84.89999991938384,1.6432393420171831,0.6772757376311865,37,14,0.7857142857142857,117,20,232,44,2.9462701082229614,2.5607000814629544,0.35757965
84.94999991921212,1.5476197411799988,0.5046482605235675,39,13,0.7857142857142857,122,23,228,42,3.054187297821045,2.5109909346556947,0.33195055
84.9999999190404,1.5775166347057534,0.7907337735807474,35,15,0.8571428571428571,123,21,233,44,3.1038805842399597,1.746070173434191,0.34364468
85.04999991886868,1.9177337921375148,1.009966650196495,43,16,0.8571428571428571,129,21,243,46,3.1439822912216187,1.4486118017534722,0.3706932
85.09999991869698,1.3176452641331147,0.31873742354218726,33,14,0.7857142857142857,121,21,224,43,3.2825788855552673,2.4263339939847306,0.38320273
85.14999991852527,1.361395573635319,0.545549735209475,31,12,0.6428571428571429,119,22,224,42,2.9659804701805115,2.4838397131192824,0.5810195
85.19999991835356,1.7933901033736863,0.6067031604217717,45,14,0.7857142857142857,123,21,227,42,3.1534606218338013,2.6331061988848603,0.36392817
85.24999991818184,1.5145215663456275,0.6410311381317717,34,14,0.7857142857142857,116,22,233,44,3.063899576663971,3.0026892655586934,0.39520714
85.29999991801012,1.9134769963411826,1.1344962210640714,33,14,0.7142857142857143,123,22,238,44,2.807188332080841,1.9465168396513466,0.36822626
85.34999991783842,1.7309910942345006,0.6297864244055106,33,13,0.7857142857142857,118,21,224,43,3.0526459217071533,2.377081718398122,0.38214767
85.3999999176667,1.6480809281514495,0.9294229246706415,39,14,0.7857142857142857,120,21,233,46,2.9473266005516052,2.2788417110387726,0.38078344
85.449999917495,1.818103009855051,0.6155964747904104,33,13,0.7857142857142857,116,18,225,42,3.0833905935287476,2.5985990162661743,0.4842778
85.49999991732328,1.5000613642098457,0.5135304062407027,37,14,0.7857142857142857,119,23,223,40,3.149474859237671,2.793327168325108,0.39559877
85.54999991715157,1.5000958424453479,0.6244801238762311,37,14,0.7857142857142857,118,20,222,41,3.1805336475372314,2.9963179407753504,0.47888106
85.59999991697985,1.9134042925213723,0.9679364163289155,42,16,0.8571428571428571,127,22,239,46,3.3430269360542297,2.3662362468688425,0.3180307
85.64999991680814,1.4572849759317656,0.6911601234279042,40,14,0.7857142857142857,118,22,231,43,2.9424822330474854,2.113164636885143,0.3579315
85.69999991663644,1.7801787468134238,0.5753491396960133,42,14,0.7857142857142857,124,22,230,42,3.0505746603012085,1.931452531991713,0.30573177
85.74999991646472,1.7278774159068888,0.5125826699896653,38,14,0.7857142857142857,123,21,223,41,3.10269296169281,2.9634261425805786,0.32051462
85.799999916293,1.528694551567812,0.41994617802393086,36,13,0.7142857142857143,118,21,227,42,2.799243927001953,2.331864485566877,0.45847064
85.84999991612128,1.390011925837307,0.4456920765384972,41,14,0.7857142857142857,119,23,238,41,3.1262892484664917,2.8016320536220363,0.39821148
85.89999991594958,1.5875301588232624,0.5547477034573998,40,15,0.8571428571428571,120,21,240,43,2.9840776324272156,2.509258422298233,0.4240275
85.94999991577787,1.456271120431734,0.5676312393884269,33,13,0.7142857142857143,119,23,230,41,3.1068316102027893,2.2733751644922684,0.3633455
85.99999991560617,1.4254027827597313,0.6773042384450816,37,13,0.7142857142857143,122,22,238,45,3.1844162940979004,2.3692420482532572,0.33151037
86.04999991543444,1.4213303290630586,0.53632821987749,35,12,0.6428571428571429,118,22,223,41,3.0394524335861206,2.933666326378983,0.38966137
86.09999991526273,1.5210242034985115,0.4319780995947812,42,13,0.7142857142857143,119,21,234,41,3.0418825149536133,3.264581859539568,0.42499793
86.149999915091,1.618630151128679,0.5536013747063653,35,14,0.7857142857142857,118,22,230,41,3.2901033759117126,2.8853139059375454,0.44508076
86.1999999149193,1.4152000635466113,0.6785794353248864,36,11,0.5714285714285714,119,22,232,41,2.9560700058937073,3.3594227276492017,0.40140575
86.2499999147476,1.6367821289654465,0.7175857070109447,36,13,0.7142857142857143,120,20,226,39,3.0640554428100586,3.381247673594965,0.49313927
86.29999991457588,1.4571620749969427,0.6692826345899648,38,14,0.7857142857142857,120,20,232,42,2.904052436351776,3.6323821595505557,0.41305184
86.34999991440417,1.7851422107890034,0.767756640578854,37,14,0.7857142857142857,121,22,231,41,3.036837577819824,3.129969217541211,0.4288917
86.39999991423244,1.3230536124343923,0.6945969804570662,41,14,0.7857142857142857,120,22,227,42,2.9050102829933167,3.9486212746515026,0.54023886
86.44999991406074,1.245790412874415,0.483666255722346,40,13,0.7142857142857143,122,22,240,42,3.0853629112243652,3.6799124761316815,0.38568324
86.49999991388904,1.648199695510004,0.7058173519809764,43,15,0.8571428571428571,122,23,231,40,3.1363794207572937,3.7535938207372066,0.44744644
86.54999991371731,1.3037209201374886,0.5772514980760901,37,13,0.7142857142857143,119,21,236,41,2.954115569591522,4.219858151270328,0.34795368
86.5999999135456,1.4104314667229496,0.47857391099701796,36,13,0.7142857142857143,118,22,230,40,3.044460415840149,3.808819787339033,0.2676861
86.64999991337388,1.277145474864371,0.3908289593074644,35,14,0.7857142857142857,116,20,229,42,3.2339903712272644,4.3808085660054275,0.42996973
86.69999991320218,1.049700223456507,0.4321846905715982,35,14,0.7857142857142857,117,20,233,41,2.9417240619659424,4.389493587307767,0.32330167
86.74999991303046,1.4294567696021288,0.7225983727194535,34,14,0.7857142857142857,120,22,228,41,2.9771122336387634,4.299847561307759,0.46440637
86.79999991285877,1.1725605368511351,0.5333237837491946,33,12,0.6428571428571429,118,20,235,41,3.2608869671821594,4.592118136876939,0.4306518
86.84999991268704,1.1111343025333988,0.45238288784763764,37,14,0.7857142857142857,119,21,234,42,3.0136731266975403,4.127273993244955,0.41191924
86.89999991251533,1.1710001586364607,0.6140815477194731,34,13,0.7142857142857143,120,21,234,41,3.083150088787079,3.501103779223884,0.29007652
86.9499999123436,1.4016080803768474,0.5346713720738291,40,14,0.7857142857142857,121,23,228,39,2.976769506931305,3.4919063953990737,0.33587068
86.9999999121719,1.296383769201487,0.8605542375327195,31,13,0.7142857142857143,115,19,223,43,3.2537847757339478,3.1400731791773673,0.3862741
87.0499999120002,1.136324839367788,0.6878155189044554,36,12,0.6428571428571429,109,18,235,44,3.0990904569625854,3.6196253414464685,0.3897246
87.09999991182848,1.353118449566793,1.1462734724288612,36,13,0.6428571428571429,116,20,239,46,3.047841489315033,2.8670688324564964,0.37958276
87.14999991165676,1.4152276433887847,0.675035449936014,33,12,0.6428571428571429,111,19,232,42,2.998840808868408,3.320779602997348,0.36973667
87.19999991148504,1.00250733693894,0.4360758700873021,39,13,0.7142857142857143,114,22,232,42,3.2150736451148987,3.6798855797660845,0.49044102
87.24999991131334,1.4439295836229495,0.540858168627611,29,13,0.7857142857142857,113,19,221,40,3.1450310349464417,3.2651852890915567,0.44086128
87.29999991114163,1.6102483706837996,0.7486823325711239,33,14,0.7857142857142857,115,19,235,42,3.0781489610671997,3.3786283493136438,0.48285678
87.34999991096993,1.6209827736056468,0.7976587429980226,43,13,0.7142857142857143,120,21,226,43,2.8864791989326477,3.288680349620625,0.3783204
87.3999999107982,1.2526218227064356,0.6092472421713314,30,13,0.7142857142857143,117,21,232,42,3.1161484122276306,3.797589529106693,0.5065932
87.44999991062649,1.7004857544380796,0.9358481140422901,40,15,0.8571428571428571,121,20,224,41,3.005993664264679,3.6210206578739257,0.41092768
87.49999991045476,1.101651517108674,0.6224777229438592,36,12,0.6428571428571429,125,21,232,44,3.080896735191345,4.546332904369708,0.45683062
87.54999991028306,1.3254493261286446,0.831967474283123,32,13,0.7142857142857143,129,22,231,44,3.117794990539551,4.636792926558906,0.41962296
87.59999991011136,1.5160371756456663,0.9837935336253346,35,13,0.7142857142857143,117,21,226,41,3.265543580055237,4.472963156440333,0.4381858
87.64999990993964,1.570715203082037,0.9667458589046797,39,12,0.6428571428571429,123,23,238,42,3.151347041130066,4.180251212759574,0.35365713
87.69999990976793,1.5899962361400954,0.756402992632314,34,13,0.7142857142857143,114,21,222,40,2.9631927609443665,4.298492684977839,0.5308089
87.7499999095962,1.729707201278741,1.1080563451719636,41,13,0.7142857142857143,116,22,230,42,2.8804811835289,4.717548747123139,0.38048214
87.7999999094245,1.6993834335294122,1.0728080864299858,31,13,0.7142857142857143,116,21,229,42,3.309197425842285,4.586956743849768,0.47800463
87.8499999092528,1.0154601052689698,0.605193745001056,32,12,0.6428571428571429,114,21,231,41,3.230198323726654,4.909382372628954,0.43584412
87.89999990908107,1.4140184472252368,0.7669757931207354,38,15,0.8571428571428571,124,21,236,42,3.040337562561035,4.779960590108434,0.3330731
87.94999990890936,1.2068503561524895,0.5686796343753668,39,14,0.7857142857142857,117,20,227,41,3.125063180923462,4.4954030905060005,0.38993502
87.99999990873764,1.1764843864512418,0.5232981440894127,36,12,0.6428571428571429,116,18,221,39,3.1738561391830444,4.5143627388327445,0.52043724
88.04999990856594,1.0434120348878113,0.684751451050959,30,14,0.7142857142857143,118,21,233,44,3.0104562640190125,4.72743206049401,0.5249251
88.09999990839422,1.3616903322897156,0.6533759441693855,30,13,0.7142857142857143,113,19,221,40,3.2505878806114197,4.84837786071167,0.49446222
88.14999990822253,1.3909153756539654,0.5466720239137497,38,13,0.6428571428571429,112,21,230,45,2.926034927368164,4.266415724369077,0.49217835
88.1999999080508,1.5417351016133725,1.268678362059845,31,11,0.5,116,22,238,43,3.0993428826332092,3.7102212796020417,0.41371807
88.24999990787909,1.2026743665672044,0.5504438644357544,32,13,0.7142857142857143,115,19,226,44,2.9747551679611206,4.102902571305043,0.5099236
88.29999990770736,1.1797217853732078,0.29829526875836143,30,14,0.7857142857142857,107,20,221,40,2.9855063557624817,4.758756506568451,0.65831697
88.34999990753566,1.021754336524782,0.47367937639287994,26,12,0.6428571428571429,112,18,221,40,3.105558753013611,4.50949581719609,0.5627204
88.39999990736396,1.1654365387977026,0.3717085369106906,37,13,0.7142857142857143,126,23,231,42,2.9411181807518005,4.760767350025503,0.38836077
88.44999990719224,1.4450576571215383,0.8066821015006143,35,13,0.6428571428571429,118,21,226,44,2.937190532684326,4.446433802417991,0.44105077
88.49999990702052,1.4449336491022216,0.5261164888824225,30,14,0.7857142857142857,111,21,218,39,3.0949589610099792,5.449905368934269,0.550496
88.5499999068488,1.2805026053056392,0.6093905783046639,31,14,0.7857142857142857,114,20,222,42,3.141210675239563,5.561638558170943,0.61039114
88.5999999066771,1.58837037355815,0.8773294472369786,31,13,0.7142857142857143,121,20,219,42,3.0861157178878784,5.100932394993283,0.7528399
88.64999990650539,0.9391198066999297,0.2770435777949772,30,12,0.7142857142857143,113,22,220,41,3.093196153640747,5.095478457080027,0.69134486
88.69999990633369,1.0481131959214165,0.35044312565848945,34,13,0.7142857142857143,116,22,224,39,2.9262030124664307,4.887016450597033,0.61470735
88.74999990616196,1.2841491182564868,0.8021115294541853,30,14,0.7857142857142857,106,18,223,42,3.1475359201431274,5.019805259836794,0.61713815
88.79999990599025,0.7150488677193656,0.26612591847680517,35,11,0.6428571428571429,114,22,225,42,3.0100908875465393,5.190247805201169,0.521851
88.84999990581852,1.0363022881721333,0.36555753502367444,31,11,0.6428571428571429,111,22,214,37,2.6429519057273865,5.015150901306136,0.6936604
88.89999990564682,1.465365786071947,0.6932467647714964,30,13,0.7142857142857143,113,19,215,40,3.1312140822410583,4.908959958438306,0.5834922
88.94999990547512,1.1911622674113203,0.658969328565961,30,13,0.6428571428571429,119,21,227,44,2.973737120628357,4.730517859589929,0.5623001
88.9999999053034,1.1203231364811168,0.5668906004283102,30,12,0.6428571428571429,115,22,224,40,3.1839364767074585,4.916850311682932,0.6868563
89.04999990513168,1.0163908283755962,0.4628049394304632,30,13,0.7142857142857143,111,20,222,40,3.356184661388397,4.43620062320333,0.5753213
89.09999990495996,1.401679183953344,0.6136922251596164,38,13,0.7142857142857143,115,21,219,40,3.067021667957306,4.34359359337523,0.5468698
89.14999990478826,1.3416944251917475,0.370499078660375,34,13,0.7142857142857143,112,21,220,40,3.0270206928253174,5.09210562748013,0.5629654
89.19999990461656,0.9431697577652105,0.45094246257048526,32,11,0.7142857142857143,109,22,222,42,3.1937241554260254,4.816330564016189,0.7019914
89.24999990444483,1.3043699118001897,0.7696886153766165,40,13,0.6428571428571429,117,21,231,41,3.131542205810547,4.63412859507863,0.44031525
89.29999990427312,1.3101872127078957,0.7893870287464424,37,14,0.7142857142857143,116,23,226,40,2.969834804534912,4.789377639787098,0.5774539
89.3499999041014,1.5257927551474704,0.7029464037638715,31,15,0.7857142857142857,120,21,225,44,2.9760709404945374,4.537014354408306,0.4828683
89.3999999039297,1.3300418981985822,0.6787291231565811,23,9,0.42857142857142855,102,19,215,41,3.3203402161598206,4.506022833395287,0.6151924
89.44999990375798,1.452381596045185,0.4379335648802373,32,13,0.7142857142857143,115,22,218,42,3.031916320323944,4.936637047486743,0.5446893
89.49999990358629,1.3630104177134337,0.44873177920142954,24,10,0.5,107,19,213,38,2.9542234539985657,4.308085187536115,0.7499155
89.54999990341456,1.0294443541433091,0.3873622735681074,30,11,0.5714285714285714,111,19,223,41,3.01026850938797,4.879293134405938,0.6160533
89.59999990324285,1.4919488756790547,0.8054201732297805,25,11,0.5714285714285714,114,20,218,41,3.033980429172516,4.779926978555746,0.6271858
89.64999990307112,1.6298506782988182,0.4804619703740739,38,11,0.6428571428571429,111,22,217,41,2.853505313396454,4.230442579661,0.37091836
89.69999990289942,1.185683662331463,0.7834517538303832,32,13,0.7857142857142857,110,19,222,42,3.125682771205902,4.5670446343889015,0.6401513
89.74999990272772,1.2756196835302627,0.6376642640583894,41,12,0.6428571428571429,117,23,232,44,3.002980053424835,4.591802818708457,0.37645006
89.799999902556,1.3874750881205113,0.4414730177349411,37,13,0.7142857142857143,116,21,225,42,3.205728828907013,4.881504392178737,0.47886062
89.84999990238428,1.054663814659813,0.7400036315960881,34,11,0.6428571428571429,111,21,222,43,2.9704421758651733,5.255033773965119,0.5761963
89.89999990221256,1.369066247691618,0.5092855951728863,37,13,0.7142857142857143,118,22,230,42,3.1126725673675537,5.304453970157805,0.3911277
89.94999990204086,1.8652859120054135,0.7160552695692267,36,11,0.5714285714285714,120,22,221,41,2.868582606315613,5.114245253055616,0.4662878
89.99999990186915,1.1985211254111445,0.48674889547114164,34,12,0.6428571428571429,117,22,220,38,3.1202328205108643,5.2266571629550995,0.49734125
90.04999990169745,1.0586955894813397,0.4771747847477602,37,13,0.7142857142857143,114,22,225,42,2.9701805114746094,5.269963677031679,0.40168318
90.09999990152572,1.5769127138601915,1.0452043468009344,36,13,0.7142857142857143,119,24,233,43,2.9178276658058167,5.355069227320071,0.5049999
90.14999990135401,1.5522267044672498,1.0202240727022156,30,10,0.5,114,19,234,44,2.87307471036911,4.971539307325958,0.42445296
90.19999990118228,1.148213387562821,0.6044122129031011,30,13,0.7142857142857143,114,20,226,42,3.2817795872688293,5.853904411422839,0.59008646
90.24999990101058,1.1650222788930629,0.3927049148488322,34,13,0.7142857142857143,115,21,232,41,3.0803892016410828,5.158612232755395,0.39219147
90.29999990083888,1.0187774329781434,0.24544083497845237,34,13,0.7142857142857143,110,20,227,42,2.833840548992157,5.217751483214936,0.45831168
90.34999990066716,1.4718288040360545,0.34929927760739055,38,13,0.7142857142857143,118,23,226,44,3.01230788230896,5.038212855480353,0.50727224
90.39999990049544,1.4281152094288998,0.554376360866502,28,13,0.6428571428571429,114,21,217,41,3.2217857241630554,5.228170450074554,0.5608116
90.44999990032372,1.5010492412281649,0.6340974216493664,31,12,0.6428571428571429,112,20,211,37,3.2926931977272034,5.762570705737655,0.44521636
90.49999990015202,1.4482669959380379,0.5034948448215375,39,12,0.6428571428571429,120,24,227,40,2.912394106388092,6.278806462756519,0.46762976
90.54999989998032,1.0276523804581559,0.32675077632100863,25,11,0.6428571428571429,108,18,215,40,3.192019462585449,6.2433671284571535,0.5356208
90.5999998998086,1.6456740229176328,0.5458003477513909,36,12,0.5714285714285714,121,21,232,44,3.111582398414612,5.277464651267607,0.41348645
90.64999989963688,1.525548350383861,0.5393374720823203,30,13,0.7142857142857143,107,19,220,41,3.2154572010040283,5.529163293094745,0.48338056
90.69999989946515,1.6451268922229312,0.7983674826997622,33,12,0.6428571428571429,124,20,228,42,3.04816871881485,5.084647894711356,0.39474759
90.74999989929346,1.5476216169220467,0.7798749418278245,35,12,0.6428571428571429,117,22,222,43,3.091583251953125,4.844928329908358,0.44576648
90.79999989912174,1.4943026382774727,0.6041995034477253,41,13,0.7142857142857143,121,22,225,41,2.7966725826263428,5.463583528208691,0.4986152
90.84999989895005,1.4384230761301215,0.9416109120082876,30,10,0.5714285714285714,112,21,225,40,3.1147870421409607,5.617949618841811,0.46817255
90.89999989877832,1.300838159729102,0.3950567944739233,44,13,0.7142857142857143,121,23,228,39,2.8843989968299866,4.844830462578615,0.4072166
90.9499998986066,1.4139636803734112,0.46965039453953583,35,12,0.6428571428571429,116,22,229,41,2.8009596467018127,4.690304872790536,0.36607432
90.99999989843488,1.5905285405267602,0.7796577331616323,33,13,0.7142857142857143,118,21,226,42,3.030986189842224,4.046237661727616,0.4737105
91.04999989826318,1.5177063134650712,0.6443376027518495,37,14,0.7857142857142857,119,22,216,42,3.112162947654724,4.193144364872028,0.4095909
91.09999989809147,1.3722231796169326,0.63204815286653,33,11,0.5714285714285714,117,20,229,43,3.045376241207123,3.7878875843282334,0.39256787
91.14999989791976,1.017750855776223,0.34933753734729156,31,12,0.7142857142857143,116,23,218,40,2.8914225101470947,5.121377050466238,0.5584616
91.19999989774804,1.1160294078464357,0.5469908554532065,35,13,0.7142857142857143,123,22,232,44,3.0185121297836304,4.7732347470955006,0.40409976
91.24999989757632,1.149328615674873,0.37848621994291143,39,13,0.7142857142857143,121,22,221,39,2.9129359126091003,4.803790266306089,0.4105684
91.29999989740462,1.349817060822267,0.6428859356176896,43,14,0.7142857142857143,120,23,231,43,2.855420708656311,4.892401108932409,0.51880145
91.3499998972329,1.4823025122117452,0.5966201761099068,35,12,0.6428571428571429,117,21,224,42,2.981705367565155,5.030756864697228,0.5088322
91.3999998970612,1.3731071282423521,0.6456680839692258,37,13,0.7142857142857143,114,20,216,41,2.89591521024704,4.8854599757508765,0.58440214
91.44999989688948,1.20375232695922,0.4792448244128068,42,12,0.7142857142857143,116,22,231,42,3.13774436712265,4.260275339933175,0.41275492
91.49999989671777,1.422224297472487,0.602560394384136,34,12,0.6428571428571429,123,23,228,42,2.936508357524872,4.672143316785187,0.33528543
91.54999989654605,1.5547569003994948,1.072157151146316,37,14,0.7142857142857143,124,22,244,45,3.2079562544822693,4.057359908750975,0.34229934
91.59999989637434,1.4112494637744226,0.7671241126485417,28,12,0.6428571428571429,112,19,230,42,3.0259859561920166,4.064029084440319,0.4229043
91.64999989620264,1.2879784198533197,0.5198701612931396,39,13,0.7142857142857143,118,22,236,43,3.2632991671562195,4.167505874615589,0.3150226
91.69999989603092,1.641030977420764,0.7954510581624439,39,13,0.7142857142857143,119,21,231,39,3.07582825422287,3.561916338410782,0.4167694
91.7499998958592,1.3558792529218793,0.6140578991244761,42,14,0.7857142857142857,121,21,243,42,3.2154637575149536,3.542422579406468,0.3686437
91.79999989568748,1.2936212187488394,0.588453000244195,47,13,0.7142857142857143,124,22,236,42,2.9704827070236206,4.077912190366906,0.3127134
91.84999989551578,1.0834764894746098,0.5193552157784762,41,13,0.7142857142857143,119,21,236,41,2.831021547317505,3.5652618779980916,0.40055874
91.89999989534407,1.1792683175404224,0.5691185344642002,45,14,0.7142857142857143,123,22,241,44,2.9339683055877686,3.5183082908245655,0.29625517
91.94999989517235,1.1605155737611068,0.5892605202378309,44,13,0.7142857142857143,126,22,231,43,2.891143262386322,3.610212684216094,0.3574002
91.99999989500064,1.08878903955302,0.46240668510806027,40,13,0.7142857142857143,116,22,229,40,3.075995445251465,3.5672448373879995,0.46718574
92.04999989482891,1.3970946671327833,0.5987548195626228,42,14,0.7857142857142857,119,23,236,43,3.044859766960144,3.1461236418679395,0.30922896
92.09999989465722,0.9426258392915081,0.4755342859020114,33,13,0.7142857142857143,112,20,227,41,3.1376582384109497,3.329935613485029,0.4560048
92.1499998944855,1.4571072084039667,0.9917319780752079,43,14,0.7142857142857143,114,22,239,44,3.120841085910797,2.969265434364008,0.34797275
92.1999998943138,1.0977761740307161,0.6995473416213926,37,14,0.7142857142857143,120,21,236,44,3.1043124198913574,2.967361434963083,0.4496376
92.24999989414208,1.2861236386815424,0.6930073567925522,34,11,0.5714285714285714,119,20,232,41,3.0211058259010315,3.1875171296232807,0.38308826
92.29999989397037,1.4933645951044268,0.9569428914826421,38,15,0.7857142857142857,116,20,236,43,3.190884590148926,2.994453241636892,0.4150554
92.34999989379864,1.4653461929064406,0.7530973780160592,29,14,0.7857142857142857,111,18,223,43,3.176530599594116,3.595479486958144,0.5608573
92.39999989362694,1.476755066889642,0.706406941422588,39,13,0.7142857142857143,118,19,225,41,3.0605655908584595,3.318771857163245,0.47497475
92.44999989345524,1.2247530248771554,0.45845681555678003,39,13,0.7142857142857143,112,21,223,42,3.1200674176216125,3.7198530753006764,0.43185923
92.49999989328352,1.149869521357114,0.5865749810140102,45,14,0.7857142857142857,126,23,237,43,2.8720051050186157,3.3831642493570424,0.31044382
92.5499998931118,1.0964894131406007,0.5667977063968792,37,13,0.7142857142857143,112,21,232,42,3.159005045890808,3.93531974077578,0.44293904
92.59999989294008,1.2987429150332788,0.7060437900710725,42,14,0.7142857142857143,128,24,237,43,3.14913809299469,3.631173569920554,0.34327835
92.64999989276838,1.1223967646953565,0.745793079889697,37,13,0.7142857142857143,118,22,231,42,2.8636834025382996,3.7944359162133257,0.47664452
92.69999989259667,1.0417573442282828,0.7718930907419063,37,13,0.7142857142857143,118,21,229,43,3.211471736431122,4.069086775226056,0.4277786
92.74999989242497,1.2521869170410227,0.7548060857720811,41,13,0.7142857142857143,116,20,223,40,2.9331576824188232,4.618461634272135,0.51992935
92.79999989225324,1.1967978566125308,0.6985050391350407,42,13,0.7142857142857143,120,22,228,41,2.9679498076438904,4.705890520973126,0.49188378
92.84999989208153,1.5090159920197137,0.7932363615228065,41,14,0.7142857142857143,117,20,225,41,3.1139689683914185,3.484010109069011,0.47330016
92.8999998919098,1.0474709613102393,0.4684709602345649,30,10,0.5714285714285714,116,20,225,41,2.9892542958259583,4.0529016877522395,0.47996023
92.9499998917381,1.2095850004549544,0.6461909298691135,32,13,0.7142857142857143,117,21,225,40,2.8756043314933777,3.9301788064212584,0.4843589
92.9999998915664,1.2191126120165636,0.5323222640051111,37,13,0.7142857142857143,120,21,224,39,2.9804345965385437,4.780713026577477,0.47457463
93.04999989139468,1.0754680943648922,0.42606164619942133,37,13,0.7142857142857143,113,22,230,41,2.9839885234832764,4.603812645921996,0.52222466
93.09999989122296,1.0896681203522647,0.47830770162516606,50,13,0.7142857142857143,122,23,232,42,3.038058876991272,4.734996181636539,0.37045157
93.14999989105124,0.7309866749918084,0.46152505515880793,30,12,0.6428571428571429,110,20,226,40,3.2640913128852844,4.589007212005107,0.51068854
93.19999989087954,1.380117633782514,0.5583971925513163,37,14,0.7857142857142857,118,20,233,44,2.776111364364624,4.569012729604802,0.394306
93.24999989070784,1.2446442005061928,0.5215774233173645,37,13,0.7142857142857143,119,22,227,41,3.0388808250427246,4.532902539045152,0.5135114
93.29999989053613,1.1802030916527526,0.7238593065784289,36,13,0.7142857142857143,117,21,227,41,3.199983239173889,5.317691564297302,0.5517298
93.3499998903644,1.100779373974456,0.56721892122456,35,13,0.7142857142857143,117,23,232,40,2.9517272114753723,4.867588943934731,0.4909417
93.39999989019267,1.3921073937402764,0.5986827052309485,46,15,0.8571428571428571,121,23,228,42,3.1436887383461,5.243705194222441,0.3644346
93.44999989002096,1.3834571896338295,0.6718403590271843,40,14,0.7857142857142857,122,23,232,42,2.8726115822792053,5.304790252499796,0.34853405
93.49999988984926,1.6420618244702623,0.9197392504978797,40,14,0.7857142857142857,115,23,229,42,3.107001781463623,4.869837050309691,0.4279084
93.54999988967757,1.635526814732706,0.7585461649229841,40,13,0.7857142857142857,129,24,235,43,3.1533634662628174,5.1899097975554564,0.19561982
93.59999988950584,1.4396423884909497,0.7732410024661416,33,13,0.7142857142857143,125,22,230,43,2.906796932220459,5.4785495481754065,0.43118855
93.64999988933413,1.2827751469811413,0.6458997369358893,40,13,0.7142857142857143,123,23,229,43,2.8654256463050842,5.697333575912618,0.36055547
93.6999998891624,1.1668416923725138,0.6047863746202147,43,13,0.7142857142857143,123,21,229,42,3.116406202316284,5.595152362270461,0.40019888
93.7499998889907,1.0212780132251018,0.5438916648902761,36,14,0.7857142857142857,122,21,230,41,2.8711149096488953,4.932344696655511,0.31342167
93.799999888819,1.355733745272799,0.7030601504703791,33,14,0.7857142857142857,116,19,222,39,3.1919413805007935,5.324075288742938,0.41271186
93.84999988864728,1.4512719508073424,0.8602034596202008,34,12,0.6428571428571429,123,24,229,41,3.303155303001404,5.41396059841305,0.36515582
93.89999988847556,0.82312525574393,0.7659827796726,35,12,0.7142857142857143,117,22,233,41,3.0586233735084534,5.652490015231262,0.49438244
93.94999988830384,1.8393082476856828,1.4842410662443928,30,13,0.6428571428571429,119,21,220,41,3.197430670261383,4.9494560399746845,0.51739675
93.99999988813214,1.149800650406434,0.7580496661542062,28,12,0.6428571428571429,116,21,227,43,3.1995388865470886,5.620708428922727,0.5165924
94.04999988796042,1.192780195727933,0.8750144663165965,27,12,0.6428571428571429,112,20,233,40,3.106619417667389,4.91174234403192,0.43300688
94.09999988778873,0.8171256127424698,0.5588573456239495,37,13,0.7142857142857143,121,22,223,41,3.014669418334961,5.484373656718935,0.48902926
94.149999887617,1.0829555058946143,0.3893108259441908,34,13,0.7142857142857143,115,21,219,40,3.143603205680847,6.305662812262698,0.5644887
94.19999988744529,0.9437573902058587,0.4866401383600541,40,13,0.7142857142857143,121,22,228,41,3.0476507544517517,5.59900612569626,0.47939733
94.24999988727356,1.1868397328645754,0.9649196523073844,38,12,0.5714285714285714,116,20,223,40,2.667478919029236,5.750893906268066,0.6578995
94.29999988710186,1.0059543698560283,0.7124813103007077,33,11,0.5714285714285714,110,21,216,41,3.168526291847229,6.065831632568335,0.64208925
94.34999988693016,0.968853971864676,0.47664146717373157,30,11,0.5714285714285714,107,19,216,40,3.0931687355041504,6.28768890481223,0.55433154
94.39999988675844,1.1618150454096876,0.6946296293266241,37,13,0.7142857142857143,114,19,225,42,3.1886452436447144,6.080053308198083,0.49734086
94.44999988658672,0.7309889063257781,0.5795940762102998,38,13,0.7142857142857143,114,23,219,40,3.0492791533470154,6.071536244576237,0.52364516
94.499999886415,0.8879848559558576,0.4705300966626942,35,12,0.6428571428571429,116,20,228,40,3.0938559770584106,5.47557929548562,0.48127037
94.5499998862433,0.6284144255610107,0.2859228417290563,32,12,0.7142857142857143,111,23,220,40,2.8970804810523987,5.796571369617549,0.6461423
94.5999998860716,1.1827212734444037,0.5576325797096289,37,12,0.6428571428571429,115,19,224,39,3.1486397981643677,5.308473625930521,0.5274912
94.64999988589989,1.1671383232633035,0.5421646200663297,26,12,0.6428571428571429,112,20,217,40,3.0931347608566284,5.192715063361035,0.51914525
94.69999988572816,1.2040617066859225,0.7353886164226121,26,11,0.6428571428571429,110,20,214,39,3.0781856179237366,5.4157396013476955,0.6110829
94.74999988555643,1.1161397686512722,0.4923796833468631,26,11,0.5714285714285714,107,20,220,41,3.162756562232971,5.713778303274593,0.61005735
94.79999988538472,1.219457768116141,0.43079126218548397,43,13,0.7142857142857143,122,25,220,40,2.7949342131614685,5.73202673608824,0.34036773
94.84999988521302,1.2185216479722751,0.5307709583164193,31,13,0.7142857142857143,114,18,223,41,3.2004398107528687,5.527717909726535,0.46237367
94.89999988504132,1.3620996411793085,0.5751190263946555,37,14,0.7857142857142857,120,23,233,43,3.0901995301246643,5.016282831228951,0.41120535
94.9499998848696,1.241299060154216,0.6859913971643448,29,12,0.7142857142857143,112,20,221,40,3.1054523587226868,5.177181762565164,0.5415925
94.99999988469789,1.0795730061568465,0.5475783046378191,45,14,0.7857142857142857,120,22,229,42,2.8847774863243103,5.125865220340495,0.35052592
95.04999988452616,1.2514495432220372,0.6707055051729951,34,12,0.6428571428571429,115,21,233,42,3.169121742248535,5.124027700397438,0.5626173
95.09999988435446,1.219000001069321,0.3841672649091444,34,12,0.6428571428571429,112,21,226,42,3.0437132716178894,5.119135483247765,0.56215936
95.14999988418276,1.458582107131784,0.7741184240242718,37,13,0.7142857142857143,118,21,234,41,3.2049092650413513,5.006373889918372,0.5108677
95.19999988401104,1.4759439242076842,0.6354429950229757,36,11,0.5714285714285714,117,23,230,41,3.092656135559082,5.232814675002944,0.5243827
95.24999988383932,1.438908673788244,0.6291840904529699,39,14,0.7857142857142857,121,21,226,42,2.94280081987381,5.060837052990337,0.45815372
95.2999998836676,1.276303591583102,0.36332681878218287,31,12,0.7142857142857143,111,21,216,42,3.1850123405456543,5.818656851706061,0.49991068
95.3499998834959,0.827018048131064,0.21196318476340398,35,13,0.7142857142857143,115,20,221,37,3.2204002141952515,5.511563191315174,0.49510604
95.39999988332418,1.6165911237187867,0.963706998468727,28,10,0.5,113,18,214,39,3.049015998840332,5.092480748869441,0.5946115
95.44999988315249,1.058671389548017,0.4301664509984009,35,12,0.7142857142857143,121,22,224,41,2.9938653111457825,5.076608575410795,0.5460782
95.49999988298076,1.0833882264403507,0.44813778769902396,32,12,0.6428571428571429,114,20,223,39,3.333098292350769,5.134290594270521,0.67766345
95.54999988280905,1.33848529290614,0.7551218817155454,29,14,0.7142857142857143,117,20,229,42,2.7761706709861755,4.750599998854792,0.56993234
95.59999988263732,1.0922750082943782,0.4137704373976225,40,13,0.7142857142857143,115,22,228,43,2.936457395553589,5.104883250638865,0.43209445
95.64999988246562,1.2189292128967302,0.7609779863746218,37,13,0.7142857142857143,117,21,230,42,2.9484781622886658,4.385125552000373,0.37482607
95.69999988229392,1.1462715579470297,0.5874850068047883,42,12,0.6428571428571429,112,19,224,41,3.054162561893463,4.822705963778144,0.49107987
95.7499998821222,0.7980273675839934,0.31139349055840304,44,13,0.7142857142857143,115,23,234,42,3.098471164703369,4.271889315495283,0.4738074
95.79999988195048,1.1121571187438157,0.4677240199492124,32,11,0.5714285714285714,114,22,220,41,3.048957884311676,4.743110721701633,0.49290735
95.84999988177876,1.1893267844440676,0.45637039131378393,37,13,0.7142857142857143,120,23,224,42,3.173741102218628,5.193886658923779,0.5325933
95.89999988160706,1.2574127617278508,0.5009349385971071,36,13,0.7142857142857143,112,20,225,40,3.1876668334007263,5.194901849129154,0.48373815
95.94999988143535,1.2491262543880188,0.6476876386072017,26,13,0.7142857142857143,122,20,216,44,3.0296915769577026,4.957700203667308,0.5421717
95.99999988126365,1.1530346658987114,0.28435907667782473,39,13,0.7142857142857143,122,23,226,41,2.780871093273163,5.401562451054982,0.44121432
96.04999988109192,1.223919432049171,0.48337998101040536,36,12,0.6428571428571429,114,20,225,44,2.993336319923401,5.030476094743328,0.49139732
96.09999988092021,0.9148426127506266,0.4063269139593894,30,13,0.7142857142857143,113,20,226,42,3.216295838356018,5.133494745288658,0.52979124
96.14999988074848,1.352522235752902,0.6259161104811494,40,14,0.7857142857142857,124,21,230,42,2.9386910796165466,4.2719607757274325,0.4002663
96.19999988057678,1.2934058089622127,0.564839643198729,32,13,0.7142857142857143,111,18,219,41,3.132922351360321,4.343943584234697,0.48159713
96.24999988040508,1.2190513152848808,0.39487967426423215,36,12,0.6428571428571429,120,22,232,42,2.958114743232727,4.369271644817836,0.4477418
96.29999988023336,1.1218072027635375,0.6468831611414871,31,13,0.7142857142857143,116,20,220,41,3.016362190246582,4.777794037211525,0.3951135
96.34999988006165,1.3844242759060608,0.6266407327664751,47,14,0.7857142857142857,125,23,221,39,2.856486737728119,4.332687265719537,0.44916868
96.39999987988992,1.2431658670984072,0.5836591942984983,34,14,0.7857142857142857,113,19,227,43,3.2738664746284485,4.884867180713677,0.55301243
96.44999987971822,0.8769590223633562,0.343101666355087,35,12,0.6428571428571429,117,21,228,42,3.029284179210663,4.484990808199205,0.38089514
96.49999987954652,1.151197125722971,0.41122133723774484,35,14,0.7857142857142857,116,19,229,41,3.155246675014496,4.557174551740193,0.2866012
96.5499998793748,1.3506838990657921,0.9816345848650498,31,11,0.5714285714285714,114,21,236,40,3.0776917934417725,3.787897363828625,0.496213
96.59999987920308,1.0211276970463876,0.557826769400492,32,12,0.7142857142857143,111,20,228,42,3.1217166781425476,4.3255814832093264,0.37889984
96.64999987903136,1.1796944895134605,0.9160576605224291,39,12,0.7142857142857143,118,21,222,39,3.2193154096603394,4.1781803034178555,0.33944753
96.69999987885966,1.2733493506122817,0.8032362045761225,37,12,0.7142857142857143,114,22,226,40,3.133419454097748,4.795170882212956,0.53740215
96.74999987868794,1.3249422890857838,0.47400039730670285,33,13,0.7142857142857143,113,20,219,39,2.71846204996109,5.263207414648692,0.4288056
96.79999987851625,0.854903028636639,0.2360819623254493,29,13,0.7142857142857143,113,20,219,40,3.1354519724845886,4.9969061639821,0.48783273
96.84999987834452,1.2823987591750288,0.7982289197419324,30,11,0.5714285714285714,104,20,216,41,3.1282222270965576,4.48959997828549,0.63930774
96.8999998781728,0.9742743111392438,0.6435464782002455,31,14,0.7857142857142857,121,20,228,39,2.8047943115234375,4.844718180189771,0.4880375
96.94999987800108,1.0469593966947073,0.543217542830516,31,12,0.6428571428571429,115,20,221,40,3.1469103693962097,5.080077294413279,0.4947648
96.99999987782938,1.1110007753555804,0.7346176696700686,35,14,0.7857142857142857,112,21,222,40,3.205614984035492,4.559760128764303,0.5602221
97.04999987765768,1.1043804280118201,0.19347037012875307,33,11,0.5714285714285714,113,19,229,43,3.0378708243370056,4.728012785480278,0.3982772
97.09999987748596,1.067074213668069,0.5563981108900043,34,12,0.6428571428571429,117,21,223,42,2.82471239566803,4.815063542456803,0.4457182
97.14999987731424,1.063397135810063,0.42744072425679147,40,13,0.7142857142857143,116,21,225,42,3.151392340660095,4.635106278705088,0.44213578
97.19999987714252,1.0754714688849851,0.41922834954454113,31,13,0.7142857142857143,105,18,215,40,3.0667611956596375,4.982866294982955,0.6212951
97.24999987697082,1.103456011270713,0.40312171560742516,42,15,0.8571428571428571,119,23,224,41,3.039053976535797,4.769119643734072,0.4442845
97.2999998767991,1.20575578374879,0.6250406714125912,36,13,0.7142857142857143,109,19,232,43,3.0358317494392395,4.018174884096197,0.5809028
97.34999987662741,1.476748545449687,0.6468750984450964,34,12,0.6428571428571429,122,20,224,45,3.152455687522888,3.3115491633776806,0.4591171
97.39999987645568,1.20949080551097,0.4910066920468843,33,12,0.6428571428571429,120,22,221,38,3.185598850250244,3.610594176117319,0.51278114
97.44999987628397,1.2951852966647142,0.6345607197478011,40,14,0.7857142857142857,118,22,228,42,3.1656166911125183,3.838659097810666,0.4680863
97.49999987611226,1.066974587058008,0.5293481883775246,31,11,0.5714285714285714,118,24,223,39,3.1854477524757385,4.227548486834882,0.52067024
97.54999987594054,1.0715971139395861,0.4907935701278033,34,13,0.7142857142857143,114,21,221,43,3.2557883858680725,4.270235633635089,0.5170833
97.59999987576884,1.1288623566391085,0.504196323143635,42,15,0.8571428571428571,127,22,225,43,3.220658302307129,4.1607957665512885,0.432167
97.64999987559712,1.2032743808067312,0.6501964684488162,36,12,0.6428571428571429,115,21,226,43,2.7158236503601074,3.8804649374401023,0.49150476
97.6999998754254,1.096621658358949,0.5673808637707725,31,11,0.6428571428571429,108,20,230,43,3.2388362288475037,4.169451275507408,0.5739775
97.74999987525368,0.9704246848141075,0.6878346360442001,38,13,0.7142857142857143,117,20,232,43,3.007918894290924,3.5975139687149493,0.47675836
97.79999987508198,1.1908395366121467,0.6580737762437352,42,13,0.7142857142857143,120,22,229,42,3.327897787094116,4.0846781742570215,0.4108864
97.84999987491027,1.3107413316925207,0.5178317037293556,32,12,0.6428571428571429,110,20,222,42,3.158067762851715,4.282034297766968,0.53839946
97.89999987473855,0.9470545271979892,0.5635696546383872,30,11,0.6428571428571429,112,20,223,43,3.2183781266212463,3.994870119871061,0.57833725
97.94999987456684,1.2390127379044613,0.5700929699860029,39,12,0.7142857142857143,115,20,228,44,2.9547423124313354,3.8052930320085476,0.40488803
97.99999987439512,1.1205480218153971,0.5788707129634633,38,11,0.6428571428571429,112,19,221,42,2.9475924372673035,3.7898672121482324,0.42493165
98.04999987422342,0.9804527320226812,0.511465309114162,39,14,0.7857142857142857,119,20,221,39,3.0294930934906006,4.176355858009826,0.5227358
98.0999998740517,1.2383820819816183,0.8663991837828429,30,13,0.7142857142857143,116,21,227,44,3.302927017211914,3.6542382402186036,0.5001598
98.14999987388,1.0604409556195968,0.6639312384926764,39,12,0.6428571428571429,112,21,227,40,3.1886085867881775,4.348706774724889,0.55438066
98.19999987370828,1.552565318195509,0.7279090454592819,41,13,0.7142857142857143,113,19,226,44,3.074634373188019,3.7337603744657244,0.39295876
98.24999987353657,1.0782130248308899,0.7410469742229487,28,10,0.5714285714285714,104,20,214,42,2.9971885681152344,3.5649925250571712,0.6440435
98.29999987336485,1.2228894984774834,0.5979271384162619,32,12,0.6428571428571429,111,21,213,42,3.2980096340179443,4.237006413460005,0.7208532
98.34999987319314,1.2358858287594565,0.8533186824425079,31,12,0.6428571428571429,111,19,218,40,2.950962781906128,3.696359326707457,0.677715
98.39999987302144,1.2923297185325178,1.0398338558451912,39,13,0.7142857142857143,112,21,224,41,3.049752414226532,3.4911413979956496,0.6175699
98.44999987284972,1.2575250711533044,0.8923504641492831,42,13,0.7142857142857143,121,22,229,42,3.096264600753784,3.7945875940516327,0.47228494
98.499999872678,1.3357911540299374,0.9396536562840512,29,12,0.5714285714285714,114,20,222,43,3.2071292400360107,3.1488080528835205,0.6161211
98.54999987250628,1.0334619690309674,0.5377812251449069,35,11,0.6428571428571429,109,21,228,42,3.026571273803711,3.0561010791067122,0.53198624
98.59999987233458,1.101577702037904,0.5469209555134309,28,12,0.6428571428571429,116,21,222,42,3.0679193139076233,2.903520980709091,0.60193855
98.64999987216287,1.3016784277191005,0.968672304755567,40,14,0.7857142857142857,113,22,228,41,3.181455135345459,2.46284732584944,0.5927832
98.69999987199117,1.0825180007745407,0.7232354258290552,30,13,0.7142857142857143,112,19,231,40,3.2606878876686096,3.596405560494098,0.50133646
98.74999987181944,1.2421651366907662,0.5658336825257873,43,13,0.7142857142857143,117,21,239,42,2.9817330837249756,4.351586755861128,0.5923773
98.79999987164773,1.4980752909932886,0.6693110570066453,40,14,0.7142857142857143,124,21,239,44,3.081401288509369,3.543070997778379,0.4837769
98.849999871476,1.1322430216983421,0.589551899226688,36,12,0.6428571428571429,113,21,216,39,3.008405864238739,3.973329216957744,0.6188705
98.8999998713043,1.0759188416062908,0.5783299945184421,35,14,0.7857142857142857,118,21,218,41,3.1173130869865417,4.657716143704507,0.48042887
98.9499998711326,1.3182968861037834,0.8450565898947148,33,13,0.7142857142857143,109,18,217,41,3.1170400977134705,4.67463962825077,0.53636074
98.99999987096088,1.1424702723148805,0.5130081242747233,27,13,0.7142857142857143,112,20,222,43,3.08686763048172,4.791679233187089,0.5701228
99.04999987078916,1.2619828455511486,0.5933551468498287,41,13,0.7142857142857143,120,23,235,42,2.9756960272789,4.408869026099538,0.4548801
99.09999987061744,1.364532633911588,0.7756615512165309,31,13,0.7142857142857143,117,20,228,39,2.8817006945610046,5.117258785312329,0.4764527
99.14999987044574,1.3586836442373138,0.7630341097658361,36,14,0.7857142857142857,121,23,224,39,3.086012303829193,5.187012027440643,0.4235555
99.19999987027404,1.1320920214084567,0.6105422912512107,42,14,0.7857142857142857,121,23,232,40,3.1339851021766663,5.239563562200091,0.45100042
99.24999987010231,0.8085939088824218,0.29550163814884906,37,13,0.7142857142857143,121,23,237,42,3.00502210855484,5.268964890024792,0.45268705
99.2999998699306,1.1042882690327462,0.5705346743431726,33,12,0.6428571428571429,115,20,229,42,3.136225938796997,4.995152957551365,0.50317407
99.34999986975888,1.4508027112820208,0.7110823685387067,35,13,0.7142857142857143,123,22,228,42,3.020930588245392,4.971161508152138,0.5042784
99.39999986958718,1.147180430894655,0.49203177150075855,41,14,0.7857142857142857,115,23,235,40,3.0731114745140076,4.9491844872085,0.40388379
99.44999986941546,1.1344041960842506,0.5574302583424776,39,13,0.7142857142857143,119,22,233,39,3.056468367576599,5.157322912202673,0.5135431
99.49999986924377,1.2265280039382516,0.6570473990844827,36,13,0.7142857142857143,111,19,232,41,3.0464959144592285,5.222477887926633,0.47406486
99.54999986907204,0.999649888814354,0.528768812870498,43,13,0.7142857142857143,120,23,238,43,3.1807762384414673,4.7668529113583435,0.48190403
99.59999986890033,1.2005960174935757,0.6090108674214736,39,14,0.7857142857142857,126,23,231,40,3.1035807728767395,4.557674563425342,0.36148807
99.6499998687286,1.2137267873325177,0.5804518150133806,38,14,0.7857142857142857,118,21,232,41,3.1179893016815186,4.182985617538488,0.42601383
99.6999998685569,1.3584937532817611,0.6609799113723615,46,12,0.6428571428571429,121,21,234,43,3.0536597967147827,4.046374982726322,0.36676446
99.7499998683852,1.2849913435986302,0.42223356772557313,30,13,0.7142857142857143,115,21,228,41,3.170294165611267,4.68448556567477,0.4692338
99.79999986821348,1.3453142359525982,0.4048746562329822,40,12,0.7142857142857143,116,21,237,42,3.029923141002655,5.037908079607538,0.44091874
99.84999986804176,1.3632139540518797,0.6645179026368517,44,15,0.8571428571428571,127,23,242,43,2.95085072517395,4.630979336474317,0.23976147
99.89999986787004,1.296855085148923,0.6584484654969448,38,14,0.8571428571428571,117,19,234,41,3.13035249710083,5.053526051170065,0.43946126
99.94999986769834,1.0678380382238473,0.7128736507105072,40,13,0.7142857142857143,126,22,235,42,3.006635904312134,4.736261080832973,0.39509666
