time_ns,protein_core_rmsd_A,backbone_rmsd_A,ligand_pose_rmsd_A,ligand_internal_rmsd_A
0.0,0.0,0.0,0.0,0.0
0.05000000001018634,0.5264486,0.78455913,0.5895262,0.3150164
0.10000000002037268,0.6980681,1.2030046,0.72991395,0.3619291
0.15000000003055902,0.60360146,1.1549717,0.9200129,0.3819077
0.20000000004074536,0.6655518,0.8862669,1.078685,0.3773375
0.2500000000509317,0.6809508,1.1081716,0.7273462,0.27669126
0.30000000006111804,0.7440626,1.2052795,0.94468975,0.25658274
0.3500000000713044,0.76018757,1.0671062,1.3686973,0.51322806
0.4000000000814907,0.6425772,1.0103813,1.0422648,0.50259227
0.45000000009167707,0.77377987,1.1728252,1.0662315,0.4517977
0.5000000001018634,0.86952007,1.2584268,1.5765171,0.49120966
0.5500000001120497,0.76516867,1.1033387,1.1773341,0.174225
0.6000000001222361,0.83499074,1.1831628,1.3689733,0.2152531
0.6500000001324215,0.789935,1.2235997,1.3925391,0.37575942
0.7000000001426079,0.9092313,1.3607575,1.2090824,0.34390447
0.7500000001527942,0.7760742,1.0801564,0.695894,0.34770185
0.8000000001629806,0.6966099,1.2087028,1.2062476,0.34652358
0.8500000001731669,0.77793247,1.1838211,0.91965246,0.36052528
0.9000000001833532,0.7913326,1.2823999,1.0188224,0.2716205
0.9500000001935396,0.724392,1.198063,0.6826353,0.28368193
1.000000000203726,0.8023289,1.2568984,0.9008878,0.24535455
1.0500000002139123,0.8565607,1.1510075,0.9064609,0.70997894
1.1000000002240986,0.90038186,1.4088109,1.1995841,0.7402687
1.150000000234285,0.79634315,1.396197,1.1884521,0.72026163
1.2000000002444713,0.8263138,1.4628636,1.157747,0.7611166
1.2500000002546576,0.7195467,1.3290374,1.1799799,0.7242736
1.300000000264844,0.63786364,1.2037854,1.1834462,0.7600605
1.3500000002750303,0.76987207,1.1821893,1.0632313,0.7343662
1.4000000002852167,0.85287124,1.3586211,1.1782361,0.7884263
1.450000000295403,0.68407,1.2186294,1.1921653,0.6107541
1.5000000003055893,0.7290418,1.4599441,1.1524265,0.51781726
1.5500000003157757,0.7751269,1.162755,0.5540892,0.35386854
1.600000000325962,0.7360372,1.376837,1.1552069,0.7621917
1.6500000003361501,0.8736264,1.6719519,0.97614175,0.72891414
1.700000000346333,0.86185545,1.6437219,1.1047885,0.76268125
1.750000000356521,0.81920475,1.359074,1.1984042,0.7350925
1.8000000003667074,0.80953515,1.2553805,1.1770146,0.7200095
1.8500000003768937,0.825663,1.4290056,1.3957487,0.77182066
1.90000000038708,0.8566218,1.450225,1.5358449,0.8011591
1.9500000003972664,0.8358187,1.4066154,1.2153076,0.5430317
2.0000000004074545,0.86422443,1.3018781,1.1837566,0.5648174
2.0500000004176373,0.8375844,1.3359139,1.1168023,0.53602076
2.1000000004278254,0.9772458,1.4870701,1.3645256,0.55317694
2.1500000004380118,0.9580976,1.3729744,1.6983055,0.5360259
2.200000000448198,0.86678743,1.2736666,1.3369875,0.2328638
2.250000000458386,0.97435707,1.3740542,1.1539751,0.2943334
2.300000000468569,1.0040216,1.3802732,1.5457602,0.7053672
2.350000000478757,1.070052,1.4585099,1.595297,0.583142
2.4000000004889435,1.0175878,1.4198728,1.3142263,0.2606638
2.45000000049913,1.1199255,1.5591692,1.0626687,0.30523813
2.500000000509316,0.76791203,1.3459227,0.9137649,0.27279955
2.5500000005195025,0.9360353,1.5057948,1.1900994,0.24090402
2.6000000005296906,0.92170525,1.4962316,0.8961839,0.20128709
2.6500000005398734,0.9031343,1.4388531,0.7646806,0.32272342
2.7000000005500615,0.8356974,1.456868,0.6404099,0.40009278
2.750000000560248,0.8503505,1.4547241,0.7474593,0.26636386
2.800000000570434,0.99317676,1.5680187,1.5437852,1.0706831
2.8500000005806223,0.9815146,1.5107145,1.3876332,0.91193926
2.900000000590805,0.8863174,1.3065617,1.3406363,0.8564859
2.950000000600993,0.9584194,1.4947872,1.5812002,1.0028985
3.0000000006111796,0.8621308,1.3972118,1.7624474,0.9507548
3.050000000621366,0.89796513,1.4590739,1.3030863,0.9051052
3.1000000006315522,0.9235369,1.4652202,1.5916564,0.8848592
3.1500000006417386,0.9605613,1.3479544,1.7977779,1.0316957
3.200000000651925,0.93013436,1.361126,2.1962092,1.017995
3.2500000006621113,0.9171817,1.2788944,1.867053,1.0246911
3.3000000006722976,0.9960821,1.5020956,1.6149248,1.0269178
3.350000000682484,0.9272255,1.5461831,1.5146337,0.89369726
3.4000000006926703,0.876022,1.349101,1.6831017,0.91929734
3.4500000007028584,0.942624,1.4446299,1.5045545,1.0700414
3.500000000713041,0.8589274,1.3088367,1.549741,1.0262774
3.5500000007232293,0.98984087,1.4252771,1.4953818,0.7589436
3.6000000007334156,1.0847125,1.4588755,1.663286,0.81607044
3.650000000743602,1.0118542,1.6449385,1.4712392,0.9468435
3.70000000075379,0.96946824,1.5431024,2.1650624,1.03725
3.750000000763973,1.1119221,1.6706545,1.7299904,0.9457649
3.800000000774161,0.9423175,1.5550318,1.3617678,0.78013414
3.8500000007843473,1.0120945,1.6021035,2.204042,1.0735211
3.9000000007945337,0.92681277,1.5106354,2.75943,1.0855542
3.95000000080472,0.8902264,1.409992,1.7097058,1.0576447
4.000000000814906,1.0086267,1.5958251,1.7081594,1.0260388
4.0500000008250945,1.109063,1.6762788,2.1406498,0.8608452
4.100000000835277,0.9015333,1.5393604,1.8298872,0.8659538
4.150000000845465,1.0212135,1.5474439,2.037967,0.76092255
4.200000000855652,0.9115922,1.4615688,1.2874491,0.64859176
4.250000000865838,0.9368793,1.3614672,1.9933355,0.78384554
4.300000000876026,0.9254109,1.3784939,1.5836587,0.75894606
4.350000000886209,0.99287325,1.4283198,1.5220474,0.7689735
4.400000000896397,1.0000433,1.3784517,1.9830675,0.4974297
4.450000000906583,0.9086813,1.5140016,1.5220888,0.7596296
4.50000000091677,1.1332777,1.7148347,1.8579493,0.71169853
4.550000000926956,0.9972078,1.3637583,1.4135728,0.7268442
4.6000000009371425,0.9794115,1.4213789,1.4450421,0.5465932
4.650000000947331,1.056205,1.5516455,1.6692222,0.7732712
4.700000000957513,1.0011023,1.5016501,1.4096062,0.7355652
4.7500000009677015,0.96632034,1.4190938,1.2214929,0.731096
4.800000000977888,1.044508,1.5823052,1.1688321,0.73882544
4.850000000988074,1.0645617,1.5098271,1.317667,0.71758306
4.900000000998262,1.1524225,1.7246959,1.2623599,0.7523311
4.950000001008445,1.0795563,1.5949739,1.3265389,0.7178194
5.000000001018633,1.0763946,1.6279335,1.1915364,0.760532
5.0500000010288195,1.0059873,1.5073322,1.4842068,0.77593833
5.100000001039006,1.0039271,1.4533805,1.5415924,0.5234376
5.150000001049192,0.93068933,1.3480722,0.83875537,0.5043662
5.2000000010593785,0.93049717,1.4005035,1.1990765,0.26045617
5.250000001069565,0.919602,1.4890105,1.3973131,0.7577247
5.300000001079751,1.0176433,1.4948065,1.4164168,0.52318
5.350000001089938,1.0415418,1.4242616,1.543283,0.49549028
5.400000001100124,0.9675245,1.5111905,1.072689,0.5096384
5.45000000111031,0.98989666,1.5191458,1.5522337,0.53847855
5.500000001120498,0.9102932,1.420991,0.9730268,0.44597563
5.550000001130681,1.0395558,1.5568688,1.1643547,0.73300755
5.600000001140869,1.0465316,1.559913,1.4366305,0.73718154
5.650000001151056,0.88909066,1.4143078,1.3539993,0.712206
5.700000001161242,0.9580561,1.489942,0.904001,0.72421026
5.75000000117143,1.0099963,1.437305,1.642148,0.61848545
5.800000001181615,1.033843,1.5501736,1.3763671,0.41454387
5.850000001191801,0.9709451,1.5691888,1.3778267,0.27186686
5.900000001201987,0.9149602,1.4221327,1.324426,0.34880513
5.950000001212174,0.8760005,1.5258716,1.1220504,0.33600923
6.00000000122236,0.85742986,1.3181214,1.0118135,0.17058694
6.050000001232546,0.9858824,1.4287553,1.6904688,0.40349334
6.1000000012427344,0.9725568,1.4029863,1.9081873,0.66793835
6.150000001252917,1.0089185,1.4934789,1.8027995,0.66711
6.200000001263105,1.0305264,1.4396801,1.720512,0.58188736
6.250000001273292,0.9588813,1.3877827,1.7308846,0.8161098
6.300000001283478,1.179501,1.6474439,1.4920204,0.7693693
6.350000001293666,1.1719356,1.8529079,1.8849165,0.5310278
6.400000001303849,1.2582701,1.6678418,2.3305852,0.79487693
6.450000001314037,1.1954069,1.7335174,2.0137296,0.7270801
6.500000001324223,1.1016895,1.7419904,1.42954,0.80129296
6.55000000133441,1.0298432,1.5424485,1.5810782,0.61243933
6.600000001344596,1.1166302,1.6302822,1.3404231,0.55704737
6.650000001354782,0.9951642,1.5777421,1.3911781,0.7728394
6.7000000013649705,1.1039226,1.7895784,2.3890169,0.7241571
6.750000001375153,1.1910082,1.6954739,2.3484669,0.54303676
6.800000001385341,1.1142176,1.647465,2.7323935,0.76111054
6.850000001395528,1.0850049,1.6236819,1.6146123,0.60000086
6.900000001405714,0.9857863,1.6521348,1.9027338,0.622623
6.950000001415902,1.0509541,1.4786749,1.5404254,0.64833015
7.000000001426085,0.9780383,1.6308482,1.5685874,0.5896489
7.050000001436273,0.90167415,1.5125659,1.56048,0.5954136
7.1000000014464595,0.9666867,1.6456093,1.5549507,0.76933116
7.150000001456646,0.86494935,1.5707698,1.8142556,0.6030543
7.200000001466832,1.0213696,1.6358973,1.8161571,0.78295714
7.2500000014770185,0.96542335,1.7487242,1.3698648,0.6746333
7.300000001487205,0.89666545,1.7028087,1.8550433,0.7698983
7.350000001497391,0.98997587,1.68818,2.8705013,0.4054318
7.4000000015075775,0.95380354,1.7006836,2.630181,0.5770751
7.450000001517764,0.9829498,1.5674156,2.7668002,0.4296768
7.50000000152795,0.9977664,1.4766997,2.7945387,0.4195767
7.550000001538138,0.91045165,1.407968,2.7283204,0.4835957
7.600000001548321,0.8728819,1.3821793,2.2002625,0.53310454
7.650000001558509,0.8463163,1.4666438,3.0658314,0.5705084
7.700000001568696,1.0056789,1.4293314,2.8956356,0.47468486
7.750000001578882,1.09595,1.6244583,2.5128903,0.46246943
7.80000000158907,0.960683,1.5161304,2.4293323,0.49298552
7.850000001599255,1.0458902,1.5729673,2.8830867,0.6969777
7.900000001609441,0.91143155,1.6373417,2.9132047,0.6601958
7.950000001619627,0.91922814,1.4795054,2.7160506,0.5608829
8.000000001629813,0.93278337,1.4024808,2.605072,0.50848377
8.050000001639999,1.0915613,1.5376633,2.833035,0.68285954
8.100000001650185,1.108663,1.4657772,2.7223477,0.8212007
8.150000001660372,1.0074571,1.5005034,2.819971,0.86192894
8.200000001670556,1.0679744,1.8193418,2.745904,1.018185
8.250000001680746,1.0742162,1.6828237,2.9226043,0.7117964
8.300000001690933,1.0825056,1.6899515,2.8676808,0.80457413
8.350000001701119,0.9619423,1.5355701,1.936481,0.9347003
8.400000001711305,0.9007987,1.6443198,2.0166745,0.96419835
8.450000001721488,1.0683057,1.4966232,2.0628743,0.9923297
8.500000001731678,1.0230621,1.5133753,2.0454762,0.9140766
8.550000001741864,0.90685785,1.58075,1.8742015,1.0143313
8.60000000175205,1.0671499,1.6373663,2.5475426,0.8512235
8.650000001762237,1.0556744,1.6334286,2.852775,0.90921426
8.700000001772423,1.1697478,1.769376,2.3608747,0.9193971
8.75000000178261,0.9967807,1.7327845,1.7032682,1.0132105
8.800000001792792,1.0547533,1.8201064,1.7845955,0.94383645
8.850000001802979,0.98601234,1.7379386,1.9324656,0.9433923
8.900000001813165,1.0657812,1.8557591,2.0130901,0.93335336
8.950000001823351,0.9715685,1.9652934,1.8999426,0.9236402
9.000000001833538,1.0036938,1.897518,1.6887283,0.9577084
9.050000001843724,1.0367773,1.8403659,2.2050385,0.94518113
9.10000000185391,1.0490267,1.8150375,1.8042982,0.97574806
9.150000001864097,0.9481483,1.6031708,1.9623147,0.8634574
9.200000001874283,1.0605133,1.9337511,3.3719087,1.0718277
9.25000000188447,0.9799622,1.795951,3.5225945,1.0665513
9.300000001894656,0.91203815,1.6495924,3.355346,1.0402145
9.350000001904842,0.9813934,1.5555711,3.6712904,1.033376
9.400000001915028,0.86782146,1.4687912,3.6388144,1.0561688
9.450000001925215,0.96708125,1.6205119,3.414693,1.0766872
9.500000001935401,1.0772815,1.7650075,1.6421545,0.8619672
9.550000001945588,0.8784658,1.5078377,2.1593497,0.981564
9.600000001955774,0.9142276,1.5770116,1.653033,1.0919417
9.65000000196596,1.0265272,1.6759248,1.6208373,0.9569354
9.700000001976147,1.0074112,1.549409,2.116198,1.0909352
9.750000001986333,1.0253259,1.6869609,2.0681572,1.0607682
9.80000000199652,0.8809593,1.63233,1.657639,0.8983609
9.850000002006706,0.8278602,1.5155579,2.4105752,1.0900313
9.900000002016892,0.96571183,1.571232,1.8125553,1.0366904
9.950000002027078,0.82367265,1.5718987,1.4877572,0.9535881
10.000000002037265,0.80877095,1.5744076,2.0289254,1.0805699
10.050000002047451,0.9046756,1.5876775,1.6329756,0.9594208
10.100000002057637,0.90172774,1.5790254,1.653781,1.09735
10.150000002067824,0.83813083,1.7080739,1.4423776,1.053461
10.20000000207801,0.8563534,1.6102977,1.4335071,1.0591947
10.250000002088196,0.94140476,1.8600322,1.8251438,0.97123796
10.300000002098383,0.83138496,1.9901454,1.4777255,1.0463811
10.350000002108569,0.81049734,1.8059384,1.3373094,1.0354273
10.400000002118755,1.0006979,1.8489585,1.7628473,1.0323993
10.450000002128942,1.0535992,1.7785645,1.6955452,0.9409669
10.500000002139128,0.9163677,1.7550035,1.6099858,1.0508035
10.550000002149318,0.8591134,1.6012619,1.6766696,1.0618914
10.6000000021595,0.87245655,1.5363419,1.5017707,0.8930045
10.65000000216969,0.93401253,1.5314006,1.6607318,0.99619323
10.700000002179873,0.78306663,1.3943017,1.5900269,0.8906787
10.75000000219006,0.8653482,1.4989156,1.3618209,0.8001741
10.800000002200246,1.0068439,1.6396334,2.0000055,1.0283661
10.850000002210432,0.8355259,1.6352421,1.576849,1.048135
10.900000002220619,0.94653696,1.6163337,1.7967079,0.9616223
10.950000002230805,0.83814096,1.5016587,1.5888541,1.0754865
11.000000002240991,0.937158,1.686369,1.6534195,1.1256454
11.050000002251178,0.87664247,1.752776,1.4442991,1.0576569
11.100000002261364,0.8249581,1.7473055,1.3256559,0.84694797
11.15000000227155,0.9553743,1.7439008,1.6508502,1.0078357
11.200000002281737,0.8705554,1.480892,1.4279308,1.062463
11.25000000229192,0.74975693,1.3989495,1.2522142,1.0400435
11.30000000230211,1.0382192,1.5031654,2.1803925,0.9741613
11.350000002312292,1.0378803,1.5583438,1.6182375,0.9689438
11.400000002322482,0.8867269,1.4935837,1.7277677,1.0679853
11.450000002332668,0.99235624,1.5509515,1.6820322,0.9503159
11.500000002342851,0.9354875,1.5999367,1.3734745,1.034575
11.550000002353041,0.9486348,1.5096878,1.554482,1.0159897
11.600000002363227,1.0201179,1.6012954,2.7756808,0.9138238
11.650000002373414,0.926265,1.5744777,3.007549,0.78736126
11.7000000023836,1.0212631,1.531513,2.6804724,0.7802317
11.750000002393787,0.9214821,1.4583677,2.3284552,0.80282956
11.80000000240397,0.91447324,1.4723511,1.7963936,1.1450442
11.85000000241416,1.0693457,1.6333383,2.7527075,1.0544779
11.900000002424346,0.9302395,1.4874417,1.9805025,0.91523653
11.950000002434532,0.9787542,1.7017012,1.7307377,0.94858223
12.000000002444722,1.0020957,1.5618839,2.4429617,1.062954
12.050000002454905,1.0119119,1.6371114,1.7574674,1.00548
12.10000000246509,0.94018304,1.5355982,2.3553903,0.94904613
12.15000000247528,1.0193353,1.4885156,2.0756097,1.0547544
12.200000002485464,0.9451417,1.5502517,1.9860381,0.9753946
12.25000000249565,1.02183,1.4662693,2.5325842,0.9438073
12.300000002505836,0.99242043,1.4905311,3.3846653,1.0180436
12.350000002516023,0.97735614,1.5751928,2.5756621,0.88326186
12.400000002526209,0.9373582,1.6730297,2.2162795,1.0562227
12.450000002536395,1.0750093,1.6482888,3.0849423,1.0469217
12.500000002546582,1.1022397,1.6206567,3.5229425,1.0492499
12.550000002556768,1.165572,1.6211455,3.182932,0.9255136
12.600000002566958,1.0179827,1.536967,2.996274,0.9272499
12.65000000257714,1.1877514,1.633184,3.2494464,0.86870164
12.70000000258733,1.1521938,1.59185,2.8013391,0.76499104
12.750000002597513,1.168737,1.6575978,2.9589274,0.94659746
12.8000000026077,1.3096757,1.7975216,3.547954,0.8701655
12.850000002617886,1.2277497,1.7468327,3.8428533,0.8815929
12.900000002628072,1.1222923,1.5583975,3.2029576,0.9812715
12.950000002638259,1.2165225,1.6363763,3.9502983,0.9600743
13.000000002648445,1.0768286,1.5246658,3.301845,0.86862034
13.050000002658631,1.1096131,1.5085633,3.3546426,0.8095688
13.100000002668818,1.0498545,1.5324956,2.0314085,0.87787163
13.150000002679004,1.0403624,1.6126035,2.0244927,1.0280049
13.20000000268919,1.1060082,1.5316142,2.2358024,1.0564424
13.250000002699377,1.0238409,1.4705652,2.3738215,0.9099099
13.30000000270956,1.0218129,1.4631782,1.7873095,1.0480449
13.35000000271975,0.9577029,1.5742589,2.0410783,1.0506604
13.400000002729932,1.0748961,1.6252055,1.8234279,1.109289
13.450000002740122,1.0765821,1.5687308,2.1386297,1.0801437
13.500000002750308,1.1052858,1.4727707,1.8676745,0.9624392
13.550000002760491,1.0625238,1.4611974,1.9398535,1.0093577
13.600000002770681,1.0020696,1.4843233,2.1940484,0.9070635
13.650000002780867,0.97812897,1.3904283,1.8410248,0.9696788
13.700000002791054,0.9661993,1.4770653,1.5385869,1.0841562
13.75000000280124,0.96062297,1.3910687,1.7274983,0.93498474
13.800000002811426,0.9975176,1.4762902,1.9296851,0.88641644
13.85000000282161,1.0271299,1.5141008,1.5408452,0.9259575
13.9000000028318,0.94220585,1.5161062,1.1987755,0.75262964
13.950000002841985,1.0805153,1.6955366,2.5996802,0.8317203
14.000000002852172,1.103411,1.5941415,2.1979227,0.9156423
14.050000002862362,0.9707546,1.6795646,2.0336964,1.0660722
14.100000002872545,1.0924686,1.6003723,2.0691385,1.0022135
14.15000000288273,1.0455936,1.4555812,1.967762,1.011164
14.20000000289292,1.1353438,1.6581215,2.402501,0.98645556
14.250000002903104,1.3417222,1.7172022,2.7710218,1.0122235
14.30000000291329,1.172632,1.6037223,2.2419178,1.0173147
14.350000002923476,1.0761654,1.5467955,2.0196826,0.9207735
14.400000002933663,1.1645417,1.5828699,2.1125326,0.8377031
14.450000002943849,1.2080793,1.5553524,3.1388068,1.0158516
14.500000002954035,1.0255744,1.4596362,2.204688,0.8618566
14.550000002964222,1.0225984,1.2974166,2.3411677,0.8940584
14.600000002974408,1.0566739,1.3898306,2.8066115,1.0630058
14.650000002984598,0.96264935,1.4572216,2.055783,1.0585823
14.70000000299478,0.9605653,1.5052146,2.242691,0.9865335
14.75000000300497,0.9587949,1.5030836,2.5148735,1.0375974
14.800000003015153,0.9277116,1.4086628,2.1386907,0.8692609
14.85000000302534,0.9695634,1.6277342,1.7883195,1.0180418
14.900000003035526,1.0768969,1.6876668,1.9664694,0.94146377
14.950000003045712,0.94107157,1.6394299,2.075856,0.9350995
15.000000003055899,0.8644413,1.5390824,1.4116442,1.0070684
15.050000003066085,0.95040727,1.4059054,1.9332372,1.0705684
15.100000003076271,0.9772456,1.5382848,1.7767658,1.0661377
15.150000003086458,0.99584436,1.6842293,1.6002064,1.0860313
15.200000003096644,1.0056983,1.615279,2.2867422,0.91706127
15.25000000310683,0.89929795,1.4051962,1.5218197,1.0757124
15.300000003117017,0.9722244,1.3039266,2.27435,0.9188614
15.3500000031272,1.0028253,1.443056,1.792129,1.0192742
15.40000000313739,0.985168,1.404124,1.5058833,0.91400236
15.450000003147572,0.935157,1.425587,2.909649,0.8778038
15.500000003157762,1.1117165,1.4330907,2.9746163,0.88498044
15.550000003167948,1.051455,1.4532803,3.1165206,1.047939
15.600000003178131,1.0377567,1.5368795,3.1626418,0.92870945
15.650000003188321,0.96097875,1.410417,3.081435,1.0215155
15.700000003198507,0.9744889,1.3732023,2.9158018,0.92071176
15.750000003208694,1.0418872,1.5083606,2.999949,0.86208
15.80000000321888,1.0263245,1.4320772,2.9255342,1.0713964
15.850000003229066,0.9857071,1.3659194,3.1281664,0.99593997
15.90000000323925,0.98237276,1.4749156,3.1918395,0.77841496
15.95000000324944,0.99945045,1.4116443,3.3770812,0.9015055
16.000000003259625,0.96615565,1.3670157,2.9897661,0.97255886
16.050000003269812,1.0101203,1.4161417,3.2941332,0.7622964
16.10000000328,0.89544845,1.324528,2.9332592,0.8634776
16.150000003290184,0.86922044,1.3483026,2.8270178,0.7630142
16.20000000330037,0.9242852,1.4615549,2.818191,0.7480541
16.25000000331056,1.0131575,1.552726,2.534878,0.7966769
16.300000003320744,0.9068322,1.5329558,3.2372088,0.7813357
16.35000000333093,1.1205084,1.4063125,3.1682715,0.94263864
16.400000003341116,0.9321323,1.372816,2.9005017,0.9220414
16.450000003351303,1.0205915,1.4700737,2.9511638,0.8905119
16.50000000336149,0.93670046,1.398374,2.9044416,0.8194457
16.550000003371675,1.0652826,1.4152281,2.7707086,0.84577674
16.60000000338186,0.9819336,1.4376681,2.925383,0.8031676
16.650000003392048,0.92446077,1.3383907,2.791813,0.8114966
16.700000003402238,0.93158036,1.3956022,2.7157378,0.88247144
16.75000000341242,0.96581626,1.2785174,2.8273723,0.8493125
16.80000000342261,0.9015873,1.5080009,2.7190819,0.88615984
16.850000003432793,1.0496594,1.5817187,3.1810472,0.87841994
16.90000000344298,1.0457069,1.5495689,2.8334522,0.9171783
16.950000003453166,1.0269891,1.4224817,2.8174944,0.8353397
17.000000003463352,0.9791063,1.3162229,2.9297743,0.81963366
17.05000000347354,1.009197,1.5342381,3.0001802,0.95963484
17.100000003483725,0.92996174,1.3684666,2.8186467,0.8342314
17.15000000349391,1.0402089,1.4896038,3.0569787,0.83990383
17.200000003504098,0.9919144,1.4369763,2.950264,0.7564748
17.250000003514284,0.9342918,1.4175136,2.5721765,0.8330962
17.30000000352447,0.95992064,1.4191698,2.893368,0.75859314
17.350000003534657,1.0446895,1.3675445,3.3409092,1.0632215
17.40000000354484,1.0712181,1.3471255,2.959552,0.87095445
17.45000000355503,1.0242501,1.4322879,2.8460956,0.8717333
17.500000003565212,0.9982485,1.3912387,3.0562797,0.8461041
17.550000003575402,0.93235546,1.3738599,3.123022,0.8482289
17.60000000358559,0.9456307,1.3124506,3.0005767,0.8108387
17.650000003595775,1.1065688,1.3906357,3.0755088,0.78744626
17.70000000360596,1.036005,1.3532224,3.1357355,0.76506174
17.750000003616144,1.1531098,1.382063,3.202002,0.8125841
17.800000003626334,1.0209237,1.39004,2.988863,0.8220032
17.85000000363652,0.98643565,1.2366362,2.6866696,0.7551329
17.900000003646706,0.9353672,1.2146834,2.9601786,0.89185363
17.95000000365689,0.8657981,1.2556093,2.6984868,0.83793294
18.00000000366708,0.9627939,1.3597319,3.0623555,0.79692435
18.050000003677265,1.1393143,1.3806977,2.9609733,0.8291961
18.10000000368745,1.002505,1.3489168,2.6858087,0.84916997
18.15000000369764,0.9716821,1.3927692,3.0466638,0.80176425
18.200000003707824,0.9514651,1.2735465,2.9474542,0.87978536
18.25000000371801,0.93950653,1.2137644,2.6034064,0.894244
18.3000000037282,1.0054877,1.3899082,2.9869487,0.858884
18.350000003738383,0.95455945,1.3971047,2.8906093,0.9191098
18.40000000374857,1.1043677,1.324861,2.990325,0.84431285
18.450000003758756,1.1577095,1.4055759,2.5619266,0.80619204
18.500000003768942,0.9940234,1.2678654,2.7561727,0.7907385
18.55000000377913,1.0182314,1.4791563,2.8000476,0.8492013
18.600000003789315,1.0879636,1.4959464,3.2455149,0.9006078
18.6500000037995,1.0004852,1.3964909,3.125548,0.7733684
18.700000003809688,1.050067,1.459199,3.1086395,0.8312328
18.750000003819878,1.105687,1.4749749,3.1271825,0.85391784
18.80000000383006,1.0376862,1.4310303,2.9289289,1.0192841
18.85000000384025,0.91459984,1.3096104,3.2103813,0.8107064
18.900000003850433,0.9576735,1.4140439,3.0494585,0.81993127
18.95000000386062,0.87978137,1.3659775,3.0232744,0.8348951
19.000000003870806,0.8549442,1.5833652,2.8617406,0.84941834
19.050000003880992,0.91512644,1.6036105,3.1831646,0.7655147
19.10000000389118,0.95887625,1.4433188,2.8256607,0.7822623
19.150000003901365,0.96485674,1.6284258,3.2582011,0.7834583
19.20000000391155,0.9512973,1.5249364,2.90017,0.7804138
19.250000003921738,1.0130258,1.4430617,2.8887458,0.93333566
19.300000003931924,1.0301857,1.6196446,2.9655719,0.8751034
19.35000000394211,1.0447831,1.6488208,3.4296176,1.0601145
19.400000003952297,1.0558434,1.6212498,3.511953,1.079291
19.45000000396248,1.0873294,1.5745423,2.824164,0.7488762
19.50000000397267,0.99574417,1.574311,3.3673782,0.75350636
19.550000003982852,0.96223766,1.713221,3.24047,0.7825002
19.600000003993042,1.0561104,1.785686,3.2252417,0.85100055
19.65000000400323,0.90997565,1.4695901,2.5167441,0.8331061
19.700000004013415,1.0147909,1.5333431,3.1624494,0.7992614
19.7500000040236,1.0356644,1.5822614,3.2170043,0.8021348
19.800000004033784,0.98169756,1.5661169,3.0933383,0.8509887
19.850000004043974,0.9732106,1.5790777,2.7363875,0.8323474
19.90000000405416,0.9884656,1.5142171,3.6360035,1.0927267
19.950000004064346,0.94788384,1.4392899,3.4729834,0.69428194
20.000000004074533,0.9000244,1.3697292,3.1939573,1.0410727
20.050000004084723,0.9247709,1.5301244,3.718684,1.1315708
20.100000004094905,1.0205683,1.498109,3.7497563,0.99915373
20.15000000410509,1.0511826,1.4078777,3.55605,0.78472364
20.20000000411528,1.0489544,1.5879642,2.9989913,0.73445356
20.250000004125464,0.9651014,1.5133535,3.1224656,0.8866595
20.30000000413565,1.0171978,1.6306406,2.8396533,0.8251431
20.35000000414584,0.90888673,1.591883,2.880957,0.86834157
20.400000004156023,0.9710897,1.533115,2.9328923,1.0954933
20.45000000416621,0.9967434,1.5275882,3.1172726,1.0771478
20.500000004176396,0.84581697,1.3837336,3.1085687,1.1528713
20.550000004186582,0.92898554,1.4564753,3.132053,1.0145717
20.60000000419677,0.73020256,1.1866462,3.1155548,1.0933106
20.650000004206955,0.79869974,1.3575711,3.3256426,1.0817691
20.70000000421714,0.8583993,1.3892366,3.1296203,1.073399
20.750000004227328,0.9078355,1.3850116,2.895341,0.8990833
20.800000004237518,0.92347085,1.3779837,3.1246247,0.7871575
20.8500000042477,0.92366964,1.5936702,2.884059,0.8281504
20.90000000425789,0.8816353,1.5207666,2.807789,0.8204287
20.950000004268073,0.8115933,1.347196,2.822917,0.83760023
21.00000000427826,0.89793706,1.433339,2.9875085,0.7754702
21.050000004288446,0.9202183,1.450997,2.456543,0.83184266
21.100000004298632,0.8490842,1.5293293,2.8703694,0.9215121
21.15000000430882,0.8846148,1.6154956,3.020816,0.91316426
21.200000004319005,0.94957435,1.7442168,2.725122,0.8510318
21.25000000432919,0.91173065,1.7499108,3.1839895,0.77121687
21.300000004339378,0.88679874,1.4838754,2.8217669,0.8929336
21.350000004349564,0.9175639,1.4207655,3.0748081,0.8321425
21.40000000435975,0.8624906,1.3375627,2.7722154,0.8993393
21.450000004369937,0.99269146,1.3328469,2.8590777,0.8806417
21.50000000438012,1.0064746,1.3939865,3.4063568,1.046743
21.55000000439031,0.99547994,1.3728554,3.6784945,1.0270606
21.600000004400492,0.9331623,1.3534827,3.5804338,1.1176727
21.650000004410682,0.8796268,1.1806382,3.5035732,1.1467279
21.70000000442087,0.86427486,1.2989197,3.3546817,1.1076893
21.750000004431055,0.8814254,1.227513,2.884351,0.7925629
21.80000000444124,0.9070971,1.3376892,2.4902382,0.8529326
21.850000004451424,0.93141234,1.4786341,2.5303159,0.95558524
21.900000004461614,0.88634837,1.3333247,2.9375458,1.0673772
21.9500000044718,1.0117234,1.4604018,3.2940104,0.89864975
22.000000004481986,1.0359861,1.4758036,2.9012454,0.81694305
22.050000004492173,0.91001976,1.3136001,2.8038125,0.8411639
22.100000004502363,0.8396232,1.3333951,2.8212671,0.8975971
22.150000004512545,0.8377918,1.2881985,2.694894,1.0399923
22.20000000452273,0.8714518,1.3044752,2.614038,0.863279
22.25000000453292,0.9911145,1.3440657,2.8301702,0.756436
22.300000004543104,0.8884314,1.2260838,4.18647,1.0801344
22.35000000455329,0.9417015,1.3125564,4.1309233,1.16189
22.40000000456348,1.0596694,1.3822438,4.3278594,1.1227546
22.450000004573663,1.0398157,1.2705798,4.101024,1.0736988
22.50000000458385,0.9354166,1.2731092,3.4309053,1.1290519
22.550000004594036,0.91459745,1.2696992,3.2081218,0.90282583
22.600000004604222,0.9706805,1.4116615,3.845072,0.79215205
22.65000000461441,1.098211,1.4288323,4.2833843,0.83103096
22.700000004624595,1.1455476,1.4005102,4.555159,0.7895815
22.75000000463478,1.1862181,1.5489092,4.738994,0.8115927
22.800000004644968,1.1553942,1.4977133,4.631243,0.82295203
22.850000004655158,1.1647907,1.6534148,4.424055,0.75742215
22.90000000466534,1.1284931,1.5077161,4.3009987,0.78944325
22.95000000467553,1.157042,1.5436995,4.412549,0.73578084
23.000000004685713,1.1880255,1.4319193,4.424038,0.8183012
23.0500000046959,1.1354253,1.4209074,4.5122976,0.7628231
23.100000004706086,1.1251079,1.5309029,4.2843585,0.8437577
23.150000004716272,1.0264847,1.5948346,4.470151,0.81765443
23.20000000472646,1.1063669,1.548978,4.4543543,0.78093183
23.250000004736645,1.1919799,1.5586239,4.518177,0.7770708
23.30000000474683,1.2045336,1.746602,4.360543,0.82257414
23.350000004757018,1.1122878,1.5456948,4.449031,0.80826515
23.400000004767204,1.124037,1.5645434,4.039838,0.8049011
23.45000000477739,1.1045854,1.4685585,4.754673,0.746476
23.500000004787577,0.98580134,1.5270723,4.447897,0.9019661
23.55000000479776,1.0620257,1.713643,4.628399,0.86525774
23.60000000480795,1.1059452,1.4401875,4.0995975,0.7895362
23.650000004818132,1.1067414,1.514704,4.618848,0.8569975
23.700000004828322,1.0839468,1.4016995,4.0346913,0.8877189
23.75000000483851,1.1405365,1.467736,5.2785234,0.8611189
23.800000004848695,1.2361457,1.4880891,4.800938,0.94316095
23.85000000485888,1.3200773,1.518233,4.308662,0.8079338
23.900000004869064,1.1510081,1.4060004,4.7599792,0.7141912
23.950000004879254,1.3322899,1.5949214,4.560367,0.7895025
24.00000000488944,1.1899127,1.5675662,4.328066,0.7639954
24.050000004899626,1.2603686,1.6232561,4.5810723,1.0155077
24.100000004909813,1.165406,1.5983331,4.5006557,0.7915418
24.150000004920003,1.1626096,1.6226977,4.2927446,0.7844852
24.200000004930185,1.0454099,1.4386334,4.5423517,0.8126992
24.25000000494037,1.1172407,1.6341822,4.258888,0.8851483
24.30000000495056,0.9868371,1.5265241,4.254178,0.8297289
24.350000004960744,1.0740529,1.5704633,4.336681,0.8772552
24.40000000497093,1.1122411,1.7371875,4.36294,0.89382255
24.45000000498112,1.1396517,1.5304481,4.432913,0.86787045
24.500000004991303,1.2066312,1.5943964,4.275205,0.82395977
24.55000000500149,1.1493171,1.4204817,4.4056816,0.8005247
24.600000005011676,1.1024569,1.6149147,4.526499,0.77450585
24.650000005021862,1.2275913,1.5395306,4.736098,0.7805795
24.70000000503205,1.1850451,1.5053306,4.4329276,0.82742697
24.75000000504224,1.1860104,1.4751396,5.1145573,0.80513585
24.80000000505242,1.1342134,1.5705245,4.994379,0.8364028
24.850000005062608,1.0707532,1.5401456,4.530907,0.78665286
24.900000005072798,1.1764958,1.6466774,4.730547,0.7435762
24.95000000508298,1.0448775,1.3447886,4.8794937,0.7684081
25.00000000509317,1.0944316,1.3826072,4.870099,0.7436908
25.050000005103353,1.0805999,1.3284464,4.5593967,0.7718813
25.10000000511354,1.1461632,1.498014,4.405179,0.782635
25.150000005123726,1.130041,1.4549665,4.6876426,0.77252495
25.200000005133912,1.0583509,1.4758587,4.4379606,1.094495
25.250000005144095,1.0017998,1.3181304,4.107794,1.0977277
25.30000000515428,1.0848525,1.2761884,4.2254357,1.1191239
25.350000005164468,0.9838406,1.2332476,4.1734796,1.104553
25.400000005174654,1.0683578,1.3469954,4.571645,1.091552
25.45000000518484,1.0429283,1.2690611,4.3630285,1.0680566
25.500000005195027,1.1109449,1.365854,4.504816,1.1249552
25.550000005205213,1.1759813,1.4001606,4.4464393,1.1063845
25.6000000052154,1.1430348,1.3748883,4.361076,1.102162
25.650000005225586,1.092223,1.3301995,4.4824157,1.164793
25.700000005235772,1.0254204,1.3316236,4.635376,1.1816795
25.75000000524596,1.0569606,1.3691022,4.5345273,1.1482207
25.800000005256145,1.1323686,1.497165,4.6458306,1.1646553
25.85000000526633,1.310268,1.6680167,4.6325297,1.0786536
25.900000005276517,1.1718781,1.6528844,4.604436,1.0994596
25.950000005286704,1.1482816,1.717283,4.527004,1.1127161
26.00000000529689,1.0991472,1.5246581,4.2288632,1.1539636
26.050000005307076,1.1507682,1.6480014,4.2841196,1.1194034
26.100000005317263,1.1033356,1.5530462,4.361129,1.1168363
26.15000000532745,1.1790402,1.6636051,4.7164927,1.1247473
26.200000005337635,1.1482611,1.6833447,4.346785,1.0813147
26.25000000534782,1.2046304,1.6899884,4.7824593,1.1227154
26.300000005358008,1.2062902,1.472486,4.9188676,1.1331589
26.350000005368194,1.157739,1.473278,4.4739356,1.0867927
26.40000000537838,1.1093186,1.5740414,4.4559755,1.1148633
26.450000005388567,1.1179714,1.6578879,4.550443,1.1291493
26.500000005398753,1.2484477,1.6330788,4.4596987,1.0893927
26.55000000540894,1.140474,1.7216339,4.5327864,1.1219816
26.600000005419126,1.1608157,1.5738672,4.546905,1.0725058
26.650000005429312,1.2037505,1.8477608,4.5098085,1.0558511
26.7000000054395,1.2140416,1.6981143,4.188241,1.0909251
26.750000005449685,1.1844201,1.8088276,4.4321675,1.076188
26.80000000545987,1.283011,1.7764574,4.4983964,1.1225944
26.850000005470058,1.2072233,1.7912843,4.248066,1.0853581
26.900000005480244,1.2732749,1.6116363,4.452977,1.0702436
26.95000000549043,1.2356889,1.4073439,4.407322,1.0948033
27.000000005500617,1.1906643,1.4783864,4.7348228,1.2059863
27.050000005510803,1.216547,1.3841969,4.5386243,1.1898444
27.10000000552099,1.1851331,1.522025,4.595328,1.1438013
27.150000005531176,1.0739615,1.5133144,4.597811,1.0710822
27.200000005541362,1.0873483,1.3901092,4.701943,1.120002
27.25000000555155,1.0585055,1.5548481,4.2216716,1.0923163
27.300000005561735,1.245978,1.6641083,4.348661,1.1513996
27.35000000557192,1.0335054,1.3773148,4.469039,1.101258
27.400000005582108,1.0707486,1.6526625,4.5404963,1.139707
27.450000005592294,1.0273697,1.4741268,4.316084,1.1045513
27.50000000560248,1.0441834,1.5610337,4.4680953,0.94621956
27.550000005612667,1.0333481,1.5365121,4.271201,0.80049837
27.600000005622853,1.0614653,1.3572164,4.258094,1.1248834
27.65000000563304,1.0811305,1.3296618,4.44826,1.0953293
27.700000005643226,1.0402411,1.467494,4.3297205,1.1274686
27.750000005653412,0.99565315,1.3840549,4.5790644,1.1531202
27.8000000056636,1.0307231,1.5555935,4.3424945,1.1873091
27.850000005673785,0.874977,1.42583,4.5731406,1.0988272
27.90000000568397,0.8930998,1.4946781,4.188017,1.0728948
27.950000005694164,1.0779579,1.5650601,4.1272025,1.0518205
28.000000005704344,0.96016335,1.4433398,4.4051256,1.0979373
28.05000000571453,0.9474124,1.5479407,4.832849,1.1354209
28.100000005724716,0.9949135,1.430023,4.11506,1.1352093
28.150000005734903,1.0265312,1.614448,4.204306,1.1326878
28.20000000574509,1.0054922,1.6601477,4.0158167,1.0490742
28.250000005755275,0.9208309,1.5980961,4.1982346,1.0606861
28.30000000576546,0.9719238,1.5495064,4.109826,1.0243447
28.350000005775648,1.0637256,1.5299397,4.300021,1.0938858
28.400000005785834,0.9389,1.5351802,4.702145,1.0675018
28.45000000579602,0.9891288,1.6570466,4.443912,1.0774944
28.500000005806207,1.0077175,1.5687574,4.120148,1.0806776
28.550000005816393,0.95894635,1.6428912,4.341754,1.1460848
28.60000000582658,0.91339624,1.6929024,4.4100204,1.1036984
28.650000005836766,0.97570646,1.7246782,4.264282,1.0944666
28.700000005846952,0.93455875,1.7382498,4.0380783,1.1235024
28.75000000585714,0.9758053,1.7486911,4.3022985,1.089502
28.800000005867332,1.0185031,1.58482,4.2897162,1.105655
28.85000000587751,0.9446382,1.6813626,4.40703,1.0598732
28.900000005887698,0.9659645,1.5638887,4.2748804,1.1070424
28.950000005897884,0.87509036,1.5692799,4.126443,1.1361427
29.00000000590807,0.9613073,1.5211573,4.304539,1.1087037
29.050000005918257,0.8696852,1.512886,4.311105,1.1671973
29.100000005928443,1.0392665,1.4945555,4.331452,1.2323899
29.15000000593863,0.83735585,1.3168992,4.220409,1.1126394
29.200000005948816,1.0412409,1.6252857,4.1032047,1.0688444
29.250000005959002,1.1109377,1.6925156,4.2782116,1.0955955
29.30000000596919,1.1062701,1.735171,4.0316157,1.1072768
29.350000005979375,1.2572691,1.6293287,4.26184,1.1024148
29.40000000598956,1.1896263,1.5835433,4.4019017,1.1195017
29.450000005999748,1.2240455,1.5229155,4.5236673,1.1127763
29.500000006009934,1.2190067,1.648164,4.487999,1.0527633
29.55000000602012,1.3435705,1.7516816,4.541627,1.1194952
29.600000006030314,1.3734208,1.6990293,4.353281,1.0006559
29.650000006040493,1.0176219,1.5071597,4.215599,1.0683107
29.70000000605068,1.0110344,1.5049238,3.7674987,1.0021888
29.750000006060873,1.1223378,1.6504254,3.999368,1.1352061
29.800000006071052,0.9645444,1.5824444,4.5427036,1.1141063
29.85000000608124,1.0008503,1.6457814,4.168741,1.1720104
29.900000006091425,0.9818982,1.5165448,4.3914437,1.1377146
29.95000000610161,0.99622655,1.7145486,4.3591657,1.0971653
30.000000006111804,1.1195843,1.8449658,4.505888,1.0891105
30.050000006121984,1.0672876,1.8707043,4.263564,1.1098833
30.10000000613217,0.9873862,1.6667476,4.389123,1.0529393
30.150000006142363,0.92007947,1.7996657,4.7548504,1.1634288
30.200000006152543,1.0269724,1.8206599,4.428352,1.1889715
30.25000000616273,0.9940102,1.8242795,3.8768554,1.1124647
30.300000006172915,1.0390188,1.9040494,3.6094282,1.1187167
30.3500000061831,1.0299422,1.929174,3.8001757,1.0698855
30.400000006193288,1.089387,2.0094867,4.0109477,1.0676599
30.450000006203474,1.1232945,2.0824375,4.3330235,1.1113051
30.50000000621366,0.9985037,2.169461,4.0585346,1.054498
30.550000006223847,1.0776985,1.9824332,3.7498143,1.0671916
30.600000006234033,1.0414307,2.0281067,3.4447937,0.79541326
30.65000000624422,0.9829992,1.7934611,3.4258018,0.8380359
30.700000006254406,0.96931815,1.7174094,3.3326492,0.8388649
30.750000006264592,1.0315309,1.825322,3.3196247,0.904343
30.80000000627478,0.89607954,1.5993553,3.2801628,0.87868506
30.850000006284958,0.82969856,1.5209761,3.1062748,0.84965795
30.90000000629515,1.0092152,1.6177521,3.2340896,0.91998243
30.950000006305338,1.046643,1.6249554,3.7496977,1.1188117
31.000000006315524,1.1678432,1.6596119,4.061767,1.0493014
31.05000000632571,0.94866526,1.5611054,3.4779456,1.0761037
31.100000006335897,1.0332177,1.6603982,3.8686216,1.1275826
31.150000006346083,0.90820324,1.5633149,4.1487303,1.0290525
31.20000000635627,1.0292907,1.596493,3.7095947,1.084901
31.250000006366456,1.0845524,1.7339334,3.7760875,1.0819726
31.300000006376642,1.0125144,1.8953893,4.130891,1.058248
31.35000000638683,1.0515087,1.8039691,4.3807597,1.0406543
31.400000006397008,0.93072736,1.7853446,4.1213374,1.13037
31.4500000064072,1.0453601,2.0133808,4.1917906,1.0570515
31.500000006417388,1.060891,2.0379581,4.288064,1.0493958
31.550000006427574,1.0388254,2.0305822,4.26734,1.0575997
31.60000000643776,0.9316656,1.8168885,4.2517014,1.0368795
31.650000006447947,1.0278128,1.8663166,4.167544,1.1061127
31.700000006458133,1.0351907,1.795246,3.8128414,1.1659781
31.75000000646832,0.9762191,1.7140765,4.584133,1.1180328
31.800000006478506,0.99224865,1.7041742,4.090965,1.0601681
31.850000006488692,0.91756594,1.7881097,4.25993,1.0850041
31.90000000649888,1.0831741,2.0065188,4.149118,1.0473797
31.950000006509065,1.0239778,2.0142717,4.0462027,1.0916344
32.00000000651925,1.0296012,1.9952601,4.068481,1.1254392
32.050000006529444,0.98360986,1.8553033,4.0102363,1.0748264
32.100000006539624,0.9656572,1.8601546,4.363194,1.181025
32.15000000654981,1.0183378,1.8060114,4.1021404,1.1466488
32.20000000656,1.0307112,2.0175638,4.2076483,1.0774288
32.25000000657018,0.84046733,1.8650105,3.90257,1.0650594
32.30000000658037,0.8349233,1.8662038,3.8981411,1.0700809
32.35000000659056,0.9046512,1.809185,4.2409315,1.1763961
32.40000000660074,0.90426826,1.7309775,3.9859834,1.0981361
32.45000000661093,1.0004882,1.8334403,3.8737817,1.067354
32.500000006621114,0.8639625,1.6530181,3.8556936,1.0340421
32.5500000066313,0.94507897,1.7127542,4.5163307,1.1850952
32.60000000664149,0.85275435,1.6187713,4.1098742,1.1430066
32.65000000665167,0.92817116,1.9518306,4.3501644,1.1301137
32.70000000666186,0.96184254,2.0227084,4.1594477,1.0936242
32.750000006672046,0.9094813,1.8214513,3.9890049,1.0721673
32.80000000668223,0.8684296,1.7924427,4.215684,1.1040415
32.85000000669242,0.9113291,1.8932897,3.8859,1.0690837
32.90000000670261,0.9638781,1.8213819,4.2660246,1.1727073
32.95000000671279,0.98555154,1.8315828,4.2606444,1.0939671
33.00000000672298,0.9817814,1.63333,4.7155623,1.0484455
33.050000006733164,0.9260355,1.7056282,4.152203,1.0938866
33.10000000674335,0.89359903,1.5778602,4.14131,1.0843726
33.15000000675354,0.93695426,1.7095404,3.8848126,0.9818928
33.20000000676372,0.8594737,1.5626552,3.980637,1.0981269
33.25000000677391,0.86960083,1.7836219,4.2635994,1.0894725
33.300000006784096,0.9233146,1.6827931,4.707054,1.0127435
33.35000000679428,1.0149143,1.8565614,4.2864757,1.0768533
33.40000000680447,1.0633578,1.8154556,4.409041,1.0988156
33.450000006814655,1.1132414,1.8733687,4.535056,1.1102022
33.50000000682484,1.1255705,1.7061387,4.036684,1.1121283
33.55000000683503,1.0157751,1.6180496,4.093082,1.1136329
33.600000006845214,1.0464324,1.7913022,4.396366,1.1339419
33.6500000068554,0.91587174,1.6839209,4.228106,1.1350607
33.700000006865594,0.96563286,1.6759498,4.1774745,1.1350081
33.75000000687577,0.8585516,1.6222769,4.0288754,1.0523819
33.80000000688596,0.97995037,1.6855946,4.564958,1.0630498
33.85000000689615,1.045561,1.7591642,4.1399055,1.1209955
33.90000000690633,0.8879865,1.6847681,4.3328543,1.0973041
33.95000000691652,0.94978046,1.7037405,4.2659845,1.1078333
34.000000006926705,1.0585515,1.8556113,4.1266603,1.0649027
34.05000000693689,1.0747356,1.6704489,4.091629,1.0664868
34.100000006947084,1.0160277,1.7386086,4.2145066,1.1079988
34.150000006957264,1.128387,1.8225939,4.414106,1.0706344
34.20000000696745,1.0322397,1.6828682,4.199804,1.1029338
34.25000000697764,1.0221915,1.7290723,4.325403,1.0849999
34.30000000698782,0.94814473,1.6701593,4.1965246,1.1395274
34.35000000699801,0.9734359,1.7995762,3.9160042,1.113595
34.400000007008195,0.8051798,1.7188063,4.225091,1.1300123
34.45000000701838,0.9753427,1.8239318,4.1583633,1.0887594
34.50000000702857,0.8923728,1.7620636,4.302637,1.0811323
34.550000007038754,0.91983134,1.6437198,4.1354933,1.0718857
34.60000000704894,0.88784313,1.5679747,4.27833,1.0891442
34.65000000705913,0.91048586,1.4820408,4.029151,1.0449816
34.70000000706931,0.84935874,1.6213384,4.2879853,1.1166238
34.7500000070795,0.8932412,1.7467437,3.8901222,1.0810119
34.800000007089686,0.97461927,1.7623712,4.6410375,1.0857071
34.85000000709987,0.9051719,1.5236137,4.1138787,1.074741
34.90000000711006,0.91516787,1.6035188,3.5773392,1.0514665
34.95000000712024,0.94075024,1.6314448,4.081571,1.0660328
35.00000000713043,1.0582377,1.6007409,4.0361557,1.0662538
35.05000000714062,0.9314484,1.5319663,4.0734153,1.0925496
35.100000007150804,0.94933873,1.6243539,3.9799807,1.0509073
35.15000000716099,0.89265996,1.6803377,4.079897,1.0416179
35.20000000717118,0.86794347,1.7078768,3.9460647,1.0504718
35.25000000718136,1.0032414,1.7506677,4.035791,1.0074025
35.30000000719155,0.97353756,1.8576553,4.142205,1.0988531
35.350000007201736,0.9184693,1.6885762,3.8478885,1.002207
35.40000000721192,0.99976176,1.8333334,3.962201,1.013795
35.45000000722211,1.0427655,1.8014084,4.285978,1.088542
35.50000000723229,1.0484365,1.7068349,4.0652175,1.1014837
35.55000000724248,0.9556022,1.688248,4.1209965,1.0193391
35.60000000725267,0.89298135,1.7188853,3.8460276,1.155451
35.650000007262854,0.9306612,1.8279903,4.0046024,1.1731334
35.70000000727304,1.0208849,1.8570027,4.2507415,1.1270294
35.75000000728323,1.0311987,1.8879305,3.958584,1.1323526
35.80000000729341,0.92628026,1.6825104,3.337127,0.93681896
35.8500000073036,0.8821864,1.9327683,3.3974936,0.9414014
35.900000007313785,0.9270592,1.9595623,3.4843354,0.881312
35.95000000732397,1.0008118,1.9873435,3.450476,1.020195
36.00000000733416,0.98996615,2.047777,3.6775815,0.87937045
36.050000007344345,0.88226736,1.922343,3.8224175,0.89208806
36.10000000735453,1.0567234,2.1389616,4.013246,0.8808645
36.150000007364724,1.0710948,2.0254748,3.2010088,0.9890271
36.2000000073749,0.96251184,1.9807668,3.1353905,1.0173616
36.25000000738509,0.9782957,2.119824,3.2707095,0.98025703
36.30000000739528,1.2364032,2.0543816,3.3669126,0.9914163
36.35000000740546,1.0555761,1.9266081,3.8598707,1.1037375
36.40000000741565,1.089531,2.1269531,4.0193753,1.1261243
36.45000000742584,1.1197947,2.2013443,4.2008343,1.094159
36.50000000743602,1.1082473,1.9871895,4.3061247,1.1165391
36.55000000744621,1.0316411,2.0689077,4.4272175,1.0875164
36.600000007456394,1.0815923,2.0886521,4.345527,1.0917469
36.65000000746658,1.1677876,2.30723,4.5828156,1.0505207
36.70000000747677,1.2325757,2.3005295,4.7213,1.1548461
36.75000000748695,1.1494988,2.0171018,4.880369,1.0917671
36.80000000749714,1.0746295,1.8660878,4.6179786,1.1140981
36.850000007507326,1.2334726,2.009274,4.8790216,1.1396989
36.90000000751751,1.0870041,1.9642673,4.4777904,1.0768839
36.9500000075277,1.0560077,1.9054785,4.203189,1.0991368
37.00000000753789,0.9870836,1.9336771,4.6265326,1.1353167
37.05000000754807,1.0014371,1.9290843,4.3747416,1.0911236
37.10000000755826,1.0513856,1.8571899,4.3869743,1.1289113
37.150000007568444,0.98651063,1.8071659,4.4172826,1.11836
37.20000000757863,1.0964032,1.8409321,4.5917654,1.1642505
37.25000000758882,1.0543065,1.7205154,4.192734,0.92149323
37.300000007599,0.9993946,1.6665405,4.4478498,0.92517674
37.35000000760919,1.0048101,1.5633489,4.4219055,0.93530154
37.400000007619376,1.0296503,1.6433177,4.6277165,0.90880066
37.45000000762956,1.0628965,1.7689118,4.655637,0.83989507
37.50000000763975,1.0534878,1.7949854,4.195948,0.87569004
37.550000007649935,1.1329348,1.9173112,4.2276435,0.8930219
37.60000000766012,1.0811374,1.7754223,4.689806,0.9960561
37.65000000767031,1.0631857,2.0165358,3.977233,0.8336904
37.700000007680494,1.0859237,1.9729125,4.584486,0.84194624
37.75000000769068,0.9327787,1.9753379,3.9573965,0.9309107
37.80000000770087,1.0122334,1.9452888,4.5575795,1.0811772
37.85000000771105,1.002635,1.9985645,4.5443,1.1123105
37.90000000772124,0.98205835,1.8548431,3.9819586,1.1170243
37.950000007731425,0.9771478,2.0887496,4.3551855,1.085392
38.00000000774161,0.94919086,1.9649379,4.3192387,1.0132594
38.0500000077518,1.0189167,1.8432201,4.4441447,1.1225144
38.100000007761984,1.0031204,1.8167913,4.171948,1.0963033
38.15000000777217,0.9920095,1.8511432,4.316331,1.1537522
38.200000007782364,0.9525872,1.9865925,4.357813,1.0939755
38.25000000779254,0.95780313,1.8608207,4.5047894,1.1338489
38.30000000780273,0.9509968,1.8313487,4.559304,1.0821216
38.35000000781292,1.0194951,1.7542176,4.42327,1.119038
38.4000000078231,1.0399045,1.921176,4.369343,1.1556193
38.45000000783329,0.9693085,1.7977804,4.314753,1.0827588
38.500000007843475,0.99726534,1.8510933,4.5295854,1.119151
38.55000000785366,0.9479493,1.9608444,4.401999,1.1074822
38.60000000786385,1.0710618,2.1312149,4.475104,1.1722419
38.650000007874034,0.9799328,1.9982178,4.1875973,1.0392224
38.70000000788422,1.0930887,1.8765602,4.47937,1.0690649
38.75000000789441,1.088219,1.852052,4.665485,1.102957
38.80000000790459,1.1205908,2.0254078,4.6552095,1.1761351
38.85000000791478,0.99929863,2.109817,4.4440107,1.1505407
38.900000007924966,1.0226367,1.9171494,4.338874,1.1673692
38.95000000793515,0.9624297,1.8441556,4.22757,1.1164438
39.00000000794534,1.1076022,1.7313619,4.1774096,1.1521773
39.05000000795552,1.1102326,2.014813,4.317675,1.1588048
39.10000000796571,1.0997783,1.8368268,4.348478,1.1493621
39.1500000079759,1.0639617,1.7288451,3.902935,1.1351422
39.200000007986084,1.0560619,1.7795151,4.1317697,1.1097684
39.25000000799627,1.0390513,1.7625949,4.3193736,1.0833278
39.30000000800646,1.0270544,1.809957,4.516998,1.1468222
39.35000000801664,1.0178198,1.9981943,4.473109,1.1207746
39.40000000802683,1.0269674,1.925976,4.3909006,1.1435962
39.450000008037016,0.9617469,1.8161933,4.2300878,1.1647545
39.5000000080472,0.9621937,1.4751608,4.4063654,1.1915225
39.55000000805739,1.0884128,1.6917684,4.2805867,1.0826757
39.60000000806757,1.0173597,1.3991992,4.0192366,1.1040249
39.65000000807776,1.094853,1.5558523,4.0833216,1.1533396
39.70000000808795,0.96196973,1.5369307,3.9138973,1.083909
39.750000008098134,0.9184671,1.7261504,4.279299,1.139422
39.80000000810832,0.9727906,1.7641001,3.9598374,1.1316495
39.850000008118506,0.93354607,1.5903796,3.964952,1.0884545
39.90000000812869,0.90597063,1.5345668,3.7579994,1.1044643
39.95000000813888,0.9243034,1.555541,4.1585298,1.0857805
40.00000000814906,0.95576555,1.7314472,4.50931,1.1000183
40.05000000815925,0.91190374,1.582319,4.218524,1.0992787
40.10000000816944,0.91072655,1.6657968,4.4758005,1.1081387
40.150000008179624,0.9907445,1.6919112,4.101511,1.0563486
40.20000000818981,0.9366939,1.5925556,4.012924,1.0856277
40.250000008200004,0.941127,1.619005,4.527975,1.1253992
40.30000000821018,0.9997692,1.7173992,4.067904,1.0813248
40.35000000822037,1.0663807,1.87606,4.295798,1.1221197
40.40000000823056,1.0162402,1.7757025,4.172222,1.1198334
40.45000000824074,1.1465429,1.8808204,4.645998,1.1272839
40.50000000825093,1.098094,1.794969,4.2037306,1.0740148
40.55000000826112,1.1287888,1.5039406,4.203282,1.0861597
40.6000000082713,1.2120566,1.8826778,4.4054356,1.1416732
40.65000000828149,1.0702552,1.7097149,4.1322474,1.027134
40.700000008291674,1.135551,1.8043573,4.199483,1.1215214
40.75000000830186,1.146115,1.8805449,4.6724977,1.1895453
40.80000000831205,1.030056,1.7822187,4.4105606,1.1090319
40.85000000832223,1.0384178,1.8854307,4.481173,1.157694
40.90000000833242,0.96932995,1.5733836,3.682647,1.052934
40.950000008342606,1.1746044,1.8618722,3.7675633,1.0313071
41.00000000835279,0.94622463,1.4817247,4.578551,1.1518965
41.05000000836298,1.0401937,1.6071644,4.7437873,1.1137111
41.10000000837317,1.0073586,1.7561846,4.0892377,1.1038214
41.15000000838335,0.95372784,1.7931616,4.2504325,1.0395434
41.20000000839354,1.0151303,1.7046858,4.1838384,1.1268153
41.250000008403724,1.0109562,1.6912057,4.1115103,1.1125381
41.30000000841391,1.0259178,1.6860898,3.510617,1.1705918
41.3500000084241,1.1456219,1.6327729,4.410642,1.0741888
41.40000000843428,1.040947,1.7314643,4.1715636,1.029993
41.45000000844447,1.1432422,1.626858,3.861848,1.0660301
41.500000008454656,1.1545396,1.7142258,4.453019,1.1165268
41.55000000846484,0.99851096,1.75314,4.285968,1.1418475
41.60000000847503,1.0735135,1.844552,4.669065,1.1203884
41.650000008485215,1.046122,1.6457528,4.3114433,1.0473491
41.7000000084954,1.0323424,1.6738524,4.2839475,1.0833336
41.750000008505594,1.0931346,1.7949483,4.4132404,1.1102278
41.800000008515774,1.0461408,1.6550384,4.4191737,1.0929062
41.85000000852596,1.1453516,1.76599,4.575647,1.1271433
41.90000000853615,1.0924742,1.6928548,4.1688585,1.1031108
41.95000000854633,1.1194273,1.627538,4.266864,1.090747
42.00000000855652,1.1398697,1.6855961,4.2828355,1.0829602
42.050000008566705,1.1374469,1.6372,4.312553,1.0773913
42.10000000857689,1.1349733,1.7064883,4.679601,1.0495417
42.15000000858708,1.1183536,1.7242446,4.342856,1.1127095
42.200000008597264,1.1285961,1.7832704,4.4883595,1.1265712
42.25000000860745,1.1570578,1.7964386,4.3011923,1.1014488
42.300000008617644,1.1755635,1.862777,4.2105026,1.1296219
42.35000000862782,1.206856,1.8086332,4.241957,1.0636499
42.40000000863801,1.1709319,1.8147928,4.015542,1.084294
42.4500000086482,1.2114236,1.8947189,3.7700715,1.0332606
42.50000000865838,1.2064443,1.8210715,4.1197176,1.0787828
42.55000000866857,1.1693898,1.7020191,4.523102,1.1232346
42.600000008678755,1.135552,1.6192672,4.145258,1.1059452
42.65000000868894,1.174092,1.7239581,4.03308,1.1519467
42.70000000869913,1.1848785,1.82127,3.9192386,1.0653203
42.750000008709314,1.1023493,1.8658656,4.238213,1.0914924
42.8000000087195,1.1933895,1.7837292,4.159901,1.082486
42.85000000872969,1.1367402,1.7050943,4.2867403,1.0844216
42.90000000873987,1.2039361,1.7235575,4.1041713,1.0779018
42.95000000875006,1.1816566,1.6970955,4.315346,1.0960331
43.000000008760246,1.1625699,1.69085,4.1925893,1.0935848
43.05000000877043,1.0736864,1.693622,4.468905,1.0401897
43.10000000878062,1.0904263,1.6527842,4.1165767,1.046622
43.1500000087908,1.1020241,1.848775,4.095005,0.84321195
43.20000000880099,1.1169069,1.7243387,3.9361725,0.79592144
43.25000000881118,1.1576259,1.7016946,3.732135,0.8689011
43.300000008821364,1.083544,1.7225745,3.7095027,0.89893436
43.35000000883155,1.1609926,1.7998972,3.7414408,0.86288905
43.40000000884174,1.0832872,1.8461552,3.800987,0.9136903
43.45000000885192,1.1798555,1.8757838,3.8461046,0.79119295
43.50000000886211,1.1488605,1.9754428,3.7869942,0.8922597
43.550000008872296,1.0889134,1.8997854,3.9536977,0.8612723
43.60000000888248,1.109719,1.8377829,3.9123247,0.84341097
43.65000000889267,1.1658933,1.9229946,3.9348195,0.9777402
43.70000000890285,1.1792818,1.9808649,3.7032986,0.894855
43.75000000891304,1.3209666,2.057422,3.5409067,0.89103794
43.80000000892323,1.2128403,1.9706359,4.0921254,0.97466856
43.850000008933414,1.299679,1.8913178,3.6827433,1.0004212
43.9000000089436,1.2265728,2.0384083,3.8395596,0.9432553
43.950000008953786,1.1261393,1.9774033,3.8572214,0.89598864
44.00000000896397,1.2070377,1.8259819,4.0526395,1.1587778
44.05000000897416,1.2014058,1.7599703,4.0692763,1.1026103
44.10000000898434,1.2280846,2.073248,3.9814153,0.8941743
44.15000000899453,1.3112144,1.8957531,4.087629,0.8969052
44.20000000900472,1.2616045,1.8652803,3.9272275,0.82482743
44.250000009014904,1.2734108,2.039416,3.8773181,0.93256307
44.30000000902509,1.2546914,1.9297026,4.0634727,0.87182164
44.350000009035284,1.1584033,1.8981392,3.5866556,0.89986527
44.40000000904546,1.3056141,2.0215027,3.848225,0.9596998
44.45000000905565,1.2049816,2.0165176,3.8645272,0.835186
44.50000000906584,1.2532555,2.0791302,3.9791582,0.86112
44.55000000907602,1.2291107,1.9672824,3.8955715,0.9292257
44.60000000908621,1.2352227,1.8420091,3.988048,0.9473469
44.6500000090964,1.2209119,1.9441508,4.063961,1.0317249
44.70000000910658,1.3051825,1.9587045,4.3429976,1.1358778
44.75000000911677,1.2651665,1.9001925,4.238115,1.1639662
44.800000009126954,1.1222001,1.8624892,4.35604,1.0162631
44.85000000913714,1.1225237,1.8901199,4.0890207,1.2043504
44.90000000914733,1.1833678,1.693625,4.4403343,1.0446086
44.95000000915751,1.1799864,1.7441393,3.7393734,1.060233
45.0000000091677,1.1330769,1.6418792,4.373296,1.1189864
45.050000009177886,1.1026801,1.7517862,3.9809895,1.0640662
45.10000000918807,1.0865489,1.8070079,4.0413656,1.1217405
45.15000000919826,1.0595019,1.8335662,4.045437,0.9694717
45.20000000920845,1.0805755,1.8126692,4.2658763,1.123886
45.25000000921863,1.0819275,1.7303343,4.08232,1.058325
45.30000000922882,1.0848794,1.7865548,4.0275755,1.0728632
45.350000009239004,1.1227323,1.788286,3.8108,1.0362178
45.40000000924919,1.121375,1.7454232,3.9423892,1.1201077
45.45000000925938,1.0764399,1.8186318,4.351639,1.1395059
45.50000000926956,1.1415297,1.8701873,4.176374,1.0975807
45.55000000927975,1.1079564,1.8312936,4.0352554,1.1100733
45.600000009289936,1.130725,1.8300389,4.3743024,1.0965098
45.65000000930012,1.237343,1.8936427,4.277515,1.0456474
45.70000000931031,1.0742686,2.0546398,4.1647367,1.0937458
45.750000009320495,1.1813794,2.0132537,4.4153085,1.1277379
45.80000000933068,1.2416433,1.965246,4.16606,1.1272011
45.850000009340874,1.2718416,2.0720773,4.101151,1.1041918
45.900000009351054,1.2314855,1.9609728,3.8187196,1.0987037
45.95000000936124,1.1704696,2.0113661,3.8855565,1.0361931
46.00000000937143,1.1415503,1.9940689,3.9590092,1.1300042
46.05000000938161,1.1644633,1.9867742,4.403183,1.0611908
46.1000000093918,1.1757181,2.066038,3.9062846,1.1027492
46.150000009401985,1.1789454,1.8567227,3.7913465,1.1557137
46.20000000941217,1.055409,1.8329824,3.9933352,1.0528862
46.25000000942236,1.0913746,1.6825795,3.972999,1.0618604
46.300000009432544,1.1082354,1.7834998,4.0964293,1.0794159
46.35000000944273,1.1957301,2.1190617,4.1591873,1.1176522
46.400000009452924,1.1932505,1.9953318,4.1491337,1.1210814
46.4500000094631,1.1533924,2.002835,4.1587214,1.0832186
46.50000000947329,1.2201447,2.0596669,4.122814,1.0811613
46.55000000948348,1.252415,1.8875724,4.2246523,1.0293295
46.60000000949366,1.1809833,1.919344,4.5087166,1.0921912
46.65000000950385,1.1713989,1.9192038,4.476662,1.1275468
46.700000009514035,1.1838566,1.8362775,4.0421824,1.059044
46.75000000952422,1.188473,1.6806167,4.211625,1.0414928
46.80000000953441,1.2237422,1.7880335,4.5198283,1.0611054
46.850000009544594,1.1678231,1.7341827,4.005021,1.0859883
46.90000000955478,1.1520901,1.6745436,4.1758976,1.0639257
46.95000000956497,1.2535789,1.8426359,4.018363,1.0364187
47.00000000957515,1.3034595,1.6613437,3.9408648,1.0644515
47.05000000958534,1.2916856,1.8224336,4.1203246,1.0028071
47.100000009595526,1.229847,1.7267992,4.2287903,1.0572371
47.15000000960571,1.2525656,1.6432147,4.1639204,1.1040996
47.2000000096159,1.2432578,1.7660116,4.517213,1.1383713
47.25000000962608,1.2662706,1.7500913,4.138318,1.1420058
47.30000000963627,1.1401815,1.860841,4.1062646,1.0769137
47.35000000964646,1.1553814,1.8191996,4.140963,1.0635663
47.400000009656644,1.1979021,1.9684304,4.1865497,1.1109371
47.45000000966683,1.1995741,1.8866491,4.1824703,1.05815
47.50000000967702,1.1526357,1.805761,4.4460855,1.2010565
47.5500000096872,1.2106404,1.9486091,4.3326163,1.0766778
47.60000000969739,1.1403767,1.8905816,3.8514786,1.1021986
47.650000009707576,1.0866432,1.8274555,3.8922105,1.0416187
47.70000000971776,1.1810821,1.8974969,3.9960418,1.0740583
47.75000000972795,1.213523,1.8104742,4.039997,1.0718678
47.800000009738135,1.1840435,1.8373907,4.2305984,1.0692914
47.85000000974832,1.1650648,2.0150754,4.1890182,1.0176779
47.90000000975851,1.201375,1.9813479,4.318853,1.1259483
47.950000009768694,1.1079866,1.83062,3.7982874,1.0477202
48.00000000977888,1.1090993,1.840123,4.1951704,1.1122034
48.050000009789066,1.1690288,2.0605044,4.2276964,1.0994813
48.10000000979925,1.1255823,1.8322723,3.9294374,1.0883667
48.15000000980944,1.2303435,1.913914,4.2825465,1.0638301
48.20000000981962,1.0705576,1.8488524,3.8724093,1.1133752
48.25000000982981,1.0557636,1.8584622,4.0853744,1.0594769
48.30000000984,1.200424,1.7917095,4.44161,1.0969288
48.350000009850184,1.1456032,1.8622755,4.0140314,1.0569161
48.40000000986037,1.0475847,1.7124982,3.9039671,1.1076826
48.450000009870564,1.1862677,1.8996586,4.2863517,1.0706121
48.50000000988074,1.1668031,2.067279,4.03722,1.1047448
48.55000000989093,1.0228469,1.6693449,3.9135761,1.0602529
48.60000000990112,1.0393351,1.7790073,3.9870403,1.0811663
48.6500000099113,1.0543154,1.6025765,3.7172415,1.0219005
48.70000000992149,1.0369848,1.7203889,3.9649298,1.0526179
48.75000000993168,1.0094815,1.6235107,3.9080424,1.0208699
48.80000000994186,0.98193675,1.4445872,3.8977,1.074048
48.85000000995205,1.0058827,1.6319149,4.2758555,1.1226091
48.900000009962234,1.0172775,1.684857,4.140777,1.0479258
48.95000000997242,0.94475657,1.7654694,4.197093,1.1425596
49.00000000998261,1.0506895,1.6503203,4.134176,1.1025954
49.05000000999279,0.9595355,1.717016,3.7314608,1.0768933
49.10000001000298,1.0671722,1.8585637,4.067703,1.0531414
49.150000010013166,1.0389742,1.7516571,3.9884913,1.0605322
49.20000001002335,0.960288,1.7820098,4.3258786,1.0589002
49.25000001003354,0.93414813,1.8645502,3.9097402,1.0540683
49.30000001004373,0.9752625,1.79901,4.0253315,1.0611382
49.35000001005391,0.9934885,1.89094,3.9805946,1.0219616
49.4000000100641,1.0672839,2.0339427,3.7029192,1.0089924
49.450000010074284,1.0413077,1.8955715,3.8703573,1.0383731
49.50000001008447,0.99873793,1.9353518,3.8885822,1.0516601
49.55000001009466,1.0407941,1.9598591,3.895812,1.0904392
49.60000001010484,1.0562512,1.9005039,3.7281995,1.0625899
49.65000001011503,1.1190555,1.9785955,4.508974,1.0758624
49.700000010125216,1.0484521,1.7955763,4.2459254,1.055442
49.7500000101354,1.1323283,1.8889129,4.174601,1.0114305
49.80000001014559,1.1682513,1.8289773,4.391485,1.1131989
49.850000010155775,1.0780103,1.7978785,4.0998306,1.0825003
49.90000001016596,1.110924,1.8155603,4.3517337,1.0593107
49.950000010176154,1.2026157,1.7956557,4.0063148,1.1060024
50.000000010186334,1.0842507,1.7398762,4.113732,1.1080642
50.05000001019652,1.1176723,1.851452,3.9005187,1.0848098
50.10000001020671,1.099831,1.8058234,4.353317,1.1046535
50.15000001021689,1.1120656,1.8354754,4.10185,1.1165596
50.20000001022708,1.1005011,1.8446674,4.2889757,1.0798278
50.250000010237265,1.0479854,1.9312395,4.5729628,1.0157199
50.30000001024745,1.1587508,1.9213803,4.128786,1.1239047
50.35000001025764,1.0298442,1.861028,4.569745,0.89647263
50.400000010267824,1.075744,1.8805227,4.438155,1.0251652
50.45000001027801,1.0282004,1.9145057,4.53109,1.1690404
50.500000010288204,1.0809854,1.975181,4.2131667,1.1250505
50.55000001029838,1.073361,1.7370875,4.054311,1.0636336
50.60000001030857,1.038362,1.5732871,4.1145587,1.06308
50.65000001031876,1.1289643,1.8560206,4.346786,1.098566
50.70000001032894,1.0582865,1.859446,4.434834,0.99344724
50.75000001033913,1.1202501,1.9340544,4.27988,1.069046
50.800000010349315,1.0526434,1.7634242,4.078154,1.0515659
50.8500000103595,1.0849621,1.9371006,4.108834,1.0699943
50.90000001036969,1.086552,1.9363736,4.4267526,1.1017784
50.950000010379874,1.0821226,2.0144842,4.2736907,1.0831033
51.00000001039006,1.0365509,1.8268282,4.2346363,1.1241363
51.05000001040025,1.1184065,1.7541265,4.005632,1.054404
51.10000001041043,1.0746828,1.7139206,4.2066026,1.0678934
51.15000001042062,1.1286943,1.6513805,4.3454204,1.1095767
51.200000010430806,1.1128578,1.7159362,4.2543087,1.070905
51.25000001044099,1.1785042,1.7990751,3.9349475,1.1245124
51.30000001045118,1.1042928,1.9108949,3.7163594,1.0722245
51.35000001046136,1.0282192,1.7668715,4.20807,1.0354707
51.40000001047155,1.1026396,1.740788,4.0660887,1.1399258
51.45000001048174,1.135187,1.6742783,4.0746927,1.0200108
51.500000010491924,1.060482,2.0503764,3.710921,1.081664
51.55000001050211,1.0140054,1.8567318,4.3397236,1.1042715
51.6000000105123,1.0833161,2.0501108,4.132439,1.0219893
51.65000001052248,1.1096585,2.0579388,4.145437,1.0832727
51.70000001053267,1.0555273,1.9250435,3.9358222,1.0855423
51.75000001054285,1.1225585,2.0785632,4.073048,1.11026
51.80000001055304,1.1668671,1.7943193,4.144134,1.1096668
51.85000001056323,1.2252536,1.9580555,4.451807,1.027158
51.900000010573414,1.263479,1.9071171,4.097179,1.1040722
51.9500000105836,1.2976017,1.8725607,4.323441,1.0328238
52.00000001059379,1.1438099,1.781101,4.242972,1.0228692
52.05000001060397,1.3096076,1.7358327,4.2019167,1.0175635
52.10000001061416,1.2287735,1.7653514,3.997924,1.0680927
52.150000010624346,1.2379075,1.6571765,3.9626784,1.1163856
52.20000001063453,1.2829013,1.8820041,4.3675833,0.99030757
52.25000001064472,1.2126265,1.8560876,4.225001,1.0743536
52.3000000106549,1.1356626,1.6447102,4.199589,1.0989132
52.35000001066509,1.2138066,1.8001211,4.3637633,0.9692485
52.40000001067528,1.1650492,1.6834905,4.028239,1.0261827
52.450000010685464,1.1094823,1.7549175,3.897138,1.0235019
52.50000001069565,1.2448294,1.7093632,4.090629,1.085778
52.550000010705844,1.2778698,2.0154898,3.973987,1.0582722
52.60000001071602,1.2253077,1.7508895,4.0437756,1.0887114
52.65000001072621,1.162509,1.6248287,3.8218088,1.0690607
52.7000000107364,1.1475115,1.732219,4.2564244,1.0806954
52.75000001074658,1.1252062,1.6916167,4.3599443,1.009165
52.80000001075677,1.1144156,1.7042052,4.1384306,1.0840791
52.85000001076696,1.1105188,1.4802831,4.0296874,1.0600505
52.90000001077714,1.1094104,1.5961237,4.5108433,1.0491861
52.95000001078733,1.1983906,1.7315285,4.065283,1.0378634
53.000000010797514,1.1889567,1.8095695,4.1754932,1.0303776
53.0500000108077,1.1673964,1.7286279,4.0498643,1.0292698
53.10000001081789,1.3848274,1.7886574,4.4660535,1.075449
53.15000001082807,1.2445002,1.7045858,4.3200526,1.0765321
53.20000001083826,1.2543398,1.6058817,4.2710323,1.0580244
53.250000010848446,1.179776,1.7872459,4.1774063,1.0507547
53.30000001085863,1.3017474,1.7560005,4.172371,1.1104417
53.35000001086882,1.2910103,1.9412768,3.8214633,1.0773505
53.40000001087901,1.301007,1.803727,4.1763506,1.0956892
53.45000001088919,1.3235687,1.762346,4.1979833,1.0794847
53.50000001089938,1.3368001,1.9132133,3.875678,1.0915958
53.550000010909564,1.2447537,1.9023592,4.417043,1.0147958
53.60000001091975,1.2885311,1.7642772,4.17045,1.0905426
53.650000010929936,1.2813094,1.7309511,4.382001,1.1363444
53.70000001094012,1.2140903,1.7532489,4.1781354,1.0480869
53.75000001095031,1.3224411,1.7435998,4.684211,1.0838253
53.800000010960495,1.2349051,1.7341471,4.3176565,1.0821997
53.85000001097068,1.2826207,1.7497324,4.1415973,1.1327307
53.90000001098087,1.2410389,1.8073022,4.2980757,1.0879412
53.950000010991054,1.1942618,1.9089613,3.9654424,1.0756766
54.00000001100124,1.2174106,1.7130743,3.863398,1.1153426
54.050000011011434,1.1410246,1.7600105,4.3658495,1.0663364
54.10000001102161,1.1781204,1.8340571,4.1082106,1.0795221
54.1500000110318,1.1342993,1.8515497,4.013728,1.0947707
54.20000001104199,1.2096606,2.0394144,4.0762906,1.032259
54.25000001105217,1.2472931,1.9252418,3.8586366,1.1049547
54.30000001106236,1.2383013,1.9365574,4.0768986,1.0535705
54.350000011072545,1.1805521,1.7508281,3.920423,1.0419471
54.40000001108273,1.1904118,1.8703377,4.1514974,1.0796393
54.45000001109292,1.2439582,1.8799751,4.188146,1.0098554
54.500000011103104,1.338461,2.0077493,4.0451903,1.1386533
54.55000001111329,1.1997623,2.024849,4.181671,1.0316521
54.600000011123484,1.2617611,1.8782766,3.6179094,1.050964
54.65000001113366,1.1184553,1.7226229,3.9301717,1.0853337
54.70000001114385,1.2264445,1.8061866,4.1710644,1.1441877
54.75000001115404,1.226671,1.9950035,4.479966,1.1041802
54.80000001116422,1.1967437,2.051861,3.924512,1.0472685
54.85000001117441,1.3479152,1.9906793,4.2523174,0.8115927
54.900000011184595,1.4294677,2.274423,4.296207,0.8961053
54.95000001119478,1.3712928,2.227132,4.5633655,0.8160165
55.00000001120497,1.2977588,2.180755,4.477053,0.8112842
55.050000011215154,1.3748052,2.1649902,4.48295,0.8894289
55.10000001122534,1.3684425,2.022872,4.3683233,0.91738117
55.15000001123553,1.2985425,1.9951024,4.0145307,0.9271985
55.20000001124571,1.2169719,1.9963348,4.281183,1.0986086
55.2500000112559,1.2682979,1.813797,4.6495705,1.0510993
55.300000011266086,1.324297,1.9703997,4.669179,1.1500728
55.35000001127627,1.3917742,2.1699944,4.6734586,1.080827
55.40000001128646,1.2194734,2.0382862,4.2887073,1.0835334
55.45000001129664,1.3202296,2.1167188,4.690891,1.0033712
55.50000001130683,1.3578386,1.9493037,4.1110616,1.083519
55.55000001131702,1.3514079,1.8893809,4.5490274,1.0488521
55.600000011327204,1.3022664,1.858307,4.380821,1.0534347
55.65000001133739,1.2248526,1.8738045,4.078767,1.0923809
55.700000011347576,1.355204,1.9705628,4.441124,1.0287513
55.75000001135776,1.4115967,1.8626187,4.619593,1.0582428
55.80000001136795,1.3213391,1.8073289,4.2997956,1.0696583
55.85000001137813,1.2055,1.940429,4.324204,1.0532842
55.90000001138832,1.2537478,1.8895382,4.346692,1.0716634
55.95000001139851,1.2768748,2.0387301,4.4771476,1.107392
56.000000011408694,1.1288191,1.8035244,4.040569,1.1296877
56.05000001141888,1.2297164,1.9060094,4.1196246,1.061502
56.10000001142907,1.2692626,1.8822675,4.2799416,1.0355265
56.15000001143925,1.2234377,1.995739,4.128407,1.0558746
56.20000001144944,1.2584536,2.0648537,4.2801313,1.0477457
56.250000011459626,1.2842343,1.9206007,4.307727,1.0839767
56.30000001146981,1.3663864,1.8971732,4.262868,1.0652007
56.35000001148,1.3005565,2.1858683,3.8665652,1.0920544
56.40000001149018,1.2460954,1.8835366,4.5249205,1.0556973
56.45000001150037,1.1057404,1.854272,4.232906,1.1337382
56.50000001151056,1.1612688,1.8764136,5.0488925,1.0843159
56.550000011520744,1.3627286,2.0290415,5.1257634,1.0304986
56.60000001153093,1.2673361,1.9613136,4.5714016,0.8751621
56.650000011541124,1.3605223,1.9146825,4.123363,1.086829
56.7000000115513,1.29279,1.9356318,4.4882684,1.0776134
56.75000001156149,1.3646525,1.968843,4.56885,1.0812883
56.80000001157168,1.4133937,2.0317216,4.391795,1.0518476
56.85000001158186,1.296829,1.9606085,4.025382,1.1007274
56.90000001159205,1.3679506,1.7337134,3.986176,1.1363057
56.95000001160224,1.3551317,1.7550124,4.472284,1.0323558
57.00000001161242,1.445293,1.8806858,3.7764263,1.0905871
57.05000001162261,1.26488,1.665753,5.0315714,0.9797621
57.100000011632794,1.2959883,1.9184718,4.308545,0.969936
57.15000001164298,1.2604675,1.7366265,4.3767495,0.9873531
57.20000001165317,1.3311332,1.8009946,4.1322765,1.0795985
57.25000001166335,1.434464,1.8638167,4.1474767,1.0916637
57.30000001167354,1.4893283,1.8240308,4.1210423,1.0636672
57.350000011683726,1.2882234,1.8056805,4.00134,1.0622092
57.40000001169391,1.499802,1.8288167,4.6748967,1.0492036
57.4500000117041,1.3432752,1.7881012,4.5107656,1.0170515
57.50000001171429,1.4316522,1.839279,3.8389478,1.0847421
57.55000001172447,1.3959537,1.9589725,3.90768,1.108017
57.60000001173466,1.425055,2.1378179,4.27367,1.1040432
57.650000011744844,1.4174901,2.176866,4.128257,1.084151
57.70000001175503,1.4807928,2.0426977,4.5102987,1.0546067
57.750000011765216,1.3877811,1.8745826,4.141131,1.0612756
57.8000000117754,1.4746118,1.9406383,4.043996,1.0956817
57.85000001178559,1.3993778,1.9300671,4.006968,1.0559101
57.900000011795775,1.404355,2.1550422,4.333646,1.0776551
57.95000001180596,1.3936843,2.1916733,4.0525904,1.0966035
58.00000001176521,1.338861,2.1791787,4.177475,1.095551
58.0500000115935,1.3585837,2.0827534,4.1522713,1.1623161
58.100000011421784,1.3364798,2.133821,3.9264193,1.1831545
58.15000001125007,1.3615328,1.9912448,3.8005044,1.1378146
58.20000001107836,1.4326451,1.9390464,3.536902,1.0890684
58.250000010906646,1.4253685,1.9418954,4.087978,1.1045597
58.300000010734934,1.2681248,1.8299191,3.8894126,1.0583137
58.35000001056322,1.4116348,1.9443235,4.4872007,1.0920904
58.40000001039151,1.3851151,2.0421104,3.8890746,1.0781953
58.450000010219796,1.4015485,1.981065,3.9862645,1.070397
58.50000001004808,1.3993376,1.8029958,4.070327,1.0960991
58.55000000987637,1.4455837,1.9245448,3.8833961,0.8263469
58.60000000970466,1.4794289,1.9338454,3.5266125,0.8778581
58.650000009532945,1.2910824,1.6981624,3.797833,0.913603
58.70000000936123,1.4456599,1.9329618,3.9345028,0.92426443
58.75000000918952,1.3260163,1.9532275,3.6955059,0.8296759
58.80000000901781,1.410545,1.9210172,3.702693,0.9000742
58.850000008846095,1.2991155,1.8675361,3.4544013,0.9981446
58.90000000867438,1.277673,1.8080108,3.6190367,0.87063545
58.95000000850267,1.2862742,1.7809675,3.4581208,0.9568655
59.00000000833096,1.2584724,1.8175998,3.8589249,0.8582774
59.050000008159245,1.2756624,1.862651,3.3173885,0.9480659
59.10000000798753,1.2468208,1.8764627,3.709736,0.8691417
59.15000000781582,1.2312876,1.9848127,3.6959991,0.8508508
59.20000000764411,1.2278085,1.9934709,3.7946687,0.904788
59.250000007472394,1.2176147,1.998682,3.565802,0.8516306
59.30000000730068,1.2622166,1.9629966,3.4178286,0.9007982
59.35000000712897,1.1993642,1.8878593,3.712258,0.893805
59.40000000695726,1.2717452,1.8535323,3.965244,0.7893468
59.450000006785544,1.2839801,1.8294308,3.6230443,0.8922237
59.50000000661383,1.2792411,1.7945828,3.4310367,0.8937394
59.55000000644212,1.2490786,1.5444179,3.579353,0.8619257
59.600000006270406,1.340816,1.834092,4.017529,0.9075416
59.65000000609869,1.1584651,1.5779171,4.0550203,0.9660957
59.70000000592698,1.1462106,1.5314846,3.8521674,0.96206
59.75000000575527,1.2035667,1.6965125,3.828032,0.88515866
59.800000005583556,1.1490123,1.8075334,3.6778784,0.94639784
59.85000000541184,1.0956334,1.644287,3.645608,0.9592669
59.90000000524013,1.1407776,1.7412248,3.920897,0.8935927
59.95000000506842,1.1759588,1.7135133,3.7696629,0.8581011
60.000000004896705,1.0742692,1.6553633,3.7380779,0.94547594
60.05000000472499,1.1679616,1.7371187,3.946109,0.8968797
60.10000000455328,1.2078277,1.7272998,3.951551,0.94653064
60.15000000438157,1.1594192,1.7225319,3.9343462,0.95630467
60.200000004209855,1.1447681,1.7590361,3.9219308,0.9616423
60.25000000403814,1.181889,1.6320282,4.048145,0.9013325
60.30000000386643,1.1788496,1.6338253,4.0386705,0.88083327
60.35000000369472,1.1311553,1.6373792,3.9191456,0.9260485
60.400000003523004,1.2014518,1.7706047,3.8054683,0.84839106
60.45000000335129,1.2313807,1.7322836,3.8871858,0.9758016
60.50000000317958,1.1685786,1.7226186,3.9912643,0.8393992
60.55000000300787,1.2676908,1.7890024,4.0174427,0.7856392
60.600000002836154,1.3317516,1.8184878,3.776062,1.0298373
60.65000000266444,1.2589616,1.7428297,3.918387,0.92769384
60.70000000249273,1.2459944,1.6629591,4.0006957,0.8839997
60.750000002321016,1.1943979,1.5567993,4.152995,0.9757274
60.800000002149304,1.1582484,1.7382848,3.826115,0.8671263
60.85000000197759,1.161806,1.7697335,3.8509822,0.98913187
60.90000000180588,1.1734041,1.9187374,4.301589,0.91906995
60.950000001634166,1.0952289,1.7791872,4.028406,0.88817745
61.00000000146245,1.1652602,1.7451049,3.9185877,0.9471262
61.05000000129074,1.1821611,1.5880504,4.0337524,0.9253571
61.10000000111903,1.205155,1.6718619,3.807651,1.0240904
61.150000000947315,1.1615466,1.8225393,3.8144062,0.91425526
61.2000000007756,1.1993252,1.7750816,3.5232787,0.9357328
61.25000000060389,1.1828113,1.6387897,4.008363,0.92929775
61.30000000043218,1.340231,1.7923356,4.748128,0.82104325
61.350000000260465,1.1954829,1.7714244,3.7027473,0.8283485
61.40000000008875,1.2479284,1.69464,3.7155013,0.84993637
61.44999999991704,1.2598683,1.7589424,3.5839274,0.9405663
61.49999999974533,1.3013127,1.7901849,3.5840044,0.9177929
61.549999999573615,1.2334075,1.6904618,3.7587347,0.9040073
61.5999999994019,1.2800437,1.7348276,3.8844705,0.7949496
61.64999999923019,1.2875161,1.8084681,3.8873208,0.92247194
61.69999999905848,1.2790446,1.8856416,3.5760522,0.9393985
61.749999998886764,1.2138164,1.9679434,3.4862492,0.9215002
61.79999999871505,1.375686,1.9109423,2.9280596,1.0550395
61.84999999854334,1.2107618,1.978885,3.082228,0.98778576
61.89999999837163,1.1940509,1.7866063,2.749092,0.93827724
61.949999998199914,1.2210948,1.868731,2.91221,0.92635155
61.9999999980282,1.2403167,1.8635477,2.767848,0.9378237
62.04999999785649,1.1653258,1.9278623,3.2928917,0.902645
62.099999997684776,1.1521105,1.9250338,3.4117982,0.9063626
62.14999999751306,1.2481916,2.1180606,4.105409,0.8980465
62.19999999734135,1.1857979,2.09447,4.198099,0.93451
62.24999999716964,1.2162932,1.8037957,4.032183,0.8947525
62.299999996997926,1.2410657,1.8880099,3.5055969,0.99298006
62.34999999682621,1.1466646,1.614216,3.6555564,0.9541707
62.3999999966545,1.0802963,1.6375941,3.6895297,0.8512085
62.44999999648279,1.1585493,1.7019855,3.71369,0.9831714
62.499999996311075,1.2561231,1.8391817,3.6472878,0.9205066
62.54999999613936,1.2266821,1.7641447,3.4459786,0.9210632
62.59999999596765,1.219861,1.7414421,3.3339195,0.9014169
62.64999999579594,1.2066365,1.9268696,3.6187112,0.8949503
62.699999995624225,1.2832183,2.0459132,3.5933557,0.9572219
62.74999999545251,1.2721823,1.8875037,3.4625137,1.0224818
62.7999999952808,1.249011,1.9519113,3.301826,0.9043268
62.84999999510909,1.2840829,1.9252075,3.247325,0.93352133
62.899999994937374,1.2564776,1.8527592,3.2980242,0.97466856
62.94999999476566,1.2445562,2.051903,3.1127415,0.986025
62.99999999459395,1.3433243,2.009226,3.6912014,0.93797433
63.04999999442224,1.3139286,2.0217853,3.508812,0.9101759
63.099999994250524,1.3598036,1.9458609,3.2694507,0.9139713
63.14999999407881,1.2652124,1.9592689,3.1959949,1.0219471
63.1999999939071,1.2524087,1.8745847,3.5979626,0.922462
63.249999993735386,1.251774,1.8472598,3.3168175,0.94919014
63.299999993563674,1.1904057,1.8494542,3.5313458,0.9134293
63.34999999339196,1.3272702,1.9930303,3.3273127,0.866156
63.39999999322025,1.2143085,1.8445598,3.4800134,0.92168224
63.449999993048536,1.2766774,2.0276,3.599904,0.93435293
63.49999999287682,1.2717901,1.9797052,3.261142,0.863245
63.54999999270511,1.3470882,2.0725062,3.6631837,0.93633044
63.5999999925334,1.2854896,2.0383077,3.5733042,0.9403498
63.649999992361685,1.2588115,1.9789972,3.0736423,1.0062094
63.69999999218997,1.303668,1.85762,3.5449193,1.0015682
63.74999999201826,1.2512,2.015848,3.3192558,0.93552303
63.79999999184655,1.2509967,1.7626212,3.4348626,0.86097413
63.849999991674835,1.2174414,1.8128074,3.3708034,0.93636274
63.89999999150312,1.2803736,1.9528521,4.08005,0.90781736
63.94999999133141,1.1616598,1.8384032,3.386648,0.9777796
63.9999999911597,1.1680925,1.8779923,3.7178001,0.93613946
64.04999999098798,1.1198311,1.7348931,3.474133,0.89674884
64.09999999081627,1.1560036,1.77486,3.771791,0.8508486
64.14999999064456,1.2570097,1.9935093,3.8773208,0.87254596
64.19999999047285,1.1536108,1.9021136,3.9086795,0.88247037
64.24999999030113,1.1298001,1.8081317,3.9973738,0.8608782
64.29999999012942,1.2128502,1.9150232,3.2061293,0.9137415
64.34999998995771,1.1672196,1.9630673,3.758621,0.9281553
64.399999989786,1.2895464,1.9306017,3.6270542,0.95662487
64.44999998961428,1.2450414,1.848427,3.672024,0.90968615
64.49999998944257,1.2945884,1.860196,3.7477565,0.99295604
64.54999998927086,1.1794498,1.8588393,3.7777283,0.9361649
64.59999998909915,1.152996,1.8171616,3.9668822,0.94335246
64.64999998892743,1.1973648,1.8095173,3.765561,0.9684695
64.69999998875572,1.2185278,1.8274986,3.9377453,0.95047027
64.74999998858401,1.2461854,1.7470676,4.088374,0.90656495
64.7999999884123,1.2048752,1.7840626,3.9621992,0.9834231
64.84999998824058,1.202029,1.8985307,3.889358,0.9055498
64.89999998806887,1.1929493,1.8523847,3.6317751,0.978969
64.94999998789716,1.2841377,1.8386406,3.8046951,0.8998051
64.99999998772545,1.3408699,1.7987846,3.8675194,0.8839997
65.04999998755373,1.2947557,1.9580982,3.8939073,0.9087956
65.09999998738202,1.308558,1.9967513,3.9576986,0.9515097
65.14999998721031,1.2945693,1.8616873,3.8150623,0.91027164
65.1999999870386,1.2589847,1.9167373,3.6744075,0.99176496
65.24999998686688,1.3010178,1.897126,3.7045777,0.9464569
65.29999998669517,1.3560761,1.9046252,3.6195717,0.84396744
65.34999998652346,1.3124642,1.9208623,3.486357,1.011124
65.39999998635174,1.2633252,1.9689038,3.9172113,0.94648504
65.44999998618003,1.2780534,2.0451078,3.8359392,1.0288777
65.49999998600832,1.37608,1.9535071,3.865497,0.9662712
65.5499999858366,1.4453583,1.9708346,3.706237,0.9309343
65.5999999856649,1.3313662,1.9822322,4.114347,0.8336288
65.64999998549318,1.1818987,2.1180444,4.1657896,1.0450376
65.69999998532147,1.2326527,2.083591,3.957324,1.00985
65.74999998514976,1.3120799,2.1154246,3.556405,0.90834343
65.79999998497804,1.3792692,2.2427902,4.037112,0.9680784
65.84999998480633,1.4203812,2.2522037,3.968483,0.93891525
65.89999998463462,1.3852764,2.0419295,3.7845645,0.94378686
65.9499999844629,1.3976727,2.0006208,3.596873,0.9807761
65.9999999842912,1.3004308,1.8812039,3.1934981,0.9762733
66.04999998411948,1.3484371,1.8439157,3.0245435,1.0244145
66.09999998394777,1.2602221,1.8522023,3.005035,0.98540634
66.14999998377606,1.2514818,2.0409725,3.6210198,0.9632221
66.19999998360434,1.3818684,2.02745,3.6062136,0.896134
66.24999998343263,1.3229972,2.1355822,3.1749206,1.0378335
66.29999998326092,1.3414305,2.0490127,3.510468,0.8745426
66.3499999830892,1.351011,1.9302764,3.6089685,0.93652433
66.39999998291749,1.3830152,2.1118367,3.207874,0.92828476
66.44999998274578,1.3384879,1.9029243,3.8624253,0.9143976
66.49999998257407,1.364011,1.7309387,3.361826,0.9359748
66.54999998240235,1.4452289,1.9198956,3.1784325,0.9235409
66.59999998223064,1.3234104,1.8116567,3.574089,0.88594973
66.64999998205893,1.4125682,1.8419733,3.4644628,0.66874653
66.69999998188722,1.3140149,1.9068699,3.274922,0.43221962
66.7499999817155,1.4807787,2.0197425,2.9818664,0.6685792
66.79999998154379,1.406333,2.1104088,2.7120283,0.6968039
66.84999998137208,1.2884684,1.8954123,3.4771094,0.48474342
66.89999998120037,1.3465865,2.071428,3.1568155,0.7046193
66.94999998102865,1.3119239,1.9846773,3.442625,0.7375932
66.99999998085694,1.3834598,1.952621,3.1068544,0.65123445
67.04999998068523,1.239041,1.9375136,3.418016,0.6178491
67.09999998051352,1.3534515,1.9298632,3.4743354,0.5662589
67.1499999803418,1.3958116,2.2019737,2.8939772,0.6971342
67.19999998017009,1.4685867,2.142714,3.322647,0.6924859
67.24999997999838,1.5731955,2.1926837,3.375347,0.6333107
67.29999997982667,1.4109975,2.089818,3.485258,0.68222815
67.34999997965495,1.4363096,2.0260694,3.080678,0.65371084
67.39999997948324,1.5362148,2.025247,2.719258,0.7565875
67.44999997931153,1.453176,1.8841499,3.0848513,0.74286306
67.49999997913982,1.3808229,1.871158,3.1132107,0.71467507
67.5499999789681,1.4887232,1.9823513,2.8154662,0.6565941
67.59999997879639,1.4326062,1.947542,2.8243833,0.758222
67.64999997862468,1.5002234,1.9095037,2.901526,0.6798341
67.69999997845296,1.4676106,2.0308285,2.6586065,0.8481575
67.74999997828125,1.5071645,2.176856,3.2040858,0.70588183
67.79999997810954,1.5205207,2.111203,3.2129166,0.6364435
67.84999997793783,1.5324543,2.0526662,3.0871832,0.7209666
67.89999997776611,1.7132537,2.2492442,3.2267761,0.5970762
67.9499999775944,1.5335215,2.3150663,3.040965,0.6966066
67.99999997742269,1.5479739,2.1485589,2.7245245,0.6511682
68.04999997725098,1.5711166,2.1480947,3.2397091,0.57081217
68.09999997707926,1.5241716,1.9919347,3.153957,0.6581801
68.14999997690755,1.4834526,2.1297927,3.2047343,0.6194928
68.19999997673584,1.4303672,2.0489175,3.3723998,0.73418134
68.24999997656413,1.3792489,1.9434208,3.411314,0.6397817
68.29999997639241,1.3419343,2.0923502,3.3994875,0.6961273
68.3499999762207,1.3966758,1.9385229,3.3308651,0.6826138
68.39999997604899,1.5149783,1.9091947,3.0597332,0.63517
68.44999997587728,1.3643734,1.8127836,3.1416812,0.68875086
68.49999997570556,1.4413133,2.103971,3.3633447,0.5632421
68.54999997553385,1.2798797,1.7394147,3.130179,0.6621431
68.59999997536214,1.3111408,1.7943141,3.323681,0.65775084
68.64999997519043,1.4079592,1.8488228,3.242979,0.5491774
68.69999997501871,1.318285,2.0587966,3.192874,0.6494903
68.749999974847,1.4361372,2.0135894,3.019905,0.52207816
68.79999997467529,1.3497124,1.9627459,2.9625237,0.7364809
68.84999997450358,1.3883111,1.9059973,2.9353728,0.8120513
68.89999997433186,1.365412,1.9364896,3.1715763,0.71367353
68.94999997416015,1.3282738,1.8131214,3.2180262,0.59822845
68.99999997398844,1.2581099,1.83864,3.1103058,0.7260692
69.04999997381672,1.4135234,2.0073357,3.0042992,0.6501084
69.09999997364501,1.4014488,2.0914588,2.9962013,0.70079577
69.1499999734733,1.5038779,2.2380242,3.2563317,0.68750226
69.19999997330159,1.3837142,2.1112285,3.2760239,0.6044911
69.24999997312987,1.3205156,2.0040743,3.2083676,0.69006234
69.29999997295816,1.344429,1.9925654,3.3018339,0.62830126
69.34999997278645,1.2939597,2.0444286,3.1324368,0.6781825
69.39999997261474,1.3634696,1.8664091,3.2515025,0.7324231
69.44999997244302,1.2751038,1.8949628,3.4756997,0.7041545
69.49999997227131,1.288554,1.9665887,3.3044906,0.64659095
69.5499999720996,1.2731638,1.9980059,3.3496168,0.7724762
69.59999997192789,1.3458169,2.0253808,3.0823197,0.68114126
69.64999997175617,1.3983641,2.1535945,3.2287428,0.70289147
69.69999997158446,1.2430251,2.0701156,3.3959365,0.6149496
69.74999997141275,1.3634442,1.9520521,3.2097135,0.578215
69.79999997124104,1.4826181,1.9985273,3.1577582,0.7239709
69.84999997106932,1.44169,1.9242598,2.8158283,0.6291355
69.89999997089761,1.4811184,2.0959277,2.999185,0.72048694
69.9499999707259,1.4501991,2.0557704,2.9958405,0.64271474
69.99999997055419,1.3803738,2.0722141,3.1207526,0.6878329
70.04999997038247,1.3708025,2.1075675,3.0643153,0.55002165
70.09999997021076,1.3609986,2.1374888,2.9684973,0.7364012
70.14999997003905,1.3216562,2.2618327,3.1888661,0.638219
70.19999996986733,1.4169922,2.0857487,2.9265924,0.6554073
70.24999996969562,1.3965667,1.9996395,3.2533052,0.6795467
70.29999996952391,1.5051298,1.8649168,3.3061748,0.6268474
70.3499999693522,1.4256976,2.0413735,3.3730695,0.6718301
70.39999996918048,1.3378243,1.8664863,3.3048975,0.78099525
70.44999996900877,1.2963201,1.7961509,3.4178507,0.6138287
70.49999996883706,1.3349524,1.825305,3.525362,0.64749366
70.54999996866535,1.4913406,1.9373738,3.3921227,0.5272342
70.59999996849363,1.3532217,1.9324389,2.8753102,0.55552757
70.64999996832192,1.311246,1.7929744,2.863411,0.73510754
70.69999996815021,1.4766638,2.0176532,2.992313,0.70808166
70.7499999679785,1.4268857,1.9332695,3.223491,0.70433164
70.79999996780678,1.3688314,1.9009199,2.8993635,0.7935411
70.84999996763507,1.4082062,2.0559297,3.1711607,0.6443392
70.89999996746336,1.3600694,1.8923049,2.9403365,0.76921195
70.94999996729165,1.2994897,1.8522198,3.0205514,0.5639677
70.99999996711993,1.2515844,1.8494653,3.1853726,0.6208783
71.04999996694822,1.3211013,1.8899703,3.300223,0.6964657
71.09999996677651,1.4570913,1.9396485,2.9525518,0.7347607
71.1499999666048,1.4236662,1.8201524,3.1534643,0.60537183
71.19999996643308,1.3896757,1.8941498,3.0353088,0.6980714
71.24999996626137,1.2391962,1.8370901,3.0839143,0.6384345
71.29999996608966,1.3848863,1.8668355,3.245088,0.5332576
71.34999996591795,1.3818945,1.7360489,3.2865427,0.47104686
71.39999996574623,1.3527685,1.9532893,3.3700724,0.63331497
71.44999996557452,1.298617,1.7213192,3.5357013,0.5293276
71.49999996540281,1.3454821,1.7267468,3.4223404,0.5795377
71.5499999652311,1.3661398,1.790527,3.3026786,0.6373376
71.59999996505938,1.2539506,1.624773,3.4818134,0.70903414
71.64999996488767,1.3739314,1.7121649,3.1235046,0.65236694
71.69999996471596,1.3405039,1.6925246,3.165357,0.5702158
71.74999996454424,1.3384311,1.774296,3.7772396,0.59973645
71.79999996437253,1.3697261,1.9207264,2.9755962,0.6386542
71.84999996420082,1.3032713,1.7843698,3.402972,0.61144733
71.8999999640291,1.3427312,1.8403292,3.2127833,0.62926817
71.9499999638574,1.3927357,1.9290462,2.9839563,0.6078811
71.99999996368568,1.352161,1.8823884,3.1935618,0.51983917
72.04999996351397,1.3409747,1.888581,3.190908,0.75368524
72.09999996334226,1.2691439,1.7337567,2.821023,0.7421912
72.14999996317054,1.2999476,1.8995786,3.3248115,0.642913
72.19999996299883,1.2953888,1.8957235,3.2288501,0.59025043
72.24999996282712,1.3440316,2.011898,3.314662,0.54259074
72.2999999626554,1.4003832,2.0077577,3.2526898,0.70292413
72.3499999624837,1.3975976,2.103919,3.3371778,0.6846875
72.39999996231198,1.2500176,1.9598458,3.316783,0.7024204
72.44999996214027,1.2845788,2.154174,3.2038994,0.6784218
72.49999996196856,1.4187883,2.3042872,3.354809,0.64109755
72.54999996179684,1.3514029,1.9790387,2.8708766,0.49411702
72.59999996162513,1.319332,2.0968132,3.126929,0.5940831
72.64999996145342,1.3584243,2.1870742,2.8798203,0.6105033
72.6999999612817,1.3611736,2.1075706,2.9984787,0.54666036
72.74999996110999,1.3257992,2.2191272,3.2659533,0.57131314
72.79999996093828,1.363473,2.3462684,3.1053889,0.64958066
72.84999996076657,1.4611441,2.1543326,2.9670672,0.6417395
72.89999996059485,1.3797468,2.107986,3.1391144,0.6678437
72.94999996042314,1.3871431,2.0544496,3.1371477,0.6049824
72.99999996025143,1.2526197,2.034104,3.2831204,0.55448
73.04999996007972,1.4503071,1.9907248,3.3572042,0.6295377
73.099999959908,1.2660995,1.7506309,3.3281403,0.63427716
73.14999995973629,1.3341044,1.8179843,3.1481442,0.59370476
73.19999995956458,1.3568102,1.7848847,3.212339,0.63464135
73.24999995939287,1.3738554,1.6796663,3.25698,0.5440625
73.29999995922115,1.3379097,1.8044454,3.4630747,0.488146
73.34999995904944,1.4143766,1.8672456,3.0797803,0.548977
73.39999995887773,1.4547981,1.9813205,3.3171341,0.54704434
73.44999995870602,1.5267441,2.0155928,3.488162,0.44596332
73.4999999585343,1.4075266,1.9972594,3.2808843,0.6336176
73.54999995836259,1.4575443,1.9374034,3.2279048,0.57448876
73.59999995819088,1.4480567,1.815861,2.8040943,0.63081676
73.64999995801917,1.3140016,1.8243015,2.8379993,0.6891608
73.69999995784745,1.3123214,1.9014943,2.6762853,0.67191195
73.74999995767574,1.3352399,2.1368952,3.4032128,0.6251526
73.79999995750403,1.3417493,1.952734,3.1550028,0.63213676
73.84999995733232,1.3437294,2.0347323,3.0353441,0.59235954
73.8999999571606,1.3797038,2.0588639,2.9577065,0.6631435
73.94999995698889,1.3732982,1.8834716,2.97045,0.6892539
73.99999995681718,1.310863,1.5459211,3.1555195,0.5133728
74.04999995664546,1.2886865,1.562613,2.7258344,0.6221442
74.09999995647375,1.2710032,1.684483,3.0954292,0.6647816
74.14999995630204,1.2558465,1.7103753,3.28344,0.52938473
74.19999995613033,1.250226,1.709727,3.178835,0.6449778
74.24999995595861,1.3258958,1.8193407,3.176851,0.6004592
74.2999999557869,1.3550007,1.8201058,3.2637906,0.50421894
74.34999995561519,1.2851341,1.6895508,3.6277347,0.5847312
74.39999995544348,1.227073,1.6285902,3.4717119,0.53347254
74.44999995527176,1.2953426,1.5848463,2.8982267,0.53286195
74.49999995510005,1.2522513,1.6639798,3.7070255,0.58610183
74.54999995492834,1.2535061,1.6047769,3.429092,0.5910127
74.59999995475663,1.3644527,1.6585364,3.2470133,0.5984951
74.64999995458491,1.3330406,1.6192536,3.262918,0.6106505
74.6999999544132,1.3385134,1.6449699,3.2540262,0.58680075
74.74999995424149,1.3758488,1.7217486,2.9070296,0.5599732
74.79999995406978,1.3946806,1.8580749,3.3178625,0.6400884
74.84999995389806,1.3605047,1.7881398,3.4004693,0.65015495
74.89999995372635,1.4048566,1.8475353,2.9975865,0.61652374
74.94999995355464,1.4258058,1.872955,3.2303848,0.5607243
74.99999995338293,1.422658,1.8844528,3.5177026,0.53701377
75.04999995321121,1.436502,1.9706554,3.3981216,0.7053802
75.0999999530395,1.4301515,1.9105548,3.4815776,0.64537716
75.14999995286779,1.2552013,1.8365595,3.3681097,0.6659103
75.19999995269607,1.273209,2.0291522,3.5711994,0.53452003
75.24999995252436,1.3344264,2.0366893,3.084301,0.7294787
75.29999995235265,1.2460953,1.771169,3.5899546,0.6192278
75.34999995218094,1.3510313,1.7141266,3.3775022,0.66670716
75.39999995200922,1.325908,1.9556723,3.6255944,0.7026554
75.44999995183751,1.3927622,1.9983394,3.0674365,0.7061182
75.4999999516658,1.4481425,1.9892246,3.5352323,0.71533686
75.54999995149409,1.4534051,1.9809396,3.7322154,0.675045
75.59999995132237,1.4244378,1.9393315,3.7633407,0.5627713
75.64999995115066,1.4534324,1.9545149,3.147482,0.66813326
75.69999995097895,1.3619077,1.7181058,2.9376717,0.6351353
75.74999995080724,1.4427953,1.8637288,3.24954,0.5922264
75.79999995063552,1.4033222,1.8695247,3.329362,0.5817739
75.84999995046381,1.4684949,1.9408579,3.590487,0.6483146
75.8999999502921,1.3841473,1.9251723,3.0577593,0.71992034
75.94999995012039,1.4975734,2.0305815,3.0430036,0.65187204
75.99999994994867,1.3543375,1.9794726,3.0714488,0.64781934
76.04999994977696,1.3784891,2.0350416,2.870406,0.52670866
76.09999994960525,1.4119171,1.9265692,3.168017,0.63968146
76.14999994943354,1.4731159,1.9035684,3.0453858,0.6495976
76.19999994926182,1.4930063,1.9930954,3.1908698,0.5349453
76.24999994909011,1.5354815,2.1743898,3.282466,0.70913625
76.2999999489184,1.3201203,2.031631,2.9321651,0.61097324
76.34999994874669,1.3805217,1.8429655,3.1592357,0.68919545
76.39999994857497,1.3996482,1.9385778,3.2221353,0.65702826
76.44999994840326,1.3956338,1.9220517,3.100282,0.589764
76.49999994823155,1.3748413,1.8958069,3.191898,0.5116963
76.54999994805983,1.4643193,1.8111378,3.065879,0.5952982
76.59999994788812,1.4032041,1.6089367,2.8782928,0.659227
76.64999994771641,1.3749665,1.8547382,3.044367,0.6652628
76.6999999475447,1.3660182,1.9255931,3.1112046,0.7551014
76.74999994737298,1.3067573,2.001355,3.1342027,0.60650074
76.79999994720127,1.2116566,1.9778438,2.9146843,0.7403468
76.84999994702956,1.3660374,1.812594,3.3111906,0.669922
76.89999994685785,1.3762301,1.9926046,3.2218268,0.7103766
76.94999994668613,1.3426591,1.9931842,3.5079923,0.68968356
76.99999994651442,1.439731,1.7607409,2.821301,0.6897514
77.04999994634271,1.3066564,2.0116878,3.14219,0.55815744
77.099999946171,1.4476746,2.0293517,2.9945896,0.5875301
77.14999994599928,1.3268504,2.0907726,2.9851952,0.51052296
77.19999994582757,1.3883699,2.1337862,2.9808905,0.45994234
77.24999994565586,1.3765211,2.1613727,3.0855706,0.5959971
77.29999994548415,1.3553967,2.1316721,2.922536,0.47981504
77.34999994531243,1.4057815,2.0207655,3.1847417,0.45938975
77.39999994514072,1.3223631,1.9798726,2.9529557,0.54893523
77.44999994496901,1.5254011,2.0063477,2.9618738,0.45882648
77.4999999447973,1.3913555,2.0620856,3.344441,0.60012007
77.54999994462558,1.4879057,2.2529793,2.9661653,0.4792911
77.59999994445387,1.3967489,2.0566616,3.0231166,0.56724584
77.64999994428216,1.4252615,2.1025763,3.257091,0.50783056
77.69999994411044,1.4414108,1.9569643,3.2746184,0.48182517
77.74999994393873,1.4538097,2.2486587,3.1574905,0.5429135
77.79999994376702,1.4342947,2.1908915,3.1170871,0.5150508
77.84999994359531,1.5259479,2.1978948,2.6608472,0.6528981
77.8999999434236,1.5071526,1.981677,3.2772624,0.53600365
77.94999994325188,1.3629129,1.9159832,3.0372677,0.5216582
77.99999994308017,1.4425466,2.0431678,2.7758746,0.6231368
78.04999994290846,1.4416237,1.9701053,3.0627606,0.43933627
78.09999994273674,1.4968419,2.0099583,3.063779,0.5788474
78.14999994256503,1.4779056,1.9714326,2.998159,0.60536873
78.19999994239332,1.4214463,2.1059237,3.2194803,0.5044226
78.2499999422216,1.3945603,1.9626191,3.1821232,0.44041818
78.2999999420499,1.2591417,1.888666,3.2548566,0.5403655
78.34999994187818,1.3302419,1.8888764,3.0776432,0.53899264
78.39999994170647,1.3379205,1.879345,3.0888262,0.6559863
78.44999994153476,1.446434,1.8888468,3.272337,0.650138
78.49999994136304,1.3980211,1.9324758,2.6819406,0.694649
78.54999994119133,1.5331949,2.1642246,2.860156,0.4729392
78.59999994101962,1.4695294,2.150609,2.8797019,0.5584646
78.6499999408479,1.4182241,1.9769381,3.0379155,0.5405369
78.6999999406762,1.3722624,1.993466,3.0267496,0.48926246
78.74999994050448,1.4500524,1.9476007,3.2366414,0.61120737
78.79999994033277,1.471808,1.9742808,3.378657,0.5730536
78.84999994016106,1.4768296,2.1268172,2.9967227,0.6012299
78.89999993998934,1.4533515,2.1509461,2.8808498,0.4325886
78.94999993981763,1.408422,1.8975484,2.857327,0.52850753
78.99999993964592,1.4242561,2.0245776,2.9285693,0.51822793
79.0499999394742,1.4674913,2.0495918,3.192574,0.68755424
79.09999993930249,1.410808,2.036257,3.1617208,0.53111064
79.14999993913078,1.6061661,1.9633081,3.3670645,0.65900713
79.19999993895907,1.5463681,2.0277843,3.3206587,0.66160554
79.24999993878735,1.5638244,2.0221102,3.2220292,0.5424116
79.29999993861564,1.4697447,2.07238,3.481821,0.60311514
79.34999993844393,1.6037935,2.0799203,3.1205525,0.66549706
79.39999993827222,1.5554978,2.0048852,3.166977,0.5388412
79.4499999381005,1.4761394,2.0581503,3.272244,0.65045244
79.49999993792879,1.4738743,2.1610796,2.856815,0.52564555
79.54999993775708,1.5269787,2.127761,3.0814373,0.5234359
79.59999993758537,1.5691955,2.1188183,3.1154723,0.51208323
79.64999993741365,1.476799,2.0473452,3.0385401,0.5758312
79.69999993724194,1.3450943,1.9970336,2.8996334,0.6631975
79.74999993707023,1.3593222,2.068027,3.271383,0.5632827
79.79999993689852,1.3775,1.9501959,3.4871783,0.520273
79.8499999367268,1.4294574,2.1669784,3.4607115,0.56718284
79.89999993655509,1.4913243,2.149231,3.4689765,0.5459974
79.94999993638338,1.4836807,2.187688,3.2572439,0.58146644
79.99999993621167,1.4021382,2.0247874,2.9096518,0.4274301
80.04999993603995,1.4054418,2.0181575,3.4594393,0.59504235
80.09999993586824,1.4314547,2.0299392,3.5513587,0.48622426
80.14999993569653,1.4381285,2.1181538,3.4139333,0.5875894
80.19999993552481,1.3790276,2.0573707,2.9355817,0.4041496
80.2499999353531,1.3318807,2.128932,3.2573895,0.47528917
80.29999993518139,1.3722402,2.0339878,3.3020682,0.5673816
80.34999993500968,1.4287364,2.0175486,2.9576106,0.53456295
80.39999993483796,1.3209988,2.130948,3.246284,0.64407873
80.44999993466625,1.4092385,2.0706513,3.2861223,0.4115757
80.49999993449454,1.4519883,2.0333786,3.0101018,0.56402946
80.54999993432283,1.4344608,2.1417153,3.163587,0.59932494
80.59999993415111,1.3367386,1.8078182,3.108056,0.61863667
80.6499999339794,1.497109,1.9055691,3.1463945,0.5250713
80.69999993380769,1.403817,1.795819,3.1336858,0.6472062
80.74999993363598,1.3922453,1.8478961,3.2569182,0.51010966
80.79999993346426,1.3611491,1.9051175,3.1418967,0.61387056
80.84999993329255,1.3981218,1.8537872,2.916615,0.58098996
80.89999993312084,1.3509399,1.8430532,3.0666206,0.54368484
80.94999993294913,1.3834225,1.8792548,2.9535732,0.48560715
80.99999993277741,1.3233786,1.8432431,2.866178,0.5789472
81.0499999326057,1.3072181,1.8167281,2.8940415,0.5488734
81.09999993243399,1.2993354,1.8330847,3.154693,0.55466026
81.14999993226228,1.3445587,1.75543,3.0130577,0.47273165
81.19999993209056,1.3728585,1.7326218,3.098106,0.5194386
81.24999993191885,1.2273328,1.7570387,3.2165453,0.5267783
81.29999993174714,1.2350451,1.7593579,3.048892,0.55649894
81.34999993157543,1.2542329,1.7427394,3.098454,0.51570916
81.39999993140371,1.2705479,1.8520615,3.0572388,0.5899738
81.449999931232,1.2970002,1.7965895,3.026357,0.57980025
81.49999993106029,1.3363464,1.7813157,3.1857834,0.59012616
81.54999993088857,1.2941831,1.919617,3.062386,0.5841302
81.59999993071686,1.409884,1.8540574,3.3300424,0.4426135
81.64999993054515,1.4565672,1.9320679,3.161305,0.5770751
81.69999993037344,1.3231175,1.8846259,3.1078217,0.35635784
81.74999993020172,1.3848681,1.947573,3.1962047,0.49416527
81.79999993003001,1.3013822,1.9179704,3.0116272,0.6584364
81.8499999298583,1.4193822,1.966984,3.0421634,0.5254362
81.89999992968659,1.3612194,1.9213033,2.7084112,0.5389977
81.94999992951487,1.329916,1.8586421,2.973595,0.51419014
81.99999992934316,1.3053498,1.7843992,2.9865212,0.41400376
82.04999992917145,1.3189914,1.80202,3.203155,0.5526943
82.09999992899974,1.3165951,1.7325289,2.9320283,0.57996315
82.14999992882802,1.2534797,1.8900961,3.2222939,0.5659317
82.19999992865631,1.2611324,1.7636964,3.0922353,0.66427517
82.2499999284846,1.2858868,1.8303261,3.1741238,0.50598717
82.29999992831289,1.2787224,1.7056303,3.250668,0.48141775
82.34999992814117,1.2539513,1.6592919,3.1093729,0.50853246
82.39999992796946,1.3326799,1.6751683,2.986443,0.5716212
82.44999992779775,1.2514012,1.7396641,3.3253613,0.5526479
82.49999992762604,1.3116477,1.8497751,3.1834679,0.6154177
82.54999992745432,1.351171,1.902065,3.1651235,0.6347367
82.5999999272826,1.3727659,1.8311328,3.2778933,0.548377
82.6499999271109,1.3701051,1.8252224,3.0110703,0.7342151
82.69999992693919,1.3021593,1.7335751,3.0155756,0.46788844
82.74999992676749,1.430687,1.9614459,3.0611172,0.62773764
82.79999992659576,1.3715184,1.7004561,2.6560068,0.5760541
82.84999992642405,1.4239869,1.8221614,2.7390866,0.57604295
82.89999992625232,1.3223307,1.7690616,3.0002425,0.53393644
82.94999992608062,1.360063,1.8929274,3.0030622,0.4707275
82.99999992590892,1.3378243,1.8731153,3.354089,0.5909491
83.0499999257372,1.3432338,1.8413764,3.0011163,0.5659317
83.09999992556548,1.3496747,1.924451,2.6210532,0.468151
83.14999992539376,1.3314714,1.9942683,3.1739492,0.5381975
83.19999992522206,1.3450668,1.8279058,3.292596,0.5209793
83.24999992505036,1.3420892,1.9097264,3.1217263,0.5438164
83.29999992487865,1.357478,1.8500695,2.9981372,0.4931901
83.34999992470692,1.3656719,1.8922086,3.0289361,0.5386505
83.3999999245352,1.3551282,1.9313502,3.0108712,0.5716293
83.44999992436348,1.3636615,1.9968028,2.939775,0.48324096
83.49999992419178,1.3383067,1.9240283,3.080731,0.64393055
83.54999992402009,1.3889358,1.9582047,3.300343,0.65104717
83.59999992384836,1.3255813,1.8026807,3.0271769,0.52455765
83.64999992367665,1.2367355,1.9171554,3.0818038,0.58697885
83.69999992350492,1.3113723,1.8737746,3.0420628,0.50102437
83.74999992333322,1.3424733,1.8120017,3.1807005,0.6823558
83.79999992316152,1.289463,1.8065498,3.2518039,0.5966691
83.8499999229898,1.2872579,1.8069067,3.245154,0.65494263
83.89999992281808,1.2575898,1.8894997,3.2100205,0.6549679
83.94999992264636,1.3327497,1.8104632,2.8928735,0.5902116
83.99999992247466,1.3511969,1.9970976,3.4110105,0.68552405
84.04999992230294,1.336105,1.8261678,3.1573865,0.5005666
84.09999992213125,1.359633,2.0048654,3.178516,0.6455136
84.14999992195952,1.4215988,1.9293828,2.938189,0.5789171
84.1999999217878,1.3449817,1.9274461,3.281845,0.5406421
84.24999992161608,1.2978058,1.8907858,3.355483,0.45890844
84.29999992144438,1.3934351,1.9497429,3.1491044,0.62202185
84.34999992127268,1.272565,1.9170551,3.1726518,0.4782952
84.39999992110096,1.3271625,1.8634808,2.9488444,0.57683355
84.44999992092924,1.306846,1.9233737,3.3279488,0.6214245
84.49999992075752,1.3225653,1.8980191,3.092785,0.6168985
84.54999992058582,1.3973675,1.9571675,3.1486516,0.67059374
84.59999992041412,1.3411933,2.0317688,3.164934,0.58404076
84.64999992024241,1.2658725,1.8913413,3.1851473,0.6144022
84.69999992007068,1.3968831,1.9406034,3.4319875,0.48789608
84.74999991989897,1.3953186,1.9820645,3.1200185,0.6568217
84.79999991972726,1.3753961,1.8353522,3.1469643,0.594805
84.84999991955554,1.4993106,1.9267273,3.2518456,0.45905027
84.89999991938384,1.3738203,1.9352815,3.159152,0.5665066
84.94999991921212,1.323449,1.8014075,3.1030712,0.51017976
84.9999999190404,1.2444061,1.7658042,3.1588416,0.7040243
85.04999991886868,1.340897,1.7745664,3.1746018,0.7456143
85.09999991869698,1.2391725,1.6815196,2.8407052,0.715893
85.14999991852527,1.391152,1.8337772,2.82565,0.47668782
85.19999991835356,1.4020835,1.7960334,3.2643006,0.64304703
85.24999991818184,1.3689191,1.7271271,3.218664,0.59649384
85.29999991801012,1.389407,1.8593011,3.277483,0.63606447
85.34999991783842,1.3999884,1.9533688,3.2569325,0.5622138
85.3999999176667,1.3599862,2.0149,2.931384,0.5929954
85.449999917495,1.395144,1.9637516,3.3089786,0.7166317
85.49999991732328,1.3641782,1.9110565,3.393743,0.5580654
85.54999991715157,1.4110663,2.0893135,3.165984,0.47073528
85.59999991697985,1.2653388,1.9245079,3.3585658,0.68474776
85.64999991680814,1.3464712,1.8943849,3.1383634,0.573124
85.69999991663644,1.3207574,2.0995126,3.3305936,0.5110041
85.74999991646472,1.3324951,2.1265428,3.1483593,0.49382928
85.799999916293,1.2817038,1.9798551,3.2238894,0.57911503
85.84999991612128,1.2257106,2.040605,3.15127,0.44616684
85.89999991594958,1.3293909,2.0680752,3.1844473,0.5956154
85.94999991577787,1.3248904,2.0773954,3.0108314,0.5227803
85.99999991560617,1.3335317,2.0977175,3.07848,0.5154584
86.04999991543444,1.4054384,2.2561367,3.027073,0.39694038
86.09999991526273,1.2868562,2.1691456,3.2281363,0.5305544
86.149999915091,1.3617541,2.2590117,3.2584043,0.65026915
86.1999999149193,1.3400377,2.1001797,2.9866922,0.5688666
86.2499999147476,1.2328779,2.2186222,3.5602357,0.5455201
86.29999991457588,1.2923462,2.0997603,3.2082155,0.57224977
86.34999991440417,1.308038,1.9369493,3.432163,0.4971568
86.39999991423244,1.3837891,1.9548173,3.1564639,0.57841635
86.44999991406074,1.2538066,1.8701054,2.8900812,0.50388783
86.49999991388904,1.2710057,1.8470926,3.2659607,0.5323523
86.54999991371731,1.2983216,1.6867839,2.9978209,0.43440357
86.5999999135456,1.2693608,1.8336926,3.0747948,0.5777184
86.64999991337388,1.2584922,1.8745761,3.220246,0.54541254
86.69999991320218,1.2813268,1.821574,2.9311035,0.57074463
86.74999991303046,1.3089883,1.913694,2.9482656,0.4913795
86.79999991285877,1.2651759,1.7739986,2.9909244,0.58726
86.84999991268704,1.2682567,1.8301806,2.8876028,0.63824916
86.89999991251533,1.238408,1.7204862,2.9354835,0.50065273
86.9499999123436,1.2273499,1.7349981,3.0502584,0.5413624
86.9999999121719,1.388017,1.7486014,3.0202222,0.62112933
87.0499999120002,1.4027876,1.7858877,2.8456821,0.49872398
87.09999991182848,1.3803333,1.72356,3.0898652,0.6603819
87.14999991165676,1.3592691,1.6539469,3.1662307,0.61183864
87.19999991148504,1.465054,1.7025362,2.9384222,0.54291177
87.24999991131334,1.3861437,1.6596878,3.0817504,0.51443803
87.29999991114163,1.4109964,1.841899,3.2100592,0.5528835
87.34999991096993,1.3976543,1.8255622,3.1033297,0.4835009
87.3999999107982,1.3140736,1.7187614,2.9131775,0.64406157
87.44999991062649,1.2991714,1.8486912,3.2128003,0.6165773
87.49999991045476,1.3992608,1.7528464,2.6645076,0.5748845
87.54999991028306,1.4231219,1.8106841,2.8457446,0.5839717
87.59999991011136,1.4454176,1.7661895,3.118638,0.49355996
87.64999990993964,1.3636551,1.875556,3.1397593,0.5471399
87.69999990976793,1.4399253,1.8101575,3.312994,0.56709224
87.7499999095962,1.3859338,1.8115458,3.5590587,0.5538198
87.7999999094245,1.5009453,1.8552954,3.3506107,0.50548494
87.8499999092528,1.3450572,1.941966,3.2420568,0.471152
87.89999990908107,1.4092801,1.9711475,3.0847926,0.6404522
87.94999990890936,1.3169099,1.8960272,3.117417,0.5145432
87.99999990873764,1.3507992,1.918098,3.1356785,0.44754583
88.04999990856594,1.4326292,1.9321868,2.5766754,0.50718373
88.09999990839422,1.4140787,1.9178146,3.1397243,0.6339388
88.14999990822253,1.3988315,2.1336193,2.7816665,0.49735594
88.1999999080508,1.3797189,1.882906,3.3633854,0.48869425
88.24999990787909,1.3216112,1.9323015,2.7549534,0.6759844
88.29999990770736,1.3057654,1.8930203,2.8806767,0.57999957
88.34999990753566,1.3847606,1.9678019,2.7782652,0.5375292
88.39999990736396,1.3155017,1.8503343,2.7813294,0.6401485
88.44999990719224,1.4022977,1.8591051,2.8654802,0.5479186
88.49999990702052,1.278467,1.8558574,2.9963002,0.5985641
88.5499999068488,1.3188221,1.8298769,2.5741177,0.55003834
88.5999999066771,1.4935193,1.9659979,2.8258035,0.48967835
88.64999990650539,1.3991421,1.8414308,2.6044674,0.5648385
88.69999990633369,1.3407784,1.8146317,2.8295717,0.4557001
88.74999990616196,1.4091493,1.8182026,3.1136549,0.6556242
88.79999990599025,1.3427223,1.9662073,2.5054405,0.6030285
88.84999990581852,1.3536495,1.8514981,2.786652,0.6058639
88.89999990564682,1.5208601,2.070243,2.9376135,0.6196838
88.94999990547512,1.4148836,1.9366388,2.7452092,0.61607146
88.9999999053034,1.5282387,1.9961618,2.8150191,0.38709012
89.04999990513168,1.3873031,1.9358646,3.0079987,0.49110138
89.09999990495996,1.3666548,1.9602109,3.2412972,0.5426212
89.14999990478826,1.3988887,1.9667535,2.9804797,0.7041415
89.19999990461656,1.4675987,1.8566388,2.8541257,0.618696
89.24999990444483,1.3524628,1.871307,3.147914,0.57981294
89.29999990427312,1.3595872,1.9296095,3.023831,0.5405878
89.3499999041014,1.3179522,1.9717498,3.0277493,0.63445354
89.3999999039297,1.4495094,1.9128739,3.1450293,0.4780574
89.44999990375798,1.33584,1.955291,2.8491125,0.5022491
89.49999990358629,1.4520748,1.9978979,3.1900935,0.568236
89.54999990341456,1.4942458,2.004845,3.0468416,0.44918403
89.59999990324285,1.4306011,2.1111674,2.935606,0.54293716
89.64999990307112,1.5674541,2.1693807,3.145289,0.4861771
89.69999990289942,1.3413287,1.8097616,3.047285,0.5231292
89.74999990272772,1.3584989,1.8511212,3.0256934,0.45178956
89.799999902556,1.3180536,1.6987568,3.3219419,0.520495
89.84999990238428,1.4832249,1.845726,3.0484436,0.57916415
89.89999990221256,1.2916507,1.7438536,2.8287876,0.56312317
89.94999990204086,1.4822458,2.0074992,3.2332299,0.5404096
89.99999990186915,1.4314724,1.9595206,2.9710026,0.4389019
90.04999990169745,1.3627006,1.9052542,2.9639838,0.53310627
90.09999990152572,1.4243331,1.7756552,3.2420812,0.5485626
90.14999990135401,1.4373138,1.7047228,3.2414355,0.52677655
90.19999990118228,1.4038371,1.8248975,3.1087804,0.48079446
90.24999990101058,1.371913,1.6708958,3.2641144,0.530347
90.29999990083888,1.4279021,1.8259029,3.328889,0.4539016
90.34999990066716,1.3702087,1.7710392,3.0990086,0.5919027
90.39999990049544,1.454979,1.8203924,2.8824785,0.6335351
90.44999990032372,1.4738442,1.768312,3.3463697,0.5310157
90.49999990015202,1.4944292,1.9215137,3.193588,0.49454552
90.54999989998032,1.3433108,1.8249058,2.8975632,0.699212
90.5999998998086,1.3689178,1.8367245,3.064606,0.57476807
90.64999989963688,1.4130025,1.8836844,3.2975793,0.6667621
90.69999989946515,1.3983393,1.8181653,3.1609597,0.605499
90.74999989929346,1.5086935,1.9157213,3.2118354,0.6682856
90.79999989912174,1.4065304,1.9716663,3.0076525,0.546719
90.84999989895005,1.4903247,1.9397643,2.720585,0.6595607
90.89999989877832,1.3756838,1.8905251,2.8422842,0.51343703
90.9499998986066,1.4302924,2.0149026,3.1709356,0.63129777
90.99999989843488,1.4507132,1.9701669,2.9852557,0.576646
91.04999989826318,1.3972664,1.930639,3.0043216,0.55119747
91.09999989809147,1.4421167,1.8626709,2.934844,0.56879723
91.14999989791976,1.5249896,1.8477073,2.3943708,0.568607
91.19999989774804,1.4977374,1.9162017,2.5395122,0.62719697
91.24999989757632,1.4663155,1.8622603,2.64397,0.44128972
91.29999989740462,1.4429822,1.7339158,2.7938547,0.6511542
91.3499998972329,1.3898332,1.7552172,2.9728568,0.63118446
91.3999998970612,1.4805114,1.7803347,2.9307084,0.5528901
91.44999989688948,1.3831228,1.7987598,2.9480019,0.6893178
91.49999989671777,1.3154273,1.6762966,2.9381897,0.5537817
91.54999989654605,1.3828725,1.9016168,3.1101167,0.6491952
91.59999989637434,1.3437556,1.8327448,3.07379,0.48038423
91.64999989620264,1.2847489,1.9916087,3.010271,0.5288163
91.69999989603092,1.3291144,1.948669,3.3218927,0.5839764
91.7499998958592,1.3715374,1.9961845,3.0481868,0.56999546
91.79999989568748,1.3861995,1.9497383,2.9422662,0.6239868
91.84999989551578,1.4933584,2.1037314,2.9118466,0.64261913
91.89999989534407,1.5107228,1.9740052,2.684691,0.5964815
91.94999989517235,1.4232682,1.9648671,2.7646322,0.6121743
91.99999989500064,1.4378918,2.029932,2.9336393,0.47840446
92.04999989482891,1.3255517,1.8833989,3.051149,0.5372255
92.09999989465722,1.4756651,1.9929044,2.7515318,0.5312315
92.1499998944855,1.366614,2.0140007,3.0578866,0.57801354
92.1999998943138,1.4005008,1.9563175,2.863842,0.5121101
92.24999989414208,1.4535075,2.0273945,2.8215764,0.6092342
92.29999989397037,1.350485,1.8874924,3.0924764,0.67143685
92.34999989379864,1.4533936,1.9741279,3.0577812,0.60372305
92.39999989362694,1.3669577,1.9997091,3.0751345,0.5092857
92.44999989345524,1.4956429,2.0328178,2.7749872,0.5628463
92.49999989328352,1.4148166,1.9423388,2.7639823,0.69027233
92.5499998931118,1.3582721,1.9954815,2.8870037,0.465036
92.59999989294008,1.3791625,1.9872636,3.057221,0.64230084
92.64999989276838,1.4261208,1.9188689,2.9143348,0.5680358
92.69999989259667,1.4531817,1.8801997,2.6623487,0.655743
92.74999989242497,1.5315539,1.9759632,2.7258089,0.6217048
92.79999989225324,1.3421332,1.8764783,2.8689337,0.54715663
92.84999989208153,1.4297098,2.1058407,3.0244076,0.5674867
92.8999998919098,1.3731878,1.9027842,2.5906582,0.59463227
92.9499998917381,1.4123893,1.8856282,2.79493,0.625654
92.9999998915664,1.2856102,1.9851997,3.0963457,0.54357857
93.04999989139468,1.3779688,1.8696434,2.6828475,0.5531388
93.09999989122296,1.5351739,2.020359,2.6910071,0.5020556
93.14999989105124,1.506413,1.9830034,2.6835058,0.44461447
93.19999989087954,1.3313698,1.8888249,2.8770065,0.6676775
93.24999989070784,1.443552,1.9139905,2.9656842,0.6657657
93.29999989053613,1.429668,1.8577318,3.2263687,0.5978359
93.3499998903644,1.3533415,1.9162593,3.0571735,0.565254
93.39999989019267,1.4268838,2.0042434,3.1183481,0.47554374
93.44999989002096,1.3453195,2.0052652,3.0946195,0.6187923
93.49999988984926,1.4191359,2.0246532,3.4353328,0.67902297
93.54999988967757,1.4296458,2.1774385,3.0500298,0.6428759
93.59999988950584,1.4251444,1.977902,2.908094,0.5403299
93.64999988933413,1.5432547,1.899458,2.8679621,0.5185127
93.6999998891624,1.443536,1.8732482,2.871804,0.5109916
93.7499998889907,1.3621039,1.833813,2.6836088,0.62386626
93.799999888819,1.4076673,1.9634852,3.133216,0.659099
93.84999988864728,1.5351151,1.9398056,3.211667,0.54724544
93.89999988847556,1.5467639,1.9054157,3.0700204,0.9518566
93.94999988830384,1.517757,1.9696991,3.6078157,1.101109
93.99999988813214,1.5184152,1.9498491,3.0889568,0.65987897
94.04999988796042,1.5338287,1.912154,3.146195,0.634374
94.09999988778873,1.5872055,2.002878,2.707288,0.49300227
94.149999887617,1.3772036,1.768658,2.684513,0.4991522
94.19999988744529,1.3896399,1.9170976,2.7495284,0.51905364
94.24999988727356,1.4541386,1.8913846,2.6973,0.56888753
94.29999988710186,1.4744253,1.9740878,2.7880027,0.4510766
94.34999988693016,1.6304398,2.0219533,2.7809153,0.5832002
94.39999988675844,1.4221252,2.0382693,2.899269,0.69602704
94.44999988658672,1.4649086,2.072802,2.7912066,0.63376224
94.499999886415,1.4776194,2.1319804,2.9557588,0.45511818
94.5499998862433,1.6541369,2.2342248,2.56856,0.60137177
94.5999998860716,1.7017752,2.0761592,3.0722668,0.55787647
94.64999988589989,1.6209577,2.2176144,2.8484356,0.6049839
94.69999988572816,1.5920455,2.1339452,3.0723658,0.5257241
94.74999988555643,1.573932,2.1612446,3.0378845,0.55306256
94.79999988538472,1.5970964,2.1579638,2.8443253,0.51510775
94.84999988521302,1.5748212,2.230911,3.1981282,0.7101468
94.89999988504132,1.5544848,2.1802058,3.125993,0.5591292
94.9499998848696,1.6701419,2.2141695,2.8231752,0.63761526
94.99999988469789,1.6341816,2.2173748,2.9539564,0.54857093
95.04999988452616,1.634652,2.2052345,3.0009124,0.50861
95.09999988435446,1.5798798,2.3197887,3.038362,0.5902007
95.14999988418276,1.5793221,2.1936185,3.3613343,0.6542436
95.19999988401104,1.5462768,2.1182888,2.7560318,0.5205461
95.24999988383932,1.550492,2.15638,2.8242488,0.60315317
95.2999998836676,1.6507925,2.2386284,2.6213284,0.7355415
95.3499998834959,1.5657763,2.1721725,2.6278567,0.42778608
95.39999988332418,1.5680399,2.1350338,3.1608465,0.6283888
95.44999988315249,1.5323032,2.149902,2.6942487,0.68745023
95.49999988298076,1.5272624,2.21651,2.620001,0.6513133
95.54999988280905,1.4843342,2.1279414,2.871652,0.6542394
95.59999988263732,1.7183938,2.2847316,2.7535515,0.59607095
95.64999988246562,1.5454818,2.1590767,2.7927709,0.5041807
95.69999988229392,1.5156627,2.1316233,2.7726471,0.5432343
95.7499998821222,1.5361589,2.1224146,2.8972104,0.69864655
95.79999988195048,1.5981938,2.0989797,2.8086507,0.58094263
95.84999988177876,1.5676157,2.1294913,2.5886126,0.45484006
95.89999988160706,1.5113484,2.0505192,2.8701246,0.5304628
95.94999988143535,1.5297105,2.0274777,2.7363646,0.51711726
95.99999988126365,1.5149736,2.0130162,2.8162954,0.54196006
96.04999988109192,1.510877,2.15263,2.8265705,0.500834
96.09999988092021,1.5452058,2.0260077,2.8060663,0.5565154
96.14999988074848,1.4918293,2.233052,2.880275,0.59013546
96.19999988057678,1.5547969,2.1459265,2.9030278,0.5667413
96.24999988040508,1.5528239,2.0625594,2.805129,0.37783292
96.29999988023336,1.4736961,2.0749075,2.7389722,0.5497515
96.34999988006165,1.5490996,2.1027322,3.0536416,0.45243454
96.39999987988992,1.6727881,2.2148814,3.0183089,0.575562
96.44999987971822,1.5324054,1.8615944,2.9477491,0.5823174
96.49999987954652,1.5640287,2.0579412,2.76284,0.59244925
96.5499998793748,1.5711641,2.0517623,3.2983325,0.5136138
96.59999987920308,1.482148,1.9821768,3.122624,0.4865523
96.64999987903136,1.4673096,2.1110687,3.4568965,0.35540447
96.69999987885966,1.5992458,2.054839,3.2000363,0.3828837
96.74999987868794,1.4861602,1.8751055,3.1654077,0.55131054
96.79999987851625,1.5364285,2.0280132,3.0814197,0.47708964
96.84999987834452,1.5785227,2.0580251,3.261908,0.3708515
96.8999998781728,1.470982,1.9528787,2.9044433,0.46348944
96.94999987800108,1.6326056,2.0512779,3.0221872,0.58118093
96.99999987782938,1.674729,2.1103048,3.2764978,0.6300647
97.04999987765768,1.6589239,2.091864,2.9786346,0.5722513
97.09999987748596,1.6600226,2.0615864,2.8261101,0.6039189
97.14999987731424,1.7192307,2.168159,2.7513037,0.4711014
97.19999987714252,1.7199538,2.1705694,2.8617563,0.45244265
97.24999987697082,1.6015147,2.1954865,2.5903087,0.5734551
97.2999998767991,1.6413165,2.1859105,2.9097555,0.6232869
97.34999987662741,1.5352061,1.955623,2.6926258,0.53669435
97.39999987645568,1.6131364,2.0787845,2.799674,0.50337803
97.44999987628397,1.7161636,2.035715,2.988876,0.57431155
97.49999987611226,1.6006154,1.9680421,2.6514778,0.5938546
97.54999987594054,1.6305599,2.1008875,2.7821243,0.6998006
97.59999987576884,1.6992083,2.1261334,2.793553,0.5924121
97.64999987559712,1.6320962,2.1566477,2.934197,0.50157493
97.6999998754254,1.7741771,2.1541593,2.7973197,0.55049163
97.74999987525368,1.7944027,2.317217,2.6406827,0.50745124
97.79999987508198,1.7970719,2.3597553,2.804306,0.5788981
97.84999987491027,1.8422264,2.2500224,2.9574158,0.5773214
97.89999987473855,1.857353,2.2845163,2.751721,0.6305594
97.94999987456684,1.6667037,2.3415742,2.9311254,0.6904092
97.99999987439512,1.7249262,2.219421,2.9616518,0.67392343
98.04999987422342,1.7657919,2.308048,2.4973347,0.72234154
98.0999998740517,1.7082899,2.2220652,3.0977223,0.6849847
98.14999987388,1.6281679,2.2674658,2.9755352,0.61468565
98.19999987370828,1.6499841,2.2416399,2.9341934,0.5967674
98.24999987353657,1.7858135,2.286686,2.943358,0.59196305
98.29999987336485,1.8673505,2.3567786,3.064877,0.68269575
98.34999987319314,1.7279787,2.242679,3.0201516,0.6323935
98.39999987302144,1.7658045,2.3811252,2.9866166,0.6032641
98.44999987284972,1.5136268,2.2815018,3.0511122,0.47658387
98.499999872678,1.5852251,2.1735933,2.9782555,0.6292084
98.54999987250628,1.6292295,2.328734,2.8503027,0.49566048
98.59999987233458,1.6349865,2.2151449,2.9248705,0.465702
98.64999987216287,1.6914343,2.270679,3.1295495,0.6338968
98.69999987199117,1.5944581,2.1498032,2.9978433,0.66872865
98.74999987181944,1.6727555,2.1339045,3.0324807,0.57902
98.79999987164773,1.6276948,2.1600115,2.7510736,0.77149034
98.849999871476,1.7636406,2.2383075,2.9190693,0.5405929
98.8999998713043,1.7780206,2.2195795,2.9661288,0.7767887
98.9499998711326,1.6690884,2.068739,3.1104417,0.57079446
98.99999987096088,1.5560883,2.079932,2.8087225,0.5191967
99.04999987078916,1.6531363,2.2175357,2.9222322,0.58698356
99.09999987061744,1.6120745,2.2075098,2.8716455,0.5610856
99.14999987044574,1.6112385,2.0861702,2.7997043,0.5272655
99.19999987027404,1.5490912,2.0363548,2.9313722,0.5564231
99.24999987010231,1.6677595,2.1377585,2.7251337,0.49900708
99.2999998699306,1.6250994,1.9943681,3.0277827,0.59500694
99.34999986975888,1.6115242,2.0292537,2.9804695,0.53179735
99.39999986958718,1.5488809,1.9578774,2.7650452,0.5987862
99.44999986941546,1.6524893,2.064061,3.1265738,0.5612817
99.49999986924377,1.5286742,1.9658456,2.9391642,0.6030924
99.54999986907204,1.5361692,1.9217509,2.8446534,0.3668214
99.59999986890033,1.5673599,1.9807905,3.1706038,0.46636707
99.6499998687286,1.4941349,1.9995111,3.0513158,0.5845351
99.6999998685569,1.6323717,2.0330482,2.9573047,0.5877345
99.7499998683852,1.5348326,2.0066342,2.790059,0.47462112
99.79999986821348,1.6156948,2.0486727,2.7582412,0.6831979
99.84999986804176,1.5467398,1.9981247,2.9156911,0.536983
99.89999986787004,1.6292526,2.0942545,3.1024196,0.6432324
99.94999986769834,1.7371602,2.1016128,2.8735282,0.41881764
