time_ns,ligand_com_displacement_A,ligand_pocket_com_distance_A,contact_atoms_4A,contact_residues_4A,initial_contact_residue_fraction_4A,contact_atoms_6A,contact_residues_6A,contact_atoms_8A,contact_residues_8A,protein_ligand_min_heavy_distance_A,ligand_z_from_membrane_center_A,ligand_sasa_nm2
0.0,0.0,1.072597639526123,60,18,1.0,186,38,348,73,2.5934910774230957,6.2991009996760905,0.23646934
0.05000000001018634,0.40597249732467816,1.450635620905516,62,21,1.0,187,39,358,78,2.508673071861267,6.97442278148614,0.30266392
0.10000000002037268,0.6123255557496431,1.36842885206904,63,22,1.0,188,38,353,77,2.530258595943451,6.917339927639556,0.26357654
0.15000000003055902,0.3331743958492671,1.1019266919157642,61,19,1.0,184,37,344,75,2.57394939661026,6.961212576135978,0.18008669
0.20000000004074536,0.6659443635660305,1.5600551981321544,57,19,0.9444444444444444,176,39,349,73,2.74795800447464,7.015461000287946,0.20727704
0.2500000000509317,0.44491364823820156,1.3017655120975988,59,21,1.0,186,36,349,76,2.5810974836349487,6.910332331628579,0.20761973
0.30000000006111804,0.5056945090580377,1.5204565898520996,51,20,0.9444444444444444,187,42,357,77,2.7110555768013,6.865680457414669,0.32438204
0.3500000000713044,0.39993755238522194,1.4514996776977451,55,18,0.8888888888888888,186,39,353,75,2.58080393075943,6.848007295134666,0.2548851
0.4000000000814907,0.5381664156256534,1.6923397968262877,60,20,0.9444444444444444,188,42,351,74,2.6430103182792664,6.94198195651361,0.28527662
0.45000000009167707,0.32731315607783923,1.516300964669547,59,20,0.9444444444444444,180,38,347,75,2.7437296509742737,6.861166108740209,0.2865615
0.5000000001018634,0.9153333445406169,1.8750391240073363,62,20,0.9444444444444444,192,41,360,75,2.705565392971039,7.1394788178370305,0.20087302
0.5500000001120497,0.5493500924170225,1.5474054688958292,61,19,0.9444444444444444,186,39,364,75,2.630055248737335,7.024657371250038,0.22719108
0.6000000001222361,0.6725943119974258,1.681236434725161,54,19,0.9444444444444444,178,39,355,76,2.6084306836128235,6.659760478076597,0.29553664
0.6500000001324215,0.539324631501932,1.6704251561531045,56,18,0.9444444444444444,175,36,348,73,2.6342469453811646,6.94478937929782,0.23669623
0.7000000001426079,0.657890051046457,1.7454378909127817,67,20,0.9444444444444444,190,40,367,75,2.6460495591163635,7.43729445319925,0.28735682
0.7500000001527942,0.8070460476632295,1.9413741303678527,57,19,0.8888888888888888,190,41,363,76,2.5056129693984985,7.526126013011973,0.30185595
0.8000000001629806,0.626870452385907,1.9369677963467136,61,19,0.8888888888888888,180,39,354,76,2.5075116753578186,7.330535361207895,0.3396719
0.8500000001731669,0.6640026817646543,1.6233940042691795,59,17,0.8333333333333334,179,40,355,75,2.6735472679138184,6.975075458381301,0.2910217
0.9000000001833532,0.29482684066359266,1.3624147881406472,64,19,0.9444444444444444,190,39,353,73,2.6076409220695496,6.17727728097992,0.33835083
0.9500000001935396,0.7925867154866374,1.7991085222469982,60,20,0.9444444444444444,185,42,360,78,2.580001950263977,6.417845794189274,0.22333336
1.000000000203726,0.59080484778092,1.4604518664522685,58,19,0.8888888888888888,181,40,352,74,2.5984394550323486,6.634739167456054,0.32043204
1.0500000002139123,0.7209320152013152,1.826274460998525,63,20,0.9444444444444444,185,39,352,75,2.59583055973053,6.635968111427628,0.32643616
1.1000000002240986,0.8279689702764216,1.9853314104793092,69,21,0.9444444444444444,188,42,356,76,2.569502294063568,6.725119767101466,0.329026
1.150000000234285,0.8147562396569654,1.8414234900418731,72,21,1.0,192,37,356,78,2.606753706932068,6.778528022386006,0.30392775
1.2000000002444713,0.7970902515108657,1.7646676382505098,58,19,0.9444444444444444,187,40,356,76,2.6031315326690674,6.5715933982903785,0.24846518
1.2500000002546576,0.811151167482454,1.9708971668082256,66,20,0.9444444444444444,182,37,351,76,2.6775506138801575,6.136532337122427,0.26539817
1.300000000264844,0.40458418787696415,1.3877102418120706,67,20,1.0,179,37,350,75,2.6349791884422302,6.122220480098033,0.26223153
1.3500000002750303,0.6744889271775187,1.7264267007263472,57,20,0.9444444444444444,183,39,359,77,2.548718750476837,6.384330491831252,0.3396395
1.4000000002852167,0.5569835672036904,1.4701465002021052,57,20,0.9444444444444444,182,43,366,78,2.610597610473633,6.244594715853324,0.17893349
1.450000000295403,0.4218162944714207,1.4086871791822881,62,20,0.9444444444444444,176,36,344,77,2.5905928015708923,7.516049980380153,0.27820897
1.5000000003055893,0.4672907615562896,1.4446614105395874,59,18,0.9444444444444444,181,37,357,76,2.5891494750976562,6.796430925910073,0.24396807
1.5500000003157757,0.1327070861764099,1.3846255139215788,54,19,0.9444444444444444,185,41,356,79,2.6230666041374207,6.36176091240813,0.20206562
1.600000000325962,0.3259515805973381,1.4156421141582245,59,21,1.0,184,38,352,77,2.592526376247406,6.773548341510303,0.25819296
1.6500000003361501,0.5461830634265387,1.6146318189255018,57,18,0.8888888888888888,187,41,352,75,2.7011623978614807,6.614827907589094,0.29101342
1.700000000346333,0.7162687391513711,1.8693704900762942,59,20,0.9444444444444444,174,41,351,76,2.644529640674591,6.684381457702218,0.5413516
1.750000000356521,0.6103772042123591,1.8145378913293866,55,20,0.9444444444444444,181,41,351,77,2.5374633073806763,6.177723055555635,0.3354424
1.8000000003667074,0.5129608178830746,1.5862871970949357,67,21,0.9444444444444444,189,39,352,76,2.745378315448761,6.434270398044006,0.25254196
1.8500000003768937,0.7704492200419815,1.8099663065013436,68,20,0.9444444444444444,185,38,360,79,2.5378066301345825,6.709451554355423,0.34494787
1.90000000038708,0.6047048245264331,1.799709582234181,65,21,0.9444444444444444,189,37,354,78,2.7147817611694336,6.382413575843859,0.32021436
1.9500000003972664,0.7574436617283538,2.046900318154175,57,20,0.8888888888888888,190,39,356,77,2.8445065021514893,6.4333615434469404,0.31041813
2.0000000004074545,0.6243098188418257,1.8539853625626397,65,20,0.9444444444444444,187,38,359,77,2.768276631832123,6.472705713595062,0.32198668
2.0500000004176373,0.8039547989687779,1.9344727931977281,61,19,0.9444444444444444,184,37,355,76,2.837367057800293,7.159296696448765,0.32285047
2.1000000004278254,0.742739061797789,1.9052232761111765,57,19,0.8888888888888888,183,40,345,76,2.5290772318840027,6.654915906499488,0.31678993
2.1500000004380118,0.7828219684697688,1.91761937139217,60,20,0.8888888888888888,185,36,355,78,2.7124282717704773,7.0786724465242035,0.31926447
2.200000000448198,0.6961370540347706,1.6299158639466647,54,19,0.9444444444444444,187,40,360,77,2.713090479373932,6.949278176678524,0.31665275
2.250000000458386,0.8531801069964456,2.013149642323909,65,21,0.9444444444444444,198,41,370,79,2.598089873790741,6.964304253018243,0.31402317
2.300000000468569,0.8550950859985557,1.5430687417422753,57,20,0.9444444444444444,185,39,346,74,2.4912232160568237,6.457781825467954,0.27354297
2.350000000478757,0.7017741384569954,1.703875116371563,61,20,0.9444444444444444,189,38,350,77,2.5426360964775085,6.758449532184985,0.29187033
2.4000000004889435,0.5426178413936662,1.532338903294004,57,21,0.9444444444444444,187,38,359,79,2.56300151348114,6.344882600045132,0.2539024
2.45000000049913,0.7681799052126747,1.5686994578640114,56,18,0.9444444444444444,183,39,356,78,2.5634747743606567,6.892717207225241,0.30373868
2.500000000509316,0.8414511891844647,1.4522555155637873,57,20,0.9444444444444444,187,39,354,78,2.6012471318244934,6.384951091830233,0.30672908
2.5500000005195025,0.5825161962023718,1.0372574854452674,62,19,0.9444444444444444,186,37,356,78,2.6306861639022827,5.860545156557713,0.2175397
2.6000000005296906,0.2382019793084173,1.2288600878708853,55,21,1.0,187,38,351,77,2.5601354241371155,6.140326528891862,0.20898654
2.6500000005398734,0.15448278367479312,1.2391029382326577,63,20,0.9444444444444444,186,38,352,78,2.743755877017975,6.148648657753322,0.29482177
2.7000000005500615,0.2547624099697751,1.2733507645785953,65,21,0.9444444444444444,182,37,347,72,2.648824453353882,6.181644363447116,0.27413628
2.750000000560248,0.3590434896598508,1.294027936319211,59,20,0.9444444444444444,178,37,341,75,2.519155740737915,5.748934053581873,0.2932008
2.800000000570434,0.2857660485947702,1.2076455633364844,63,23,0.9444444444444444,181,37,360,79,2.594124972820282,5.447574212877351,0.2789254
2.8500000005806223,0.896850165548242,1.8220827180064083,53,19,0.9444444444444444,173,40,349,74,2.5472411513328552,7.009477697225233,0.39083472
2.900000000590805,0.07380394304775527,1.307204988194059,50,20,0.9444444444444444,180,39,338,76,2.525634765625,5.930436557767189,0.2731196
2.950000000600993,0.3273751845222286,1.349944337424537,57,20,0.9444444444444444,185,38,343,76,2.5591954588890076,6.028149083612551,0.3145451
3.0000000006111796,0.47140456865718167,1.181901240746304,56,18,0.8888888888888888,178,38,349,77,2.6304972171783447,6.122887950200484,0.26428255
3.050000000621366,0.5284586249214689,1.3683858765217844,55,23,1.0,176,35,348,74,2.5046005845069885,6.3323199879012915,0.2655397
3.1000000006315522,0.509058610315005,1.2204672409508848,57,21,0.9444444444444444,184,36,347,76,2.59570449590683,6.002298180401171,0.25705162
3.1500000006417386,0.5337162315753973,1.5950524749862696,54,19,0.9444444444444444,177,40,352,78,2.4891743063926697,6.72400572800961,0.43031552
3.200000000651925,0.527894263260726,1.495458459603298,59,21,0.9444444444444444,179,35,354,78,2.6108089089393616,6.655694973099431,0.36725798
3.2500000006621113,0.4150211707761084,1.4536990207971365,56,23,1.0,177,36,356,78,2.643127143383026,6.554822479695712,0.39141068
3.3000000006722976,0.3628989508723413,1.3153504904546967,60,22,0.9444444444444444,186,37,359,78,2.552565634250641,6.423733832039602,0.2885257
3.350000000682484,0.28611508524574286,1.0827761052614038,68,23,0.9444444444444444,185,38,355,76,2.5846296548843384,5.6914234540412245,0.23664808
3.4000000006926703,0.47983460519258453,1.2738817197520742,56,20,0.9444444444444444,184,38,347,76,2.5421184301376343,6.118689188662874,0.28215584
3.4500000007028584,0.7065990693171924,1.580417312011264,55,21,0.9444444444444444,180,39,357,78,2.695154845714569,6.411500902657821,0.28801948
3.500000000713041,0.43616767109838506,1.256625912529203,53,19,0.9444444444444444,176,38,340,76,2.6221412420272827,6.097969040841642,0.30210754
3.5500000007232293,0.7687007574534253,1.6948156605011253,64,20,0.9444444444444444,185,36,351,76,2.543884515762329,6.61575598604534,0.40182778
3.6000000007334156,0.4735492380987576,1.2970062207710442,67,22,0.9444444444444444,169,35,346,79,2.5279754400253296,5.785909364518735,0.29832387
3.650000000743602,0.3856153197281332,1.219665906184038,59,21,0.8888888888888888,185,37,353,75,2.6387831568717957,5.950634525164382,0.2770448
3.70000000075379,0.3453865536200318,1.3328267537338532,66,22,0.9444444444444444,183,38,354,79,2.6066049933433533,5.600966265211662,0.21688147
3.750000000763973,0.2932274945635253,1.2474820265122175,56,22,0.9444444444444444,189,38,358,78,2.620794177055359,5.23712995669988,0.10834991
3.800000000774161,0.44482502616467634,1.3794783313823027,61,21,0.9444444444444444,178,38,342,75,2.4701614677906036,5.814176112090328,0.29501864
3.8500000007843473,0.397041656790631,1.3396945581829656,62,22,0.9444444444444444,183,37,346,76,2.5887510180473328,5.903321024903372,0.24945948
3.9000000007945337,0.24069827897104434,1.2540687358591058,66,21,0.9444444444444444,188,40,354,76,2.4647256731987,5.117460374447305,0.19977477
3.95000000080472,0.25194395159982685,1.3388606571177752,67,23,0.9444444444444444,179,36,361,76,2.4685999751091003,5.2755687320332,0.22588128
4.000000000814906,0.3810374150709284,1.3166621183220697,61,21,1.0,180,36,355,75,2.507871389389038,6.021518029963211,0.30724162
4.0500000008250945,0.36700853161562863,1.388491903194574,61,19,0.9444444444444444,173,36,350,74,2.5785568356513977,5.979190820547453,0.2881518
4.100000000835277,0.5700851121640648,1.3987944512414359,55,19,0.9444444444444444,173,38,344,72,2.617810070514679,6.30885614152759,0.25604123
4.150000000845465,0.5486176416294328,1.466795666773636,58,20,0.9444444444444444,169,38,334,72,2.5909408926963806,6.122779776465528,0.41857553
4.200000000855652,0.5665565673343014,1.4649444699834,55,21,0.9444444444444444,174,35,346,74,2.662791609764099,5.973686950371899,0.3950269
4.250000000865838,0.1340646104651845,1.2644492107919048,56,21,0.9444444444444444,182,37,354,75,2.4984778463840485,5.242012386654338,0.29547507
4.300000000876026,0.6609496801666652,1.6263199649091866,54,21,0.9444444444444444,184,40,356,78,2.6276496052742004,5.589955557150681,0.38117155
4.350000000886209,0.35645993152715605,1.2429275399837973,46,19,0.8888888888888888,182,41,354,76,2.578098475933075,5.390580898870567,0.26419827
4.400000000896397,0.20870840288772508,1.193115268115682,50,20,0.9444444444444444,182,40,362,79,2.5915923714637756,4.938929551940632,0.2526648
4.450000000906583,0.2351199470669878,1.240035089616885,53,20,0.9444444444444444,184,39,355,77,2.518698573112488,4.73409140059502,0.15260565
4.50000000091677,0.248669461883181,1.0609381743929316,56,20,0.9444444444444444,185,39,361,78,2.461981624364853,4.518895055548775,0.19242312
4.550000000926956,0.5176301639391666,0.872108499102297,57,18,0.9444444444444444,184,36,351,76,2.511778473854065,4.658105974477236,0.18532814
4.6000000009371425,0.2695686682150924,1.0719359939525934,56,20,0.9444444444444444,181,39,351,79,2.4698999524116516,4.370329110174707,0.19055827
4.650000000947331,0.13381522154944317,1.1458573486005856,59,21,0.9444444444444444,180,38,356,77,2.5745922327041626,4.6400052921070944,0.12928955
4.700000000957513,0.35276476095454423,1.259140161255384,48,20,0.9444444444444444,184,40,350,75,2.480955421924591,5.075925251349993,0.24125697
4.7500000009677015,0.4998322868368412,1.0752304723140762,55,20,0.9444444444444444,180,36,356,79,2.5185635685920715,5.0495945536511755,0.2739287
4.800000000977888,0.45809225796760883,0.8387219012523022,52,20,1.0,187,39,355,79,2.662268579006195,5.0909995173465905,0.219469
4.850000000988074,0.3912463587792051,0.9437616371407314,49,18,0.8888888888888888,181,39,355,77,2.6162225008010864,5.150296214286074,0.1875535
4.900000000998262,0.46347908885323774,1.1324438040840499,65,22,0.9444444444444444,187,38,359,74,2.5686508417129517,5.6534601518595196,0.062341973
4.950000001008445,0.17676996984445126,1.0941743500439989,52,17,0.8333333333333334,174,37,354,76,2.5846225023269653,5.042267114120067,0.14446186
5.000000001018633,0.28790000652471515,1.208488995130504,54,20,0.9444444444444444,183,40,356,78,2.5912413001060486,5.564191719365734,0.17347927
5.0500000010288195,0.5634701519623291,1.131220157720127,56,20,0.9444444444444444,189,39,357,76,2.6704123616218567,5.881881640409539,0.11172538
5.100000001039006,0.30111715712973236,1.09345822492598,57,20,0.9444444444444444,184,37,350,77,2.4289825558662415,5.752275697250884,0.09581886
5.150000001049192,0.29790558064141437,0.9324647668634112,45,19,0.9444444444444444,185,37,349,74,2.6477137207984924,5.001904935583488,0.17334889
5.2000000010593785,0.10284788829570357,1.1642552485936668,51,19,0.9444444444444444,181,40,350,78,2.5473228096961975,6.039099528387091,0.25792423
5.250000001069565,0.142882341323083,1.19407489216977,54,21,0.9444444444444444,177,37,355,75,2.545965313911438,6.20101391390417,0.18831697
5.300000001079751,0.4115443529777755,1.1989693645197614,56,19,1.0,180,39,350,74,2.5140729546546936,6.748206681943207,0.19998696
5.350000001089938,0.4886938810432897,1.3407304788899375,49,18,0.9444444444444444,177,39,354,75,2.7248895168304443,7.244170835224413,0.31233945
5.400000001100124,0.5124120509656891,1.1802805691758598,57,20,0.9444444444444444,186,38,349,75,2.613670229911804,6.672105864676512,0.20351769
5.45000000111031,0.37475062842311113,1.5629345934153678,54,20,0.9444444444444444,187,37,350,77,2.6253846287727356,7.050913599797628,0.2560549
5.500000001120498,0.42358584179296194,1.0014758960872892,62,22,1.0,188,41,360,76,2.513793706893921,5.991827397441858,0.14357251
5.550000001130681,0.2367518253120621,1.1323990388413676,49,18,0.9444444444444444,188,39,351,75,2.690908908843994,6.2345667839880115,0.21811268
5.600000001140869,0.4668752894659842,1.0232291597363403,60,21,0.9444444444444444,183,38,352,78,2.5867503881454468,6.209911997290645,0.13222705
5.650000001151056,0.30079850740800473,1.0559909698602408,57,18,0.9444444444444444,176,36,353,77,2.588050067424774,6.486871586615077,0.1485669
5.700000001161242,0.521855751150728,0.9288269150974939,54,20,1.0,186,39,359,76,2.618767023086548,6.594108304012245,0.12940894
5.75000000117143,0.14077632757915617,1.3260209901136333,67,22,0.9444444444444444,186,36,360,76,2.658179998397827,6.617335778854434,0.15519895
5.800000001181615,0.14335113874906322,1.2264749854437853,51,20,0.9444444444444444,184,37,360,77,2.5545495748519897,6.55809251476942,0.1686385
5.850000001191801,0.4492678024607112,0.7667847195557338,50,18,0.9444444444444444,184,40,355,76,2.5415751338005066,6.434020963102567,0.081501655
5.900000001201987,0.367038485618155,1.448382601321169,54,19,0.9444444444444444,183,39,360,75,2.6012644171714783,7.0881773331756825,0.28164765
5.950000001212174,0.5657598605909493,0.8358067131599112,52,18,0.8888888888888888,181,37,354,75,2.4678830802440643,6.5478953931097195,0.18657681
6.00000000122236,0.48450710067471003,1.0347102832844652,53,20,0.9444444444444444,182,41,358,79,2.623317837715149,5.962511637353867,0.27152154
6.050000001232546,0.3778854265330162,1.0124164782110192,54,20,0.9444444444444444,180,35,357,75,2.450404614210129,6.36952173692066,0.19311497
6.1000000012427344,0.4114774567878744,1.0790609458990812,56,19,0.9444444444444444,190,40,358,79,2.574775218963623,6.640271563402829,0.16459295
6.150000001252917,0.12758275061208046,1.0687802111035563,58,21,0.9444444444444444,179,36,352,73,2.5975817441940308,6.4877076357475705,0.16581999
6.200000001263105,0.5107276649334456,0.8517855112604156,53,19,0.9444444444444444,183,38,349,72,2.4878713488578796,6.067821064053902,0.17682528
6.250000001273292,0.4205198715322744,1.109727635179797,55,18,0.9444444444444444,178,37,343,74,2.525155246257782,6.533255949147465,0.21309826
6.300000001283478,0.201195996676013,1.1500723144691898,56,21,1.0,183,38,357,78,2.5965645909309387,6.540549342610609,0.19599858
6.350000001293666,0.39492768099551145,1.3173641788059212,61,20,0.9444444444444444,179,36,353,75,2.628346085548401,6.865728909748485,0.23412809
6.400000001303849,0.3643094052953572,1.1104638490846572,55,19,0.9444444444444444,178,37,351,78,2.5762122869491577,5.98314812989325,0.28899235
6.450000001314037,0.24745523679284925,1.1693479518064944,49,21,0.9444444444444444,179,39,362,78,2.57690966129303,5.914408254173225,0.18288597
6.500000001324223,0.5193145525269768,1.0975939212136867,53,20,0.9444444444444444,182,37,363,76,2.7055224776268005,5.8454165669365565,0.17456238
6.55000000133441,0.4382532592799604,0.9638894022800776,57,20,0.9444444444444444,187,40,360,79,2.541531026363373,5.575348947186578,0.12198329
6.600000001344596,0.44492223267352626,0.9810562759944225,49,22,1.0,185,40,356,76,2.5976061820983887,5.515529959625516,0.122150294
6.650000001354782,0.175306237543684,1.2099624409351049,57,21,0.9444444444444444,187,40,370,75,2.6218771934509277,5.67593401952216,0.16809066
6.7000000013649705,0.333017382033795,1.0795985093042735,50,19,0.9444444444444444,180,38,344,75,2.5573521852493286,6.131115930939464,0.18992154
6.750000001375153,0.3391126780191062,1.2194078156572277,54,19,0.9444444444444444,184,38,354,75,2.5575649738311768,5.939906357073124,0.2652689
6.800000001385341,0.3316195662103162,1.3151734103872927,52,19,0.9444444444444444,179,35,350,75,2.61176735162735,6.651158920311673,0.2930539
6.850000001395528,0.41681710071760075,1.1695408795524218,59,19,0.9444444444444444,185,41,360,76,2.5448110699653625,6.194730796764869,0.28528872
6.900000001405714,0.16240394362393568,1.0050719492470686,64,22,1.0,183,38,357,73,2.4897661805152893,5.822667008943521,0.22790982
6.950000001415902,0.28878346439626107,1.0574540650780055,64,19,0.9444444444444444,184,39,348,74,2.588548958301544,6.0940807414866605,0.19054379
7.000000001426085,0.5866877844338629,0.91289840194077,61,21,0.9444444444444444,187,40,364,77,2.6449647545814514,6.197914692484563,0.20558126
7.050000001436273,0.2841380700746441,1.0335070824754182,53,20,1.0,187,41,355,73,2.5584128499031067,6.184550987379307,0.20574479
7.1000000014464595,0.41558083872178886,1.012532921135534,60,20,0.9444444444444444,185,37,370,80,2.591843903064728,5.830891118727415,0.1826664
7.150000001456646,0.31108140900493864,1.2275732824783543,62,21,0.9444444444444444,182,41,359,77,2.632223963737488,6.5792615608336025,0.3029447
7.200000001466832,0.5804767151174871,1.2073309490014152,58,20,1.0,179,40,366,77,2.711181342601776,6.788065135802777,0.32201543
7.2500000014770185,0.6594104945877985,0.9929471416254065,63,20,0.9444444444444444,186,39,358,77,2.554037570953369,6.270830403807812,0.14280151
7.300000001487205,0.7463242187554187,0.8720136695618266,58,20,0.9444444444444444,181,38,356,79,2.5784653425216675,6.1438570138201865,0.32965666
7.350000001497391,0.607120002539445,1.0323816148348461,58,19,0.9444444444444444,181,38,363,78,2.4788090586662292,6.989737936548046,0.22482677
7.4000000015075775,0.612556496529513,1.2239758977972026,57,22,0.9444444444444444,186,38,356,77,2.6155662536621094,6.8932736122350935,0.15992686
7.450000001517764,0.3105780027467745,1.075328303175751,52,19,0.9444444444444444,183,41,356,76,2.6128408312797546,6.668208916367417,0.22403882
7.50000000152795,0.7388610330997334,0.9582734814519017,55,19,0.9444444444444444,175,38,355,74,2.7296194434165955,6.315444186577599,0.21281445
7.550000001538138,0.6437957414676365,1.0237928630141506,56,19,0.9444444444444444,181,38,353,77,2.5494197010993958,6.471451812110551,0.16204798
7.600000001548321,0.4332590438677457,1.1924125925694664,51,19,0.9444444444444444,183,43,357,75,2.5848472118377686,7.008463189135492,0.30567414
7.650000001558509,0.3434367795013979,1.1838533756135234,57,21,0.9444444444444444,187,37,358,75,2.687554359436035,7.366717043002016,0.20639578
7.700000001568696,0.6536699062365772,1.487725376949558,58,19,0.8888888888888888,181,37,359,78,2.5203025341033936,8.088758114235377,0.31170762
7.750000001578882,0.21738620394156194,1.0502350618585803,47,19,0.9444444444444444,178,37,360,74,2.4578052759170532,7.408435188646445,0.18199386
7.80000000158907,0.41814341596068527,0.9534913120627636,59,19,0.8888888888888888,184,39,362,76,2.6500338315963745,7.378128974564371,0.04323488
7.850000001599255,0.26766784138634103,0.9317345485888434,53,20,1.0,181,39,358,75,2.6276537775993347,7.098551291274893,0.1457335
7.900000001609441,0.3346677672607073,1.1435990363294366,55,18,0.9444444444444444,181,38,353,78,2.640785872936249,7.709366196830967,0.13881336
7.950000001619627,0.3974273479035973,1.3570232356746883,52,19,0.9444444444444444,185,41,361,78,2.5185316801071167,7.848654784981148,0.21956685
8.000000001629813,0.527972907200117,1.057160425743484,51,19,0.8888888888888888,185,38,358,76,2.5257012248039246,7.603165527191598,0.19000822
8.050000001639999,0.48468237571886985,1.3017778854573658,53,18,0.9444444444444444,183,40,360,75,2.506282329559326,7.468994583135711,0.18798962
8.100000001650185,0.456916504867281,0.9616959164925547,53,18,0.9444444444444444,186,39,361,77,2.6310357451438904,7.467645843242456,0.16640212
8.150000001660372,0.6043315915645806,1.197125544777842,63,19,0.9444444444444444,185,42,348,76,2.5658127665519714,7.563961552830056,0.25671315
8.200000001670556,0.41295744040098165,1.1865243330166353,54,18,0.9444444444444444,185,41,354,77,2.6567494869232178,7.725342113239524,0.26902664
8.250000001680746,0.29406619740779144,1.4188165023742312,60,20,0.9444444444444444,188,41,362,76,2.6569893956184387,7.806267936201099,0.17235127
8.300000001690933,0.4474197109906914,1.1033688775600532,63,23,0.9444444444444444,186,37,358,79,2.532954216003418,8.243588720347637,0.18497944
8.350000001701119,0.5657368134381634,0.6553887596100922,66,22,0.8888888888888888,187,37,364,77,2.480499744415283,7.7047794610887,0.052014668
8.400000001711305,0.4359678405445982,1.1471261444117316,59,20,0.9444444444444444,177,37,353,76,2.6380661129951477,8.186179853228595,0.2109411
8.450000001721488,0.5201337987746945,1.3141422281340231,51,20,0.9444444444444444,177,39,342,73,2.527013421058655,8.34499775164427,0.28830683
8.500000001731678,0.3529990778798847,0.8439587725127163,57,20,0.9444444444444444,183,39,352,77,2.574879825115204,7.527355329200773,0.15847738
8.550000001741864,0.27080487161880823,0.9849485042880315,53,24,1.0,185,39,354,75,2.5994887948036194,7.538649962340607,0.15292399
8.60000000175205,0.4746874825285471,1.4922059223992636,56,20,0.9444444444444444,182,38,340,75,2.568451464176178,8.042629116018407,0.28424284
8.650000001762237,0.325412506027133,1.2100300074309307,57,22,0.9444444444444444,180,36,352,74,2.6687347888946533,7.980836704419234,0.14902012
8.700000001772423,0.3543271422054466,1.1580210994927436,55,19,0.9444444444444444,181,37,352,77,2.5096824765205383,7.7336226224631055,0.23591214
8.75000000178261,0.2339428589526894,1.2669009068139636,57,21,0.9444444444444444,177,35,351,77,2.580779492855072,8.088364536717538,0.22980905
8.800000001792792,0.4987962044459527,1.4293154362928018,58,21,0.9444444444444444,178,38,342,75,2.650272846221924,8.115964559062796,0.23121434
8.850000001802979,0.3405906754910112,1.359071206574667,51,20,0.9444444444444444,176,35,347,74,2.6513057947158813,7.871589949890536,0.25015154
8.900000001813165,0.40703013468070826,1.290654441588027,56,19,0.8888888888888888,171,36,341,72,2.5178536772727966,7.474743716596555,0.32177496
8.950000001823351,0.12161150703858331,0.9511223837983942,58,23,0.9444444444444444,179,37,351,77,2.556353509426117,7.509057725367949,0.14167598
9.000000001833538,0.2805839413474239,1.5245510423832025,50,22,0.9444444444444444,182,37,358,78,2.551504373550415,7.761788015863651,0.2993315
9.050000001843724,0.2660312618914806,1.2508104543508292,55,21,0.9444444444444444,177,34,349,76,2.648566961288452,7.177299134853543,0.16976976
9.10000000185391,0.6620822476530921,1.182364847120652,54,19,0.9444444444444444,181,39,351,71,2.5186583399772644,7.325070500765811,0.22269948
9.150000001864097,0.272417170570915,1.1956080511636107,60,20,0.9444444444444444,180,36,340,78,2.543816566467285,6.951271026938279,0.23587024
9.200000001874283,0.3151950397344576,1.3739512413848698,48,20,0.9444444444444444,177,36,348,77,2.543359100818634,7.364360732601085,0.26141554
9.25000000188447,0.34099308294341757,0.907704050062192,47,20,0.9444444444444444,177,36,338,72,2.535913586616516,7.008849471207679,0.29166713
9.300000001894656,0.4403173033300032,1.2259062150430713,61,21,0.9444444444444444,183,38,353,75,2.4976252019405365,7.187945648370322,0.16419923
9.350000001904842,0.5330344682733137,1.224630794404527,58,21,0.9444444444444444,182,41,352,77,2.5528407096862793,7.662897169394123,0.2171594
9.400000001915028,0.5611317817798507,1.2063480876956778,56,21,0.9444444444444444,172,35,340,73,2.499985247850418,7.390966286888334,0.32840917
9.450000001925215,0.09329811573974783,1.0785613274759513,54,20,0.9444444444444444,180,37,344,75,2.6780477166175842,7.617562700899585,0.19465858
9.500000001935401,0.3231535793344319,0.9270297074387277,45,18,0.8888888888888888,178,35,348,74,2.6264044642448425,7.070326527406188,0.16676722
9.550000001945588,0.2847665042178936,1.2673959318733692,44,18,0.8888888888888888,174,36,348,75,2.5523588061332703,7.719343935458287,0.2361452
9.600000001955774,0.26643507065098726,1.1553361704078744,49,20,0.9444444444444444,184,37,346,75,2.5870853662490845,7.770819581547048,0.18772955
9.65000000196596,0.3009797076076743,0.973036590662706,57,21,0.8888888888888888,177,36,352,75,2.5410467386245728,7.46662046007474,0.16554429
9.700000001976147,0.7105185316957658,1.7963695797902033,48,19,0.9444444444444444,173,39,337,74,2.5662311911582947,8.540622312405572,0.32515073
9.750000001986333,0.26077439637450583,1.146053322820563,50,19,0.8888888888888888,180,39,349,77,2.5860440731048584,7.727011249151632,0.2444707
9.80000000199652,0.3087938615736332,1.4014878493181318,54,19,0.9444444444444444,181,39,349,77,2.578761875629425,7.5149085126011705,0.22852844
9.850000002006706,0.5051807118642,1.2625352664785403,55,20,0.9444444444444444,181,39,345,78,2.5393441319465637,8.282084397325367,0.19267525
9.900000002016892,0.629062592498393,1.4327082809318779,58,21,0.9444444444444444,187,38,352,77,2.6631632447242737,8.538774634535722,0.24270487
9.950000002027078,0.666093518552022,1.5354820312331317,51,19,0.9444444444444444,181,35,340,73,2.6293620467185974,8.518019572661322,0.19669087
10.000000002037265,0.4422709136414568,1.227555927260767,55,24,1.0,188,38,353,79,2.7146688103675842,7.817958406051542,0.15021965
10.050000002047451,0.37740097392302224,1.1031325971837285,57,23,1.0,187,38,357,77,2.5718683004379272,7.251309875763319,0.19333501
10.100000002057637,0.4471378982948474,1.1908935989974239,61,22,0.9444444444444444,190,38,351,78,2.5301706790924072,7.330321039378642,0.21926086
10.150000002067824,0.348282536231325,1.3731884695149956,54,20,0.9444444444444444,179,36,355,76,2.601708173751831,7.685747082342793,0.25322336
10.20000000207801,0.22884237093380114,1.186738780737834,47,20,0.9444444444444444,183,40,350,78,2.4978817999362946,7.802360496507825,0.17424394
10.250000002088196,0.39327243177597293,1.0631517680187936,55,21,0.9444444444444444,182,37,352,77,2.4845726788043976,7.838734320618022,0.16900425
10.300000002098383,0.26826937995208333,1.2267468560709471,50,20,0.9444444444444444,178,38,356,76,2.574750781059265,7.822644480659688,0.17234387
10.350000002108569,0.4537334060408489,1.487878612041944,50,19,0.8888888888888888,177,38,343,74,2.5590625405311584,7.535338457833367,0.28692532
10.400000002118755,0.7292107501715105,1.3317394715864437,54,19,0.8888888888888888,185,38,353,77,2.7165237069129944,7.409547345789473,0.20368563
10.450000002128942,0.57811268944528,1.1637925135708882,62,20,0.9444444444444444,182,38,350,74,2.500700354576111,7.591840986069904,0.18346924
10.500000002139128,0.6429070666469776,1.094196449910913,56,21,0.9444444444444444,179,38,355,79,2.617712914943695,7.457211148055425,0.1727455
10.550000002149318,0.6422627093642881,0.9192401173733218,61,23,0.9444444444444444,186,38,351,77,2.61055588722229,6.90202310652027,0.11444478
10.6000000021595,0.5089860146699273,1.2883114028175349,59,20,0.9444444444444444,178,38,353,78,2.497391402721405,7.6155954151463146,0.24827994
10.65000000216969,0.4240223132047696,1.1404262343584897,61,23,1.0,184,38,350,75,2.534320652484894,8.0556327581409,0.22689566
10.700000002179873,0.5835087453066528,1.164269709260764,59,21,0.9444444444444444,181,36,347,78,2.6332896947860718,7.218095146349732,0.14984056
10.75000000219006,0.2998119596981199,1.065509122858843,60,23,0.9444444444444444,183,35,349,74,2.6348838210105896,7.866625670780074,0.21647483
10.800000002200246,0.5249493447671247,1.3427284331523786,55,21,0.9444444444444444,176,37,350,78,2.5157228112220764,7.399691251363283,0.28128585
10.850000002210432,0.5751882809757015,1.3924604758605332,50,18,0.9444444444444444,174,36,343,75,2.5575733184814453,7.477840997317973,0.29419422
10.900000002220619,0.43641858133700673,1.2270511925850176,63,22,0.9444444444444444,193,39,374,80,2.490689754486084,6.897294415294599,0.16083592
10.950000002230805,0.3976093601830508,1.300829342216292,54,19,0.9444444444444444,176,38,349,77,2.6101064682006836,6.981228401565467,0.19557928
11.000000002240991,0.3843380009143446,1.286293923619717,55,21,0.9444444444444444,178,38,349,74,2.7007749676704407,6.934995977925302,0.19433887
11.050000002251178,0.20282550182588321,1.1216416390281216,55,21,0.8888888888888888,178,36,347,74,2.5187548995018005,6.57122582089027,0.22154103
11.100000002261364,0.6090201617659603,1.385987534184466,60,20,0.9444444444444444,183,39,352,77,2.577286660671234,7.132527227161125,0.28851002
11.15000000227155,0.5322412593394736,1.3530162971508075,61,23,1.0,188,40,358,79,2.551873028278351,6.9706550002663015,0.20633885
11.200000002281737,0.2847062262002987,1.1583493522068273,58,22,0.9444444444444444,185,36,350,75,2.5847291946411133,6.813680785542324,0.27552062
11.25000000229192,0.6938318518709631,1.6003695477834996,60,20,0.9444444444444444,177,38,348,74,2.522822320461273,7.029093743487609,0.32379103
11.30000000230211,0.5217442881489148,1.3882035112825684,61,22,0.9444444444444444,177,37,347,77,2.5259199738502502,6.706701811883757,0.3248495
11.350000002312292,0.3855945617815988,1.285169902563518,54,20,0.9444444444444444,183,41,344,74,2.474272847175598,6.717718506099661,0.18085134
11.400000002322482,0.4076604837459357,1.1202905511801773,54,19,0.9444444444444444,179,39,348,77,2.563406229019165,6.373998250351898,0.20838854
11.450000002332668,0.549748321168171,1.5234431532184214,60,22,1.0,193,41,352,74,2.61640727519989,6.624596747527436,0.20016736
11.500000002342851,0.6917807164990436,1.5200564226277904,56,20,0.9444444444444444,182,38,352,78,2.6180896162986755,6.741157291837343,0.28968167
11.550000002353041,0.5132107975619487,1.3729576014800844,56,20,0.9444444444444444,187,37,348,78,2.5303521752357483,6.3684167011391235,0.2693004
11.600000002363227,0.22751861044095328,0.9548681740157717,52,22,1.0,181,37,343,72,2.634017765522003,5.861262813106034,0.12838411
11.650000002373414,0.12792282223339774,1.2622723534919522,49,21,1.0,190,38,355,79,2.6675477623939514,6.248562300192413,0.17695221
11.7000000023836,0.16744512063979092,1.2196842492569442,50,19,0.9444444444444444,183,38,354,77,2.5891119241714478,5.734989932002952,0.17843457
11.750000002393787,0.16437762168144396,1.1296391010459224,53,21,0.9444444444444444,186,38,353,77,2.618206739425659,5.600535311343124,0.14378199
11.80000000240397,0.7029552075838088,1.4893287532056187,56,20,0.9444444444444444,184,42,348,77,2.5465744733810425,6.853733395151709,0.2752147
11.85000000241416,0.567524464570611,1.0759116180663124,46,18,0.9444444444444444,176,39,350,73,2.500016689300537,5.708569951978069,0.25379974
11.900000002424346,0.38697045698746413,1.2742411401123985,54,20,0.9444444444444444,177,37,349,78,2.4856068193912506,5.386957725366637,0.21651757
11.950000002434532,0.3071882029960973,1.270350123950197,57,20,0.9444444444444444,190,40,355,78,2.5057166814804077,5.324091784809193,0.29699653
12.000000002444722,0.19526321502823235,1.1723807971213243,57,20,0.9444444444444444,177,39,358,77,2.6051655411720276,5.309527231898814,0.14422691
12.050000002454905,0.26842908032695845,1.0780532830142655,58,22,0.9444444444444444,185,38,357,76,2.522485852241516,5.851052689725478,0.23261765
12.10000000246509,0.39525340098127615,1.1185178429219744,55,21,0.9444444444444444,178,35,349,76,2.5984662771224976,6.22473252985662,0.19351806
12.15000000247528,0.5717700671130203,1.2439584772076537,60,21,0.9444444444444444,183,37,348,76,2.5632497668266296,6.262329508970099,0.2026854
12.200000002485464,0.36345773187985364,1.2874453434881579,53,21,1.0,181,37,348,72,2.5550004839897156,6.138690596584908,0.2361018
12.25000000249565,0.5473350434270318,1.2510460118236058,58,19,0.9444444444444444,183,39,357,75,2.546100616455078,6.531373721528144,0.28518176
12.300000002505836,0.4552201193689249,1.077808265735139,52,19,1.0,185,39,345,75,2.491753250360489,6.926713580382655,0.17882265
12.350000002516023,0.3118359495034271,1.2103561512738819,60,22,0.9444444444444444,180,36,350,74,2.574659585952759,6.254174190698896,0.21752565
12.400000002526209,0.432127695979794,1.3039501324790996,57,18,0.9444444444444444,184,37,342,71,2.4807970225811005,6.552181375118762,0.3426302
12.450000002536395,0.4006151911915937,0.8692698359779195,57,20,0.9444444444444444,178,37,352,77,2.5062280893325806,6.109552807753635,0.17794098
12.500000002546582,0.5837083016353943,1.2460648939965517,49,20,0.9444444444444444,186,38,342,73,2.5789695978164673,6.456696894411227,0.29681024
12.550000002556768,0.5015386415447491,1.3319118792278997,57,19,0.9444444444444444,175,37,338,75,2.647530734539032,6.869399204153437,0.28684953
12.600000002566958,0.502023202058364,1.3709814695630516,47,20,0.8888888888888888,174,37,339,74,2.574959397315979,6.643068234800191,0.26874286
12.65000000257714,0.3917922602372932,1.3669954000446185,55,21,0.9444444444444444,181,38,350,79,2.539045214653015,6.148615233436194,0.2105821
12.70000000258733,0.6113540208248844,1.5450423256323353,44,16,0.8333333333333334,175,37,337,72,2.5260692834854126,6.037356414654242,0.29691815
12.750000002597513,0.3425496612798886,0.974912291171663,55,18,0.9444444444444444,186,36,361,78,2.558688521385193,6.046706292596022,0.13051696
12.8000000026077,0.44607029793168634,1.2820210734252657,49,20,0.9444444444444444,182,38,345,78,2.4568314850330353,5.870431810631844,0.24554823
12.850000002617886,0.3944242754041264,1.267290863654277,52,18,0.8888888888888888,181,37,350,76,2.726735472679138,6.375018809350417,0.22655015
12.900000002628072,0.6293528116506293,1.2078717056504544,52,19,0.9444444444444444,181,42,354,75,2.598732113838196,6.337066794994248,0.15701996
12.950000002638259,0.2593937130988421,1.2687285616108972,58,21,0.8888888888888888,183,40,361,80,2.537195384502411,6.155753834467506,0.26231134
13.000000002648445,0.4121473009783811,1.1265826465372557,60,23,0.9444444444444444,175,38,348,75,2.4424156546592712,6.432700625768009,0.22230439
13.050000002658631,0.4299866470699564,1.2978606215841473,59,20,0.9444444444444444,179,38,350,79,2.4341794848442078,6.394645964785646,0.25549546
13.100000002668818,0.4420155691438232,1.1302532429097734,59,21,0.9444444444444444,183,37,345,73,2.622462511062622,6.405769891593893,0.24420206
13.150000002679004,0.3081665368724825,1.2017380975847323,63,21,0.9444444444444444,189,39,355,75,2.5135797262191772,6.130296139616869,0.20183858
13.20000000268919,0.33658029866868994,1.3305845068486155,54,18,0.9444444444444444,178,38,346,75,2.5859859585762024,6.786628044830483,0.29266828
13.250000002699377,0.11080305368500241,1.242443124508372,55,20,0.9444444444444444,186,39,343,76,2.641214430332184,6.481028053304145,0.26066095
13.30000000270956,0.41035890776459416,1.2305201253531781,60,20,0.9444444444444444,180,39,350,78,2.596898376941681,6.531451530322752,0.24992405
13.35000000271975,0.2944557513124319,1.1699237302085121,52,20,1.0,182,37,346,73,2.5433987379074097,6.114751501544484,0.28206277
13.400000002729932,0.36457487975708647,1.2097175549670571,53,21,0.9444444444444444,180,36,356,77,2.4859245121479034,6.468952780532398,0.11292783
13.450000002740122,0.4346151309921403,1.313725868448783,53,21,0.9444444444444444,181,38,345,74,2.5140416622161865,6.236705784060401,0.29974237
13.500000002750308,0.35276545965737116,1.0943503168061532,46,19,0.8888888888888888,170,34,342,74,2.6377198100090027,6.651699854906221,0.19195588
13.550000002760491,0.2636675621503731,1.2329666292612338,57,21,0.9444444444444444,181,37,349,74,2.650749683380127,6.6799575194665906,0.27773842
13.600000002770681,0.08477118377401766,1.1429493896439245,51,20,0.9444444444444444,177,37,345,74,2.6101526618003845,6.565728382038429,0.2089725
13.650000002780867,0.4517077586085241,1.1165939515322352,51,18,0.9444444444444444,182,36,346,75,2.4838177859783173,6.56292492677176,0.23538208
13.700000002791054,0.3225714273314375,1.1912464916827568,56,21,0.9444444444444444,179,36,350,76,2.6677140593528748,6.892695725564408,0.20710969
13.75000000280124,0.3726651171997247,1.2165127487684473,52,20,0.8888888888888888,179,36,341,74,2.597591280937195,6.918276990193348,0.3050021
13.800000002811426,0.37658329049878536,1.4160814588392525,50,20,0.8888888888888888,172,35,338,75,2.5122547149658203,6.797876462011079,0.31512398
13.85000000282161,0.4661707353024486,1.412823694544977,61,20,0.9444444444444444,180,36,342,73,2.591177225112915,6.656673327569402,0.18144342
13.9000000028318,0.4743304954034922,0.8967409898954339,56,21,0.9444444444444444,181,38,354,74,2.6185953617095947,5.762390091404077,0.19818878
13.950000002841985,0.5640822312565643,1.3036484616733148,57,20,0.9444444444444444,176,39,343,75,2.5076383352279663,5.899143475040711,0.35082754
14.000000002852172,0.4796184854209298,1.1172544931874349,56,22,0.9444444444444444,187,40,357,77,2.4933630228042603,5.680760092251811,0.24608265
14.050000002862362,0.19556486876285456,1.2098369033989314,51,20,0.8888888888888888,187,37,356,77,2.587904632091522,6.067851445775583,0.22944681
14.100000002872545,0.15165389224964615,1.0455907702578773,50,22,0.9444444444444444,179,35,348,75,2.667623460292816,5.5897540171920745,0.17869885
14.15000000288273,0.5187135125229342,0.7086936714219173,56,20,0.9444444444444444,182,39,351,76,2.611650228500366,5.865269487978617,0.17989771
14.20000000289292,0.43988480732729035,1.3766760977836547,56,20,0.9444444444444444,179,38,340,74,2.4339932203292847,6.568132933408588,0.24508427
14.250000002903104,0.15665495521964293,1.304984232775639,58,20,0.9444444444444444,175,36,340,76,2.5073984265327454,6.001564250661522,0.2787826
14.30000000291329,0.5576976591500714,1.2006444406480212,53,20,0.8888888888888888,185,40,352,76,2.4711820483207703,6.251853911112928,0.23660137
14.350000002923476,0.4504964438946829,1.3026990852229756,48,19,0.8333333333333334,181,38,344,79,2.5959864258766174,5.904817151423334,0.32135388
14.400000002933663,0.38486343424811054,1.261466675685382,52,20,0.9444444444444444,183,38,358,74,2.586078941822052,6.02616328336949,0.21497923
14.450000002943849,0.3305637516917944,1.0881571826489944,56,19,0.9444444444444444,178,37,339,71,2.591654360294342,6.326966565294727,0.22548527
14.500000002954035,0.3315246966777209,1.173207193269742,57,20,0.9444444444444444,177,37,343,75,2.5772854685783386,6.1764975442411,0.31437805
14.550000002964222,0.4075361560681915,1.2159569382285502,56,21,0.9444444444444444,179,39,353,78,2.6279446482658386,6.396972958347931,0.34563234
14.600000002974408,0.5525936476699277,1.3268446846043647,55,21,0.9444444444444444,185,40,353,76,2.652776539325714,5.440869442404663,0.28955755
14.650000002984598,0.5686435946793151,1.1628871639111757,55,19,0.9444444444444444,177,37,352,74,2.610201835632324,5.510262409697777,0.3431174
14.70000000299478,0.3701662033421079,1.3155850134036904,50,16,0.8888888888888888,174,36,337,74,2.6072856783866882,5.91089399410726,0.22544959
14.75000000300497,0.4123623092021927,1.1960408397899827,59,21,0.9444444444444444,179,36,348,72,2.586943507194519,5.977737952302862,0.22583225
14.800000003015153,0.289462640693634,1.273613117612757,52,21,0.9444444444444444,183,36,356,74,2.722393572330475,5.626431995861045,0.22747424
14.85000000302534,0.35217981016668004,1.353278942449048,57,22,1.0,185,39,359,77,2.528506815433502,5.352577887317267,0.2140324
14.900000003035526,0.3942386604541105,1.2077929968791454,56,19,0.9444444444444444,175,39,342,72,2.6317936182022095,5.221844858783253,0.25537705
14.950000003045712,0.07681715563865496,1.1720123122600166,49,21,0.8888888888888888,187,38,358,77,2.6181069016456604,5.377629708740326,0.18504146
15.000000003055899,0.31076822107762203,1.5497634931509439,46,20,0.9444444444444444,180,38,343,72,2.6076093316078186,5.2686024199589365,0.27630663
15.050000003066085,0.4565258094976229,1.293624485393535,56,21,0.9444444444444444,181,39,339,70,2.4597421288490295,5.391319990104257,0.23562662
15.100000003076271,0.4019203245712949,1.0015915941774785,51,19,0.9444444444444444,176,37,339,74,2.570551037788391,4.834354755814285,0.26504335
15.150000003086458,0.35066363426240005,0.9816646465743385,55,19,0.9444444444444444,183,36,347,75,2.556949257850647,4.61774722142275,0.15112692
15.200000003096644,0.11947845939503865,1.0954701697715692,47,21,0.8333333333333334,181,38,344,73,2.679016590118408,5.8097431298810065,0.15915784
15.25000000310683,0.2663329733059179,1.0946253982885232,52,19,0.8888888888888888,175,35,341,73,2.5887542963027954,5.744571973346133,0.30630803
15.300000003117017,0.40549940364200227,0.9668373625890203,45,20,0.8333333333333334,172,35,340,75,2.53274142742157,5.597572102186179,0.27904987
15.3500000031272,0.4063265040771569,0.9289307088594428,50,20,0.9444444444444444,176,39,342,76,2.482323944568634,6.580997446151899,0.25395048
15.40000000313739,0.4127169851282473,1.338686618467547,50,20,0.9444444444444444,181,37,342,73,2.545853853225708,6.200085102789821,0.28969252
15.450000003147572,0.4122379876232244,1.4155144017930574,49,18,0.8888888888888888,177,37,338,75,2.769487500190735,6.269968523798015,0.29073274
15.500000003157762,0.3517637601784323,1.2559815817022657,52,22,1.0,184,37,347,75,2.531317174434662,6.250012616294942,0.15468407
15.550000003167948,0.2593790996207302,1.459324446934262,56,20,0.9444444444444444,175,36,345,73,2.5598081946372986,5.99578643540954,0.3200124
15.600000003178131,0.07637733420093018,1.2221860436238627,49,20,0.8888888888888888,174,37,356,79,2.515369951725006,5.58716545476277,0.22107172
15.650000003188321,0.3346438662844147,1.0162179529122124,51,18,0.8888888888888888,176,36,345,75,2.605394721031189,5.991852272314961,0.23492405
15.700000003198507,0.39314387115920957,1.2298507311110098,44,18,0.8888888888888888,179,36,353,77,2.6739731431007385,5.8746481108520054,0.26422656
15.750000003208694,0.2054046085284615,1.1745591553047465,59,22,0.8888888888888888,179,37,346,77,2.5685706734657288,5.846293308588031,0.24363655
15.80000000321888,0.5105489521883311,1.0645808464252862,58,20,0.9444444444444444,187,39,351,75,2.463885247707367,6.053946264939825,0.20299813
15.850000003229066,0.24923535517318773,1.1420090633967197,52,20,0.9444444444444444,172,39,348,74,2.535839080810547,6.415443487063417,0.24877639
15.90000000323925,0.11316023118823165,1.2334720730630442,54,19,0.8888888888888888,181,38,348,76,2.5148919224739075,6.089452273132379,0.2574865
15.95000000324944,0.21080107522018465,1.2263209749645116,55,21,0.9444444444444444,177,35,345,75,2.5422537326812744,6.093608036419935,0.35794398
16.000000003259625,0.4489186501440834,1.2272649133938067,56,19,0.9444444444444444,179,38,350,78,2.5488489866256714,6.132108586458074,0.26592064
16.050000003269812,0.27913031051553205,1.2528140435590398,52,20,0.8888888888888888,184,39,348,73,2.5406789779663086,5.798539943314651,0.23232278
16.10000000328,0.3151895193382897,1.0170185998629069,52,20,0.9444444444444444,187,39,352,74,2.513751983642578,5.1732707394514055,0.25804538
16.150000003290184,0.3853252293678544,0.8979655102220188,53,19,0.9444444444444444,185,39,353,75,2.5917261838912964,6.205385577927078,0.26853848
16.20000000330037,0.2779729819789852,0.8825778090593019,52,18,0.8333333333333334,181,40,344,77,2.544306516647339,6.012526611315581,0.2265845
16.25000000331056,0.5897974318212901,1.3158338035851802,53,19,0.9444444444444444,184,38,338,73,2.5219616293907166,6.646255749631083,0.25186655
16.300000003320744,0.4495400409906892,1.5159607176951997,58,20,0.9444444444444444,181,38,340,73,2.5452274084091187,6.58634370403222,0.32176903
16.35000000333093,0.40892879158595585,1.1476790611219108,54,21,0.9444444444444444,179,36,339,73,2.6606807112693787,6.76082979249383,0.20621899
16.400000003341116,0.4730815435043214,0.7387139738267899,48,22,1.0,177,35,348,75,2.6061272621154785,6.383774198838301,0.07744685
16.450000003351303,0.4552959304574611,0.9330540186723606,55,21,1.0,188,38,353,76,2.4837306141853333,6.646519106827746,0.11659753
16.50000000336149,0.27553575568356276,1.3079085645439625,56,20,1.0,187,40,343,72,2.708263099193573,6.929120323329698,0.24187791
16.550000003371675,0.10106959224708628,1.1888839375368936,57,21,0.9444444444444444,180,38,341,74,2.561499774456024,7.014058573785054,0.18759269
16.60000000338186,0.15097072261977196,1.3098466209430417,51,20,0.9444444444444444,174,38,341,77,2.567584812641144,7.117888184454664,0.28395867
16.650000003392048,0.5115769964470203,1.4768988182907317,47,20,0.9444444444444444,179,37,338,72,2.5799885392189026,7.595899162822315,0.3059751
16.700000003402238,0.24750544775559857,0.9508725690438858,54,21,1.0,185,38,355,74,2.6011788845062256,6.480855385553204,0.22786036
16.75000000341242,0.27660646335726313,1.3231216840435418,61,20,0.9444444444444444,181,37,351,75,2.7143481373786926,6.611077150020774,0.30515033
16.80000000342261,0.5304672722946442,1.5051820764005903,57,20,0.9444444444444444,182,36,336,74,2.629619836807251,7.022655904399224,0.25550535
16.850000003432793,0.6771570999367003,1.7542896597199245,47,19,0.8888888888888888,176,40,340,73,2.583160400390625,7.025409367953728,0.47735107
16.90000000344298,0.18204638330099737,1.3567215127051302,58,19,0.9444444444444444,180,38,339,74,2.604525089263916,6.450502676674956,0.2696444
16.950000003453166,0.3763319957247392,1.1306914616661732,57,22,0.9444444444444444,181,36,342,73,2.661292254924774,6.809885209192883,0.2505144
17.000000003463352,0.20851461886787165,1.384937702438148,54,23,1.0,171,38,334,73,2.5655415654182434,7.27602314986755,0.32177132
17.05000000347354,0.5596934465860093,1.4553482511596454,54,22,0.9444444444444444,172,37,344,76,2.5847992300987244,6.7956452895853925,0.3620502
17.100000003483725,0.26521709538939314,1.4025876091477447,44,19,0.9444444444444444,179,37,348,75,2.602781057357788,6.799282840318401,0.28309596
17.15000000349391,0.20754230095699472,1.295988920309141,56,20,0.9444444444444444,186,38,340,71,2.652900218963623,6.457705509198499,0.24493091
17.200000003504098,0.16664733240273175,1.2830412851077233,51,21,1.0,180,39,344,75,2.57633775472641,6.549435727616562,0.2713303
17.250000003514284,0.3852579753881253,1.1867534704711067,52,18,0.8888888888888888,168,34,327,69,2.603597640991211,6.646362430426445,0.2981913
17.30000000352447,0.4542144586800778,1.3839129755198503,58,20,0.8888888888888888,179,36,346,75,2.4972328543663025,6.597463081948236,0.27020016
17.350000003534657,0.25950882980856266,1.4162545531768478,44,18,0.7777777777777778,176,37,343,76,2.568512260913849,6.646414852791498,0.27789742
17.40000000354484,0.34460766824829064,1.1019413469261612,57,21,0.9444444444444444,181,38,355,78,2.5713378190994263,6.478803980767367,0.29668322
17.45000000355503,0.15165690290824685,1.0734645108981542,56,20,0.9444444444444444,177,33,341,76,2.5721541047096252,6.813460863598024,0.24724081
17.500000003565212,0.173831178074873,1.031129477800676,52,21,0.9444444444444444,182,35,354,76,2.6917943358421326,6.204703659219879,0.21970895
17.550000003575402,0.45644067476244693,1.3184430175338542,52,20,0.8888888888888888,181,36,339,74,2.7200308442115784,6.658864153104815,0.33045268
17.60000000358559,0.5130822689961867,1.4027943069977429,58,21,1.0,177,37,343,72,2.642083466053009,6.752330984179702,0.21762039
17.650000003595775,0.7756775538026911,1.7167713568012672,45,20,0.8888888888888888,183,38,345,76,2.608182430267334,7.2115147742640495,0.35960284
17.70000000360596,0.42280241254752016,1.4356385832734786,49,21,0.9444444444444444,179,37,338,74,2.570565938949585,6.551436751853856,0.22924216
17.750000003616144,0.3243142519981058,1.3625322021508506,56,20,0.9444444444444444,179,39,337,74,2.5525066256523132,6.519412590085425,0.24503535
17.800000003626334,0.12444412187526808,1.2123582480506516,56,23,0.9444444444444444,177,35,355,77,2.635912001132965,6.143333889818816,0.18361561
17.85000000363652,0.21028737127243455,1.0810762184840716,52,20,0.8888888888888888,175,37,344,80,2.597464919090271,6.452980228350782,0.23822597
17.900000003646706,0.2449960450034916,1.2487821636197856,49,20,0.9444444444444444,175,36,344,74,2.603515386581421,6.711433443487129,0.27720296
17.95000000365689,0.40801621987575065,1.25528009995711,51,20,0.9444444444444444,182,37,334,71,2.6315319538116455,6.554540660310488,0.26471147
18.00000000366708,0.19953840573492898,1.1149283025053027,45,18,0.8333333333333334,173,36,341,72,2.586735486984253,6.124546707141434,0.27139235
18.050000003677265,0.3101901041133182,1.0910445892359752,51,20,0.8888888888888888,177,36,350,75,2.5582152605056763,6.097766334526993,0.20436361
18.10000000368745,0.32943059575397454,1.3634409438232913,56,20,0.9444444444444444,183,36,349,76,2.5388899445533752,6.079793828423501,0.2607515
18.15000000369764,0.29825748346263353,1.1454946183782206,54,21,0.9444444444444444,189,38,351,73,2.628577947616577,6.176326683764692,0.201558
18.200000003707824,0.6296672994716213,1.0119944435768409,50,18,0.9444444444444444,181,38,341,72,2.5769034028053284,6.282076392093261,0.30166844
18.25000000371801,0.1827618911729425,1.1031584387290088,49,20,0.9444444444444444,181,37,342,76,2.7544674277305603,5.878425121069002,0.25890064
18.3000000037282,0.2952316992392264,1.104590008147105,58,21,1.0,186,37,348,75,2.552008628845215,6.104920583344775,0.24050215
18.350000003738383,0.2418057218021984,1.232975192037497,51,20,0.9444444444444444,178,37,345,75,2.500338852405548,6.465118630483584,0.16649686
18.40000000374857,0.20399393476012775,1.199152793583188,52,19,0.8888888888888888,186,39,349,77,2.4073433876037598,6.461782104418985,0.20852791
18.450000003758756,0.0974037469228444,1.2121813218052349,57,20,0.8888888888888888,184,37,356,78,2.584039568901062,6.725348779560942,0.09949461
18.500000003768942,0.25234381424718894,1.297805874264497,52,20,0.9444444444444444,186,38,348,76,2.5604692101478577,7.229886092865323,0.19667049
18.55000000377913,0.23698750184377937,1.0480871612913272,56,20,0.9444444444444444,175,35,350,77,2.5824186205863953,6.692207601649134,0.14233638
18.600000003789315,0.32883859908419577,1.306251492147348,52,18,0.9444444444444444,182,39,339,76,2.615186870098114,7.112934964917006,0.33209035
18.6500000037995,0.14329207336838065,1.070392308864018,51,21,0.9444444444444444,181,37,347,75,2.6165810227394104,6.995789431588761,0.17804253
18.700000003809688,0.29060238428953616,1.170668588754746,53,21,0.9444444444444444,183,36,360,78,2.614849805831909,6.90455811620339,0.1912785
18.750000003819878,0.601451340726809,0.7119261919140136,63,23,1.0,182,36,355,77,2.509600520133972,6.191584241806272,0.069745086
18.80000000383006,0.2970305714896983,0.8018656435775783,57,22,1.0,182,35,350,75,2.519242763519287,6.949179561756225,0.14497246
18.85000000384025,0.36874811031912713,1.5247160590175164,59,22,0.9444444444444444,181,40,343,76,2.618245482444763,7.290177819362418,0.2078327
18.900000003850433,0.1862581333646816,1.1364842146649312,57,22,0.9444444444444444,184,37,347,75,2.4653486907482147,7.37736496512027,0.21143408
18.95000000386062,0.32094867497967255,1.3071919210416003,60,22,0.9444444444444444,180,38,353,77,2.6863378286361694,7.403207329406181,0.18073139
19.000000003870806,0.25719448558299185,0.9803942669212361,53,20,0.9444444444444444,183,37,350,73,2.6094943284988403,6.932545124283953,0.18998832
19.050000003880992,0.4988537911040381,1.6590206268323195,53,19,0.8888888888888888,177,36,355,77,2.608959972858429,7.295764476764166,0.3550351
19.10000000389118,0.20996862939052535,1.223333711901765,48,19,0.8888888888888888,174,38,344,75,2.56000816822052,6.712442762835229,0.26544434
19.150000003901365,0.4165994638257091,0.9538207865274093,54,20,0.9444444444444444,184,39,350,76,2.6756593585014343,6.45125599458888,0.29226273
19.20000000391155,0.2952077179822731,0.9828457362874436,58,20,0.9444444444444444,178,38,349,75,2.546391785144806,6.7191551864163035,0.19589524
19.250000003921738,0.1675247738651024,1.17465106081548,55,21,1.0,174,37,348,76,2.5763705372810364,7.153981674997807,0.23747115
19.300000003931924,0.2944228890465973,1.0229020142782783,52,20,1.0,179,37,338,75,2.73126482963562,7.403490754851685,0.1756018
19.35000000394211,0.2972181856046522,1.0128987080293972,56,20,0.9444444444444444,186,38,356,78,2.4324920773506165,7.499059112040722,0.14030378
19.400000003952297,0.5015300168894963,1.411206700565779,52,20,0.9444444444444444,182,36,345,75,2.5577163696289062,7.827471599726268,0.3044192
19.45000000396248,0.2615427255135941,1.008519945079314,54,20,0.9444444444444444,183,39,351,76,2.533753514289856,7.42773450075652,0.20493522
19.50000000397267,0.5422377168417906,1.334906820802904,63,21,0.9444444444444444,179,37,343,73,2.650379240512848,7.671560149354182,0.252064
19.550000003982852,0.28931055821006296,0.815727561350395,54,20,0.8888888888888888,173,36,344,77,2.6530030369758606,6.702605207987631,0.11134642
19.600000003993042,0.6905364125640622,1.5010795269222064,57,20,0.9444444444444444,173,36,345,74,2.561703622341156,7.132366897150675,0.24959528
19.65000000400323,0.1671656631774611,1.2065460672808381,50,19,0.8888888888888888,180,38,344,74,2.5981691479682922,6.825132012432187,0.25277072
19.700000004013415,0.3653943402152329,1.0792958360176188,56,20,0.9444444444444444,185,39,360,77,2.688715159893036,6.321122155203085,0.19258606
19.7500000040236,0.2210614237798128,1.1137609388229346,55,21,0.9444444444444444,188,41,345,75,2.504968047142029,7.083914203313224,0.19908184
19.800000004033784,0.33211955056783427,0.8923026677285288,54,20,0.9444444444444444,181,40,351,76,2.6521673798561096,6.944091302483537,0.17930822
19.850000004043974,0.5078661029586409,1.1237460650432647,55,19,0.9444444444444444,186,37,350,73,2.5823453068733215,6.85628367240775,0.24849878
19.90000000405416,0.3939442316078256,1.3795476811485488,49,19,0.8333333333333334,174,38,337,68,2.4919486045837402,6.967327547558337,0.24939483
19.950000004064346,0.11850856316980632,0.9764033291620465,50,21,0.8888888888888888,179,38,348,75,2.6488929986953735,7.428567854170529,0.099115804
20.000000004074533,0.15508688387667893,0.942907761156281,55,20,0.9444444444444444,180,37,347,74,2.64706552028656,7.417028641993646,0.18056461
20.050000004084723,0.37898154214347646,1.0379690123939398,52,19,0.9444444444444444,178,36,347,74,2.6323890686035156,7.211342790301156,0.355169
20.100000004094905,0.40907096570806656,0.9646841261010574,55,22,1.0,180,37,350,75,2.586800754070282,7.627997280129248,0.2381008
20.15000000410509,0.3328394741783447,1.23704127178293,46,19,0.9444444444444444,179,38,349,72,2.537122964859009,7.368272489885115,0.20751597
20.20000000411528,0.4479168853001104,1.2062784768984416,55,18,0.9444444444444444,173,35,346,76,2.5394806265830994,7.347541660098127,0.23731124
20.250000004125464,0.5151212968125728,1.2703423659650805,47,17,0.8888888888888888,182,39,341,77,2.4970653653144836,7.464007426824466,0.268677
20.30000000413565,0.4896276179716608,0.9190913821098733,55,20,0.9444444444444444,179,39,343,73,2.5674915313720703,6.904404926971077,0.18882895
20.35000000414584,0.3264398320170012,1.26175790483822,54,19,0.8888888888888888,181,38,347,75,2.5980594754219055,6.559035350314755,0.27435845
20.400000004156023,0.3323183938879063,1.2702589510968822,57,21,0.9444444444444444,180,38,337,70,2.5950103998184204,6.655997976019314,0.38170293
20.45000000416621,0.36363217341436244,1.1560250897683872,50,22,1.0,183,40,350,76,2.628377079963684,6.790316155643374,0.29854885
20.500000004176396,0.20770948573297227,1.175069440052529,53,19,0.9444444444444444,185,38,360,79,2.536265552043915,6.657822307328889,0.26032686
20.550000004186582,0.21183507594225573,1.027422405807282,57,20,0.9444444444444444,179,35,350,79,2.662981152534485,6.3307531054876165,0.1985262
20.60000000419677,0.3026320833315651,1.0183157757296262,59,22,0.9444444444444444,181,38,352,77,2.6027321815490723,6.173533821894832,0.21178612
20.650000004206955,0.265441650163938,1.2964007688538794,55,20,0.9444444444444444,178,36,343,74,2.6016873121261597,6.703448438664337,0.25478327
20.70000000421714,0.19828322241771357,1.0306675055118952,53,19,1.0,181,36,346,75,2.5835269689559937,7.008790685801083,0.23464893
20.750000004227328,0.38945427711578307,1.4952128511016247,52,21,0.9444444444444444,177,36,345,76,2.6245272159576416,7.5545083107181465,0.24448362
20.800000004237518,0.41349294034170236,1.4162663494905137,56,21,0.9444444444444444,185,39,344,75,2.5882694125175476,7.359187449860274,0.26512745
20.8500000042477,0.33233177909856104,1.152359199021507,53,21,0.9444444444444444,178,34,346,76,2.4577806890010834,7.185990140452407,0.29484814
20.90000000425789,0.2680711385491394,1.2860506934645197,44,20,0.9444444444444444,181,39,347,74,2.637471556663513,6.572600724197839,0.3045667
20.950000004268073,0.43714847720386424,0.9541685407074101,58,22,0.9444444444444444,175,37,352,74,2.54244863986969,5.970881483547332,0.20703986
21.00000000427826,0.36399994240321915,1.0312019469441411,52,19,0.9444444444444444,171,34,342,72,2.5288790464401245,6.049528678734353,0.35510027
21.050000004288446,0.4002590886435857,1.4315507494412039,52,20,0.9444444444444444,183,40,346,74,2.5686371326446533,6.475084191208529,0.32318148
21.100000004298632,0.12464830033031049,1.1022133676726056,50,20,0.8888888888888888,186,40,354,78,2.554500699043274,6.317288376854497,0.30123156
21.15000000430882,0.19141059542272637,1.1065052960325807,51,21,0.8888888888888888,186,38,347,75,2.6335948705673218,6.707496764264986,0.18572041
21.200000004319005,0.38594009593148304,1.2090698596245544,55,20,0.9444444444444444,183,37,357,77,2.6144570112228394,7.007221390089899,0.21996504
21.25000000432919,0.5006240245087377,1.353395395362535,53,20,0.9444444444444444,175,36,347,73,2.5963962078094482,7.123639722076005,0.32549933
21.300000004339378,0.1620276556413861,1.0952118312825683,52,21,0.9444444444444444,182,36,350,75,2.6116567850112915,7.004147263421352,0.25268453
21.350000004349564,0.06978361776953346,1.130346188684009,58,22,0.9444444444444444,182,40,347,74,2.6001864671707153,6.693823196171111,0.1966204
21.40000000435975,0.40022218685259414,1.4026552518670046,57,21,0.9444444444444444,182,40,345,75,2.5745725631713867,7.323383221553241,0.2741706
21.450000004369937,0.21499904674282327,1.0602552847215942,54,19,0.8888888888888888,185,36,359,77,2.5618386268615723,7.3611826631621735,0.20555046
21.50000000438012,0.3731359974765622,1.2250071241121936,52,20,0.9444444444444444,178,37,343,74,2.5401735305786133,6.991896890042577,0.29904124
21.55000000439031,0.39765395462616304,1.3598109572191894,59,21,0.9444444444444444,180,39,346,76,2.672978937625885,6.808993264348908,0.22144377
21.600000004400492,0.28676714488514404,1.2314835054203805,54,22,0.9444444444444444,178,38,339,73,2.50226229429245,7.07073901825134,0.31012335
21.650000004410682,0.6072818167771286,1.433761491706243,53,21,0.9444444444444444,172,36,335,75,2.5302839279174805,6.760565634025726,0.31030953
21.70000000442087,0.4872934225401055,1.3565207253947589,60,21,0.9444444444444444,178,38,342,75,2.5778353214263916,6.944121227003972,0.32966718
21.750000004431055,0.266507481603785,1.2447241674496254,57,22,0.9444444444444444,183,38,345,75,2.5798115134239197,6.591841749092913,0.25537497
21.80000000444124,0.6015390146561188,1.262121245223427,58,22,0.9444444444444444,182,40,358,77,2.5364291667938232,6.7570556736559695,0.26044106
21.850000004451424,0.3019184805050493,0.9690903157966309,55,22,0.9444444444444444,181,36,353,76,2.569080889225006,6.235963280832735,0.22850531
21.900000004461614,0.4298773202358398,1.2756886616589667,60,19,0.9444444444444444,182,37,349,73,2.5337862968444824,6.924412735283685,0.31432605
21.9500000044718,0.2433924800999734,1.1190282322165452,62,20,0.9444444444444444,179,37,344,74,2.5931182503700256,6.570195690616982,0.29445076
22.000000004481986,0.1916025298030345,1.183254714846875,50,21,0.9444444444444444,179,36,350,76,2.6224833726882935,6.2926846037630835,0.2186742
22.050000004492173,0.34462957382538567,1.001650825179443,52,20,0.9444444444444444,184,38,343,76,2.5060540437698364,6.661158487999934,0.30110514
22.100000004502363,0.5469481243198109,0.9829504220547792,46,19,0.9444444444444444,177,37,347,76,2.4970419704914093,6.742844560509695,0.26435083
22.150000004512545,0.2433661542437146,1.278054138731456,51,20,0.8888888888888888,186,40,351,79,2.513553500175476,7.388076990768617,0.22000529
22.20000000452273,0.2549501140469089,1.2616116581682166,50,22,0.9444444444444444,177,39,341,76,2.5941842794418335,6.857369603373273,0.3025269
22.25000000453292,0.23084282257592142,1.1794439387934228,53,21,0.9444444444444444,185,41,359,79,2.6140183210372925,6.994613643677781,0.18237717
22.300000004543104,0.4291064523193419,1.0866498527986408,52,20,0.9444444444444444,179,40,349,76,2.6156318187713623,6.7805412080511385,0.34074047
22.35000000455329,0.2953586727676968,0.884926655941096,58,20,0.9444444444444444,182,39,342,76,2.5680458545684814,6.530742916056971,0.28056782
22.40000000456348,0.45947893768836934,1.0899024172879421,49,20,0.8888888888888888,181,37,341,72,2.64849454164505,6.395709367305651,0.16677389
22.450000004573663,0.1860121588359925,0.787342240790923,55,20,0.9444444444444444,181,36,347,76,2.5726664066314697,6.587448218801324,0.052973203
22.50000000458385,0.4136582928904517,1.3043149752962333,51,18,0.9444444444444444,191,40,355,77,2.652893364429474,7.006059148755863,0.2728664
22.550000004594036,0.46876408866455277,1.4758267286236946,53,20,0.8888888888888888,180,39,352,76,2.5162911415100098,7.342032410228718,0.31159928
22.600000004604222,0.5940421149575181,1.1810692960677813,51,24,1.0,186,36,351,78,2.6571685075759888,6.868634002020997,0.16513455
22.65000000461441,0.2704342125340782,1.1682770872483403,47,19,0.9444444444444444,176,36,342,75,2.58542537689209,7.041300436982567,0.20428017
22.700000004624595,0.3447135126962714,1.2063197492512656,56,22,0.9444444444444444,189,40,357,78,2.602941393852234,6.879226649229118,0.17111447
22.75000000463478,0.47672643212965904,0.9866259062245888,52,19,0.9444444444444444,180,36,341,71,2.4874459207057953,7.076442409471211,0.27449116
22.800000004644968,0.19825454053275554,1.343645132118504,50,20,0.8888888888888888,179,36,345,76,2.6365485787391663,7.234165925612084,0.2594722
22.850000004655158,0.18334832346435487,1.1909639438542188,55,20,0.9444444444444444,180,39,345,73,2.5355133414268494,6.865688716809988,0.25495914
22.90000000466534,0.17507021752699012,1.1002282425980399,52,20,0.9444444444444444,177,37,345,73,2.4699094891548157,6.7928759636627944,0.23122066
22.95000000467553,0.32608699752086623,1.2088445343953502,52,18,0.9444444444444444,175,38,344,75,2.5211983919143677,7.04701654285941,0.28255612
23.000000004685713,0.06969687383658643,1.1078023036481217,52,20,0.9444444444444444,179,39,339,72,2.6319360733032227,7.319775389245651,0.3047617
23.0500000046959,0.5703307658878952,1.4630341128717241,51,19,0.8888888888888888,177,35,341,73,2.5513076782226562,7.5771486735018545,0.29315048
23.100000004706086,0.10386261142929822,1.1661798144569109,60,21,0.9444444444444444,186,39,348,74,2.5994178652763367,7.232590787292272,0.23993188
23.150000004716272,0.2506503004418165,1.0987758590862005,53,20,0.9444444444444444,180,36,347,74,2.480001598596573,7.154349295862579,0.23089156
23.20000000472646,0.3955631909049976,1.3958865261570579,63,22,1.0,189,40,357,77,2.435183972120285,7.473472644591768,0.20888062
23.250000004736645,0.23014521176147942,1.1848401995761433,56,21,0.9444444444444444,189,38,351,76,2.5711414217948914,7.495908607109358,0.18660823
23.30000000474683,0.2964292062737752,1.0126327753589928,60,23,0.9444444444444444,187,38,356,75,2.5491946935653687,7.66055281485297,0.1803669
23.350000004757018,0.10473251622606808,1.093881723795126,58,20,0.9444444444444444,178,37,348,73,2.647276222705841,7.5974406485782,0.16032232
23.400000004767204,0.46480443693593415,1.2886219193203687,52,20,0.8888888888888888,179,38,344,74,2.5830894708633423,7.942942576345775,0.1355213
23.45000000477739,0.3943710959250138,0.8306798275727814,61,22,1.0,183,38,352,75,2.582588791847229,6.856035747310809,0.13247865
23.500000004787577,0.30099698166356376,1.2789593812548181,58,20,0.9444444444444444,184,36,346,70,2.5711512565612793,7.632119611781505,0.23360899
23.55000000479776,0.4014848606922516,1.2272705252620806,58,21,0.9444444444444444,183,38,344,73,2.6017165184020996,7.5046853102083055,0.19415425
23.60000000480795,0.2125795190847354,1.1416424410890533,56,19,0.9444444444444444,181,37,349,75,2.6107102632522583,7.399348630612703,0.22184512
23.650000004818132,0.16562661041671364,1.053893605205643,50,21,0.9444444444444444,178,38,341,74,2.5580522418022156,7.487594365455177,0.21675669
23.700000004828322,0.24151051668874451,1.123476569186928,59,20,1.0,186,40,348,71,2.591712176799774,7.238436367712202,0.32881016
23.75000000483851,0.2757423002500638,1.2348611805899208,54,19,0.8888888888888888,184,39,343,74,2.532300651073456,7.440606855312044,0.27680922
23.800000004848695,0.3421784191188918,1.1604172427701023,51,20,0.9444444444444444,177,36,336,71,2.6727697253227234,7.61736885029106,0.23265737
23.85000000485888,0.2097443470865754,1.1255039476691278,52,21,0.9444444444444444,183,37,346,74,2.5213152170181274,7.362914624025612,0.16418208
23.900000004869064,0.11957793520488746,0.9167600212042983,52,20,0.9444444444444444,176,36,341,74,2.5724154710769653,7.220683178311447,0.16825223
23.950000004879254,0.18040818014680923,1.0379934794017434,54,21,1.0,183,36,345,72,2.6256033778190613,7.707516714018903,0.16237059
24.00000000488944,0.15891661693857137,0.969811384052402,58,20,0.8888888888888888,183,39,344,78,2.6076897978782654,7.723645866227571,0.17067584
24.050000004899626,0.3551948834384682,1.1047465892449408,57,21,0.8888888888888888,189,37,358,76,2.557656764984131,8.17648873343999,0.15133722
24.100000004909813,0.2782257967586345,1.230057662380122,46,20,0.9444444444444444,181,39,340,73,2.55534291267395,7.714071473541342,0.13536158
24.150000004920003,0.3183700253312951,0.7387794758263823,59,22,0.9444444444444444,181,37,350,74,2.535041570663452,7.420678108830865,0.086254224
24.200000004930185,0.4674518719886949,0.6164465741717439,52,22,1.0,181,37,352,74,2.577126622200012,7.084305998917753,0.07554029
24.25000000494037,0.7077243658369121,1.4185252524705574,55,20,0.9444444444444444,189,40,356,77,2.507079243659973,8.217880476948007,0.26468953
24.30000000495056,0.38916517967173275,1.294160046520654,52,19,0.9444444444444444,184,40,356,77,2.523915469646454,8.020259158556264,0.28892255
24.350000004960744,0.1475264983373344,0.8636158412117985,54,20,0.9444444444444444,182,37,344,75,2.4472740292549133,7.224804927824042,0.28037545
24.40000000497093,0.4268160229133832,1.2826238489174224,54,20,0.9444444444444444,184,36,355,81,2.573634386062622,7.846532493229192,0.28723347
24.45000000498112,0.13193843140608746,0.9310730314046196,55,20,0.9444444444444444,185,38,351,73,2.6775383949279785,7.129482740078812,0.20225665
24.500000004991303,0.4749047619831446,1.266772934630135,52,21,0.9444444444444444,174,35,336,75,2.7110034227371216,8.177679321291187,0.30644363
24.55000000500149,0.06403716196300663,0.9643965640769907,55,20,0.9444444444444444,182,37,344,72,2.6673686504364014,7.336457386545083,0.20915812
24.600000005011676,0.41611295840008966,1.1238327573056293,61,22,0.9444444444444444,187,36,355,78,2.6779451966285706,7.756180610109427,0.2024988
24.650000005021862,0.15474109535872108,1.1605722666622547,54,22,0.9444444444444444,181,37,344,72,2.66413152217865,7.24389377870704,0.2894759
24.70000000503205,0.4989336051768953,1.2916628888035748,56,18,0.9444444444444444,174,38,348,75,2.533358633518219,7.847522794006352,0.3271485
24.75000000504224,0.43656725505540367,1.2232224815525066,56,18,0.9444444444444444,179,40,333,70,2.5878912210464478,7.852020039930743,0.2717084
24.80000000505242,0.19792847877892175,1.2778137010084578,59,20,0.9444444444444444,179,38,358,74,2.6892882585525513,8.047845850147972,0.25965703
24.850000005062608,0.3661304648748301,1.250761086634834,49,20,0.9444444444444444,169,35,336,75,2.520596981048584,8.107608606186156,0.33042926
24.900000005072798,0.12439672032991407,1.0650264971520964,48,18,0.8888888888888888,175,35,345,75,2.4839022755622864,7.1307209159825735,0.20147349
24.95000000508298,0.4163911798988918,1.3731571513203058,56,20,0.9444444444444444,180,37,349,76,2.513728439807892,7.420971521958286,0.2314283
25.00000000509317,0.29476099952792817,1.171467701013145,56,21,1.0,184,37,344,74,2.5122514367103577,6.861096910449209,0.23249502
25.050000005103353,0.27405679083147877,1.3083334746931965,55,20,0.9444444444444444,176,34,345,74,2.5351786613464355,6.7280775417972105,0.25638333
25.10000000511354,0.31861046169400215,1.3343162836955489,55,23,1.0,177,34,340,72,2.65996515750885,6.5756433513738966,0.22406594
25.150000005123726,0.37089454539718936,1.2470754682617733,55,20,0.9444444444444444,184,40,351,73,2.532273828983307,6.321073883665127,0.24498199
25.200000005133912,0.20770306691832296,1.1510544819172592,51,19,0.8888888888888888,181,39,342,73,2.5881171226501465,6.455815664746298,0.17231348
25.250000005144095,0.37742494297693446,1.103787604121653,47,20,0.9444444444444444,183,38,354,76,2.591230273246765,6.496729065346862,0.18890466
25.30000000515428,0.2981654309660336,0.8525001028696866,55,22,0.9444444444444444,177,36,352,76,2.539999485015869,6.697098427902866,0.17773823
25.350000005164468,0.1880785093503963,1.0897917817166292,49,18,0.8888888888888888,175,36,338,74,2.549508213996887,6.676993157558888,0.18627109
25.400000005174654,0.23031348218236294,1.067938094271466,59,21,0.9444444444444444,178,37,350,78,2.4629978835582733,6.465389225208931,0.28343883
25.45000000518484,0.06144380656820234,1.001411318377319,49,19,0.9444444444444444,178,36,347,77,2.5942006707191467,6.245330792489119,0.1837131
25.500000005195027,0.20254408735690926,1.0124837343915718,54,21,1.0,187,39,346,75,2.4514153599739075,6.256313338757433,0.21755648
25.550000005205213,0.28422319751796704,1.3418282900180232,54,20,0.9444444444444444,181,36,347,74,2.5861549377441406,7.011857429265804,0.27815583
25.6000000052154,0.2717890518500815,1.1408739442415814,58,22,0.9444444444444444,182,36,352,71,2.5149405002593994,6.691238568180422,0.2676494
25.650000005225586,0.1418877844566804,1.1780549100965332,51,20,0.8888888888888888,182,39,351,76,2.554662525653839,6.45440010801309,0.23360175
25.700000005235772,0.2867468025144244,1.1212294756507917,58,20,0.9444444444444444,189,40,358,77,2.5836434960365295,6.237453147297236,0.1878323
25.75000000524596,0.2751458904673937,1.3446813613762614,61,22,0.9444444444444444,194,39,358,78,2.6298418641090393,6.249053201761416,0.17019404
25.800000005256145,0.5946326169010538,1.382781657951998,58,22,1.0,183,38,353,77,2.548479437828064,6.412262399779207,0.2619518
25.85000000526633,0.385240871430143,1.4495191230245286,60,22,0.9444444444444444,179,35,342,71,2.7268001437187195,6.796611906044365,0.32308218
25.900000005276517,0.08523225671959517,0.9530939176064944,53,20,0.8333333333333334,183,41,360,77,2.6101312041282654,6.44224344447184,0.14461683
25.950000005286704,0.27951303240291886,1.1113296645729525,57,20,0.9444444444444444,182,36,354,75,2.449764311313629,6.14249809645095,0.1874216
26.00000000529689,0.1830587506394388,1.1022602732480433,58,20,0.9444444444444444,178,36,346,73,2.5840452313423157,6.084061286848055,0.21113338
26.050000005307076,0.2720706186741444,1.3334669060078137,58,22,0.9444444444444444,180,35,347,76,2.714143693447113,6.3193070285178266,0.3500778
26.100000005317263,0.2509812154081743,1.2104724211800235,55,20,0.9444444444444444,182,40,359,79,2.5690630078315735,6.216647219640485,0.2733963
26.15000000532745,0.560480653361257,1.2847088589165883,58,21,0.9444444444444444,186,39,359,79,2.55829393863678,6.608993262839755,0.23261417
26.200000005337635,0.13095536921984172,0.9322281576230804,58,22,1.0,182,36,359,77,2.631450593471527,6.227129696713778,0.20255348
26.25000000534782,0.24787107861510782,0.9104627008936341,58,21,0.9444444444444444,182,35,346,73,2.5705093145370483,6.914337601130214,0.17940222
26.300000005358008,0.3508697986526177,0.8306252795661564,66,19,0.9444444444444444,192,40,351,74,2.587721347808838,6.375686747959577,0.16750193
26.350000005368194,0.13549088771387577,1.0127088281946675,53,21,0.9444444444444444,186,38,352,74,2.5865712761878967,6.562271269357289,0.17084166
26.40000000537838,0.06443449824950437,1.0094660668668691,62,20,0.9444444444444444,184,37,355,79,2.5001269578933716,6.814793537014516,0.24402006
26.450000005388567,0.2662840728914367,1.285693540022332,51,19,0.9444444444444444,184,38,352,79,2.5997817516326904,7.295295030479183,0.26341033
26.500000005398753,0.10046516429180168,1.2558690912693957,57,21,0.9444444444444444,184,37,348,77,2.568606734275818,6.780426012971521,0.22786863
26.55000000540894,0.2793170048386839,0.7166092164348201,55,22,1.0,181,38,354,76,2.5977152585983276,6.662820457340324,0.062406234
26.600000005419126,0.17746299786318478,1.0113890620557773,58,20,0.9444444444444444,182,36,353,78,2.5259175896644592,6.668730532417522,0.26191178
26.650000005429312,0.32696935025852575,1.240557373652088,45,18,0.8888888888888888,188,41,355,76,2.6703470945358276,7.055893012616403,0.1772078
26.7000000054395,0.39099493301501087,0.9461722560096121,51,21,0.9444444444444444,180,36,353,74,2.595174014568329,6.6394500272553625,0.13284549
26.750000005449685,0.42123214922853364,0.9801436188872306,58,23,0.9444444444444444,185,37,346,75,2.5310805439949036,6.2696870324559395,0.031202085
26.80000000545987,0.14647605789776832,1.0530180589278342,53,21,0.9444444444444444,178,37,351,73,2.5808823108673096,6.760998894718666,0.1653712
26.850000005470058,0.24266138015773703,0.9155462501518268,58,20,0.9444444444444444,177,37,351,77,2.4727721512317657,6.605379411820644,0.17709476
26.900000005480244,0.2190562575600164,0.790006433846291,53,21,0.9444444444444444,182,36,347,75,2.6476073265075684,6.7000854818859334,0.11688112
26.95000000549043,0.4825356185964053,1.3524750175913476,52,19,0.9444444444444444,175,38,346,79,2.6475006341934204,7.79552302124384,0.343001
27.000000005500617,0.3267377907531148,1.030949065215292,56,18,0.9444444444444444,179,38,341,74,2.4691766500473022,7.1622096045783845,0.28409114
27.050000005510803,0.42972505382968923,1.1361085730268814,56,21,0.9444444444444444,177,40,348,76,2.6234814524650574,7.189852455084864,0.21552499
27.10000000552099,0.26882578357581643,1.225474491430852,54,20,0.9444444444444444,183,36,344,75,2.525380849838257,7.600059231620282,0.26161996
27.150000005531176,0.32463496683613036,1.166788321634328,55,19,0.9444444444444444,185,40,357,78,2.55525141954422,7.470600468454354,0.20251852
27.200000005541362,0.43504483363441215,1.283584001877457,59,20,0.9444444444444444,180,37,346,76,2.6730796694755554,7.3968228874992725,0.22157413
27.25000000555155,0.35998037867023297,1.4070680290644049,56,20,0.9444444444444444,177,35,335,73,2.60126531124115,7.207965562755092,0.21135128
27.300000005561735,0.19268346431052602,0.7978786382998695,55,22,0.9444444444444444,176,38,351,76,2.5454866886138916,6.676380359454006,0.1876671
27.35000000557192,0.25038493659424066,1.1806162527582127,49,20,0.9444444444444444,184,36,351,77,2.542738914489746,6.232754419596169,0.19296773
27.400000005582108,0.1915574079301987,1.1881701868968944,59,21,0.9444444444444444,180,38,355,77,2.520346939563751,6.070924216422844,0.19221179
27.450000005592294,0.3541895032457903,1.285335204559167,52,21,0.9444444444444444,181,36,351,75,2.551865577697754,6.444504944299769,0.20950739
27.50000000560248,0.2494269725678822,1.2294559654876467,50,19,0.8888888888888888,177,36,350,73,2.506214678287506,6.852316076965632,0.27968305
27.550000005612667,0.279463623994573,1.1838192440440602,55,21,0.9444444444444444,181,34,348,74,2.6127025485038757,7.280637419229095,0.2022769
27.600000005622853,0.25117238741621795,0.8211698403161549,55,20,0.9444444444444444,186,40,344,75,2.5752979516983032,7.040038980485379,0.12210436
27.65000000563304,0.33936311687434856,0.9870682114658684,61,23,0.9444444444444444,182,36,360,76,2.521916925907135,7.185215802156559,0.18114012
27.700000005643226,0.291504831224434,1.105689954189273,60,23,1.0,184,36,340,75,2.4869023263454437,7.370315703538282,0.24356075
27.750000005653412,0.4018820304235296,1.2943677062426082,54,20,0.9444444444444444,183,37,349,74,2.462158054113388,8.110016527166568,0.27944905
27.8000000056636,0.2955054285814262,1.184145101846293,51,19,0.9444444444444444,176,34,343,74,2.657179534435272,7.885937817049227,0.20601557
27.850000005673785,0.18143730738493943,1.0302795493476555,58,22,0.8888888888888888,179,35,352,75,2.613799273967743,7.966311980905614,0.1698688
27.90000000568397,0.5223437430504503,1.3623629231379262,52,20,0.8888888888888888,179,36,348,74,2.6228323578834534,8.166955925704169,0.24559766
27.950000005694164,0.29854974008344815,1.2833954743397045,59,22,0.9444444444444444,180,36,348,75,2.5099053978919983,8.05044528541587,0.22948995
28.000000005704344,0.37625826281020003,1.298563359962687,53,23,1.0,184,36,349,75,2.50474750995636,8.093964515120131,0.22185121
28.05000000571453,0.3597304391592385,1.0680131729537854,52,21,0.9444444444444444,182,37,349,73,2.565928101539612,7.594412589784785,0.19950435
28.100000005724716,0.25764070416524854,1.039315580702248,54,23,0.9444444444444444,174,37,354,74,2.53025084733963,7.115619520831569,0.16493721
28.150000005734903,0.5851112178942874,0.7493393635940968,58,23,1.0,185,38,358,74,2.6849758625030518,6.980229618608069,0.10817058
28.20000000574509,0.5757388144190739,1.441457995633608,48,20,0.9444444444444444,181,37,354,77,2.518587112426758,7.720191996167491,0.2614068
28.250000005755275,0.253554333492599,1.2691585584351879,55,21,0.8888888888888888,183,38,352,77,2.5725430250167847,7.28843558616898,0.22499512
28.30000000576546,0.32965890728526154,1.248471355450678,47,20,0.8888888888888888,179,38,360,77,2.4989745020866394,7.534981497162709,0.25042
28.350000005775648,0.14195345406880705,1.119202028535624,57,20,0.9444444444444444,190,40,359,74,2.634240984916687,7.237641104041623,0.16307683
28.400000005785834,0.3893425772149185,1.1273132547891114,51,20,1.0,185,37,353,75,2.5732213258743286,7.3734329439637225,0.23105489
28.45000000579602,0.18431826624954625,0.8267853529815898,61,21,0.9444444444444444,183,38,351,75,2.5286585092544556,7.012212968909566,0.10766551
28.500000005806207,0.4711751978938803,1.1452012757122538,49,20,0.9444444444444444,182,36,334,72,2.5124111771583557,7.40838820503841,0.21217822
28.550000005816393,0.32279600624957716,0.8546282622585978,53,21,0.8888888888888888,179,38,350,74,2.5185084342956543,6.928059528143962,0.17862567
28.60000000582658,0.3219373286997478,1.1196192771565054,52,21,0.8888888888888888,183,37,357,75,2.632215917110443,7.740199036901592,0.23484105
28.650000005836766,0.2577785707163878,0.8736115833760183,60,22,0.9444444444444444,178,36,345,75,2.61702299118042,7.296432598837237,0.20308474
28.700000005846952,0.45625435805974546,0.6710916998993575,49,23,0.8888888888888888,186,38,360,74,2.597121000289917,6.678426833493383,0.04560484
28.75000000585714,0.3058728949891941,1.1444795217477726,56,21,0.9444444444444444,179,36,345,72,2.5760653614997864,7.143125938543102,0.15546083
28.800000005867332,0.38487429081649105,1.1384644477039445,56,21,0.9444444444444444,177,36,347,75,2.572171688079834,7.560487931231128,0.13882133
28.85000000587751,0.2262523406028963,0.8696193702465163,58,21,0.9444444444444444,186,37,355,75,2.530333995819092,7.1257132845875315,0.10136619
28.900000005887698,0.45813575172377996,0.6976529161806957,61,22,0.9444444444444444,189,38,359,75,2.5041094422340393,6.72457205619164,0.10536085
28.950000005897884,0.3082318450486224,0.6854426747343334,62,22,0.9444444444444444,192,38,366,75,2.5248098373413086,7.491726491702799,0.08259586
29.00000000590807,0.1509803284029749,1.0014465541873991,50,19,0.8888888888888888,187,37,353,74,2.688450813293457,7.739518875700062,0.17194122
29.050000005918257,0.1671392420720475,0.9254113901511478,65,21,0.9444444444444444,183,37,349,74,2.576904296875,7.8449495514184076,0.182085
29.100000005928443,0.12049005657577136,1.0314899229059085,52,19,0.9444444444444444,188,38,347,75,2.6199060678482056,7.862160828921239,0.11564134
29.15000000593863,0.5122835109124517,0.8617561135380019,56,23,1.0,185,38,354,74,2.592339813709259,7.045556565006974,0.1456663
29.200000005948816,0.3186087137481797,1.1865541712002845,58,21,0.9444444444444444,179,35,346,78,2.4965037405490875,7.816377094082405,0.32269973
29.250000005959002,0.26015367424054064,1.1529945608200864,54,21,0.9444444444444444,189,37,362,76,2.6114535331726074,7.214088988716307,0.13581167
29.30000000596919,0.3847317447913047,1.0706161702496648,51,20,0.8888888888888888,183,37,349,75,2.550867795944214,7.1930315220138485,0.1728852
29.350000005979375,0.39512192845797045,1.3086288846101723,47,20,0.8888888888888888,182,36,350,76,2.5990036129951477,7.274134856080359,0.2667821
29.40000000598956,0.49687519722232454,0.6764460222621373,55,20,0.8888888888888888,182,38,354,74,2.546321451663971,6.459808958994708,0.07413567
29.450000005999748,0.30748855411279413,1.1484094527778805,54,23,0.9444444444444444,181,37,355,76,2.6105540990829468,7.236701193286743,0.16521583
29.500000006009934,0.17955126789338455,1.0176450473847756,47,18,0.9444444444444444,177,36,344,74,2.6492980122566223,7.15393045960397,0.17976345
29.55000000602012,0.3981280156127044,1.2781971971891626,47,19,0.8888888888888888,179,36,338,71,2.6599401235580444,8.077781751798954,0.28466487
29.600000006030314,0.3644975883491466,1.0761563318998615,58,20,0.9444444444444444,181,36,341,74,2.461007237434387,7.950274456759541,0.21232149
29.650000006040493,0.5335114281690441,1.3339901363350595,59,19,0.9444444444444444,185,38,344,73,2.5370660424232483,7.641018389466705,0.16773406
29.70000000605068,0.21232426868659204,1.0639629421301968,58,22,0.9444444444444444,175,36,339,74,2.6237139105796814,7.09725388828458,0.18531224
29.750000006060873,0.1729153204234325,0.9783744498539149,57,23,0.9444444444444444,179,35,345,74,2.5623971223831177,6.905515692040849,0.17397703
29.800000006071052,0.35008923467302877,1.246590826023743,55,19,1.0,179,39,338,70,2.6237133145332336,7.2289254217053855,0.2148046
29.85000000608124,0.45964388273435347,1.2566299210403336,60,20,0.9444444444444444,172,36,336,72,2.5023499131202698,7.17567321814486,0.28161913
29.900000006091425,0.1913233932796549,1.1588529692507676,55,19,0.9444444444444444,182,39,360,76,2.6652759313583374,7.056090084399846,0.2113717
29.95000000610161,0.3041874555972588,1.2282168452166236,57,21,0.8888888888888888,182,36,345,73,2.5808194279670715,7.324324468124663,0.12560517
30.000000006111804,0.42890653715039306,1.1685644162928595,55,21,0.9444444444444444,184,37,355,75,2.673434019088745,7.169164369792709,0.21396168
30.050000006121984,0.22775527272512636,0.9862219203442217,55,23,0.9444444444444444,179,36,355,74,2.668372392654419,6.953379399823447,0.15862758
30.10000000613217,0.3521420233809762,0.8518037157877529,58,22,0.9444444444444444,192,38,349,75,2.6536113023757935,6.363815592596662,0.14602792
30.150000006142363,0.26928326661188945,1.0897704503604069,58,22,0.9444444444444444,190,39,344,73,2.6676005125045776,7.007032532809774,0.15308689
30.200000006152543,0.07126381896017939,1.0795706258500837,57,21,0.9444444444444444,186,36,352,76,2.6473575830459595,7.2253350643233905,0.1541967
30.25000000616273,0.4052518069111876,1.3128853947207455,50,20,0.9444444444444444,182,37,341,72,2.629553973674774,7.829125524389191,0.2043475
30.300000006172915,0.48088994513844247,0.9990683588887763,62,20,0.8888888888888888,189,37,343,73,2.5435972213745117,7.233535357539278,0.09291219
30.3500000061831,0.3779604950163274,1.0843753505436786,59,22,0.9444444444444444,184,39,353,76,2.5683271884918213,7.327223871142712,0.18816474
30.400000006193288,0.2437578224692152,1.0464841964764846,61,20,0.9444444444444444,184,39,340,72,2.5982412695884705,7.330161675970199,0.15914865
30.450000006203474,0.3135132436470567,1.0946407749423905,61,22,0.9444444444444444,186,38,352,76,2.548752725124359,7.4483511461397445,0.15752079
30.50000000621366,0.42870494999240794,1.2559326121730208,60,21,0.9444444444444444,184,36,352,74,2.600187063217163,8.429868116712829,0.2522949
30.550000006223847,0.24577016223464435,1.0457376416755835,55,21,0.9444444444444444,181,36,353,74,2.5162559747695923,8.091886536708364,0.16655816
30.600000006234033,0.3350701935771974,1.1117983825787805,60,22,0.9444444444444444,184,39,351,73,2.544333040714264,7.72108628246853,0.16716622
30.65000000624422,0.48740653799750816,1.0838117353173704,46,18,0.8333333333333334,177,38,348,74,2.500452697277069,8.029045401942376,0.19033784
30.700000006254406,0.22718333627346976,0.9895294515826862,53,21,0.9444444444444444,182,38,346,74,2.4943040311336517,8.276642136518104,0.20488736
30.750000006264592,0.3021602218035142,1.1173677102920911,54,21,1.0,182,38,344,71,2.7042919397354126,7.988010502781551,0.18426915
30.80000000627478,0.451447992989533,1.2919890608429296,60,19,0.9444444444444444,168,34,327,69,2.4359972774982452,8.357210735627678,0.31280237
30.850000006284958,0.4330890416533698,0.6228645472080153,51,21,0.8333333333333334,179,36,351,76,2.67069011926651,7.414309707069098,0.090430886
30.90000000629515,0.18445549319770815,1.2191279562787862,54,22,0.9444444444444444,185,38,359,75,2.60272353887558,7.369039871454461,0.24895056
30.950000006305338,0.20377482129637084,1.0501036087546178,51,19,0.8333333333333334,185,37,349,76,2.5959032773971558,7.762003237624455,0.17406517
31.000000006315524,0.19466167728430972,0.8266740061614629,46,20,0.8888888888888888,179,37,344,74,2.586352229118347,7.518373093089625,0.192464
31.05000000632571,0.3680265036484419,0.7131327770301585,47,16,0.7222222222222222,180,37,349,72,2.4893897771835327,7.292735622077844,0.14175081
31.100000006335897,0.6090556958317782,0.6359908775820933,62,23,0.9444444444444444,187,39,364,78,2.469887137413025,6.563085737542158,0.014006896
31.150000006346083,0.3635207183219934,1.0587045824426402,42,19,0.8333333333333334,182,35,346,71,2.575456202030182,6.515129478530577,0.23365848
31.20000000635627,0.3709608186548695,0.7059098361133656,59,20,0.9444444444444444,189,37,351,74,2.5257420539855957,6.757982155687019,0.08624795
31.250000006366456,0.22639511517263902,1.0563992735836445,54,22,0.9444444444444444,185,38,352,75,2.5640979409217834,6.983326548280102,0.20559666
31.300000006376642,0.36346675397257744,0.9751305933872617,52,20,0.8333333333333334,186,39,357,71,2.600642442703247,6.92528662877562,0.172473
31.35000000638683,0.2979439889948233,0.8261060665341551,48,21,0.8888888888888888,182,36,349,75,2.5583335757255554,6.8745865614360735,0.11103073
31.400000006397008,0.5798434082798813,0.8501253533616094,54,21,0.9444444444444444,189,37,356,74,2.6116526126861572,6.708613682713418,0.15446733
31.4500000064072,0.28610426679527257,0.9839738251381825,48,19,0.8333333333333334,182,36,360,75,2.6207125186920166,6.449110870476131,0.17340508
31.500000006417388,0.262328681430182,1.0234956551747074,51,20,0.8888888888888888,182,37,351,74,2.6735249161720276,6.8208322505301755,0.2604039
31.550000006427574,0.4094909351502119,1.1161484915923374,54,21,0.8888888888888888,181,36,352,74,2.6129183173179626,6.787109009644672,0.21453811
31.60000000643776,0.2096496491267142,1.0928292878410548,60,23,0.9444444444444444,183,37,359,74,2.545008957386017,6.535652044714162,0.15121835
31.650000006447947,0.20049981654882224,0.8185407580938431,50,21,0.9444444444444444,180,38,350,74,2.5545868277549744,6.115952815646137,0.18482402
31.700000006458133,0.14367159210476763,1.0270129919701818,51,20,0.8888888888888888,182,37,349,74,2.5688695907592773,6.460555216103305,0.14724919
31.75000000646832,0.25341683770814855,0.7989472812995945,50,19,0.8333333333333334,178,37,347,74,2.6374325156211853,6.657487593523825,0.13668765
31.800000006478506,0.2702618172126006,1.1169010509950477,56,21,0.9444444444444444,181,36,358,73,2.685651183128357,7.114566006398002,0.18495336
31.850000006488692,0.22770153616965935,1.138478387138953,64,21,0.8888888888888888,184,39,352,73,2.601059675216675,6.722017680218606,0.22534628
31.90000000649888,0.41781384777915753,0.8498610705916442,59,22,1.0,181,36,352,73,2.463914006948471,6.567536772054945,0.12273605
31.950000006509065,0.33906040448112906,1.0156840743353146,52,21,0.9444444444444444,182,38,353,73,2.5993910431861877,6.339316213331747,0.15224689
32.00000000651925,0.24180894388498558,0.8957240172362371,56,20,0.8888888888888888,182,37,353,75,2.5961393117904663,6.002254690899749,0.18461345
32.050000006529444,0.2318331908774721,0.8365160178416589,61,23,1.0,193,37,352,73,2.6079949736595154,5.9869501580037365,0.038277954
32.100000006539624,0.42271900179664007,0.5522553745129376,63,22,0.9444444444444444,184,36,351,76,2.548786699771881,6.083745932133855,0.072916165
32.15000000654981,0.2997681625385691,0.9424695430731701,57,22,0.9444444444444444,181,34,341,71,2.7406898140907288,6.495052265797376,0.18982172
32.20000000656,0.29881267850173976,0.7410253627538244,59,20,0.8888888888888888,183,37,349,73,2.679928243160248,6.57213919118691,0.11390267
32.25000000657018,0.6693370292147306,1.6185177868145781,56,19,0.8888888888888888,182,38,340,72,2.616409957408905,7.6310798380793,0.3526123
32.30000000658037,0.24426905638726992,1.1056749373733825,56,20,0.8888888888888888,178,35,343,72,2.5434181094169617,6.9646332657478105,0.24596013
32.35000000659056,0.26749157098434184,0.9752539049671065,61,18,0.8888888888888888,185,36,349,73,2.532573640346527,6.984808813256924,0.15933362
32.40000000660074,0.42785883362708105,0.8245280470899667,55,22,1.0,193,39,358,76,2.5186866521835327,7.058820439163975,0.10902971
32.45000000661093,0.41887083297752564,0.8632526004630985,55,21,0.8888888888888888,182,36,351,76,2.6978176832199097,7.158996751357343,0.15283161
32.500000006621114,0.25130618218113293,1.1573312311421198,52,20,0.9444444444444444,188,38,353,74,2.563294470310211,7.156957330068403,0.25198358
32.5500000066313,0.31557981902994026,1.05720246661963,51,20,0.8888888888888888,186,38,359,73,2.7619752287864685,7.287033667692189,0.21590173
32.60000000664149,0.17296169121188332,0.9690420205123486,53,19,0.8888888888888888,176,38,347,75,2.622014284133911,7.2047267053941955,0.20767424
32.65000000665167,0.19456080981847879,1.1596973325780264,57,22,0.9444444444444444,185,38,350,74,2.761622369289398,6.843315281063491,0.15429029
32.70000000666186,0.4759655987470788,0.7431551711783303,60,23,0.9444444444444444,186,35,353,76,2.6106274127960205,6.465299048678599,0.05802286
32.750000006672046,0.5378706274911824,0.5155209801012026,57,22,0.9444444444444444,181,38,344,74,2.549227476119995,6.902850279818509,0.08275793
32.80000000668223,0.5654913752933994,0.751616991111555,54,20,0.8888888888888888,184,37,357,74,2.7888861298561096,6.914073967532923,0.060232177
32.85000000669242,0.4380106068999169,1.1460788800734352,56,20,0.9444444444444444,187,37,357,75,2.5759589672088623,7.924337053379782,0.2096024
32.90000000670261,0.539906848892625,0.7715057585806326,48,19,0.8333333333333334,171,35,340,74,2.6421087980270386,7.308014357961206,0.1463595
32.95000000671279,0.3810789095531539,1.306192878772734,53,21,0.9444444444444444,188,38,355,76,2.5907596945762634,8.015632512046986,0.2086017
33.00000000672298,0.34411976757222984,0.9253339845347935,61,22,1.0,189,38,361,74,2.550880014896393,7.2961764296152865,0.1401779
33.050000006733164,0.662802123310946,0.6549210678646439,54,19,0.9444444444444444,188,37,353,74,2.6696783304214478,6.673629493903928,0.05828148
33.10000000674335,0.2608931386479479,0.8612523217510709,54,20,0.7777777777777778,186,38,359,75,2.5877663493156433,7.661814783485026,0.129185
33.15000000675354,0.3402354046532053,1.0725918621195516,50,18,0.8333333333333334,182,36,345,73,2.601093053817749,7.5736462033358,0.18850671
33.20000000676372,0.23651686652986248,0.8698369397859436,54,20,0.8333333333333334,183,36,353,76,2.615763545036316,7.340161487674806,0.10082058
33.25000000677391,0.6241891912017066,0.7448800916004474,65,24,1.0,185,38,355,74,2.6023897528648376,6.709135729104574,0.072968446
33.300000006784096,0.4545477497360448,0.7234611041260057,55,22,0.9444444444444444,189,36,352,72,2.574906051158905,6.860679484465759,0.05276912
33.35000000679428,0.707918485049903,0.8219594483953687,59,21,0.9444444444444444,187,36,356,75,2.5473666191101074,7.011959009446063,0.10378798
33.40000000680447,0.219918132588134,1.1515032026715057,54,19,0.8888888888888888,186,38,346,74,2.498122751712799,7.166005463281744,0.22047938
33.450000006814655,0.4837831039037043,0.8699493837606785,46,21,0.9444444444444444,183,38,340,74,2.6316311955451965,6.561621208737778,0.16633837
33.50000000682484,0.5159909063758948,0.6221669807307441,59,22,1.0,185,36,352,73,2.580621838569641,6.80844487050968,0.13245244
33.55000000683503,0.12848827521438072,1.1152004759923198,48,18,0.8888888888888888,180,37,358,75,2.504534125328064,6.968636973283147,0.2423284
33.600000006845214,0.3023573471159822,0.8054664544466976,60,21,0.9444444444444444,189,39,361,74,2.597893178462982,7.239748463297682,0.15956165
33.6500000068554,0.2603524464165507,0.8959151768980531,56,20,0.8888888888888888,181,36,348,72,2.5490984320640564,7.6639075086354325,0.1479782
33.700000006865594,0.6643020717131498,0.792862452378557,55,20,0.8888888888888888,182,38,356,74,2.5517037510871887,7.6415544213814,0.076773204
33.75000000687577,0.5880893050483073,1.2956357290800673,61,20,0.8888888888888888,181,36,349,75,2.6029297709465027,8.503763376058,0.21130714
33.80000000688596,0.37264708802408786,1.1945383917567574,49,22,1.0,183,37,347,73,2.645549476146698,8.40143778070173,0.23744442
33.85000000689615,0.20131854943181682,1.142724474370286,60,21,0.9444444444444444,187,37,347,75,2.5713270902633667,8.002538649857271,0.2361671
33.90000000690633,0.17016680656998528,1.1732459228623158,59,20,1.0,179,37,346,75,2.585659623146057,8.336595358906695,0.20719339
33.95000000691652,0.27633540745143537,1.2550772410926445,59,22,1.0,177,36,339,71,2.5508975982666016,8.276191040099778,0.18151411
34.000000006926705,0.33041203588955065,0.7956306998879042,61,23,0.9444444444444444,184,36,346,73,2.634291350841522,7.777741106761882,0.11096826
34.05000000693689,0.40035808363980185,1.2742579283163709,53,20,0.8888888888888888,180,38,336,73,2.5340455770492554,8.865519020629034,0.31849495
34.100000006947084,0.27729619653257187,0.9811873017216738,57,23,1.0,185,36,343,71,2.5747421383857727,8.588614096384752,0.19924566
34.150000006957264,0.5536410080642962,1.25935986914813,60,21,0.9444444444444444,187,37,352,71,2.5297534465789795,8.704551455280463,0.25037152
34.20000000696745,0.2603573719406146,1.0820744134196052,56,20,0.9444444444444444,183,37,337,73,2.5082579255104065,9.226642415134068,0.27410963
34.25000000697764,0.37698723882737883,1.2279705711059012,57,20,0.9444444444444444,187,40,353,75,2.612924873828888,9.3617010097344,0.2092906
34.30000000698782,0.3272895166701237,1.285580577303592,52,21,0.9444444444444444,181,36,346,72,2.601783871650696,9.028449216188266,0.29266506
34.35000000699801,0.33691341766945204,1.1712560704619004,46,18,0.8333333333333334,176,35,345,71,2.56334125995636,8.752185272830006,0.26171356
34.400000007008195,0.3335491806298797,1.2094012862232302,59,20,0.9444444444444444,173,36,340,73,2.612612545490265,8.747752992782027,0.19680029
34.45000000701838,0.2526987207618581,1.0866328043923725,54,19,0.9444444444444444,172,36,345,73,2.4987365305423737,8.62786789905222,0.24670549
34.50000000702857,0.49268546701805466,1.2658772260934026,43,20,0.9444444444444444,177,37,344,73,2.724379301071167,8.617263077671762,0.15035002
34.550000007038754,0.5229208299573057,1.4119724684728703,58,21,0.9444444444444444,191,41,347,72,2.516741156578064,9.436615071898089,0.2547957
34.60000000704894,0.34281514443122185,0.9984971042998191,54,20,0.8888888888888888,184,37,353,73,2.7292850613594055,8.696493111641876,0.11269185
34.65000000705913,0.35910712249059107,1.2144534446591058,57,21,0.9444444444444444,186,36,348,72,2.664286196231842,9.567322718946123,0.26253718
34.70000000706931,0.24083272315839183,1.1492376902575439,50,20,0.9444444444444444,179,34,340,73,2.634684443473816,8.972776713451811,0.18699607
34.7500000070795,0.47073811857328557,0.8620441146087865,62,23,0.9444444444444444,178,38,353,74,2.4536024034023285,8.720790752284433,0.1786905
34.800000007089686,0.23693751118259854,1.0222634376468303,59,21,1.0,178,35,345,74,2.5851663947105408,8.788681052628018,0.20720184
34.85000000709987,0.43967565807799247,0.7041292747373652,65,25,1.0,180,38,358,74,2.4489349126815796,8.449840804852942,0.07476121
34.90000000711006,0.23763489332258816,1.284405541890823,52,22,0.9444444444444444,181,37,348,74,2.6331406831741333,9.001092520521441,0.28320098
34.95000000712024,0.24132323416133386,1.306208182450368,55,21,0.9444444444444444,186,36,347,76,2.526649534702301,9.2343995178968,0.277266
35.00000000713043,0.5277367701796412,1.3968181881302448,54,22,0.9444444444444444,182,36,334,73,2.5035640597343445,9.296250954265668,0.2916271
35.05000000714062,0.2719832794650053,0.9441921388687281,53,21,1.0,180,37,342,73,2.559019923210144,8.589833295079918,0.2092339
35.100000007150804,0.27658319044833296,1.1112288943131396,50,21,1.0,183,38,350,76,2.5117456912994385,8.494790817438078,0.2317175
35.15000000716099,0.45362062804782494,1.0347988397905392,58,23,1.0,184,35,338,70,2.6774266362190247,8.477426814431945,0.13567695
35.20000000717118,0.5782781591888115,1.464274571717136,45,19,0.8333333333333334,176,36,340,72,2.5938743352890015,8.914196729337336,0.3716295
35.25000000718136,0.269769854967755,1.1063456580370845,49,21,0.8888888888888888,186,38,352,77,2.6329120993614197,8.01995072797773,0.14036186
35.30000000719155,0.4975545305301108,1.5918544860847783,57,21,0.9444444444444444,179,38,340,73,2.538769245147705,8.763613916815638,0.32655612
35.350000007201736,0.0869460435330159,1.125449235729807,57,21,0.9444444444444444,174,35,335,72,2.67361581325531,7.799804653800502,0.2556894
35.40000000721192,0.32277139583950626,0.9929877997595693,56,20,0.9444444444444444,186,37,350,72,2.5578895211219788,8.000990946205517,0.23398867
35.45000000722211,0.31637645358259425,1.3564714002331315,52,21,0.9444444444444444,186,38,347,74,2.457711845636368,7.953206300201989,0.22322886
35.50000000723229,0.38980983444261313,1.4045577579075783,54,20,0.9444444444444444,185,39,348,71,2.6768171787261963,8.11350874669622,0.29412794
35.55000000724248,0.37628394142663174,0.9564187237396,56,23,1.0,182,39,352,73,2.535693645477295,7.639048537763697,0.21178745
35.60000000725267,0.3195503697050127,1.201898754215847,54,19,0.9444444444444444,182,37,339,75,2.6071935892105103,8.072885712952802,0.20375603
35.650000007262854,0.3673017304473175,0.9013741529696939,52,20,0.9444444444444444,175,36,348,74,2.610452175140381,7.319233147174247,0.124446966
35.70000000727304,0.6625657381795647,1.459622112803548,58,21,0.9444444444444444,182,37,341,73,2.4777963757514954,8.530394604211553,0.30634826
35.75000000728323,0.22248923266879536,1.215082306821982,55,20,0.9444444444444444,179,37,348,74,2.457711696624756,7.9749560981852685,0.24962811
35.80000000729341,0.2662499190203765,1.0364194109482905,53,21,0.9444444444444444,187,39,350,72,2.571612000465393,8.151798977042501,0.21381956
35.8500000073036,0.1514312213996224,1.1908348652851832,60,23,0.9444444444444444,188,39,358,75,2.499794363975525,8.152286128500075,0.23060237
35.900000007313785,0.2590496075172761,0.8191295120334161,48,18,0.8333333333333334,181,35,345,74,2.5981655716896057,8.006990049956686,0.20184663
35.95000000732397,0.09381864884521979,0.9659749852319175,60,21,0.9444444444444444,184,37,361,77,2.5510501861572266,7.8702730674125565,0.22319622
36.00000000733416,0.16950401157563538,0.9980266313575491,55,20,0.9444444444444444,177,38,350,76,2.548207640647888,7.914307723834115,0.19930397
36.050000007344345,0.31932291039555705,1.1128174145169565,60,22,1.0,181,37,342,72,2.4729669094085693,7.46875292949861,0.27014223
36.10000000735453,0.2492453569772582,1.0312449378365949,51,21,0.8888888888888888,183,39,348,73,2.5899577140808105,7.740651281006379,0.25517747
36.150000007364724,0.42614626247083265,0.9167088261745603,52,20,0.8888888888888888,181,39,359,76,2.5368985533714294,7.833600927991116,0.1886527
36.2000000073749,0.21434468522915487,1.1831599086423754,56,20,0.9444444444444444,189,40,342,73,2.6139065623283386,8.471805470447942,0.18272068
36.25000000738509,0.3572537619351557,1.3399006604293142,54,20,0.9444444444444444,180,36,343,74,2.5529122352600098,8.68155821377333,0.25863665
36.30000000739528,0.3808344119599756,1.4061108948102192,53,21,0.9444444444444444,175,37,336,72,2.499310225248337,8.734569648645651,0.28346166
36.35000000740546,0.3552897706870614,1.2774739825467418,63,23,0.9444444444444444,185,39,346,75,2.6100069284439087,8.435930248815087,0.19948277
36.40000000741565,0.5101872815666151,0.8998537435407659,60,21,1.0,194,39,351,74,2.6031342148780823,8.175850667211,0.15375876
36.45000000742584,0.30797486282775294,1.2387637874049888,51,19,0.9444444444444444,181,38,347,72,2.717195451259613,7.927455616333505,0.2901198
36.50000000743602,0.2455889985623289,1.2223111387018433,55,20,0.9444444444444444,182,36,345,72,2.635732591152191,8.318768927249272,0.24257639
36.55000000744621,0.13059693020072968,1.1120123948668268,60,19,0.9444444444444444,186,39,339,69,2.5324660539627075,7.947023386153775,0.27046183
36.600000007456394,0.427243490105492,1.201972032389798,53,18,0.9444444444444444,179,39,344,73,2.5870203971862793,8.792671008797264,0.21904565
36.65000000746658,0.1950096342813751,1.2325284106322747,46,19,0.9444444444444444,182,38,341,71,2.436741143465042,8.65699161961337,0.2945425
36.70000000747677,0.6363140934689742,1.129446976683325,59,18,0.9444444444444444,180,40,347,74,2.4788883328437805,8.586083547033603,0.28257337
36.75000000748695,0.09884985682888299,1.048609005481567,58,23,1.0,187,37,342,72,2.619687020778656,8.525825679853716,0.114235744
36.80000000749714,0.31634559608628493,1.2619555038145647,52,21,0.8888888888888888,181,36,349,73,2.6312360167503357,8.138073058892132,0.22630957
36.850000007507326,0.17692117054650036,0.9518252829085118,59,22,1.0,185,36,348,75,2.6241683959960938,7.9556657393035835,0.2199458
36.90000000751751,0.36661397490311726,1.1203086516438268,56,20,0.9444444444444444,186,38,351,74,2.532714307308197,8.183852263112898,0.19031376
36.9500000075277,0.28318274752366585,1.1620713263913944,50,17,0.9444444444444444,181,39,345,72,2.5313693284988403,8.589774179467486,0.21747173
37.00000000753789,0.11710896786564347,1.0088500148296267,57,21,0.9444444444444444,174,37,341,72,2.5208982825279236,8.402860838542265,0.16573466
37.05000000754807,0.2187342706956389,0.8417944673556494,56,20,0.9444444444444444,178,36,345,74,2.595837712287903,8.396661086267976,0.1275365
37.10000000755826,0.3025711027281594,1.312993712802015,62,21,0.9444444444444444,178,39,344,75,2.50894695520401,8.879478254856474,0.24660441
37.150000007568444,0.19679544117055164,1.0649696132260988,49,19,0.8888888888888888,174,36,345,75,2.541213631629944,8.676253672893237,0.22104444
37.20000000757863,0.29646125894468184,1.1820330908642216,50,19,0.8888888888888888,181,38,358,76,2.4906836450099945,8.632655694578428,0.23641048
37.25000000758882,0.2647497943014101,1.1736118406550602,59,22,0.9444444444444444,187,37,348,72,2.5889229774475098,8.888674027706847,0.22871254
37.300000007599,0.2425274484555518,1.1669459276730303,49,19,0.8888888888888888,173,33,344,74,2.7158060669898987,8.417300615720071,0.27508372
37.35000000760919,0.6949883005407399,1.422262555127289,60,20,0.9444444444444444,178,37,346,75,2.637905478477478,9.446262170457187,0.27422267
37.400000007619376,0.24350661838295293,0.9601780126994599,54,21,0.9444444444444444,184,37,348,72,2.5013181567192078,8.923812385805814,0.19678627
37.45000000762956,0.4025579409518335,1.2389470150110098,52,19,0.9444444444444444,187,37,347,73,2.6713529229164124,8.516271627438758,0.28978842
37.50000000763975,0.19772540762934154,1.1659940305517795,55,22,0.9444444444444444,186,37,357,75,2.633102834224701,8.835124219605461,0.22453727
37.550000007649935,0.37015879440976773,1.2451051483111022,46,20,0.9444444444444444,177,36,341,71,2.546212673187256,9.436483703986704,0.24987921
37.60000000766012,0.38047697813116566,1.3827255300045507,51,22,1.0,186,39,349,72,2.589239180088043,9.583490289859693,0.2936304
37.65000000767031,0.44779937807243064,1.0598710292290083,60,22,1.0,184,38,356,76,2.5671595335006714,8.728557159508279,0.26119792
37.700000007680494,0.27776449545816206,1.0566965877176422,55,22,1.0,193,38,354,75,2.56565123796463,8.359880024219235,0.21073666
37.75000000769068,0.6645881953650866,1.456994411925826,55,20,0.9444444444444444,177,34,333,71,2.604913115501404,9.483903851424076,0.3140658
37.80000000770087,0.13815463643123718,1.2135014263079236,46,19,0.9444444444444444,172,38,333,71,2.500719726085663,8.752651665059457,0.35667402
37.85000000771105,0.25942119425718574,1.056518318652214,50,21,0.9444444444444444,178,36,347,74,2.6073044538497925,8.636396419798205,0.30685824
37.90000000772124,0.29538569261780384,1.0477382798408406,50,20,0.8888888888888888,183,35,352,72,2.634079158306122,8.858954945729405,0.23939286
37.950000007731425,0.19507535518558175,1.208038321601654,61,21,0.9444444444444444,186,38,343,72,2.552044987678528,8.680796369411139,0.23329955
38.00000000774161,0.21683625501805093,0.9992588102174805,62,21,0.9444444444444444,180,35,340,74,2.5662344694137573,8.684202102542589,0.19291264
38.0500000077518,0.6218573275106768,1.3423129491420953,47,20,0.8888888888888888,186,39,347,72,2.5574445724487305,9.205817685278621,0.24366665
38.100000007761984,0.553378497156618,1.2079315611898696,55,20,0.9444444444444444,190,40,343,72,2.487388849258423,9.338118988960096,0.34371284
38.15000000777217,0.3535009413625614,1.1375770583428175,58,22,0.9444444444444444,184,38,349,72,2.703567147254944,8.987086676460807,0.11026153
38.200000007782364,0.273260945423879,1.2831080502327539,50,22,0.9444444444444444,181,35,344,75,2.550564408302307,8.716526827433224,0.3092674
38.25000000779254,0.2772570909845767,1.15518856366831,55,21,0.9444444444444444,187,39,354,75,2.4907706677913666,8.442117335225845,0.23629272
38.30000000780273,0.25252957515434005,1.1586223924161916,54,20,1.0,184,37,343,71,2.614184021949768,8.47243718340522,0.22620198
38.35000000781292,0.3280118872179323,1.2731049601500568,55,21,0.9444444444444444,184,38,353,75,2.5524893403053284,8.669351566860009,0.2089107
38.4000000078231,0.20266545689033785,1.0884088854531728,55,19,0.9444444444444444,175,35,342,72,2.607291340827942,8.950712432110848,0.23239376
38.45000000783329,0.381643873871512,1.3467958692721589,55,21,0.9444444444444444,180,36,345,75,2.613729238510132,9.37247349357703,0.23455717
38.500000007843475,0.25504201314515995,1.2519969703809695,58,23,1.0,193,38,352,73,2.531447112560272,9.204047306188414,0.2620056
38.55000000785366,0.40898081845551626,1.3741776279052123,58,21,0.8888888888888888,186,38,347,72,2.653004825115204,9.239290157089748,0.2615671
38.60000000786385,0.18261437088111632,1.1387285821484796,46,19,0.9444444444444444,182,37,344,73,2.7116867899894714,9.523921440443468,0.20921949
38.650000007874034,0.2998820864585983,1.2530099611253225,49,20,0.8333333333333334,175,35,338,73,2.5991949439048767,9.409319306197279,0.2526933
38.70000000788422,0.30921202998622055,1.3193193815243973,53,23,0.9444444444444444,183,38,350,75,2.77532160282135,9.803140269279353,0.26555848
38.75000000789441,0.4316406636721317,1.2041093220706713,44,18,0.8888888888888888,179,37,335,69,2.5997930765151978,9.484558728639882,0.29288208
38.80000000790459,0.29769114569455096,1.3387930995698802,49,17,0.8888888888888888,175,37,340,70,2.489025592803955,9.228955601589917,0.33997512
38.85000000791478,0.4897939855432998,1.5064391241197408,53,20,1.0,177,36,328,68,2.4981094896793365,9.38715833650722,0.29775915
38.900000007924966,0.28795030299924196,1.4041876958304476,50,21,0.9444444444444444,177,37,345,74,2.5642338395118713,8.98468136148269,0.26489264
38.95000000793515,0.24466649143899694,1.1394142800265112,55,19,0.9444444444444444,184,38,343,71,2.579234540462494,8.934276231541025,0.2539041
39.00000000794534,0.3380160533107989,1.056319294521044,60,21,0.8888888888888888,182,38,346,75,2.6005497574806213,8.753847701725785,0.13394934
39.05000000795552,0.47877204400314544,1.3399004311245963,46,19,0.9444444444444444,178,36,337,71,2.564913034439087,8.327861228815925,0.27343845
39.10000000796571,0.4884276202225171,1.217962127082958,58,21,0.9444444444444444,181,37,342,71,2.589321732521057,8.786305472432892,0.2415314
39.1500000079759,0.435109823615851,1.0771330608603893,58,24,1.0,185,37,352,73,2.506008744239807,8.362932336092364,0.17557773
39.200000007986084,0.3614925917579359,1.5032548080683865,50,20,0.9444444444444444,177,37,334,71,2.5313255190849304,8.620567803027077,0.3066578
39.25000000799627,0.29360777877877514,1.0935438540375921,54,22,1.0,182,37,342,73,2.590799331665039,8.674684642093817,0.16714305
39.30000000800646,0.19250450701078098,1.2295211243220168,53,21,0.9444444444444444,179,37,346,75,2.6131251454353333,8.448105116368598,0.19363242
39.35000000801664,0.19020299000567503,1.3198657584918314,58,21,1.0,183,39,347,73,2.512727975845337,8.343315191718732,0.20285814
39.40000000802683,0.11410440884207387,1.1093980396306082,58,19,0.9444444444444444,184,38,345,72,2.5596684217453003,7.957906216206663,0.21903308
39.450000008037016,0.17810670435943612,0.9360824930107515,57,22,0.9444444444444444,180,37,337,73,2.585442364215851,7.886969307127876,0.14911716
39.5000000080472,0.23969305204700136,1.1954932791399784,54,22,0.9444444444444444,178,36,340,73,2.606191337108612,7.842408278491995,0.24881499
39.55000000805739,0.24878862636073368,1.1373262533224686,52,22,0.9444444444444444,186,38,352,74,2.6171737909317017,7.861300413296162,0.1563121
39.60000000806757,0.3554091359887136,1.2636502143092998,57,23,1.0,185,35,360,77,2.5499162077903748,8.152495085529257,0.22062811
39.65000000807776,0.24895721886146704,0.9037811326594694,57,21,0.9444444444444444,191,38,352,74,2.5411301851272583,6.94553706548847,0.17957924
39.70000000808795,0.41014276728655996,1.395449116776136,57,22,0.9444444444444444,179,37,344,75,2.4412021040916443,7.2306823340642445,0.29581714
39.750000008098134,0.23487033542659744,1.0934690778448117,56,22,1.0,193,39,351,72,2.506400942802429,6.9689300362954665,0.19271567
39.80000000810832,0.2458702989083343,1.0935906404656257,51,22,0.9444444444444444,181,36,346,73,2.5799965858459473,7.367060659166871,0.15006101
39.850000008118506,0.38445144324947217,1.1154303509336423,54,23,0.8888888888888888,185,39,359,75,2.5487560033798218,7.446952389241046,0.22642064
39.90000000812869,0.18781917016667138,1.1387739993890937,47,21,1.0,177,37,338,73,2.6885223388671875,7.128289663651577,0.23971806
39.95000000813888,0.4327109600768369,1.3399340851933164,51,21,1.0,186,38,344,71,2.6487094163894653,7.734537967713937,0.28119457
40.00000000814906,0.07005060027963955,1.1380208500265128,55,21,1.0,188,37,350,71,2.640371024608612,7.541707935446711,0.14423189
40.05000000815925,0.3979691276630467,1.2363308589143065,54,20,0.9444444444444444,183,38,343,70,2.5478461384773254,7.47251136861502,0.32945853
40.10000000816944,0.32475926675646777,1.290461769764625,49,19,0.9444444444444444,178,37,340,74,2.497967630624771,7.405315854700616,0.24727939
40.150000008179624,0.324686018958265,1.4083456491058641,56,20,0.9444444444444444,181,39,344,73,2.657434642314911,7.64634423028423,0.22530836
40.20000000818981,0.36463682912999945,1.1643889576963475,55,19,0.8888888888888888,183,39,340,71,2.5999614596366882,7.16041533546754,0.18582761
40.250000008200004,0.22825095115075728,1.2106173682090502,44,19,0.8888888888888888,178,36,350,75,2.585005462169647,6.643240773111216,0.23056163
40.30000000821018,0.3274442226508712,1.378458037308369,56,20,0.8888888888888888,179,37,342,72,2.6158803701400757,7.497913663497773,0.21010436
40.35000000822037,0.3098273817878229,1.3871623421339248,53,19,0.9444444444444444,181,37,343,72,2.606406509876251,7.439720242355472,0.2799849
40.40000000823056,0.4316329539284727,1.5479977863917418,55,21,0.9444444444444444,182,37,343,74,2.460862547159195,7.303434567953246,0.3572209
40.45000000824074,0.3730099818141198,1.335669610783248,56,23,0.9444444444444444,179,35,335,72,2.5921210646629333,7.848451486171237,0.24474442
40.50000000825093,0.11574965710731266,1.162345342049547,55,21,0.9444444444444444,177,36,354,75,2.5850307941436768,7.044082869153803,0.25356212
40.55000000826112,0.8699724593483694,1.5147715780899094,50,20,0.8888888888888888,187,39,344,69,2.6012879610061646,7.471680616723662,0.335951
40.6000000082713,0.43826860121053157,1.153312423297798,55,22,0.8888888888888888,182,36,345,73,2.6451271772384644,6.6635235226761935,0.22848286
40.65000000828149,0.1608552954479189,0.9028481361036573,52,21,1.0,183,37,349,74,2.561313509941101,6.625646467366666,0.21039125
40.700000008291674,0.3639609820932872,1.230418439744439,54,21,0.9444444444444444,179,37,339,70,2.689918279647827,6.68895270116419,0.23641084
40.75000000830186,0.10759696032254443,1.0913770612957283,50,19,0.9444444444444444,171,36,335,70,2.638522982597351,6.34009961288772,0.2633911
40.80000000831205,0.22714713068935144,1.2905622410115523,53,21,0.9444444444444444,181,37,343,73,2.6045656204223633,6.50559391201023,0.29037535
40.85000000832223,0.4517705674720969,1.5221022634188546,53,20,0.8888888888888888,182,37,344,75,2.5909414887428284,6.514312541979477,0.33534312
40.90000000833242,0.25711375038448553,1.1513043202970272,51,19,0.8888888888888888,178,36,348,76,2.583758234977722,6.412403405524492,0.2349829
40.950000008342606,0.2783633374603641,1.1558939413192808,62,22,0.9444444444444444,181,39,350,75,2.7132460474967957,6.152265619317898,0.1656046
41.00000000835279,0.23463825322754828,1.194307751976902,48,19,0.9444444444444444,172,36,340,72,2.4965813755989075,6.351951322766896,0.27003652
41.05000000836298,0.10406699481222512,1.2106816663885285,60,22,0.9444444444444444,179,38,340,72,2.582733631134033,6.347739389710423,0.26921412
41.10000000837317,0.5951724382329775,1.2617635640755986,49,21,0.9444444444444444,182,37,345,77,2.5374364852905273,6.326300399664007,0.23270383
41.15000000838335,0.1084954446736562,1.1681632708666374,51,22,0.9444444444444444,186,38,345,74,2.6550188660621643,6.920959893535175,0.2908339
41.20000000839354,0.2723848532207304,1.3446075241877717,54,22,0.9444444444444444,182,36,347,74,2.6101362705230713,7.382894934565707,0.3040294
41.250000008403724,0.14461067512027803,1.034787446621858,50,21,0.9444444444444444,177,35,344,74,2.6402437686920166,7.255988897968706,0.2824178
41.30000000841391,0.25526170048520613,1.057610884966041,51,23,0.8888888888888888,185,37,351,76,2.648823857307434,7.293776496911448,0.13800354
41.3500000084241,0.4593310884169586,1.4264598912381818,52,20,0.9444444444444444,179,34,338,71,2.561034858226776,7.858157596497275,0.24478985
41.40000000843428,0.32552311673879875,1.2551809507046614,53,22,0.9444444444444444,178,35,339,72,2.608010470867157,7.477823970330961,0.25797418
41.45000000844447,0.35596120323000346,1.2759758387219544,55,21,0.8888888888888888,189,38,353,75,2.5321123003959656,7.604169479920806,0.22139844
41.500000008454656,0.1900872093445,1.1600600045162772,59,21,0.9444444444444444,178,37,338,71,2.4081934988498688,7.811754392269492,0.26633465
41.55000000846484,0.12152683103261412,1.1866639498442864,54,18,0.9444444444444444,177,38,345,76,2.505626082420349,7.715652505778543,0.24343336
41.60000000847503,0.4294452494066694,0.8144731774281668,57,22,1.0,187,36,362,76,2.625034749507904,7.120519507264449,0.0962728
41.650000008485215,0.40015108649585274,0.8834700337455591,55,22,0.9444444444444444,186,37,354,74,2.6819559931755066,7.2136051506560595,0.17048906
41.7000000084954,0.2507496794859644,0.9574697409460232,56,20,0.9444444444444444,185,38,352,75,2.509625554084778,7.34985277546933,0.26781988
41.750000008505594,0.29598318941850194,1.2773700850461354,56,22,0.9444444444444444,181,38,338,72,2.7522575855255127,7.530796945621034,0.24009459
41.800000008515774,0.27121701894524725,1.230027273765344,51,19,0.8888888888888888,187,40,346,72,2.482311874628067,7.183762763528332,0.2781253
41.85000000852596,0.27786771838566654,0.8501576215017547,55,20,0.9444444444444444,181,38,352,72,2.42385670542717,6.494178025209303,0.16762194
41.90000000853615,0.32674293045559677,1.2030560433660178,52,19,0.8888888888888888,172,37,344,73,2.487960606813431,6.870398320031033,0.21303986
41.95000000854633,0.30081616849605414,1.2627078548681916,57,20,0.9444444444444444,179,39,347,72,2.7040061354637146,7.080829347394051,0.25751385
42.00000000855652,0.3391007047200181,1.240317828232658,51,20,0.9444444444444444,185,37,341,72,2.6228439807891846,6.711995265773405,0.24458015
42.050000008566705,0.08064376613383997,1.0312149491306164,53,20,0.9444444444444444,180,36,340,72,2.6240897178649902,6.4037681786684075,0.22622015
42.10000000857689,0.4097305278416067,1.2822398322263493,54,20,0.9444444444444444,179,37,341,72,2.6473671197891235,6.1590447608671095,0.30954933
42.15000000858708,0.4318838242068863,1.1775630907246766,49,21,0.9444444444444444,178,35,341,74,2.6694312691688538,6.145987700800246,0.24466558
42.200000008597264,0.19493127501054572,1.3168305490019918,64,22,0.9444444444444444,185,39,347,72,2.5445103645324707,6.649280142238441,0.23435988
42.25000000860745,0.3258496469357716,0.9622925230312,55,21,0.9444444444444444,186,39,345,72,2.5528499484062195,6.257253113719914,0.18680882
42.300000008617644,0.37495059789094703,1.294037419383538,55,19,0.8333333333333334,184,39,361,74,2.686741054058075,6.136913599117433,0.16285156
42.35000000862782,0.5397255240104901,1.3158525600379292,47,20,0.9444444444444444,179,36,340,70,2.694830596446991,7.11875290131295,0.21725407
42.40000000863801,0.38395077721311555,0.9030478782756236,50,21,0.9444444444444444,182,36,339,70,2.565321624279022,6.588517061591421,0.13227163
42.4500000086482,0.20694362646444286,1.1084247322814293,61,23,0.9444444444444444,187,38,358,75,2.5924354791641235,6.961537360724117,0.22138734
42.50000000865838,0.37592918472440495,1.3290903423430325,48,20,0.8888888888888888,176,35,343,73,2.6275649666786194,6.931375900458914,0.2819395
42.55000000866857,0.4469232304683761,1.3449641389815836,54,21,0.9444444444444444,193,41,347,72,2.5594738125801086,6.992705714749903,0.27601892
42.600000008678755,0.724685681593273,0.857191683321544,55,20,0.8888888888888888,189,41,357,74,2.583848536014557,5.994167250403919,0.16423239
42.65000000868894,0.45864205311841666,0.9849974468594257,56,22,0.9444444444444444,185,38,341,70,2.6327818632125854,6.319936820084191,0.18884891
42.70000000869913,0.5831001325079298,1.1447458501303078,42,19,0.8888888888888888,175,37,341,70,2.6778385043144226,6.183447624108238,0.21154484
42.750000008709314,0.3819173214608378,0.7809325415889716,53,21,0.8888888888888888,181,36,352,74,2.7349814772605896,5.667362721728226,0.2206561
42.8000000087195,0.14369453078684719,1.1362809397821774,56,22,0.9444444444444444,181,37,348,73,2.676050066947937,5.898606632165215,0.15952909
42.85000000872969,0.3546559826152026,1.2439468277005918,48,21,0.8888888888888888,183,39,344,70,2.6019692420959473,6.41106062170393,0.38640127
42.90000000873987,0.1016821165860341,0.9225303485495333,49,21,0.8888888888888888,188,38,344,70,2.591731548309326,6.670478140585869,0.1886907
42.95000000875006,0.3140067591894695,0.9024810935680887,54,21,0.8888888888888888,179,39,349,72,2.62564480304718,6.152803330456518,0.15198421
43.000000008760246,0.39106246830388247,1.0362104863508275,52,20,0.8888888888888888,174,37,341,73,2.5267410278320312,6.442394909558606,0.32411468
43.05000000877043,0.16120217129633188,1.0145489872991178,47,19,0.8333333333333334,183,38,350,74,2.506416440010071,6.754253916191795,0.24331312
43.10000000878062,0.26613813888946747,0.8484875625214261,57,19,0.8888888888888888,179,38,346,72,2.5841253995895386,6.307071187266331,0.23452434
43.1500000087908,0.3154488457075691,1.0405054643800624,48,21,0.8888888888888888,174,36,342,73,2.512871026992798,6.400660174895307,0.25772431
43.20000000880099,0.4048559503028405,1.0200529422191977,40,18,0.7777777777777778,185,37,348,73,2.5139302015304565,6.345527160350235,0.2204089
43.25000000881118,0.36801380139355133,0.798148591516936,58,22,0.8888888888888888,192,38,343,69,2.5702819228172302,6.036601899299692,0.1205976
43.300000008821364,0.16858642931274817,0.8492297455990538,55,19,0.9444444444444444,184,37,345,71,2.4783939123153687,6.453175521866612,0.23244564
43.35000000883155,0.4419373079228197,1.1488489331755503,55,22,0.9444444444444444,182,39,346,74,2.5701922178268433,6.71489315273738,0.19145902
43.40000000884174,0.3583480627752741,1.261960452946643,49,22,0.9444444444444444,192,39,349,71,2.6377418637275696,6.5799300324730225,0.24716651
43.45000000885192,0.18875436225600806,1.1541541305226066,46,19,0.8888888888888888,176,35,335,71,2.614741027355194,6.0311696877038035,0.24058832
43.50000000886211,0.2558383451938557,1.0677935872836684,54,21,0.9444444444444444,186,37,349,74,2.6338881254196167,6.01826612688356,0.223707
43.550000008872296,0.2527233941108539,1.2011769583503942,55,23,0.9444444444444444,190,39,350,74,2.5050148367881775,6.709793682615333,0.23646972
43.60000000888248,0.2299141471623113,1.2987971531888973,49,17,0.9444444444444444,181,39,336,75,2.6789525151252747,6.280363253684085,0.29659078
43.65000000889267,0.4374269801309768,0.6886893575804697,53,22,0.8888888888888888,189,38,357,74,2.5315943360328674,6.093699970548094,0.16124977
43.70000000890285,0.5303315742270969,1.3790657525294838,45,20,0.9444444444444444,175,36,332,71,2.6294198632240295,6.932016528215845,0.3054404
43.75000000891304,0.33882570853331273,0.9245285227238549,43,18,0.8333333333333334,179,37,341,71,2.523197829723358,6.10657694289368,0.21106663
43.80000000892323,0.13191238474413472,1.0584213588952092,58,21,0.9444444444444444,181,37,336,70,2.5688546895980835,6.217565906133826,0.2665274
43.850000008933414,0.21679284202904187,1.1932893638883704,50,21,0.9444444444444444,189,38,344,70,2.5328266620635986,6.3872981394255035,0.2636636
43.9000000089436,0.49961151979759927,0.8942791012898041,49,21,0.9444444444444444,181,36,346,74,2.702232599258423,6.56368241461899,0.1881082
43.950000008953786,0.35580176254843077,0.869460325261695,58,22,0.9444444444444444,180,37,341,72,2.609799802303314,6.666063733973031,0.25418913
44.00000000896397,0.2331530122906969,0.8092005063110796,53,21,0.9444444444444444,185,37,357,76,2.666088342666626,6.6246391702711005,0.18837436
44.05000000897416,0.4723381191463882,1.1752168375136431,44,15,0.8333333333333334,179,36,338,70,2.576202154159546,7.377710884586142,0.20533946
44.10000000898434,0.12848343066043066,0.9677103764150514,47,20,0.8333333333333334,177,36,339,72,2.6203349232673645,6.65580497136089,0.23480685
44.15000000899453,0.37160478458136,0.9808888491695764,57,21,0.9444444444444444,186,38,353,73,2.699780762195587,6.993590954188216,0.21506715
44.20000000900472,0.5069897943030259,0.47003977723938556,48,21,0.8888888888888888,191,36,347,70,2.641419768333435,6.10429688526926,0.2158814
44.250000009014904,0.11964443392956428,0.9223793884842615,47,22,0.8888888888888888,174,37,352,75,2.592117488384247,6.543424323919558,0.3101109
44.30000000902509,0.24738952161715383,1.0728982077693945,46,22,0.8888888888888888,174,36,337,71,2.5050413608551025,6.696621958917799,0.27781308
44.350000009035284,0.11660105476570073,1.0839985840104587,51,20,0.8333333333333334,181,41,341,75,2.542482018470764,6.548128321637128,0.26032358
44.40000000904546,0.2861221315139441,0.8773861870584267,55,20,0.8888888888888888,187,38,348,71,2.5130534172058105,6.283761502184024,0.20802955
44.45000000905565,0.04213171571689773,0.9141401304781748,50,20,0.8888888888888888,181,37,342,71,2.6343077421188354,6.117624630520613,0.22733568
44.50000000906584,0.14481900890486488,1.1372985839116092,51,20,0.8888888888888888,183,38,340,71,2.5836411118507385,6.5659163802321885,0.20835222
44.55000000907602,0.22917851963242014,1.2383529947803282,48,20,0.8888888888888888,178,35,334,72,2.5427162647247314,6.419797832421885,0.27359667
44.60000000908621,0.16959665640334193,1.0407425007844555,56,20,0.9444444444444444,180,35,344,76,2.6014983654022217,6.277332743985022,0.18205824
44.6500000090964,0.513877452367126,0.7420000176862551,50,19,0.8888888888888888,183,39,353,73,2.640540301799774,5.854211348283842,0.051461518
44.70000000910658,0.41077688937722956,1.1475033070030562,51,22,0.9444444444444444,175,37,339,71,2.6235193014144897,6.667686762815936,0.2914678
44.75000000911677,0.4707287474108566,1.0906513508806224,57,22,0.9444444444444444,186,38,336,71,2.620737850666046,5.736554725882055,0.14888375
44.800000009126954,0.1765207781743838,1.1514410285568488,52,20,0.9444444444444444,182,40,350,74,2.5055745244026184,5.619802710962141,0.21920595
44.85000000913714,0.4387045285395333,0.8483417801252906,53,21,0.9444444444444444,175,36,338,72,2.610044479370117,5.345865478493517,0.17136775
44.90000000914733,0.3023425198990063,0.8870579895916931,53,20,0.9444444444444444,180,37,340,72,2.518041729927063,5.376577604529,0.33624035
44.95000000915751,0.1227314486423524,0.9680733323958041,45,21,0.9444444444444444,193,38,343,70,2.541431188583374,5.068760232357095,0.17972074
45.0000000091677,0.2662642476483911,0.7204023336467995,55,18,0.8333333333333334,181,35,345,71,2.5707125663757324,4.958265157148869,0.18776049
45.050000009177886,0.47052452852311966,1.0689198097445438,48,19,0.8333333333333334,187,37,348,74,2.5996217131614685,5.38465392869754,0.19911416
45.10000000918807,0.518809104357643,0.8885240271310781,51,21,0.8888888888888888,185,36,351,74,2.5792336463928223,4.829465290314134,0.13978407
45.15000000919826,0.5855876797305952,1.1523493046300262,49,20,0.9444444444444444,176,35,341,74,2.6247596740722656,5.989205524604468,0.35074526
45.20000000920845,0.3552242208383388,0.9823337882113837,53,22,0.9444444444444444,183,37,342,72,2.5673410296440125,5.231123786157914,0.26317856
45.25000000921863,0.5501728612161646,0.9993034618099751,47,19,0.8888888888888888,181,37,351,76,2.6066872477531433,5.310262838029072,0.283171
45.30000000922882,0.1759856239803567,1.061300324986061,54,23,0.9444444444444444,190,38,343,74,2.586004137992859,5.151973620765338,0.17664403
45.350000009239004,0.5976499830696392,0.8154118832750064,45,20,0.8333333333333334,179,37,347,73,2.6394712924957275,5.2299930217608726,0.15967536
45.40000000924919,0.39383923718628455,0.8376941137599387,53,22,0.8888888888888888,182,34,350,71,2.6770052313804626,4.892239023026921,0.15517782
45.45000000925938,0.43871610361043617,1.0736897059512183,53,22,0.9444444444444444,185,36,345,74,2.6449957489967346,5.421467958380237,0.16480775
45.50000000926956,0.37864426742910895,0.9108427633998983,57,20,0.8333333333333334,182,35,351,79,2.7712956070899963,5.222608194264726,0.16933149
45.55000000927975,0.48717996208004954,1.0148800160395741,53,22,0.9444444444444444,185,36,342,69,2.578337788581848,5.521717512388733,0.19174659
45.600000009289936,0.2385976911573735,0.9112795511674305,58,21,0.8888888888888888,184,37,353,73,2.5957921147346497,5.349890567179116,0.1775822
45.65000000930012,0.286911576036612,0.7185415050155488,44,19,0.8333333333333334,183,35,344,75,2.4726013839244843,5.788821900852037,0.17019567
45.70000000931031,0.35133841464846594,0.7470378057439802,53,23,0.9444444444444444,188,37,338,70,2.4807657301425934,5.1985369850744245,0.17226191
45.750000009320495,0.44329038225697204,0.7539804619796054,48,19,0.7777777777777778,184,39,356,73,2.590838670730591,5.619183749348258,0.08149589
45.80000000933068,0.428879131966545,0.7899190675163549,63,23,0.9444444444444444,192,39,363,74,2.515077292919159,5.402975728231247,0.12730801
45.850000009340874,0.4712698679641781,0.9420082029912247,60,20,0.8888888888888888,193,38,360,74,2.4833793938159943,5.767514835072474,0.18587114
45.900000009351054,0.522167641176104,0.7760502964389602,54,21,0.9444444444444444,186,37,353,73,2.6685789227485657,5.220436404112716,0.12725335
45.95000000936124,0.21741398819248203,1.0266201379395126,61,22,0.9444444444444444,187,39,349,72,2.4950851500034332,5.587895283648665,0.11323666
46.00000000937143,0.674284097286561,1.2195209901302004,49,19,0.8333333333333334,186,37,352,75,2.6798799633979797,5.884668494049148,0.12073558
46.05000000938161,0.3019282185923526,1.2307756059756854,54,20,0.9444444444444444,179,37,348,72,2.523271143436432,6.442775957248639,0.18590407
46.1000000093918,0.3155759317211574,1.135738339961693,51,20,0.9444444444444444,180,37,341,73,2.6292970776557922,6.379849758949128,0.24672055
46.150000009401985,0.5624865433217826,1.1236436715491362,48,19,0.8888888888888888,183,38,350,75,2.4625228345394135,5.982810219391057,0.20717812
46.20000000941217,0.3276888687929263,1.102125901053297,58,22,0.9444444444444444,186,38,340,74,2.5998136401176453,6.255210371290572,0.16728163
46.25000000942236,0.5472627168445856,1.2370440607086435,53,22,0.9444444444444444,176,35,337,70,2.66692578792572,6.087778350012574,0.21317199
46.300000009432544,0.4535376063125439,0.8813137692589497,48,19,0.8888888888888888,180,37,349,70,2.6156699657440186,5.98123862217582,0.18767613
46.35000000944273,0.26703199034113245,1.155129241792573,49,19,0.9444444444444444,176,37,340,71,2.536062002182007,6.023854379143252,0.21374707
46.400000009452924,0.3650269675219025,1.2244030962540702,46,21,0.9444444444444444,180,38,353,77,2.7116426825523376,6.3961591723925615,0.22062594
46.4500000094631,0.3253054302397047,1.0323412372581056,53,22,0.9444444444444444,187,38,340,72,2.526828944683075,5.906983302781033,0.18573493
46.50000000947329,0.3655229423699327,1.2485743511736374,52,21,0.9444444444444444,181,39,340,73,2.6085498929023743,6.053946878540817,0.12706214
46.55000000948348,0.08957841102570753,1.112076008337186,53,21,0.8888888888888888,180,38,337,73,2.577045261859894,5.202256220897095,0.2421907
46.60000000949366,0.5027898909694296,1.3547268852225336,55,22,0.8888888888888888,191,40,344,69,2.506393790245056,5.433150181900679,0.21203144
46.65000000950385,0.3171586305198288,1.2155217298921122,52,21,0.8333333333333334,186,37,349,72,2.6745525002479553,5.361604387341368,0.22454621
46.700000009514035,0.38971088250063873,1.115971958637188,50,20,0.8333333333333334,176,36,340,71,2.566232979297638,5.452262045327929,0.2473801
46.75000000952422,0.47875472996242985,0.9288997711906261,52,21,0.8888888888888888,178,36,343,71,2.5917139649391174,5.272159456982832,0.2519373
46.80000000953441,0.31440294896738386,1.1837642150785737,49,20,0.9444444444444444,181,37,339,73,2.527197003364563,5.41312737824958,0.16476205
46.850000009544594,0.3139862384467461,1.1659595509401315,52,21,0.8888888888888888,177,37,347,75,2.5099533796310425,5.273248463382663,0.14392701
46.90000000955478,0.5564475474343951,1.2994559363627838,53,21,0.9444444444444444,179,39,340,74,2.5317227840423584,5.455004109152943,0.22238971
46.95000000956497,0.3205877495893983,1.2823482612153236,49,21,0.9444444444444444,180,36,335,71,2.585533857345581,5.695798432712245,0.23600706
47.00000000957515,0.8783953414890739,1.2298770979153941,42,19,0.8333333333333334,174,37,338,73,2.54828542470932,6.265638104247069,0.25198296
47.05000000958534,0.4858906117666426,1.0730496835229368,48,20,0.9444444444444444,179,37,351,73,2.682909071445465,5.5637467021588005,0.25110084
47.100000009595526,0.49105996719985057,1.291113657717552,49,20,0.8888888888888888,183,39,342,73,2.494823932647705,5.651038474655303,0.19956519
47.15000000960571,0.3787931829284131,1.162312986350934,49,22,0.9444444444444444,186,41,356,76,2.5667384266853333,5.276403271686156,0.18019806
47.2000000096159,0.19319149562027604,1.2176395361622034,49,23,0.9444444444444444,177,39,342,71,2.5958776473999023,5.581547127878457,0.16668594
47.25000000962608,0.3438524227213434,1.028703540170284,50,21,0.9444444444444444,184,36,354,77,2.6664888858795166,5.714140946582056,0.13857912
47.30000000963627,0.4922002859452979,1.3086791089730405,48,20,0.8333333333333334,181,38,341,74,2.5752368569374084,5.673328236678596,0.20368299
47.35000000964646,0.17187796576763265,0.9645356259517119,54,20,0.8888888888888888,184,36,342,73,2.634730339050293,5.559027642082155,0.2586917
47.400000009656644,0.3108866001483624,1.1624892175386201,46,19,0.8888888888888888,180,39,342,72,2.6936504244804382,6.0138161691175185,0.21629472
47.45000000966683,0.5192383602286507,1.1273362065689012,49,19,0.8888888888888888,180,37,340,72,2.518233060836792,5.331252423499517,0.3025336
47.50000000967702,0.23446516612619925,1.0553877132189007,53,22,0.9444444444444444,183,40,343,72,2.6370421051979065,4.80981923058315,0.16236635
47.5500000096872,0.3626910242872053,1.068415731316449,48,21,0.8888888888888888,185,37,345,74,2.5750622153282166,4.259125712158971,0.23024857
47.60000000969739,0.2264728409288232,1.2717103156584888,50,22,0.8888888888888888,187,39,349,72,2.476391941308975,4.286262847837721,0.18929079
47.650000009707576,0.5104223051229915,1.3808210371429044,50,22,0.8888888888888888,177,39,345,73,2.6341962814331055,5.2414783983556745,0.28732145
47.70000000971776,0.35732396960994844,1.0666184193982255,55,20,0.9444444444444444,181,39,345,75,2.68106609582901,4.437851001648916,0.19624445
47.75000000972795,0.16246706299712593,1.0479126052925332,44,20,0.8888888888888888,184,37,352,72,2.6084262132644653,4.587441680071356,0.17621765
47.800000009738135,0.21522453817983664,0.8777273067480613,38,18,0.8333333333333334,172,35,328,70,2.693931460380554,4.869736050324418,0.2168904
47.85000000974832,0.5414619038098429,0.82158556756171,54,18,0.8333333333333334,173,38,343,78,2.526445686817169,4.526593183409577,0.16696963
47.90000000975851,0.2010374084005812,1.0750568149188329,54,22,0.9444444444444444,183,39,349,76,2.5755521655082703,4.52666072532014,0.16366772
47.950000009768694,0.6369626560499443,1.1900177679813804,53,20,0.8333333333333334,182,38,349,73,2.52905935049057,4.1165869581376935,0.15194431
48.00000000977888,0.4412251556416733,0.805519707984166,53,22,0.9444444444444444,186,39,357,78,2.4789223074913025,4.284599144396157,0.12639192
48.050000009789066,0.5769170128208908,1.244237483153789,52,21,0.9444444444444444,187,40,344,72,2.681671679019928,4.905207610536717,0.14860263
48.10000000979925,0.5822141993772946,1.0605239579905565,52,23,0.9444444444444444,184,37,346,74,2.568419575691223,4.544450033372511,0.18042521
48.15000000980944,0.4909661867261734,1.0021531162156019,51,22,0.9444444444444444,188,41,355,77,2.543080747127533,4.581124687250213,0.18031394
48.20000000981962,0.556929659782125,1.0218826605029254,53,20,0.8888888888888888,183,37,340,73,2.624717950820923,4.502929533425384,0.13194239
48.25000000982981,0.5626294889234208,1.034546051087384,59,22,0.9444444444444444,184,38,350,76,2.6192650198936462,4.506513349040837,0.17703399
48.30000000984,0.2587765841873577,1.0737808056156604,51,19,0.8888888888888888,182,40,350,74,2.6350918412208557,4.521294291036062,0.24971718
48.350000009850184,0.7300592431495536,1.0296772338219091,49,20,0.8888888888888888,187,39,358,73,2.5315234065055847,4.502199486830847,0.1965053
48.40000000986037,0.5599032438324367,1.0469844248318645,53,21,0.9444444444444444,181,39,349,73,2.5604036450386047,4.6696819076173846,0.20691338
48.450000009870564,0.4188031842409115,1.1479151413714614,51,22,0.9444444444444444,178,37,343,75,2.543996274471283,4.606126557788945,0.29379088
48.50000000988074,0.7263259956651689,0.9904265300029074,51,20,0.8888888888888888,185,34,345,75,2.5658756494522095,4.065096848149583,0.17996876
48.55000000989093,0.5814130312060413,1.1193276550471678,57,21,0.9444444444444444,181,38,346,75,2.5373348593711853,4.436546510863577,0.17710435
48.60000000990112,0.396417373850885,1.2592770615315403,51,20,0.8888888888888888,179,38,328,72,2.5036755204200745,4.981023491840411,0.29962835
48.6500000099113,0.4413642660150967,1.177513839733955,49,20,0.8888888888888888,182,37,352,72,2.656930983066559,4.875768469008381,0.25415963
48.70000000992149,0.5175249767218736,0.938360207050874,54,19,0.8333333333333334,182,38,349,72,2.5364863872528076,4.488800080478077,0.08205777
48.75000000993168,0.34932216502197033,1.0838282171348559,52,21,0.9444444444444444,180,36,335,71,2.499881237745285,5.371569176002842,0.24968943
48.80000000994186,0.5624449328605842,1.1752395485530667,54,21,0.9444444444444444,177,36,333,70,2.6020607352256775,5.21876968333582,0.2219235
48.85000000995205,0.3359959962627517,1.163191613360827,51,21,0.9444444444444444,176,37,334,72,2.509724199771881,5.754706888790633,0.19872995
48.900000009962234,0.48654721841867443,1.1562420864325842,50,20,0.9444444444444444,174,37,330,70,2.6296550035476685,5.550965515410011,0.25015724
48.95000000997242,0.4887901038034964,1.2310274730787842,52,20,0.8888888888888888,176,36,340,73,2.538253962993622,6.281562039648971,0.36401075
49.00000000998261,0.41357871805602914,0.9718032978108633,45,17,0.8333333333333334,171,36,322,68,2.6953113079071045,5.5364136555496035,0.23750758
49.05000000999279,0.4666168828075219,0.9213919738557228,54,22,0.9444444444444444,178,36,351,73,2.6206639409065247,4.988244134430797,0.23020741
49.10000001000298,0.2823598652219373,1.0046881501085045,49,21,0.9444444444444444,178,38,343,73,2.7709317207336426,5.476735741293073,0.23840389
49.150000010013166,0.4152256315195173,1.1275497956078322,53,19,0.8333333333333334,184,39,344,75,2.571319341659546,5.3246177138633755,0.13687724
49.20000001002335,0.600111559238329,1.328066807312852,50,20,0.8333333333333334,177,37,324,74,2.7073094248771667,5.725236484691676,0.37241066
49.25000001003354,0.47070437417310085,1.1055228787460543,46,22,0.9444444444444444,169,33,325,70,2.589297592639923,5.267477396955096,0.23906374
49.30000001004373,0.4372165542250037,1.0860993504980037,58,21,0.9444444444444444,177,35,340,73,2.6430752873420715,5.341862046426504,0.21076559
49.35000001005391,0.30596799153033494,1.001659438150814,59,21,0.9444444444444444,182,40,345,72,2.638692557811737,5.724587034322681,0.14545698
49.4000000100641,0.5682658468283313,1.1846782634759787,49,20,0.9444444444444444,179,36,336,73,2.4934038519859314,5.372552783403988,0.21137626
49.450000010074284,0.6709186477575404,1.4024550932412057,51,20,0.9444444444444444,179,37,336,73,2.6609885692596436,5.7631310014284765,0.26396728
49.50000001008447,0.4188206173354032,1.22541930696004,58,24,0.9444444444444444,186,36,332,70,2.5163552165031433,5.683268897884721,0.18604347
49.55000001009466,0.6043114603074724,1.2405301598476945,52,22,0.9444444444444444,178,37,335,73,2.636285722255707,5.906969201807586,0.24026948
49.60000001010484,0.2665535354432446,1.102299966821039,48,20,0.8888888888888888,175,37,332,71,2.4501818418502808,5.950994223015398,0.26579192
49.65000001011503,0.3842452237113059,0.9697345096206713,53,19,0.8888888888888888,181,35,338,74,2.5287488102912903,5.707984853312702,0.23940559
49.700000010125216,0.5213973557400804,1.3691755887028725,58,22,0.9444444444444444,181,38,343,72,2.669304311275482,6.005139449608521,0.26628318
49.7500000101354,0.61621904960284,1.2213108994702648,43,22,0.8888888888888888,191,38,338,71,2.5498709082603455,6.1557019829481785,0.22767316
49.80000001014559,0.3409334596388472,0.9607795898687027,55,22,0.9444444444444444,184,37,346,73,2.6828330755233765,5.170067869515531,0.19246978
49.850000010155775,0.4281984228442442,1.2373504857238644,48,19,0.8888888888888888,178,38,338,75,2.5623616576194763,5.64448442745042,0.29052678
49.90000001016596,0.7054929185391501,1.0785792858360541,51,22,0.8888888888888888,177,36,336,72,2.5777557492256165,5.246584049328051,0.25731322
49.950000010176154,0.5138406276251533,1.140847936606843,45,21,0.8333333333333334,182,36,337,73,2.6179495453834534,5.4612501367648125,0.22872211
50.000000010186334,0.3697514324388411,1.1624296262751164,47,22,0.9444444444444444,182,36,359,76,2.576645612716675,5.519668509633435,0.16682187
50.05000001019652,0.535581534771346,1.2988961243958537,46,20,0.8888888888888888,185,37,341,71,2.618092894554138,5.7864410723352755,0.23742312
50.10000001020671,0.3878922382643743,1.2094142856678738,44,22,0.8888888888888888,170,34,338,73,2.6378175616264343,6.075558017495544,0.27003726
50.15000001021689,0.6083323359188574,1.4304916425489078,49,21,0.9444444444444444,175,35,330,69,2.659642994403839,6.600650534999328,0.34962916
50.20000001022708,0.5565835295258066,1.4512731277262105,53,22,0.8888888888888888,180,37,333,72,2.5047382712364197,6.255451154702678,0.28303763
50.250000010237265,0.2701754575287734,1.1712703598615317,43,19,0.8888888888888888,173,37,323,71,2.605891227722168,6.050714030797053,0.2730446
50.30000001024745,0.29515865736380953,1.1382875819250287,48,21,0.9444444444444444,179,36,334,70,2.5135040283203125,6.355576962449421,0.22687748
50.35000001025764,0.29278476055035857,1.050200882835129,52,19,0.8333333333333334,175,39,345,73,2.5941655039787292,6.417212143625015,0.22313382
50.400000010267824,0.268845720082462,1.298956519993435,51,20,0.9444444444444444,180,37,345,72,2.6346537470817566,6.343201916871664,0.21602747
50.45000001027801,0.171417937636077,0.9088628506154761,53,22,0.9444444444444444,178,37,339,73,2.526690363883972,6.139891248184801,0.25857523
50.500000010288204,0.21194322388426423,1.283561113179198,52,18,0.9444444444444444,178,36,340,71,2.4998867511749268,6.2709651326025195,0.23026864
50.55000001029838,0.283292311706989,1.1493753344050612,49,19,0.8888888888888888,186,40,347,73,2.6636862754821777,5.656467318766243,0.1631411
50.60000001030857,0.383210265336778,1.2198483237143747,52,22,0.9444444444444444,185,37,336,72,2.727431356906891,5.504344409770923,0.1306354
50.65000001031876,0.38324932444446513,1.2630132260749378,46,16,0.8333333333333334,165,37,341,71,2.638176381587982,6.044054373856778,0.3430607
50.70000001032894,0.26000108586613635,1.1668490302866068,50,21,0.9444444444444444,183,38,350,73,2.681039869785309,6.075682709685362,0.23749362
50.75000001033913,0.47852686052234755,1.1937964517545205,53,22,0.9444444444444444,180,38,339,72,2.600477635860443,6.127303183636901,0.26502913
50.800000010349315,0.39194551892628393,1.2707256373296336,49,22,0.8888888888888888,175,35,340,72,2.674914002418518,6.052332796057751,0.3287427
50.8500000103595,0.19450801897635156,1.1602186321500914,50,21,0.9444444444444444,175,38,352,74,2.6138094067573547,6.177358571919402,0.23399946
50.90000001036969,0.3801136416185088,1.1354830080214533,45,20,0.8888888888888888,186,40,338,73,2.5754255056381226,6.627072946691612,0.22241351
50.950000010379874,0.37119320603798905,0.950775553259565,50,20,0.8888888888888888,182,37,338,71,2.567925751209259,6.581101162463137,0.20810235
51.00000001039006,0.44746522328541677,1.0587204158228163,54,23,0.9444444444444444,189,38,345,75,2.6387634873390198,6.011230253285271,0.1535558
51.05000001040025,0.3410937627310773,1.0001711549772587,53,22,0.9444444444444444,180,37,346,75,2.521192729473114,6.408112627435836,0.27725938
51.10000001041043,0.5066548252996584,1.3275780056382505,49,19,0.8888888888888888,178,38,344,75,2.475980818271637,6.891254492929795,0.26893416
51.15000001042062,0.10257117937820125,1.1465317652769886,51,19,0.9444444444444444,171,38,344,73,2.572035491466522,6.3736344576145765,0.34296232
51.200000010430806,0.21993143253790995,0.7515956829459948,56,20,0.8888888888888888,186,37,350,72,2.480679452419281,5.818333701378444,0.09938303
51.25000001044099,0.31991945295402063,1.2714016713334302,53,21,0.9444444444444444,176,35,337,73,2.6165929436683655,6.210158980969753,0.26027083
51.30000001045118,0.4601178328864146,1.110914392972684,55,20,0.8333333333333334,183,36,348,76,2.4480946362018585,6.043483424806091,0.23772977
51.35000001046136,0.3831841684573081,0.9999659291209982,54,21,0.9444444444444444,178,39,348,72,2.578376531600952,5.669669608179877,0.12656924
51.40000001047155,0.4001177499533879,1.2598754556281957,50,21,0.9444444444444444,177,36,339,72,2.628813087940216,5.803218664672096,0.12640332
51.45000001048174,0.31742992798665914,1.0235486279239678,47,20,0.8888888888888888,181,37,354,76,2.4754436314105988,5.4523254338486105,0.14284979
51.500000010491924,0.4011537976933268,1.0912813903711387,52,20,0.8888888888888888,183,39,344,74,2.659475803375244,5.455038847544973,0.07982537
51.55000001050211,0.46304562027295965,1.1112062982965982,47,20,0.8888888888888888,182,40,345,72,2.4783098697662354,5.828008160970262,0.11511974
51.6000000105123,0.2846869597933182,1.0738416497163612,51,22,0.9444444444444444,183,36,339,73,2.6273417472839355,5.274775504832654,0.26969287
51.65000001052248,0.30117808861970596,1.2082320323612414,52,22,0.8888888888888888,184,37,344,72,2.492436319589615,5.881481904295844,0.19004712
51.70000001053267,0.4845053570089668,0.9154889805918751,51,23,0.8888888888888888,181,36,351,77,2.5723788142204285,5.28004263457146,0.13650778
51.75000001054285,0.5033325379420768,1.0009235397056147,58,22,0.9444444444444444,180,38,348,73,2.587682008743286,5.619504928154511,0.100162975
51.80000001055304,0.5469549963075244,1.0667135437095991,56,22,0.8888888888888888,185,37,341,72,2.564040720462799,6.074475308274652,0.12428616
51.85000001056323,0.3854840554903268,1.0194452557161717,52,20,0.9444444444444444,178,35,349,73,2.5652021169662476,5.671659666336666,0.16805299
51.900000010573414,0.3849769043872354,1.1528967968787311,54,22,0.8888888888888888,186,39,346,75,2.523094415664673,5.810130757416614,0.15250018
51.9500000105836,0.2956540533918787,1.228853605293977,54,20,0.8888888888888888,183,40,341,73,2.5912347435951233,5.934597774676309,0.18719237
52.00000001059379,0.3570836124554765,1.0606860752394884,53,21,0.9444444444444444,185,39,355,76,2.6574108004570007,5.710265624603323,0.11400095
52.05000001060397,0.3206409909289953,1.2325894214592874,54,22,0.9444444444444444,186,36,336,71,2.6671987771987915,6.068425809311631,0.21809836
52.10000001061416,0.29643329931480816,1.1966603047746425,50,20,0.8333333333333334,181,38,357,74,2.7015432715415955,6.088081708023019,0.19804958
52.150000010624346,0.3074758862893297,0.9809343870046472,54,22,0.9444444444444444,186,37,360,73,2.492031157016754,5.9633625648446476,0.170146
52.20000001063453,0.3828350918813011,1.1975175071733664,51,20,0.8888888888888888,183,37,339,71,2.567000389099121,6.417760022927279,0.16062744
52.25000001064472,0.6038612432273978,1.3035003870373139,51,20,0.8888888888888888,173,37,334,71,2.563427686691284,6.303297317390584,0.22635113
52.3000000106549,0.38027488911268065,1.404265827547864,62,21,0.8888888888888888,174,35,338,71,2.548511326313019,6.172362411396239,0.26418847
52.35000001066509,0.4110969768936831,0.9252046557855877,51,21,0.9444444444444444,180,37,343,71,2.5949901342391968,5.4934556252257405,0.24654089
52.40000001067528,0.29951430287289177,1.2135610857815706,50,22,0.9444444444444444,174,36,343,71,2.6629477739334106,5.5055226653545475,0.30515727
52.450000010685464,0.2047075156340845,1.0878436244399068,49,21,0.8888888888888888,185,37,343,73,2.5351744890213013,5.419552734226327,0.17847684
52.50000001069565,0.6409829235576685,1.136870429344881,51,22,0.9444444444444444,182,36,343,75,2.6128023862838745,5.146619356677675,0.2553688
52.550000010705844,0.5149710154686613,1.0819958282794397,49,19,0.8888888888888888,178,37,347,72,2.6160985231399536,5.123278406572824,0.2779079
52.60000001071602,0.23125356087818238,0.9724688001690462,55,21,0.9444444444444444,177,37,330,69,2.513780891895294,5.816585462476782,0.20532578
52.65000001072621,0.5985200912785806,0.710283344053758,57,22,0.8888888888888888,180,37,354,77,2.5960904359817505,5.25451834532805,0.16448778
52.7000000107364,0.34690579946437716,1.2360866464909845,54,20,0.8333333333333334,188,38,353,73,2.4927641451358795,6.088774321286108,0.22176465
52.75000001074658,0.35161325399318943,1.270063244392071,53,22,0.9444444444444444,188,40,345,74,2.6043927669525146,5.75727735129119,0.11712611
52.80000001075677,0.2280325168274574,1.0977697495935108,48,20,0.9444444444444444,183,36,345,73,2.572576403617859,5.589955187494171,0.2285902
52.85000001076696,0.5415602032937776,0.9167303542352083,52,19,0.7777777777777778,189,40,346,73,2.4815568327903748,5.092246050038334,0.13471955
52.90000001077714,0.42440991514284204,1.2648538594269811,55,23,0.9444444444444444,182,36,337,70,2.7348122000694275,6.408384181669877,0.21343632
52.95000001078733,0.2909838813888302,1.037397412988129,55,21,0.9444444444444444,181,38,348,73,2.518996000289917,5.420297554260207,0.16879426
53.000000010797514,0.28750521860333417,1.0165659325773766,51,20,0.9444444444444444,184,37,338,72,2.497074604034424,5.25744800582169,0.19486283
53.0500000108077,0.21992562312599437,0.995167832853826,53,20,0.9444444444444444,183,38,350,75,2.582760453224182,6.153774676761383,0.23783654
53.10000001081789,0.3109069522519808,1.063154263715814,54,22,0.9444444444444444,182,37,340,72,2.54633367061615,5.710712446805397,0.20230153
53.15000001082807,0.3103308416330812,1.275072697381216,53,21,0.8888888888888888,176,38,341,70,2.4590425193309784,5.5202390238692,0.27509084
53.20000001083826,0.432581369609445,1.2368051644871703,52,21,0.9444444444444444,185,37,337,73,2.620841860771179,5.39365425515042,0.24855271
53.250000010848446,0.47439517945037646,0.9428727293044005,50,22,0.9444444444444444,177,37,351,73,2.5955551862716675,5.43139566580189,0.25078014
53.30000001085863,0.3717002733060689,0.990115403690925,49,21,0.8888888888888888,178,37,342,76,2.5537684559822083,5.409629719564144,0.24749115
53.35000001086882,0.36520569823891225,1.0532478239411753,57,22,0.9444444444444444,179,38,353,71,2.6985901594161987,5.606001680643109,0.14908333
53.40000001087901,0.4259640427927189,1.2066702002755927,51,21,0.9444444444444444,179,37,337,70,2.587922215461731,6.008127116292394,0.21772245
53.45000001088919,0.4502613096570412,0.9832951756390852,52,20,0.8888888888888888,181,38,345,74,2.6335176825523376,5.4345875771841445,0.19839984
53.50000001089938,0.21285852755454993,0.9726374137241951,50,20,0.8888888888888888,179,36,343,73,2.494799494743347,5.413536800838941,0.17706358
53.550000010909564,0.3484301496803715,1.2931309099982549,50,22,0.9444444444444444,184,40,350,77,2.560882270336151,5.935533051031898,0.1710333
53.60000001091975,0.49179994201376026,1.0279615669202977,56,23,0.9444444444444444,184,38,338,71,2.6335716247558594,5.934668672102701,0.19277304
53.650000010929936,0.4729474759405984,0.9714809142058107,52,20,0.8333333333333334,188,38,348,74,2.650786340236664,5.648690833293948,0.17304772
53.70000001094012,0.5720998241771437,1.1018525696914057,52,21,0.8888888888888888,186,40,357,77,2.62835294008255,5.617159023459122,0.19223066
53.75000001095031,0.21337892841140513,1.105088029288133,57,19,0.9444444444444444,182,37,342,72,2.5360724329948425,5.620878165588383,0.20013008
53.800000010960495,0.31422495326969646,1.0512511169283654,56,21,0.8888888888888888,183,38,350,77,2.501196265220642,5.158709762283253,0.22051385
53.85000001097068,0.5227975477056833,1.4253057397968991,51,23,0.9444444444444444,179,33,343,72,2.6352551579475403,6.096310721232525,0.20493427
53.90000001098087,0.49064461378451246,1.1111355055626284,53,21,0.8888888888888888,186,37,338,70,2.5971296429634094,5.852894882857322,0.22296903
53.950000010991054,0.5274924436261956,0.8052985027184678,46,21,0.8888888888888888,182,38,350,77,2.6321089267730713,5.275159023697196,0.21365896
54.00000001100124,0.32962787591794884,0.933728928158776,50,21,0.8333333333333334,179,36,350,78,2.6228398084640503,5.613653862100385,0.11836491
54.050000011011434,0.4833207668832453,0.6953704061982391,45,19,0.8888888888888888,169,33,338,71,2.7406057715415955,5.258975853189831,0.17285112
54.10000001102161,0.2958032068858477,1.0424795301051053,53,22,0.8888888888888888,181,35,349,76,2.6294144988059998,5.165074876677611,0.198246
54.1500000110318,0.3553588908688094,0.8465792211445372,51,22,0.9444444444444444,179,37,342,74,2.595868706703186,5.361954367052908,0.19302295
54.20000001104199,0.44031832153393,1.0230230779191007,55,20,0.8888888888888888,177,37,340,71,2.621694505214691,5.009646892637267,0.3117509
54.25000001105217,0.4098040649805422,0.6911048434711711,44,21,0.9444444444444444,179,37,355,75,2.4517253041267395,4.910521389435907,0.22077757
54.30000001106236,0.33907007271019035,0.8994671886778498,45,18,0.8888888888888888,174,36,349,74,2.5363683700561523,5.264100714299289,0.22088122
54.350000011072545,0.17276284551725088,1.0701642039302468,56,21,0.8888888888888888,183,37,339,71,2.6299595832824707,5.463819676181307,0.34901223
54.40000001108273,0.22498586266865983,0.9474851425364178,49,21,0.9444444444444444,180,39,347,73,2.577507197856903,5.389920866856297,0.18994592
54.45000001109292,0.668943463220987,0.6388070880748229,54,21,0.8333333333333334,179,37,352,71,2.5907161831855774,5.409041605030049,0.24256521
54.500000011103104,0.048657685937356435,1.0313934598523713,50,21,0.8333333333333334,180,41,339,74,2.6407605409622192,5.844963854891114,0.19072513
54.55000001111329,0.6477778435520392,0.6111321235903932,50,20,0.9444444444444444,176,38,343,74,2.5501611828804016,5.467220665942785,0.22968812
54.600000011123484,0.3689270899706527,0.9186412003030484,51,20,0.8888888888888888,182,38,341,74,2.551020383834839,6.008007452789519,0.1371506
54.65000001113366,0.3662202684345891,0.834378189548338,54,22,0.9444444444444444,180,38,348,74,2.6643481850624084,6.264933568710003,0.2038698
54.70000001114385,0.42097739658340344,0.8872377981923154,51,21,0.8888888888888888,178,39,344,73,2.580055296421051,5.733379163102006,0.17159772
54.75000001115404,0.20102842273048738,1.066163640806403,50,22,0.9444444444444444,185,36,346,74,2.6091939210891724,6.226881604441097,0.26322317
54.80000001116422,0.4489901242922141,0.8188094681037559,49,22,0.9444444444444444,184,38,357,75,2.571883499622345,5.80669031987755,0.12562281
54.85000001117441,0.37413284560423504,1.0922397337967302,48,20,0.8888888888888888,180,37,348,73,2.5094667077064514,6.439697697505924,0.12782863
54.900000011184595,0.3865041040374727,0.7493458271469842,49,23,0.9444444444444444,179,37,341,73,2.6642078161239624,6.077432086491985,0.1684662
54.95000001119478,0.3976760943612322,1.061590240344311,53,22,0.8888888888888888,188,38,353,75,2.64283686876297,6.654742576674897,0.17365971
55.00000001120497,0.5500189076424699,0.6725740902611086,53,20,0.8888888888888888,184,39,342,74,2.6150771975517273,6.364392418366034,0.08840075
55.050000011215154,0.5101013728058259,0.817445778601681,51,22,0.8888888888888888,183,37,352,75,2.5088083744049072,6.687958595813068,0.15353288
55.10000001122534,0.558478883364638,0.9871587187242036,57,21,0.9444444444444444,189,38,347,72,2.490919828414917,6.59052170310658,0.09086854
55.15000001123553,0.2809856691451929,0.8582859680554658,45,20,0.8888888888888888,184,37,347,71,2.5825220346450806,6.685067912672009,0.15115823
55.20000001124571,0.4687892151868978,0.998904986717149,55,20,0.8888888888888888,179,38,350,76,2.6960107684135437,6.9354975160028065,0.25546652
55.2500000112559,0.6054878377067481,1.1300581835221768,54,21,0.8333333333333334,188,36,356,76,2.628190517425537,7.412300484977354,0.18146443
55.300000011266086,0.5213029639640091,1.208645837066575,48,22,0.8888888888888888,182,38,345,70,2.6979032158851624,6.7744337128119,0.17367846
55.35000001127627,0.301738920773053,1.0343125545978074,55,22,0.9444444444444444,181,38,339,71,2.5318127870559692,6.770824622523071,0.13277422
55.40000001128646,0.19800200196386372,0.8524806201125378,54,21,0.9444444444444444,176,36,342,73,2.5771179795265198,7.212239069448652,0.12308982
55.45000001129664,0.47274719073299104,0.8496162836598165,50,21,0.9444444444444444,183,37,348,75,2.5749847292900085,7.05099362892609,0.17006055
55.50000001130683,0.3971568262350026,1.037444588338842,56,22,0.9444444444444444,189,39,354,75,2.5711283087730408,7.060769236533773,0.10546395
55.55000001131702,0.4330027021311122,1.1487494543925039,57,22,0.9444444444444444,185,37,351,75,2.528740167617798,7.278084059429082,0.10790101
55.600000011327204,0.8446459802957417,0.6837387805273647,47,21,0.8888888888888888,184,38,351,72,2.6056814193725586,6.46673040117558,0.13982153
55.65000001133739,0.4906376462162966,0.9903209409111245,52,21,0.9444444444444444,186,40,354,75,2.5349894165992737,6.9987683567427705,0.1127981
55.700000011347576,0.17768699652216374,1.0806629364378413,57,22,0.9444444444444444,182,36,347,72,2.5336483120918274,7.6977729145150064,0.16782352
55.75000001135776,0.311858545682352,1.0399472220407955,46,20,0.8888888888888888,178,38,341,72,2.7188488841056824,7.587665934472838,0.19018826
55.80000001136795,0.19905912581906052,1.0010242573553558,51,18,0.8888888888888888,177,37,347,74,2.618460953235626,7.4282048455072935,0.19112946
55.85000001137813,0.17077695950127142,1.0350117754452912,50,20,0.8888888888888888,181,36,341,72,2.5171202421188354,7.440062997722459,0.18348569
55.90000001138832,0.10718423283257292,0.9668667788346152,50,20,0.8888888888888888,181,36,339,72,2.5525975227355957,7.155254775785442,0.18788739
55.95000001139851,0.3245566421179547,0.8764256503907428,57,23,0.9444444444444444,175,36,342,74,2.562965452671051,7.107435833506104,0.18079157
56.000000011408694,0.4399880457784183,1.2121353342578092,55,22,0.8888888888888888,178,36,341,70,2.631583511829376,7.23104436487759,0.2270063
56.05000001141888,0.27899688447192894,0.9436545113672968,59,23,0.9444444444444444,181,38,342,73,2.4891576170921326,6.4400707812304425,0.20712246
56.10000001142907,0.36049744277709106,1.0487401270167194,53,21,0.8888888888888888,185,37,345,74,2.561675012111664,6.542639852303056,0.14881322
56.15000001143925,0.3924766821595599,1.0158974893525154,47,20,0.9444444444444444,177,37,347,73,2.6136860251426697,6.739410336607632,0.26203814
56.20000001144944,0.31164243826752824,1.0189312528114256,49,21,0.9444444444444444,178,37,344,73,2.5900551676750183,6.649423434988488,0.2777592
56.250000011459626,0.4688635759279971,1.1471080102096716,49,23,0.9444444444444444,179,36,344,69,2.5447216629981995,6.8340630806608615,0.2837489
56.30000001146981,0.3572306056039468,0.9258614513403547,52,22,0.9444444444444444,177,36,336,73,2.57398784160614,6.4861867365288095,0.19066943
56.35000001148,0.21724537319954673,0.9744079300701779,56,21,0.9444444444444444,176,35,341,74,2.6861736178398132,6.351208713133474,0.1887859
56.40000001149018,0.28945112923340505,0.832038392284494,53,21,0.9444444444444444,179,40,341,73,2.4741072952747345,6.597346699510522,0.22603357
56.45000001150037,0.2778117300643035,0.7774934250558141,53,19,0.7777777777777778,174,36,345,74,2.48518705368042,6.836387441854681,0.2087528
56.50000001151056,0.4645796451678751,1.1450499340047449,54,21,0.8888888888888888,180,38,333,70,2.5856325030326843,7.550767679049102,0.2766197
56.550000011520744,0.4938180479499893,0.8450275143325304,54,21,0.8888888888888888,178,36,342,74,2.5600484013557434,7.3006407435088505,0.2713731
56.60000001153093,0.23411686606064772,1.0163688155014614,54,22,0.9444444444444444,177,38,338,71,2.6435932517051697,7.605906525132156,0.2248943
56.650000011541124,0.36910886971177226,1.182305813001245,49,20,0.8888888888888888,185,39,333,67,2.5182756781578064,7.623004573634216,0.32632032
56.7000000115513,0.5276837961491535,1.2590777780199738,48,21,0.9444444444444444,180,36,338,72,2.547563910484314,7.49293660176825,0.25756595
56.75000001156149,0.41899867445777084,0.9288285474477437,49,22,0.8888888888888888,177,36,338,71,2.5891000032424927,6.892976570628013,0.26076287
56.80000001157168,0.384805019097093,0.967627841777796,53,22,0.9444444444444444,185,38,336,72,2.645956873893738,7.232526068968159,0.17204992
56.85000001158186,0.3159167057366046,1.1117140045735103,50,21,0.9444444444444444,181,35,335,69,2.5883951783180237,7.266697384697736,0.22377008
56.90000001159205,0.4733481309330375,0.7386092980861454,52,22,0.9444444444444444,185,37,349,74,2.638552486896515,6.553245995718715,0.14805463
56.95000001160224,0.45636132412626984,1.0717973425155212,50,22,0.8888888888888888,181,36,339,72,2.599218189716339,7.0837260982697625,0.16590737
57.00000001161242,0.09249776553885042,1.0357307564920173,51,22,0.9444444444444444,175,36,348,72,2.502581775188446,6.970679367858219,0.14940406
57.05000001162261,0.21151892112328163,1.247396519972484,45,19,0.8888888888888888,183,38,340,73,2.513713836669922,7.389079718331244,0.32683128
57.100000011632794,0.31618742656104254,1.0488210446857877,57,22,0.9444444444444444,187,39,348,75,2.6062268018722534,7.35163220808146,0.15844855
57.15000001164298,0.39215794178430297,1.1501118234972765,47,21,0.9444444444444444,182,37,337,71,2.5727906823158264,7.405895341571664,0.22097434
57.20000001165317,0.4840518843054151,1.1246187246998238,46,22,0.9444444444444444,175,37,339,72,2.672751545906067,7.85596405962897,0.2703495
57.25000001166335,0.20713778104143832,0.8681171781847881,53,20,0.8888888888888888,184,40,346,75,2.4893441796302795,7.169240409705644,0.20851292
57.30000001167354,0.3643552396058924,0.9253894776267009,49,22,0.8888888888888888,182,37,351,75,2.5474348664283752,7.226302891995475,0.18250468
57.350000011683726,0.6409814527642471,1.0822680940368525,51,23,0.9444444444444444,183,37,339,70,2.616553008556366,6.948590428768382,0.19149944
57.40000001169391,0.5130662326092242,1.1648408458992618,52,22,0.9444444444444444,175,37,340,72,2.564034163951874,7.390723605662792,0.19321276
57.4500000117041,0.4598548797575531,0.9930905144835028,57,22,0.9444444444444444,183,37,348,75,2.7202942967414856,7.026979802400701,0.16837303
57.50000001171429,0.5860056024269794,1.3578027621289155,50,21,0.9444444444444444,178,38,341,71,2.5599342584609985,7.502863492632841,0.20013624
57.55000001172447,0.2741466187021765,1.15171825214007,49,21,0.9444444444444444,183,36,343,72,2.5566816329956055,7.111915507201498,0.19594574
57.60000001173466,0.2610361062550099,1.018724699389501,55,21,0.9444444444444444,183,36,344,72,2.5588464736938477,6.8851624161658,0.23493248
57.650000011744844,0.3446921431469708,0.8628852896983692,55,21,0.8888888888888888,179,37,339,70,2.6132866740226746,7.0529953125249545,0.13249736
57.70000001175503,0.40634126227669537,1.021556167564908,51,22,0.9444444444444444,184,36,340,74,2.5608500838279724,7.069402387365509,0.15965354
57.750000011765216,0.5759981117457259,1.2383137160986204,52,22,0.9444444444444444,186,37,339,71,2.614153027534485,7.310859583698814,0.11051733
57.8000000117754,0.4408007608867981,1.1708300005850345,53,22,0.9444444444444444,182,38,345,76,2.5134307146072388,6.835887029224352,0.13460481
57.85000001178559,0.14332605744898613,1.0265978848988764,57,23,0.9444444444444444,189,38,341,71,2.4675923585891724,6.844482592561727,0.17439787
57.900000011795775,0.07032444187909477,0.9648910233159297,53,20,0.9444444444444444,179,39,348,75,2.5478214025497437,7.110932562467287,0.18180169
57.95000001180596,0.47470087033236463,1.1225208395286168,54,21,0.9444444444444444,187,38,336,72,2.484290599822998,7.685269160209476,0.24443105
58.00000001176521,0.2798984801752296,1.009989537643022,47,19,0.9444444444444444,177,36,333,71,2.533944845199585,7.718374446491829,0.19187512
58.0500000115935,0.6791946956979199,1.0354786522203416,52,21,0.8888888888888888,185,37,341,74,2.5573378801345825,7.818651457742112,0.15252791
58.100000011421784,0.7334685066248181,1.0993026691502665,49,22,0.9444444444444444,184,38,334,71,2.556349039077759,7.422364012037095,0.20203494
58.15000001125007,0.33522073420662557,1.084560912430948,52,21,0.9444444444444444,182,37,345,76,2.5029462575912476,7.579651752727541,0.18610397
58.20000001107836,0.6001241713351563,1.2545454664954614,55,21,0.9444444444444444,186,38,337,73,2.43258073925972,8.13097197064482,0.19920453
58.250000010906646,0.3828188892775576,1.2290478320457774,50,23,0.9444444444444444,179,35,339,72,2.572576105594635,7.931402255506761,0.15820304
58.300000010734934,0.24583696645389594,1.0618400277871876,54,21,0.9444444444444444,183,40,343,73,2.576666474342346,7.875697743923116,0.2000001
58.35000001056322,0.3063729518182232,1.0491801274632289,52,21,0.9444444444444444,175,36,334,70,2.5174295902252197,7.754065977093179,0.16648406
58.40000001039151,0.2959984421879283,1.0274771636576274,58,22,0.8888888888888888,184,36,352,74,2.516700327396393,7.58805987334771,0.1811204
58.450000010219796,0.07616937458215696,1.0291521600487432,49,18,0.9444444444444444,185,36,331,68,2.5608211755752563,8.007155862476392,0.16241962
58.50000001004808,0.3991698635229082,0.749498333346989,48,19,0.7777777777777778,178,37,344,72,2.4722152948379517,7.924178470212544,0.14955668
58.55000000987637,0.47885519122085274,0.8389456216207389,54,19,0.8333333333333334,186,37,342,72,2.6359719038009644,7.4445405638072515,0.08669575
58.60000000970466,0.7971419201060715,0.784750860301435,53,17,0.8333333333333334,189,40,345,70,2.6171407103538513,7.3690121395192865,0.060896266
58.650000009532945,0.8364983675182203,0.9732919766658653,50,22,0.8888888888888888,192,37,342,71,2.526516616344452,7.591678869953187,0.10772847
58.70000000936123,0.7316026594240381,0.8602653674297731,54,20,0.8333333333333334,184,38,340,72,2.6910987496376038,7.436531870227556,0.1292223
58.75000000918952,0.4001351506762096,0.8306764731709083,51,19,0.8333333333333334,180,35,353,73,2.6602792739868164,7.176987578304281,0.15218017
58.80000000901781,0.3219564814298517,1.0597097746377377,48,20,0.8888888888888888,176,36,341,72,2.4651017785072327,7.775206006458282,0.14235455
58.850000008846095,0.4446533980627004,0.7272861578396849,53,21,0.9444444444444444,186,39,342,70,2.5753408670425415,7.233047230538325,0.16435456
58.90000000867438,0.33330402081409904,0.7126245114104824,48,20,0.9444444444444444,182,38,340,69,2.5802895426750183,7.37395032694252,0.119114846
58.95000000850267,0.6661530020626448,0.6254304546946836,49,19,0.8333333333333334,177,37,346,74,2.6780951023101807,6.690820297188393,0.13903652
59.00000000833096,0.905420986260185,0.8149916354021154,49,20,0.8333333333333334,187,37,345,70,2.593158185482025,6.7357500084362965,0.10089147
59.050000008159245,0.9246915027141166,0.40424322310017075,55,20,0.8333333333333334,176,36,340,70,2.5531479716300964,6.090244196928145,0.0987613
59.10000000798753,0.4273035916564607,0.7295661589352072,52,20,0.8333333333333334,180,35,342,71,2.5694403052330017,6.781357066489342,0.18710256
59.15000000781582,0.4662493955198815,0.6918981015116871,55,20,0.8333333333333334,181,35,341,72,2.770068943500519,7.33038324418593,0.16680625
59.20000000764411,0.3993705858562525,0.5750319000830963,55,19,0.8888888888888888,178,36,347,75,2.592207193374634,6.7165635508577015,0.12212753
59.250000007472394,0.5280102408135493,1.0612893594923503,47,19,0.8888888888888888,185,36,350,76,2.4660642445087433,6.849197348943603,0.1294974
59.30000000730068,0.56264048199947,0.8098085164005451,50,19,0.8888888888888888,188,36,343,71,2.4986690282821655,6.791945554398389,0.08649053
59.35000000712897,0.4125345345425386,1.0023639183958963,53,23,0.9444444444444444,182,37,352,74,2.525647282600403,7.46335955828461,0.21059144
59.40000000695726,0.8902518575817986,0.7965378036145214,50,21,0.8888888888888888,186,38,344,71,2.573917806148529,6.834673498852046,0.10334876
59.450000006785544,0.472779691483855,0.6646084636981003,57,21,0.8888888888888888,191,39,344,71,2.6293757557868958,7.4775527690606935,0.09733218
59.50000000661383,0.5580977897817987,0.8746417053319357,50,19,0.8333333333333334,187,37,340,73,2.6099368929862976,7.650281202302516,0.12699105
59.55000000644212,0.7023562748052714,0.7863640038820684,52,19,0.8333333333333334,186,39,341,71,2.6726365089416504,7.248493818499888,0.13140255
59.600000006270406,0.7624990751275178,0.7184989000830331,56,20,0.8888888888888888,190,39,346,72,2.5416070222854614,7.070375309209949,0.098518334
59.65000000609869,0.43178912033736716,1.258378918255111,48,20,0.8888888888888888,179,35,334,71,2.5157400965690613,7.69720673320065,0.269205
59.70000000592698,0.688605331156516,0.8778790038310404,49,19,0.8333333333333334,187,39,353,75,2.554534077644348,6.780303810481101,0.09932176
59.75000000575527,0.7718483264307386,1.0815775899940885,52,21,0.9444444444444444,180,36,333,72,2.560673952102661,7.440073834392145,0.12982278
59.800000005583556,0.49796001208270213,1.110855465231604,50,19,0.9444444444444444,180,35,336,71,2.648904025554657,7.534262806569174,0.2579227
59.85000000541184,0.3696489454085665,0.6592433890331317,51,20,0.9444444444444444,180,37,350,74,2.5275176763534546,7.300969753707367,0.12783171
59.90000000524013,0.2844493670356064,1.0211378350409117,59,21,0.9444444444444444,197,42,358,75,2.5531625747680664,6.809601918150472,0.06335886
59.95000000506842,0.5089177504180608,1.3650109017011247,52,19,0.8333333333333334,181,38,335,72,2.710171341896057,7.404282300698428,0.20436719
60.000000004896705,0.32478525282899545,1.192058618133753,51,22,0.8888888888888888,186,40,350,70,2.5653719902038574,7.606662058387128,0.15159771
60.05000000472499,0.3403999590329373,1.0562427699739758,51,21,0.9444444444444444,182,39,346,73,2.548147141933441,7.501294203562718,0.24606194
60.10000000455328,0.24452745381826527,1.0630195438946448,52,20,0.9444444444444444,191,40,342,72,2.6851019263267517,7.797749664569791,0.14631286
60.15000000438157,0.24011830161110168,0.9246861463388968,57,21,0.8888888888888888,179,37,342,70,2.572462558746338,7.728900663585909,0.19609055
60.200000004209855,0.372600354779155,1.2297865489391546,51,21,0.8888888888888888,182,37,347,75,2.641802728176117,8.6203292162703,0.15025298
60.25000000403814,0.3598871160331701,0.7653272890474452,45,20,0.9444444444444444,177,36,344,77,2.605437934398651,8.07905593688055,0.14921845
60.30000000386643,0.39547432862386844,1.0371030012614948,55,21,0.9444444444444444,182,36,345,72,2.5717371702194214,8.575864784794689,0.23632953
60.35000000369472,0.26195670393381326,1.13674906190645,47,21,0.8888888888888888,172,35,338,72,2.529696822166443,8.507656796345788,0.18876208
60.400000003523004,0.4182799569838714,0.9393540848116699,55,22,0.9444444444444444,182,37,341,74,2.669401466846466,8.290198829663824,0.14164433
60.45000000335129,0.4966158872577211,1.2542053691166888,51,23,0.9444444444444444,184,37,344,74,2.610483765602112,8.18394327083885,0.14674528
60.50000000317958,0.33873172683505065,0.8683629140548793,61,19,0.8888888888888888,178,37,342,72,2.7253347635269165,8.240531128158546,0.15067807
60.55000000300787,0.27163523934964856,0.9538502778359975,56,22,0.9444444444444444,178,40,339,71,2.5703534483909607,8.22932235958831,0.098895006
60.600000002836154,0.3048730132732443,1.1854780367570477,59,20,0.9444444444444444,190,38,353,74,2.5457215309143066,8.743313231117176,0.10563931
60.65000000266444,0.7192994573725859,0.7942537848570964,57,18,0.8333333333333334,180,36,349,74,2.6744455099105835,8.09960809117733,0.10628343
60.70000000249273,0.3197242591082031,1.1873956947007602,50,19,0.8888888888888888,173,36,339,71,2.5784581899642944,8.599814136771995,0.23217322
60.750000002321016,0.4349978237142846,1.1344299761751264,49,18,0.8333333333333334,178,38,339,72,2.5220265984535217,8.512399282130758,0.16967596
60.800000002149304,0.4772484410097632,0.9198895749765036,45,20,0.9444444444444444,183,39,348,72,2.5775116682052612,8.57785268423017,0.18037166
60.85000000197759,0.2312651722004631,1.1391214572672872,49,19,0.8888888888888888,177,38,345,75,2.5695353746414185,8.727199899753435,0.22019431
60.90000000180588,0.5150658543645202,1.001685683110097,58,20,0.8888888888888888,179,37,327,68,2.4020996689796448,8.51512381381351,0.12727539
60.950000001634166,0.5270541969273145,1.100397855593792,46,19,0.8333333333333334,176,36,340,77,2.547682821750641,8.142499939412362,0.15457818
61.00000000146245,0.8600440188087393,0.685402509172027,51,20,0.8333333333333334,176,37,343,70,2.5708651542663574,7.9116352829441805,0.10377109
61.05000000129074,1.3459703093273099,1.0147048519698796,57,21,0.8888888888888888,181,37,342,71,2.458663135766983,7.496410768285129,0.19864014
61.10000000111903,1.2035007146557872,1.1367256007112316,46,21,0.8333333333333334,185,37,344,70,2.6448452472686768,7.492981536927443,0.12690799
61.150000000947315,0.4714846493095831,0.9747284826261865,58,19,0.8333333333333334,177,36,334,72,2.557486593723297,8.35931331643546,0.16699162
61.2000000007756,0.57505577832321,1.21638656915838,55,21,0.9444444444444444,179,37,341,71,2.568003833293915,8.560569638447264,0.19077982
61.25000000060389,0.3624824593075277,1.1344202473218816,52,21,0.9444444444444444,170,37,333,71,2.549079656600952,8.811117298300202,0.18416801
61.30000000043218,0.25028175331409325,0.9991683169039176,58,21,0.9444444444444444,181,37,350,76,2.5620874762535095,8.602337007483172,0.088320844
61.350000000260465,0.47424651196187634,0.9210447760749262,55,22,0.8888888888888888,178,36,357,74,2.448320984840393,8.825678983735923,0.107301325
61.40000000008875,0.6167431571062031,1.2576562270227545,51,21,0.9444444444444444,178,36,344,73,2.4957267940044403,9.292993385181116,0.14107415
61.44999999991704,0.595056993955966,1.0680842459232973,55,21,0.9444444444444444,184,39,348,74,2.556562125682831,8.803645028784857,0.133141
61.49999999974533,0.32840452790923413,1.0760840285231132,53,21,0.9444444444444444,180,39,343,76,2.6594921946525574,8.870167147665402,0.24717087
61.549999999573615,0.6350343226638038,1.1889398659794355,55,19,0.8333333333333334,187,39,341,72,2.487335205078125,9.077329374468466,0.17069334
61.5999999994019,0.5882433037800054,1.1359748104887841,51,21,0.9444444444444444,182,38,354,74,2.5968152284622192,8.870126724816005,0.081584126
61.64999999923019,0.4322513712277081,1.061833889600608,55,20,0.9444444444444444,188,37,347,73,2.667618989944458,8.727753657944364,0.1754592
61.69999999905848,0.30822885262159955,1.0161280099984937,53,19,0.9444444444444444,181,36,345,73,2.57776141166687,8.782525576997289,0.14473063
61.749999998886764,0.6626037457654539,1.2708167942758282,55,21,0.8888888888888888,182,37,347,75,2.58931964635849,8.906780440487125,0.15529987
61.79999999871505,0.6621498397081073,1.1772101541436655,51,20,0.8333333333333334,174,38,342,74,2.701280117034912,8.694684639530301,0.10322318
61.84999999854334,0.5108219063047635,1.1772410450952864,55,22,0.9444444444444444,185,38,346,74,2.4498073756694794,8.956313844397945,0.1455223
61.89999999837163,0.43874773964691505,1.1126218125519636,50,20,0.8333333333333334,181,37,353,75,2.6552173495292664,8.643859307085116,0.1589106
61.949999998199914,0.6077832872876447,1.213851520280316,50,19,0.8888888888888888,187,39,353,74,2.5900420546531677,8.595123714413937,0.10484996
61.9999999980282,0.36591883883979825,1.0520018427627695,52,21,0.8888888888888888,179,37,352,72,2.6580941677093506,8.679848037783815,0.19114393
62.04999999785649,0.4819396859530716,0.6154090857442279,59,20,0.9444444444444444,186,37,357,74,2.5529778003692627,8.05677741864697,0.054239072
62.099999997684776,0.5038282669578175,0.9973675163573776,55,21,0.9444444444444444,182,39,346,76,2.5796452164649963,8.537864930801096,0.16876173
62.14999999751306,0.5617577303404143,1.1787459618289537,58,21,0.9444444444444444,173,34,343,71,2.677415907382965,8.47729966565999,0.10409296
62.19999999734135,0.43279285230075487,0.828647076359406,60,21,0.9444444444444444,185,38,353,74,2.579408884048462,7.33946913990426,0.031133968
62.24999999716964,0.6387953974527802,1.2021950629214186,58,22,0.9444444444444444,181,38,340,72,2.5413283705711365,8.179324728694208,0.2138612
62.299999996997926,0.4865107707138818,1.02704477376041,50,20,0.8888888888888888,181,36,344,75,2.5049787759780884,7.5066747310124615,0.14843135
62.34999999682621,0.6049358713945637,1.1653952719432952,54,22,0.9444444444444444,174,37,356,74,2.510223686695099,7.721386889269839,0.14963925
62.3999999966545,0.5580223110995354,0.9906853611810551,54,21,0.8888888888888888,174,36,347,74,2.5761374831199646,6.968223077908586,0.18175806
62.44999999648279,0.9722660692402114,1.3022256690907008,50,21,0.9444444444444444,177,37,337,74,2.6285019516944885,7.552322415994732,0.10919234
62.499999996311075,0.6954744574893369,1.0844736249740659,52,20,0.8333333333333334,182,38,345,73,2.5891271233558655,7.586589832165531,0.21694273
62.54999999613936,0.6006965511338866,1.2270233646968218,52,20,0.8888888888888888,179,37,350,74,2.4842138588428497,7.773515829363262,0.17819242
62.59999999596765,0.6248744604113854,1.0646727123437403,51,19,0.8333333333333334,178,37,343,73,2.520607113838196,7.50198397935252,0.14893927
62.64999999579594,0.36927626099404753,1.217264195676161,56,20,0.8888888888888888,181,36,348,76,2.5637301802635193,7.310403961880985,0.20985681
62.699999995624225,0.6296496574690952,1.1517770290418767,59,19,0.8333333333333334,174,37,345,74,2.4922241270542145,7.150217668282481,0.14959623
62.74999999545251,0.4705420321707113,1.2294444729223566,55,21,0.8888888888888888,175,38,357,76,2.5832101702690125,7.561644764340434,0.22060198
62.7999999952808,0.6476679115647171,0.9742668204417513,52,20,0.8333333333333334,177,36,348,77,2.502899467945099,6.848311345363252,0.14332539
62.84999999510909,0.5201878355860384,1.13764010248265,51,18,0.8333333333333334,178,36,352,74,2.4362362921237946,7.54459089615743,0.1299439
62.899999994937374,0.5585124945907314,1.1549196250256586,54,22,0.8888888888888888,180,36,342,75,2.5880056619644165,7.55815011842178,0.19100116
62.94999999476566,0.6211950193282993,1.2375564471119531,51,20,0.8333333333333334,170,39,342,76,2.6770567893981934,7.436737536229376,0.14271516
62.99999999459395,0.7479795977256882,1.405423637000637,51,20,0.8333333333333334,175,38,335,74,2.7378249168395996,7.311714479815912,0.18220739
63.04999999442224,0.7744322303198925,1.3157564642957014,56,21,0.9444444444444444,179,38,343,72,2.5365325808525085,7.676664031189482,0.15405968
63.099999994250524,0.387008353810676,1.0185863809529663,58,21,0.8888888888888888,191,37,352,74,2.566494345664978,7.228910535533508,0.12898546
63.14999999407881,0.6677499365133953,1.3857098755663897,54,21,0.9444444444444444,185,37,348,73,2.5492945313453674,7.2563911406061266,0.113436684
63.1999999939071,0.7661821847962978,1.4154920667994317,52,21,0.8888888888888888,175,38,331,72,2.5793296098709106,7.460929058436125,0.2383709
63.249999993735386,0.5954647041984694,1.1642439277310126,51,19,0.8888888888888888,183,39,354,73,2.5376686453819275,6.374198784789682,0.1455821
63.299999993563674,0.7312013361808257,1.274769807585037,54,19,0.8888888888888888,180,38,348,76,2.6244354248046875,6.388600836952731,0.109179035
63.34999999339196,0.611182728902634,1.1599716569109175,43,20,0.8888888888888888,183,37,346,74,2.4734118580818176,6.506405258651187,0.09616214
63.39999999322025,0.6170113988973882,0.8945634578385284,62,21,0.9444444444444444,178,36,347,77,2.551965117454529,6.245578221677404,0.14987355
63.449999993048536,0.5973841601146536,0.9335963400064597,56,21,0.8333333333333334,180,38,354,75,2.720176875591278,6.2507293830087285,0.14335522
63.49999999287682,0.36290809898270077,1.242443274275064,53,20,0.9444444444444444,178,36,346,75,2.56133496761322,6.594532797074182,0.21732064
63.54999999270511,0.5075933350380659,1.2175997519801527,47,21,0.8888888888888888,181,39,342,73,2.5256800651550293,6.812425126123438,0.15933818
63.5999999925334,0.6755578041827631,1.3226534466283755,49,21,0.8888888888888888,176,36,354,75,2.5545671582221985,6.908540417800042,0.22161663
63.649999992361685,0.7102471081226094,1.266037406420676,58,22,0.9444444444444444,178,35,344,74,2.5786444544792175,6.892757623442121,0.15092741
63.69999999218997,0.5170746674080652,1.3415359043536084,52,21,0.9444444444444444,177,35,346,72,2.62368381023407,7.760337746537358,0.19831976
63.74999999201826,0.6826538344456272,1.498186728647212,41,17,0.7777777777777778,172,35,339,71,2.686736285686493,7.695142070750833,0.24278285
63.79999999184655,0.5074132920447834,1.3747418424975506,47,20,0.8333333333333334,170,35,342,72,2.5348272919654846,7.511895088706648,0.18634775
63.849999991674835,0.3887880872997228,1.0835775093601943,52,21,0.9444444444444444,169,37,344,73,2.6889771223068237,7.091316500975582,0.22431922
63.89999999150312,0.7086095294869754,1.001262258419296,52,21,0.8888888888888888,184,38,351,72,2.539280354976654,6.1248589570724565,0.2330957
63.94999999133141,0.5080613990722604,1.249199254265222,54,20,0.8333333333333334,181,38,343,73,2.4666227400302887,7.100705145542845,0.23608324
63.9999999911597,0.5476403487221083,1.0688913995951772,52,20,0.8888888888888888,181,37,354,74,2.534099519252777,6.738158956572375,0.16667768
64.04999999098798,0.5093565952969968,0.9450629975650032,49,19,0.8888888888888888,174,34,351,72,2.7400806546211243,6.782419123377208,0.2386501
64.09999999081627,0.4907826040874966,1.2283345758843147,49,19,0.8888888888888888,178,36,343,72,2.5898343324661255,7.039492846452209,0.24866042
64.14999999064456,0.901185074505849,1.20049834791379,48,20,0.8888888888888888,181,39,346,71,2.5333943963050842,6.047441375894476,0.2699275
64.19999999047285,0.7868140708341889,1.5579740726840643,54,20,0.8333333333333334,184,37,357,70,2.5200942158699036,6.943548301700924,0.251909
64.24999999030113,0.49878944518768975,1.0952237420510766,53,21,0.9444444444444444,185,38,341,73,2.5070300698280334,5.853602661955062,0.13043699
64.29999999012942,0.6360152169636077,0.937115649802698,54,21,0.8888888888888888,186,37,351,74,2.4987877905368805,5.767881891291067,0.12095938
64.34999998995771,0.22708476600694968,0.9387307297786768,51,19,0.8333333333333334,182,39,344,72,2.612311542034149,5.838061234162266,0.21610744
64.399999989786,0.4081737354129722,1.0864559182371478,54,21,0.9444444444444444,177,37,352,75,2.538536787033081,5.922949858029618,0.21354458
64.44999998961428,0.4258648736212399,1.126243509129141,50,19,0.8333333333333334,181,37,349,74,2.5980371236801147,6.050429768451462,0.14454226
64.49999998944257,0.4954006377284752,1.197498048671986,51,21,0.8888888888888888,183,35,350,73,2.5750747323036194,6.519978061892147,0.21152031
64.54999998927086,0.5421589045637826,1.1579365442063259,49,20,0.8333333333333334,185,37,355,76,2.5940176844596863,6.408834865599324,0.18588202
64.59999998909915,0.5264505341493582,1.2184090204252258,48,20,0.8888888888888888,178,36,359,76,2.6486867666244507,6.35852217299445,0.1534738
64.64999998892743,0.6035944319387607,1.238452249224455,46,20,0.9444444444444444,177,37,348,73,2.6348724961280823,6.286701004569295,0.09208197
64.69999998875572,0.7961337459138351,1.4787649194836592,50,20,0.8333333333333334,180,38,361,76,2.5047776103019714,6.045591495193197,0.18155701
64.74999998858401,0.30789611021961605,0.9234822311701631,51,21,0.9444444444444444,187,39,353,74,2.6606452465057373,6.040827812016358,0.09301777
64.7999999884123,0.7518777870291329,1.4209949164069728,56,19,0.7777777777777778,184,40,348,76,2.5767704844474792,6.386106919754537,0.25586855
64.84999998824058,0.3581096147180355,1.1993878872049157,60,22,0.9444444444444444,188,36,358,73,2.5296926498413086,6.4574212845133605,0.12625992
64.89999998806887,0.748730222251147,1.432122890251646,52,19,0.8333333333333334,187,37,341,73,2.737833559513092,5.944277906062547,0.14376457
64.94999998789716,0.5126839124159998,1.147724291418567,54,21,0.8888888888888888,185,39,354,72,2.5712820887565613,6.460515310163437,0.20868193
64.99999998772545,0.6354641864645219,1.2918475754479173,54,21,0.9444444444444444,184,40,354,73,2.6549863815307617,5.842251668619269,0.2236148
65.04999998755373,0.7330500693059359,1.1164391802099778,52,21,0.8333333333333334,187,38,359,72,2.511940896511078,5.713916533340919,0.19570851
65.09999998738202,0.5839929981886195,1.3490084418249277,51,20,0.8888888888888888,185,39,348,69,2.5166967511177063,6.600769340170265,0.19938219
65.14999998721031,0.49501976788623037,1.1468520598363299,51,18,0.8333333333333334,186,38,355,69,2.698945105075836,6.352039371945626,0.15082194
65.1999999870386,0.3041574425852518,1.0713920604175644,51,20,0.8333333333333334,186,38,362,72,2.5841447710990906,6.8852050570848,0.11201243
65.24999998686688,0.532907204154177,1.055731192680156,59,23,0.9444444444444444,191,39,351,72,2.5506895780563354,6.694209069159109,0.14443243
65.29999998669517,0.4524323892551582,1.1394666913080758,52,20,0.8888888888888888,186,40,358,72,2.617250680923462,6.963234156451756,0.14276634
65.34999998652346,0.38212263800384944,1.4034669628433494,50,21,0.8888888888888888,177,38,344,74,2.479204535484314,6.901674248520733,0.3354202
65.39999998635174,0.49238505001763866,1.1563932372426786,50,19,0.8333333333333334,179,38,349,74,2.6857709884643555,6.688066642835091,0.18419388
65.44999998618003,0.3086659108966987,1.1077158489026753,50,21,0.8888888888888888,179,35,355,76,2.584097385406494,7.03166999553507,0.18417515
65.49999998600832,0.43345427964077504,1.2218643300448173,56,21,0.8888888888888888,185,38,360,72,2.5889047980308533,6.806444050792413,0.22805816
65.5499999858366,0.6465702281574259,1.127055554833146,56,22,0.8333333333333334,190,42,353,72,2.5243189930915833,6.3988843019043,0.18841176
65.5999999856649,0.695540199726016,0.9758331139713885,55,21,0.9444444444444444,186,36,346,71,2.783137857913971,6.2963271408962385,0.13002926
65.64999998549318,0.625511265871524,1.1659521512850528,42,19,0.8888888888888888,179,36,345,74,2.5425246357917786,6.751373077529248,0.17745051
65.69999998532147,0.8731325725490745,1.173776099458537,55,21,0.8888888888888888,184,38,352,69,2.5771957635879517,6.07886843104823,0.18928653
65.74999998514976,0.6396771093843039,1.0611371778552257,42,18,0.8333333333333334,171,35,342,73,2.594287395477295,6.030896766159479,0.17559297
65.79999998497804,0.7753206014682378,1.4109563417665396,43,17,0.7777777777777778,174,34,343,71,2.636866867542267,6.121472191804411,0.26118052
65.84999998480633,0.7685220265369879,1.1575511476693965,51,17,0.7777777777777778,183,41,346,69,2.688826322555542,5.516415390186706,0.16028143
65.89999998463462,0.7261014874232596,1.0030640786158136,56,19,0.8333333333333334,179,40,349,71,2.4775126576423645,5.743554219254694,0.19592367
65.9499999844629,0.6789588105898052,1.0962973158501141,48,21,0.8888888888888888,188,39,354,71,2.656693756580353,5.719090794359287,0.18365374
65.9999999842912,0.44032480398760776,0.9865860155671582,48,18,0.8888888888888888,170,33,336,70,2.5330176949501038,5.96484247998136,0.15933484
66.04999998411948,0.40065083073518,1.155407121164098,44,20,0.8888888888888888,183,38,353,72,2.4367906153202057,6.122561989506439,0.2535511
66.09999998394777,0.5774957836415627,1.34877720004815,48,19,0.8333333333333334,178,35,344,70,2.674477696418762,5.811543414108966,0.27060518
66.14999998377606,0.5987732630604978,1.4895545019426395,51,19,0.8888888888888888,178,36,345,72,2.7245619893074036,6.13294578340696,0.24610782
66.19999998360434,0.25525061539201666,1.1614960585548997,54,20,0.8888888888888888,179,37,348,74,2.732507884502411,5.798882998563446,0.20173018
66.24999998343263,0.4160121719340692,1.2225947131121164,50,18,0.7777777777777778,184,40,352,69,2.4723172187805176,5.901951956466416,0.17164138
66.29999998326092,0.6284076130392403,1.20257183488143,51,19,0.8333333333333334,183,39,358,73,2.5700974464416504,5.710939726201092,0.1388057
66.3499999830892,0.5824451537478452,1.2917641116564842,56,21,0.8888888888888888,184,40,360,73,2.563900947570801,5.5184491528408675,0.17672524
66.39999998291749,0.541138431451401,1.1702255981159237,64,22,0.9444444444444444,177,37,358,73,2.6851189136505127,5.5325462819090365,0.1678324
66.44999998274578,0.34105455095871123,1.048460897312504,55,22,0.9444444444444444,185,37,360,74,2.6629558205604553,5.509149666789845,0.11155309
66.49999998257407,0.534442078390147,1.047457883182238,54,19,0.8888888888888888,185,39,355,73,2.5951173901557922,5.913078044835656,0.10388879
66.54999998240235,0.4378761974014362,1.0517277402939895,49,19,0.8888888888888888,180,36,351,74,2.547507584095001,5.61767617410557,0.16597451
66.59999998223064,0.6198000372326955,0.9161302180781951,57,20,0.8333333333333334,186,38,354,72,2.546462118625641,5.633109300499575,0.1521622
66.64999998205893,0.3591826592939715,1.2045962750537262,49,21,0.9444444444444444,184,40,348,73,2.510629892349243,5.782428214772164,0.12636276
66.69999998188722,0.5238387481686055,1.3523272559868138,54,19,0.8333333333333334,183,38,355,76,2.535707652568817,5.520125391674311,0.15418196
66.7499999817155,0.48791881646855295,1.3768669291353115,53,21,0.8888888888888888,180,38,339,71,2.5978291034698486,5.457187955282139,0.22348253
66.79999998154379,0.4741904223159289,1.3563493848810309,47,18,0.8888888888888888,173,35,336,70,2.6315858960151672,6.13877305977744,0.1831831
66.84999998137208,0.5786437581043415,1.1055031717136063,52,21,0.9444444444444444,170,34,340,73,2.6326584815979004,5.567397627651305,0.107660785
66.89999998120037,0.32487379753254253,1.1092270351488134,58,20,0.8888888888888888,179,35,340,73,2.590051591396332,5.496833360235653,0.18464638
66.94999998102865,0.5478521768736379,1.0252063597847274,56,19,0.8333333333333334,177,37,356,74,2.53092497587204,5.75070031470208,0.118177086
66.99999998085694,0.5546347555771878,1.0654175484109767,54,23,0.9444444444444444,177,37,345,71,2.653622627258301,5.845094626274614,0.15940504
67.04999998068523,0.5535209861815006,1.1077120224748787,53,22,0.8888888888888888,176,37,363,74,2.5280502438545227,5.772025279354551,0.1403506
67.09999998051352,0.451932541103941,1.20317168883244,54,19,0.8333333333333334,183,38,345,73,2.762371003627777,5.8240888445376005,0.2630325
67.1499999803418,0.2321343467472772,1.1065769828163128,52,20,0.8888888888888888,189,39,354,74,2.6515883207321167,5.4664130063274285,0.17808698
67.19999998017009,0.5064734059564517,1.1042604788874542,53,19,0.8333333333333334,177,37,354,72,2.7206143736839294,5.848384572185763,0.20801091
67.24999997999838,0.5312827170946289,1.0558832398347056,46,19,0.8333333333333334,183,38,364,77,2.5496798753738403,5.507450583555933,0.17731908
67.29999997982667,0.4539598645466842,1.0043093781829093,52,22,0.9444444444444444,177,38,344,76,2.514614164829254,5.695092885517816,0.20181276
67.34999997965495,0.5683486859644533,1.2741425261401034,51,20,0.8333333333333334,188,40,353,72,2.6201969385147095,5.655716586769195,0.19470087
67.39999997948324,0.5822714447666922,1.2135386314946102,56,22,0.9444444444444444,185,38,359,74,2.697049379348755,5.146695838566391,0.17356446
67.44999997931153,0.7937704816557969,1.434329753618582,51,21,0.9444444444444444,182,40,352,72,2.450009137392044,5.009682616396933,0.18064064
67.49999997913982,0.5006473765133597,1.1689397534713466,55,19,0.8888888888888888,179,38,344,74,2.604012191295624,4.981428228420404,0.19864707
67.5499999789681,0.7246857792820711,1.1408959191025427,52,21,0.8888888888888888,192,40,363,74,2.517237663269043,5.02808845046812,0.15401569
67.59999997879639,0.7642188406941774,1.2751225053076403,51,20,0.8333333333333334,175,36,354,73,2.6587003469467163,5.221298715936404,0.20730099
67.64999997862468,0.5461400814526478,1.142232862515743,56,18,0.8888888888888888,182,38,343,74,2.6650062203407288,5.620336423923966,0.14593591
67.69999997845296,0.6900427010418262,1.113684430997231,48,19,0.8333333333333334,185,39,341,70,2.480509877204895,5.795543384292543,0.1778629
67.74999997828125,0.5980293504590986,1.0518353342045637,51,20,0.8888888888888888,181,37,350,72,2.4879541993141174,5.767238241827162,0.16056927
67.79999997810954,0.4806133408183906,0.9780988154421688,61,20,0.8888888888888888,193,42,363,73,2.484826445579529,5.560878191468781,0.13650872
67.84999997793783,0.45110924652067763,1.0713843997830133,61,23,0.9444444444444444,192,37,355,74,2.585958242416382,5.528830282321051,0.17732124
67.89999997776611,0.5142418971925182,1.2185193955535816,45,19,0.8888888888888888,176,36,337,71,2.648390531539917,5.8514863556298025,0.22837166
67.9499999775944,0.4398737258551697,1.2514717133057263,46,18,0.8333333333333334,178,38,347,72,2.531636655330658,5.798954820107731,0.24619323
67.99999997742269,0.2941284458646468,0.9870049455151195,52,19,0.8888888888888888,179,36,343,72,2.528633773326874,5.253892028644707,0.1961991
68.04999997725098,0.5216937452418403,1.1363925766451979,60,21,0.9444444444444444,185,39,352,75,2.53276526927948,5.5289876165448515,0.17476512
68.09999997707926,0.6771592832452813,1.2177889398706065,57,22,0.9444444444444444,188,40,356,73,2.5545060634613037,5.352561809399603,0.21231648
68.14999997690755,0.5236128261348119,1.00012526581091,51,21,0.8333333333333334,179,36,352,73,2.578820586204529,5.966428738985323,0.17577939
68.19999997673584,0.3948303040488443,0.9523545023809383,51,21,0.8333333333333334,178,38,360,76,2.4993298947811127,5.847174949091594,0.20056997
68.24999997656413,0.46714232318796073,1.228046855567533,53,18,0.8888888888888888,179,38,351,73,2.536827325820923,5.870833639024378,0.23613812
68.29999997639241,0.6121422728124306,1.103656148412799,47,21,0.8888888888888888,183,37,349,71,2.6772114634513855,6.065018278714582,0.19012256
68.3499999762207,0.6417457221402595,1.2061979097487767,50,21,0.8333333333333334,184,39,357,75,2.614087760448456,5.806457212071576,0.12945357
68.39999997604899,0.4971593196910382,1.0496594501935301,51,21,0.9444444444444444,180,38,343,70,2.5911957025527954,6.12470324114625,0.17306451
68.44999997587728,0.27631625957832295,1.285301846873771,50,21,0.8888888888888888,187,38,352,72,2.4508757889270782,5.819669218191494,0.17172767
68.49999997570556,0.643429392210259,0.9954871017955587,46,18,0.7777777777777778,183,34,340,69,2.5879913568496704,5.555056375424048,0.1800454
68.54999997553385,0.6169685983925334,0.9109429915182797,54,20,0.8888888888888888,182,36,349,75,2.6567846536636353,5.535284064031272,0.20506589
68.59999997536214,0.5030563687357013,1.1648714011083054,44,18,0.8333333333333334,177,35,349,74,2.5084245204925537,6.051935871141936,0.24371114
68.64999997519043,0.7275811086836803,1.4115422263739588,48,19,0.8888888888888888,185,39,355,73,2.58696973323822,5.904185321165407,0.19740592
68.69999997501871,0.6811518915081185,1.3616339197900926,49,22,0.8888888888888888,190,39,358,75,2.6493722200393677,5.843452651462284,0.13417621
68.749999974847,0.47078991438406437,1.414653846117956,53,20,0.8888888888888888,181,40,355,75,2.605907618999481,5.798106413063255,0.18187182
68.79999997467529,0.5165251795701873,1.3402815300706918,54,20,0.8888888888888888,180,38,345,72,2.6462993025779724,5.5508362400034095,0.23760591
68.84999997450358,0.5753901432037076,1.3324721904496464,45,18,0.7777777777777778,167,35,343,73,2.559345066547394,5.419553384467415,0.2521275
68.89999997433186,0.26270568913009756,1.0681552071740814,51,19,0.8333333333333334,182,39,347,71,2.494424283504486,5.3075785753242055,0.18659776
68.94999997416015,0.5991534076040601,1.11415849820377,53,20,0.8333333333333334,189,37,334,70,2.5647997856140137,5.060192127585532,0.2060192
68.99999997398844,0.3834192866263394,1.2815025263176405,56,20,0.8333333333333334,185,37,361,73,2.60861337184906,5.588002368436227,0.1614851
69.04999997381672,0.46373180371787237,1.2547487829239237,52,20,0.8888888888888888,185,36,353,74,2.5753819942474365,5.564206181293558,0.15291646
69.09999997364501,0.32026561812267074,1.2121480562900941,55,21,0.8888888888888888,183,37,360,74,2.488729804754257,5.315101015189354,0.20813721
69.1499999734733,0.24352249836568796,1.0748081950300556,51,21,0.8888888888888888,182,38,348,73,2.5394228100776672,5.2618569438589535,0.14179777
69.19999997330159,0.4585056138437277,1.1152035352548002,46,19,0.8888888888888888,179,37,346,73,2.581828236579895,5.400291079045303,0.13417141
69.24999997312987,0.24232613736906855,0.9954003318506761,51,20,0.8888888888888888,181,36,343,74,2.5981584191322327,5.560660233992598,0.18822291
69.29999997295816,0.7472055880495316,1.4419002565816565,47,17,0.7222222222222222,174,37,337,71,2.427336722612381,5.866168249799939,0.3101746
69.34999997278645,0.4064959302220702,1.0203925949314745,50,20,0.9444444444444444,180,36,357,74,2.5468191504478455,4.9867074599041405,0.16742405
69.39999997261474,0.6034581477125527,1.2370694094654706,49,20,0.8888888888888888,179,38,340,71,2.666710913181305,5.526982712508497,0.24721104
69.44999997244302,0.5750715837885466,1.2394922570168585,56,20,0.7777777777777778,179,40,342,73,2.6033923029899597,5.323024723110938,0.1541418
69.49999997227131,0.4871761493979222,1.2532660198694732,55,18,0.7777777777777778,180,39,356,75,2.6781508326530457,5.815222406883347,0.16709013
69.5499999720996,0.4475448097877128,0.88878028496685,63,22,0.8888888888888888,179,35,347,74,2.678688168525696,5.140942000716038,0.15193076
69.59999997192789,0.3839978820277258,1.1292264720462306,48,18,0.8333333333333334,176,38,360,75,2.5317803025245667,5.5850711320710555,0.18970825
69.64999997175617,0.517737407458891,1.2755180110285014,52,20,0.8333333333333334,183,39,353,73,2.512155771255493,5.741499030629518,0.21668433
69.69999997158446,0.4703045727208418,1.291838750230478,52,19,0.8888888888888888,175,40,345,75,2.53731906414032,5.837765805506763,0.27083102
69.74999997141275,0.6093525498233663,1.0869476675392111,53,18,0.7777777777777778,178,35,362,75,2.435220330953598,5.285093766174702,0.22955361
69.79999997124104,0.4722950640302647,1.1759981017670107,50,19,0.8333333333333334,171,37,340,74,2.5234606862068176,5.247091323690469,0.18746725
69.84999997106932,0.5219586245033291,1.2419837478927602,53,21,0.9444444444444444,179,36,339,71,2.5788217782974243,5.435899608623576,0.21594103
69.89999997089761,0.8024751250154012,1.5588640149247013,50,22,0.8888888888888888,189,37,350,72,2.610597312450409,5.4909507205076125,0.21039179
69.9499999707259,0.597626568068452,1.1435509561122972,47,20,0.8888888888888888,180,37,348,73,2.5411006808280945,6.172080125995754,0.15667233
69.99999997055419,0.3013063626829575,1.2463594392038966,56,18,0.7777777777777778,182,40,345,72,2.572760581970215,6.427352298928746,0.19808908
70.04999997038247,0.733435023080477,1.377445787956595,47,17,0.7777777777777778,175,39,347,75,2.6064029335975647,6.339890262540839,0.25519362
70.09999997021076,0.47573521525227436,1.1352980286951224,48,21,0.9444444444444444,175,35,347,75,2.6193106174468994,6.1927531592828,0.24588469
70.14999997003905,0.43987119474170844,1.1121463587421065,56,21,0.8888888888888888,185,35,353,75,2.635470926761627,6.284469872639891,0.19401824
70.19999996986733,0.27498916971228216,1.1402041882340976,61,21,0.8333333333333334,190,40,358,72,2.5657981634140015,6.614330097604304,0.19339664
70.24999996969562,0.245293649517483,1.0339010234948605,53,20,0.8888888888888888,187,37,342,74,2.4573495984077454,6.083361479511593,0.17678767
70.29999996952391,0.48650810429122493,1.2394121641279612,50,20,0.8888888888888888,183,37,348,75,2.5730961561203003,6.2401663733985835,0.17448235
70.3499999693522,0.4468034121975897,1.0784382205635736,55,21,0.8888888888888888,185,36,351,76,2.688285708427429,6.648592440432477,0.13417494
70.39999996918048,0.47572158846927637,1.344522052983654,47,18,0.7777777777777778,185,40,343,73,2.639082372188568,6.9867018657961655,0.20296662
70.44999996900877,0.40403822219521596,1.1209146100525866,56,22,0.8888888888888888,184,37,352,74,2.5889888405799866,6.490861638473904,0.17316629
70.49999996883706,0.42900009790247173,1.3751414893115315,54,23,0.9444444444444444,184,37,344,75,2.710769772529602,7.020203574766173,0.15461238
70.54999996866535,0.48363355648107503,1.2858654871548334,52,22,0.8888888888888888,179,38,351,75,2.5590363144874573,6.399754807403912,0.12283643
70.59999996849363,0.3324775282020686,0.8989442710424771,55,21,0.8888888888888888,182,38,353,76,2.5151023268699646,6.067620817503645,0.0961603
70.64999996832192,0.4482598030119562,1.3071709010369474,53,21,0.9444444444444444,184,39,358,77,2.7385076880455017,6.244426801491425,0.20584935
70.69999996815021,0.5392282929467261,1.4783046106960227,48,20,0.8888888888888888,181,38,345,72,2.5670409202575684,6.414763384891318,0.21096787
70.7499999679785,0.39776221755154656,1.0704658203203377,50,19,0.8333333333333334,178,37,350,73,2.5165417790412903,5.838072361171358,0.16924255
70.79999996780678,0.25788692265586577,0.9255856351197743,49,20,0.9444444444444444,177,36,340,72,2.678132951259613,5.464496134882655,0.15784958
70.84999996763507,0.6542331768237454,1.2419166315392096,53,20,0.8333333333333334,174,37,348,76,2.626413404941559,5.677819426046424,0.065160215
70.89999996746336,0.5123130734711473,1.0624922994071309,48,18,0.7777777777777778,172,35,354,76,2.5509250164031982,5.545808567134838,0.16630653
70.94999996729165,0.5321690907108177,1.2072713501605674,48,21,0.9444444444444444,179,38,344,72,2.577372193336487,5.735909385564364,0.14579785
70.99999996711993,0.6820756450272161,1.3253200157367393,51,19,0.8333333333333334,182,38,351,76,2.6241162419319153,5.827517037773715,0.14502762
71.04999996694822,0.4717773265922793,1.0424124754235506,51,18,0.8888888888888888,179,37,339,72,2.5535905361175537,6.1085145544229835,0.1816902
71.09999996677651,0.8000687474157869,1.3272952786831564,55,19,0.8333333333333334,178,37,344,73,2.6524803042411804,6.108411465373882,0.17733583
71.1499999666048,0.2078492800997671,1.10531768689943,61,22,0.9444444444444444,190,41,352,73,2.613883912563324,6.1871614778891715,0.17922206
71.19999996643308,0.5681961622396862,1.0933988995181896,51,21,0.8888888888888888,179,36,355,73,2.577073872089386,6.107163039585908,0.1316046
71.24999996626137,0.1565167440680491,1.0820699625568324,54,21,0.9444444444444444,187,38,355,75,2.71891713142395,6.640036124699407,0.14323887
71.29999996608966,0.1815451319700127,1.189277841825175,56,21,0.8888888888888888,182,37,346,73,2.5671136379241943,6.962234676373837,0.1422036
71.34999996591795,0.37860189959435386,1.2364179596145481,61,23,0.9444444444444444,188,39,348,72,2.745540738105774,6.407995512089313,0.12545417
71.39999996574623,0.4610282152375649,1.0913031572815506,50,20,0.8888888888888888,188,37,361,75,2.6618731021881104,6.662830742134247,0.109152466
71.44999996557452,0.3533916833011686,1.218951279438893,48,19,0.7777777777777778,180,37,352,75,2.6533716917037964,7.079057661817378,0.13661027
71.49999996540281,0.6884987520236319,1.2429606358716239,57,21,0.9444444444444444,177,39,361,77,2.5165528059005737,6.635298794571742,0.16454954
71.5499999652311,0.5239839966002143,1.3238151625271388,56,22,0.9444444444444444,191,38,349,73,2.6113778352737427,6.727344781737319,0.106929064
71.59999996505938,0.5006208970081705,1.2635558505247735,59,23,0.9444444444444444,192,39,360,73,2.4966703355312347,6.675462310055851,0.080135435
71.64999996488767,0.22952391375919384,1.0113987908546938,57,22,0.9444444444444444,183,37,357,75,2.5732421875,6.110360515771243,0.14538589
71.69999996471596,0.7161453545007255,1.3151131320360008,51,22,0.9444444444444444,185,38,351,74,2.739253044128418,6.276499514010085,0.19446199
71.74999996454424,0.6328297888870869,1.2156882248322138,50,19,0.7777777777777778,177,36,353,72,2.645236551761627,6.320995549442339,0.20853509
71.79999996437253,0.4134209733331303,1.1108102321352762,51,21,0.9444444444444444,194,40,356,73,2.5944170355796814,6.233448002751443,0.21186152
71.84999996420082,0.6610038248662984,1.1621954987982948,50,19,0.7777777777777778,181,39,356,78,2.4809037148952484,6.280068330695334,0.20467724
71.8999999640291,0.760966105643776,1.3089030369073862,51,22,0.9444444444444444,181,36,348,73,2.527797520160675,6.860280184268293,0.12605295
71.9499999638574,0.6249392704687547,1.381853021110297,59,22,0.9444444444444444,192,40,350,74,2.5570791959762573,6.604743175833754,0.14778301
71.99999996368568,0.4360055044107235,1.090847921761525,52,20,0.9444444444444444,178,38,355,76,2.5747880339622498,6.372948621772281,0.18982959
72.04999996351397,0.4897997704673108,1.1319129265547192,55,19,0.8888888888888888,187,40,365,76,2.5731250643730164,6.563594920306839,0.20996551
72.09999996334226,0.6143837668571592,1.1477261192472965,56,21,0.8888888888888888,181,40,360,75,2.52119243144989,6.570018167195064,0.17061001
72.14999996317054,0.5434059475981413,1.347038974720463,51,21,0.8888888888888888,181,38,359,75,2.6302146911621094,6.76337591002202,0.1385801
72.19999996299883,0.6454977240132821,1.215711793436335,53,20,0.8888888888888888,181,38,358,78,2.5735291838645935,6.11211535151047,0.09320807
72.24999996282712,0.7249324610995499,1.398626284414083,57,23,0.9444444444444444,185,38,367,76,2.5099635124206543,6.586570107877243,0.17804463
72.2999999626554,0.6689694223105898,1.315728859406935,49,21,0.8888888888888888,175,39,348,72,2.588857412338257,6.523341345392524,0.19648066
72.3499999624837,0.4719288747909623,1.2152806048371159,56,21,0.9444444444444444,185,38,348,74,2.543608248233795,6.398211039661241,0.073959894
72.39999996231198,0.575828312198614,1.3478584926448864,56,20,0.8888888888888888,187,39,352,74,2.6104602217674255,6.654225051190963,0.15498626
72.44999996214027,0.6806202748146095,1.5043864848375228,48,20,0.8333333333333334,178,39,350,74,2.592383325099945,7.218849108211272,0.28140733
72.49999996196856,0.45669535585741744,1.2260088788650347,50,21,0.9444444444444444,186,40,364,78,2.4459050595760345,6.884450424834911,0.12063014
72.54999996179684,0.44865172958589133,1.283431664340129,56,23,0.9444444444444444,186,39,358,75,2.6419034600257874,7.01745211680727,0.115405805
72.59999996162513,0.3279967389989482,1.1445722265948512,56,21,0.9444444444444444,184,40,353,73,2.5352096557617188,7.183248609881794,0.17610198
72.64999996145342,0.5222776212826228,1.2069920992174439,48,21,0.9444444444444444,177,36,352,74,2.5083357095718384,7.377646669344449,0.100607246
72.6999999612817,0.3445520566096976,1.1970969999657164,56,22,0.8888888888888888,189,40,360,77,2.6117679476737976,7.0084276554366465,0.0652712
72.74999996110999,0.566212975793502,1.0877218475559849,55,23,0.9444444444444444,188,39,354,76,2.604221999645233,7.071147342418751,0.075905345
72.79999996093828,1.047727138527375,1.3281822167450175,53,23,0.9444444444444444,181,37,348,74,2.5862494111061096,7.154373342593514,0.102090515
72.84999996076657,0.5996524861086266,1.4736368155194726,51,22,0.9444444444444444,186,39,356,78,2.596539258956909,7.426033380006363,0.12503889
72.89999996059485,0.5739158472140957,1.3641402081500082,52,23,0.9444444444444444,189,39,352,74,2.759961485862732,7.128797816345456,0.113410816
72.94999996042314,0.815454980364312,1.292092368347542,54,21,0.8333333333333334,184,39,354,77,2.5227519869804382,6.833752618297204,0.1321256
72.99999996025143,0.41642490145412747,1.1979821891964306,52,20,0.8888888888888888,176,38,348,73,2.5855788588523865,6.831696525753053,0.13816081
73.04999996007972,0.4943494110320993,1.2774448646730736,47,20,0.8333333333333334,185,39,355,77,2.493126690387726,7.0924288419090775,0.14588346
73.099999959908,0.4657901274909237,1.165744210046724,54,21,0.8888888888888888,178,38,353,74,2.585528790950775,6.9025172282216385,0.1591587
73.14999995973629,0.5524150961736298,1.393674763041165,52,18,0.7777777777777778,178,37,343,72,2.570633888244629,6.689811978104805,0.24698447
73.19999995956458,0.6149585865469064,1.0914502917815954,51,22,0.8888888888888888,179,37,343,76,2.6073938608169556,6.455610667798846,0.1540011
73.24999995939287,0.5983698734688276,1.45956553756995,55,21,0.8888888888888888,182,39,355,74,2.4949587881565094,6.946183798697296,0.16942808
73.29999995922115,0.44061899064964816,1.2078463017420988,52,20,0.9444444444444444,182,39,358,74,2.5753936171531677,6.632121879607444,0.09903227
73.34999995904944,0.5483403384953615,1.229451892420337,54,18,0.8333333333333334,181,38,356,75,2.56623774766922,6.3950950069823165,0.08367441
73.39999995887773,0.33988679605723415,1.1484261224263734,62,20,0.8888888888888888,188,40,358,74,2.5143563747406006,6.304694618218543,0.038184255
73.44999995870602,0.37454970505857693,1.237994120812273,57,19,0.8333333333333334,184,39,354,77,2.6180586218833923,6.5480246927689745,0.06417383
73.4999999585343,0.7078421481728794,1.5037608948389587,60,19,0.8333333333333334,183,39,349,72,2.471168041229248,7.2584005284831665,0.17061916
73.54999995836259,0.65892020282711,1.4611041789300088,55,20,0.8333333333333334,177,38,347,73,2.5897517800331116,6.712093917222459,0.1477369
73.59999995819088,0.6906906067592824,1.4434043618158052,55,20,0.7777777777777778,186,37,363,76,2.6772618293762207,6.357267498915284,0.07991621
73.64999995801917,0.2971533310767834,1.0587599975392146,58,20,0.8888888888888888,186,37,360,74,2.4556350708007812,6.217865294671165,0.05907938
73.69999995784745,0.5980476926378417,1.0725962355316743,53,21,0.9444444444444444,178,37,347,78,2.6126208901405334,6.12930512178357,0.053523533
73.74999995767574,0.7605447531772278,1.2369470917867629,53,20,0.8333333333333334,182,38,348,76,2.611064612865448,6.085804362096638,0.105919994
73.79999995750403,0.8038762021563941,1.3846946247117637,50,21,0.8888888888888888,182,39,346,74,2.5196516513824463,6.1179098334158954,0.17545193
73.84999995733232,0.6778776131381294,1.5442982540507477,56,21,0.8888888888888888,177,35,354,73,2.5646156072616577,6.352183440453167,0.19315003
73.8999999571606,0.5342882895907884,1.3165750767607987,55,19,0.9444444444444444,180,37,350,73,2.5038453936576843,6.505109993271265,0.1389552
73.94999995698889,0.6411650571881206,1.5422928491009413,55,21,0.9444444444444444,175,38,341,73,2.6340964436531067,6.190544602455548,0.20489064
73.99999995681718,0.6421334183744671,1.3515430052737498,53,21,0.8888888888888888,183,35,352,74,2.603369653224945,5.925563998803165,0.14579116
74.04999995664546,0.5548634278455926,1.429621026114688,61,23,0.9444444444444444,187,39,360,78,2.69330233335495,5.769556044066686,0.10340577
74.09999995647375,0.649263878778852,1.5296358052997636,51,23,0.9444444444444444,180,39,352,76,2.63547420501709,5.650531387425151,0.1252731
74.14999995630204,0.6028401350606336,1.4092377116855643,52,21,0.8888888888888888,188,37,358,75,2.5282639265060425,6.329025549809755,0.064617604
74.19999995613033,0.5694796270570833,1.3972300201987031,54,21,0.8888888888888888,178,34,362,78,2.570730745792389,6.220748185976959,0.10585967
74.24999995595861,0.619152727312098,1.4000914327166045,51,21,0.9444444444444444,176,36,352,76,2.5346648693084717,6.443664316779678,0.10995899
74.2999999557869,0.5901782911616735,1.4161488071269648,54,22,0.8888888888888888,188,39,362,77,2.547701895236969,6.181997779823449,0.11734139
74.34999995561519,0.44420023510039214,1.3452427941334548,58,22,0.9444444444444444,185,38,351,74,2.595748007297516,6.245875649452621,0.13586466
74.39999995544348,0.7026774289998107,1.3116508410384204,61,21,0.9444444444444444,183,37,350,74,2.6021140813827515,6.310095256994899,0.05015767
74.44999995527176,0.4870498261416084,1.2380705371691083,61,22,0.9444444444444444,189,38,348,75,2.5692081451416016,6.238179191487294,0.1434752
74.49999995510005,0.6977178776282973,1.5291697995446596,62,20,0.8333333333333334,181,40,356,72,2.457672357559204,6.6748909811457935,0.24572127
74.54999995492834,0.3373611745156952,1.1288963365875266,61,20,0.8888888888888888,180,38,355,74,2.5095388293266296,6.494613583170494,0.059012566
74.59999995475663,0.7909131739982965,1.5242752773925723,51,20,0.7777777777777778,183,38,354,75,2.528209686279297,6.898217644770037,0.13638741
74.64999995458491,0.6418203428343155,1.4805277921098532,57,23,0.9444444444444444,185,37,348,74,2.663314640522003,6.78271040857422,0.1145681
74.6999999544132,0.33546915370356867,1.090202390310404,63,20,0.8888888888888888,187,36,347,74,2.640833556652069,6.5141229999378325,0.10347233
74.74999995424149,0.6620503194756904,1.4396239418449235,55,20,0.8333333333333334,181,37,330,72,2.442704886198044,6.637981290637365,0.23368306
74.79999995406978,0.5687676812158994,1.202280517442806,48,21,0.9444444444444444,179,36,341,71,2.5388509035110474,6.244960776006314,0.14068453
74.84999995389806,0.9168611680901888,1.5826251247064822,50,20,0.8333333333333334,178,37,345,73,2.5257152318954468,6.472480285843494,0.16846874
74.89999995372635,0.38781562755452426,1.2081176117713928,53,22,0.9444444444444444,180,38,349,71,2.539234459400177,6.838919787938238,0.14160325
74.94999995355464,0.6303684806921749,1.3452131388113264,50,18,0.7777777777777778,170,35,351,74,2.492446154356003,6.890717000916569,0.18521544
74.99999995338293,0.7005569971432973,1.14494333484654,52,20,0.8888888888888888,173,36,342,72,2.542029023170471,6.685932527967848,0.16265324
75.04999995321121,0.6386607169526166,1.0619851964922165,55,21,0.9444444444444444,174,36,353,73,2.6796236634254456,5.902040712411951,0.15706742
75.0999999530395,0.4226992832805895,1.0696129551639835,48,19,0.8333333333333334,176,38,334,72,2.49395489692688,5.616332605811234,0.20740943
75.14999995286779,0.5030818216986757,1.1679113258807634,47,20,0.8333333333333334,174,37,337,72,2.5659963488578796,5.847444809400457,0.18256862
75.19999995269607,0.7894797556003916,1.3224400915099443,50,19,0.8333333333333334,172,37,338,73,2.703312337398529,6.728852442455615,0.19721404
75.24999995252436,0.8407436056389987,1.4084274665333738,50,21,0.8888888888888888,183,41,349,74,2.756827175617218,6.0241880600418884,0.2089677
75.29999995235265,0.6904686114383362,1.0277625703464934,49,21,0.8888888888888888,188,39,353,75,2.5501254200935364,5.2159911967287265,0.11830514
75.34999995218094,0.8128528565912296,1.3520196729968068,55,22,0.9444444444444444,185,39,351,76,2.522604465484619,5.71289433771371,0.21146676
75.39999995200922,0.7624201735835499,1.392985390575001,50,18,0.7222222222222222,180,38,345,75,2.5808361172676086,5.901629449379895,0.2062897
75.44999995183751,0.4540695987751726,1.2523419615037796,53,22,0.8888888888888888,188,40,350,73,2.59042888879776,5.455818561582273,0.29420862
75.4999999516658,0.3849081856801376,1.1328812504980414,48,19,0.8888888888888888,182,37,355,74,2.626051902770996,5.308859273646034,0.09666084
75.54999995149409,0.6379833366260778,1.3005830737857402,50,20,0.8333333333333334,184,39,351,74,2.611030638217926,5.914851911577514,0.16372128
75.59999995132237,0.6607297351817082,1.2681975093066433,57,20,0.8333333333333334,177,38,349,73,2.4535420536994934,5.75188999330531,0.18111905
75.64999995115066,0.7492796630906235,1.502506478023363,52,19,0.8333333333333334,183,38,353,74,2.573288083076477,6.181147442696178,0.14620543
75.69999995097895,0.7541024439983902,1.1648988222172167,53,20,0.8333333333333334,181,38,350,74,2.6081863045692444,5.503568194311175,0.09234888
75.74999995080724,0.6137897519897172,1.330690337859071,51,20,0.8888888888888888,177,37,365,76,2.5140199065208435,5.625617835892349,0.1796735
75.79999995063552,0.8083162854343129,1.3269531753686505,56,21,0.8333333333333334,185,37,360,77,2.4579794704914093,5.806878600269014,0.19824235
75.84999995046381,0.2952232358482755,1.0576876415672352,51,21,0.8888888888888888,182,38,351,75,2.480258196592331,4.988450558902953,0.13510019
75.8999999502921,0.6131658448721659,0.6283808903118414,53,20,0.8333333333333334,181,40,356,73,2.4193578958511353,4.816248949547948,0.21008536
75.94999995012039,0.5544175032098981,0.9892449993902455,51,20,0.8333333333333334,186,37,351,74,2.619507312774658,5.2874364373411264,0.12592639
75.99999994994867,0.3823026221917569,0.8805900393352686,53,20,0.8333333333333334,183,40,364,77,2.5614845752716064,5.146033601237834,0.07845795
76.04999994977696,0.3071605349338306,1.2465532396475876,50,19,0.8333333333333334,179,37,346,72,2.5182658433914185,5.969185581001977,0.13184138
76.09999994960525,0.2893520671343449,1.1316464052306863,58,18,0.8333333333333334,180,39,354,76,2.4560922384262085,5.865129689800765,0.17511587
76.14999994943354,0.4822038156779477,1.2966515779643268,53,20,0.8333333333333334,189,38,359,77,2.5009694695472717,5.393086484970446,0.11571188
76.19999994926182,0.6727725110663617,1.2139304880046902,50,22,0.9444444444444444,185,37,351,76,2.520204484462738,5.103847545610494,0.14050159
76.24999994909011,0.4443941436434651,1.0568308548349328,54,22,0.9444444444444444,180,37,353,77,2.4290475249290466,4.638091565635811,0.12821144
76.2999999489184,0.4273769510149122,1.0466627232567824,53,19,0.8333333333333334,182,37,347,74,2.6676151156425476,4.982831323940928,0.08907295
76.34999994874669,0.7466263874901985,1.2971160130290826,53,21,0.8888888888888888,182,37,337,73,2.629212439060211,5.251029192097105,0.14656952
76.39999994857497,0.49268987912703405,0.9495333287134324,52,20,0.8888888888888888,183,36,346,73,2.650391459465027,5.119541612558294,0.12809727
76.44999994840326,0.46890881903944226,1.4093397185824563,54,20,0.8888888888888888,180,39,342,74,2.602614462375641,6.210329890689357,0.1005308
76.49999994823155,0.35993753429489117,1.2506798212202295,52,19,0.8888888888888888,178,36,348,75,2.5307711958885193,5.616097646275042,0.16354755
76.54999994805983,0.49541059819113525,1.310803754801734,54,20,0.9444444444444444,183,37,342,75,2.5127172470092773,5.633588271113741,0.18154646
76.59999994788812,0.4877718876116105,1.1186581379765723,49,19,0.8333333333333334,182,40,339,74,2.5266867876052856,5.087700797057524,0.10334238
76.64999994771641,0.43673113474145175,1.0412069147979552,55,22,0.9444444444444444,181,38,349,74,2.5648030638694763,5.791877159654204,0.1389
76.6999999475447,0.5592253286301732,1.1246040082598994,56,21,0.8888888888888888,190,38,355,77,2.587038278579712,5.196959753570551,0.083768256
76.74999994737298,0.5447724191616251,1.3415321707719021,56,21,0.8888888888888888,180,36,344,74,2.611977458000183,5.368882189318871,0.097490735
76.79999994720127,0.6764073107621955,1.3447790561535342,58,23,0.9444444444444444,188,41,356,75,2.534341812133789,4.906699411538984,0.1631355
76.84999994702956,0.42366327621572436,1.2635406527796103,54,21,0.9444444444444444,181,37,355,74,2.47993066906929,4.76353825851187,0.11891832
76.89999994685785,0.7194934101000259,1.4046670453224195,57,21,0.8888888888888888,185,37,350,75,2.512642741203308,4.972562610391691,0.044052877
76.94999994668613,0.5008303301136551,1.2562233924365318,57,21,0.8888888888888888,173,36,343,73,2.482375055551529,5.070499380599145,0.102435514
76.99999994651442,0.731577520741335,1.1972741684918011,54,23,0.8888888888888888,182,36,358,76,2.532726526260376,4.627166977125841,0.023143025
77.04999994634271,0.4127540864195625,1.1638789399145661,57,22,0.9444444444444444,181,37,356,75,2.5061893463134766,5.2769181121286035,0.16043657
77.099999946171,0.26332508496311113,1.1201993411804887,45,19,0.9444444444444444,184,36,346,74,2.5240743160247803,4.7851159346831995,0.21602486
77.14999994599928,0.24746686212113772,1.1154496011536301,50,19,0.8888888888888888,185,38,351,78,2.616698741912842,4.803932685005918,0.24745257
77.19999994582757,0.541150946117648,1.313759616086081,59,23,0.9444444444444444,181,36,346,75,2.5787699222564697,4.9653019230628725,0.14262486
77.24999994565586,0.20928652379201274,0.8241361637852084,50,20,0.8333333333333334,175,35,346,75,2.4113567173480988,4.833814338669207,0.1501862
77.29999994548415,0.463339628762455,1.1972687439718463,52,20,0.8888888888888888,187,39,352,73,2.578659951686859,4.135324899887376,0.1128771
77.34999994531243,0.5578832567021857,1.433559167844785,44,20,0.9444444444444444,186,38,341,74,2.5796622037887573,4.958017316576875,0.20645306
77.39999994514072,0.4936760027477324,0.9659146760443683,53,22,0.9444444444444444,172,37,349,78,2.596219480037689,4.351935284893527,0.12855962
77.44999994496901,0.42573128736125554,1.2517634338218306,55,22,0.9444444444444444,183,39,347,77,2.6490193605422974,4.5220451547463725,0.111460604
77.4999999447973,0.4816930907020629,1.2846141174861132,47,19,0.8888888888888888,180,39,346,75,2.6560205221176147,4.650465594722366,0.15206951
77.54999994462558,0.6527425037447611,1.3935184752161072,52,22,0.9444444444444444,186,39,356,74,2.460329830646515,5.285734970903491,0.15272136
77.59999994445387,0.45379889035308185,1.3976716346769797,48,21,0.9444444444444444,184,37,354,75,2.5166404247283936,4.723439732693322,0.17635544
77.64999994428216,0.6713427216259844,1.0779917536627417,51,22,0.8888888888888888,179,38,344,72,2.452276796102524,4.710095033368038,0.1671312
77.69999994411044,0.4123162482855058,1.1470070748965855,49,19,0.8333333333333334,181,37,346,74,2.6433169841766357,4.534775832026563,0.17922927
77.74999994393873,0.4732780451420845,1.264702960533276,51,20,0.8888888888888888,178,38,345,74,2.5808337330818176,5.433933969677884,0.2691248
77.79999994376702,0.8870426264825916,1.2850267658388559,51,21,0.8888888888888888,183,40,347,74,2.5789502263069153,5.040291614199663,0.16172726
77.84999994359531,0.6783307391485295,1.3952547787778795,50,22,0.9444444444444444,185,38,349,75,2.562057077884674,5.470384826212129,0.2632277
77.8999999434236,0.59585960470583,1.3657593058204816,56,22,0.9444444444444444,180,37,351,73,2.387402206659317,5.541827593042434,0.2335902
77.94999994325188,0.5525095547586576,1.1625844089650907,51,21,0.8888888888888888,174,38,350,76,2.5136467814445496,5.718331416844862,0.22918387
77.99999994308017,0.6562925343191244,1.2342957289302627,60,23,0.9444444444444444,180,37,347,75,2.699396312236786,5.2839207963556944,0.20397194
78.04999994290846,0.3420893247615158,1.377305764077579,56,23,0.9444444444444444,190,38,350,71,2.502768635749817,6.294904824979035,0.15811513
78.09999994273674,0.5630236750583174,1.379477968992482,57,23,0.9444444444444444,186,39,358,76,2.6046371459960938,6.244130284215643,0.19792731
78.14999994256503,0.5194054200706446,1.1889459063038774,45,20,0.8333333333333334,178,36,344,73,2.6201438903808594,5.442041852600363,0.14265642
78.19999994239332,0.4745707364172811,1.046240440143335,61,22,0.9444444444444444,183,40,355,73,2.524142265319824,5.611281946195978,0.113957286
78.2499999422216,0.7089955950179316,1.106888571330193,49,19,0.7777777777777778,185,37,351,70,2.7394843101501465,5.322027438798358,0.1852633
78.2999999420499,0.15894937159121073,1.1255960988116862,55,21,0.9444444444444444,189,39,355,75,2.68074631690979,5.016276584286796,0.07511291
78.34999994187818,0.3465209132235474,1.0076331330041577,48,20,0.8888888888888888,177,36,353,75,2.5639474391937256,5.098148450598616,0.1385971
78.39999994170647,0.46811121479935985,1.3065961924508112,57,20,0.8888888888888888,182,36,357,73,2.650773525238037,5.4105502310179965,0.16345625
78.44999994153476,0.6433164113071937,0.992915789688614,58,22,0.9444444444444444,186,38,353,76,2.6739501953125,5.058718206020938,0.11930967
78.49999994136304,0.5059795090243075,1.3235672029264824,56,22,0.9444444444444444,186,38,350,75,2.5412163138389587,5.5911624665218085,0.2166014
78.54999994119133,0.5253501957875714,1.163372295986917,52,20,0.8333333333333334,182,40,352,73,2.414053976535797,5.671583522239141,0.21367241
78.59999994101962,0.58027341735972,1.4953251398136427,53,23,0.9444444444444444,187,35,349,73,2.6165950298309326,6.054177193094823,0.22289698
78.6499999408479,0.43079965785353924,1.2230477601829768,54,20,0.8888888888888888,175,36,344,75,2.56612092256546,6.049530126889566,0.17436543
78.6999999406762,0.6529314446125588,1.4170133657317974,53,21,0.8333333333333334,181,37,351,75,2.557220757007599,6.3217277670156236,0.1873896
78.74999994050448,0.6929955081742034,1.0976531092740966,54,20,0.8333333333333334,178,39,347,77,2.5193414092063904,6.316588332525965,0.16857666
78.79999994033277,0.7679477311678607,1.3779563022756178,52,21,0.8333333333333334,182,37,349,73,2.5574296712875366,6.5311241183586155,0.20929292
78.84999994016106,0.18203044774186583,1.0184146310922018,53,21,0.8888888888888888,177,36,359,79,2.5536304712295532,5.810149663244193,0.108859725
78.89999993998934,0.44584095578018235,1.3024372321862994,62,23,0.9444444444444444,189,39,346,72,2.5555208325386047,6.751173906636296,0.124860056
78.94999993981763,0.3642999808318917,1.0992946043577274,50,20,0.8888888888888888,182,38,348,77,2.506115734577179,6.78259577516922,0.15094928
78.99999993964592,0.522140575659149,1.1859466099025668,56,21,0.8333333333333334,187,37,353,75,2.6396438479423523,6.6718752598216735,0.20781279
79.0499999394742,0.46834443011398574,1.1223919405729736,49,19,0.8333333333333334,183,38,349,77,2.6185613870620728,6.238582529101375,0.12769842
79.09999993930249,0.42369174382447256,1.2742208714837477,59,21,0.8888888888888888,189,42,360,76,2.543526589870453,5.838930982200594,0.08987531
79.14999993913078,0.4157878844988543,1.3893872602084623,63,23,0.9444444444444444,191,38,354,73,2.575734257698059,6.178031304531144,0.14358094
79.19999993895907,0.536715877771997,1.263762631329889,52,21,0.8888888888888888,182,39,343,76,2.493085414171219,6.163688830682492,0.14964904
79.24999993878735,0.3031729909574728,1.117048745198077,54,21,0.9444444444444444,185,37,357,74,2.6649120450019836,5.663135299013815,0.09568406
79.29999993861564,0.3484199872171919,1.243199327911015,51,20,0.7777777777777778,177,37,340,72,2.5574520230293274,6.154358077270423,0.12713185
79.34999993844393,0.3697547042996912,1.1298241679057472,55,20,0.8888888888888888,182,38,346,72,2.6072242856025696,5.942644435025981,0.14497527
79.39999993827222,0.5768586976902599,1.1926935086972292,54,23,0.9444444444444444,180,37,349,75,2.552993893623352,5.491174741068727,0.1296206
79.4499999381005,0.4444562206748314,1.200211385325706,53,21,0.8888888888888888,190,41,359,76,2.4882546067237854,5.477040410534775,0.114414416
79.49999993792879,0.529486248174684,1.2947856742691155,45,20,0.8888888888888888,182,39,340,76,2.6828983426094055,5.702360418430832,0.258417
79.54999993775708,0.5241266870955288,1.2806804063251551,50,23,0.9444444444444444,186,38,345,75,2.606203258037567,6.240502607060989,0.13608919
79.59999993758537,0.357831782368883,1.1866004261785075,55,23,0.9444444444444444,200,39,356,75,2.449083626270294,5.681322791928656,0.14222094
79.64999993741365,0.4974278987122918,1.2862328666342426,57,21,0.8888888888888888,185,36,348,76,2.575138509273529,5.546777594155792,0.1733425
79.69999993724194,0.2854084417738748,1.0403001890124055,52,20,0.9444444444444444,187,38,346,74,2.5797906517982483,5.48902434932609,0.14072664
79.74999993707023,0.25797337873782933,1.3620771750877427,58,22,0.9444444444444444,191,38,354,71,2.491261214017868,5.796530990814013,0.13839246
79.79999993689852,0.24641119116830013,1.0970660757427024,47,19,0.8333333333333334,185,37,346,74,2.5786253809928894,5.783973828040141,0.17229114
79.8499999367268,0.1578924305706522,1.2947025109100705,52,22,0.9444444444444444,190,37,348,74,2.5323709845542908,6.026651508964775,0.15844245
79.89999993655509,0.6251510154850366,1.218429842697221,57,22,0.9444444444444444,188,37,347,71,2.6644259691238403,6.276162033700317,0.095820226
79.94999993638338,0.35814261572677797,1.2013065108060101,51,20,0.8888888888888888,184,36,345,76,2.6131564378738403,6.271223606575322,0.15078597
79.99999993621167,0.5039438981685194,1.3282015038547446,61,22,0.9444444444444444,185,35,357,73,2.5719410181045532,6.182071477160083,0.1284927
80.04999993603995,0.5008504578127648,1.2573389021127421,52,20,0.8888888888888888,177,36,352,74,2.5746840238571167,5.613390474390689,0.10596166
80.09999993586824,0.3942997718667386,1.0307213909798252,50,21,0.9444444444444444,190,40,367,76,2.5968170166015625,5.710817013057792,0.09358852
80.14999993569653,0.7293968043016164,1.5176232892758588,52,21,0.8888888888888888,185,37,354,74,2.614082098007202,6.135521384249776,0.12818038
80.19999993552481,0.7102569919790814,1.4959805601829166,57,20,0.8333333333333334,178,38,346,75,2.674010396003723,7.0517145599574516,0.113532335
80.2499999353531,0.5675682914842595,1.1215791139355873,53,19,0.8888888888888888,180,36,350,75,2.5051727890968323,6.4879826520632555,0.21290356
80.29999993518139,0.28739154339373507,1.1446553747619284,47,21,0.9444444444444444,180,36,345,73,2.6232463121414185,6.237743920925123,0.14719757
80.34999993500968,0.3053401229242369,1.2178915047801373,54,23,0.9444444444444444,179,36,347,73,2.5407904386520386,6.190698883536934,0.13557117
80.39999993483796,0.6599625251042471,1.223956130224015,57,21,0.8888888888888888,178,38,352,75,2.4591632187366486,6.25524133472827,0.2081611
80.44999993466625,0.6343256012713673,1.2029494727207348,54,20,0.9444444444444444,184,36,356,76,2.5256317853927612,5.872335523989172,0.15501587
80.49999993449454,0.6901265331911232,1.2292296762367698,46,19,0.7777777777777778,177,37,350,76,2.6442408561706543,5.854175408646016,0.24963333
80.54999993432283,0.732856139891767,1.4173809509151343,55,20,0.8333333333333334,180,36,345,71,2.495284378528595,6.084743439065665,0.1430812
80.59999993415111,0.6251026102958911,1.4880856752513885,51,20,0.8333333333333334,179,37,347,74,2.614080011844635,5.870710628590734,0.19225496
80.6499999339794,0.4426032886528078,1.1477183713789478,51,20,0.8888888888888888,183,40,360,76,2.5631889700889587,6.01728352273847,0.15870488
80.69999993380769,0.5811169629160894,1.3256497056682042,46,22,0.9444444444444444,180,36,353,74,2.522457242012024,5.956505377879839,0.093521774
80.74999993363598,0.47201447737794755,1.2381150001466812,48,21,0.9444444444444444,173,37,348,75,2.660326659679413,5.807349374324948,0.16988248
80.79999993346426,0.5199640807464472,1.1595226806364285,56,22,0.8888888888888888,181,39,354,75,2.6207509636878967,5.962553167552791,0.106111325
80.84999993329255,0.47976534606584237,1.3571999595517066,49,22,0.9444444444444444,180,37,356,74,2.5919878482818604,5.804974984987696,0.24004166
80.89999993312084,0.3957498775371454,1.1177357536400823,55,20,0.8888888888888888,184,36,360,76,2.3975729942321777,5.319489829914259,0.16973685
80.94999993294913,0.4901983385423803,1.5686337448190462,47,18,0.7777777777777778,173,37,345,76,2.5311708450317383,5.832489734716724,0.21618356
80.99999993277741,0.705004367408416,0.9917242644221205,51,20,0.8888888888888888,179,37,352,76,2.5178036093711853,5.25829462976608,0.24132697
81.0499999326057,0.21724419710931564,1.3360308793305788,54,22,0.8888888888888888,176,35,360,73,2.6358452439308167,5.591349932163974,0.18399498
81.09999993243399,0.4625794618845186,1.2868914568546352,51,23,0.9444444444444444,191,38,361,77,2.4796107411384583,5.884929585112033,0.13855308
81.14999993226228,0.30397243753780506,1.0010075051816432,54,21,0.8888888888888888,185,36,352,75,2.4982930719852448,5.558132860913352,0.103742756
81.19999993209056,0.5060821962229208,1.0512123462730107,55,21,0.9444444444444444,185,40,357,75,2.6133057475090027,5.906130969283803,0.16248263
81.24999993191885,0.6567318876554598,1.2200317493323078,49,20,0.8888888888888888,183,39,355,74,2.525235116481781,6.111908022667478,0.15730405
81.29999993174714,0.5327680977504827,1.219389584333362,54,21,0.9444444444444444,187,37,348,74,2.6193812489509583,6.312104641146226,0.15994214
81.34999993157543,0.49185305227991827,1.2743613991688587,43,20,0.8333333333333334,174,35,338,73,2.777368128299713,6.49511286636498,0.28491884
81.39999993140371,0.18302813500922274,1.1539120213657457,53,19,0.8888888888888888,180,38,347,74,2.5720077753067017,6.144048714761565,0.19451386
81.449999931232,0.40981905020722664,0.9776552948418171,57,23,0.9444444444444444,181,38,349,76,2.600463032722473,6.677191194215855,0.18141451
81.49999993106029,0.388162712692129,1.0665169879248708,56,20,0.8333333333333334,179,37,357,77,2.615501582622528,6.6069784481613425,0.22831218
81.54999993088857,0.20888141474287325,1.075253734202854,52,20,0.8333333333333334,181,39,348,73,2.63197124004364,6.9262292641427425,0.14841028
81.59999993071686,0.34451414725930596,1.0381472705779957,54,21,0.9444444444444444,180,37,348,74,2.484966516494751,6.463229531291947,0.19097836
81.64999993054515,0.818342030855665,1.3814924314740296,52,21,0.8888888888888888,183,41,356,74,2.6025277376174927,6.745005954610193,0.26545474
81.69999993037344,0.2777665906693489,0.9392970810311636,52,21,0.9444444444444444,186,38,349,75,2.559944987297058,6.6516546445719715,0.10539091
81.74999993020172,0.24847661634576063,1.1014744767687101,56,22,0.9444444444444444,186,35,338,73,2.614593207836151,6.943695453045633,0.22237886
81.79999993003001,0.656264482614069,1.3647760038374512,53,21,0.8888888888888888,182,39,354,76,2.661990523338318,6.649808246926598,0.13576746
81.8499999298583,0.20784624092574114,1.2170187003171846,57,20,0.8888888888888888,184,39,354,76,2.552403509616852,6.7567221988697845,0.1487645
81.89999992968659,0.4294062824131415,1.2556512828098079,52,23,0.8888888888888888,179,37,355,73,2.554900050163269,6.610358422298388,0.14814445
81.94999992951487,0.23612312732956967,1.1599749836297653,55,21,0.9444444444444444,186,37,353,75,2.5843024253845215,6.047870893919747,0.1841973
81.99999992934316,0.6536026399599668,1.2882157350839907,56,22,0.9444444444444444,186,38,359,73,2.5763005018234253,6.605175633711831,0.16882975
82.04999992917145,0.3673838425052895,1.0244234109245876,48,18,0.8333333333333334,180,36,350,75,2.6555144786834717,6.731628734599289,0.14009094
82.09999992899974,0.49799453549641803,1.1149729916180426,57,20,0.8888888888888888,185,38,351,74,2.6156237721443176,6.809355913308508,0.14625037
82.14999992882802,0.2807616428467758,1.0911025100007798,56,21,0.8888888888888888,181,38,353,73,2.6400288939476013,7.116041421386248,0.1440367
82.19999992865631,0.2157593981879102,0.9684882799308028,53,21,0.8888888888888888,177,37,344,76,2.627827823162079,6.694943740394175,0.17106192
82.2499999284846,0.4886551690407653,1.088711462472353,55,22,0.8888888888888888,188,40,353,74,2.4814240634441376,6.612943665141131,0.11421345
82.29999992831289,0.5041482864171575,0.7580323179027509,48,21,0.8333333333333334,187,41,360,75,2.5470635294914246,6.510189056773337,0.13543393
82.34999992814117,0.48543636886535513,1.0123897005176383,60,21,0.8333333333333334,184,39,361,74,2.5555381178855896,7.107273348893539,0.07698462
82.39999992796946,0.5129110367292573,1.389043508049717,54,22,0.9444444444444444,182,38,359,74,2.603987157344818,7.48145675650048,0.14755571
82.44999992779775,0.5488235810401946,1.3079147085794647,54,22,0.9444444444444444,186,41,353,75,2.58447527885437,7.057622917183428,0.14523004
82.49999992762604,0.50689460732233,1.4236154797389156,54,21,0.9444444444444444,182,38,353,73,2.5618624687194824,7.054454191212081,0.16603333
82.54999992745432,0.49883998248579314,1.273769308864221,54,21,0.8333333333333334,186,39,354,73,2.6719409227371216,7.221171664081085,0.15604474
82.5999999272826,0.5535218536036479,1.274925681347796,53,19,0.9444444444444444,179,37,355,77,2.562500834465027,6.333173199979285,0.20655654
82.6499999271109,0.6547651613226746,1.4259975936521068,50,21,0.8888888888888888,185,38,346,70,2.604377269744873,6.968062115644749,0.24778451
82.69999992693919,0.5661345570701142,1.23154593158444,54,21,0.8888888888888888,193,40,351,70,2.6510584354400635,6.476429754261712,0.17027223
82.74999992676749,0.4971898536269565,1.4879906035411727,50,20,0.8888888888888888,186,39,349,72,2.6093101501464844,7.010295619572027,0.2422875
82.79999992659576,0.4597876890250962,1.3605211846676388,57,22,0.8888888888888888,194,38,361,75,2.5508350133895874,6.945892910440792,0.20442517
82.84999992642405,0.3086724017046824,1.2171413506929376,54,20,0.9444444444444444,186,37,354,75,2.628178596496582,7.022363471233675,0.19994514
82.89999992625232,0.4021687096282641,1.3910821782999585,62,20,0.8888888888888888,183,36,348,74,2.5840020179748535,6.899363151324369,0.23988314
82.94999992608062,0.6384047717968888,1.5134960660641616,59,21,0.8333333333333334,186,36,346,72,2.604871094226837,6.993877182985395,0.23369962
82.99999992590892,0.5509184862724236,1.4125955594423143,60,20,0.8888888888888888,186,38,340,69,2.615065574645996,7.005549136656173,0.24454549
83.0499999257372,0.408662297499302,1.3268161317857374,55,20,0.9444444444444444,170,34,337,71,2.58627712726593,6.8628103136541085,0.3036118
83.09999992556548,0.4942705930436661,1.185095038714171,53,18,0.8333333333333334,174,37,339,73,2.5463995337486267,6.612365083182059,0.17779455
83.14999992539376,0.3948869908269001,1.3226112860393615,55,19,0.7777777777777778,178,35,352,72,2.4843519926071167,6.992120201048939,0.20459805
83.19999992522206,0.37108487263180084,1.1823648568836242,55,19,0.8888888888888888,179,35,344,73,2.6116368174552917,6.662947459605828,0.24543594
83.24999992505036,0.4873930041698974,1.1346850507855353,51,19,0.8888888888888888,180,39,344,75,2.464991956949234,6.719997412230638,0.21432574
83.29999992487865,0.3548281448116885,1.2100291984619578,59,20,0.8888888888888888,180,36,346,73,2.635720670223236,7.39188233193552,0.2036606
83.34999992470692,0.24328185508568617,1.1913183346100518,48,21,0.9444444444444444,178,37,350,72,2.5337886810302734,7.5485838735829525,0.27774292
83.3999999245352,0.41444720593089796,1.3218710062616255,50,19,0.8888888888888888,173,38,344,73,2.495262026786804,7.81536395900849,0.3045492
83.44999992436348,0.30245293461004874,1.1908022736167176,55,20,0.9444444444444444,171,37,332,69,2.5376585125923157,8.018289039718152,0.253926
83.49999992419178,0.4345273524197125,1.3302705685725105,57,23,0.9444444444444444,179,35,339,74,2.545049488544464,8.053964157241413,0.31329975
83.54999992402009,0.5942112985324165,1.3322774472392398,56,21,0.9444444444444444,191,39,352,70,2.5364255905151367,7.850714333607414,0.2250402
83.59999992384836,0.33299317026253705,1.3012308031372757,55,21,0.9444444444444444,186,36,356,74,2.5291606783866882,8.072253664188667,0.1766152
83.64999992367665,0.46022387626369143,1.1252686647693542,45,21,0.9444444444444444,184,36,347,72,2.6390081644058228,8.01739353541599,0.15416837
83.69999992350492,0.30168641378278205,1.3176477105070217,58,21,0.9444444444444444,177,38,347,75,2.4664998054504395,8.135539950001727,0.18428594
83.74999992333322,0.3020595053110131,1.0247460627326657,47,18,0.9444444444444444,175,38,341,73,2.5029706954956055,7.766421280679028,0.2647141
83.79999992316152,0.15267720008434818,1.0587459853779932,55,20,0.9444444444444444,176,36,349,74,2.549102008342743,7.911146552498272,0.22061567
83.8499999229898,0.5178313133068638,1.40882713402235,55,21,0.8888888888888888,180,35,355,74,2.6346629858016968,7.340015098469621,0.21684611
83.89999992281808,0.5734684816538287,1.1097724193353595,49,22,0.9444444444444444,190,38,355,77,2.585281729698181,6.814421918442859,0.15706258
83.94999992264636,0.7736003317751228,1.4149157897877405,54,21,0.9444444444444444,183,36,351,73,2.548922598361969,8.015501861949934,0.15292639
83.99999992247466,0.6007984586909921,1.218611850299613,58,22,0.9444444444444444,186,38,352,73,2.578524351119995,7.745328385594492,0.18928015
84.04999992230294,0.6665305685292998,1.2540664190901831,55,21,0.9444444444444444,185,41,349,73,2.6296815276145935,7.091632566951267,0.13777404
84.09999992213125,0.4817983869231523,1.2415405060162992,53,22,0.8888888888888888,182,37,352,74,2.604081630706787,7.473001596161577,0.19667402
84.14999992195952,0.3593041818754064,0.956565715354094,48,20,0.9444444444444444,186,39,349,73,2.561459243297577,7.493164598813795,0.15014268
84.1999999217878,0.6055430854978185,1.2978979590769837,59,22,0.9444444444444444,186,39,349,74,2.532390058040619,8.104036316095051,0.19783334
84.24999992161608,0.5981304252846487,1.3698371479269396,47,20,0.8888888888888888,185,39,357,72,2.622639238834381,7.769860139860079,0.16138282
84.29999992144438,0.9598798036490699,1.644109733628303,50,20,0.8333333333333334,182,35,347,70,2.652212977409363,8.270121131277763,0.21545391
84.34999992127268,0.4581503815128741,1.213792088486715,52,21,0.8888888888888888,183,36,350,71,2.516491413116455,7.72995091820416,0.17293732
84.39999992110096,0.6332587070430526,1.0780538437111173,59,22,0.8888888888888888,191,39,359,73,2.6850584149360657,7.8043558261455015,0.1528344
84.44999992092924,0.9393621878057816,1.220719839132802,51,21,0.8888888888888888,187,37,351,73,2.559424042701721,8.321106958025979,0.15953285
84.49999992075752,0.3883825466038101,1.0218889418352346,54,23,0.9444444444444444,190,39,361,75,2.5164246559143066,8.370733517780593,0.124296136
84.54999992058582,0.32619217155091307,1.1482441203188338,46,19,0.7777777777777778,178,37,350,73,2.5556424260139465,8.6574590823923,0.24975137
84.59999992041412,0.4600435988715618,1.500086779779598,49,17,0.7777777777777778,186,43,346,72,2.558278441429138,8.735219095539675,0.2726888
84.64999992024241,0.3526554923692918,1.2217157033489758,47,20,0.8888888888888888,179,38,352,73,2.5915688276290894,8.447821995110223,0.22394063
84.69999992007068,0.6671309625152064,1.2825396461821803,44,19,0.8888888888888888,174,36,336,71,2.564184069633484,8.485447534491568,0.3113592
84.74999991989897,0.6028491106774426,1.3217822455605412,46,20,0.8888888888888888,177,37,349,73,2.5921496748924255,8.542385245853099,0.32910314
84.79999991972726,0.6815387551481773,1.0656501963324783,51,21,0.8333333333333334,182,35,353,76,2.5539711117744446,7.966486374127024,0.213116
84.84999991955554,0.5823571134641724,1.320306834416991,53,20,0.8888888888888888,173,35,353,74,2.6587727665901184,8.619336466026901,0.21864496
84.89999991938384,0.6665316990261116,1.0827996965352051,47,20,0.8888888888888888,186,39,348,71,2.598649263381958,8.079701230766902,0.20669872
84.94999991921212,0.7022267764418892,1.4038819060517898,52,18,0.7777777777777778,177,37,341,73,2.618187367916107,8.170052379049437,0.1349896
84.9999999190404,0.7649274706211217,1.304813947477059,56,19,0.8333333333333334,180,36,345,76,2.6571404933929443,8.2566334816239,0.17029028
85.04999991886868,0.6211874277744044,1.268890088456114,45,21,0.8333333333333334,177,35,344,73,2.592589259147644,8.062498926776458,0.2608111
85.09999991869698,0.39933584756603024,1.2399257782930466,52,21,0.8888888888888888,184,36,347,74,2.592487335205078,8.069294555079383,0.25002655
85.14999991852527,0.3634057473057104,0.9975970977105684,49,23,0.9444444444444444,181,36,348,74,2.4784953892230988,7.522242883012087,0.18342249
85.19999991835356,0.7372150293017715,1.3793134424806743,57,21,0.8888888888888888,177,39,353,74,2.5398099422454834,8.238050765516176,0.23208186
85.24999991818184,0.8218789979832868,1.251603112795781,57,21,0.9444444444444444,178,36,361,77,2.5589707493782043,7.997363281449097,0.15904096
85.29999991801012,0.6950356465179998,1.58488736675354,48,19,0.7222222222222222,183,35,346,75,2.5555986166000366,7.743690826088709,0.25032765
85.34999991783842,0.7483303550686693,1.4701587478407094,52,19,0.8333333333333334,183,36,346,73,2.5810322165489197,7.778549389973737,0.1859481
85.3999999176667,0.5196003045884762,1.3745385327564938,55,22,0.8888888888888888,188,39,356,74,2.6051294803619385,7.93302445040748,0.09526877
85.449999917495,0.2985060732699636,1.4074700151460673,52,21,0.8888888888888888,178,36,354,73,2.654901146888733,8.570779630174039,0.22275731
85.49999991732328,0.32400334137032855,1.4121953442380484,54,21,0.8888888888888888,185,38,345,73,2.5975704193115234,8.720114129438894,0.24389607
85.54999991715157,0.7139880411926091,1.4312797393399705,47,22,0.8888888888888888,191,38,344,72,2.470787614583969,8.817309084788496,0.15244684
85.59999991697985,0.5470841473235932,1.3868591838938964,54,22,0.9444444444444444,182,37,347,74,2.5624510645866394,8.939507252417132,0.30802217
85.64999991680814,0.7033159679307389,1.096300166881418,54,22,0.8888888888888888,176,38,349,73,2.593783140182495,7.5439042889728025,0.19965255
85.69999991663644,0.6087615935425571,1.2507942506565504,56,20,0.8333333333333334,183,39,348,73,2.440396100282669,7.400369366309745,0.18697149
85.74999991646472,0.38925167475769573,1.1019427820000922,56,20,0.8333333333333334,182,38,356,76,2.607997953891754,8.101260805416768,0.16926584
85.799999916293,0.4246166856553286,1.1513633651784747,50,20,0.8888888888888888,188,38,356,72,2.631573975086212,8.312584235476379,0.16956563
85.84999991612128,0.6147361063510044,1.205718351094073,54,20,0.8333333333333334,190,40,357,75,2.4954265356063843,8.060421311977084,0.11684987
85.89999991594958,0.7737009202098194,1.6793845299589583,51,20,0.8888888888888888,175,36,352,72,2.7288225293159485,8.600487098534,0.25406215
85.94999991577787,0.5271804325970428,1.1471052125844947,47,22,0.9444444444444444,185,37,358,77,2.5589746236801147,7.997749819604909,0.11039969
85.99999991560617,0.4304725371647728,1.4475923916922337,55,21,0.8888888888888888,181,38,356,74,2.609122097492218,8.495674469292833,0.14750251
86.04999991543444,0.5344710945022114,1.3069828921333437,55,24,0.9444444444444444,192,41,357,73,2.6392340660095215,8.523415318150063,0.13882416
86.09999991526273,0.46722212412311087,1.0746960863710466,52,22,0.9444444444444444,182,34,351,75,2.546432912349701,8.491865923072641,0.19222787
86.149999915091,0.6643160399132007,1.3201917688588551,54,21,0.8888888888888888,180,42,344,72,2.601393163204193,8.208779711772243,0.17895748
86.1999999149193,0.5337995723592271,1.1648628655366104,54,21,0.9444444444444444,187,35,355,72,2.573138475418091,8.452536059472422,0.14614654
86.2499999147476,0.22303857919726428,1.3010309196627554,48,21,0.9444444444444444,185,36,355,75,2.57773756980896,8.75042690700468,0.24993265
86.29999991457588,0.44135484506678346,1.2640276928920073,54,21,0.8888888888888888,175,36,349,72,2.537873685359955,8.674517732179314,0.26095024
86.34999991440417,0.8245384943243234,1.286037924144221,55,19,0.8333333333333334,184,38,354,75,2.716325521469116,8.098374635355592,0.13389453
86.39999991423244,0.38209596251089606,1.328740990341123,53,19,0.8333333333333334,176,38,356,76,2.553519606590271,8.16152506482192,0.13510075
86.44999991406074,0.5415712953721976,1.190521165291459,50,21,0.8888888888888888,176,36,346,73,2.656455338001251,8.179735752008535,0.18447447
86.49999991388904,0.4296662915268365,1.4047470833867879,53,20,0.9444444444444444,180,38,353,74,2.661624252796173,8.724392316629874,0.19915813
86.54999991371731,0.6174836786816538,1.3199453790770588,57,22,0.9444444444444444,185,37,350,75,2.5815778970718384,8.420498180523222,0.15524533
86.5999999135456,0.6942690004398545,1.4736091169003789,52,21,0.8333333333333334,176,35,347,75,2.5907185673713684,8.640127041243097,0.16546547
86.64999991337388,0.35815690694100794,1.307673865856981,52,20,0.8333333333333334,179,36,356,73,2.566694915294647,8.887603521877177,0.23738348
86.69999991320218,0.5667752881264989,1.4488356820833779,55,24,0.9444444444444444,186,38,359,73,2.4057401716709137,8.563157185310963,0.11735632
86.74999991303046,0.6499751739284775,1.4034597850797272,57,24,0.9444444444444444,188,35,350,73,2.576676309108734,9.065488863278706,0.18203492
86.79999991285877,0.6062107898604336,1.3564228381618744,54,22,0.9444444444444444,180,36,355,75,2.625386118888855,8.708315458062659,0.13215367
86.84999991268704,0.6862896577409425,1.2311837129054228,58,21,0.9444444444444444,176,37,346,70,2.5393790006637573,7.998205381171575,0.1445367
86.89999991251533,0.7369733123985521,1.4650509887736582,53,23,0.9444444444444444,184,39,350,74,2.6759517192840576,8.580168461215374,0.2707412
86.9499999123436,0.39427970433377196,1.280968448012501,48,21,0.9444444444444444,182,37,349,74,2.649492919445038,9.152522191786465,0.18326366
86.9999999121719,0.7829567365363731,1.1866981142744264,51,22,0.9444444444444444,182,38,351,73,2.5850212574005127,8.069314887734151,0.10994561
87.0499999120002,0.5388398924907704,1.3470263824249404,54,23,0.9444444444444444,185,37,346,72,2.628023326396942,8.80633238521841,0.15111662
87.09999991182848,0.611899173487646,1.320493115072935,56,21,0.9444444444444444,185,39,356,74,2.5642427802085876,9.122338156270695,0.21604535
87.14999991165676,0.2622740204962165,1.1795377838014776,57,21,0.8888888888888888,173,35,347,72,2.553500533103943,9.224642427490428,0.17875691
87.19999991148504,0.6076007697342719,1.3956749807247997,53,21,0.9444444444444444,181,35,344,70,2.484610229730606,8.857072995038138,0.18427959
87.24999991131334,0.580163847045534,1.5222888434851658,51,21,0.8333333333333334,180,36,339,71,2.580682337284088,9.194021598016144,0.22309473
87.29999991114163,0.6057060865764836,1.2054410660848367,52,22,0.9444444444444444,187,38,353,76,2.6392361521720886,8.809826548693653,0.14882037
87.34999991096993,0.67014948643994,1.5014443429751432,52,19,0.8333333333333334,175,36,349,73,2.5713837146759033,8.895036658131623,0.28821334
87.3999999107982,0.5909926505446429,1.2236227920939795,55,22,0.8888888888888888,186,37,361,75,2.509765923023224,8.496629671399543,0.17798111
87.44999991062649,0.6287566297611736,1.3217883098579426,47,20,0.8333333333333334,173,37,345,74,2.7413734793663025,8.697627376990686,0.2782339
87.49999991045476,0.6684709766626552,1.2861624646780094,48,19,0.7777777777777778,178,37,351,74,2.6165658235549927,8.212738838918918,0.24845238
87.54999991028306,0.689001954472313,1.2285727349557667,51,22,0.8888888888888888,179,37,347,72,2.579408288002014,7.8509941790049975,0.21056916
87.59999991011136,0.29409765332723403,1.208921258512183,53,21,0.8888888888888888,185,35,353,70,2.6496249437332153,8.299299241754872,0.1351216
87.64999990993964,0.5772612190352873,1.3542797089773073,53,23,0.9444444444444444,178,38,352,73,2.5903645157814026,8.187244944709642,0.14632726
87.69999990976793,0.6533692772954578,1.3475870678888153,53,20,0.8888888888888888,180,37,342,70,2.531079947948456,8.40650088655777,0.20246412
87.7499999095962,0.45839609303365125,1.2319501319049226,45,18,0.8888888888888888,179,34,348,72,2.6022380590438843,8.864513776434428,0.23018198
87.7999999094245,0.5842489110619524,1.3275995426643514,56,23,0.9444444444444444,192,39,350,74,2.543157637119293,8.631649874665,0.15445997
87.8499999092528,0.4672133515043083,1.249038988104204,58,22,0.9444444444444444,188,39,346,70,2.5807592272758484,8.111394041575526,0.166887
87.89999990908107,0.4811890912174937,1.1282835038343406,53,20,0.8888888888888888,191,35,356,74,2.6278769969940186,7.827209651773757,0.15993534
87.94999990890936,0.7972321590473198,1.0564486578819634,53,21,0.8888888888888888,180,37,354,75,2.486445903778076,8.101354267479053,0.18571755
87.99999990873764,0.7122825285788452,1.3684839406288076,50,21,0.8888888888888888,182,37,352,72,2.5629758834838867,8.505105817139862,0.11175069
88.04999990856594,0.6793099082995171,1.2231126528535206,48,21,0.8333333333333334,183,39,347,75,2.70868182182312,8.105957458611321,0.18002799
88.09999990839422,0.6337104111743613,1.3639291550062014,47,21,0.9444444444444444,181,37,352,73,2.435513436794281,8.202559678811623,0.16402748
88.14999990822253,0.48218985229266376,1.3009681366182277,48,17,0.8333333333333334,185,37,345,71,2.602223753929138,8.544595454883988,0.1627
88.1999999080508,0.3602596819108109,1.084893220634233,54,20,0.8888888888888888,183,36,355,74,2.624736726284027,8.000715183847253,0.07489326
88.24999990787909,0.5702303726075122,1.4472321822478333,54,21,0.8333333333333334,181,38,354,74,2.61642724275589,8.161220918157674,0.26673153
88.29999990770736,0.5677340424416771,1.1340819254164431,51,20,0.8333333333333334,184,37,355,74,2.5925248861312866,8.010166114554753,0.11438958
88.34999990753566,0.5539350806473025,1.1522317383602834,56,23,0.9444444444444444,185,36,351,75,2.6484426856040955,8.224754309339,0.17733765
88.39999990736396,0.7466225509594528,1.3941604687450204,53,21,0.8888888888888888,187,37,353,74,2.4328243732452393,7.734824479874556,0.17219275
88.44999990719224,0.6438158116283826,1.3223390777470132,47,18,0.8333333333333334,181,38,349,72,2.5240135192871094,7.920240707575346,0.2153635
88.49999990702052,0.3827451075897965,1.20531291728892,53,21,0.8888888888888888,188,39,359,74,2.5059491395950317,7.4170977020258455,0.10947046
88.5499999068488,0.2693377034310971,1.3197282103110601,56,21,0.9444444444444444,181,37,345,71,2.5815626978874207,7.6413353302266795,0.15467037
88.5999999066771,0.4288881973765073,1.2530392731615458,52,20,0.8888888888888888,178,40,347,74,2.598269283771515,7.654582930411138,0.14153723
88.64999990650539,0.6436412814653419,1.278988710962118,57,22,0.9444444444444444,185,37,360,75,2.620290219783783,7.187895849696275,0.13356459
88.69999990633369,0.5035693873242831,1.2646309105815277,48,20,0.8333333333333334,181,38,347,74,2.62197345495224,7.510248263090968,0.30848402
88.74999990616196,0.4881501028429409,1.3621785999086344,54,20,0.8333333333333334,188,39,357,75,2.611881196498871,7.213315444156416,0.16327123
88.79999990599025,0.8061112611204236,1.224485286503645,49,20,0.7777777777777778,183,37,342,73,2.5457316637039185,7.091016313430023,0.08802015
88.84999990581852,0.7006092950311632,1.3200125638405869,51,20,0.7777777777777778,179,36,346,75,2.5776463747024536,7.502865769117806,0.15308714
88.89999990564682,0.6168735565627448,1.4605315211219516,58,19,0.8888888888888888,178,37,349,72,2.5572484731674194,7.7725949868181665,0.17565225
88.94999990547512,0.6790390658547119,1.2312120739929358,47,19,0.8333333333333334,174,38,343,74,2.6923763751983643,7.7446473312146225,0.22081167
88.9999999053034,0.5324523069911403,1.3499341027317246,50,20,0.8333333333333334,179,38,352,75,2.568379044532776,8.069816256379632,0.21156865
89.04999990513168,0.7003050922881584,1.2787901348151844,62,22,0.8888888888888888,178,38,357,76,2.542537748813629,7.926337691644241,0.114804015
89.09999990495996,0.48647952544587103,1.2050766421220003,59,23,0.9444444444444444,188,39,353,75,2.5259286165237427,7.812476217607323,0.14281026
89.14999990478826,0.5481901303008004,1.238912767198479,61,21,0.9444444444444444,187,39,349,73,2.652837634086609,8.310646824068693,0.25313795
89.19999990461656,0.5165639609220197,1.2045050533261676,50,20,0.8888888888888888,179,36,345,72,2.5194621086120605,8.420142787358786,0.28560308
89.24999990444483,0.3110823995588718,1.16727527128603,53,19,0.8888888888888888,184,41,352,72,2.5040578842163086,7.955436407136212,0.24483699
89.29999990427312,0.26780840630862396,1.2570168545826,57,20,0.9444444444444444,182,39,349,72,2.448878139257431,7.674110017132376,0.272289
89.3499999041014,0.6687209714701288,1.1669009645816901,55,22,0.8888888888888888,184,39,350,72,2.5980359315872192,7.812086942307772,0.22738679
89.3999999039297,0.5455929498724781,1.2012249083538298,61,22,0.9444444444444444,182,36,351,73,2.636444866657257,7.8596737695186025,0.12085769
89.44999990375798,0.3269395755622933,1.3702004314920349,49,19,0.8333333333333334,170,33,336,72,2.628358006477356,7.842863717862221,0.14460479
89.49999990358629,0.4954070334378633,1.2599018132410664,56,21,0.9444444444444444,183,38,350,72,2.5413960218429565,7.613137215772783,0.06746526
89.54999990341456,0.7016788301638776,1.481051710295539,52,18,0.8333333333333334,184,39,354,76,2.629428803920746,8.280005861921902,0.15072115
89.59999990324285,0.46236122795427886,1.3548414786449983,43,17,0.7222222222222222,179,38,346,74,2.5887468457221985,8.690892542656803,0.1591117
89.64999990307112,0.4820321146967731,1.2089919552595172,50,21,0.8888888888888888,186,39,344,73,2.705257833003998,8.791042684332941,0.17684123
89.69999990289942,0.5596463367422125,1.3777050314413857,49,21,0.9444444444444444,177,37,350,74,2.425217777490616,8.832355513375987,0.1750355
89.74999990272772,0.5321410841187822,1.4021606237550488,48,20,0.8333333333333334,181,38,354,73,2.5455257296562195,8.818109693207088,0.13338304
89.799999902556,0.4659896403274522,1.3386157375004684,53,22,0.8888888888888888,189,40,366,74,2.509644031524658,8.556135551437851,0.1854805
89.84999990238428,0.5633817804370423,1.3392282184628848,49,22,0.8888888888888888,180,37,343,74,2.7081555128097534,8.728664345907893,0.26025292
89.89999990221256,0.5528891158298155,1.3625897333283774,48,20,0.8888888888888888,178,39,339,74,2.536422610282898,8.645497216229865,0.21924114
89.94999990204086,0.6070881512221838,1.534546147827782,50,21,0.9444444444444444,185,37,351,72,2.567606568336487,8.590714251310532,0.31582645
89.99999990186915,0.5070732638869034,1.1391749295193863,43,18,0.8333333333333334,192,41,342,71,2.6042354106903076,8.382840450736424,0.18613245
90.04999990169745,0.5426627131443796,1.0342895376916332,47,21,0.8888888888888888,180,35,346,70,2.578839957714081,8.332335193533655,0.22675921
90.09999990152572,0.5375642159008007,1.2113619519700285,50,20,0.8333333333333334,175,37,332,71,2.4778853356838226,8.707193986436437,0.27977207
90.14999990135401,0.41953031949070124,1.1913937415585976,53,21,0.8888888888888888,174,36,342,72,2.6542890071868896,8.56464428112007,0.34546515
90.19999990118228,0.6478140932553993,1.1492612420780295,53,21,0.8888888888888888,189,39,350,71,2.5289902091026306,7.8396083042732645,0.15930916
90.24999990101058,0.5690769833524394,1.5915795498497642,45,20,0.7777777777777778,180,34,341,73,2.550186514854431,8.363943653125636,0.24567641
90.29999990083888,0.5895436735788008,1.2859063903608534,48,19,0.7777777777777778,185,40,351,71,2.6714327931404114,7.887967067715671,0.41071787
90.34999990066716,0.28562199752133666,1.0102790317986001,51,20,0.8888888888888888,178,39,345,74,2.425892800092697,7.3256466157174405,0.18549126
90.39999990049544,0.41506186617870855,1.2331036933270625,51,20,0.8333333333333334,174,39,343,71,2.696513533592224,7.9621947789002245,0.24062869
90.44999990032372,0.6879992534007641,1.1347309300130073,48,19,0.8333333333333334,190,40,351,74,2.568962872028351,7.997407955650102,0.13865298
90.49999990015202,0.5534472894842764,1.2781154872909744,45,18,0.8333333333333334,182,38,345,70,2.5009578466415405,7.8851921190745955,0.19626415
90.54999989998032,0.5161083654612741,1.0895141745000378,47,19,0.8333333333333334,183,39,351,74,2.646317780017853,7.388473110767562,0.17286032
90.5999998998086,0.41105742163635284,1.2985922903760863,53,19,0.8888888888888888,193,42,355,71,2.569565176963806,8.042993648974353,0.2210063
90.64999989963688,0.4957255982345324,1.3334911041737572,49,21,0.8888888888888888,179,36,353,73,2.491000145673752,8.300183385550941,0.22120094
90.69999989946515,0.5759286714817948,1.090494835608715,53,21,0.8888888888888888,187,39,354,71,2.6726487278938293,7.926399284551078,0.17491576
90.74999989929346,0.5126828884296388,1.0480827586885595,50,19,0.8888888888888888,181,37,345,73,2.5428879261016846,8.252954837002875,0.21339715
90.79999989912174,0.8318446152029108,1.6102608892416117,49,18,0.8333333333333334,179,36,349,71,2.538624405860901,8.50311656821538,0.26106372
90.84999989895005,0.4142900783105704,1.3345642939988136,50,20,0.8333333333333334,183,41,345,71,2.6210251450538635,8.300955306604854,0.2723915
90.89999989877832,0.6025430357416494,1.0781250356866177,54,22,0.8888888888888888,189,39,358,71,2.5380519032478333,7.773831098575208,0.1657934
90.9499998986066,0.5999155151109995,1.0223059072471254,53,19,0.9444444444444444,180,36,347,73,2.405761480331421,7.458956580570284,0.1814431
90.99999989843488,0.4912847259148975,1.3225926537150021,47,21,0.8888888888888888,181,34,349,73,2.7070483565330505,8.046369076427045,0.13376166
91.04999989826318,0.5112893121573951,1.0166475218193134,53,20,0.8888888888888888,176,35,354,73,2.564055025577545,7.980956672492958,0.15162608
91.09999989809147,0.6138827875304754,1.3866222146936091,45,16,0.7222222222222222,178,39,345,72,2.6022103428840637,8.291418225749982,0.25396332
91.14999989791976,0.4620396968883437,1.1771478512812772,49,20,0.7777777777777778,191,39,356,75,2.4625863134860992,7.504453620276088,0.19486539
91.19999989774804,0.26383065695974023,1.1360565983462205,59,19,0.8888888888888888,180,39,347,72,2.4533595144748688,7.566287528505402,0.1788089
91.24999989757632,0.5361120504155682,1.2622161335024231,52,21,0.9444444444444444,186,40,351,71,2.5578325986862183,8.049530645087746,0.19261043
91.29999989740462,0.7542875322068234,1.2902158657340512,47,20,0.8333333333333334,187,42,354,73,2.552330493927002,8.33978104211841,0.24047054
91.3499998972329,0.602704491970082,1.2539483222000978,49,20,0.9444444444444444,187,39,354,74,2.5010567903518677,8.456849707673939,0.19169477
91.3999998970612,0.45363840584168863,0.9486480385231244,56,21,0.9444444444444444,194,39,358,75,2.479460686445236,8.544584883111694,0.13878812
91.44999989688948,0.6073863927288019,1.186514309646981,53,22,0.9444444444444444,186,38,350,73,2.552485764026642,7.850550994764216,0.18324979
91.49999989671777,0.5889676455024226,1.1407175262326337,53,19,0.9444444444444444,184,39,348,73,2.5137126445770264,8.310054255215764,0.15058799
91.54999989654605,0.3018502336645033,0.9732600481995266,43,17,0.8333333333333334,178,40,344,70,2.6081249117851257,8.433434269108728,0.15487072
91.59999989637434,0.4027560949032326,1.2198852090361114,47,20,0.8888888888888888,181,38,348,73,2.5965017080307007,8.26195001785333,0.20309013
91.64999989620264,0.6469394822683049,1.2111121967278706,50,22,0.8888888888888888,188,39,347,72,2.5355207920074463,8.021622990589528,0.1870702
91.69999989603092,0.41407130769843653,1.1022171335959414,55,22,0.8888888888888888,190,40,351,71,2.5357484817504883,8.043427050248377,0.122457504
91.7499998958592,0.5983776451284694,1.4481491752259255,49,22,0.9444444444444444,188,40,351,74,2.578185796737671,7.870726146961333,0.21435618
91.79999989568748,0.5268555955364663,1.3257016051402166,51,19,0.8888888888888888,175,36,345,73,2.559897303581238,7.645999777103931,0.2515683
91.84999989551578,0.777772587343073,1.3124120397164687,47,21,0.8888888888888888,185,38,354,73,2.589741051197052,7.481293398210331,0.15854187
91.89999989534407,0.47454697973353305,1.1296722899252918,50,19,0.8333333333333334,185,39,355,73,2.661474645137787,7.321058372258342,0.25227308
91.94999989517235,0.8726228794389579,1.0041474673649606,57,22,0.9444444444444444,186,40,347,73,2.5929927825927734,6.9532452042141735,0.1864381
91.99999989500064,0.7058360442700606,1.102384655724806,48,19,0.8333333333333334,175,36,354,76,2.581166625022888,6.939778187699366,0.2266232
92.04999989482891,0.928715671444465,1.0041017204498957,55,22,0.9444444444444444,188,39,357,74,2.667527496814728,6.644576926076073,0.20411378
92.09999989465722,0.5866932474677828,1.0363857881562264,52,20,0.8888888888888888,193,40,356,73,2.492575943470001,7.052186937294396,0.18297835
92.1499998944855,0.8449192555086327,1.138930589363719,50,23,0.8888888888888888,185,38,353,72,2.642764151096344,7.104937479458444,0.17996354
92.1999998943138,0.7258397367401502,1.4080627518113347,49,18,0.8333333333333334,180,37,348,72,2.538844347000122,6.958856898795256,0.26605183
92.24999989414208,0.6148994859304634,1.2624645222200446,55,21,0.8888888888888888,187,36,362,76,2.4634747207164764,7.049971241658524,0.14416756
92.29999989397037,0.6624649515679801,1.1286286213058647,55,24,0.8888888888888888,194,38,360,72,2.5971707701683044,6.762526712965382,0.1694365
92.34999989379864,0.5995245213458524,1.0726036990571326,48,19,0.8333333333333334,182,40,348,73,2.612607479095459,6.942554911496588,0.20079598
92.39999989362694,0.8748574958299266,1.3255673292771277,52,20,0.8888888888888888,185,40,347,72,2.5989317893981934,7.243948685100801,0.15290943
92.44999989345524,0.6964108407285761,1.2043501946480135,53,20,0.8888888888888888,182,37,355,74,2.5101953744888306,7.447357619317216,0.1541125
92.49999989328352,0.6580206839171623,0.9957772064043656,46,19,0.8333333333333334,176,36,341,74,2.605865001678467,7.248667330499057,0.20930201
92.5499998931118,0.4578643401584672,1.002450928586285,50,21,0.8333333333333334,181,36,354,75,2.644616663455963,7.466568175446113,0.13485281
92.59999989294008,1.0037944779869796,1.2848243894645672,53,20,0.8333333333333334,185,40,354,74,2.64883816242218,7.8093615984317655,0.20189315
92.64999989276838,0.4255895890786551,1.3197779404981416,58,20,0.8888888888888888,181,35,349,74,2.693991959095001,7.78359866684851,0.08201871
92.69999989259667,0.39610464099039405,1.2457118261889915,55,20,0.8888888888888888,181,36,349,74,2.6628413796424866,7.874296772279585,0.21338785
92.74999989242497,0.46607121803164514,1.0508101007021216,41,21,0.8888888888888888,178,35,350,75,2.5145626068115234,7.947110192858853,0.16369069
92.79999989225324,0.7092419475414418,1.3454347568705385,54,21,0.8888888888888888,185,37,351,71,2.6959866285324097,7.779266869724761,0.214596
92.84999989208153,0.6208979527294521,1.298166558559708,43,18,0.8333333333333334,172,37,343,73,2.484018951654434,8.047701966778673,0.2724001
92.8999998919098,0.6270614609515299,1.2280100588821952,46,20,0.8333333333333334,181,38,346,69,2.636134922504425,8.224307394011259,0.16758426
92.9499998917381,0.8151480145638256,1.0050551082572747,46,20,0.8333333333333334,185,38,358,71,2.6171398162841797,7.5805609268600715,0.20975035
92.9999998915664,0.6527763335626691,1.125458405365039,56,22,0.8888888888888888,192,41,355,74,2.5439664721488953,7.7199106834693065,0.16035725
93.04999989139468,0.5414720641096902,1.234384289175846,51,22,0.8888888888888888,185,40,357,74,2.661772668361664,8.11328085224054,0.18096696
93.09999989122296,0.3356617320795928,0.9982155506350956,57,22,0.9444444444444444,195,40,365,76,2.5763562321662903,7.949975365880144,0.14706522
93.14999989105124,0.44331067285588555,1.1261070105698527,46,20,0.8888888888888888,184,37,351,74,2.6721835136413574,7.850489922827881,0.25346318
93.19999989087954,0.6163212522308225,1.4924132615065486,53,19,0.8333333333333334,182,39,351,72,2.471958249807358,8.393149565803961,0.17169717
93.24999989070784,0.3877856626798848,1.183999669080648,52,18,0.8333333333333334,175,38,350,75,2.5042784214019775,8.017551200273001,0.18362439
93.29999989053613,0.24590463625612413,1.0431157547285483,59,20,0.8888888888888888,186,37,350,74,2.6354461908340454,8.242278773935405,0.17126465
93.3499998903644,0.32840731354713215,1.0895293420369383,55,20,0.9444444444444444,187,36,352,72,2.4049389362335205,8.202552792406355,0.1273784
93.39999989019267,0.37931278698976106,1.1737095894131075,52,21,0.8888888888888888,180,37,346,74,2.640455961227417,7.984750835534156,0.12156985
93.44999989002096,0.46169864406874844,1.299771924888618,57,22,0.9444444444444444,181,40,363,77,2.6389560103416443,7.691469592573403,0.16199455
93.49999988984926,0.6629299479870816,1.229283220955981,53,21,0.8888888888888888,177,39,356,76,2.4385297298431396,7.476655865988242,0.24753821
93.54999988967757,0.6366740265216387,1.1996540100562845,47,20,0.8333333333333334,176,37,337,72,2.6572102308273315,7.416078787869775,0.21621107
93.59999988950584,0.44827784946876126,1.3704498112402126,47,18,0.8333333333333334,171,37,347,73,2.541070580482483,7.461404261322198,0.22613676
93.64999988933413,0.5353394293803826,1.294932631089416,56,21,0.9444444444444444,175,37,358,74,2.459927052259445,7.203316011411323,0.13920131
93.6999998891624,0.48465665996880686,1.4437439010914246,48,17,0.8333333333333334,176,37,344,75,2.541908919811249,6.4962180747139175,0.25891036
93.7499998889907,0.5497390210565959,1.393825166817405,50,21,0.8888888888888888,179,36,357,73,2.6615089178085327,7.1292040188565675,0.27182704
93.799999888819,0.41164948665416223,1.1431175957622297,49,19,0.8333333333333334,173,34,341,73,2.563093900680542,6.902334402951968,0.16689372
93.84999988864728,0.679902447145629,1.146255985712369,50,21,0.9444444444444444,177,38,343,71,2.493341714143753,6.830222594790678,0.28268445
93.89999988847556,0.43914287135573005,1.3693155461381703,50,21,0.8888888888888888,181,36,348,71,2.629002034664154,6.546853042298961,0.2805443
93.94999988830384,0.28655961935109103,1.1380982813938814,50,20,0.8888888888888888,188,37,349,77,2.5317326188087463,6.500091060668289,0.15311818
93.99999988813214,0.7148638123066167,1.4217372912655284,51,20,0.8333333333333334,181,36,344,72,2.535974681377411,6.443636291320312,0.24138387
94.04999988796042,0.520447644857903,1.4598726057884672,52,19,0.8888888888888888,183,36,342,70,2.5862348079681396,6.5517600449151825,0.25795004
94.09999988778873,0.7565770896200165,1.0602125596795795,53,20,0.8333333333333334,186,40,344,70,2.5858846306800842,6.14938546236937,0.28358674
94.149999887617,0.668273071354189,1.2926317647302192,51,21,0.8333333333333334,182,36,351,73,2.5372248888015747,6.549685954108382,0.22747022
94.19999988744529,0.7407027738435011,1.4700346463616567,45,19,0.8333333333333334,179,35,349,73,2.5977295637130737,6.987433889616659,0.25740662
94.24999988727356,0.4646889937750103,1.21926877315068,51,23,0.9444444444444444,180,37,338,72,2.6154914498329163,7.092017690281285,0.1739192
94.29999988710186,0.5792276045805257,1.1296096658345298,54,21,0.9444444444444444,175,35,343,75,2.6227015256881714,6.679750216389939,0.19442979
94.34999988693016,0.5763711872601018,1.2578249182864023,54,20,0.8333333333333334,174,35,345,72,2.611159384250641,7.2684282850423365,0.22475125
94.39999988675844,0.5242871206669849,1.137002839496698,52,21,0.8888888888888888,179,37,349,72,2.5788727402687073,7.163583416489665,0.2755751
94.44999988658672,0.8515145005700664,1.3652174146676934,48,20,0.8888888888888888,182,38,343,75,2.486931085586548,6.908831821074761,0.18917808
94.499999886415,0.7856178082166074,1.3469106481433277,62,21,0.8888888888888888,184,38,347,74,2.520981729030609,6.524888398022188,0.18864042
94.5499998862433,0.7519048156069603,1.4043413043076491,63,22,0.8888888888888888,191,40,356,71,2.6881885528564453,6.6481933244076075,0.16507164
94.5999998860716,0.6661915006724037,1.3511694131158594,52,19,0.7777777777777778,180,36,350,71,2.5451546907424927,6.184972354552292,0.18165268
94.64999988589989,0.5697566173134264,1.0716101087388272,53,22,0.9444444444444444,174,39,361,75,2.5018203258514404,6.2704707913105295,0.20266749
94.69999988572816,0.9912241365447066,1.3362050971289006,53,21,0.8888888888888888,180,39,352,74,2.6489728689193726,6.734135635844503,0.20945014
94.74999988555643,0.8242503533196526,1.3764745029564152,53,22,0.9444444444444444,183,37,348,75,2.6964783668518066,6.782178934336454,0.22898403
94.79999988538472,0.6900978633994899,1.2396848188351388,51,20,0.7777777777777778,176,38,346,74,2.602648138999939,7.06206435148375,0.2290781
94.84999988521302,0.4835212279682393,1.1530047783304207,54,20,0.8333333333333334,184,38,357,75,2.4421189725399017,7.678311464829619,0.17299692
94.89999988504132,0.8988419809156567,1.4540823477043585,54,21,0.8888888888888888,179,36,343,72,2.635696232318878,7.338920213275593,0.24561551
94.9499998848696,0.7303006199226625,1.4913745735337565,55,22,0.9444444444444444,183,41,346,75,2.561556100845337,7.65493398810996,0.17437097
94.99999988469789,0.7894593376274855,1.4066339024784136,48,20,0.8888888888888888,183,39,354,73,2.727636694908142,7.446780719351516,0.18106967
95.04999988452616,0.7607097196836934,1.3547890652473618,55,22,0.9444444444444444,181,37,354,75,2.5932514667510986,7.482387018553993,0.21687709
95.09999988435446,0.7873731585588295,1.2742556870152306,51,21,0.8888888888888888,183,40,352,74,2.6077383756637573,7.284945035506638,0.19874056
95.14999988418276,0.7094809842837948,1.4622838202103305,60,22,0.8888888888888888,192,37,364,76,2.526111900806427,7.406629577831669,0.1304449
95.19999988401104,0.6581686935595368,1.2300506690311428,53,22,0.9444444444444444,179,38,343,73,2.5094789266586304,6.4885452769526974,0.25473905
95.24999988383932,0.42442862838668804,1.3747374698064816,57,20,0.8888888888888888,172,34,344,71,2.5948140025138855,7.2424497224043005,0.2766235
95.2999998836676,0.5499163007464968,1.0581610776117854,55,21,0.8888888888888888,176,38,343,73,2.6404571533203125,6.61096340493561,0.24887066
95.3499998834959,0.7460598680195172,1.199920447998893,47,21,0.8333333333333334,181,38,351,74,2.5829902291297913,6.651193601590446,0.18782125
95.39999988332418,0.8645892316500519,1.3604548411654516,53,21,0.9444444444444444,178,37,349,71,2.518531084060669,7.333607236027184,0.22791323
95.44999988315249,0.4014795847262569,1.3453880230059414,51,21,0.9444444444444444,187,39,348,72,2.6328465342521667,7.292469276594673,0.24355324
95.49999988298076,0.2294861396371051,1.1001937741305738,54,20,0.8333333333333334,182,41,337,73,2.52620130777359,7.196653142930609,0.15531038
95.54999988280905,0.4768847317695001,1.0815701428301614,53,20,0.8888888888888888,188,41,352,72,2.549375295639038,6.781925743761956,0.1934407
95.59999988263732,0.8111385937062807,1.480247988915979,52,21,0.8888888888888888,182,39,344,73,2.6168423891067505,6.848919762269752,0.23884737
95.64999988246562,0.5864555724797318,1.2043897427400483,49,21,0.8888888888888888,182,40,355,74,2.5801023840904236,6.135277848548437,0.15251274
95.69999988229392,0.5265535155588312,0.8171908910582484,56,22,0.9444444444444444,179,37,353,77,2.5375843048095703,5.923558480058846,0.119771436
95.7499998821222,0.7181000795685757,1.0784771204573864,58,20,0.8888888888888888,180,38,344,72,2.5735831260681152,5.883276476051824,0.114558324
95.79999988195048,0.37805109096771417,1.147013857892581,55,20,0.8888888888888888,190,39,345,73,2.5877076387405396,6.297030403456061,0.12024132
95.84999988177876,0.4193946006711701,0.9882048123841657,54,20,0.9444444444444444,179,37,349,75,2.5419044494628906,6.32736632021639,0.089174815
95.89999988160706,0.6145250953823174,1.4277691398550638,51,20,0.8888888888888888,181,38,348,72,2.6755940914154053,6.879824745436407,0.13145953
95.94999988143535,0.6926854638263648,1.040261881881415,51,20,0.8888888888888888,184,37,350,74,2.577075958251953,6.998304277404888,0.03504656
95.99999988126365,0.5591865762685562,1.197353849188809,53,19,0.8333333333333334,176,37,352,72,2.602856755256653,7.403264041663524,0.16539721
96.04999988109192,0.512549889545513,1.107018633513506,53,20,0.8888888888888888,180,37,331,69,2.5015655159950256,7.770305111654103,0.16296041
96.09999988092021,0.6399563410911695,1.185471198483072,55,21,0.8888888888888888,178,38,342,73,2.574031352996826,7.898105469024266,0.23291379
96.14999988074848,0.5804939152903584,0.9575182250284814,47,20,0.8888888888888888,178,36,352,75,2.7017435431480408,7.925289601256829,0.21404533
96.19999988057678,0.5842353335145021,1.0088406753710575,46,21,0.8888888888888888,170,35,338,72,2.465646117925644,8.022518961677712,0.10347156
96.24999988040508,0.5902199100209494,1.1540664292174632,51,22,0.9444444444444444,190,41,354,74,2.535274922847748,7.287006571251444,0.18732227
96.29999988023336,0.5092254667986104,1.1536038017684789,51,22,0.9444444444444444,182,37,342,71,2.5899162888526917,7.051999510773088,0.2564875
96.34999988006165,0.4743937513845913,1.0805060469884689,53,21,0.9444444444444444,179,39,343,72,2.533710300922394,6.7342480926375625,0.19509764
96.39999987988992,0.6932868370463299,1.1417243035526197,54,21,0.8888888888888888,185,39,347,73,2.647138237953186,7.088668756033032,0.19280657
96.44999987971822,0.453088012550737,1.0115873070004946,50,21,0.9444444444444444,186,37,349,75,2.519676387310028,6.886458307683441,0.18182814
96.49999987954652,0.6325991275150423,1.249197829950047,54,21,0.8888888888888888,182,38,343,72,2.543853521347046,6.916930795061633,0.2381509
96.5499998793748,0.379858942960023,0.9835605828730387,50,21,0.8888888888888888,178,38,347,74,2.5107988715171814,6.223088980015126,0.2241788
96.59999987920308,0.7785745747895763,0.9688740085980974,48,20,0.8888888888888888,183,41,352,72,2.5317105650901794,6.01546939555857,0.22954926
96.64999987903136,0.6820658011646552,1.227885495203427,57,22,0.8888888888888888,177,36,341,71,2.551780641078949,6.8323190331028005,0.21637736
96.69999987885966,0.867550154107643,1.3323400831314405,58,23,0.9444444444444444,188,40,352,71,2.7303770184516907,6.35477167272227,0.26247048
96.74999987868794,0.20467879937705585,1.3186412269295913,51,20,0.8888888888888888,181,37,341,72,2.5599658489227295,6.883525297904294,0.31333232
96.79999987851625,0.2506093874125874,0.9408095780636516,53,21,0.9444444444444444,182,38,342,75,2.612125277519226,6.3729721633686065,0.21005881
96.84999987834452,0.28464106396141375,1.1735451723957944,52,21,0.8888888888888888,176,37,355,76,2.5519540905952454,6.75380232486777,0.2449789
96.8999998781728,0.6024529668397922,1.2807273104967887,53,22,0.8888888888888888,180,36,362,75,2.575945258140564,6.252900671425836,0.17765565
96.94999987800108,0.17951075485607398,1.1751196164911895,56,20,0.8333333333333334,182,38,359,76,2.5308287143707275,6.991049580658837,0.14663646
96.99999987782938,0.6358228298492126,1.2219337224140934,47,21,0.8888888888888888,179,37,344,70,2.6142698526382446,6.874720158084715,0.14610772
97.04999987765768,0.5933840195403289,1.0731238609853946,51,22,0.9444444444444444,177,36,352,70,2.6192623376846313,6.263876291731432,0.2271886
97.09999987748596,0.4992849190474925,1.0604834832294383,53,20,0.8888888888888888,182,36,343,71,2.4807311594486237,6.461480860342386,0.30459043
97.14999987731424,0.6206549610527148,1.1084950139343168,46,21,0.8888888888888888,189,40,345,70,2.6053619384765625,6.159268947119498,0.20364106
97.19999987714252,0.8371904082237991,1.5091362434163378,48,20,0.8888888888888888,178,37,339,70,2.601563036441803,6.837031102859523,0.24122006
97.24999987697082,0.7630656263325374,1.1941045060633362,49,19,0.8333333333333334,182,36,344,72,2.5154098868370056,6.56293444063774,0.32717532
97.2999998767991,0.7490499754313442,1.1785231268323146,52,20,0.9444444444444444,178,36,349,72,2.7080434560775757,6.506767678085881,0.22165951
97.34999987662741,0.6435402038583976,1.26317133014386,49,23,0.9444444444444444,187,37,347,69,2.6787278056144714,6.80997642983888,0.16643989
97.39999987645568,0.7299176416101347,0.9444023435779375,51,20,0.8333333333333334,183,39,355,72,2.4898825585842133,6.630609464608792,0.19328701
97.44999987628397,0.554113732216115,1.1927897673614647,51,21,0.9444444444444444,183,38,345,71,2.5745484232902527,6.9982971483792955,0.24500594
97.49999987611226,0.5309236734567472,1.311082010018759,46,18,0.8333333333333334,184,40,338,72,2.6223358511924744,7.332328379144766,0.22290868
97.54999987594054,0.7955425848508189,1.4131090755261764,55,23,0.9444444444444444,187,38,356,73,2.5426602363586426,6.963030037874738,0.30914822
97.59999987576884,0.6518098192016641,1.1772581282215897,50,19,0.8888888888888888,181,39,352,74,2.619960606098175,7.324527497835636,0.24254204
97.64999987559712,0.7635436573622572,1.3566879729705437,54,21,0.9444444444444444,176,40,349,74,2.5381308794021606,7.367321545515928,0.26269004
97.6999998754254,0.4842474676078032,1.0596790852800781,39,19,0.8333333333333334,176,36,341,73,2.632891833782196,7.111677310137798,0.20121612
97.74999987525368,0.5061182312708067,1.2379627647603537,54,21,0.9444444444444444,188,39,355,71,2.5238218903541565,6.992977157715821,0.13224469
97.79999987508198,0.4460325177405408,0.9622785890781056,56,19,0.8888888888888888,187,39,358,73,2.584492862224579,7.3263867242921155,0.16246343
97.84999987491027,0.6627947193869628,1.0302978171797836,50,20,0.8333333333333334,185,38,353,69,2.57718563079834,7.3491542935448795,0.20286211
97.89999987473855,0.8663388340963308,1.102997422590586,40,18,0.8333333333333334,180,35,346,70,2.7206814289093018,6.870216159821929,0.2808684
97.94999987456684,0.6644952818291466,1.1329904792134022,55,23,0.9444444444444444,183,39,357,75,2.5575193762779236,6.739469977895212,0.19950336
97.99999987439512,0.8005573678772938,1.3945295642095314,46,20,0.8333333333333334,174,37,348,73,2.621065676212311,7.332362025475678,0.2510739
98.04999987422342,0.9640071795393845,1.55238676766247,42,21,0.9444444444444444,179,36,347,69,2.8893792629241943,7.23716316533241,0.3122493
98.0999998740517,0.45806489378111886,1.1234691405393715,46,18,0.7777777777777778,168,34,341,73,2.594289779663086,7.837592234334716,0.27891532
98.14999987388,0.3114117168599072,1.0920231681710388,46,20,0.8888888888888888,189,39,357,74,2.6599574089050293,6.6475510073333055,0.20404257
98.19999987370828,0.8073670224649652,1.055812129301397,53,21,0.8888888888888888,184,39,353,75,2.592948079109192,6.133502718970503,0.17152806
98.24999987353657,0.7792924820303266,1.215506981014922,56,22,0.8888888888888888,192,40,362,75,2.5073111057281494,6.689579067930698,0.22717507
98.29999987336485,0.7796513666018281,1.330126853979342,45,19,0.8888888888888888,179,37,357,73,2.518344521522522,6.385210803677657,0.18353964
98.34999987319314,0.45810956363171595,1.1206293618472107,44,20,0.8888888888888888,177,38,347,73,2.3983053863048553,6.751079148298045,0.106531724
98.39999987302144,0.7671421279786701,1.147550330072986,47,20,0.8888888888888888,179,40,361,75,2.5441384315490723,7.21279731762837,0.19519885
98.44999987284972,0.7462380935996195,0.9833741416684132,59,22,0.9444444444444444,178,37,361,74,2.6011481881141663,6.417973865330264,0.10423045
98.499999872678,0.9819839408423976,1.2623174747684733,56,20,0.8333333333333334,189,40,348,71,2.4715057015419006,7.271986893596516,0.17477544
98.54999987250628,0.4748985587740545,1.0587078271833033,51,19,0.8888888888888888,185,38,350,73,2.443152964115143,6.754358077625815,0.17025849
98.59999987233458,0.7071955982120072,1.1723987985046815,60,21,0.9444444444444444,178,37,355,72,2.531123459339142,6.775861724748751,0.123870805
98.64999987216287,0.7783845720420095,1.116665576615396,58,24,0.9444444444444444,192,40,354,73,2.5187906622886658,6.490861164855426,0.14345014
98.69999987199117,0.5650986648817244,1.256513840951258,50,17,0.7777777777777778,177,37,342,74,2.552313208580017,7.1916541571008,0.32004592
98.74999987181944,0.9217636468074673,1.6141709140631897,55,20,0.8333333333333334,186,37,351,72,2.677532434463501,7.205975356586416,0.2428386
98.79999987164773,0.9923826648003176,1.1966875056709894,50,18,0.8333333333333334,183,39,353,70,2.5821810960769653,7.051901194862484,0.20575622
98.849999871476,0.7647893877211297,1.14613329058292,50,20,0.8888888888888888,185,37,356,73,2.755708396434784,7.200386915885941,0.14576577
98.8999998713043,0.5211329738991223,0.9109373830686671,50,20,0.8888888888888888,181,38,354,72,2.571757137775421,6.553634297220361,0.22618152
98.9499998711326,0.895771218038401,0.8361138770988867,54,21,0.8888888888888888,182,38,359,74,2.543339729309082,6.915380852141979,0.11887881
98.99999987096088,0.414721805547142,1.333181545774257,49,20,0.7777777777777778,184,40,349,76,2.633042633533478,7.131134087226885,0.2627601
99.04999987078916,0.55674714161033,1.145743652179425,57,21,0.8888888888888888,176,36,348,74,2.580748498439789,7.2031484227844,0.1473695
99.09999987061744,0.5071572318168209,1.0625505411473244,51,19,0.8888888888888888,183,35,356,75,2.618929445743561,6.367636767307463,0.08843196
99.14999987044574,0.4569023968822921,1.1177976455251724,54,21,0.9444444444444444,182,37,363,74,2.4479517340660095,7.074736761140228,0.13293888
99.19999987027404,0.5819087079991683,1.048578086614936,53,22,0.9444444444444444,183,35,352,75,2.5459787249565125,6.676666952147867,0.11433457
99.24999987010231,0.6985901236163776,1.180970832077366,45,19,0.8333333333333334,170,37,347,69,2.609948217868805,6.223268851568706,0.20166495
99.2999998699306,0.7597122105200177,1.0441448626740522,55,24,0.9444444444444444,186,37,349,72,2.5581136345863342,6.204081545025399,0.14670631
99.34999986975888,0.3185506464741344,1.2952611648370826,49,21,0.8888888888888888,187,37,354,75,2.5160419940948486,6.7238326339881205,0.18197852
99.39999986958718,0.5191694068064016,1.3508529340289526,53,21,0.8888888888888888,178,38,355,74,2.662045955657959,6.501795667733239,0.16694565
99.44999986941546,0.4460207047103957,1.0048023981403327,54,21,0.9444444444444444,182,37,347,77,2.6127320528030396,6.343242357300909,0.20964026
99.49999986924377,0.34005358754129217,1.4581506610242392,53,20,0.8333333333333334,179,36,350,73,2.613736391067505,6.922920208716912,0.2646495
99.54999986907204,0.4615748754439785,1.0825150610281518,52,22,0.9444444444444444,185,40,353,72,2.502065598964691,7.137068327227825,0.15560529
99.59999986890033,0.6657771129650061,1.1109184656985003,51,22,0.8888888888888888,182,35,350,70,2.4885493516921997,7.616670487238126,0.19828796
99.6499998687286,0.27235972320443635,1.0907481559735772,53,18,0.8333333333333334,185,36,359,75,2.456912249326706,7.793502611298955,0.17043076
99.6999998685569,0.41052310736292563,1.4557594083652532,50,21,0.9444444444444444,183,35,347,69,2.554038166999817,7.816009045205066,0.21933804
99.7499998683852,0.33155778673625,1.109605421620775,56,20,0.8888888888888888,179,37,353,73,2.5074806809425354,8.262846806693913,0.3739467
99.79999986821348,0.33136089292341514,1.3451549070730802,48,21,0.9444444444444444,180,35,334,70,2.645367383956909,8.065830812460772,0.24956542
99.84999986804176,0.3036735882973146,1.4004632591615795,54,22,0.9444444444444444,186,36,348,72,2.5511160492897034,7.878253407589471,0.22516601
99.89999986787004,0.27021079295552647,1.1905328279348135,55,21,0.8888888888888888,183,38,355,77,2.57061630487442,7.561802482679019,0.09027069
99.94999986769834,0.506536553839427,1.133955805544516,48,21,0.8888888888888888,180,36,335,71,2.524775266647339,7.646411758352203,0.2117762
