time_ns,ligand_com_displacement_A,ligand_pocket_com_distance_A,contact_atoms_4A,contact_residues_4A,initial_contact_residue_fraction_4A,contact_atoms_6A,contact_residues_6A,contact_atoms_8A,contact_residues_8A,protein_ligand_min_heavy_distance_A,ligand_z_from_membrane_center_A,ligand_sasa_nm2
0.0,0.0,1.2939113777011182,57,22,1.0,177,32,357,75,2.6115745306015015,9.283207838733345,0.22192776
0.05000000001018634,0.49892267117108113,1.3434657411944908,55,24,1.0,187,36,358,79,2.643274664878845,8.701343568847655,0.18953994
0.10000000002037268,0.401164922119738,1.6035511296907543,50,22,0.9545454545454546,185,37,364,75,2.644118368625641,9.058442555619859,0.1686644
0.15000000003055902,0.39531298284532224,1.5934752947823645,53,23,0.9545454545454546,187,33,369,78,2.61534720659256,9.153218552234144,0.21505219
0.20000000004074536,0.39929882798667415,1.5863335138577908,49,21,0.8636363636363636,176,35,360,79,2.6731380820274353,9.060847767464972,0.20730056
0.2500000000509317,0.524131293077043,1.5553111149297447,46,20,0.8636363636363636,178,34,368,79,2.6930320262908936,8.896423096499717,0.31105345
0.30000000006111804,0.8060341326259169,1.6585965290841511,50,21,0.8636363636363636,192,36,377,81,2.6353254914283752,8.489780087959069,0.16823544
0.3500000000713044,0.8333776210003039,1.8342671569640656,49,22,0.9090909090909091,191,37,371,82,2.870267629623413,8.3425408622284,0.13014749
0.4000000000814907,0.640242777322726,1.5036540903113624,55,22,0.9090909090909091,180,37,364,79,2.6488250494003296,8.079308749764769,0.13638183
0.45000000009167707,0.7616535131426151,1.6088519373347145,53,22,0.9545454545454546,175,35,352,74,2.6922619342803955,8.503542103148378,0.12287733
0.5000000001018634,0.5532094492443288,1.3408401721822552,48,21,0.8636363636363636,175,36,350,73,2.468181997537613,8.411842652023163,0.27343228
0.5500000001120497,0.49834891059507785,1.465967013448021,53,20,0.8636363636363636,179,34,356,79,2.6610708236694336,9.007940884349388,0.20810308
0.6000000001222361,0.6850381357702785,1.4413925242429062,52,21,0.8636363636363636,184,38,378,81,2.6787519454956055,8.601580241249378,0.17900631
0.6500000001324215,0.5603488999799519,1.5401778076076724,44,19,0.8181818181818182,181,38,366,79,2.604108154773712,8.615267340673478,0.1604793
0.7000000001426079,0.6513662078862703,1.5204726199579923,51,20,0.8636363636363636,187,37,376,77,2.4840812385082245,8.413001308524413,0.13735086
0.7500000001527942,0.7438520411108156,1.5968396470227533,48,21,0.8181818181818182,186,39,362,73,2.566884458065033,8.573768523595922,0.14762536
0.8000000001629806,0.8478654512982224,1.9333663804164947,43,20,0.8181818181818182,182,41,362,76,2.6947635412216187,9.09322632841783,0.1306313
0.8500000001731669,0.7922938471913745,1.924976926409777,48,21,0.8181818181818182,183,37,368,78,2.5601357221603394,8.642441948792854,0.0728678
0.9000000001833532,0.8639568184288924,1.7410026059009405,51,20,0.8181818181818182,175,36,358,75,2.614101767539978,8.854219755324841,0.0546467
0.9500000001935396,0.3402181611200256,1.4238914010037984,53,20,0.9090909090909091,174,36,365,75,2.49681755900383,8.829538720484766,0.1558887
1.000000000203726,0.7771901338894249,1.8631419701171406,56,23,0.9090909090909091,180,36,362,76,2.736392617225647,8.61987886549998,0.14702684
1.0500000002139123,0.4826533993463582,1.435328059306712,52,20,0.8636363636363636,184,37,371,77,2.7869561314582825,8.897617911967028,0.26789078
1.1000000002240986,0.9247305154024377,1.8837784043131987,48,22,0.8636363636363636,187,37,371,76,2.659297287464142,8.233796524048058,0.15810068
1.150000000234285,0.8432328350222486,1.7002000689756755,55,22,0.8636363636363636,185,36,380,80,2.5993892550468445,8.083088002813525,0.09724841
1.2000000002444713,0.4888454368240269,1.5212612095914504,52,22,0.9090909090909091,185,36,374,79,2.538207769393921,8.00922492721651,0.19208562
1.2500000002546576,0.505899187526019,1.5538250176131334,46,23,0.9545454545454546,175,34,364,74,2.685404419898987,8.13358927390758,0.21623865
1.300000000264844,1.0698283877268289,1.7473384595398522,50,22,0.9090909090909091,186,35,377,74,2.679547667503357,7.841692084121528,0.22609833
1.3500000002750303,0.35981678158561026,1.3320690101940702,46,22,0.9090909090909091,182,36,365,78,2.5814685225486755,7.440589362133263,0.17584899
1.4000000002852167,0.5009150976179951,1.5759429314363054,49,23,0.9090909090909091,180,34,373,78,2.6054254174232483,7.584911608671332,0.23059997
1.450000000295403,0.7215066284368077,1.4785228928964755,55,21,0.9090909090909091,181,38,390,80,2.622028887271881,7.1700876585348805,0.213014
1.5000000003055893,0.6348533780836967,1.4272634556308172,49,23,0.9090909090909091,185,39,384,80,2.4951551854610443,6.596283685204654,0.20955199
1.5500000003157757,0.7425679529155578,1.3949605538289136,53,22,0.8636363636363636,180,37,369,80,2.6448869705200195,6.610022002067053,0.11180346
1.600000000325962,0.6057587533160479,1.4185964535707372,42,19,0.8181818181818182,184,36,384,78,2.6580414175987244,6.5244895893914645,0.11838217
1.6500000003361501,0.6608214548286955,1.4178818268182827,52,21,0.8636363636363636,186,36,363,76,2.6511022448539734,6.293508393539611,0.21095204
1.700000000346333,0.8189095542084399,1.5444864191230034,50,20,0.8636363636363636,175,37,359,71,2.8531166911125183,6.39127253389943,0.14926441
1.750000000356521,0.5866436078668562,1.5910036169103214,54,23,0.9545454545454546,184,38,361,77,2.543129622936249,7.064117423586618,0.14181678
1.8000000003667074,0.5608739297126378,1.5765230290872967,49,21,0.9090909090909091,178,35,362,79,2.6210781931877136,6.77943622181699,0.20681068
1.8500000003768937,0.6111607916183416,1.3036642017808573,46,21,0.9090909090909091,175,36,365,77,2.665647864341736,6.326041947212762,0.17842194
1.90000000038708,0.3702779767227307,1.5005851505531944,42,20,0.8636363636363636,185,37,358,75,2.60320782661438,6.940744833014847,0.33301598
1.9500000003972664,0.8094082418238934,1.4109204691390251,49,22,0.8636363636363636,183,37,364,75,2.702484428882599,5.905953405693527,0.14750735
2.0000000004074545,0.6760923445848155,1.4857291507531265,46,18,0.7727272727272727,184,35,364,78,2.5931981205940247,6.213551225554195,0.17411149
2.0500000004176373,0.753627083162428,1.240050904515718,54,20,0.8636363636363636,181,35,370,75,2.601526975631714,6.0881645346947,0.16560973
2.1000000004278254,0.38717822163383975,1.333626463943666,45,20,0.8636363636363636,188,39,366,73,2.4093960225582123,6.059725401630249,0.21855056
2.1500000004380118,0.5519809876158092,1.517625064072391,44,21,0.8636363636363636,178,37,369,77,2.716791033744812,6.515852499725261,0.23963852
2.200000000448198,0.5123968455027093,1.269118684242037,51,22,0.9090909090909091,180,35,359,72,2.645007371902466,6.386405055215212,0.35116428
2.250000000458386,0.470148636886877,1.4949108877438633,49,22,0.9090909090909091,176,35,358,76,2.689359486103058,6.071457995528746,0.13502057
2.300000000468569,0.36120754672423516,1.3707460108175964,44,18,0.7727272727272727,173,35,345,74,2.5813108682632446,6.509531342678185,0.21760628
2.350000000478757,0.7737789082530278,1.7018526752516747,42,19,0.7727272727272727,177,37,367,77,2.694842219352722,6.703634720535989,0.20740092
2.4000000004889435,0.438658470393615,1.3941375953178403,43,21,0.9090909090909091,185,38,363,75,2.5696808099746704,6.894526126470595,0.16331117
2.45000000049913,0.39550111292044776,1.3924616385741335,56,23,0.9545454545454546,176,36,358,80,2.527618706226349,7.087378899671508,0.20442167
2.500000000509316,0.9239208720852726,1.4721919976134037,51,23,0.8636363636363636,184,38,371,73,2.524365782737732,6.630163086540621,0.11680006
2.5500000005195025,0.6718941515133332,1.6513787692769526,44,21,0.8636363636363636,178,35,357,74,2.5522401928901672,7.204953420821694,0.23053077
2.6000000005296906,0.34371712516408054,1.3321538976432559,57,24,1.0,184,34,367,78,2.5494858622550964,6.769058489763031,0.2920099
2.6500000005398734,0.6189505519793644,1.3897125659128864,56,19,0.8636363636363636,177,37,351,73,2.597913146018982,6.256556280893006,0.061800893
2.7000000005500615,0.619503899910571,1.2738579888998083,47,18,0.7727272727272727,173,36,351,75,2.61859267950058,6.2006179354132485,0.1348925
2.750000000560248,0.5573186554104369,1.2059519030730546,57,21,0.9090909090909091,183,36,359,72,2.5901079177856445,6.283763880108513,0.22741671
2.800000000570434,0.3538921026670739,1.2164674015089987,44,20,0.8636363636363636,175,35,356,75,2.5808292627334595,6.2289421987891735,0.26538238
2.8500000005806223,0.5415134306102866,1.2064904849559772,58,19,0.8636363636363636,178,38,364,77,2.6223737001419067,6.169321900683498,0.13551186
2.900000000590805,0.6238271655302772,1.3666031806926582,50,20,0.8181818181818182,180,35,362,80,2.511069178581238,5.924094422132775,0.14323695
2.950000000600993,0.6192686926616813,1.2326434240654118,48,22,0.9090909090909091,179,34,363,77,2.8338971734046936,5.821540850523093,0.11023247
3.0000000006111796,0.7702277128213784,1.2941212684354055,45,19,0.8181818181818182,174,36,351,74,2.686731219291687,5.794780642299253,0.12916386
3.050000000621366,0.6471768575479597,1.3247380478105302,52,20,0.8181818181818182,183,39,354,75,2.6361095905303955,5.952401853250651,0.1411579
3.1000000006315522,0.8824296709699084,1.5003226427322813,47,20,0.7727272727272727,172,35,352,76,2.5461620092391968,5.969473873705731,0.12456739
3.1500000006417386,0.9423673127620119,1.3827823896332863,45,19,0.7727272727272727,171,36,347,71,2.782908082008362,5.795321369819879,0.15750155
3.200000000651925,0.7249189376333967,1.5756742204430998,43,21,0.8636363636363636,190,36,372,80,2.6559963822364807,6.61583338607822,0.1635435
3.2500000006621113,0.6814940120247479,1.4526923883153606,52,23,0.9090909090909091,184,37,364,77,2.57726788520813,6.2505459039727285,0.17928657
3.3000000006722976,0.5136779891867207,1.4669918902748935,49,21,0.9090909090909091,181,39,371,78,2.4451488256454468,6.376795788956349,0.1173488
3.350000000682484,0.7664676399295579,1.4272850367315624,47,21,0.8636363636363636,191,39,368,78,2.5148755311965942,6.351285594153753,0.11433441
3.4000000006926703,0.698715964920158,1.5844790796041708,44,19,0.7727272727272727,190,40,371,79,2.4987149238586426,6.499742699104107,0.104380704
3.4500000007028584,0.7000525519498082,1.3364193430446831,44,20,0.8181818181818182,185,38,374,79,2.492038309574127,6.297209843153633,0.156349
3.500000000713041,0.5828796744396846,1.4044483216801997,44,21,0.8636363636363636,185,39,367,78,2.6293939352035522,6.3138775557001825,0.17003888
3.5500000007232293,0.5959039188582353,1.467425784319715,51,21,0.8636363636363636,184,37,367,74,2.4508440494537354,6.343101761705006,0.098527685
3.6000000007334156,0.7797135866872977,1.443895111045344,52,20,0.8181818181818182,185,40,364,74,2.4461589753627777,6.233891861531351,0.15787508
3.650000000743602,0.6348046979644727,1.3900167433009394,48,22,0.8636363636363636,186,39,382,79,2.697366774082184,6.7719064510478155,0.13928941
3.70000000075379,0.8991242851423284,1.4547153313276937,51,23,0.9090909090909091,184,38,367,75,2.4913617968559265,6.347717605882464,0.10776457
3.750000000763973,0.6058880019220607,1.457404968523147,41,19,0.7727272727272727,176,37,356,77,2.55196213722229,6.709677899800015,0.07219547
3.800000000774161,0.44784980918896516,1.3596322139508574,42,21,0.8636363636363636,182,39,360,77,2.5952333211898804,6.769702937105739,0.13184664
3.8500000007843473,0.9295103515467136,1.3845407296578804,47,21,0.8181818181818182,181,35,376,78,2.676420211791992,6.072623471585636,0.080254644
3.9000000007945337,0.5896074221940819,1.345032734412254,50,21,0.8636363636363636,181,37,365,79,2.7426865696907043,6.775381259351523,0.18036793
3.95000000080472,0.7720932522902999,1.200897578995662,47,20,0.8181818181818182,179,36,358,78,2.634941041469574,6.448369925615536,0.13008325
4.000000000814906,0.8190054782507432,1.2710356847449658,46,20,0.8636363636363636,177,35,369,76,2.5147435069084167,6.574198563357836,0.1259473
4.0500000008250945,0.8471537097566781,1.3756179115558886,47,22,0.9090909090909091,185,39,378,78,2.6929154992103577,6.137175373521142,0.12197806
4.100000000835277,0.9323269466922475,1.164977071427877,40,20,0.8181818181818182,178,36,348,73,2.650861442089081,5.65996011345363,0.20401812
4.150000000845465,0.6237953641936758,1.3420980293187261,45,21,0.9090909090909091,182,39,358,76,2.515682578086853,6.557257697522649,0.08867277
4.200000000855652,0.9396344371249065,1.3854266313415113,48,22,0.8636363636363636,180,38,367,77,2.675868272781372,6.575752958318928,0.12078637
4.250000000865838,0.8574995287050766,1.3301345241018026,52,22,0.8181818181818182,186,38,374,78,2.5010085105895996,5.977403318556247,0.12719738
4.300000000876026,0.47032098006734185,1.3332440522609272,51,19,0.8181818181818182,183,36,367,77,2.624644637107849,6.73832616217271,0.20651153
4.350000000886209,0.5767762161464833,1.407328011541524,42,20,0.8636363636363636,184,39,361,75,2.5905239582061768,6.8323057022408396,0.12066825
4.400000000896397,0.26869786851761457,0.9477635972547873,46,20,0.8181818181818182,188,38,363,77,2.6522475481033325,6.702066622228662,0.15326197
4.450000000906583,0.6942138715504554,1.2283833610438213,44,20,0.8636363636363636,183,39,367,77,2.5222384929656982,6.110719608969957,0.1304864
4.50000000091677,0.8029966701083292,1.3251300761597806,51,20,0.8181818181818182,183,36,372,75,2.6634949445724487,5.3539442402046955,0.11909809
4.550000000926956,0.7610113771892612,1.4391264580976846,43,19,0.8181818181818182,182,38,366,76,2.548415958881378,5.803219722727473,0.11113065
4.6000000009371425,0.4259998513653124,1.280890067564181,48,21,0.8636363636363636,179,39,354,75,2.4561507999897003,5.86165294835836,0.19895625
4.650000000947331,0.6489519723840114,1.3702154894812857,49,21,0.9090909090909091,182,33,363,77,2.6280418038368225,5.590679282746667,0.2166264
4.700000000957513,0.7648427385949196,1.591010322581806,50,20,0.9090909090909091,178,38,360,76,2.6295065879821777,6.147747045727474,0.2283
4.7500000009677015,0.478030434734475,1.2969918661347124,48,19,0.8181818181818182,178,37,354,75,2.4585922062397003,5.63091368979606,0.11519222
4.800000000977888,0.7474248174056184,1.3193818092525644,52,21,0.8636363636363636,179,33,366,78,2.600035071372986,5.128359625427521,0.16913871
4.850000000988074,0.5161794895386859,1.5873544485141222,49,24,0.9545454545454546,179,35,360,80,2.5209853053092957,5.489283526764064,0.22822377
4.900000000998262,0.44030817235169556,1.5042225533978728,44,19,0.7727272727272727,171,35,331,73,2.4955691397190094,5.937552671173698,0.24787009
4.950000001008445,0.5562184281799396,1.1162772112804695,53,21,0.9090909090909091,176,35,359,78,2.516598701477051,4.9513175149714606,0.112881504
5.000000001018633,0.5590848158234555,1.2152592000014926,52,22,0.9545454545454546,181,39,357,74,2.551162838935852,5.589392361431029,0.14454572
5.0500000010288195,0.3142023342940686,1.21970012998854,48,19,0.7727272727272727,178,37,359,80,2.521412968635559,5.746788487519625,0.18034294
5.100000001039006,0.28735008523109684,1.296474449581766,51,21,0.9545454545454546,175,33,364,79,2.5463980436325073,5.656012268407391,0.23481911
5.150000001049192,0.6732244847991244,1.3401013365190257,47,21,0.8636363636363636,186,37,368,79,2.505873441696167,5.494786853201896,0.2634591
5.2000000010593785,0.2692222400234553,1.4107593823839277,53,23,0.8636363636363636,180,34,366,81,2.5177663564682007,5.8763151487650145,0.2433256
5.250000001069565,0.28068951990205526,1.4471972506040278,44,18,0.7272727272727273,176,36,357,77,2.6142945885658264,5.901897491093626,0.21614301
5.300000001079751,0.5267438815313245,1.6381148968133652,53,20,0.8181818181818182,182,37,359,77,2.5655779242515564,5.233930336306454,0.21348684
5.350000001089938,0.7518051352248598,1.5642262844388464,53,22,0.9545454545454546,182,34,351,74,2.535727024078369,5.928107037833277,0.1433958
5.400000001100124,0.37025375038504976,1.3367671445916605,51,19,0.7727272727272727,180,35,357,76,2.484537363052368,6.125889834433353,0.2049773
5.45000000111031,0.16077514201827342,1.235961500876058,55,22,0.9090909090909091,183,36,353,77,2.598920464515686,6.165250275476355,0.18396452
5.500000001120498,0.25061933266929937,1.2849798794003495,47,20,0.8181818181818182,178,35,361,75,2.603510320186615,6.039285346804117,0.21648039
5.550000001130681,0.3202334665882163,1.3243688944630119,51,23,0.9545454545454546,185,37,353,74,2.6139870285987854,5.836501883542553,0.21171795
5.600000001140869,0.2748576717797526,1.3370873805896344,54,24,0.9545454545454546,187,36,366,79,2.6863080263137817,6.370979475791021,0.18917957
5.650000001151056,0.5125980000215024,1.354037007823377,51,21,0.8636363636363636,178,36,347,73,2.643108069896698,6.164518438509532,0.23049037
5.700000001161242,0.41271613459985473,1.3730259869770833,48,21,0.8181818181818182,179,34,354,75,2.5924065709114075,5.836833404805493,0.2840534
5.75000000117143,0.23102266761312334,1.3761304978545486,50,22,0.9545454545454546,181,35,361,77,2.65488862991333,6.120121597985122,0.28395116
5.800000001181615,0.6137362497196538,1.5962208886130602,51,21,0.9090909090909091,176,34,360,77,2.5936725735664368,6.822942190079031,0.19683328
5.850000001191801,0.4851307585861174,1.6763839677187196,53,23,0.9090909090909091,180,37,365,80,2.5755682587623596,6.526217637250076,0.16977836
5.900000001201987,0.4603099143221073,1.4956467029444487,54,19,0.8636363636363636,180,36,369,79,2.592916488647461,6.554068953032406,0.13683383
5.950000001212174,0.3342007441572182,1.393528349832684,53,22,0.8636363636363636,177,34,359,75,2.5045600533485413,6.891913044067053,0.19843355
6.00000000122236,0.38912408040123003,1.3915858093131441,51,23,0.9090909090909091,172,35,360,76,2.449920177459717,6.788777178265786,0.26644343
6.050000001232546,0.6082424594511311,1.3116512681039558,47,19,0.8181818181818182,178,37,356,77,2.7239596843719482,6.420619867795967,0.10527627
6.1000000012427344,0.7572412983367212,1.310938115447586,51,17,0.7727272727272727,173,36,346,71,2.498404085636139,6.09381181927553,0.2296513
6.150000001252917,0.4625588984240496,1.3802647197785614,48,22,0.9545454545454546,174,36,361,77,2.7554044127464294,6.108243390864088,0.21554045
6.200000001263105,0.5814728139225999,1.3518911681777714,48,22,0.9090909090909091,178,36,364,77,2.504238784313202,5.872581270610366,0.16338745
6.250000001273292,0.473398730623176,1.4194190784656524,46,19,0.7727272727272727,171,35,361,74,2.5486603379249573,6.213938299849389,0.30749935
6.300000001283478,0.6443840682285527,1.3988371126861519,51,19,0.7727272727272727,178,35,371,80,2.53373920917511,5.819949081155507,0.21569806
6.350000001293666,0.5959097124962922,1.4514662069132076,49,20,0.8636363636363636,177,36,364,76,2.6422014832496643,6.33811594878213,0.16701823
6.400000001303849,0.6646135940033113,1.4221128271285877,49,15,0.6818181818181818,174,37,351,70,2.678673267364502,5.572701336710946,0.13401043
6.450000001314037,0.9902396413654712,1.4517250240849944,50,18,0.7272727272727273,177,37,362,74,2.715409994125366,4.793658986419489,0.054498307
6.500000001324223,0.5884847812015275,1.1952271320801626,56,21,0.9090909090909091,179,37,360,74,2.417360544204712,4.990401074419903,0.20470254
6.55000000133441,0.6270696191714903,1.243953843122255,46,19,0.7727272727272727,176,36,369,76,2.6184600591659546,4.622482509163479,0.1977692
6.600000001344596,0.3455706011280369,1.441913926575312,52,21,0.8636363636363636,180,34,361,75,2.583741247653961,5.721805163481406,0.25883105
6.650000001354782,0.5829771000050422,1.4703051776744478,54,22,0.9545454545454546,175,34,371,79,2.5170737504959106,6.339342362896501,0.26387185
6.7000000013649705,0.5776495084778378,1.3413998016303323,51,21,0.9090909090909091,180,36,349,73,2.6688244938850403,6.328704179644662,0.32735837
6.750000001375153,0.5160333373890981,1.4543619789372042,52,22,0.9090909090909091,178,35,364,78,2.65310138463974,5.384945845678715,0.2002438
6.800000001385341,0.6486102546399983,1.4582157962777247,50,20,0.8636363636363636,178,36,357,73,2.5907671451568604,5.867136842669032,0.16633826
6.850000001395528,0.39279615251187067,1.3662549079777793,52,23,0.9090909090909091,179,36,361,77,2.723623812198639,6.111178631479204,0.25258723
6.900000001405714,0.8256005473437095,1.6348247557900977,52,20,0.7727272727272727,182,35,364,80,2.426546812057495,5.71916707347544,0.24273688
6.950000001415902,0.5336585630136516,1.5466640657210506,53,21,0.8636363636363636,178,33,361,77,2.5282904505729675,5.823065634732867,0.14254233
7.000000001426085,0.47078057306776533,1.4565949226113735,48,23,1.0,178,35,358,77,2.5919008255004883,6.060133606797713,0.1848079
7.050000001436273,0.5801302594777001,1.432641511998907,51,18,0.7727272727272727,182,36,370,77,2.618529498577118,6.055678050559932,0.23952425
7.1000000014464595,0.2828643516161172,1.421433960155384,48,21,0.8636363636363636,184,37,367,77,2.5571534037590027,6.111183354529661,0.20929673
7.150000001456646,0.4660388820222769,1.4699391457879307,50,18,0.7272727272727273,175,33,361,79,2.707488536834717,6.423736064502634,0.18393844
7.200000001466832,0.2681753283828465,1.231392765882879,52,20,0.8636363636363636,176,33,370,76,2.5374746322631836,6.30682463699082,0.17926279
7.2500000014770185,0.3665729908769116,1.33665372389716,50,18,0.7727272727272727,176,37,367,76,2.6173430681228638,6.370188489491637,0.14282084
7.300000001487205,0.31682137243191943,1.5038475899083958,52,21,0.8181818181818182,183,37,374,76,2.5449419021606445,6.500627007414197,0.16168262
7.350000001497391,0.326717802265378,1.4669754578643415,54,22,0.9090909090909091,180,35,358,75,2.616785168647766,6.889886212778649,0.3351403
7.4000000015075775,0.5141831334525595,1.4736082687875671,48,19,0.7727272727272727,179,34,353,76,2.5658148527145386,6.724076813479867,0.3860401
7.450000001517764,0.49485780170003923,1.506626158040504,54,19,0.7727272727272727,174,39,355,75,2.69974023103714,6.6308541118560616,0.18184349
7.50000000152795,0.8896998870596563,1.69237558708843,51,18,0.7727272727272727,179,37,360,75,2.621144950389862,6.5540670995408945,0.1742655
7.550000001538138,0.8205972061289991,1.6331390783751774,49,20,0.9090909090909091,177,34,371,76,2.6288452744483948,6.48233908361874,0.2155939
7.600000001548321,0.741168419828281,1.6891312276675112,47,20,0.8636363636363636,175,33,357,75,2.569928467273712,7.096752297078268,0.24760273
7.650000001558509,0.6302576810059207,1.4139120082159409,53,21,0.8636363636363636,183,34,365,77,2.6017168164253235,6.5917731940251745,0.22316003
7.700000001568696,0.3526125931776154,1.303100600551442,52,21,0.7727272727272727,183,34,364,76,2.6565945148468018,6.198413340788811,0.23673953
7.750000001578882,0.4392968256204133,1.5921773922623994,40,16,0.6363636363636364,167,35,353,77,2.646676003932953,7.006511055209437,0.2857368
7.80000000158907,0.6445540832668781,1.6119458220101477,43,18,0.8181818181818182,181,38,356,78,2.7655133605003357,6.6642685640418,0.21858782
7.850000001599255,0.32922078214563383,1.3058278725245374,52,22,0.9545454545454546,177,36,376,79,2.472962737083435,6.208591851576086,0.30324984
7.900000001609441,0.2985844553509691,1.3280369739478217,52,23,0.9545454545454546,176,35,363,76,2.5247955322265625,5.684779808719647,0.21741033
7.950000001619627,0.6580153064497669,1.374820725616588,46,21,0.8636363636363636,181,36,372,75,2.6952046155929565,5.947722246000637,0.16367555
8.000000001629813,0.6344069360713931,1.1539231086964938,51,21,0.9090909090909091,181,37,361,77,2.607129216194153,5.440513056744551,0.14002256
8.050000001639999,0.646452468610259,1.2725344758759762,58,21,0.8636363636363636,179,33,367,77,2.6618966460227966,5.808889548949248,0.17534497
8.100000001650185,0.7140439780667152,1.5111096424379276,52,24,1.0,184,39,377,81,2.5770747661590576,5.777265633758537,0.20148188
8.150000001660372,0.5781731414644004,1.512202958837958,51,18,0.8181818181818182,175,34,362,75,2.6410895586013794,5.9177985695506585,0.19854823
8.200000001670556,0.39482871784322937,1.2722220710172634,53,22,0.9545454545454546,174,34,358,76,2.583591341972351,5.3946486004019345,0.2111936
8.250000001680746,0.4368119037803769,1.0901317304855975,51,21,0.9090909090909091,173,34,363,76,2.618096172809601,5.544180318924692,0.16956805
8.300000001690933,0.6642007076930001,1.4766735323505977,44,21,0.8636363636363636,178,35,358,79,2.5155651569366455,6.424005785889904,0.16359389
8.350000001701119,0.6680834276406151,1.546205279806379,48,20,0.8636363636363636,171,31,353,75,2.723178267478943,6.239728642474569,0.21239254
8.400000001711305,0.5044198088887532,1.6192097071941762,50,23,0.9090909090909091,177,33,365,77,2.642117142677307,6.443657731710353,0.18259896
8.450000001721488,0.81180141102692,1.7517201608492945,52,23,0.8636363636363636,188,39,365,76,2.597394287586212,6.604443873722339,0.21307391
8.500000001731678,0.5701391599705956,1.4837559193420113,54,23,0.9090909090909091,181,36,362,76,2.532224953174591,7.229397825122046,0.1743166
8.550000001741864,0.4097884392655682,1.4021027232909258,53,23,0.9090909090909091,188,37,367,80,2.681545317173004,6.796575167356487,0.19867562
8.60000000175205,0.41907092716891503,1.5482657810389366,53,23,0.9090909090909091,182,34,358,78,2.6036223769187927,6.827924764152398,0.16299577
8.650000001762237,0.7034197466642499,1.9186570993950782,53,17,0.7272727272727273,180,39,360,79,2.567017376422882,7.21476305195476,0.30420002
8.700000001772423,0.4316157327446639,1.5978652770694135,52,23,0.9090909090909091,186,36,368,78,2.72668719291687,6.803653873567059,0.14251827
8.75000000178261,0.7369126190339625,1.549363785733624,48,19,0.7727272727272727,181,34,352,74,2.546888291835785,7.133981418515818,0.17144409
8.800000001792792,0.42282278383831273,1.3645748994655902,49,22,0.8636363636363636,184,34,366,78,2.5427061319351196,6.822621880190258,0.18779962
8.850000001802979,0.8681832166779136,1.5021749739176729,52,23,0.9090909090909091,179,34,372,78,2.597634792327881,6.5083427757510215,0.25384733
8.900000001813165,0.7052738988286155,1.5612092920119265,49,20,0.8181818181818182,176,35,358,75,2.545498013496399,6.614029639673937,0.2797881
8.950000001823351,0.6139748036593297,1.5314427545868659,42,20,0.8636363636363636,181,35,370,75,2.5110703706741333,7.283160148076373,0.17445295
9.000000001833538,0.8238629161592249,1.5474236615346149,52,22,0.9090909090909091,184,35,379,76,2.5994637608528137,7.685413752299803,0.25145882
9.050000001843724,0.3879990802353625,1.3201065865148927,52,24,1.0,180,34,373,80,2.580852508544922,7.561741913368758,0.23181014
9.10000000185391,0.5445449487833507,1.466568295000776,46,21,0.8636363636363636,176,37,355,74,2.561650276184082,7.234292801968056,0.27119252
9.150000001864097,0.980620590936438,1.5907171572535792,52,19,0.7727272727272727,185,38,360,73,2.4242274463176727,7.016485031852122,0.13508569
9.200000001874283,0.6084255799491718,1.2979814295270828,53,22,0.9090909090909091,185,34,360,75,2.6279568672180176,7.365677215829436,0.16475753
9.25000000188447,0.526223145190177,1.4236635878719754,55,22,0.9090909090909091,193,36,357,78,2.6465538144111633,7.417178111030394,0.18959731
9.300000001894656,0.742919094678256,1.6417309197090033,48,20,0.8636363636363636,181,36,356,74,2.4851658940315247,7.299586237568478,0.21098132
9.350000001904842,0.9457441878009766,1.8288433242047686,47,20,0.8636363636363636,181,38,368,74,2.63254851102829,6.843930459375027,0.12603949
9.400000001915028,0.8361404409435534,1.7959588475787842,45,18,0.7272727272727273,177,38,367,77,2.6572346687316895,6.5851937386334125,0.21088742
9.450000001925215,0.3662495177397417,1.4257510811059926,53,21,0.9090909090909091,183,36,367,76,2.821502983570099,6.2485678768847475,0.2483717
9.500000001935401,0.7154522418961855,1.5681070089790299,47,21,0.9090909090909091,188,38,364,78,2.650541663169861,6.192979057785202,0.14559725
9.550000001945588,0.5865032758204487,1.4458416974280974,46,20,0.8636363636363636,179,38,366,77,2.529793381690979,6.1584656958403805,0.21647121
9.600000001955774,0.7694446905043352,1.4160627668836132,44,20,0.8181818181818182,171,38,365,75,2.525542974472046,5.964152363073234,0.22002494
9.65000000196596,0.4194576689576682,1.435657990448177,50,20,0.8181818181818182,184,39,363,74,2.5660771131515503,6.1639681402306845,0.19432957
9.700000001976147,0.5716821966388603,1.5110871601085671,50,21,0.8181818181818182,182,36,366,76,2.624758780002594,5.686053116240686,0.15263343
9.750000001986333,0.3560194826408342,1.3345169009737454,51,22,0.8636363636363636,174,34,351,74,2.513723075389862,6.108836112649065,0.29448414
9.80000000199652,0.4361644363813606,1.4365299097673712,55,23,0.9545454545454546,183,35,359,76,2.6797252893447876,6.033045490014048,0.199233
9.850000002006706,0.747750709625088,1.770745402200258,55,19,0.8181818181818182,187,40,353,74,2.7106550335884094,6.440743352333049,0.22882517
9.900000002016892,0.46580242431043534,1.2954347767371872,50,21,0.8181818181818182,176,37,359,73,2.6891282200813293,6.335205840481555,0.14540438
9.950000002027078,0.855886290301941,1.447867129161466,58,20,0.8636363636363636,180,37,351,75,2.704615592956543,6.733433777777895,0.24027698
10.000000002037265,1.063897616758877,1.7592560693815316,54,18,0.8181818181818182,175,39,354,72,2.5512805581092834,6.983517538333972,0.25491527
10.050000002047451,0.7230048412864253,1.705789085853435,53,22,0.8636363636363636,180,36,353,77,2.3835311830043793,6.433684237996857,0.22078764
10.100000002057637,1.1315267580158037,1.5538276182379651,52,18,0.7272727272727273,179,38,353,73,2.497701197862625,6.625786581990747,0.12635382
10.150000002067824,1.1153871932686619,1.6108364314144927,51,20,0.8181818181818182,187,40,355,73,2.6873353123664856,6.52246279864948,0.10681379
10.20000000207801,1.2548646126747638,1.7959348558236445,54,18,0.7727272727272727,182,38,353,72,2.612949311733246,6.5443686961894265,0.13859329
10.250000002088196,1.0740032875286287,1.6489130033732207,56,19,0.8181818181818182,182,38,346,74,2.543781101703644,6.81194474686861,0.17963843
10.300000002098383,1.0154741061363988,1.6193576998542212,60,21,0.8181818181818182,201,42,366,75,2.5737518072128296,7.030909092591333,0.05919253
10.350000002108569,0.932811509927902,1.5261364618260573,52,21,0.7727272727272727,183,39,361,73,2.5561165809631348,6.862293073424279,0.04144122
10.400000002118755,1.4211943078857048,1.9017006862931183,61,20,0.7272727272727273,182,40,365,76,2.499319761991501,7.245391930416156,0.037062008
10.450000002128942,1.106894288423573,1.433530247231759,51,20,0.7727272727272727,184,37,365,74,2.627873122692108,7.028107205749787,0.07127938
10.500000002139128,1.274234238708263,1.8225376345535107,54,21,0.7272727272727273,188,39,374,77,2.923039197921753,6.771584295368145,0.027280126
10.550000002149318,1.33045943440854,1.9015348811073225,55,21,0.8181818181818182,184,36,354,76,2.5393417477607727,7.5255498092572015,0.060409814
10.6000000021595,1.0233113619482785,1.5941359076707486,63,22,0.8636363636363636,186,37,362,74,2.578180730342865,7.238963708732005,0.07591809
10.65000000216969,0.9840978649873962,1.5676684193713573,53,21,0.7727272727272727,187,38,362,71,2.5247305631637573,7.049987747472759,0.103943676
10.700000002179873,1.0691803981902808,1.4846437471524687,56,21,0.8181818181818182,177,34,366,78,2.6111990213394165,7.063474603288755,0.12035484
10.75000000219006,0.6888065184950614,1.3180742972655943,58,22,0.8181818181818182,190,37,368,78,2.611623704433441,7.101006119858644,0.04644117
10.800000002200246,1.0662927138162925,1.5694135479249802,60,19,0.7727272727272727,189,40,371,76,2.5033006072044373,7.0159175954641295,0.0732877
10.850000002210432,1.1299389372094195,1.7505955615409494,58,20,0.8181818181818182,190,39,359,77,2.645418643951416,6.9685041260061364,0.06451441
10.900000002220619,1.0842463406643665,1.6551905392181487,54,20,0.8181818181818182,176,38,363,71,2.6684918999671936,6.168203463081392,0.10808931
10.950000002230805,0.8930017042642409,1.3755162594932733,53,22,0.8636363636363636,180,37,349,74,2.671286165714264,6.491185959476695,0.07314895
11.000000002240991,0.72618977271253,1.5394211312980528,52,19,0.7727272727272727,180,40,357,76,2.5450554490089417,6.255968526430351,0.042649325
11.050000002251178,0.7118364131979213,1.476144055877833,49,21,0.8181818181818182,184,39,356,72,2.5505855679512024,6.182447405445837,0.089459
11.100000002261364,1.1773126058132641,1.6885873600873818,54,20,0.8181818181818182,188,35,359,73,2.6549360156059265,6.530870388645749,0.060443193
11.15000000227155,0.6223375610620394,1.4997654037703978,51,21,0.8181818181818182,186,36,354,77,2.594793140888214,6.113237867838119,0.09493716
11.200000002281737,0.618513211330357,1.3445999184656303,49,17,0.7272727272727273,174,38,350,73,2.4639834463596344,6.3292135024219665,0.10276599
11.25000000229192,1.1091970124478592,1.7646478406319082,55,19,0.7272727272727273,177,36,360,77,2.7409210801124573,6.69979133309659,0.08887942
11.30000000230211,0.7313098345390261,1.561054046358383,57,21,0.7727272727272727,188,36,357,73,2.632700502872467,6.8427794903979855,0.09907231
11.350000002312292,0.742639925106283,1.4428929647557687,58,22,0.9090909090909091,185,36,351,76,2.523435950279236,6.978458477543565,0.18439782
11.400000002322482,0.13265987032576992,1.3716304794899303,51,20,0.7272727272727273,186,35,358,75,2.5850558280944824,7.050499124853022,0.12617587
11.450000002332668,1.2508628979557064,1.9373822744685165,57,21,0.8181818181818182,182,38,354,76,2.767995595932007,8.377390393543775,0.072973385
11.500000002342851,1.2306292296779717,1.8895420062245105,53,20,0.8181818181818182,174,37,351,75,2.6324063539505005,8.137566384535146,0.09020344
11.550000002353041,0.6061458252536286,1.4285605302806528,55,20,0.8181818181818182,187,38,361,77,2.618815302848816,7.012333875344181,0.12714331
11.600000002363227,0.895733198674778,1.953568121313132,49,19,0.7272727272727273,183,39,354,74,2.7387186884880066,7.357752528445758,0.1585412
11.650000002373414,1.1772354585521776,1.9054592892133446,54,20,0.7727272727272727,176,38,350,76,2.643696367740631,7.254077910086805,0.1507736
11.7000000023836,0.4206825275040873,1.1250790905975847,51,22,0.8636363636363636,183,34,358,79,2.560228407382965,6.727924357954054,0.14045128
11.750000002393787,0.8130997058194631,1.5838674023147494,55,19,0.7727272727272727,181,37,357,74,2.7778983116149902,6.6741107469312855,0.12818728
11.80000000240397,1.4282962261289078,2.192559979958478,51,18,0.7727272727272727,178,39,360,82,2.6196298003196716,6.995669849419013,0.06941339
11.85000000241416,1.1021604887450864,1.7383602867448158,56,21,0.8181818181818182,179,35,355,74,2.6090359687805176,6.97240765881908,0.05705063
11.900000002424346,1.1324259969901367,1.8380022232760145,57,22,0.8636363636363636,186,39,361,80,2.7883458137512207,6.949513728783048,0.05925588
11.950000002434532,1.4912461261511714,1.9712374960847137,54,20,0.8181818181818182,176,39,345,75,2.54377543926239,7.492762586230883,0.13235462
12.000000002444722,1.4323472592915047,2.138091014831285,53,19,0.7727272727272727,181,37,358,77,2.680721879005432,7.162793681280899,0.089576945
12.050000002454905,1.355368227639049,2.0256020419120566,57,20,0.8181818181818182,191,39,362,78,2.618839144706726,7.377370021609684,0.09932862
12.10000000246509,0.8345219959352241,1.5727394033087974,57,20,0.7727272727272727,179,34,359,76,2.6460880041122437,6.704782681382673,0.08877838
12.15000000247528,0.4713583216193171,1.1157365984622265,61,23,0.9545454545454546,191,34,359,76,2.6281514763832092,6.429159080890106,0.06896827
12.200000002485464,0.45739275223638654,1.3649117244581093,57,22,0.8636363636363636,187,36,362,79,2.621157169342041,5.543945400047745,0.09603529
12.25000000249565,0.4771286283462239,1.4586100672698792,56,21,0.7727272727272727,186,36,362,75,2.597702741622925,6.0244463582568475,0.106570855
12.300000002505836,0.6116802331066626,1.5568063641155596,60,22,0.8636363636363636,190,36,364,79,2.7260908484458923,6.135293167071554,0.092212714
12.350000002516023,0.44478960916592514,1.4240511471858783,56,25,0.9545454545454546,182,36,376,78,2.6901602745056152,5.769268572090018,0.124558285
12.400000002526209,0.5552392272297867,1.4379498165711604,57,22,0.9090909090909091,190,37,379,80,2.490058094263077,5.874454124261854,0.058275823
12.450000002536395,0.9976583120968957,1.7290402400653235,55,22,0.8636363636363636,185,36,378,79,2.572123408317566,6.653539732614515,0.11379571
12.500000002546582,0.8513314255920558,1.4710653082101275,63,22,0.9090909090909091,185,36,379,79,2.4985794723033905,6.500664213159064,0.08706337
12.550000002556768,0.7221841012415332,1.4975369124148283,60,22,0.9090909090909091,186,36,380,79,2.522587478160858,5.944852663856146,0.16750693
12.600000002566958,0.7572437649950409,1.520843570458001,54,25,1.0,190,36,365,79,2.7279719710350037,5.7380312149567025,0.16690505
12.65000000257714,0.5947530268606093,1.394630215641368,55,20,0.8181818181818182,189,34,360,75,2.718113958835602,5.927823117787749,0.12050627
12.70000000258733,0.5087985285222991,1.497712791709127,53,23,0.9545454545454546,195,36,376,78,2.6204699277877808,5.751179757069833,0.12318295
12.750000002597513,0.7703058611581897,1.4278341293283883,54,22,0.9090909090909091,184,36,365,78,2.656278610229492,5.047082091063775,0.09082718
12.8000000026077,0.6165293439546162,1.4031950122440418,49,23,0.8636363636363636,186,35,367,78,2.6227223873138428,5.340725410549396,0.09662246
12.850000002617886,0.7223650438098733,1.5865982396617462,52,21,0.8181818181818182,192,36,365,77,2.6561403274536133,5.774589816399027,0.114812225
12.900000002628072,0.5106525191643462,1.5260110560423048,56,23,0.9545454545454546,190,36,382,80,2.596934735774994,6.087233623722499,0.1558578
12.950000002638259,0.6425870419254576,1.3513042737555194,53,24,0.9545454545454546,193,40,375,79,2.7967509627342224,6.077104609886774,0.0892636
13.000000002648445,0.7315993127715588,1.5249001694847295,54,25,0.9545454545454546,191,35,374,78,2.673288583755493,6.056477509399452,0.16738693
13.050000002658631,0.7926812372816561,1.6372014977327678,59,21,0.8636363636363636,193,38,372,82,2.8907614946365356,6.225740320043007,0.11443266
13.100000002668818,0.40722010845301426,1.42858476104465,59,24,1.0,194,38,372,79,2.572980523109436,6.752719575398585,0.13699237
13.150000002679004,0.5747569346808112,1.2148973493978785,61,23,0.9090909090909091,189,36,364,76,2.6035884022712708,6.374665161673878,0.18534961
13.20000000268919,0.7539164590257559,1.360996321730517,60,23,0.9090909090909091,189,36,373,78,2.6135066151618958,6.222539401387461,0.07763684
13.250000002699377,0.5917794465592517,1.4206344216516151,62,24,0.9090909090909091,196,38,378,79,2.743418514728546,6.284849543056437,0.063004196
13.30000000270956,0.3374543765568336,1.0641459162637443,57,23,0.9545454545454546,187,35,377,78,2.5551050901412964,6.3750852317452456,0.11463289
13.35000000271975,0.7344760140931785,1.4267765980661864,57,23,0.8636363636363636,191,39,369,76,2.62056827545166,6.451099720497746,0.106873885
13.400000002729932,0.4485680087824903,1.318963655906709,57,22,0.8636363636363636,189,34,370,79,2.5991377234458923,6.437492009134971,0.20068975
13.450000002740122,0.5958689243378011,1.528891071086436,58,23,0.9090909090909091,186,36,376,79,2.6219746470451355,6.388168274402535,0.12989464
13.500000002750308,0.757500230478616,1.3380886867987598,58,23,0.9090909090909091,187,37,364,77,2.528335154056549,6.028721221998943,0.15414466
13.550000002760491,0.473222962678166,1.5523758695750618,66,24,0.9090909090909091,198,39,381,81,2.602429986000061,5.738464765420064,0.08241669
13.600000002770681,0.8184266968006805,1.5904233614273493,55,23,0.9090909090909091,185,37,382,81,2.5163784623146057,5.992216209173984,0.2041452
13.650000002780867,0.6109103099445152,1.4977543664973658,47,20,0.8636363636363636,183,34,367,79,2.5351887941360474,6.137684584163212,0.17920116
13.700000002791054,0.6301750315762976,1.4341734237560928,56,23,0.9090909090909091,184,36,376,78,2.651401460170746,6.0394986326443245,0.11846318
13.75000000280124,0.5600761793993487,1.428784777133463,60,23,0.9090909090909091,191,35,370,79,2.604565918445587,6.238626316675111,0.10971541
13.800000002811426,0.8119403244928618,1.6124830361992315,53,23,0.9090909090909091,190,39,375,78,2.628059685230255,5.587816149581641,0.13858914
13.85000000282161,0.6632943665980822,1.504878142649966,53,22,0.8636363636363636,187,34,370,79,2.484373152256012,5.708074254389235,0.14717816
13.9000000028318,0.5325638317276405,1.4582549776542872,52,20,0.8181818181818182,191,36,362,76,2.517939507961273,5.418387072227535,0.1358848
13.950000002841985,0.5985137480755852,1.2298080068670314,53,23,0.9545454545454546,184,37,365,79,2.609776556491852,6.284104013895391,0.105192244
14.000000002852172,0.7422431265878546,1.410552835439238,59,22,0.8636363636363636,189,38,363,78,2.753576934337616,6.145864355386257,0.12031843
14.050000002862362,0.7279983312992983,1.4710962737483326,66,25,1.0,193,38,375,79,2.6141446828842163,5.65967403406388,0.06789912
14.100000002872545,0.6412710600209448,1.3717851799460292,62,22,0.9090909090909091,183,36,383,82,2.612663209438324,6.240069741712659,0.09640527
14.15000000288273,0.7189908081475795,1.54577736570959,63,23,0.9545454545454546,196,36,384,80,2.6313522458076477,5.678677176919296,0.13523178
14.20000000289292,0.7463714244254328,1.61709568665791,63,23,0.9545454545454546,187,37,379,77,2.474723160266876,6.042922652165119,0.1528236
14.250000002903104,0.36727101840258847,1.2938407440640218,50,21,0.8181818181818182,186,33,370,78,2.6326116919517517,5.750365827691741,0.18390307
14.30000000291329,0.8753005942817389,1.490118553904153,54,23,0.8636363636363636,188,39,371,77,2.5816836953163147,5.370295826610656,0.08673828
14.350000002923476,0.7240362636110067,1.471600174548732,52,23,0.9545454545454546,184,36,366,79,2.4700644612312317,5.217189105509332,0.10853177
14.400000002933663,0.7868055617704648,1.5406273562229476,59,22,0.8636363636363636,187,35,370,77,2.803027033805847,4.717754334400723,0.06772226
14.450000002943849,0.8577460828318291,1.5870114135175148,59,21,0.8636363636363636,183,35,365,76,2.6537510752677917,4.816314408416185,0.17973036
14.500000002954035,0.4503169264410272,1.4101413239668519,54,23,0.9090909090909091,191,36,368,76,2.7518999576568604,4.837078835314834,0.10428001
14.550000002964222,0.9674582519959894,1.3691991597701758,62,23,0.8181818181818182,193,39,368,77,2.6171228289604187,4.629633010664573,0.10305937
14.600000002974408,0.8169044579979612,1.5885107523965916,60,23,0.9545454545454546,190,36,375,76,2.5325241684913635,4.907770709038095,0.11522861
14.650000002984598,0.7358105859055892,1.3457866570717438,51,22,0.9090909090909091,187,40,368,80,2.4956099689006805,4.596619273529594,0.049199466
14.70000000299478,0.6004302698109999,1.3400848420341487,58,22,0.8636363636363636,189,38,363,76,2.6420077681541443,4.767431559649564,0.117513046
14.75000000300497,0.9191372585329023,1.6879864306462222,53,22,0.9090909090909091,184,37,368,79,2.5474679470062256,4.776979922498503,0.05573997
14.800000003015153,0.5903819477220709,1.4585560362782723,60,24,0.9545454545454546,191,35,373,78,2.4399414658546448,4.968884578222772,0.11458582
14.85000000302534,0.4680883402194842,1.4322465612505524,54,22,0.8636363636363636,193,36,367,77,2.5365671515464783,4.773312166974426,0.116399564
14.900000003035526,0.5536211419587638,1.4609966773223937,61,23,0.9545454545454546,198,36,383,78,2.5652197003364563,4.336788025471341,0.13135165
14.950000003045712,0.6595495824030205,1.4328209632275524,57,23,0.8181818181818182,192,36,376,83,2.541879415512085,4.383650665012038,0.10791227
15.000000003055899,0.646574663288607,1.5712357105024923,59,24,0.9545454545454546,196,38,364,78,2.5547561049461365,4.979164833989813,0.15102118
15.050000003066085,1.317765763765313,1.9362034363096479,53,21,0.8636363636363636,186,38,361,79,2.5718241930007935,6.041542609820407,0.048660472
15.100000003076271,0.42503099337217326,1.2456527993205204,61,23,0.9090909090909091,191,37,377,80,2.6111891865730286,5.664026245135236,0.12358214
15.150000003086458,1.1640601129443922,1.7459931350429134,63,21,0.9090909090909091,191,39,369,76,2.587556540966034,5.2907849417033415,0.043140985
15.200000003096644,0.5089474262947683,1.4924928352197384,62,24,0.9545454545454546,194,37,366,79,2.5086072087287903,5.007319921084479,0.10051536
15.25000000310683,0.5200075173269535,1.1856072441277672,61,24,0.9090909090909091,194,38,375,80,2.73326575756073,5.2947592789962705,0.09181148
15.300000003117017,0.8312896327149852,1.7663785948596953,51,21,0.8636363636363636,180,37,374,77,2.635815143585205,5.642683670390909,0.10626584
15.3500000031272,0.937759008463789,1.5766989308274437,51,22,0.9545454545454546,181,37,367,77,2.5605764985084534,5.442111627113171,0.10723952
15.40000000313739,0.6758939313255024,1.5551296874888996,58,21,0.9090909090909091,192,39,374,79,2.711508274078369,5.031848377748895,0.07828579
15.450000003147572,0.6488649015961696,1.436652547060817,55,24,0.9545454545454546,195,36,375,79,2.767808735370636,5.269299761227035,0.12406571
15.500000003157762,0.655285871510982,1.590169824317538,59,22,0.9090909090909091,191,37,365,78,2.470029890537262,5.223614420668596,0.058330998
15.550000003167948,0.5276803658952538,1.3500964150547659,57,22,0.8636363636363636,183,32,372,81,2.744402587413788,5.107697172344814,0.05420576
15.600000003178131,0.5150549562392157,1.4781472023837963,55,22,0.9090909090909091,184,35,373,76,2.5296184420585632,5.228407858334734,0.13945192
15.650000003188321,0.9485212095322102,1.728788244812327,56,25,0.9545454545454546,186,38,375,77,2.565774619579315,5.5660287078488935,0.03146394
15.700000003198507,0.6179026010831882,1.6100957043882438,52,22,0.9090909090909091,182,33,366,77,2.678767740726471,4.638976130295882,0.11225082
15.750000003208694,0.3889043489909352,1.3935646941671262,60,23,0.9545454545454546,184,34,366,77,2.7925291657447815,4.8971970948958,0.09359821
15.80000000321888,0.35656063991829906,1.3462258006707453,56,23,0.9545454545454546,184,36,362,78,2.652214467525482,5.196904676412792,0.12085827
15.850000003229066,0.68624864601852,1.4510695162562695,62,22,0.9090909090909091,189,37,371,78,2.519870102405548,5.5072330271433945,0.12250302
15.90000000323925,0.8443012695791997,1.5409617979984336,55,22,0.8636363636363636,185,34,354,78,2.8076067566871643,5.334246594010015,0.15771031
15.95000000324944,0.515021269660357,1.5088542499650188,57,22,0.8636363636363636,187,36,371,80,2.517915964126587,5.333352612468056,0.18082395
16.000000003259625,0.8747811444121212,1.7239482425197237,56,19,0.8181818181818182,190,39,370,82,2.519138753414154,5.471947697592272,0.03391217
16.050000003269812,0.5654522015704033,1.5515678076322503,54,22,0.8636363636363636,187,36,367,79,2.7090993523597717,4.734938977651106,0.111441374
16.10000000328,0.655222981848116,1.4996188202668146,62,21,0.8636363636363636,186,36,366,76,2.5552386045455933,4.602473881660547,0.12403971
16.150000003290184,1.0110350414342664,1.8433002895673125,52,22,0.9090909090909091,191,39,372,76,2.6164060831069946,4.743810468199223,0.062462218
16.20000000330037,0.5749539406108574,1.3186715735584866,55,21,0.8636363636363636,189,35,370,79,2.598405182361603,5.032792181120076,0.14481091
16.25000000331056,0.4785203987063696,1.4390477180782995,57,21,0.8181818181818182,192,36,370,78,2.5610744953155518,4.771509135684857,0.11871843
16.300000003320744,0.7359363479250713,1.581865053671018,57,21,0.9090909090909091,182,36,370,76,2.4464158713817596,5.166234540376422,0.14479561
16.35000000333093,0.5430958001545981,1.3136507433649185,63,22,0.9090909090909091,187,35,365,78,2.6807701587677,5.048781267218061,0.12999472
16.400000003341116,0.2651657376056955,1.3151808729963936,58,23,0.9545454545454546,191,35,363,77,2.4826419353485107,4.926219155979457,0.08614491
16.450000003351303,0.6997154744789489,1.5185786466423568,56,21,0.8636363636363636,187,37,364,75,2.768242359161377,4.746339082109232,0.057023674
16.50000000336149,0.5901335498345827,1.541118786649582,56,22,0.9090909090909091,185,37,364,76,2.7299699187278748,4.932459560966267,0.089578554
16.550000003371675,0.9529239806806823,1.766410285887178,53,23,0.9545454545454546,188,38,363,79,2.604193389415741,5.351345490208139,0.1074117
16.60000000338186,0.7574783322735256,1.4983431115610841,58,23,0.9545454545454546,188,36,369,83,2.6151663064956665,4.98843353870936,0.12774302
16.650000003392048,0.8622712305066655,1.6187676750544975,56,22,0.9090909090909091,190,40,368,78,2.68246591091156,5.181837647104528,0.16631782
16.700000003402238,0.8871772390901679,1.7603822833692844,51,21,0.8636363636363636,178,36,367,75,2.6412048935890198,4.946335640791304,0.22899991
16.75000000341242,0.8267302720999657,1.645135965181299,60,22,0.9090909090909091,191,37,367,78,2.766622304916382,4.702426014799368,0.14116998
16.80000000342261,1.189545550826491,1.8608952511276176,52,20,0.8181818181818182,186,39,364,78,2.6859232783317566,4.92819947935029,0.11162565
16.850000003432793,0.6265620000188272,1.3428537356121082,48,19,0.8181818181818182,182,36,359,75,2.7138474583625793,5.629257795953606,0.122687414
16.90000000344298,0.6381045870467077,1.4733613627615942,51,20,0.8181818181818182,188,39,367,80,2.6734790205955505,4.930526050770085,0.10361061
16.950000003453166,0.5405413874029874,1.4148099157329832,56,22,0.9545454545454546,192,37,367,78,2.537964880466461,5.1050197109604145,0.08544469
17.000000003463352,0.7189997950921454,1.3991256300241484,53,24,0.9545454545454546,183,35,366,79,2.629142701625824,5.651160851482606,0.12770724
17.05000000347354,0.5971074805782381,1.3533107815146381,54,23,0.8636363636363636,182,35,366,79,2.7618351578712463,4.817293690965343,0.16773574
17.100000003483725,0.6528920606318434,1.3391535514428135,54,22,0.9545454545454546,186,35,366,78,2.552293539047241,5.211908709786677,0.12179331
17.15000000349391,0.5354504835965793,1.4740429047660972,55,23,0.9545454545454546,188,34,373,80,2.4492841958999634,4.891211684153758,0.108587146
17.200000003504098,1.0119620362267867,1.6474776058030631,57,22,0.8636363636363636,187,39,369,77,2.5988852977752686,4.875135762856013,0.104677916
17.250000003514284,0.6205931780845888,1.4245213448170522,56,23,0.9090909090909091,190,37,367,80,2.717815637588501,4.416273321286308,0.2103979
17.30000000352447,0.5702621459102657,1.4872113776382863,61,22,0.9090909090909091,189,36,372,78,2.5090235471725464,4.015568438644719,0.14246671
17.350000003534657,0.6706676821228572,1.5212025049544897,65,24,0.9545454545454546,193,36,372,79,2.425518184900284,4.4614038247264975,0.11516345
17.40000000354484,0.5122580168571539,1.4540825543229787,57,23,0.9545454545454546,192,36,368,79,2.702248692512512,3.9618350597561403,0.10497069
17.45000000355503,0.7982788629085803,1.4200255453339297,57,22,0.9090909090909091,186,34,365,78,2.5704246759414673,4.3812301023585665,0.077019766
17.500000003565212,0.39971966981421847,1.1208858405454223,60,23,0.9090909090909091,191,32,366,78,2.632910907268524,3.5786783474135753,0.09609094
17.550000003575402,0.38929352834767084,1.4033393446153921,55,23,0.9090909090909091,190,35,365,79,2.5478678941726685,3.831386966935675,0.11664609
17.60000000358559,0.5387272820053449,1.4778725911886506,55,21,0.9090909090909091,180,34,352,74,2.5976085662841797,4.202951915121744,0.0761569
17.650000003595775,0.6535784482190079,1.342483588544396,52,20,0.8181818181818182,182,37,353,77,2.6413264870643616,4.404532923327755,0.15147617
17.70000000360596,0.8062309918758324,1.6459467091919988,56,23,0.9090909090909091,182,37,368,78,2.479853332042694,3.8895772671685425,0.2020947
17.750000003616144,0.6737761281722104,1.4057187131351596,57,23,0.9545454545454546,183,34,359,77,2.4939587712287903,4.0622521129503575,0.24206656
17.800000003626334,0.5529897686836485,1.2329630428367826,58,22,0.9090909090909091,187,34,364,73,2.646133601665497,3.668400161196397,0.13040486
17.85000000363652,0.5439418155338813,1.4216199252693666,56,23,0.9545454545454546,187,36,378,79,2.5234270095825195,3.4161881598891863,0.16215718
17.900000003646706,0.8414216878359948,1.6985286237673256,55,21,0.8636363636363636,180,32,354,73,2.6419511437416077,3.3188511532412157,0.21982226
17.95000000365689,0.7881446080566229,1.6420906560371085,59,23,0.9545454545454546,183,33,360,76,2.613653838634491,2.914883800382926,0.22006482
18.00000000366708,0.6154866894554869,1.6911669520868997,53,21,0.9090909090909091,185,34,371,80,2.4781903624534607,3.362349001366516,0.10097779
18.050000003677265,0.5116909846204,1.4822943258288017,59,22,0.9090909090909091,190,35,359,75,2.5729236006736755,3.754080581767969,0.16568553
18.10000000368745,0.9489121703352734,1.6972254850572452,52,21,0.8636363636363636,183,36,368,78,2.7287498116493225,3.1769704232630325,0.16444369
18.15000000369764,0.5486441514358085,1.4494960262483516,54,21,0.8181818181818182,186,35,365,79,2.599416971206665,3.024023892815242,0.0961497
18.200000003707824,0.5706054748512529,1.41674336193823,60,23,0.8636363636363636,182,34,354,74,2.468503564596176,3.965369906985563,0.16870864
18.25000000371801,0.356124518455345,1.2573742381458133,48,19,0.8181818181818182,182,36,350,72,2.497316002845764,3.699030521815434,0.14823702
18.3000000037282,0.6946123495531922,1.5331635108805106,53,20,0.7727272727272727,186,37,354,75,2.556922435760498,4.663973650757516,0.1158945
18.350000003738383,0.6351238496174463,1.336621556599905,56,23,0.8636363636363636,183,34,350,77,2.650034725666046,4.340536448053252,0.1665438
18.40000000374857,0.5548651304704442,1.3910121032268918,38,17,0.6818181818181818,181,36,356,77,2.4048568308353424,4.345199553623376,0.1867654
18.450000003758756,1.2847581936996386,1.9126305914374004,48,19,0.7727272727272727,175,36,340,70,2.7004677057266235,5.190260456493947,0.29006743
18.500000003768942,0.9309848405948176,1.801882972641247,48,18,0.8181818181818182,179,36,349,72,2.655624747276306,4.0158518249718345,0.16367468
18.55000000377913,0.9743219910833905,1.4502484012892147,52,20,0.8181818181818182,176,35,344,73,2.674446403980255,4.609416160402002,0.20855448
18.600000003789315,0.9514792401363631,1.4879101946819828,49,21,0.7727272727272727,171,36,338,71,2.6947206258773804,4.909726486875483,0.259264
18.6500000037995,1.4730083681856334,1.7135165484433836,52,21,0.8181818181818182,174,34,344,72,2.4555744230747223,5.805870413584424,0.17109022
18.700000003809688,1.6136233108425961,1.8134803254032805,56,19,0.7727272727272727,176,36,343,72,2.5179576873779297,5.839551965775938,0.06699749
18.750000003819878,1.2744737332261777,1.664365476102814,52,21,0.8636363636363636,176,36,344,70,2.5174176692962646,5.270850943665115,0.10588329
18.80000000383006,1.0206407025161826,1.5773647339969092,51,20,0.7727272727272727,183,38,348,71,2.5507497787475586,4.878927026707176,0.11290511
18.85000000384025,1.027436814411965,1.667558402475473,48,19,0.8181818181818182,169,36,354,73,2.716352343559265,4.9225032628864,0.21625905
18.900000003850433,0.9251919333451003,1.5245874141443654,51,21,0.8181818181818182,182,37,354,73,2.6159441471099854,4.893962562656418,0.12014945
18.95000000386062,0.6031280758797377,1.1863922987722084,48,21,0.8636363636363636,183,35,356,77,2.5624841451644897,4.58385136300496,0.20497075
19.000000003870806,0.9124830665706489,1.3512028896963826,52,21,0.8636363636363636,178,34,347,73,2.4463126063346863,5.2170011186434095,0.22273892
19.050000003880992,1.1091352121427582,1.603200464153394,56,23,0.8636363636363636,182,37,360,75,2.674032747745514,4.968252333986047,0.115655616
19.10000000389118,1.1503173940085336,1.6017752063689947,50,20,0.8636363636363636,184,37,363,78,2.6460999250411987,4.711165761484004,0.1002135
19.150000003901365,0.5114320938115117,1.3323469233616636,51,20,0.8181818181818182,179,34,350,77,2.4966102838516235,4.548827607086929,0.18793087
19.20000000391155,0.8624857118340745,1.702420515529092,53,21,0.8181818181818182,183,38,356,76,2.74036705493927,4.618699626266114,0.19012082
19.250000003921738,1.075376483770347,1.7023081468874075,46,18,0.7272727272727273,179,36,349,72,2.6896125078201294,4.998869997063533,0.21484938
19.300000003931924,0.9909772729823242,1.2867511062767605,51,19,0.7727272727272727,170,37,351,73,2.6084545254707336,4.8245349369994805,0.18797281
19.35000000394211,1.2427222931078592,1.6944467891750759,47,18,0.7272727272727273,175,37,347,70,2.5494450330734253,5.687947978435357,0.15287425
19.400000003952297,0.9765396221216726,1.4303437611225491,56,21,0.7727272727272727,183,39,355,73,2.5876373052597046,4.7620212713909815,0.037442446
19.45000000396248,0.9756617210231605,1.586052022566193,52,19,0.7272727272727273,179,35,346,72,2.4444347620010376,4.9709262175391,0.1793429
19.50000000397267,1.3507399573262333,1.9137095623634772,53,19,0.7727272727272727,179,37,352,73,2.652306854724884,5.41793987711408,0.11050279
19.550000003982852,1.0111001610227075,1.495841783897852,57,21,0.8181818181818182,184,36,363,76,2.5027471780776978,4.463465067129269,0.058281623
19.600000003993042,0.6889622268944362,1.4135527485193677,55,21,0.8181818181818182,182,36,348,74,2.715633809566498,4.776540204617454,0.07159254
19.65000000400323,1.013277977721477,1.5129434126523569,56,19,0.7272727272727273,188,38,353,73,2.5003308057785034,4.558099505382556,0.014325916
19.700000004013415,0.9025777994357846,1.4915540475281177,53,21,0.7727272727272727,189,38,368,78,2.3556041717529297,4.455238467999134,0.06833592
19.7500000040236,1.0952944947848442,1.6592608061271092,54,19,0.7727272727272727,181,37,357,76,2.7179884910583496,5.243059390172089,0.031967558
19.800000004033784,1.0366838930823117,1.6360395723192889,58,22,0.8636363636363636,187,41,357,73,2.457316070795059,4.8177901834010495,0.061723392
19.850000004043974,0.5449256761009855,1.3171948963699898,51,20,0.8181818181818182,183,36,351,76,2.4124130606651306,4.729576227060699,0.11368984
19.90000000405416,0.9785620780437871,1.733736098621905,51,20,0.7272727272727273,177,38,349,70,2.608914375305176,5.339766001070574,0.086799294
19.950000004064346,1.1985647356278848,1.7128767443530055,55,19,0.6818181818181818,178,38,359,73,2.5453701615333557,5.01866095496144,0.08517735
20.000000004074533,1.0739450842863083,1.7009573921343866,54,21,0.8636363636363636,189,40,354,73,2.535492479801178,5.423243853472961,0.10213071
20.050000004084723,0.8104379846517706,1.5388836146391318,51,17,0.6818181818181818,188,38,353,74,2.673630714416504,5.414754903163628,0.022539478
20.100000004094905,0.9059872600957071,1.6132761877229478,57,20,0.7727272727272727,184,38,357,74,2.5264787673950195,5.157208929028982,0.033500817
20.15000000410509,0.9081925531485703,1.5312177025133689,53,22,0.9090909090909091,182,37,364,74,2.5468161702156067,5.302599650076534,0.08431766
20.20000000411528,0.7665823218362595,1.5010967516583316,56,20,0.7727272727272727,186,39,360,72,2.6935797929763794,4.580201152283694,0.086125925
20.250000004125464,1.0924787580832938,1.5986232375602363,56,21,0.8181818181818182,180,36,358,76,2.5562432408332825,5.504180758633046,0.048715964
20.30000000413565,0.7148286777244794,1.3782037930781645,54,20,0.7272727272727273,182,34,364,76,2.597608268260956,5.27281307567109,0.17871802
20.35000000414584,1.167715922356026,1.642157124221001,56,17,0.6818181818181818,183,38,351,70,2.48043030500412,5.879867827772811,0.13539505
20.400000004156023,0.5986452407010521,1.3838994106573352,46,17,0.6818181818181818,177,35,354,71,2.7459996938705444,5.1161830021864585,0.1585713
20.45000000416621,0.9682991508503362,1.3822305143369755,50,19,0.7272727272727273,189,37,354,73,2.6356521248817444,5.751668400067427,0.104522444
20.500000004176396,1.0370222981665311,1.5295098276762575,48,19,0.7727272727272727,181,36,348,71,2.563624680042267,5.703947840122527,0.1736306
20.550000004186582,0.8193264375524849,1.564610307044041,56,20,0.8181818181818182,185,36,358,73,2.5847768783569336,4.866739747399871,0.080358766
20.60000000419677,0.9487615899676034,1.4234137409085679,58,22,0.8636363636363636,190,37,363,74,2.531937062740326,5.442220106520814,0.06849786
20.650000004206955,0.9481947940152374,1.690122729416291,51,21,0.8636363636363636,188,37,355,73,2.6326993107795715,5.461867535866558,0.114204735
20.70000000421714,1.2901893014038366,1.775368059424689,60,19,0.7727272727272727,187,40,357,74,2.670196294784546,5.480203420277094,0.027020475
20.750000004227328,0.7637279184837238,1.2824382059513595,55,21,0.8636363636363636,188,36,356,73,2.598782181739807,5.009305836355411,0.10386562
20.800000004237518,0.581417671669997,1.1309582862050331,53,23,0.9090909090909091,183,34,354,72,2.769112288951874,4.603641965510992,0.0901336
20.8500000042477,0.9660333349630036,1.5480633819323586,55,20,0.8181818181818182,184,37,357,70,2.646109461784363,5.024738929538994,0.03960477
20.90000000425789,0.7025861033407556,1.273663029039446,54,23,0.8636363636363636,190,38,351,72,2.659042179584503,4.928045137003956,0.075557515
20.950000004268073,0.6617975787513587,1.3792882978524401,54,21,0.8181818181818182,188,37,348,72,2.7893775701522827,4.437761075917557,0.07671602
21.00000000427826,0.5683418664176125,1.2951264212707425,56,21,0.8181818181818182,183,33,348,71,2.6043549180030823,3.987196031946363,0.08905639
21.050000004288446,1.003686088989649,1.5700105685670929,55,19,0.7727272727272727,181,35,360,74,2.623388171195984,4.588749407018824,0.105942525
21.100000004298632,0.9920280994361403,1.4627325423636584,59,21,0.8636363636363636,188,38,367,76,2.5458312034606934,4.783023470864167,0.05537701
21.15000000430882,1.2273606659646905,1.819698948683037,58,20,0.8181818181818182,188,40,353,72,2.6282286643981934,4.914659169401654,0.009137675
21.200000004319005,0.8779125429433109,1.3426447258068988,58,22,0.8636363636363636,181,35,359,74,2.566656470298767,4.698909545695962,0.03336207
21.25000000432919,0.9883041050096932,1.5319202989198486,54,21,0.8181818181818182,189,37,361,74,2.547188401222229,5.067126083552189,0.055648237
21.300000004339378,0.7244702708267272,1.218430069546676,53,21,0.8636363636363636,184,35,350,70,2.6727423071861267,4.385020303388698,0.106438726
21.350000004349564,0.8435497360305131,1.4839310287179919,52,20,0.8181818181818182,178,36,352,71,2.5003838539123535,4.475993645664724,0.06503448
21.40000000435975,0.8347924236818361,1.333593678299434,54,23,0.8636363636363636,186,36,356,73,2.530992329120636,4.48215649279315,0.028582335
21.450000004369937,1.0011818837055295,1.240124783054521,56,21,0.8181818181818182,183,37,367,76,2.533043920993805,4.973092017448977,0.042726807
21.50000000438012,0.7479136030065304,1.29201951786184,56,22,0.8636363636363636,181,35,351,71,2.58187472820282,4.78484467457907,0.07513693
21.55000000439031,1.0197229538841839,1.484871031628499,58,22,0.8636363636363636,192,40,358,71,2.465342879295349,4.441373836236764,0.066525444
21.600000004400492,0.881968130686628,1.4568410524503206,55,19,0.7727272727272727,186,38,365,72,2.5738996267318726,4.239702924095612,0.057467375
21.650000004410682,0.9447955793980543,1.3202150154929302,60,22,0.8636363636363636,180,35,366,78,2.585209906101227,3.823468095415148,0.05437316
21.70000000442087,0.6922364869606468,1.2899085256210894,55,22,0.8181818181818182,186,36,357,74,2.5781527161598206,3.914681651580807,0.08315441
21.750000004431055,0.954134126720637,1.4255154286032767,59,20,0.7727272727272727,185,37,348,74,2.558234930038452,3.969965018574273,0.09272698
21.80000000444124,0.8598402311321829,1.284035981520206,57,24,0.9090909090909091,195,38,367,76,2.4448058009147644,3.7656895084919295,0.08600972
21.850000004451424,0.7147633376158593,1.161334242932643,56,22,0.8181818181818182,187,36,362,72,2.4662645161151886,3.5748067358745406,0.11955598
21.900000004461614,0.993390410739615,1.2947508321744046,52,21,0.8636363636363636,193,38,351,74,2.5904104113578796,3.328951476829509,0.08372135
21.9500000044718,0.9348178681030201,1.2953807071294985,57,20,0.7727272727272727,183,37,358,74,2.599499821662903,4.148806770800455,0.048753962
22.000000004481986,1.0252596321037604,1.2755117961697202,58,21,0.8636363636363636,182,38,354,74,2.4971215426921844,3.6776070646960157,0.076601416
22.050000004492173,0.892001431339142,1.534975593559257,52,19,0.7727272727272727,185,38,349,70,2.7335354685783386,4.003737820705222,0.023860605
22.100000004502363,1.067608249251357,1.533940176929842,49,18,0.7727272727272727,188,38,356,71,2.5370389223098755,4.402001116868979,0.041072443
22.150000004512545,0.840085167322887,1.5169719019428738,58,22,0.8636363636363636,186,38,373,76,2.554817795753479,3.7674572489702474,0.105172135
22.20000000452273,0.6536599349437742,1.2867975395068436,48,20,0.8181818181818182,182,33,358,74,2.641899585723877,3.3563851952188895,0.15630805
22.25000000453292,0.7563745971908187,1.5261924116419703,55,20,0.8181818181818182,194,38,365,71,2.5218164920806885,3.93391052723314,0.06561127
22.300000004543104,0.7128422799505882,1.2974873611874127,56,22,0.9090909090909091,179,35,357,74,2.5863230228424072,3.710860399949887,0.112238355
22.35000000455329,0.8397919015057305,1.5844778697857755,60,21,0.7727272727272727,192,37,354,73,2.847619950771332,4.222674005703411,0.07687294
22.40000000456348,1.0950483057954539,1.496834668516513,59,23,0.9090909090909091,180,36,359,72,2.6412710547447205,4.170058017638318,0.026979592
22.450000004573663,1.0221099118726602,1.5695538548672225,59,23,0.8636363636363636,185,38,360,75,2.6309964060783386,3.7834846425531765,0.023848992
22.50000000458385,0.8620790321017693,1.33988760565252,58,24,0.9090909090909091,192,35,351,74,2.5865864753723145,3.7055379997936555,0.030779649
22.550000004594036,0.6457866585359844,1.296919628331713,60,22,0.9090909090909091,184,32,354,76,2.726668119430542,3.6316174032122994,0.09188211
22.600000004604222,0.903192007506065,1.4686118682174727,57,21,0.8636363636363636,190,37,361,77,2.5185704231262207,4.281121011990177,0.047726363
22.65000000461441,0.61032266828781,1.4470249656519094,57,21,0.8636363636363636,200,39,368,75,2.539331614971161,3.9307276309775485,0.042095944
22.700000004624595,0.8135984322239744,1.476770599122164,53,20,0.8181818181818182,175,35,359,73,2.580137252807617,4.053102350518243,0.07878455
22.75000000463478,0.9365733999852661,1.4667606435559544,58,23,0.9090909090909091,188,39,361,75,2.6711618900299072,3.7536606415165963,0.047059465
22.800000004644968,0.8588910648194419,1.399785677704296,57,21,0.8636363636363636,195,39,353,71,2.475864589214325,4.030388408485575,0.095212296
22.850000004655158,0.6299452982487934,1.4581802502455656,52,21,0.8636363636363636,191,39,372,77,2.610757052898407,3.674407917237046,0.042042516
22.90000000466534,0.5629094125904689,1.2619885294347855,54,21,0.8181818181818182,188,36,366,73,2.6673290133476257,4.085734258304496,0.07250073
22.95000000467553,1.2505887096884192,1.7886299927690037,51,19,0.7727272727272727,188,40,355,73,2.810826003551483,4.536002943399131,0.045579106
23.000000004685713,0.5587208777363094,1.1789069142352724,60,23,0.8636363636363636,192,36,361,74,2.6405879855155945,3.8643114937589296,0.044687793
23.0500000046959,1.1072010236200662,1.6587678477614713,61,24,0.9090909090909091,189,39,361,74,2.5681310892105103,4.725326134340158,0.018626615
23.100000004706086,0.9367102199490979,1.4798083976066034,58,20,0.8181818181818182,180,36,363,73,2.5089526176452637,4.230305613596617,0.09552807
23.150000004716272,0.7870496553526128,1.58190018693465,52,19,0.7727272727272727,193,40,367,76,2.585285007953644,4.0954868845254655,0.051563166
23.20000000472646,0.8436152380082317,1.2407382008447074,58,24,0.9090909090909091,197,37,358,73,2.579243779182434,3.9525097279684385,0.05430393
23.250000004736645,0.7672367780274203,1.3720973674552386,61,23,0.9090909090909091,197,38,363,74,2.6340946555137634,4.007957320430382,0.044519532
23.30000000474683,0.578639839245682,1.214085781001253,65,22,0.9090909090909091,179,39,349,71,2.5822994112968445,4.173642264002098,0.12725863
23.350000004757018,1.000906138356523,1.702052029071265,61,20,0.8636363636363636,176,38,345,71,2.5984913110733032,4.566083387203639,0.13394213
23.400000004767204,0.7979469370600085,1.4803236539724418,58,21,0.9090909090909091,174,34,346,74,2.66537606716156,4.781822165909979,0.14542577
23.45000000477739,0.37172566657278294,1.3688889768908137,54,20,0.8636363636363636,169,33,351,76,2.591361105442047,4.214548773837894,0.225126
23.500000004787577,0.4614336877965637,1.2413666756685913,55,22,0.9090909090909091,182,35,362,76,2.5668129324913025,3.7157026677256066,0.15956472
23.55000000479776,1.058028311397786,1.643478783513068,57,21,0.7727272727272727,185,38,361,76,2.6677536964416504,3.8679163142648143,0.050493456
23.60000000480795,0.5434865090882872,1.3388250175051808,62,23,0.9090909090909091,188,40,361,75,2.7449262142181396,3.256353058513062,0.05428902
23.650000004818132,0.8795395514514062,1.4238370697074725,57,22,0.9090909090909091,198,38,366,76,2.4839746952056885,3.5886879807740257,0.029140253
23.700000004828322,0.5496783839262698,1.3451552804076903,63,22,0.9090909090909091,194,41,358,75,2.6103702187538147,3.785075249567287,0.020612132
23.75000000483851,0.9670993454268717,1.5878415892189617,59,19,0.7727272727272727,179,39,352,73,2.5435850024223328,3.322194847568287,0.05428274
23.800000004848695,0.5085921302817287,1.1016936728981588,59,24,0.9090909090909091,191,35,363,73,2.6045572757720947,3.1299372151802896,0.09472902
23.85000000485888,0.7691828340102784,1.4118633586264682,63,22,0.8636363636363636,194,38,370,78,2.627938389778137,3.541234141080114,0.039723415
23.900000004869064,0.6539385441403677,1.1771003834934104,62,21,0.8636363636363636,185,36,359,75,2.5158709287643433,4.043630959598552,0.06145957
23.950000004879254,0.5666597323598908,1.261317342930419,61,23,0.9090909090909091,191,36,366,76,2.629402279853821,3.6735083948195957,0.046753705
24.00000000488944,0.8832676505079882,1.2989628677688971,57,21,0.8636363636363636,187,38,366,76,2.4391116201877594,3.1303294649146007,0.089418545
24.050000004899626,0.6334108781972357,1.2337945715361318,61,24,0.9090909090909091,184,37,367,75,2.5662443041801453,3.248906450733937,0.057996485
24.100000004909813,0.7691440801610796,1.418758588231492,58,21,0.8636363636363636,190,37,358,77,2.5797313451766968,3.410014603780498,0.07192163
24.150000004920003,0.4931606995635018,1.2940812785884366,59,21,0.8181818181818182,182,36,354,74,2.4570447206497192,3.5064628025447053,0.088615306
24.200000004930185,0.6173248664925041,1.4835825128408955,59,22,0.8181818181818182,189,39,369,77,2.5530698895454407,3.339073372284327,0.048136253
24.25000000494037,0.8542910010435303,1.214900452189481,60,23,0.9090909090909091,183,35,355,75,2.631010115146637,3.0509307013986664,0.0570886
24.30000000495056,0.8631313048791472,1.3875046433393199,57,21,0.8181818181818182,185,36,361,75,2.6727208495140076,3.1681823075628923,0.065436706
24.350000004960744,0.7304094485270028,1.4499287847591296,63,22,0.8181818181818182,189,40,363,76,2.64496773481369,3.0480456395233,0.047312938
24.40000000497093,1.1471074331647977,1.4926454061696273,56,24,0.9090909090909091,189,36,368,75,2.7491140365600586,2.433214692081922,0.088401794
24.45000000498112,0.8070499482996885,1.3587391322804683,61,24,0.9090909090909091,185,36,370,76,2.5736498832702637,2.7984873379716557,0.09533705
24.500000004991303,0.69020185162516,1.5699033954741135,59,25,0.9545454545454546,195,36,382,80,2.6444396376609802,2.514121522874282,0.059985694
24.55000000500149,0.35702025539013893,1.3990119281734412,60,22,0.8636363636363636,183,34,362,77,2.531101405620575,2.3971058110064725,0.12265615
24.600000005011676,0.633865839047868,1.555012810592212,55,23,1.0,189,37,378,78,2.5043103098869324,1.851478773650701,0.14615607
24.650000005021862,0.6953094518828389,1.4126989105596657,62,24,0.9090909090909091,190,34,372,77,2.7454397082328796,2.222217223884382,0.13197933
24.70000000503205,0.6488138528879437,1.6346239803781661,67,24,1.0,191,36,379,77,2.6354819536209106,2.2623797010456226,0.11196317
24.75000000504224,0.4490818993750668,1.534329815777304,53,23,0.9545454545454546,187,34,374,81,2.618377208709717,2.761952721386729,0.09217757
24.80000000505242,0.5883349250647415,1.6927915088587817,58,22,0.9545454545454546,195,38,372,78,2.5466561317443848,2.576002320802475,0.07709796
24.850000005062608,0.7032642713288115,1.6616484174272685,57,23,0.9090909090909091,184,35,373,78,2.722550332546234,2.6408633855170383,0.08764331
24.900000005072798,0.653826122282716,1.4994286720697472,57,22,0.9090909090909091,185,36,364,78,2.596322000026703,2.501057337516297,0.08141652
24.95000000508298,0.7557386767899847,1.7284214771400788,66,24,0.9090909090909091,188,35,369,75,2.6921314001083374,2.5789869328993387,0.058478117
25.00000000509317,0.7828758257787783,1.6785093126400072,56,22,0.9090909090909091,186,34,367,76,2.7979320287704468,2.7276356198525598,0.1232786
25.050000005103353,0.9539998147730278,1.7600802540748959,57,24,0.9545454545454546,186,34,363,76,2.5176382064819336,2.834823401859836,0.07220481
25.10000000511354,0.8830199340731442,1.6709882291517237,58,25,0.9545454545454546,188,35,375,79,2.599826455116272,2.278559405890599,0.07936234
25.150000005123726,0.6821515259609922,1.6950548512335564,53,22,0.9090909090909091,187,36,366,78,2.6811522245407104,1.8566177601677758,0.088561
25.200000005133912,0.7122071970726661,1.5195360714776873,57,22,0.9545454545454546,183,35,367,78,2.6561009883880615,2.590689719772241,0.11463347
25.250000005144095,0.5303306736455818,1.6612930169645606,50,21,0.8636363636363636,184,36,354,74,2.6588276028633118,2.3536472386338225,0.08043069
25.30000000515428,0.9718461317443817,1.7006390113055505,57,24,1.0,190,36,366,76,2.6607361435890198,2.608115817546608,0.10111979
25.350000005164468,0.6629958420943325,1.6184020970201465,55,23,0.9545454545454546,191,38,374,77,2.5610581040382385,1.8770860572106507,0.040001534
25.400000005174654,1.0853403022219692,1.6663156203598903,61,24,0.9545454545454546,192,39,372,80,2.555859088897705,2.608205452029271,0.024510905
25.45000000518484,0.8462531254993049,1.5858445454894043,56,22,0.9090909090909091,179,36,373,76,2.5192928314208984,2.4997991249022533,0.13577273
25.500000005195027,0.6995456640651,1.4172011728749094,56,22,1.0,180,32,360,77,2.560493052005768,2.4962082582135903,0.12650691
25.550000005205213,0.8281828441663732,1.5418216551594888,58,22,0.9545454545454546,186,36,370,74,2.587865889072418,2.437943595863663,0.059668876
25.6000000052154,0.8981188108198589,1.5400956835933695,59,22,0.9090909090909091,184,35,372,77,2.535772919654846,2.790479895712785,0.11092606
25.650000005225586,0.7864448947877156,1.5018246637386028,61,24,0.9545454545454546,191,37,374,82,2.833406627178192,2.7583583981800697,0.111948185
25.700000005235772,0.7065440904613394,1.4535514507644542,65,26,1.0,197,36,377,79,2.694157063961029,2.4782149531661357,0.06897117
25.75000000524596,0.5560193548667002,1.5053536244729653,60,23,1.0,189,36,367,80,2.6864975690841675,2.815483648225525,0.071747065
25.800000005256145,0.6080887519947605,1.473979122315337,54,25,1.0,198,36,380,80,2.571743130683899,2.9735744554857924,0.053977795
25.85000000526633,0.806966863014832,1.6999777570532997,58,25,1.0,190,38,361,78,2.5322505831718445,2.6083363265644888,0.023800822
25.900000005276517,0.9365159220139635,1.7030966976618291,60,25,1.0,191,35,375,80,2.5825035572052,2.7642382269663024,0.08417459
25.950000005286704,1.0775384058147186,1.6391881279327842,59,24,1.0,184,34,374,79,2.619812488555908,3.0707218134944814,0.07906572
26.00000000529689,0.937481806762709,1.745328824732563,60,24,1.0,192,37,378,78,2.565230429172516,2.5990574966956093,0.085109755
26.050000005307076,0.7954179218051105,1.3330401490539636,55,24,0.9545454545454546,192,40,371,78,2.502051591873169,1.940164529486088,0.12081219
26.100000005317263,0.7838196812852258,1.5946544338791748,56,24,1.0,191,38,358,78,2.6440930366516113,2.31181752735794,0.040513344
26.15000000532745,0.44670372444686773,1.4445000481009473,51,22,0.9545454545454546,183,35,361,79,2.5633925199508667,2.9996361027443452,0.1551495
26.200000005337635,0.7823002500153564,1.7617251287228979,54,24,0.9545454545454546,185,39,363,78,2.5671544671058655,2.454128920822516,0.17128372
26.25000000534782,0.5129912010745892,1.4154395344342285,53,23,0.9090909090909091,196,39,373,78,2.5564545392990112,2.1492582156571327,0.11259556
26.300000005358008,0.6854120595635699,1.6642493865868158,60,23,0.9090909090909091,194,38,378,80,2.6990991830825806,2.5354331395808316,0.10096286
26.350000005368194,0.4924594371821647,1.611172247030955,58,22,0.9545454545454546,184,35,374,79,2.5066712498664856,2.5943253599560823,0.11849132
26.40000000537838,0.9182140479547117,1.71780075239987,56,21,0.9090909090909091,191,35,372,75,2.62946218252182,2.2525014850539993,0.076938
26.450000005388567,0.39754048144967163,1.2794979017842067,62,23,0.9545454545454546,190,40,361,77,2.712399959564209,3.062063264906545,0.15103652
26.500000005398753,0.33389223359171705,1.3148494832761093,55,22,0.9545454545454546,195,40,364,78,2.7226927876472473,2.709062015459436,0.09675718
26.55000000540894,0.2843934155660225,1.4481742541227853,59,24,0.9545454545454546,192,37,363,75,2.4554820358753204,2.9736263543784336,0.107636824
26.600000005419126,0.9383386907043507,1.8494501813383772,56,22,0.9090909090909091,190,39,359,77,2.662714421749115,3.776137862528781,0.08196347
26.650000005429312,0.42510976106574777,1.3081646723880114,58,22,0.9545454545454546,191,38,356,76,2.5551557540893555,3.2126475051284054,0.12932366
26.7000000054395,0.5393997471727003,1.4919300489276257,64,23,0.9090909090909091,188,36,363,76,2.738562822341919,3.264292393394461,0.11124836
26.750000005449685,0.24517432012313994,1.173726144331299,54,20,0.8636363636363636,185,36,352,72,2.642369270324707,2.698040723501025,0.10280941
26.80000000545987,0.2174430827686574,1.3848028262917031,57,23,0.9090909090909091,188,35,360,74,2.6969635486602783,2.746878743142327,0.10745007
26.850000005470058,0.38609542215062087,1.5168767732228818,59,22,0.9090909090909091,190,38,350,74,2.679634392261505,2.6027950854155346,0.074062996
26.900000005480244,0.2612142950539086,1.486549526029429,57,21,0.8636363636363636,183,34,358,75,2.642858922481537,2.7244111979752983,0.14001444
26.95000000549043,0.3836308934916235,1.3839655363891596,64,23,0.9090909090909091,185,33,353,76,2.553664445877075,2.6846876858164848,0.09665296
27.000000005500617,0.03849916124107523,1.3364795309079587,61,23,0.9545454545454546,191,34,369,77,2.7281054854393005,2.657762342627672,0.087239265
27.050000005510803,0.5369602600112502,1.6835564069536995,54,23,0.9090909090909091,185,34,371,78,2.751212418079376,3.091879320760702,0.12061516
27.10000000552099,0.7038024800159605,1.6842818304035316,51,24,1.0,190,38,364,75,2.7334722876548767,3.2309090366594795,0.053947065
27.150000005531176,0.5639391346805968,1.4585327005205913,64,24,1.0,192,34,376,77,2.554790675640106,3.360095143287758,0.09671328
27.200000005541362,0.7688100652047187,1.7020475842472989,59,23,1.0,184,36,368,79,2.538253366947174,3.1157692052255204,0.07917373
27.25000000555155,0.7974171853376727,1.6117167781228905,60,25,1.0,187,35,368,75,2.443263828754425,2.9954982542416886,0.085515596
27.300000005561735,0.44038249143634367,1.5195638429590297,59,23,0.9545454545454546,191,34,369,78,2.5617432594299316,3.223762507541279,0.17741293
27.35000000557192,0.4821419235092509,1.2995647416726528,58,24,0.9545454545454546,186,36,362,76,2.4439574778079987,3.0893905246384,0.15175849
27.400000005582108,0.49356463229380887,1.499273261425,62,24,1.0,187,33,367,79,2.6123210787773132,3.4178418365235697,0.07030636
27.450000005592294,0.5534531259892929,1.5538361052726979,59,23,0.9545454545454546,185,37,371,79,2.508622109889984,3.285948728326389,0.099526614
27.50000000560248,0.44615419278833857,1.4075415767205417,56,22,0.9545454545454546,186,35,359,79,2.652442753314972,3.8190157529036295,0.07228851
27.550000005612667,0.632225525381741,1.5914234281887698,61,22,0.9545454545454546,198,38,372,74,2.553686201572418,3.715008364165593,0.12691996
27.600000005622853,0.633838993820633,1.5662160770256066,59,23,0.9545454545454546,199,41,381,81,2.510409951210022,3.9331039076466556,0.06498224
27.65000000563304,0.6590112113576362,1.4112721534786663,58,24,0.9545454545454546,186,34,379,81,2.635102868080139,3.930090814511855,0.07436694
27.700000005643226,0.761157028677159,1.5887289679695173,57,22,0.9545454545454546,183,36,366,78,2.6013949513435364,4.868516358382182,0.11718936
27.750000005653412,0.6342066274832072,1.400612168448714,54,22,0.9090909090909091,185,35,358,75,2.6761725544929504,4.4833948306705285,0.15463859
27.8000000056636,0.9665707292407393,1.6504562057378696,61,25,1.0,188,39,373,79,2.5506559014320374,4.807535313692046,0.13342917
27.850000005673785,0.7206793180018644,1.6431408821264486,53,23,0.9545454545454546,190,37,369,76,2.6746776700019836,4.83962648259074,0.09089596
27.90000000568397,0.6683387831719467,1.4910957872959782,57,22,0.9090909090909091,189,36,361,77,2.561175227165222,4.534962445187718,0.15526338
27.950000005694164,0.6597339414135556,1.4324737760035058,56,22,0.8636363636363636,180,34,368,78,2.570050358772278,4.220094964710581,0.10732019
28.000000005704344,0.4096440052293288,1.4164589305829955,60,23,0.9090909090909091,188,38,366,81,2.6114705204963684,4.460882766550158,0.12786978
28.05000000571453,0.6928788975113466,1.436482724692015,60,22,0.8636363636363636,183,36,364,76,2.7662578225135803,4.031459644090125,0.15781847
28.100000005724716,0.7689976979401194,1.4293258589881077,57,21,0.9090909090909091,185,37,373,80,2.4815331399440765,4.45618742196106,0.10335684
28.150000005734903,0.917910648072771,1.7367431035347105,61,23,0.8636363636363636,195,38,378,77,2.674029767513275,4.284949048873381,0.10617017
28.20000000574509,0.7504184251315946,1.5005922207085063,61,24,1.0,192,36,373,77,2.5775977969169617,4.428376619662053,0.11547564
28.250000005755275,0.9783361801623619,1.7105087449933296,58,23,0.9545454545454546,190,36,380,81,2.6539814472198486,4.4200430056450735,0.118761644
28.30000000576546,0.6172621701600661,1.4344238406278147,58,22,0.8636363636363636,184,32,358,73,2.536563277244568,4.692288782770202,0.11541651
28.350000005775648,0.6654007186469901,1.5582598170003323,56,21,0.8636363636363636,187,37,360,78,2.6153522729873657,4.73502094105501,0.15856984
28.400000005785834,0.6528158958466836,1.5935570245536397,56,21,0.8636363636363636,191,38,365,77,2.536281645298004,4.850176423336601,0.17700452
28.45000000579602,0.6409597361686916,1.5190256704434522,56,21,0.8636363636363636,190,37,351,76,2.6356494426727295,4.921028857336873,0.15056491
28.500000005806207,0.31422640891660075,1.3121515940602333,58,22,0.9090909090909091,190,37,366,78,2.6692017912864685,4.5482711704100875,0.09930014
28.550000005816393,0.4957964970873379,1.4218660516159318,61,23,0.9090909090909091,187,37,354,76,2.728826105594635,4.940314421551983,0.22145969
28.60000000582658,0.7479863488811951,1.5517853686401037,57,22,0.9545454545454546,191,39,366,79,2.7159643173217773,5.000568570717672,0.1221137
28.650000005836766,0.6378391133747806,1.4434986271585146,57,22,0.9090909090909091,183,36,355,72,2.621852457523346,5.10189099223699,0.14982547
28.700000005846952,0.6954976690730705,1.440369893269734,58,22,0.9090909090909091,185,37,361,77,2.4591629207134247,4.946721877824984,0.19140199
28.75000000585714,0.8327086274027575,1.6460646809817852,57,21,0.8636363636363636,188,37,363,76,2.610836625099182,5.447907493332922,0.15105547
28.800000005867332,0.6191629393800211,1.3593106389945586,58,24,1.0,188,39,367,76,2.616434097290039,4.332917829388423,0.10598893
28.85000000587751,0.7040899763101651,1.6969466467016514,58,24,0.9545454545454546,185,35,373,77,2.6382601261138916,4.854311907682796,0.12896693
28.900000005887698,0.5580726425782252,1.2933645549223358,58,22,0.9090909090909091,195,39,375,77,2.5232186913490295,4.744099571620195,0.12754764
28.950000005897884,0.4142487545330227,1.3140922463325158,59,23,0.9090909090909091,187,35,365,78,2.5409889221191406,4.910199521226879,0.096532136
29.00000000590807,0.7835302027218243,1.5334070878438213,60,21,0.8636363636363636,185,38,354,76,2.528761625289917,5.2589946428322865,0.16328761
29.050000005918257,0.7331825967740234,1.5052062921818936,62,23,0.9545454545454546,194,36,373,81,2.7330732345581055,4.657573933730186,0.083375975
29.100000005928443,0.44758151763072235,1.455507363636236,55,23,1.0,188,36,363,79,2.6050537824630737,4.177237723633995,0.105895855
29.15000000593863,0.4145486341272639,1.4913914213071056,57,24,1.0,187,37,366,78,2.541094720363617,3.9180940702705502,0.17476004
29.200000005948816,0.49472854398134714,1.5526148129134416,58,22,0.8636363636363636,194,40,369,77,2.63012558221817,3.6265639714896203,0.07768719
29.250000005959002,0.25419502185816295,1.3138134977035172,58,23,0.9545454545454546,186,36,358,75,2.604851722717285,3.3552731204346298,0.09664277
29.30000000596919,0.6116120176010302,1.5037235844427188,57,21,0.9090909090909091,192,35,369,77,2.5931957364082336,3.7414126084278987,0.14897151
29.350000005979375,0.4997149544052758,1.5863785165305466,51,19,0.8181818181818182,183,35,355,76,2.712204158306122,3.8159680559071862,0.22896156
29.40000000598956,0.46052011107345164,1.3814334410763063,58,22,0.9090909090909091,193,38,358,79,2.7055248618125916,3.879900150610043,0.123367414
29.450000005999748,0.3071847807346598,1.428228004220512,62,20,0.8181818181818182,188,37,361,80,2.604799270629883,3.5150464707020657,0.086641654
29.500000006009934,0.18978027659576205,1.355216776950643,53,21,0.9090909090909091,183,35,365,79,2.6521623134613037,3.4710923233909785,0.20321777
29.55000000602012,0.35058538467097955,1.6222120302436327,50,21,0.8181818181818182,179,34,361,75,2.5549301505088806,3.9093293700332588,0.1500412
29.600000006030314,0.7454670031547836,1.6118377710940774,51,20,0.8181818181818182,188,38,349,76,2.6730087399482727,3.9959685838026715,0.14059563
29.650000006040493,0.4990153974325085,1.5357570215194585,57,22,0.9545454545454546,191,38,368,76,2.6093682646751404,3.1290901611675714,0.11296207
29.70000000605068,0.5628618760841492,1.4330415639202565,63,23,0.9090909090909091,189,35,363,75,2.5939172506332397,2.6781458041495476,0.099177405
29.750000006060873,0.7509940579989389,1.636981232853466,67,24,0.9545454545454546,194,36,371,77,2.570691704750061,2.451771490021093,0.09754886
29.800000006071052,0.6165827993405514,1.7605880472205744,56,21,0.8181818181818182,192,40,367,79,2.584962248802185,3.0751316923955674,0.102624506
29.85000000608124,0.8021645802831536,1.5756731932812584,57,21,0.8181818181818182,190,36,366,78,2.491832673549652,2.8906336616649764,0.12708056
29.900000006091425,0.5517516820846592,1.4331771509477496,62,24,0.9545454545454546,195,40,369,77,2.5711581110954285,2.6711712540288435,0.10894613
29.95000000610161,0.635090152975083,1.5322933890182946,63,23,0.9545454545454546,195,35,373,77,2.7179667353630066,2.85344420015603,0.07120021
30.000000006111804,0.5653641861738565,1.6686953287331139,52,21,0.8636363636363636,192,39,368,77,2.5960147380828857,2.503944406322205,0.087911345
30.050000006121984,0.7154946780666626,1.6701470844117665,56,22,0.9090909090909091,191,38,372,79,2.5460830330848694,3.1826419271658146,0.107450716
30.10000000613217,0.5925059147141378,1.5182857963828784,63,22,0.9545454545454546,196,38,384,80,2.622770667076111,3.37720911392136,0.04457791
30.150000006142363,0.3380567515050621,1.4810017810377434,65,23,0.9090909090909091,197,40,378,76,2.619849741458893,3.498046335797147,0.073453695
30.200000006152543,0.26017466534851585,1.3614761999564196,59,22,0.9090909090909091,187,39,375,79,2.573469579219818,3.322558271733138,0.13193667
30.25000000616273,0.3109041370222648,1.5361114836561007,60,23,0.9090909090909091,188,37,371,78,2.56672203540802,3.6276085891899434,0.09415039
30.300000006172915,0.381289141832907,1.6461238750939655,51,21,0.8181818181818182,190,39,364,79,2.5559040904045105,3.6615413190621915,0.09335845
30.3500000061831,0.3693481337076092,1.4881647956917565,53,20,0.8636363636363636,191,39,361,80,2.5927090644836426,3.6628130969366346,0.1253908
30.400000006193288,0.4937658809537162,1.3918172626353373,59,22,0.9090909090909091,192,38,369,77,2.5701484084129333,4.1705918397298,0.06529443
30.450000006203474,0.38693282368179344,1.6948926461324318,54,19,0.8181818181818182,192,39,370,77,2.5043001770973206,3.966432006309688,0.065813884
30.50000000621366,0.6622668279304283,1.6584593083391255,52,21,0.8181818181818182,193,41,357,78,2.599628269672394,4.397144483445956,0.07897933
30.550000006223847,0.8275150598880103,1.7807303112682824,63,23,0.9090909090909091,196,40,382,78,2.60896235704422,3.9991630751360674,0.02308571
30.600000006234033,0.8565473094968192,1.727370590008535,58,22,0.9545454545454546,193,37,384,81,2.6716265082359314,4.002137706494668,0.04740597
30.65000000624422,0.5418696215516632,1.3995973643085526,56,24,1.0,186,35,366,81,2.6121506094932556,3.8041708589178658,0.11738994
30.700000006254406,0.7317216189107503,1.4498718361821104,57,22,0.9545454545454546,191,37,368,76,2.459251582622528,4.232679299494437,0.037584905
30.750000006264592,0.6966077657634608,1.8034258467725217,52,21,0.8181818181818182,205,39,382,80,2.710665464401245,3.527025364860661,0.024019867
30.80000000627478,0.9382066931050079,1.8371399482754405,56,24,0.9090909090909091,198,40,365,77,2.674317955970764,4.066988381067631,0.015042992
30.850000006284958,0.5795794137548487,1.6197911418413744,62,22,0.9545454545454546,193,36,374,77,2.675005793571472,3.81913011112216,0.037680797
30.90000000629515,0.8295820913626601,1.7098577354119116,52,22,0.9545454545454546,189,34,378,79,2.575688660144806,3.746179345742009,0.100503966
30.950000006305338,0.5764078079928401,1.51654097750658,55,22,0.9545454545454546,194,39,368,81,2.6148104667663574,3.174405293384064,0.08023428
31.000000006315524,0.7341791304600059,1.7591020550190306,54,22,0.8636363636363636,189,36,378,80,2.6919659972190857,3.2490409805222953,0.046972483
31.05000000632571,0.843364530059363,1.7409377099060537,59,23,0.9090909090909091,201,40,374,79,2.570309340953827,3.6395846377912733,0.076545104
31.100000006335897,0.7200261430452992,1.6608979144032938,58,23,0.9545454545454546,191,39,376,81,2.7265509963035583,3.270181819137381,0.05233113
31.150000006346083,0.6844713981139711,1.7465909102327775,61,23,0.9545454545454546,192,38,365,79,2.491142153739929,3.485217891070924,0.038331695
31.20000000635627,0.8286996341277558,1.592267287247612,62,23,0.9545454545454546,199,39,383,82,2.549932599067688,3.344681301445931,0.06359446
31.250000006366456,0.6799835527799015,1.6149050672987022,64,23,0.9545454545454546,193,34,379,81,2.647581398487091,3.185869502648435,0.0811067
31.300000006376642,0.5787336702707956,1.471009598880083,60,22,0.9090909090909091,200,38,386,81,2.5714680552482605,3.259289639132641,0.07560156
31.35000000638683,0.7226951614321407,1.5735277148605813,59,21,0.9090909090909091,191,37,370,80,2.5125518441200256,3.102985510803684,0.09340368
31.400000006397008,0.6223896142389591,1.5588610687748707,60,21,0.9090909090909091,187,37,372,80,2.588522434234619,3.249358699458922,0.09147604
31.4500000064072,0.5393700272755755,1.6443280386242385,60,22,0.9545454545454546,188,34,366,77,2.6216155290603638,3.374629769371875,0.084343806
31.500000006417388,0.25959987663968576,1.0447007865807376,57,21,0.9090909090909091,194,38,366,80,2.5726065039634705,2.6443023220270323,0.12638497
31.550000006427574,0.5670111418277614,1.6702742671816486,52,19,0.7727272727272727,179,36,347,72,2.598106265068054,3.24530528291616,0.19303004
31.60000000643776,0.5023679712110958,1.5421141474821232,56,22,0.9090909090909091,189,35,371,79,2.6224204897880554,3.333928979657683,0.14251478
31.650000006447947,0.3719158357120921,1.354366591721385,50,23,0.9090909090909091,181,35,356,75,2.5722748041152954,3.29287602097617,0.14773838
31.700000006458133,0.4864172498328184,1.4087196200998306,55,23,0.9090909090909091,186,35,357,76,2.6317691802978516,3.1953108024350385,0.1234552
31.75000000646832,0.7198450678504755,1.6208156717850273,62,24,0.9090909090909091,193,39,384,78,2.5163468718528748,3.096754251109628,0.0756774
31.800000006478506,1.156321801838203,1.7757356445014325,63,24,0.9090909090909091,188,36,375,79,2.677333652973175,2.9620715090052396,0.059018314
31.850000006488692,0.5141863397573612,1.5278474690801669,59,24,0.9090909090909091,192,37,368,81,2.6850304007530212,3.0363158611214836,0.12186519
31.90000000649888,0.6157733214306947,1.2290147092304173,59,24,0.8636363636363636,194,37,369,79,2.498980611562729,3.078760019461013,0.07828577
31.950000006509065,0.41231065450739957,1.4271619318962045,56,23,0.9545454545454546,189,33,376,80,2.5916391611099243,3.357692552423339,0.11931474
32.00000000651925,0.7321222804237338,1.663551271179549,56,20,0.9090909090909091,186,34,366,77,2.5075888633728027,3.6276573005666712,0.06282896
32.050000006529444,0.7955745441702246,1.6874594786472992,61,22,0.9545454545454546,184,33,371,79,2.4929307401180267,3.937209492941083,0.11347407
32.100000006539624,0.4092847649157465,1.3858352624787054,55,21,0.9090909090909091,189,38,365,77,2.575524151325226,4.270154295166391,0.10550733
32.15000000654981,0.6875869795095089,1.6047500302831195,61,23,0.9090909090909091,203,42,375,79,2.654103636741638,3.9163977751123724,0.073168375
32.20000000656,0.5231608182391364,1.5168498731438274,63,22,0.9090909090909091,190,37,363,78,2.618381977081299,4.438447143383488,0.089412495
32.25000000657018,0.4741520144308767,1.5990358889677834,66,23,0.9090909090909091,199,40,368,79,2.5905469059944153,4.185073334425464,0.0062822783
32.30000000658037,0.4044072934865015,1.544432451060288,59,23,0.9545454545454546,193,37,360,78,2.5276154279708862,4.319155575326485,0.09735446
32.35000000659056,0.15367346696976936,1.3619329883012297,58,24,0.9090909090909091,194,36,362,77,2.5684982538223267,4.093396824247497,0.08846007
32.40000000660074,0.18144535071243054,1.2256453117649597,53,22,0.9090909090909091,189,37,359,76,2.4941885471343994,3.906430035650077,0.06507194
32.45000000661093,0.2395781732859957,1.4219977272297932,57,24,0.9090909090909091,196,37,374,82,2.51512348651886,4.259334872662395,0.051465128
32.500000006621114,0.6956050825541729,1.6894650090574586,58,22,0.9545454545454546,191,37,362,77,2.540140748023987,4.763161389845152,0.113116756
32.5500000066313,0.862359765252253,1.8816176529543074,58,21,0.8636363636363636,188,37,357,77,2.661188244819641,4.700010257604275,0.06976813
32.60000000664149,0.7094834550033271,1.785625944982643,59,22,0.8181818181818182,191,38,372,79,2.56450355052948,4.749380012290443,0.07823496
32.65000000665167,0.5201029994191855,1.7447762718300075,61,23,0.9545454545454546,190,39,354,78,2.5322824716567993,5.028661395189866,0.05152919
32.70000000666186,0.7178027417512368,1.6652297420158737,58,21,0.8636363636363636,190,38,374,78,2.542385160923004,4.7756691051365685,0.033625513
32.750000006672046,0.7302030481354899,1.7530998839097547,58,21,0.9090909090909091,188,36,365,77,2.600003480911255,5.221249006864204,0.101639956
32.80000000668223,0.8096439761046084,1.7007156891926811,60,22,0.9090909090909091,192,35,362,75,2.5451940298080444,5.441518037166624,0.06084617
32.85000000669242,0.6747319220802017,1.6324313790456666,61,23,0.9545454545454546,189,36,362,80,2.607066333293915,5.691027268497226,0.0789145
32.90000000670261,0.5910315675864928,1.5760094225797046,64,23,0.9090909090909091,193,37,368,80,2.70084410905838,4.70500039629937,0.059441052
32.95000000671279,0.3299193844383644,1.631704411560886,64,22,0.9090909090909091,187,37,367,78,2.686130106449127,4.94711417032029,0.06802999
33.00000000672298,0.5096413309330229,1.6882357416101343,63,23,0.9545454545454546,198,42,366,77,2.742842137813568,4.577507170734032,0.03762748
33.050000006733164,0.27271134891713766,1.5244894540554876,60,24,0.9545454545454546,182,34,356,78,2.701251804828644,4.747924756120332,0.123941615
33.10000000674335,0.6932650024891572,1.4320057607509615,60,22,0.9090909090909091,186,34,360,77,2.477821856737137,5.173668823125466,0.08298299
33.15000000675354,0.3523062950401365,1.4496321671747627,59,23,0.9090909090909091,194,36,360,80,2.4680493772029877,4.297503168579331,0.069643244
33.20000000676372,0.5362581494570141,1.579207306148903,69,23,0.9545454545454546,191,36,364,77,2.676698863506317,4.52224189097028,0.056960568
33.25000000677391,0.21371285754314495,1.4071168935029532,62,22,0.9090909090909091,190,36,362,78,2.6347696781158447,4.224618088688503,0.073893234
33.300000006784096,0.40276417845619383,1.5238263652649517,60,21,0.9090909090909091,181,36,367,80,2.648220658302307,3.8686845337053466,0.16669646
33.35000000679428,0.43704246647926737,1.5978137310579714,58,22,0.9090909090909091,184,35,362,78,2.610236704349518,3.5218218343702734,0.08722685
33.40000000680447,0.3967941995140052,1.4999795500315594,60,23,0.9545454545454546,185,35,372,79,2.8176838159561157,3.2483475073007373,0.108381085
33.450000006814655,0.4057866930669565,1.392865109481378,61,24,0.9545454545454546,197,37,377,79,2.547631561756134,2.7707014402146957,0.052056815
33.50000000682484,0.5155785889974633,1.725727708016345,63,23,0.9090909090909091,196,37,367,80,2.4433162808418274,3.633712161090843,0.06799255
33.55000000683503,0.6004170673512774,1.590425255756349,64,23,0.9545454545454546,187,35,368,81,2.5809454917907715,2.9925557289846783,0.031676095
33.600000006845214,0.36982139248941537,1.5653444267860221,59,23,0.9090909090909091,192,35,366,79,2.5390318036079407,2.664795430560627,0.09275201
33.6500000068554,0.3619399869055828,1.6433260283140472,56,20,0.7727272727272727,193,38,367,80,2.771439552307129,2.4241100695375373,0.07818045
33.700000006865594,0.5460377476020365,1.7208211930111785,60,22,0.9545454545454546,193,39,373,80,2.6333820819854736,2.7302500696727794,0.07816406
33.75000000687577,0.5374081885939107,1.7209964941777836,64,23,0.9545454545454546,187,34,361,78,2.5843200087547302,2.9594133741742645,0.0918365
33.80000000688596,0.6976721319416433,1.547943455773024,59,22,0.9545454545454546,188,35,370,79,2.5873640179634094,3.056491919381852,0.082307935
33.85000000689615,0.4310648876827713,1.651040531039121,55,20,0.8181818181818182,190,37,359,80,2.497810870409012,2.8284930895969485,0.08106135
33.90000000690633,0.3351251660459082,1.6608173968237518,61,20,0.8181818181818182,186,37,359,74,2.6715674996376038,2.878036544290161,0.07510031
33.95000000691652,0.5843296219779031,1.6763250050218574,53,21,0.9090909090909091,190,37,358,75,2.720648944377899,2.608078825833182,0.08822577
34.000000006926705,0.49212121282550375,1.5944132362397863,52,21,0.8636363636363636,185,35,353,79,2.603779137134552,3.1190233649839527,0.10093113
34.05000000693689,0.4070980852567524,1.7995654555851734,55,20,0.8181818181818182,188,38,357,74,2.6095688343048096,2.437290285282927,0.10830962
34.100000006947084,0.3452600256057528,1.5902508817901697,59,23,0.9090909090909091,198,40,372,80,2.7136796712875366,2.0841208058561556,0.048517287
34.150000006957264,0.49577773111773926,1.5645827779870924,52,21,0.9090909090909091,187,36,368,81,2.625468075275421,2.3475493967667216,0.07499727
34.20000000696745,0.3220055771936613,1.4998548832188618,61,22,0.9090909090909091,194,37,370,81,2.5700533390045166,2.3469515547237485,0.07438235
34.25000000697764,0.8011675064327944,1.6463185906630986,61,23,0.9090909090909091,195,39,378,79,2.5206145644187927,1.8855443050194864,0.03608894
34.30000000698782,0.45623943306636355,1.5088651883900848,63,23,0.9090909090909091,194,39,380,79,2.506268620491028,2.668135223924253,0.04612657
34.35000000699801,0.5489225100395505,1.7410823173350982,59,24,0.9545454545454546,194,38,366,79,2.7008089423179626,3.058001867534186,0.054754343
34.400000007008195,1.0470990531030198,1.94387021041857,63,24,0.9545454545454546,191,38,368,79,2.5171029567718506,3.1026826211918923,0.049584016
34.45000000701838,0.6967277174454245,1.488262954699712,58,21,0.8636363636363636,184,36,351,76,2.6578229665756226,2.923030483017932,0.12468417
34.50000000702857,0.7537589918188135,1.7583726098379948,63,23,0.9090909090909091,194,38,358,76,2.5245094299316406,2.6202604998802492,0.08627788
34.550000007038754,0.641508646501307,1.700894781716081,53,20,0.8181818181818182,188,38,355,82,2.727369964122772,2.5795019534730557,0.059882004
34.60000000704894,0.5365782781390147,1.4355531010805558,55,21,0.8181818181818182,182,37,356,79,2.6620715856552124,2.151379848495205,0.10321945
34.65000000705913,0.6799674106176936,1.605052652030575,57,22,0.8636363636363636,185,35,358,77,2.657436728477478,2.8890461410275314,0.093919754
34.70000000706931,0.4911318167453709,1.749659550316621,55,20,0.8181818181818182,186,37,362,79,2.7469339966773987,2.6471505446564425,0.04963339
34.7500000070795,0.5035047965200913,1.6838897938324613,55,20,0.8181818181818182,188,35,360,79,2.5005117058753967,3.043541241236891,0.08133453
34.800000007089686,0.4704743687506666,1.6101622775170727,56,24,0.9545454545454546,186,36,360,79,2.5883060693740845,2.78648933942903,0.08265087
34.85000000709987,0.40782775564313617,1.6905268625920036,53,21,0.8636363636363636,184,35,368,77,2.5302881002426147,1.9959329484825794,0.07690415
34.90000000711006,0.8234004047581018,1.6904462746714912,59,22,0.8636363636363636,181,37,358,75,2.6783794164657593,2.258834619240755,0.0580625
34.95000000712024,0.4980616902899518,1.560465919490814,54,21,0.8181818181818182,183,35,350,74,2.5445494055747986,2.220460374004718,0.103326485
35.00000000713043,1.0139351929005815,1.825123620566636,53,20,0.8181818181818182,175,35,354,76,2.7329084277153015,3.1045809269426528,0.09716339
35.05000000714062,0.45903232368636576,1.4598156014256634,56,21,0.8181818181818182,191,37,362,76,2.6752838492393494,2.354797028109168,0.037766114
35.100000007150804,0.36457337008116597,1.4928986819651766,62,22,0.9090909090909091,193,36,359,78,2.5604650378227234,2.540261875888561,0.04011652
35.15000000716099,0.5790015055890001,1.5399990105963866,51,22,0.8636363636363636,189,37,364,77,2.793927788734436,2.092538462606468,0.10353878
35.20000000717118,0.31881424079173576,1.5274317302907336,58,21,0.9090909090909091,190,37,364,76,2.686619758605957,2.128510059195694,0.04191623
35.25000000718136,0.44607106582800593,1.5457853759856277,55,22,0.9090909090909091,186,36,356,79,2.680242657661438,2.266843614920795,0.051353477
35.30000000719155,0.5590240391880972,1.5928288012644762,61,22,0.9090909090909091,189,36,360,78,2.5639933347702026,2.391526255470122,0.08630288
35.350000007201736,0.46776838490320183,1.4040788984789838,59,22,0.9090909090909091,187,35,359,77,2.6721107959747314,2.539788618532226,0.09581973
35.40000000721192,0.4221257163219334,1.559793564577592,61,23,0.9545454545454546,188,34,367,77,2.859455943107605,2.3222398022279656,0.08301905
35.45000000722211,0.08126729628672398,1.168993431419349,59,21,0.8636363636363636,190,36,358,75,2.5328004360198975,2.151252371330985,0.09717309
35.50000000723229,0.281652591231206,1.278447520296104,58,22,0.9090909090909091,193,35,366,76,2.5524207949638367,2.3053977778714962,0.07346018
35.55000000724248,0.5467854613029826,1.3773604539347881,61,22,0.9090909090909091,186,36,370,80,2.519175112247467,2.5519084027903816,0.11337744
35.60000000725267,0.40466760809995794,1.2945306880244978,60,24,0.9545454545454546,189,36,370,78,2.5458750128746033,2.7501289148099595,0.10638942
35.650000007262854,0.46506177274078964,1.3615554562608811,54,21,0.9090909090909091,175,33,355,74,2.3971639573574066,2.698400526922793,0.098319486
35.70000000727304,0.3296975695504125,1.492554886611649,59,23,0.9090909090909091,187,35,363,77,2.6241087913513184,2.8054494256709273,0.10194546
35.75000000728323,0.3065247514834436,1.3327872970039054,68,23,0.9090909090909091,191,37,369,81,2.6692521572113037,2.6600206373761814,0.04660037
35.80000000729341,0.23060839003450995,1.3579284322268315,64,23,0.9090909090909091,188,37,361,75,2.606761157512665,2.944488083224863,0.06067441
35.8500000073036,0.4602597614073527,1.3124713602129758,57,22,0.9090909090909091,192,35,366,76,2.5101882219314575,3.1914728661798097,0.090201974
35.900000007313785,0.3128329649755681,1.581763247629696,59,23,0.9090909090909091,188,38,367,77,2.537977397441864,2.491394571825758,0.11686832
35.95000000732397,0.4972712052807211,1.5283854082292467,60,22,0.9090909090909091,188,36,367,78,2.620624303817749,2.7216996477389532,0.13274668
36.00000000733416,0.592542722247272,1.3452599673405796,60,22,0.9090909090909091,187,34,362,75,2.62247234582901,2.9590808085410636,0.082208335
36.050000007344345,0.41412827485031456,1.5963563774395149,57,21,0.8181818181818182,185,38,366,75,2.5965654850006104,2.1820079483817256,0.12915176
36.10000000735453,0.567740766677712,1.6009491976210486,59,22,0.9545454545454546,191,36,368,76,2.486496716737747,2.5637176632713654,0.04865913
36.150000007364724,0.46267559217139587,1.4486907788259886,62,22,0.9090909090909091,194,37,376,79,2.6424896717071533,2.4040535597612234,0.060034625
36.2000000073749,0.2745354954862569,1.3166585287352808,62,22,0.9090909090909091,191,38,365,77,2.637280523777008,2.34361820687778,0.07641834
36.25000000738509,0.26341894113358016,1.388133742122244,62,21,0.9090909090909091,192,37,370,78,2.6198533177375793,1.9856921611168765,0.112672485
36.30000000739528,0.5595890472042723,1.5442862862765225,62,22,0.9090909090909091,198,37,367,77,2.5816041231155396,2.0778788918438185,0.069388695
36.35000000740546,0.38938284760430997,1.4265898158656536,59,22,0.9090909090909091,195,40,383,80,2.56151020526886,1.8682512489629932,0.08383852
36.40000000741565,0.4436731769014917,1.4211560007900634,67,21,0.8636363636363636,195,39,376,75,2.700628638267517,2.339394565706465,0.052747414
36.45000000742584,0.5666837312061105,1.557799674514021,65,22,0.9090909090909091,196,37,369,79,2.6123490929603577,2.1744241270734577,0.052710477
36.50000000743602,0.6351706671418428,1.6532933190507324,56,22,0.8636363636363636,196,39,378,80,2.6479527354240417,2.3420966103993734,0.08195976
36.55000000744621,0.3990323799304113,1.5165452846781549,65,22,0.8636363636363636,187,38,358,75,2.6051223278045654,1.6906749282213074,0.12712023
36.600000007456394,0.6326186133954276,1.587707187953324,62,21,0.8636363636363636,190,39,371,79,2.643231749534607,1.8252574258795828,0.08716212
36.65000000746658,0.638738558488432,1.6362041066733488,58,23,0.9090909090909091,191,34,374,81,2.6491376757621765,1.8698428771399112,0.05963999
36.70000000747677,0.6241051370795511,1.6875278882025915,56,22,0.8636363636363636,182,37,359,78,2.5851237773895264,1.5566790212465342,0.07397051
36.75000000748695,0.3877486078534823,1.3798108417639008,56,20,0.8636363636363636,190,37,365,81,2.552790641784668,2.1896054988115843,0.06478702
36.80000000749714,0.40765158178976135,1.4072705377160877,61,23,0.9545454545454546,190,35,369,78,2.673051655292511,1.9663887187616869,0.040146045
36.850000007507326,0.4782110778354059,1.424180025325639,61,22,0.8636363636363636,183,35,352,75,2.6464778184890747,2.3928378508653125,0.071273096
36.90000000751751,0.30500667216975486,1.435954913559491,60,23,0.9090909090909091,190,36,356,74,2.536669373512268,1.9257581280730207,0.08673969
36.9500000075277,0.5708063049774055,1.4915011233948339,55,22,0.9545454545454546,190,35,383,80,2.5539684295654297,1.7587457199103973,0.07368703
37.00000000753789,0.6044503467849969,1.4951139274487755,61,22,0.9090909090909091,195,39,371,80,2.547752857208252,2.1063456761572574,0.14263967
37.05000000754807,0.6529411976403533,1.6400445193065991,57,23,0.9545454545454546,187,35,366,82,2.601986527442932,2.1168132970361864,0.1074344
37.10000000755826,0.511930114902911,1.373783754036434,55,20,0.8636363636363636,186,36,367,80,2.5840628147125244,1.4938122141423094,0.13462394
37.150000007568444,0.7506318875932588,1.636778692277712,53,21,0.8636363636363636,183,36,352,80,2.5446829199790955,2.0595186495190543,0.22177957
37.20000000757863,0.7082759229306829,1.781262111642445,55,22,0.9090909090909091,187,37,357,79,2.588507831096649,1.9234219885877213,0.17684004
37.25000000758882,0.4297499672734631,1.3849631459102754,62,22,0.9545454545454546,185,36,361,80,2.5589588284492493,2.0354829449058354,0.13473839
37.300000007599,0.35359731899253855,1.364357963378716,56,22,0.9545454545454546,185,35,368,79,2.789755165576935,1.922063422477498,0.07240621
37.35000000760919,0.7604892971320222,1.717458178261335,63,23,0.9545454545454546,189,39,361,79,2.5338536500930786,2.5874426755917135,0.0849018
37.400000007619376,0.7963217634620169,1.7108697204366075,55,20,0.8181818181818182,180,35,347,77,2.563321888446808,2.9979382051612458,0.24498686
37.45000000762956,1.1445227281468566,1.915823297713302,62,21,0.8636363636363636,188,34,363,79,2.581530213356018,2.868358373299449,0.078868926
37.50000000763975,0.8095737347699508,1.6027485178319891,59,21,0.9090909090909091,188,36,373,80,2.5578558444976807,1.8694758196320382,0.10462226
37.550000007649935,0.37953705286378236,1.4245623085390924,52,21,0.8636363636363636,193,36,366,80,2.598552405834198,1.645507677279241,0.11766875
37.60000000766012,0.7472082149412487,1.6666957495392378,51,20,0.8181818181818182,178,37,347,76,2.5342053174972534,2.0322503289895355,0.1125066
37.65000000767031,0.6369075365544106,1.3652799383374246,53,21,0.9090909090909091,192,36,362,74,2.581629157066345,2.2185379295335395,0.10999921
37.700000007680494,0.8517819706977783,1.7332596729906358,50,20,0.8636363636363636,176,36,351,76,2.8056350350379944,2.1961138812168013,0.1809371
37.75000000769068,0.6223899234520156,1.4537670408972891,52,20,0.8636363636363636,183,34,354,77,2.5814250111579895,1.984688986464045,0.21227695
37.80000000770087,0.6123674116791205,1.528782657944676,50,22,0.9545454545454546,189,36,359,78,2.6240503787994385,1.8814606972126047,0.18041638
37.85000000771105,0.7265265905261076,1.9154902049087708,43,20,0.8636363636363636,170,34,365,82,2.6889899373054504,1.708702659579373,0.3604687
37.90000000772124,0.6058768708028681,1.575552815117196,57,21,0.8636363636363636,177,33,365,76,2.51953125,2.0819481604461387,0.16347468
37.950000007731425,0.7348243421771443,1.604741583147313,48,21,0.8636363636363636,183,35,363,79,2.739989161491394,2.1413948201703192,0.30185607
38.00000000774161,0.6080417090968392,1.4346150841720975,55,21,0.9090909090909091,184,36,350,78,2.612263560295105,1.529233719301617,0.15217042
38.0500000077518,0.6137314289584286,1.402009949733844,55,20,0.8636363636363636,187,37,361,81,2.6321780681610107,1.8070642958980976,0.17273787
38.100000007761984,0.38899939857407484,1.34289813488257,59,20,0.8636363636363636,186,37,364,78,2.583487331867218,1.2583525736723367,0.116572954
38.15000000777217,0.5052294567440733,1.5702399383127539,61,22,0.9090909090909091,187,36,375,81,2.621202766895294,1.5201483688641915,0.09758948
38.200000007782364,0.8142871444977335,1.6455855884388482,66,23,1.0,190,39,375,78,2.622448205947876,1.0158504117014289,0.044998232
38.25000000779254,0.8210627465510121,1.63177946255462,62,22,0.9090909090909091,195,38,374,80,2.601003646850586,1.695044672896131,0.04826036
38.30000000780273,0.6561747787575323,1.498627885999297,65,21,0.9090909090909091,192,39,369,79,2.565937340259552,1.3304421033262415,0.09636217
38.35000000781292,0.69570790367099,1.4687228900627933,61,22,0.9545454545454546,188,36,370,81,2.628641128540039,1.6338999780466157,0.09166725
38.4000000078231,0.5238152671434049,1.3553607691107874,63,22,0.9090909090909091,191,36,372,82,2.5658640265464783,1.7095507420307143,0.052858286
38.45000000783329,0.1369891528820359,1.3687898104433318,56,23,0.9090909090909091,191,35,370,78,2.6436835527420044,1.2787586412609109,0.08442747
38.500000007843475,0.3232965128506846,1.2384639299459819,57,23,0.9090909090909091,189,33,365,77,2.5223928689956665,1.577735385745589,0.0958631
38.55000000785366,0.7091165831105196,1.411654301488372,57,21,0.8636363636363636,184,35,351,79,2.5869810581207275,2.145357342055787,0.11272332
38.60000000786385,0.45688976764399847,1.319448732260834,59,22,0.9090909090909091,190,37,361,79,2.626660168170929,1.9993588696947917,0.110794604
38.650000007874034,0.46442151954694527,1.5148064013306803,56,22,0.9090909090909091,192,38,361,79,2.558008134365082,1.7964420109402734,0.06492661
38.70000000788422,0.36516651277554224,1.404606782305192,49,20,0.8636363636363636,190,39,361,80,2.734861671924591,1.6165767861857372,0.13966991
38.75000000789441,0.6463204778230391,1.4290113748336044,57,22,0.9090909090909091,181,34,365,81,2.4681490659713745,1.8795433123430172,0.0897331
38.80000000790459,0.6152673215619121,1.3805033968677094,60,23,0.9090909090909091,193,36,368,80,2.6669391989707947,2.1193950504014136,0.062174786
38.85000000791478,0.5217003460033743,1.485960646439631,62,21,0.8636363636363636,184,34,368,78,2.6798906922340393,2.3815813940546082,0.084371224
38.900000007924966,0.2691725503995578,1.4289827639961872,58,22,0.9090909090909091,185,34,360,76,2.6946857571601868,1.726045054584322,0.069213435
38.95000000793515,0.6530220182313127,1.372186296704747,61,21,0.8636363636363636,188,35,368,80,2.5632765889167786,2.0760929455727606,0.053755373
39.00000000794534,0.3567125308709004,1.2594785449387524,60,22,0.9090909090909091,188,35,372,80,2.6375165581703186,1.466493411477643,0.098172724
39.05000000795552,0.47368478831245187,1.3928632713064144,62,23,0.9090909090909091,187,36,372,82,2.5986668467521667,1.8572334549407632,0.079605065
39.10000000796571,0.6944745336693338,1.393168663212129,58,23,0.9090909090909091,185,37,368,79,2.519676685333252,2.1671494251366052,0.066668
39.1500000079759,0.7218219799502058,1.456958769655734,62,22,0.9090909090909091,189,36,366,78,2.6350587606430054,2.2760113890670564,0.12516725
39.200000007986084,0.6121385125909427,1.6074873898228839,57,22,0.9090909090909091,196,39,363,80,2.763602137565613,1.991285374072822,0.13230857
39.25000000799627,0.4924358750945457,1.2924020280459043,58,22,0.9545454545454546,190,37,367,82,2.703852653503418,1.8116404507217965,0.09148151
39.30000000800646,0.5450242790766123,1.4812080601169888,59,21,0.8636363636363636,186,35,365,80,2.520100176334381,2.157977371792459,0.10847747
39.35000000801664,0.6633111374892721,1.5775841551717094,64,21,0.8636363636363636,196,40,378,81,2.5488904118537903,2.218525290943898,0.055546544
39.40000000802683,0.31518158512393313,1.5604514118712662,56,20,0.8181818181818182,184,39,360,75,2.484062761068344,1.5291453270311628,0.15098462
39.450000008037016,0.45979472914985026,1.4549926346622812,61,22,0.9090909090909091,195,37,363,78,2.5031277537345886,2.238182382423428,0.15047114
39.5000000080472,0.4925621340688618,1.5714964425133562,57,22,0.9090909090909091,189,37,367,80,2.575734257698059,1.8496357510939276,0.15370338
39.55000000805739,0.7843581204231963,1.7083347967480476,58,21,0.8636363636363636,186,38,357,78,2.763352394104004,2.14321703855072,0.11124196
39.60000000806757,0.6384388662755822,1.5462407688717092,66,23,0.9090909090909091,189,36,378,81,2.5684091448783875,2.0900698483739077,0.10802762
39.65000000807776,0.5106316056058942,1.7213244395353489,57,23,0.9090909090909091,187,39,368,77,2.709888219833374,1.861674130006481,0.14124073
39.70000000808795,0.6364263223199897,1.8367831615641923,59,22,0.9090909090909091,189,36,359,77,2.7234438061714172,1.0964627489886514,0.15789701
39.750000008098134,0.3417692915291427,1.54910355359656,55,20,0.9090909090909091,187,37,368,78,2.5157371163368225,1.2853586444599596,0.10480759
39.80000000810832,0.6181387974780086,1.6347618050496269,55,23,0.9545454545454546,185,35,373,80,2.6107722520828247,1.2724578794659802,0.11631212
39.850000008118506,0.619250125674339,1.528477109761235,56,22,0.8636363636363636,184,35,363,77,2.505975365638733,1.6440861895029713,0.14555804
39.90000000812869,0.7771791797007487,1.6835142342374265,61,23,0.9545454545454546,187,32,357,77,2.7674272656440735,1.5762196063699108,0.1329207
39.95000000813888,0.7017973794402012,1.558035912903756,58,23,0.9545454545454546,196,38,354,79,2.5321102142333984,1.5956441203749794,0.13960654
40.00000000814906,0.5539414850755195,1.4511287562985657,60,23,0.9090909090909091,193,38,372,79,2.598625123500824,1.2741689864150096,0.09005736
40.05000000815925,0.6093133188453149,1.1975697775828467,58,22,0.9090909090909091,182,34,362,81,2.5127974152565002,0.9297927694842656,0.17293882
40.10000000816944,0.6968151496065214,1.2666093756709305,57,23,0.9090909090909091,183,34,362,80,2.59536474943161,1.3257881956124695,0.13044412
40.150000008179624,0.9148783322300988,1.3563271920797093,62,23,0.9090909090909091,186,34,366,79,2.6094868779182434,1.4312950631252441,0.10508791
40.20000000818981,0.5724880222856048,1.5248935270989645,59,22,0.9090909090909091,189,36,353,78,2.5588765740394592,0.7221550382374886,0.13243294
40.250000008200004,0.47593496860701295,1.3012791027400292,57,22,0.8636363636363636,183,34,359,78,2.616044580936432,1.094387864585995,0.14417209
40.30000000821018,0.8601585530137801,1.5249234915515495,58,22,0.9090909090909091,179,34,348,74,2.5855398178100586,1.4453951249650476,0.1766457
40.35000000822037,0.337541773404617,1.471113619410809,56,22,0.9090909090909091,188,37,358,77,2.585400938987732,0.9265488688358747,0.11912542
40.40000000823056,0.2961412141251206,1.28606044570415,61,21,0.8636363636363636,182,34,367,80,2.5417017936706543,0.9725819446015471,0.11571537
40.45000000824074,0.2271821957356237,1.3809505328333047,58,24,0.9090909090909091,188,33,362,79,2.615555226802826,0.7039763924782694,0.1352388
40.50000000825093,0.5351164389373538,1.57603488600113,61,23,0.9545454545454546,192,37,368,79,2.5678345561027527,0.5814746079928046,0.06832655
40.55000000826112,0.42090515533746087,1.352673483458792,62,22,0.8636363636363636,185,34,366,78,2.5779947638511658,0.9741408339823554,0.07917336
40.6000000082713,0.3174742568883513,1.48861958604685,67,24,0.9545454545454546,186,35,366,80,2.504543960094452,0.7067190250207922,0.063251264
40.65000000828149,0.39074339467467184,1.567264568711992,65,22,0.9090909090909091,192,36,364,78,2.6423656940460205,0.7932167782119048,0.061870523
40.700000008291674,0.2693066804463625,1.249834741809435,59,24,0.9545454545454546,187,34,367,79,2.6958870887756348,1.3222635056368404,0.07840256
40.75000000830186,0.4549875924641148,1.5390970045817975,62,23,0.9090909090909091,189,36,362,76,2.507808208465576,0.9942694429531773,0.11168274
40.80000000831205,0.2923673737564235,1.5286425084518072,58,23,0.9090909090909091,188,34,368,81,2.6691630482673645,1.4341700913973465,0.10327184
40.85000000832223,0.5496609669106128,1.3375085528988686,58,22,0.9090909090909091,183,35,347,72,2.6127517223358154,2.3262244000700694,0.12636647
40.90000000833242,0.42286421686175807,1.3472739150053732,59,21,0.9090909090909091,194,36,368,77,2.6528209447860718,2.59212473159387,0.12673694
40.950000008342606,0.5265514536840024,1.4006358667998589,57,22,0.8636363636363636,185,34,353,75,2.6519817113876343,2.876848019702498,0.1355682
41.00000000835279,0.6210411538708019,1.5771583750793539,57,21,0.8636363636363636,191,37,355,78,2.661159932613373,2.8960462419964728,0.15632087
41.05000000836298,0.7711504444557797,1.5656534727572045,54,23,0.9090909090909091,184,36,355,80,2.6743540167808533,3.284551005565328,0.17166092
41.10000000837317,0.24275320600660596,1.4517703407249458,57,23,0.9090909090909091,191,35,354,77,2.71730899810791,2.5266783359532763,0.13196114
41.15000000838335,0.3678194103456755,1.4382108952777082,58,22,0.9090909090909091,182,34,361,76,2.513648569583893,2.399842030159851,0.13712785
41.20000000839354,0.5467968633980097,1.7695312641460224,65,24,0.9545454545454546,189,38,370,81,2.7045464515686035,2.2474404003784176,0.05531048
41.250000008403724,0.6420678993317528,1.44819180176804,60,22,0.9090909090909091,187,35,351,74,2.623552978038788,2.5995929170996046,0.06874899
41.30000000841391,0.5159909598326217,1.5147893184957375,64,23,0.9545454545454546,194,34,357,74,2.610034942626953,2.921708733795212,0.05878093
41.3500000084241,0.6760785491433785,1.3756604823647842,64,23,0.9545454545454546,186,35,361,78,2.5467491149902344,2.781607375672852,0.028873008
41.40000000843428,0.6467561638906911,1.5545932159972706,61,22,0.9090909090909091,186,37,365,75,2.4976299703121185,2.586179894374032,0.072618045
41.45000000844447,0.3961589925988319,1.5144261508181263,59,21,0.8636363636363636,191,34,364,79,2.7338561415672302,2.428709051883846,0.10622583
41.500000008454656,0.5228172924293419,1.4008981649040457,62,22,0.8636363636363636,187,35,367,78,2.5138062238693237,2.6952022368913298,0.07362903
41.55000000846484,0.27846523195149114,1.5343798785348428,60,22,0.8636363636363636,183,34,356,79,2.6792356371879578,2.134534563610888,0.078525215
41.60000000847503,0.5178565709482198,1.338945639146985,66,22,0.9090909090909091,186,32,366,79,2.5890082120895386,2.5803220475406263,0.07107057
41.650000008485215,0.5619552668665108,1.5303852947297478,59,22,0.9090909090909091,192,35,358,76,2.661576569080353,2.7167287330629453,0.047862533
41.7000000084954,0.6144721630573418,1.501198756044695,60,21,0.8636363636363636,186,34,355,72,2.7155163884162903,2.64110967605677,0.099268794
41.750000008505594,0.36196501845305395,1.3476525414380116,54,22,0.9090909090909091,184,34,358,76,2.511473596096039,2.2030120499773798,0.15412
41.800000008515774,0.518912972718564,1.473509074730862,57,23,0.9090909090909091,193,37,362,79,2.6854750514030457,2.6737052498263214,0.055553116
41.85000000852596,0.3266491586222298,1.4545027824082375,55,22,0.9090909090909091,185,36,362,77,2.7082157135009766,2.52708091758862,0.08140214
41.90000000853615,0.6798573904114615,1.3394268606605158,58,21,0.8636363636363636,184,34,368,77,2.6319432258605957,2.7356428249574805,0.11935035
41.95000000854633,0.49739157444742726,1.3125127224874715,63,23,0.9545454545454546,186,36,371,80,2.8032830357551575,2.408380948331734,0.07852024
42.00000000855652,0.42289090320623945,1.2721572586832548,58,22,0.9090909090909091,185,35,363,78,2.601805329322815,2.124965474295868,0.08768929
42.050000008566705,0.5087257665893659,1.5677355236431878,55,21,0.8636363636363636,182,34,360,77,2.6316246390342712,1.9970981165582113,0.100160465
42.10000000857689,0.6338077813874238,1.5227233757611849,58,23,0.9545454545454546,182,36,349,78,2.6053249835968018,2.3893049361913388,0.11755928
42.15000000858708,0.5086939616707455,1.4268383279685348,56,22,0.9090909090909091,191,38,355,77,2.623302638530731,2.157206815806232,0.06774885
42.200000008597264,0.5633814913195244,1.3556765778054993,55,22,0.8636363636363636,186,36,358,77,2.664858102798462,2.4245163106457035,0.107261255
42.25000000860745,0.6556539684976053,1.4894901113078405,58,21,0.8636363636363636,186,35,359,81,2.59453147649765,2.9676033977411986,0.048988536
42.300000008617644,0.545915710752702,1.494743292137592,60,24,0.9090909090909091,190,39,365,79,2.657287120819092,2.3268188464917205,0.055483416
42.35000000862782,0.8092087989970211,1.7007797115101688,58,22,0.8636363636363636,195,37,350,75,2.6516297459602356,2.6434363437103414,0.014343046
42.40000000863801,0.6561762423630578,1.4792906976986175,60,22,0.8636363636363636,187,37,363,81,2.6670870184898376,2.2861352904915577,0.084205054
42.4500000086482,0.6115369002311599,1.586632187443927,62,22,0.9090909090909091,188,36,361,78,2.552388310432434,2.4085512417882793,0.051985513
42.50000000865838,0.6593562103461982,1.7052797421201977,63,24,0.9090909090909091,201,40,378,78,2.803191840648651,1.8513948898764099,0.026777677
42.55000000866857,0.5631046015849256,1.5759121444118775,64,21,0.8636363636363636,194,38,371,81,2.612561583518982,2.5287284880728755,0.07640382
42.600000008678755,0.4407516638669798,1.6034138358333871,57,21,0.8636363636363636,190,38,360,77,2.5354421138763428,2.094026878740296,0.09434355
42.65000000868894,0.8522208144151328,1.7715666010865025,55,21,0.8636363636363636,193,38,359,77,2.609584927558899,2.753109083961931,0.060665607
42.70000000869913,0.6995490623325786,1.6442245784150313,60,24,0.9545454545454546,194,40,364,78,2.551840841770172,2.606694522178561,0.06620555
42.750000008709314,0.56398576532995,1.5189749789251996,57,22,0.8636363636363636,185,36,343,73,2.7513405680656433,2.472906744856198,0.093307495
42.8000000087195,0.7867972638405594,1.6106485102664572,63,24,0.9545454545454546,189,36,357,79,2.5090551376342773,2.52299674250275,0.04922033
42.85000000872969,0.6347976273551663,1.7707059074154208,60,21,0.8636363636363636,185,36,359,77,2.6710551977157593,2.327723328471407,0.12679939
42.90000000873987,0.5523423094372003,1.5068714396710026,58,23,0.9545454545454546,190,36,364,81,2.6963776350021362,2.6918523371932057,0.07673455
42.95000000875006,0.5238140449854561,1.6823700110988091,64,22,0.9090909090909091,185,35,366,78,2.6028695702552795,2.646094182802532,0.094686545
43.000000008760246,0.5940181996617183,1.5485162852171346,59,23,0.9545454545454546,188,35,361,79,2.684313654899597,2.641277592776765,0.0692608
43.05000000877043,0.8726398521502932,1.7257619319264992,58,22,0.9090909090909091,188,35,362,82,2.463465631008148,3.3118005717886234,0.108898014
43.10000000878062,0.6173801293777714,1.7143304175251148,62,23,0.9090909090909091,188,37,364,79,2.7329623699188232,2.6144634058994853,0.07040325
43.1500000087908,0.8371494913733025,1.7685219478618717,58,21,0.8181818181818182,184,34,345,77,2.6903510093688965,2.705929963356475,0.06357525
43.20000000880099,0.559725567315582,1.648276406326571,55,21,0.8636363636363636,189,37,360,76,2.6361632347106934,2.628224465899427,0.06863344
43.25000000881118,0.32518577324073794,1.349968202940297,55,23,0.9090909090909091,184,35,364,78,2.7045288681983948,2.2424361225847544,0.08506362
43.300000008821364,0.4385611303601382,1.546140094658039,61,23,0.9545454545454546,186,34,363,75,2.63020783662796,2.3119369981628157,0.11351369
43.35000000883155,0.552291121325392,1.5735218779485516,65,22,0.9090909090909091,183,36,355,77,2.6190268993377686,2.5844074981722542,0.10058792
43.40000000884174,0.9116448320447523,1.8296720882558695,56,21,0.8636363636363636,187,37,353,77,2.6739025115966797,2.645854375461383,0.08977263
43.45000000885192,0.38678607740221793,1.4407754789828322,62,23,0.9090909090909091,186,35,364,75,2.5819432735443115,2.0110972880692746,0.11241681
43.50000000886211,0.40563778496987235,1.3891908492226839,60,22,0.9090909090909091,190,37,377,78,2.5695478916168213,2.0331434250428693,0.055087514
43.550000008872296,0.31704279279238307,1.4734249898751492,63,21,0.8636363636363636,188,35,364,78,2.5589928030967712,2.296572473936598,0.06025445
43.60000000888248,0.3145675433443762,1.4204515167275966,61,21,0.8636363636363636,185,36,366,78,2.690439522266388,2.237852295550802,0.106657065
43.65000000889267,0.2450882034624236,1.506759870035286,62,21,0.8181818181818182,183,36,363,78,2.646791636943817,2.43436895359058,0.07566702
43.70000000890285,0.6915343785406554,1.5737030192854953,64,22,0.9090909090909091,184,35,359,78,2.706400454044342,3.351791539839395,0.09341416
43.75000000891304,0.16428723935918527,1.3605748355863836,57,22,0.9090909090909091,187,36,363,79,2.664702832698822,2.237250020655024,0.07922882
43.80000000892323,0.4799430221287693,1.597980991762231,62,22,0.9090909090909091,189,36,365,79,2.6210108399391174,2.4281621631440675,0.046825234
43.850000008933414,0.5207351936122859,1.639975124698504,63,23,0.9090909090909091,190,35,362,81,2.5769126415252686,2.4140757790999867,0.11800994
43.9000000089436,0.43811436955774635,1.3681892324199996,59,22,0.8636363636363636,185,34,356,78,2.546323537826538,2.019735273776604,0.10211563
43.950000008953786,0.4543035639511048,1.3689603339927916,62,22,0.8636363636363636,191,35,365,75,2.5009149312973022,2.227365190357009,0.118549146
44.00000000896397,0.5843662650422501,1.4320696394307717,61,22,0.9090909090909091,186,33,366,77,2.5710704922676086,2.2836241480198005,0.08549201
44.05000000897416,0.6523704223336179,1.5217822828307794,60,22,0.9090909090909091,187,38,356,75,2.568133771419525,3.030456854349195,0.096193865
44.10000000898434,0.5071938724900102,1.5939958189969547,58,23,0.9545454545454546,191,36,363,80,2.5494584441184998,2.6016532320352326,0.07187545
44.15000000899453,0.5191725073748541,1.4027208177315456,60,22,0.9090909090909091,190,35,361,79,2.532336711883545,2.0521860936104552,0.11961663
44.20000000900472,0.30662426418086963,1.380447513201612,61,24,0.9090909090909091,186,35,355,77,2.476664185523987,2.2170970785676403,0.13906465
44.250000009014904,0.6866630547003123,1.4743681646505786,63,22,0.9090909090909091,183,34,359,78,2.5683438777923584,2.6077960874676975,0.11060338
44.30000000902509,0.47217811828725637,1.5171477968811684,59,23,0.9090909090909091,187,36,357,78,2.628205418586731,2.2087346037214672,0.09497619
44.350000009035284,0.2561048267500509,1.4002496774266282,63,23,0.9090909090909091,185,35,367,77,2.5194600224494934,2.056357403764393,0.09187585
44.40000000904546,0.6578305609950239,1.5579678320871118,61,22,0.9090909090909091,185,35,366,80,2.573312222957611,2.0928902779814074,0.087763324
44.45000000905565,0.3277794250004143,1.470837132896492,57,24,0.9090909090909091,185,34,359,78,2.5641512870788574,1.8892135984655933,0.089870445
44.50000000906584,0.30276913787795134,1.4599007643343322,66,25,0.9545454545454546,198,40,371,78,2.6222828030586243,1.6946333117217804,0.07225864
44.55000000907602,0.5695278531469914,1.6465933182669479,54,20,0.8181818181818182,185,37,361,81,2.591882646083832,1.8714641060854387,0.11329531
44.60000000908621,0.4281617840038405,1.489903148039289,56,22,0.9090909090909091,191,36,372,79,2.7300849556922913,1.2374613320365668,0.10762864
44.6500000090964,0.6107837073372409,1.5934907677469956,51,20,0.8181818181818182,184,37,360,76,2.7321600914001465,1.0319730440173913,0.09624013
44.70000000910658,0.38354493560561,1.5432970222235038,61,25,0.9545454545454546,190,39,375,80,2.6622307300567627,0.9036926165780468,0.08572233
44.75000000911677,0.3457929294511177,1.6290545905726144,56,21,0.8181818181818182,182,36,364,80,2.6637399196624756,0.6172633900842506,0.08821817
44.800000009126954,0.42584751871828685,1.537261541622827,54,21,0.9090909090909091,190,37,369,78,2.624392807483673,0.5455304453086196,0.11717385
44.85000000913714,0.35689736951486134,1.5226404264355209,53,20,0.8636363636363636,192,37,360,75,2.6088926196098328,1.3637386749517777,0.077024154
44.90000000914733,0.2261033529971436,1.4546606295713613,60,22,0.9090909090909091,184,36,357,78,2.622016668319702,1.008771488219411,0.11857895
44.95000000915751,0.33824665993179126,1.3684230687679433,59,24,0.9545454545454546,189,34,367,76,2.439906597137451,0.9972543796977451,0.07507725
45.0000000091677,0.4487767157788385,1.494457192553911,62,23,0.9545454545454546,190,37,364,79,2.66950786113739,1.0370202925628647,0.102746986
45.050000009177886,0.36600649872021973,1.4679447345055199,56,23,0.9090909090909091,187,36,366,74,2.643790543079376,1.3925691981699906,0.060240485
45.10000000918807,0.3460953776713087,1.615594449319076,54,20,0.8636363636363636,194,37,373,81,2.740744948387146,1.85323974724934,0.045572232
45.15000000919826,0.4654762830271619,1.5629950657396359,58,23,0.9090909090909091,186,34,361,76,2.6448240876197815,1.6563891548557041,0.13339211
45.20000000920845,0.24947737834339467,1.4327323450993867,59,22,0.9090909090909091,188,36,364,79,2.588750720024109,1.5610109574323516,0.08665601
45.25000000921863,0.14893617999785727,1.2519265882458288,58,21,0.8636363636363636,187,36,358,75,2.5843700766563416,1.2450594880501331,0.14759557
45.30000000922882,0.49001779630678083,1.4911512208594033,58,23,0.9545454545454546,183,35,362,79,2.5454995036125183,1.504997391728331,0.1322769
45.350000009239004,0.5262052047606175,1.4318020269543543,55,22,0.9545454545454546,178,35,357,78,2.484513074159622,1.4756698555030479,0.15282099
45.40000000924919,0.620964538035139,1.5349951002178297,57,23,0.9090909090909091,193,37,366,77,2.5594842433929443,1.3833875522565187,0.095883034
45.45000000925938,0.680701218323841,1.5551101079015384,61,22,0.9090909090909091,187,36,361,78,2.564983367919922,1.60526664454391,0.09416959
45.50000000926956,0.5352130576755404,1.4499270794430927,51,21,0.9090909090909091,182,35,361,81,2.641087770462036,1.4112816462762456,0.08521931
45.55000000927975,0.7552328857219701,1.7813784999936972,51,21,0.8636363636363636,179,36,370,80,2.54387229681015,1.7773670649023199,0.1754907
45.600000009289936,0.5613596958483612,1.6274298328532968,57,21,0.9090909090909091,182,34,359,77,2.700185477733612,1.5445720677414254,0.14334932
45.65000000930012,0.8203843241084916,1.7720286073402418,57,22,0.8636363636363636,186,36,359,77,2.6163744926452637,1.0955707431129191,0.08094612
45.70000000931031,0.641477540087201,1.4639367102926693,59,21,0.8636363636363636,186,35,357,78,2.5715118646621704,1.5183408855297298,0.053483203
45.750000009320495,1.13283147501409,1.9329884113632565,56,20,0.7727272727272727,183,35,363,78,2.6880958676338196,2.132014777502711,0.05612342
45.80000000933068,0.42024992348802365,1.372880753410319,58,22,0.8636363636363636,182,36,355,76,2.431524246931076,1.3987789649428883,0.1404737
45.850000009340874,0.4524332295077404,1.3403264795418068,58,22,0.9090909090909091,187,33,359,78,2.6687389612197876,1.161490044262461,0.07816507
45.900000009351054,0.3306250844964549,1.4613168051110703,56,23,0.9090909090909091,190,38,367,80,2.496284395456314,0.610789409179171,0.072451204
45.95000000936124,0.8805927446650308,1.542913986884733,59,23,0.9545454545454546,187,35,358,80,2.689557671546936,1.5881423720165344,0.091937765
46.00000000937143,0.42322459518873723,1.5882973245690069,58,21,0.9545454545454546,188,36,373,79,2.6304540038108826,1.107580977436351,0.08548471
46.05000000938161,0.39887591509875286,1.6522754536358621,61,22,0.9090909090909091,186,37,365,79,2.5532615184783936,1.387496326661335,0.079288915
46.1000000093918,0.801291940640791,1.7476024491596875,62,21,0.8181818181818182,177,35,359,80,2.6606643199920654,1.2607798957385352,0.046984926
46.150000009401985,0.6232981199422853,1.5268482257446232,61,22,0.9545454545454546,189,38,374,79,2.7790790796279907,1.1994644782002517,0.10624056
46.20000000941217,0.7142847573285565,1.645676813182917,64,23,0.9090909090909091,190,38,375,79,2.647090256214142,1.3117697972576003,0.078743234
46.25000000942236,0.4930707766793635,1.4093075644005517,61,22,0.9090909090909091,189,35,365,77,2.6288145780563354,1.107134345758718,0.062817246
46.300000009432544,0.5734393264780289,1.6403917483598787,61,22,0.9090909090909091,189,36,363,79,2.5156691670417786,1.9310999824667174,0.09412003
46.35000000944273,0.5439374071783225,1.5685435137198542,60,23,0.9545454545454546,188,34,374,80,2.5350069999694824,2.1147885633587205,0.0824524
46.400000009452924,0.29696733089010985,1.4918492466707622,68,23,0.9545454545454546,194,38,362,78,2.6529082655906677,1.5507089493738135,0.05417485
46.4500000094631,0.3464767781204395,1.3758239408074024,62,21,0.8636363636363636,185,35,369,81,2.6290711760520935,1.4850610731704883,0.08036367
46.50000000947329,0.635764240396201,1.4869816993177256,61,22,0.9090909090909091,192,38,368,76,2.5133994221687317,1.2710083783936454,0.09114965
46.55000000948348,0.45069575627921843,1.5101224583048163,65,23,0.9545454545454546,196,39,370,79,2.5525641441345215,1.5003254114081344,0.08138361
46.60000000949366,0.7199794935806219,1.4046225449617042,65,21,0.8636363636363636,186,34,366,76,2.6715391874313354,2.188154333653598,0.09335263
46.65000000950385,0.4330423301027128,1.532946629125595,62,22,0.9090909090909091,182,34,364,77,2.5252586603164673,1.7512797364276533,0.04552479
46.700000009514035,0.668418399260524,1.5141130917923085,61,21,0.8636363636363636,186,39,358,78,2.658728063106537,2.1057898198610125,0.07781183
46.75000000952422,0.48316011258728925,1.4531707363159554,62,23,0.9090909090909091,188,36,365,81,2.564958930015564,2.0562252889611,0.07518375
46.80000000953441,0.536622809528866,1.487673599423338,64,22,0.9090909090909091,186,38,367,77,2.5981363654136658,1.7027485806469045,0.099649444
46.850000009544594,0.3453926403087401,1.469511507618802,54,21,0.8636363636363636,189,38,356,77,2.5835788249969482,1.3294781460572214,0.14881605
46.90000000955478,0.5643650011699918,1.3923810273925705,53,22,0.9090909090909091,187,36,360,77,2.6583972573280334,1.9943138084585144,0.14917439
46.95000000956497,0.5168084983711244,1.5046550056575616,59,21,0.8636363636363636,185,35,365,77,2.583683431148529,1.553745056541267,0.14196093
47.00000000957515,0.37605257504511547,1.4557517754764993,57,22,0.9090909090909091,183,35,360,79,2.630952298641205,1.5459592961634971,0.1626689
47.05000000958534,0.384688315924093,1.2467795239754456,65,23,0.9090909090909091,187,35,372,79,2.5502291321754456,1.600404753101481,0.062141746
47.100000009595526,0.5216311805790306,1.3663849796232375,55,21,0.9090909090909091,183,35,365,81,2.670719623565674,1.9309493784819942,0.17387876
47.15000000960571,0.6669973512668442,1.550629578232336,61,22,0.9090909090909091,187,37,366,78,2.6012641191482544,2.218141102318736,0.1553681
47.2000000096159,0.29624468775978013,1.3516194324476576,56,23,0.9090909090909091,187,35,360,78,2.5181642174720764,1.8466199325603494,0.12139192
47.25000000962608,0.46751948395640686,1.2265318917859984,62,23,0.9090909090909091,189,34,373,80,2.4509891867637634,2.0634483023938177,0.09244227
47.30000000963627,0.42789922571647704,1.2846610372676703,59,23,0.9090909090909091,187,37,355,76,2.534978985786438,2.1888483655537705,0.10416858
47.35000000964646,0.40565780402722684,1.3132196810223482,58,24,0.9090909090909091,186,35,357,77,2.5338128209114075,2.355786303027365,0.093908116
47.400000009656644,0.4125844408863094,1.2901886134809828,63,23,0.9090909090909091,189,35,362,79,2.5013190507888794,2.0422757880228826,0.09791772
47.45000000966683,0.15532334233080378,1.4255128723496808,60,23,0.9090909090909091,189,36,363,76,2.6075395941734314,2.0930213558012145,0.073894605
47.50000000967702,0.35341398427094445,1.3988105237484918,65,23,0.9090909090909091,188,35,367,81,2.5979167222976685,1.5925310341011478,0.06335969
47.5500000096872,0.6021356427690779,1.5185188683101023,61,22,0.9090909090909091,185,36,366,79,2.582714855670929,2.018342426718318,0.085560575
47.60000000969739,0.6298481617299241,1.549797411821936,60,22,0.9090909090909091,181,34,360,78,2.6445528864860535,1.8378822510550563,0.043523453
47.650000009707576,0.42629106271154005,1.449058273676393,60,22,0.9090909090909091,188,35,359,79,2.6127195358276367,1.5654412289441133,0.13502315
47.70000000971776,0.6268300149185779,1.385652669123282,55,22,0.9090909090909091,188,33,364,79,2.5575336813926697,1.8241909646055277,0.08049305
47.75000000972795,0.5374055209379828,1.366014223074634,56,22,0.9090909090909091,185,36,358,77,2.5711700320243835,1.4195971100287252,0.07467744
47.800000009738135,0.30001920980612573,1.2878681512313508,63,22,0.9090909090909091,190,36,363,76,2.6254096627235413,1.1974058733266801,0.092393756
47.85000000974832,0.5562688293988484,1.4748303145908572,62,22,0.8636363636363636,187,36,362,78,2.5205668807029724,1.5017528071212016,0.107915014
47.90000000975851,0.5594400333211741,1.4243293390419376,54,21,0.8636363636363636,188,35,362,78,2.6519960165023804,1.8902804066688095,0.08874742
47.950000009768694,0.49334830553360903,1.5280691763754428,58,19,0.7727272727272727,186,35,358,75,2.509836256504059,2.000520558316703,0.05949408
48.00000000977888,0.5311605936494649,1.3624950734563548,59,22,0.9090909090909091,190,36,352,75,2.654019296169281,2.5106352004412535,0.10653706
48.050000009789066,0.4188645532747823,1.2588626047331215,57,22,0.9090909090909091,187,36,353,77,2.5348177552223206,2.289828417163573,0.11142577
48.10000000979925,0.34925233904315117,1.3760059019740472,57,25,0.9545454545454546,187,34,375,78,2.464336007833481,2.261127873680593,0.107314244
48.15000000980944,0.4770019384480492,1.4623212624031634,65,23,0.9545454545454546,191,36,364,79,2.4777504801750183,2.0759081976770233,0.06619618
48.20000000981962,0.6033853775552305,1.417010628501417,62,22,0.9090909090909091,189,37,357,78,2.7474918961524963,2.075666146740307,0.108121276
48.25000000982981,0.34336768598013495,1.3238585503508993,65,23,0.9090909090909091,197,37,372,80,2.572528123855591,1.7747972586420246,0.07536657
48.30000000984,0.3259398429587439,1.4373775996061713,57,23,0.8636363636363636,184,36,355,76,2.5694358348846436,1.2956768761470805,0.11048028
48.350000009850184,0.39168731108784904,1.3790366008989055,58,22,0.9090909090909091,191,36,350,77,2.612212300300598,1.8478344493875198,0.1000188
48.40000000986037,0.6663885386325986,1.5726880333704818,61,22,0.9090909090909091,192,35,366,80,2.653765380382538,2.3118989604894846,0.12754288
48.450000009870564,0.22316229529770615,1.375756383768712,57,22,0.9090909090909091,192,36,368,81,2.5924593210220337,1.3946308030066579,0.08942187
48.50000000988074,0.4655129804495064,1.2302158153868077,62,22,0.9090909090909091,189,35,360,79,2.608959376811981,2.0226673034833453,0.07954304
48.55000000989093,0.4614720884204262,1.2086278354435462,60,21,0.8636363636363636,193,36,369,81,2.4502217769622803,1.9138237955419157,0.07121888
48.60000000990112,0.3248510507394924,1.3046474376571628,65,23,0.9090909090909091,191,37,367,81,2.521235942840576,1.3669517447611845,0.05949956
48.6500000099113,0.427209482478347,1.3751062588758507,56,23,0.9545454545454546,193,37,363,81,2.6484334468841553,1.337929190408662,0.043215565
48.70000000992149,0.7216461230357989,1.4775646625584034,65,23,0.9545454545454546,192,37,368,80,2.554992139339447,1.950708720826544,0.059839368
48.75000000993168,0.34466643259755747,1.5097047981748692,64,21,0.8636363636363636,192,36,360,76,2.4536047875881195,1.2416113774866133,0.09703767
48.80000000994186,0.5189886201079942,1.3335863769612915,63,22,0.8181818181818182,182,33,365,77,2.715887427330017,1.679976597371633,0.08812518
48.85000000995205,0.4572919882248086,1.2050641350107474,66,22,0.9090909090909091,191,34,359,79,2.80907541513443,1.6029338365176216,0.051245965
48.900000009962234,0.5424170556222792,1.4476041035224303,61,20,0.8636363636363636,182,33,370,80,2.6388224959373474,1.5055127309701088,0.11020577
48.95000000997242,0.4217990242635216,1.4142917586909647,63,22,0.9090909090909091,189,38,372,79,2.7948349714279175,1.4759037332142277,0.06999447
49.00000000998261,0.2842483229454146,1.4864252287030966,64,23,0.9090909090909091,188,37,365,78,2.638673782348633,1.2956112261043184,0.07660102
49.05000000999279,0.6180477459879528,1.2839719903300109,56,23,0.9090909090909091,184,35,363,77,2.603233754634857,1.8202976817191718,0.09346632
49.10000001000298,0.3389714397085609,1.309378877086969,63,23,0.9545454545454546,188,36,368,78,2.5092339515686035,1.8114981424791576,0.07748969
49.150000010013166,0.5708144973935204,1.5331624233930599,64,23,0.9545454545454546,186,35,362,79,2.6473721861839294,1.8936032983860773,0.10647125
49.20000001002335,0.5635414852451657,1.5756046793314629,65,23,0.9545454545454546,191,36,371,79,2.676424980163574,1.29064632579583,0.03719552
49.25000001003354,0.4046807557466777,1.37354733139712,59,23,0.8636363636363636,187,33,363,78,2.5245556235313416,1.1663053474155571,0.114744104
49.30000001004373,0.6031987928097492,1.3384205185197975,66,24,0.9545454545454546,187,36,362,81,2.676505148410797,1.9380264570521,0.059025683
49.35000001005391,0.7375981048100506,1.5876950466732478,61,22,0.8636363636363636,193,36,367,78,2.6802033185958862,2.257385184477627,0.09916593
49.4000000100641,0.395982061299726,1.2971059382479817,60,22,0.8636363636363636,187,35,368,80,2.6530545949935913,2.1301799121251186,0.088617
49.450000010074284,0.2050284519682683,1.2905153548501678,58,24,0.9545454545454546,192,34,358,77,2.5579750537872314,1.549452198539747,0.08157967
49.50000001008447,0.5111481030513759,1.2865149144159813,60,22,0.9090909090909091,190,33,359,77,2.627876400947571,2.2380052278484097,0.06873502
49.55000001009466,0.3537310261160859,1.4575098626865541,61,22,0.9090909090909091,184,34,372,80,2.4808526039123535,2.198285150878805,0.07764718
49.60000001010484,0.4610622541807507,1.4457216358497749,62,23,0.9090909090909091,184,34,359,77,2.656784951686859,2.121605518916585,0.094022505
49.65000001011503,0.4708525003131475,1.477621187685338,61,23,0.9090909090909091,189,34,360,75,2.485254406929016,1.9950237047510289,0.065770626
49.700000010125216,0.4783247561837873,1.3889348928274436,62,23,0.9090909090909091,184,32,362,76,2.755463719367981,2.1847683271515983,0.04770304
49.7500000101354,0.5959147389485603,1.5625146522175095,60,23,0.9090909090909091,188,35,367,79,2.480613589286804,2.129919927436097,0.07960689
49.80000001014559,0.7718127562634944,1.4389689834345063,59,22,0.9545454545454546,186,34,361,78,2.675938308238983,2.946188857005918,0.0943325
49.850000010155775,0.5217503600162682,1.4686695329755737,62,21,0.8636363636363636,190,36,374,78,2.4699169397354126,1.7945799758572267,0.06894958
49.90000001016596,0.3201676086124773,1.4901389622102408,57,21,0.9090909090909091,192,34,368,77,2.610449194908142,1.6322838116181249,0.05481944
49.950000010176154,0.5181607612407305,1.6499544154238588,61,22,0.9090909090909091,186,36,356,78,2.7068769931793213,1.871186301207679,0.043229297
50.000000010186334,0.8073607806618045,1.592642802485057,65,22,0.9090909090909091,187,35,358,79,2.6317107677459717,2.3470980255198803,0.055525135
50.05000001019652,0.8729393776602822,1.617720657287215,64,23,0.9090909090909091,188,34,369,78,2.6532337069511414,2.2088843377141387,0.050039433
50.10000001020671,0.4191281871804202,1.5568615266762134,60,21,0.8181818181818182,188,37,364,76,2.693087160587311,1.815188406774153,0.062111445
50.15000001021689,0.7107424539497573,1.5462642976548868,57,22,0.9090909090909091,185,37,358,79,2.4786406755447388,2.7184460703164426,0.061123714
50.20000001022708,0.4283376484958671,1.4784002781988146,61,22,0.9090909090909091,185,35,353,76,2.470157742500305,2.065171443772149,0.073364615
50.250000010237265,0.7771397348053113,1.7269738367749878,68,23,0.9090909090909091,189,36,375,78,2.6115423440933228,1.5303780720658366,0.09219099
50.30000001024745,0.45897566729039746,1.5027299609544988,68,24,0.9545454545454546,190,35,373,77,2.665209472179413,1.66120449282662,0.062236987
50.35000001025764,0.1871755488268535,1.3429940357307215,63,23,0.9090909090909091,189,37,365,76,2.506619095802307,1.7234069359257553,0.106842
50.400000010267824,0.5498619931108849,1.6369473590161356,56,22,0.9090909090909091,185,35,364,79,2.565869390964508,1.3591856132807933,0.09690617
50.45000001027801,0.5991082760506947,1.7128755088669205,63,24,0.9545454545454546,192,36,371,78,2.6988106966018677,1.3851440371197477,0.04767073
50.500000010288204,0.6078183817843476,1.5439530468417806,61,21,0.8636363636363636,187,34,363,77,2.6316916942596436,2.208809806608274,0.03804992
50.55000001029838,0.38242368103885865,1.4632535931901058,61,23,0.9090909090909091,188,34,353,74,2.445530593395233,2.034381199952122,0.112946175
50.60000001030857,0.3839033228649117,1.461219015051136,57,20,0.8636363636363636,182,37,356,76,2.515104115009308,2.4730515391489583,0.15287201
50.65000001031876,0.5227898372124106,1.5113897096519122,65,23,0.9545454545454546,190,35,360,79,2.6719170808792114,2.5577949020369317,0.07802962
50.70000001032894,0.4500014381586561,1.382521948500956,61,23,0.9090909090909091,191,37,371,77,2.6212486624717712,2.6050612764654435,0.078148976
50.75000001033913,0.5017268355137618,1.6706933120398566,58,21,0.8636363636363636,179,35,360,77,2.5056645274162292,2.6112580734623148,0.06175592
50.800000010349315,0.4937971216318767,1.4681703865603912,63,23,0.9090909090909091,192,36,377,80,2.7109816670417786,1.7820548254568358,0.054421492
50.8500000103595,0.506965296163276,1.5067665549957967,66,23,0.9090909090909091,183,35,358,78,2.653467059135437,2.2511740520001933,0.085013255
50.90000001036969,0.8263664090552585,1.610977333580482,64,23,0.9545454545454546,187,33,367,80,2.6751595735549927,2.6003206221329567,0.07784071
50.950000010379874,0.2793195994943245,1.419753369205222,61,22,0.9090909090909091,189,34,363,78,2.6678410172462463,1.8012099791673464,0.12018278
51.00000001039006,0.5745868406104107,1.2305220560958108,57,22,0.9545454545454546,188,35,365,77,2.6680684089660645,2.344521409010012,0.07339336
51.05000001040025,0.28222411773902567,1.2973733938879675,67,22,0.9090909090909091,196,37,367,78,2.457670271396637,2.1545147549740307,0.05404802
51.10000001041043,0.39945400490005956,1.5459942950521357,64,23,0.9090909090909091,185,34,351,80,2.516639232635498,2.473954663749227,0.08044367
51.15000001042062,0.434656487290829,1.4842773730387113,58,21,0.8636363636363636,184,34,369,81,2.6488664746284485,2.6963439634641873,0.1033951
51.200000010430806,0.210705045329963,1.319817725456887,62,24,0.9090909090909091,190,36,358,75,2.6233968138694763,1.9681900524531493,0.15833642
51.25000001044099,0.2673261376717078,1.4999429446315358,61,22,0.9090909090909091,188,35,368,78,2.549413740634918,2.0419826051049395,0.104359835
51.30000001045118,0.4047844377525508,1.4611229259990723,62,22,0.8636363636363636,186,35,360,75,2.5585880875587463,1.6914230664243224,0.1279924
51.35000001046136,0.48860950144172033,1.5578605673261188,55,22,0.9090909090909091,178,35,360,79,2.5076353549957275,1.5484748205400223,0.103323534
51.40000001047155,0.48901152117065894,1.4758288208369215,61,22,0.9090909090909091,184,35,364,78,2.6054516434669495,1.719980743140539,0.08285071
51.45000001048174,0.6475357747791284,1.6622843922920998,53,22,0.8636363636363636,182,36,357,79,2.528730630874634,2.0125431076134426,0.14308776
51.500000010491924,0.506990960098421,1.5569224973898719,60,23,0.9090909090909091,180,35,358,79,2.636593282222748,1.6665372982868387,0.0910188
51.55000001050211,0.5237750786798313,1.4348154653000234,61,22,0.9090909090909091,188,35,361,80,2.6337093114852905,1.878453750506841,0.06623209
51.6000000105123,0.5709947590172024,1.5924068616889666,61,24,0.9545454545454546,188,35,357,74,2.6333561539649963,1.7023350847593743,0.067411035
51.65000001052248,0.5775084345831347,1.5854507489172256,61,22,0.9090909090909091,189,35,359,78,2.6405012607574463,2.092918059695643,0.08123174
51.70000001053267,0.6879375481872068,1.5558419157753693,65,23,0.9090909090909091,184,36,356,79,2.5410228967666626,1.9249148816026462,0.06416558
51.75000001054285,0.22944881955375115,1.1347823266652524,57,24,0.9545454545454546,186,35,359,77,2.5776204466819763,1.2987823064699278,0.10228512
51.80000001055304,0.9271222769935752,1.578177301822503,65,21,0.8636363636363636,181,33,342,75,2.630212903022766,2.1194807973762053,0.11682347
51.85000001056323,0.4802346465590338,1.3101092399806613,58,21,0.8636363636363636,183,33,352,76,2.646193206310272,1.534582715794972,0.09367469
51.900000010573414,0.12635949130246088,1.426882242128737,59,24,0.9090909090909091,181,32,364,76,2.7521249651908875,1.7135854394068772,0.07915819
51.9500000105836,0.2728170641593211,1.461966116704234,60,22,0.8636363636363636,190,36,365,77,2.537418007850647,1.4619319208762516,0.09953156
52.00000001059379,0.20139184440704466,1.4191506747238491,57,22,0.8636363636363636,189,35,372,78,2.6146352291107178,1.6244199785818658,0.060435876
52.05000001060397,0.5606663797323218,1.472577947243552,59,21,0.8636363636363636,183,35,360,78,2.597440779209137,1.9717905901765143,0.098581925
52.10000001061416,0.2852108504846199,1.508306227147689,48,20,0.8181818181818182,179,34,352,75,2.6653996109962463,1.507373349155774,0.14228442
52.150000010624346,0.49636685193735486,1.5439476311509115,59,22,0.9090909090909091,188,35,366,77,2.6546797156333923,1.2759388958946438,0.045649674
52.20000001063453,0.39222541578346204,1.5228778779402878,60,22,0.8636363636363636,187,37,362,77,2.6953163743019104,1.3816166698132193,0.058833443
52.25000001064472,0.5766069120664574,1.5397875837191377,58,20,0.8181818181818182,185,36,363,76,2.6170527935028076,1.8592446853457378,0.09036423
52.3000000106549,0.6553867019687407,1.5364514723273586,65,23,0.9090909090909091,185,36,357,75,2.467285245656967,1.6967476023436934,0.067581065
52.35000001066509,0.5687603504327094,1.4667160777394854,48,21,0.8636363636363636,184,33,353,76,2.5685423612594604,1.7333756344815843,0.07429887
52.40000001067528,0.6464316986305554,1.4853034686356419,59,21,0.8636363636363636,184,34,355,72,2.6015809178352356,1.9161687487232193,0.07722418
52.450000010685464,0.5961492415891299,1.2373802690804778,57,23,0.9545454545454546,183,33,363,79,2.615463137626648,1.717693103698359,0.091914326
52.50000001069565,0.6992931839410605,1.3410070760710526,64,22,0.9090909090909091,181,34,355,75,2.5054648518562317,2.1927421197067964,0.10720569
52.550000010705844,0.3876882499197048,1.3407550144274438,65,22,0.9090909090909091,188,39,362,77,2.58914053440094,1.7544796447023536,0.06755723
52.60000001071602,0.4098453841325181,1.2811766875515105,62,23,0.9090909090909091,187,35,354,73,2.567104995250702,2.0498513367400495,0.07249531
52.65000001072621,0.22898941247185692,1.3110171132090798,62,23,0.9545454545454546,184,36,363,75,2.5229251384735107,1.7801188052892147,0.086117044
52.7000000107364,0.6136183387047307,1.6013904104401395,62,24,0.9545454545454546,200,41,386,82,2.639722228050232,0.808652361000286,0.041669454
52.75000001074658,0.3131743687343034,1.4789093240994213,53,22,0.9545454545454546,191,35,366,79,2.5262951850891113,0.9445568748852295,0.060682148
52.80000001075677,0.4883846970500539,1.3771788156603888,60,22,0.9090909090909091,183,34,357,74,2.612364888191223,1.3370041512661057,0.1271095
52.85000001076696,0.5712939129679604,1.5259674381565027,60,21,0.9090909090909091,187,36,360,78,2.724490463733673,1.7595185808466063,0.08377014
52.90000001077714,0.27520625761681633,1.541499971440918,63,22,0.9090909090909091,189,37,374,83,2.5993841886520386,0.8718851140512562,0.050219513
52.95000001078733,0.30577089520516804,1.466487176766622,61,23,0.8636363636363636,185,34,368,78,2.744731903076172,0.8416939892759423,0.055635035
53.000000010797514,0.44710444800180293,1.335045750910141,61,22,0.9090909090909091,186,35,361,79,2.674912214279175,1.2544753356955507,0.068455935
53.0500000108077,0.27226453582240734,1.3686714041770385,59,22,0.9090909090909091,186,36,362,81,2.4553096294403076,1.0324845951423622,0.046242706
53.10000001081789,0.35038977177316016,1.375001151127643,56,22,0.9090909090909091,193,36,355,77,2.4813152849674225,1.2499825435976053,0.07219173
53.15000001082807,0.5505021264987389,1.5095850338154713,58,20,0.8181818181818182,181,34,356,77,2.6665565371513367,1.6860315804132053,0.055253908
53.20000001083826,0.5333082913306637,1.503000738740969,62,23,0.9545454545454546,191,36,364,80,2.6096126437187195,2.0235913198059663,0.070390195
53.250000010848446,0.5791907895208804,1.377099128009316,55,21,0.8636363636363636,185,34,358,78,2.647499442100525,2.370280174053363,0.06494411
53.30000001085863,0.3893325275161847,1.4035001108071925,62,23,0.9090909090909091,187,35,371,82,2.474500983953476,2.3696693481749076,0.07126179
53.35000001086882,0.5671854563569358,1.47758548047771,59,24,0.9545454545454546,187,35,352,77,2.575685977935791,2.5783512692354726,0.08133622
53.40000001087901,0.3598753498623888,1.3264280829381037,56,23,0.9090909090909091,188,34,360,76,2.515668272972107,1.5768901249194123,0.07183825
53.45000001088919,0.38012993822102803,1.5901001962441206,66,22,0.9090909090909091,187,36,370,76,2.640823721885681,2.2615338661117868,0.0951136
53.50000001089938,0.3585027830589624,1.530568418399977,65,22,0.9090909090909091,196,40,372,80,2.529938519001007,2.437668111135629,0.07424033
53.550000010909564,0.22485509893064623,1.4257205805184165,59,22,0.9090909090909091,183,35,371,81,2.571420967578888,2.1088836830741275,0.06406508
53.60000001091975,0.6413200968112418,1.665944790963045,62,23,0.9545454545454546,190,37,373,82,2.8258007764816284,2.522664871852127,0.0778784
53.650000010929936,0.6030119683364656,1.6683721560860685,70,23,0.9545454545454546,190,36,382,84,2.688903510570526,2.0240270383600034,0.06936629
53.70000001094012,0.3958240909776669,1.4843007182098735,56,22,0.9090909090909091,184,36,366,80,2.4618682265281677,2.1916867227485692,0.059850797
53.75000001095031,0.5198809819234462,1.531461096040673,64,23,0.9545454545454546,192,37,363,82,2.605014443397522,2.495718705553225,0.06594313
53.800000010960495,0.5725772739791541,1.38302365007848,61,21,0.8636363636363636,188,38,355,75,2.4600543081760406,2.6417980958980802,0.0452846
53.85000001097068,0.5863499823952724,1.357239203092461,51,23,0.9090909090909091,182,34,354,79,2.5590431690216064,3.0221650519295906,0.1171356
53.90000001098087,0.351071505978289,1.3273330437489244,58,23,0.9090909090909091,190,35,361,79,2.707308530807495,2.9560614051101375,0.09584228
53.950000010991054,0.34460168845836314,1.16023632353614,56,23,0.9090909090909091,185,34,364,76,2.6688730716705322,2.694542895389933,0.11244127
54.00000001100124,0.43800219643046645,1.435849060923873,56,22,0.9090909090909091,186,35,363,78,2.59458988904953,2.9318530869520654,0.06828093
54.050000011011434,0.7908454346129129,1.6676201180453833,52,21,0.8181818181818182,185,36,357,75,2.678702175617218,2.6992788991558836,0.06804473
54.10000001102161,0.3424136341967112,1.4739973789895777,59,24,0.9545454545454546,179,32,365,77,2.6720091700553894,2.5057335590759156,0.09112399
54.1500000110318,0.5822388257566684,1.3718269239644678,57,22,0.8636363636363636,191,36,358,77,2.6141318678855896,2.448942175070661,0.044636086
54.20000001104199,0.9915429267580523,1.5392693299439815,52,20,0.7272727272727273,183,38,350,76,2.6964110136032104,2.486170922292814,0.06705679
54.25000001105217,0.27075202443550594,1.278649084059539,59,22,0.8636363636363636,182,33,356,75,2.582564949989319,1.8582392189132513,0.086875245
54.30000001106236,0.5727140768719561,1.5410352147795245,59,19,0.7272727272727273,179,36,351,75,2.452312409877777,2.067441188265269,0.090515174
54.350000011072545,0.7811752484121155,1.4618963798222784,65,23,0.9090909090909091,188,36,357,77,2.5836312770843506,2.6391193977796146,0.04946228
54.40000001108273,0.47134822474909677,1.343456913418462,54,21,0.8181818181818182,184,35,355,75,2.549155354499817,2.658112285552887,0.0649164
54.45000001109292,0.7716134692682741,1.5258732587529096,53,22,0.9090909090909091,182,34,355,77,2.4891816079616547,2.96651315727841,0.09484875
54.500000011103104,0.7076437449546097,1.3215673149501233,55,21,0.8181818181818182,186,36,363,79,2.587851881980896,2.6960803043626935,0.08784668
54.55000001111329,0.5396838688211626,1.3807909928140185,53,20,0.8181818181818182,179,34,354,72,2.478688955307007,2.993602243748006,0.09140459
54.600000011123484,1.036754809861162,1.5305249407163648,58,20,0.8181818181818182,180,36,357,79,2.6704028248786926,3.396782534384304,0.12124978
54.65000001113366,0.6377115891262392,1.4237275691606497,48,21,0.8636363636363636,184,33,362,78,2.432737946510315,2.3788305959191103,0.10672797
54.70000001114385,0.6102787964957624,1.341701489742575,52,21,0.8181818181818182,183,33,342,78,2.580540180206299,2.8585293813061607,0.08834577
54.75000001115404,0.39220593099248474,1.4261224252461582,56,23,0.9090909090909091,189,34,360,77,2.5879788398742676,2.449100154300705,0.05913241
54.80000001116422,0.9236581913531936,1.6712014217150917,58,22,0.8636363636363636,182,36,364,76,2.526080310344696,3.3952372384315943,0.13599788
54.85000001117441,0.5045642092260829,1.5993731871484171,59,21,0.8636363636363636,187,36,359,78,2.5952988862991333,3.374401791452426,0.09555158
54.900000011184595,0.7733237582366737,1.5659229736343736,52,19,0.7727272727272727,187,37,352,76,2.514413595199585,4.0892005048846425,0.11641856
54.95000001119478,0.7038559469617828,1.646946044181862,58,22,0.9090909090909091,190,36,370,79,2.598319351673126,3.536145997030662,0.04564947
55.00000001120497,0.8514497785188639,1.483428130529553,53,21,0.8181818181818182,184,37,357,79,2.5112563371658325,3.6002712460161135,0.079305634
55.050000011215154,0.5125399418610714,1.350471670572984,59,22,0.9090909090909091,192,37,367,79,2.5436818599700928,3.5033420721767694,0.07336877
55.10000001122534,0.572311511477786,1.575277710795865,53,21,0.8181818181818182,185,35,375,83,2.5627264380455017,3.3438051392256884,0.03450795
55.15000001123553,0.8011189285859542,1.3886864243756234,56,22,0.8636363636363636,185,36,366,80,2.6972857117652893,3.4680979512018073,0.06878649
55.20000001124571,0.549616197728591,1.2535427056436896,61,22,0.9090909090909091,185,34,370,81,2.6033568382263184,2.4906952755365985,0.067864105
55.2500000112559,0.4469349284637334,1.3587467926326608,63,24,0.9090909090909091,190,34,365,76,2.5354140996932983,3.0737805970953946,0.0831744
55.300000011266086,0.518032055967637,1.1607576682599707,57,22,0.9090909090909091,182,33,367,77,2.6678642630577087,2.9109142110398345,0.0824603
55.35000001127627,0.11292019239749616,1.3583533057415142,58,24,0.9090909090909091,192,37,359,76,2.6312285661697388,2.8162062513445907,0.09055662
55.40000001128646,0.98679460722724,1.6095204492682436,59,22,0.9090909090909091,181,36,354,80,2.651185691356659,3.248165916788981,0.095899135
55.45000001129664,0.5572390226285759,1.4695273207276685,59,22,0.8636363636363636,181,34,364,80,2.8040295839309692,2.528329499501627,0.07581842
55.50000001130683,0.5229293019767194,1.4600666161612779,65,24,0.9090909090909091,186,34,367,77,2.546657621860504,2.966845801932676,0.11015968
55.55000001131702,0.6786235635784528,1.6912285301953702,55,22,0.9090909090909091,184,33,367,79,2.6901647448539734,2.93104089885758,0.062508225
55.600000011327204,0.22679672678278173,1.4282927559732195,64,24,0.9090909090909091,185,34,361,77,2.566801905632019,2.9216277637573373,0.07117887
55.65000001133739,0.41932113835838536,1.5138008156031943,64,24,0.9545454545454546,187,36,359,78,2.484673261642456,3.4383071915561647,0.049716488
55.700000011347576,0.689409488730913,1.386166960130826,62,21,0.8636363636363636,184,34,358,77,2.523593306541443,3.8261186157384586,0.084544286
55.75000001135776,0.39687345049537864,1.49979606336051,62,24,0.9545454545454546,187,35,363,77,2.743755578994751,3.4757908181299246,0.07288366
55.80000001136795,0.235200726869665,1.28251074769374,58,23,0.9090909090909091,193,38,360,79,2.665955126285553,3.810248247005026,0.06437704
55.85000001137813,0.5589343207023649,1.4103872685025867,64,22,0.9090909090909091,184,35,353,76,2.611786127090454,4.1643986637259545,0.094847426
55.90000001138832,0.6052891331696022,1.466318870082439,60,23,0.9545454545454546,183,33,362,78,2.539725601673126,4.218606569339869,0.0800723
55.95000001139851,0.8889926371898882,1.7202879045387935,66,22,0.9090909090909091,182,34,356,81,2.625221312046051,4.086499310412011,0.07764399
56.000000011408694,0.42302857730324983,1.411444621154752,56,22,0.9090909090909091,192,37,366,81,2.7010181546211243,3.7316122271052254,0.06808465
56.05000001141888,0.27025950219432665,1.300861059867787,61,21,0.9090909090909091,186,37,363,77,2.619912028312683,3.7187333856541294,0.12524478
56.10000001142907,0.7429609066824906,1.7280698179162068,61,21,0.8181818181818182,191,37,365,80,2.5652363896369934,4.438958863591038,0.06655678
56.15000001143925,0.7146521843635334,1.6825540383789297,48,18,0.7727272727272727,182,38,357,78,2.5971397757530212,4.603469559987747,0.11949633
56.20000001144944,0.8051223599445656,1.7683948787962935,57,22,0.8636363636363636,193,38,369,81,2.5177988409996033,4.841992277192952,0.0676781
56.250000011459626,0.8497719017926231,1.6737025329885526,52,22,0.8636363636363636,185,38,358,79,2.5263261795043945,4.418285412562621,0.07038
56.30000001146981,0.7422709684955835,1.717685297346778,54,20,0.8181818181818182,182,35,357,78,2.572716474533081,3.9782530881033473,0.101223245
56.35000001148,0.5241228256690025,1.753430076952527,58,21,0.8636363636363636,185,36,371,82,2.5286152958869934,3.5874736773895144,0.05265101
56.40000001149018,0.695278822347696,1.6779934319314724,51,21,0.8636363636363636,184,36,362,79,2.469021826982498,3.8433611518984545,0.105817884
56.45000001150037,0.7698112023799909,1.7012477395652692,56,24,0.9090909090909091,190,39,360,79,2.534545063972473,3.7283559141431155,0.050743215
56.50000001151056,0.683112134498622,1.5765940785709525,54,24,0.9545454545454546,193,36,368,81,2.6432999968528748,3.557107363624903,0.079346746
56.550000011520744,0.38933014350988054,1.573636729933745,50,21,0.8636363636363636,187,36,359,79,2.5730812549591064,3.2786748512722053,0.06955461
56.60000001153093,0.9231582590163094,1.7352876112521687,58,22,0.9090909090909091,183,37,349,76,2.649875581264496,3.4687129933503336,0.10510287
56.650000011541124,1.0760215219991658,1.7662570881398492,62,22,0.8636363636363636,185,39,355,78,2.6629242300987244,3.779993243469617,0.075942315
56.7000000115513,0.8897119800766684,1.814536061518139,55,22,0.8636363636363636,188,37,362,79,2.6376214623451233,3.698417628163506,0.07881948
56.75000001156149,0.8316142810935065,1.6883587868618095,55,22,0.9090909090909091,189,34,365,80,2.5870481133461,3.7378954857876145,0.06672617
56.80000001157168,0.5318260243638993,1.4285339295427528,50,20,0.8181818181818182,185,35,358,76,2.7422207593917847,3.435712468964498,0.14261684
56.85000001158186,0.596411801485464,1.6202133181924552,64,24,0.9545454545454546,192,38,368,80,2.501811683177948,3.460758253143492,0.06523562
56.90000001159205,0.3368119758274985,1.5328496025264258,47,20,0.8181818181818182,186,37,356,73,2.6755884289741516,2.355880044096539,0.050548904
56.95000001160224,0.6338908576701728,1.5640364711338395,53,21,0.8636363636363636,193,38,352,76,2.5931042432785034,3.7961107365843194,0.07807009
57.00000001161242,0.9378333518060629,1.7069734376253278,53,21,0.8636363636363636,185,36,361,78,2.492380291223526,4.402954920602751,0.10525502
57.05000001162261,0.5495469724115003,1.661175549165936,61,22,0.9090909090909091,187,36,367,81,2.7439382672309875,4.001354267407287,0.11184635
57.100000011632794,0.9885874188928067,1.7728481346027556,62,22,0.9090909090909091,184,36,352,80,2.809157371520996,4.7233178469355686,0.08329002
57.15000001164298,0.8928808817969403,1.7121348387392565,57,21,0.8636363636363636,192,39,363,79,2.6563814282417297,4.353777344989442,0.056912094
57.20000001165317,0.5735742663470821,1.4950282839870126,62,24,0.9545454545454546,194,40,365,77,2.6150119304656982,3.716209624251343,0.0801049
57.25000001166335,0.7031386583821664,1.6042195707617894,60,23,0.9545454545454546,190,35,357,79,2.6848262548446655,3.8203960709130946,0.08108987
57.30000001167354,0.4411058567812181,1.600061608826597,55,22,0.8636363636363636,185,34,373,81,2.6441332697868347,3.083576453903305,0.14645949
57.350000011683726,0.5284298291822479,1.4761994992400382,61,22,0.8636363636363636,190,38,364,79,2.483248710632324,3.203842152500531,0.07980247
57.40000001169391,0.2685007333937511,1.3362855205200352,55,23,0.8636363636363636,182,35,361,77,2.4836429953575134,3.2457699509102955,0.14185701
57.4500000117041,0.37548412527726804,1.403350790597049,59,24,0.9090909090909091,188,35,365,77,2.6538529992103577,3.8372422238022263,0.21102506
57.50000001171429,0.34928899220105025,1.4409755006320868,58,23,0.9090909090909091,190,38,364,80,2.5354400277137756,3.936051515348842,0.14303896
57.55000001172447,0.2966306018295476,1.3843350194075605,57,22,0.9090909090909091,181,35,358,78,2.731557786464691,3.779990849344701,0.12620339
57.60000001173466,0.34969978090263204,1.437818670186355,58,24,0.9090909090909091,185,37,369,78,2.5107476115226746,3.7345300082880772,0.11162506
57.650000011744844,0.7515550354805007,1.735096349356248,59,22,0.9090909090909091,186,37,370,82,2.467629909515381,3.470249710823623,0.09299491
57.70000001175503,0.6703681771697492,1.6789597621458645,56,21,0.8636363636363636,190,37,365,81,2.5652849674224854,4.01511505526658,0.111047074
57.750000011765216,0.6467901256522972,1.5748587854493237,57,23,0.9545454545454546,184,38,357,77,2.575204074382782,4.479729926378884,0.08809911
57.8000000117754,0.7045358063665469,1.7012616042036801,67,24,0.9545454545454546,191,37,371,81,2.5528565049171448,4.13475435905486,0.050753295
57.85000001178559,0.34688209939580633,1.5710903978591484,61,23,0.9545454545454546,186,34,364,78,2.5927677750587463,3.675580230837774,0.068869576
57.900000011795775,0.4484317217820759,1.3267394415312985,60,22,0.9090909090909091,187,35,365,79,2.551969885826111,3.626705779334962,0.07567774
57.95000001180596,0.4146192683722211,1.679930285275517,51,19,0.7727272727272727,187,37,361,75,2.6002660393714905,3.6864840311318936,0.10667859
58.00000001176521,0.5998419636986309,1.6532261389883973,53,22,0.8636363636363636,190,38,364,78,2.5124934315681458,3.432877902792981,0.07535623
58.0500000115935,0.4601412138516957,1.561003012663856,53,22,0.8636363636363636,185,37,365,79,2.669013738632202,3.448424876600953,0.09960966
58.100000011421784,0.3951892195484151,1.5147853707935757,54,22,0.9090909090909091,184,34,359,79,2.773538827896118,3.2935235583513833,0.06566795
58.15000001125007,0.4891409264871815,1.70070194522794,63,23,0.9545454545454546,180,34,359,77,2.7169200778007507,3.77602644399337,0.10310817
58.20000001107836,0.148485600794717,1.457398387861064,62,22,0.8636363636363636,188,36,357,78,2.648555636405945,3.3041290768136555,0.089567766
58.250000010906646,0.6042284122715249,1.6558605187281696,60,22,0.8636363636363636,189,36,368,83,2.680213749408722,3.830005146572786,0.0750509
58.300000010734934,0.22959207374738666,1.519540014657581,52,22,0.9090909090909091,185,38,356,79,2.6665663719177246,3.40042563809436,0.06738292
58.35000001056322,0.8968335163027487,1.8582259329961606,60,20,0.8181818181818182,185,39,365,81,2.503674626350403,3.8718011493188342,0.042414185
58.40000001039151,0.5183777956014345,1.6302224111220753,57,20,0.8181818181818182,180,35,359,76,2.502165734767914,3.776210145852712,0.12857665
58.450000010219796,0.6765291882895542,1.6979942461197077,58,20,0.7727272727272727,184,38,365,80,2.5856944918632507,3.5108000106409243,0.059015285
58.50000001004808,0.5583802441228615,1.4304158920648398,57,22,0.8181818181818182,186,35,366,81,2.599560022354126,2.723080060283296,0.09328523
58.55000000987637,0.4174488415209672,1.3213420478151914,51,21,0.8636363636363636,184,34,368,82,2.696791887283325,2.9738941196070545,0.062195726
58.60000000970466,0.45865926894015596,1.4899694260682113,50,18,0.7727272727272727,182,34,357,77,2.52074658870697,3.1479485565737164,0.13065013
58.650000009532945,0.9968265759168249,1.5240483617301148,53,22,0.8636363636363636,180,33,354,77,2.537325620651245,3.8198283302805436,0.072587095
58.70000000936123,0.6522774026031753,1.4704777333251848,54,21,0.8636363636363636,189,35,355,78,2.651439607143402,3.5141502390368995,0.07715901
58.75000000918952,0.8413162381470964,1.5774392412448135,58,20,0.8181818181818182,179,33,357,76,2.557952105998993,3.2718696836197125,0.11416417
58.80000000901781,0.5330558787423263,1.673608551767942,56,20,0.7272727272727273,181,34,356,76,2.6421329379081726,3.4671143761786727,0.11909759
58.850000008846095,0.5414977322473279,1.4629225699730009,55,20,0.8181818181818182,183,34,361,75,2.70366370677948,3.5378211006138915,0.13183789
58.90000000867438,0.9096921859361826,1.8087182501678862,60,20,0.7727272727272727,180,37,354,77,2.4708734452724457,4.591015885309542,0.0709681
58.95000000850267,0.47188772828729,1.6660688196587166,51,20,0.8181818181818182,182,35,352,73,2.749638259410858,3.8365578179375337,0.0710212
59.00000000833096,0.5475094546638077,1.570438221250714,59,23,0.9090909090909091,182,33,369,77,2.614901065826416,4.013051287404226,0.09400044
59.050000008159245,0.6206350177460007,1.6724754364384495,52,20,0.7727272727272727,182,35,358,74,2.6354029774665833,4.032659630542117,0.112423316
59.10000000798753,0.21696387633275005,1.3850232932018505,53,22,0.9090909090909091,183,34,356,78,2.6636722683906555,3.3291825861730118,0.114876576
59.15000000781582,0.6907495325540429,1.5324075896240694,57,22,0.8636363636363636,184,36,357,75,2.5083020329475403,3.8908216950471086,0.09004198
59.20000000764411,0.4768170007287819,1.5089869075849398,58,22,0.8181818181818182,188,36,359,77,2.755253314971924,4.0295362294963155,0.07749903
59.250000007472394,0.4138470561943028,1.5199059059590592,58,23,0.9090909090909091,181,33,361,76,2.689419984817505,3.409234855063845,0.058028564
59.30000000730068,0.3938618708587904,1.5724659950814632,55,21,0.8636363636363636,184,35,360,78,2.4990542232990265,3.6347102018851896,0.07961762
59.35000000712897,0.4607950355157523,1.5150441437540048,56,21,0.8181818181818182,184,34,363,76,2.548096776008606,3.6599641897415047,0.11399113
59.40000000695726,0.45541355736702144,1.381078041184367,51,18,0.6818181818181818,176,33,356,74,2.6330479979515076,3.336449556192127,0.111870125
59.450000006785544,0.22161570907882944,1.4642724764083328,56,22,0.8636363636363636,182,36,369,78,2.6865777373313904,3.0783124563093534,0.070274666
59.50000000661383,0.5009432091332092,1.3358662692151737,62,21,0.8636363636363636,184,34,357,76,2.6183688640594482,3.1255653193935373,0.11167271
59.55000000644212,1.4137952322668488,2.062426601537627,56,19,0.7727272727272727,189,41,361,82,2.575119137763977,4.772159475516986,0.039859686
59.600000006270406,0.5450375667384973,1.5560512696786413,53,22,0.9090909090909091,186,37,360,82,2.730669379234314,4.023669845417022,0.051870696
59.65000000609869,0.6722397324192132,1.6848239719514262,56,20,0.7727272727272727,180,36,354,78,2.733066976070404,3.584735451310639,0.12211965
59.70000000592698,0.5079719979207107,1.5125478489449051,55,22,0.9090909090909091,187,39,364,81,2.606620192527771,3.487917818459483,0.03310741
59.75000000575527,0.4372138459053869,1.6211211891068456,55,20,0.8181818181818182,181,38,352,74,2.468893527984619,3.6185287134049116,0.08232318
59.800000005583556,0.7111909294142769,1.8381238053498792,50,20,0.8181818181818182,189,36,363,78,2.7785128355026245,3.5640934252794754,0.06417848
59.85000000541184,0.5642276471524406,1.547466277318291,59,21,0.8636363636363636,191,37,361,81,2.724977135658264,3.351346079312485,0.08127917
59.90000000524013,0.47582197307784263,1.7070575323839172,56,20,0.8181818181818182,183,35,359,75,2.719830572605133,3.0958473794468677,0.08468811
59.95000000506842,0.54589194348489,1.521534995511796,61,23,0.8636363636363636,183,36,365,78,2.7760565280914307,3.4009677801740157,0.04806231
60.000000004896705,1.1550980145628342,1.673688481680087,62,22,0.9090909090909091,188,38,351,77,2.53716379404068,4.5211746579253465,0.084405065
60.05000000472499,0.5327752233113108,1.7517027585465363,56,20,0.8181818181818182,186,36,351,77,2.6668626070022583,3.2210647259591862,0.0615761
60.10000000455328,0.3705141474570117,1.541049680271658,55,20,0.9090909090909091,178,36,352,76,2.6369473338127136,3.1883759579037196,0.0935856
60.15000000438157,0.36260329754034604,1.600715537638234,60,22,0.9090909090909091,182,34,363,81,2.496042400598526,2.884870706695626,0.04672579
60.200000004209855,0.5164720164885002,1.6638100362776498,57,20,0.8181818181818182,184,36,359,77,2.6495441794395447,3.296225956667964,0.060180765
60.25000000403814,0.9646366860576603,1.858642338689824,56,20,0.8636363636363636,180,35,346,76,2.619319260120392,3.5681566596198433,0.072800785
60.30000000386643,0.513738357343106,1.4261621566603724,57,20,0.8181818181818182,177,35,352,77,2.563219964504242,3.3366106400340723,0.09590524
60.35000000369472,0.9922587637254798,1.858374285959189,53,19,0.7727272727272727,177,38,354,77,2.584172487258911,4.210066152857719,0.05998955
60.400000003523004,0.7139306367639419,1.8397596412390873,55,21,0.8636363636363636,182,37,347,74,2.6435667276382446,3.5698553141313294,0.16760683
60.45000000335129,0.5966594304748842,1.5367847447000522,63,22,0.9090909090909091,189,37,358,75,2.5755876302719116,3.1082938586772,0.09678008
60.50000000317958,0.552213205957462,1.4886781734256638,64,23,0.9090909090909091,192,34,369,77,2.4778489768505096,2.810290688150898,0.06621493
60.55000000300787,0.8150865956488252,1.5765803706156076,58,20,0.9090909090909091,189,33,364,74,2.6230421662330627,2.929846620765426,0.044655725
60.600000002836154,0.531488646345707,1.5513684937780023,54,21,0.9545454545454546,184,35,370,79,2.6770079135894775,3.1754361509263163,0.096284926
60.65000000266444,1.0140474023951838,1.7939073837220318,64,23,0.9545454545454546,191,36,369,78,2.5371721386909485,3.565937771207359,0.06947376
60.70000000249273,0.6313097922356442,1.6330102976792136,58,20,0.8181818181818182,187,35,366,77,2.6240211725234985,3.397718954442057,0.09814943
60.750000002321016,0.8726428103166001,1.590741431276638,63,22,0.9545454545454546,189,36,364,77,2.526942789554596,4.0254447193401255,0.08074198
60.800000002149304,0.347098715956653,1.4163608304393749,56,22,0.9545454545454546,191,34,380,79,2.5126710534095764,3.133093900384809,0.10469037
60.85000000197759,0.3432364072068662,1.5432650998993025,59,22,0.8636363636363636,186,38,368,79,2.657764256000519,3.5161095908194273,0.08598989
60.90000000180588,1.1013150818561048,1.9662091975601022,52,21,0.8181818181818182,188,36,356,74,2.6766806840896606,3.9002207470902306,0.081022605
60.950000001634166,0.9432637089257351,1.8967917068516746,56,21,0.8636363636363636,178,35,357,77,2.5215214490890503,3.89108649102778,0.122005
61.00000000146245,0.876947041528221,1.6149806154421311,57,19,0.8181818181818182,180,34,355,76,2.569548785686493,3.556663507205675,0.094280496
61.05000000129074,0.5407557572667431,1.734844629989674,51,21,0.8636363636363636,181,36,353,78,2.682448625564575,3.3376556611922137,0.10853935
61.10000000111903,1.1533590122059723,1.7311192672444073,53,20,0.8636363636363636,178,34,356,74,2.569495439529419,3.734276523861979,0.12783858
61.150000000947315,1.1592115995072867,1.5265909738193895,56,22,0.8636363636363636,180,36,364,73,2.6290330290794373,3.5309570931280643,0.15228902
61.2000000007756,0.7284264689525919,1.5350295549037107,50,22,0.9090909090909091,179,35,378,81,2.595353126525879,3.1067540850035336,0.09178927
61.25000000060389,1.1286898130875502,1.720817215106056,56,21,0.8636363636363636,182,35,355,74,2.6499196887016296,3.113293247207185,0.07404948
61.30000000043218,0.6272123230843767,1.5885365720554248,63,22,0.9090909090909091,185,37,355,74,2.5925371050834656,3.4257015703429783,0.06855339
61.350000000260465,0.7133993648080732,1.550467257797996,61,22,0.9090909090909091,187,37,363,78,2.5652745366096497,3.7737775857728106,0.055095978
61.40000000008875,0.3591210269597383,1.3489018097333425,56,21,0.9090909090909091,186,32,341,72,2.6587527990341187,3.571441896505796,0.11915102
61.44999999991704,0.9542411231885182,1.6341904238923695,53,20,0.8181818181818182,178,33,363,75,2.6860418915748596,3.436454896881669,0.085885435
61.49999999974533,0.933831129429682,1.46104035880656,59,23,0.9090909090909091,185,33,363,75,2.609071433544159,3.269734131205526,0.058698796
61.549999999573615,0.5424252187386496,1.4370336806907038,60,22,0.8636363636363636,188,35,361,76,2.6871490478515625,3.19405263289001,0.08105174
61.5999999994019,0.7803127418649796,1.548823299108172,54,20,0.8181818181818182,189,36,357,79,2.6536446809768677,3.5921623889763055,0.08920919
61.64999999923019,0.8018489831142097,1.4754393882037578,59,22,0.9090909090909091,194,39,376,78,2.6031139492988586,2.98569809716164,0.058805984
61.69999999905848,0.9507108639948448,1.7971339902942642,65,23,0.9545454545454546,190,34,373,80,2.6917284727096558,4.173103830417482,0.06638931
61.749999998886764,0.9870991467688623,1.7665352550013043,55,21,0.8636363636363636,176,35,359,77,2.56493479013443,4.364216951737996,0.09334384
61.79999999871505,0.9680317254875704,1.6231511102909781,57,23,0.9545454545454546,184,35,358,77,2.6910176873207092,3.7467931472988525,0.09916667
61.84999999854334,0.9520043553224272,1.7202763029491153,58,22,0.9090909090909091,192,37,379,80,2.49199777841568,3.017826365783378,0.12535523
61.89999999837163,0.5969488189190446,1.3939091899075176,56,20,0.9090909090909091,185,32,357,79,2.543953061103821,3.2737305516302584,0.08720155
61.949999998199914,0.5325232135816205,1.4951091760063755,56,21,0.9090909090909091,188,37,373,80,2.5554728507995605,3.228326157453285,0.14970523
61.9999999980282,0.7881054767699487,1.6273147156465049,54,21,0.8636363636363636,182,34,342,74,2.488444596529007,3.212557657702204,0.061745487
62.04999999785649,0.6939292876650283,1.4840356607191336,47,19,0.8181818181818182,182,36,347,72,2.505801022052765,3.6009099884022877,0.15910181
62.099999997684776,0.8018452952663392,1.822063732853358,54,20,0.7727272727272727,182,38,345,76,2.5713753700256348,3.614984950166704,0.091586076
62.14999999751306,0.7224422865615823,1.508219296138722,59,21,0.8636363636363636,184,36,349,73,2.603161633014679,3.4512316161122936,0.10752155
62.19999999734135,0.8490343337179704,1.495910462295831,53,21,0.9545454545454546,196,39,368,79,2.748517692089081,3.8183453195942807,0.082114585
62.24999999716964,1.016853299203187,1.7335144604661867,60,22,0.9090909090909091,187,37,371,74,2.5312387943267822,3.265516177757295,0.09272051
62.299999996997926,0.9426864756054348,1.7965211624001247,66,22,0.9545454545454546,187,34,375,78,2.6353976130485535,3.2901424339870022,0.05413095
62.34999999682621,0.9217954618686485,1.8824078816361727,64,23,0.9545454545454546,181,37,360,77,2.553868889808655,3.170477399925522,0.1413027
62.3999999966545,0.6910554382383104,1.6974908840996774,53,20,0.9090909090909091,185,35,368,78,2.535703182220459,3.647525709645345,0.08484059
62.44999999648279,0.790969579592471,1.838695946142968,60,22,0.8636363636363636,183,36,370,78,2.592451572418213,4.141258806320014,0.055276066
62.499999996311075,0.807629706848984,1.6469117111087541,58,23,0.9090909090909091,190,36,363,81,2.58931040763855,4.4824493245039765,0.06536067
62.54999999613936,0.7366516479841718,1.62269253971817,58,23,0.9545454545454546,189,36,370,78,2.618236541748047,4.308855722429836,0.044090543
62.59999999596765,0.757222341617576,1.873147267419798,58,22,0.8636363636363636,185,36,363,76,2.5684326887130737,4.2433925592346,0.09215096
62.64999999579594,0.6517694665026925,1.715430740447401,56,21,0.8181818181818182,181,36,355,78,2.6519280672073364,3.6636276194367756,0.0957212
62.699999995624225,0.8038418799655065,1.734426516949462,51,22,0.9090909090909091,181,35,358,78,2.5568628311157227,4.043634947553123,0.08902116
62.74999999545251,0.7954292119799962,1.5975261024091425,59,22,0.9090909090909091,184,35,355,77,2.6422786712646484,4.110598536251269,0.077739105
62.7999999952808,0.7612891907121229,1.2565254761734805,58,22,0.9090909090909091,179,33,352,75,2.5176268815994263,3.978774124280182,0.21694426
62.84999999510909,0.592223315002711,1.3789045102893769,55,21,0.8636363636363636,175,34,361,76,2.5638583302497864,3.2441475683456655,0.18094328
62.899999994937374,0.6742744508649325,1.3186528139580305,59,22,0.9090909090909091,185,34,365,79,2.610825300216675,3.5424577597625007,0.11175829
62.94999999476566,0.6529720765658016,1.5746123457816736,59,22,0.9090909090909091,186,35,375,81,2.651189863681793,2.583702587107819,0.11888042
62.99999999459395,0.41162198118371973,1.591871420576088,61,20,0.8636363636363636,186,34,376,79,2.6135221123695374,3.0956269251691193,0.11979097
63.04999999442224,0.8812010371910749,1.6465784924326226,54,20,0.8636363636363636,182,35,361,76,2.5361618399620056,3.6274254586702526,0.09902732
63.099999994250524,0.8074317299507072,1.4379531170150883,55,22,0.9090909090909091,178,33,352,74,2.509477138519287,3.6650760835071683,0.22236034
63.14999999407881,0.2081662961101684,1.5442052093368184,53,21,0.8636363636363636,185,37,373,82,2.5763705372810364,2.7674549242554303,0.124505915
63.1999999939071,0.667312705405333,1.5080718118293,55,19,0.8181818181818182,181,32,356,78,2.6641717553138733,3.914223961490979,0.12385838
63.249999993735386,0.5442416106540662,1.3634574294278712,54,23,0.9545454545454546,189,34,364,78,2.5417736172676086,3.4552444759425605,0.17307872
63.299999993563674,0.8005445872911618,1.9836012715220002,57,20,0.7272727272727273,176,33,355,74,2.6176753640174866,3.5121295522578766,0.12861852
63.34999999339196,0.8499390880047597,1.9080538507511413,60,21,0.8181818181818182,185,38,375,78,2.58559912443161,3.6501669876295573,0.1245556
63.39999999322025,0.845345527367557,1.7853484658161645,54,21,0.8181818181818182,179,34,366,75,2.621428966522217,3.9579484268154186,0.0813747
63.449999993048536,1.1053652262256315,1.8097965217874366,54,22,0.8636363636363636,182,39,360,77,2.514593005180359,3.571871469498662,0.1478427
63.49999999287682,0.5989843741848662,1.7292344486425377,52,21,0.9090909090909091,183,39,365,77,2.7307987213134766,3.6346065303973685,0.107983604
63.54999999270511,0.8366037943430276,1.5670254591138923,50,23,0.9545454545454546,184,34,349,76,2.433810234069824,3.4953203018475776,0.16177544
63.5999999925334,1.4614575509838246,1.827864766642337,55,23,0.8636363636363636,186,37,359,74,2.545001208782196,3.637402238599954,0.11030781
63.649999992361685,0.6484165549536647,1.4471865175150365,56,22,0.9090909090909091,181,35,363,78,2.4830392003059387,4.069024705945123,0.15521103
63.69999999218997,0.813081001360022,1.4507873147009442,58,22,0.9545454545454546,187,39,355,75,2.619585394859314,3.9320558394392613,0.11712926
63.74999999201826,0.8916341271268092,1.6199555809590973,55,23,0.9545454545454546,191,38,359,79,2.683227062225342,4.001154084946874,0.08353013
63.79999999184655,0.8723923777803422,1.5199706321738384,53,22,0.9090909090909091,190,36,366,78,2.5355860590934753,4.179566508987618,0.106021926
63.849999991674835,0.4715842690137117,1.315393977671876,54,23,0.9545454545454546,183,34,367,77,2.4481819570064545,3.838660202049251,0.1495616
63.89999999150312,0.701385210011562,1.5959262392841977,59,24,0.9090909090909091,185,38,364,78,2.7626681327819824,3.6279745495888527,0.10157194
63.94999999133141,0.7663189527661651,1.524485581351063,59,22,0.8636363636363636,185,36,369,80,2.6295435428619385,3.750676944692257,0.102032065
63.9999999911597,0.9787179302073195,1.4530946640966913,61,23,0.9545454545454546,193,37,360,74,2.542584538459778,3.9150147147490877,0.047722567
64.04999999098798,0.7070069702710955,1.4296925825826177,59,23,0.9090909090909091,180,32,368,80,2.5646039843559265,4.1729117725270815,0.028312907
64.09999999081627,0.7961769920615784,1.6004903688880856,57,21,0.9090909090909091,185,37,367,80,2.580988109111786,4.265870547565536,0.10385477
64.14999999064456,0.4467818635049712,1.3890132509392095,57,20,0.8636363636363636,191,37,379,78,2.667354643344879,4.277328076671498,0.015514877
64.19999999047285,0.49008400645426337,1.237574646033041,55,23,0.9090909090909091,184,34,365,78,2.7228006720542908,4.350346555920659,0.08668634
64.24999999030113,0.7404949644742571,1.5222139409471436,60,22,0.8636363636363636,189,34,362,79,2.6426249742507935,3.974318434443438,0.06526193
64.29999999012942,0.45214460680055163,1.3246706652477978,63,22,0.8636363636363636,187,36,373,80,2.8153222799301147,4.013913543826018,0.021110523
64.34999998995771,0.7220545648238785,1.334386878908009,57,21,0.8636363636363636,190,36,370,81,2.547217011451721,4.250593429522311,0.050639573
64.399999989786,0.6291992933895169,1.3408789502712746,56,23,0.9090909090909091,180,35,368,79,2.5799810886383057,3.9850160296496817,0.03254941
64.44999998961428,0.5315132976429251,1.2336762046825998,61,23,0.9090909090909091,188,34,365,80,2.4795904755592346,4.067104994152757,0.032582074
64.49999998944257,0.5548554989158838,1.330871040264337,67,22,0.8636363636363636,188,38,376,81,2.6280373334884644,3.6462012535914745,0.031926505
64.54999998927086,0.5065286003332303,1.4395964573343631,61,24,0.9090909090909091,188,34,371,80,2.7243000268936157,3.4822051049908165,0.057677336
64.59999998909915,0.6634722249251026,1.5979262164111474,54,21,0.8636363636363636,185,35,360,79,2.5845932960510254,3.6974400058348067,0.06988963
64.64999998892743,0.6235624017858231,1.5274929233139036,54,23,0.8636363636363636,185,38,369,78,2.5760051608085632,3.4188441720383533,0.02622974
64.69999998875572,0.5443185797957907,1.4967778512614016,53,22,0.8636363636363636,188,37,360,78,2.743399739265442,3.6484071592844813,0.06382522
64.74999998858401,0.29978759416356915,1.00493328967233,61,24,0.9545454545454546,189,36,372,79,2.4972660839557648,3.886047067430365,0.04625834
64.7999999884123,0.7663799306413674,1.4353565358969878,56,22,0.8636363636363636,187,36,366,80,2.740485668182373,3.8299446288618455,0.019003235
64.84999998824058,0.5138364439208489,1.4095620570263623,67,24,0.9090909090909091,183,37,370,78,2.683393657207489,3.626776385472361,0.02389181
64.89999998806887,0.8295996589130911,1.4409888299146612,65,22,0.8636363636363636,187,36,366,80,2.624427080154419,3.803935588127354,0.05100186
64.94999998789716,0.6931885411823707,1.4788967670807474,60,21,0.8181818181818182,187,36,364,80,2.564575970172882,3.8105049658774703,0.009309596
64.99999998772545,0.7723472188808954,1.345524305895803,61,24,0.9545454545454546,193,35,371,78,2.550624907016754,3.5798892826257678,0.024816696
65.04999998755373,0.6077553500141666,1.391176549379419,65,22,0.8636363636363636,188,35,353,76,2.5810417532920837,3.342362465873281,0.020606497
65.09999998738202,0.36494054801088777,1.4120338198065108,57,20,0.8181818181818182,186,36,370,79,2.6182392239570618,3.076254557621798,0.07580335
65.14999998721031,0.6339355516696328,1.405847273819962,57,23,0.9090909090909091,188,36,366,81,2.681410312652588,3.6732060169770087,0.06115503
65.1999999870386,0.7036499857495847,1.331714122813563,67,24,0.9090909090909091,190,37,368,78,2.6648250222206116,3.188796873989741,0.020352283
65.24999998686688,0.6135389209226008,1.4846403095370215,61,22,0.8636363636363636,190,36,382,80,2.54867285490036,3.1898444134125548,0.023909822
65.29999998669517,0.5280403174721914,1.3676638345536463,56,22,0.8636363636363636,185,36,366,80,2.560991644859314,3.756739614973137,0.025682732
65.34999998652346,0.6772444867819358,1.5194952337012413,63,23,0.9090909090909091,188,37,379,81,2.5261184573173523,3.552381641877327,0.047737338
65.39999998635174,0.713623357175643,1.628042495100811,61,21,0.8181818181818182,183,35,371,80,2.5898444652557373,3.326913170298802,0.011779063
65.44999998618003,0.4173735749802625,1.306437928422928,59,22,0.8636363636363636,185,36,362,78,2.585648000240326,3.2884734109737934,0.085485935
65.49999998600832,0.8083682862104834,1.5889352739845954,63,24,0.9090909090909091,193,36,367,78,2.61789470911026,3.4625332150604216,0.027526896
65.5499999858366,0.893545495090279,1.5892394109564567,59,20,0.7727272727272727,184,36,378,78,2.614521086215973,3.421083089280277,0.015069697
65.5999999856649,0.7070953737160881,1.454717668183981,64,23,0.9090909090909091,193,37,377,80,2.52506285905838,2.924414316400794,0.013286567
65.64999998549318,0.7714617368816985,1.693397741101628,58,21,0.8636363636363636,186,36,367,77,2.759115993976593,2.9934183029403982,0.03925849
65.69999998532147,0.5029658736827568,1.4884352379894445,56,23,0.9090909090909091,185,35,377,80,2.5826051831245422,3.1112130035027263,0.02615084
65.74999998514976,0.5360033055448772,1.357677590008333,62,21,0.9090909090909091,187,36,367,79,2.5215139985084534,3.293509816273037,0.011529141
65.79999998497804,0.6411652169697126,1.4186614215614435,65,23,0.9090909090909091,188,36,364,79,2.6042714715003967,3.050197406000539,0.015042992
65.84999998480633,0.5136784222219689,1.4179674125086872,59,22,0.8636363636363636,192,38,384,83,2.480969876050949,2.925480402691818,0.007465431
65.89999998463462,0.45605096485952956,1.3139328669758172,68,24,0.9090909090909091,193,40,375,79,2.566159665584564,2.66860070894114,0.011883603
65.9499999844629,0.6417026890296234,1.377749770527801,61,21,0.8181818181818182,188,40,371,80,2.5586864352226257,3.0995904035722344,0.006144798
65.9999999842912,0.7504009167583535,1.3923655284733896,64,24,0.9090909090909091,188,34,379,83,2.5315776467323303,3.666918715307501,0.026463399
66.04999998411948,0.7822902551830313,1.523824320276645,66,23,0.9090909090909091,194,38,373,81,2.5667354464530945,3.6617812081610435,0.025690414
66.09999998394777,0.8015421998872361,1.4985082068123692,53,21,0.7727272727272727,178,35,366,80,2.4568529427051544,3.485306091584457,0.033474296
66.14999998377606,0.6517531908128272,1.3553315500939946,60,21,0.8636363636363636,188,37,361,79,2.578098773956299,4.081743600237822,0.0046901475
66.19999998360434,0.7223949745367737,1.289576155157417,63,22,0.8636363636363636,189,37,375,80,2.5528383255004883,3.9402355336029604,0.007315836
66.24999998343263,0.5815239070254824,1.3381268811091256,60,20,0.8636363636363636,189,37,358,76,2.489134669303894,3.9922757116095653,0.03924912
66.29999998326092,0.6018519639590142,1.525480286839715,60,20,0.8636363636363636,186,36,356,77,2.491849362850189,4.059836613953829,0.05781738
66.3499999830892,0.7719973746627139,1.3485562259279158,56,21,0.8636363636363636,187,34,365,79,2.493731528520584,3.930791487606724,0.05663126
66.39999998291749,0.3590657943721207,1.2146016878766313,53,23,0.9545454545454546,188,37,363,80,2.5475025177001953,3.6449878980787798,0.036133837
66.44999998274578,0.6960942474603149,1.3335359514738636,55,22,0.8636363636363636,185,35,360,76,2.493116557598114,3.8862591345520237,0.038182393
66.49999998257407,0.4787159379288355,1.106090541793491,59,22,0.9545454545454546,187,36,376,83,2.5225335359573364,4.186097240964699,0.12045995
66.54999998240235,0.33691463118471326,1.1687565334661874,50,21,0.9090909090909091,188,35,352,80,2.6002606749534607,3.909524398077373,0.07703453
66.59999998223064,0.9025198855937654,1.618889052129369,60,22,0.9090909090909091,186,34,364,77,2.642180025577545,3.7276646413375403,0.10107964
66.64999998205893,0.30367292536971674,1.1642117431100116,55,22,0.9090909090909091,185,35,365,80,2.571083903312683,3.441611543288081,0.04529536
66.69999998188722,0.9144406737658872,1.5726344434627928,64,24,0.9545454545454546,193,37,376,79,2.6478901505470276,3.408402356927711,0.032716684
66.7499999817155,1.140829782683185,1.6789121811633212,53,20,0.8636363636363636,190,35,365,80,2.5299453735351562,3.186272590192667,0.08451994
66.79999998154379,0.7186265766942407,1.3939125678981226,57,21,0.8636363636363636,192,37,363,81,2.6607370376586914,3.6476175238134445,0.06305291
66.84999998137208,0.8614422630862684,1.590170209115178,53,20,0.8636363636363636,185,35,371,80,2.634831666946411,3.643613094054343,0.031212583
66.89999998120037,0.562384388343825,1.3161698824355625,62,21,0.9090909090909091,186,36,380,83,2.508109211921692,3.6964766335081567,0.023281243
66.94999998102865,0.8709992212281353,1.540069261505078,59,23,0.9090909090909091,185,37,372,81,2.5419428944587708,3.6589230562243458,0.060743637
66.99999998085694,0.4615511905307159,1.3013674966047242,53,20,0.8636363636363636,183,37,372,79,2.469804286956787,3.775429394286496,0.039693177
67.04999998068523,0.3438071520215049,1.4401957245094703,52,20,0.8181818181818182,186,37,365,77,2.5982442498207092,3.1140240463726077,0.09064919
67.09999998051352,0.49493276433141353,1.1590434143409398,54,20,0.8636363636363636,185,39,372,78,2.7030277252197266,3.563339485653705,0.05329433
67.1499999803418,1.2012826195346917,1.9343592233657247,44,21,0.8181818181818182,177,37,355,76,2.7076455950737,4.660070331984976,0.19851008
67.19999998017009,0.5586259365198033,1.411934942654952,52,20,0.8181818181818182,178,37,351,77,2.686680853366852,4.009649016874599,0.053737205
67.24999997999838,0.4002576417981291,1.230768840294595,54,24,0.9545454545454546,187,36,368,78,2.5540468096733093,3.788008249892023,0.06350765
67.29999997982667,0.47294812661356533,1.4309614077381525,51,21,0.8636363636363636,187,37,371,79,2.6287516951560974,3.884017955294743,0.034454107
67.34999997965495,0.6916944747619979,1.5035242552038555,56,22,0.8636363636363636,186,36,358,77,2.723807692527771,3.828618044970904,0.017968861
67.39999997948324,0.5754668839272641,1.274549203546881,50,22,0.9090909090909091,194,38,373,80,2.571370303630829,2.905720074426812,0.078916505
67.44999997931153,0.6014365857819253,1.3180063288741457,54,21,0.8636363636363636,178,32,358,78,2.5510016083717346,3.3870489458845476,0.09429601
67.49999997913982,0.6797596714467068,1.5134505339550328,59,22,0.9090909090909091,187,35,370,79,2.6397594809532166,3.2317229916410906,0.042514335
67.5499999789681,0.5917814064323823,1.4950369021187035,61,21,0.9090909090909091,192,38,375,76,2.548443377017975,2.2423873845190645,0.051176757
67.59999997879639,0.6027478129476883,1.3037978209119232,62,23,0.9090909090909091,187,38,378,80,2.6641613245010376,2.746822584153721,0.048063207
67.64999997862468,0.8622465737910789,1.5748670541801228,68,24,0.9545454545454546,189,35,378,80,2.5289952754974365,3.1019155884301686,0.017589215
67.69999997845296,0.3939460211699209,1.2541024346051364,49,21,0.9090909090909091,182,38,365,78,2.520478665828705,2.7610765321319253,0.21407947
67.74999997828125,0.5860646118572169,1.3769976876061194,59,23,0.9090909090909091,189,37,375,79,2.6028621196746826,2.8450008547602668,0.14070736
67.79999997810954,0.8658383339669061,1.435950904221259,54,21,0.9090909090909091,192,38,372,78,2.5565901398658752,3.864602177503169,0.07173967
67.84999997793783,0.7419916840266578,1.5286730391086236,57,23,0.9090909090909091,186,39,375,81,2.6391732692718506,3.4176392039031445,0.1156571
67.89999997776611,0.7532913084889801,1.449447618163981,57,20,0.8636363636363636,188,37,365,77,2.6697278022766113,4.1058571133303445,0.1039494
67.9499999775944,0.6174407558088211,1.2790960620263983,53,21,0.8636363636363636,177,35,358,76,2.6311609148979187,3.853069709534651,0.050116315
67.99999997742269,0.8391060264701743,1.34339415207427,58,20,0.7727272727272727,188,38,357,73,2.5721576809883118,4.219284796041203,0.040895212
68.04999997725098,0.48913500224354534,1.3318531576767114,55,20,0.8636363636363636,181,37,372,79,2.5660818815231323,3.752354662543196,0.08849978
68.09999997707926,0.7209465670982241,1.391700744390204,58,24,0.9545454545454546,185,36,360,77,2.740470767021179,4.648324531416277,0.08236645
68.14999997690755,0.6982339123026583,1.5283571431135932,54,22,0.9545454545454546,186,37,365,78,2.582744061946869,4.678005996964734,0.14387457
68.19999997673584,0.47127701048109016,1.293578087250193,58,21,0.8636363636363636,197,36,374,81,2.561582624912262,4.760331439222076,0.15415265
68.24999997656413,0.5303709121875602,1.2581097991566152,61,22,0.9545454545454546,191,37,376,78,2.778625190258026,4.551322698292042,0.030266881
68.29999997639241,0.916297476268372,1.691021409476946,53,19,0.7727272727272727,183,38,350,77,2.6376059651374817,5.245375827707646,0.025282228
68.3499999762207,0.7280320161415442,1.3395701441503283,59,23,0.8636363636363636,190,37,373,78,2.6482197642326355,5.011848585846037,0.015068062
68.39999997604899,0.6421162341192963,1.5046005087349088,53,21,0.8636363636363636,189,36,369,79,2.5313833355903625,5.027887813628711,0.06277801
68.44999997587728,0.4418588552369895,1.2486200981535833,53,19,0.7727272727272727,178,36,355,77,2.591782808303833,5.261463985822639,0.056644328
68.49999997570556,0.37614030650410296,1.4056031965520965,53,20,0.8636363636363636,183,42,367,75,2.709116041660309,5.123126767801978,0.033420295
68.54999997553385,0.29585985394269665,1.4338532749502986,51,20,0.8636363636363636,188,37,361,77,2.5881603360176086,5.1653265375031765,0.02038651
68.59999997536214,0.4670091850144293,1.378662108405563,57,20,0.7727272727272727,184,38,360,78,2.6108181476593018,5.222789876277956,0.013775674
68.64999997519043,0.38421130556670346,1.268725041012112,53,22,0.9090909090909091,180,33,372,79,2.6434683799743652,4.75779502091668,0.047840353
68.69999997501871,0.31623002314526516,1.2194623635716535,55,21,0.8636363636363636,186,36,367,80,2.5126731395721436,4.655899846344225,0.13621609
68.749999974847,0.48295219726244165,1.4212745150992263,62,21,0.8181818181818182,188,39,365,77,2.6619642972946167,4.563962827047687,0.013273228
68.79999997467529,0.3886174509343021,1.2611088278949398,59,22,0.8636363636363636,192,36,368,83,2.5679290294647217,4.556389167662838,0.0091842525
68.84999997450358,0.5714470642417578,1.3565289509843772,60,21,0.8636363636363636,186,39,374,80,2.7173912525177,5.058798161303244,0.035127353
68.89999997433186,0.6619022419752314,1.4833977565742082,53,21,0.9090909090909091,193,36,365,77,2.5844579935073853,5.286245466453838,0.060654808
68.94999997416015,0.38359134849690835,1.2807067741993048,59,22,0.9090909090909091,185,35,362,78,2.571829855442047,5.395804373900539,0.010004925
68.99999997398844,0.37530824015581665,1.2261541453418467,57,22,0.9090909090909091,189,39,376,82,2.53625750541687,5.808291419050038,0.06788671
69.04999997381672,0.6216534085446058,1.5983788336087317,62,22,0.8636363636363636,179,35,365,79,2.467881888151169,5.46207914401438,0.07708112
69.09999997364501,0.4789966959157533,1.3365999608370294,55,21,0.8636363636363636,189,37,367,77,2.7186745405197144,5.495976159985743,0.054446414
69.1499999734733,0.29746633494232744,1.1287383472619326,59,22,0.9090909090909091,188,36,368,74,2.580074965953827,5.2649836412704865,0.03399391
69.19999997330159,0.5344426618359673,1.255608963853356,63,22,0.9090909090909091,191,36,361,79,2.6494258642196655,6.015522317535691,0.032124765
69.24999997312987,0.7812556063040654,1.55994931095783,53,20,0.8181818181818182,186,37,357,78,2.533470094203949,5.993691614610457,0.02887113
69.29999997295816,0.6085924646758769,1.4296310896113937,62,22,0.9090909090909091,188,39,369,79,2.6088136434555054,5.941741885693039,0.008453639
69.34999997278645,0.39804499787289427,1.2358130531535585,60,22,0.9090909090909091,189,37,365,75,2.7661052346229553,5.933357753610782,0.043265168
69.39999997261474,0.8136187607790263,1.376667382809191,64,22,0.8636363636363636,192,36,375,78,2.540564239025116,6.019749902933391,0.019652337
69.44999997244302,0.3923796296918257,1.3556315182154721,64,22,0.9090909090909091,194,40,362,79,2.70370751619339,5.433748134039531,0.02084069
69.49999997227131,0.43867998438395844,1.298664869652446,64,23,0.9090909090909091,193,38,373,78,2.7869582176208496,5.686851772772821,0.031877007
69.5499999720996,0.5905881189874511,1.4194288669830906,70,24,0.9090909090909091,188,39,374,79,2.611451745033264,5.708054535265905,0.008059494
69.59999997192789,0.6686832959768136,1.1731889060364036,64,24,0.9090909090909091,192,37,370,78,2.500074803829193,6.1772673025904545,0.008858297
69.64999997175617,0.3355097019544888,1.2797067627775158,55,20,0.8181818181818182,188,36,358,77,2.5708377361297607,5.5036241050758505,0.054549813
69.69999997158446,0.5500526909816359,1.3403309130272378,57,23,0.9090909090909091,188,36,364,76,2.5067922472953796,5.511251895410902,0.018150708
69.74999997141275,0.553059926114427,1.3130337735828665,64,22,0.9090909090909091,200,40,376,79,2.5771066546440125,5.755032006764891,0.022976149
69.79999997124104,0.5646589500904332,1.3380372380037855,59,22,0.9090909090909091,181,36,370,81,2.69098699092865,5.432203676712151,0.027686968
69.84999997106932,0.8669933127313181,1.4888450060134775,63,21,0.9090909090909091,193,36,369,76,2.564755082130432,5.473321722085247,0.03798798
69.89999997089761,0.46739904847583164,1.3357772776117625,65,23,0.9090909090909091,192,38,368,77,2.585633099079132,5.2750601715517575,0.011353182
69.9499999707259,0.39827196773105156,1.2181921355299588,62,22,0.9090909090909091,185,34,370,79,2.7867579460144043,5.557356920655332,0.040064827
69.99999997055419,0.4590913981177618,1.2191527012182322,55,23,0.9090909090909091,188,37,363,78,2.525571882724762,5.552886442290621,0.007812722
70.04999997038247,0.680122889353121,1.3516552648004632,57,23,0.9090909090909091,186,37,368,80,2.6177486777305603,5.73922688774438,0.009128762
70.09999997021076,0.8626554933612953,1.4909263584270054,62,21,0.9090909090909091,185,36,363,77,2.570125162601471,5.36637864798668,0.047743518
70.14999997003905,0.7712271261127969,1.3787699012188952,60,22,0.9545454545454546,189,38,357,79,2.5542980432510376,5.351702656024129,0.016676418
70.19999996986733,0.684837119617523,1.3372147639167875,61,20,0.8181818181818182,189,36,363,78,2.4390751123428345,5.277802547828543,0.040688913
70.24999996969562,0.7674764815304149,1.3358495852285501,64,22,0.8636363636363636,186,35,364,75,2.4682141840457916,5.473928432124691,0.016946414
70.29999996952391,0.7364649744444134,1.4392768704506664,59,22,0.8636363636363636,190,38,374,80,2.6990002393722534,4.866510985011443,0.03308052
70.3499999693522,0.6155360882941192,1.266003088502932,60,23,0.9090909090909091,183,35,366,76,2.491953521966934,4.894475178314677,0.09724135
70.39999996918048,0.6896949976357607,1.319076312608369,59,21,0.9090909090909091,185,36,372,77,2.476799339056015,4.758800740768416,0.014802188
70.44999996900877,0.5983831765521069,1.2220304933091184,59,22,0.8181818181818182,187,38,357,73,2.6373696327209473,4.542538857295089,0.060584195
70.49999996883706,0.7568547210307376,1.4301693761019378,65,23,0.9090909090909091,194,39,368,77,2.5172609090805054,4.934116795393093,0.010479829
70.54999996866535,0.8690170918752832,1.468930742085116,57,21,0.8636363636363636,189,35,358,78,2.6321420073509216,4.788281620071508,0.059833463
70.59999996849363,0.5562328263659903,1.2911844198882698,58,22,0.8636363636363636,186,35,369,80,2.5317203998565674,4.972779966354368,0.04879464
70.64999996832192,0.7531959660563383,1.3725484323195778,61,23,0.9090909090909091,194,38,364,78,2.4412673711776733,5.117240425833174,0.0447278
70.69999996815021,0.6362810247398304,1.2438058312932871,57,22,0.9090909090909091,190,37,366,73,2.4915120005607605,4.291011478099609,0.0013031088
70.7499999679785,0.3438677012743923,0.9909741180624143,65,21,0.8636363636363636,194,37,359,76,2.51560240983963,4.963408841492063,0.0368367
70.79999996780678,0.4435813950975541,1.2633742239706174,57,22,0.8636363636363636,183,38,355,73,2.553287148475647,5.069935467666795,0.07067614
70.84999996763507,0.7673484970439337,1.3212384936965706,57,22,0.9090909090909091,186,36,358,77,2.6110002398490906,5.540488717060121,0.040755518
70.89999996746336,0.6140318068282109,1.3297916094494642,63,22,0.9090909090909091,192,38,366,78,2.4448540806770325,4.979202231502526,0.008750173
70.94999996729165,0.5401979387994611,1.3532643342877162,58,21,0.8636363636363636,188,36,367,77,2.5607815384864807,4.893266581822688,0.08775395
70.99999996711993,0.3953935417728536,1.1791556790370081,64,23,0.9545454545454546,193,36,366,77,2.455129325389862,4.468814437713569,0.040788364
71.04999996694822,0.507306462951616,1.3865452964338219,59,22,0.8636363636363636,190,37,377,77,2.5172793865203857,4.120494611401089,0.008231258
71.09999996677651,0.7685735885558825,1.660252841804731,58,21,0.8636363636363636,185,35,354,76,2.801971733570099,3.884547196082142,0.082469374
71.1499999666048,0.6844545056673486,1.4824188311900686,56,22,0.9090909090909091,184,37,358,75,2.6089653372764587,4.195545074254916,0.07905471
71.19999996643308,0.5761823851525795,1.4250968150563659,49,21,0.8636363636363636,179,35,357,75,2.639002203941345,4.499905856486812,0.0850645
71.24999996626137,0.9928541922859548,1.6330068509994717,51,20,0.8636363636363636,183,34,358,77,2.4613405764102936,4.610576141603753,0.12986073
71.29999996608966,0.7981543570061378,1.3528248018829159,53,19,0.7727272727272727,178,35,357,73,2.50005841255188,4.803345161343309,0.11648707
71.34999996591795,0.5114031264521496,1.3197581992129503,56,22,0.9090909090909091,184,35,357,77,2.6573926210403442,4.363827634457715,0.046964064
71.39999996574623,0.9060295201565094,1.5544222455731558,58,23,0.9090909090909091,181,34,361,78,2.543439567089081,3.9074506185028657,0.018386776
71.44999996557452,0.8144894891337108,1.3765120416923147,58,22,0.9090909090909091,190,35,368,79,2.65361487865448,4.2594838324877315,0.11675436
71.49999996540281,0.699537220029486,1.4655035551257916,58,21,0.8181818181818182,178,34,344,74,2.5291872024536133,4.4503798969846375,0.08822337
71.5499999652311,0.5621986396111799,1.3773056826162877,50,22,0.8181818181818182,183,33,346,77,2.4236680567264557,4.169160251156168,0.038813032
71.59999996505938,0.5244780506157405,1.2906197232166345,48,21,0.8636363636363636,180,32,345,73,2.5529485940933228,4.513566231063875,0.045902647
71.64999996488767,0.521571833493035,1.271388466129976,57,23,0.9090909090909091,188,36,358,78,2.5734901428222656,3.8996377781069302,0.025455065
71.69999996471596,0.21884844972051148,1.2480506381723233,58,23,0.9090909090909091,183,35,357,76,2.5760915875434875,4.229587807083117,0.03955602
71.74999996454424,0.801836633426395,1.4158429876428364,58,21,0.8636363636363636,182,34,352,75,2.4685320258140564,4.678023391776707,0.107807465
71.79999996437253,0.1568193348281083,1.237681937564505,49,22,0.9090909090909091,184,36,365,79,2.590489983558655,4.4292182517749445,0.062021233
71.84999996420082,0.6931719638201443,1.6227718650678744,59,22,0.8181818181818182,186,34,359,78,2.567334473133087,4.517677394399575,0.054895855
71.8999999640291,0.5202420572545416,1.1069269522233722,59,22,0.9090909090909091,180,36,342,77,2.517947256565094,5.101476083232859,0.12888084
71.9499999638574,0.8667541473867235,1.6205757785196893,54,20,0.7727272727272727,182,36,347,76,2.561163902282715,4.902323941758935,0.13484904
71.99999996368568,0.5531621743344186,1.2692008151702376,58,24,0.9090909090909091,191,38,363,79,2.5965970754623413,4.83077169986732,0.05332517
72.04999996351397,0.468241952960861,1.3871890416338188,63,24,0.9090909090909091,180,34,366,78,2.54780113697052,4.954072193533889,0.039440338
72.09999996334226,0.3357604481250386,1.3318558678673273,58,23,0.9090909090909091,187,36,356,78,2.560053765773773,4.502720995986689,0.14825627
72.14999996317054,0.7200510271709935,1.7811499815654142,53,19,0.7272727272727273,174,35,342,74,2.553670108318329,4.881766784130468,0.16995633
72.19999996299883,0.8461348650371974,1.7595926846922818,55,22,0.8636363636363636,183,37,353,76,2.4789324402809143,5.098159215467346,0.16044663
72.24999996282712,0.5486603206269971,1.3468877659376517,45,18,0.8181818181818182,172,33,356,75,2.5977322459220886,5.088669920925728,0.14696816
72.2999999626554,1.0852072904938288,1.8583006617250875,57,22,0.8636363636363636,184,37,354,76,2.8090977668762207,5.725606969996155,0.050438292
72.3499999624837,0.9170660610056514,1.806769466393362,51,19,0.7727272727272727,176,34,345,75,2.6751255989074707,5.681985370454603,0.1531951
72.39999996231198,1.6235324252721566,2.2258913920185237,54,21,0.8636363636363636,177,36,349,77,2.552371025085449,6.680080842856739,0.17027996
72.44999996214027,1.3260160568666466,1.928386834999851,57,19,0.7727272727272727,181,39,357,76,2.6166680455207825,6.3117873288701,0.1513348
72.49999996196856,1.0268667911527543,1.6849878732121462,55,22,0.9090909090909091,183,36,365,78,2.6722460985183716,5.25909280091831,0.1102245
72.54999996179684,0.741387687208382,1.4339827372330096,56,23,0.8636363636363636,184,37,365,77,2.67757385969162,4.953380006522865,0.051006384
72.59999996162513,0.9896768624024154,1.7333797221028593,51,19,0.8181818181818182,185,36,359,79,2.7328765392303467,5.494466383013066,0.066727355
72.64999996145342,0.7879403678152365,1.5436508753922575,54,20,0.8181818181818182,179,36,356,80,2.403426766395569,5.039025244655209,0.07257231
72.6999999612817,0.25748351171461814,1.288244334230244,50,21,0.8636363636363636,179,38,359,78,2.5189539790153503,5.1882186115029505,0.15092598
72.74999996110999,0.5637815918270048,1.3930412879730687,59,23,0.9090909090909091,178,36,373,82,2.6011937856674194,5.212099826836463,0.12585503
72.79999996093828,0.6236504787377337,1.5227868374739582,49,22,0.9090909090909091,180,36,366,79,2.63320654630661,5.349811472536619,0.13660829
72.84999996076657,0.784542446219395,1.4677323219806884,52,20,0.8181818181818182,177,36,355,78,2.5732675194740295,5.371239606838278,0.083708785
72.89999996059485,0.6134798403895737,1.4593800232166123,62,22,0.8636363636363636,188,36,370,80,2.5920119881629944,4.469688575938546,0.057831533
72.94999996042314,0.5025786880601354,1.3296096910012767,49,19,0.7727272727272727,177,35,356,75,2.5951865315437317,4.861294686002076,0.09772973
72.99999996025143,0.8285458261769619,1.5788058565559715,57,22,0.9090909090909091,187,38,360,76,2.528819739818573,5.262032057508241,0.0099155465
73.04999996007972,0.5531821281905588,1.3022895048781655,52,21,0.8636363636363636,189,36,362,79,2.5148260593414307,5.232462147179335,0.053987235
73.099999959908,0.3222367687528306,1.2328373405762818,55,20,0.8181818181818182,184,37,369,76,2.457364946603775,5.240679381131024,0.11684747
73.14999995973629,0.7162760052377727,1.3739053521639697,62,22,0.9090909090909091,185,37,373,78,2.5887292623519897,5.609256687184558,0.057190444
73.19999995956458,0.6020520813807324,1.5178460542597163,58,22,0.9090909090909091,181,34,368,79,2.6729729771614075,5.359810675647347,0.033851456
73.24999995939287,0.6032560027822825,1.4823147213015737,48,20,0.8636363636363636,183,35,359,78,2.727338969707489,5.347262291552326,0.075324416
73.29999995922115,0.875757216286568,1.610025533625243,55,22,0.8636363636363636,178,34,359,76,2.6493820548057556,5.0065950483160115,0.09138584
73.34999995904944,0.49756445130423466,1.322191147245392,52,23,0.9090909090909091,183,36,365,78,2.497660517692566,4.513456725837228,0.057955846
73.39999995887773,0.7481093113948522,1.4430954502177404,51,23,0.8636363636363636,189,35,358,79,2.4969860911369324,4.461928335491372,0.09501358
73.44999995870602,0.6080369621303786,1.3597522642029516,65,21,0.8636363636363636,181,32,362,75,2.6198992133140564,4.660435868874089,0.0044644126
73.4999999585343,0.7337526686968074,1.5099838158650374,53,22,0.8636363636363636,182,34,351,77,2.433319091796875,4.694958653005745,0.059368882
73.54999995836259,0.49179557353303727,1.3370926097281874,57,22,0.8636363636363636,194,38,368,78,2.4208301305770874,4.4299734919636435,0.0344181
73.59999995819088,0.7018676583717698,1.555237954552192,53,22,0.8636363636363636,184,35,357,78,2.60531485080719,4.408061901397664,0.065286845
73.64999995801917,0.8072994811518595,1.675507564432378,49,22,0.8636363636363636,183,34,362,80,2.701655924320221,4.120498925624858,0.10255717
73.69999995784745,0.6155454325302633,1.4643455798543261,50,22,0.8636363636363636,183,37,361,77,2.5152820348739624,3.9216770469605144,0.08328097
73.74999995767574,0.5985734862947727,1.3851925645546368,55,23,0.9090909090909091,190,36,358,80,2.732388973236084,4.522254552407805,0.06725663
73.79999995750403,0.6537454030935781,1.4777745430047682,55,21,0.8636363636363636,184,34,356,79,2.6310959458351135,4.276528441023402,0.06888049
73.84999995733232,0.6436684155470301,1.4136488916886079,53,23,0.9090909090909091,185,34,370,81,2.6051414012908936,4.550103492543522,0.056453716
73.8999999571606,0.4991106858887056,1.2714159656770274,54,21,0.8636363636363636,183,35,372,78,2.7303972840309143,4.113024551628435,0.056029227
73.94999995698889,0.41342244873367934,1.397268894552464,49,20,0.8181818181818182,179,35,363,75,2.656983733177185,4.847234646372103,0.16359115
73.99999995681718,0.5286886077574773,1.3026992402854423,56,21,0.8636363636363636,188,35,360,78,2.5436168909072876,4.7581050828091165,0.06592205
74.04999995664546,0.492159536804273,1.3450709564094647,48,18,0.7727272727272727,181,35,352,75,2.697291374206543,4.298520511632082,0.06660868
74.09999995647375,0.8189361880724783,1.5219320854194953,56,21,0.8181818181818182,179,34,354,77,2.6026442646980286,4.6695606615791,0.05116565
74.14999995630204,0.726016808746843,1.3174940691645285,56,22,0.9090909090909091,180,33,353,73,2.5956687331199646,5.032573530413833,0.056432724
74.19999995613033,0.6976728480645428,1.3052429775615635,57,23,0.9545454545454546,185,33,366,76,2.738472819328308,3.9468899287592585,0.0295816
74.24999995595861,0.7497741166460447,1.4426446184612793,54,22,0.9090909090909091,185,36,362,79,2.6400816440582275,3.3412067805299905,0.049352795
74.2999999557869,0.6398822312696927,1.5083219667031478,55,22,0.9090909090909091,194,38,371,80,2.5377169251441956,3.881171553751024,0.040312935
74.34999995561519,0.6119316308477181,1.5338657967149274,56,22,0.9090909090909091,191,36,364,79,2.5795182585716248,4.305098507475238,0.07355711
74.39999995544348,1.0259130852337734,1.6203339252257072,56,21,0.8636363636363636,191,33,371,81,2.6135191321372986,4.17217806742606,0.060720593
74.44999995527176,0.8382674268569333,1.4485235314241662,54,22,0.8636363636363636,193,38,367,80,2.579450309276581,4.454505579264572,0.033684123
74.49999995510005,0.8224323422096785,1.469503905426631,58,24,0.9090909090909091,191,36,371,80,2.695334553718567,3.9883017387726216,0.062224027
74.54999995492834,0.9451545616528698,1.5781554168763212,56,23,0.9090909090909091,190,37,374,79,2.526628077030182,4.381917505791648,0.033946007
74.59999995475663,0.9882954216612312,1.7141742747475188,51,21,0.8636363636363636,181,33,358,77,2.591010332107544,4.1788699054844525,0.107352614
74.64999995458491,0.7535994278745412,1.4575821707795003,54,22,0.8636363636363636,185,37,359,75,2.5034543871879578,4.09986581875585,0.03065739
74.6999999544132,0.6220055021615256,1.451610569827972,54,22,0.8636363636363636,197,36,366,76,2.5482329726219177,4.1991443930889005,0.026268952
74.74999995424149,0.8154735646489579,1.6052118204289072,59,23,0.9090909090909091,186,37,362,79,2.519528567790985,4.833196218075004,0.029904233
74.79999995406978,0.5995187584288963,1.4617110698662128,51,19,0.7727272727272727,181,35,359,78,2.625952661037445,4.938088052258243,0.11563068
74.84999995389806,0.7491928418290505,1.5150414248634156,51,19,0.8181818181818182,179,35,348,75,2.533545196056366,4.755025053990369,0.097789876
74.89999995372635,0.8497359195206533,1.5737734338099683,59,21,0.8181818181818182,184,34,361,79,2.548149824142456,4.907736057490402,0.022918802
74.94999995355464,0.5699289039249795,1.3755693660876402,58,21,0.8636363636363636,189,36,376,78,2.6563265919685364,4.402607210328142,0.03292904
74.99999995338293,1.1937650700539815,1.758760136759935,58,22,0.8636363636363636,186,37,356,75,2.506876289844513,5.1981817311274,0.03791117
75.04999995321121,0.677141573030804,1.3788126673376901,53,21,0.8636363636363636,189,34,363,76,2.554832696914673,5.2406344461342425,0.042924866
75.0999999530395,0.7795988546878606,1.3205001590230099,51,19,0.8181818181818182,183,35,359,76,2.6242557168006897,5.09924017655929,0.11480256
75.14999995286779,0.6705772132809382,1.345507425600494,60,22,0.8636363636363636,185,35,361,75,2.7587199211120605,4.911123924582288,0.06746347
75.19999995269607,0.8346453390524166,1.485861022384364,62,22,0.8636363636363636,187,35,370,76,2.5951731204986572,5.144104055915317,0.02766256
75.24999995252436,0.7249849048750606,1.429227207688788,57,22,0.8636363636363636,189,35,372,79,2.624681293964386,4.903577423119465,0.084026575
75.29999995235265,0.799262215763863,1.422762232135065,60,22,0.8636363636363636,188,35,366,75,2.60981023311615,5.117691010163421,0.026618758
75.34999995218094,0.8634012600220765,1.4316869253917974,55,21,0.9090909090909091,190,36,368,78,2.5433924794197083,5.304801105414372,0.08820073
75.39999995200922,0.8917342875958155,1.5109254080678023,60,21,0.9090909090909091,186,37,382,79,2.559954524040222,4.232803143788466,0.0706952
75.44999995183751,1.030776723753174,1.6206710740443824,57,21,0.8636363636363636,191,34,366,79,2.5102493166923523,4.508730898001847,0.035607412
75.4999999516658,0.7144966740717202,1.3332447019092453,57,20,0.8181818181818182,180,35,370,77,2.6353856921195984,4.663142778880811,0.1248638
75.54999995149409,0.9528035304220194,1.5049673203959746,53,22,0.8636363636363636,185,36,376,81,2.560959756374359,3.9298114547238416,0.12855178
75.59999995132237,1.0146735214388025,1.5766698759952553,52,19,0.7727272727272727,189,35,355,77,2.63231098651886,4.128380565094885,0.14146133
75.64999995115066,0.8432494946753795,1.4923958311437266,56,21,0.8636363636363636,175,34,367,78,2.7095669507980347,4.311407437707349,0.12820265
75.69999995097895,0.6447090884604325,1.3797301969587235,48,20,0.8181818181818182,190,36,357,76,2.521745264530182,4.467209746509244,0.14045866
75.74999995080724,0.43956578490882914,1.4281986150261776,50,22,0.8636363636363636,184,36,358,76,2.527255415916443,4.221399994197181,0.05935295
75.79999995063552,0.8926092988429163,1.5031034823480174,53,23,0.8636363636363636,191,36,375,80,2.6142558455467224,4.338595948602455,0.030459048
75.84999995046381,0.774921645947243,1.3964832204076318,53,21,0.8636363636363636,180,36,361,79,2.6380744576454163,4.312981520408572,0.112958565
75.8999999502921,0.8009461430278093,1.5758414755968717,58,21,0.8636363636363636,185,37,369,77,2.6505056023597717,4.582565319452181,0.06535393
75.94999995012039,0.8456575717660547,1.6377503132238649,53,19,0.7727272727272727,179,37,369,76,2.5588977336883545,4.176522853235163,0.11981955
75.99999994994867,0.9854655328351334,1.72904948752295,51,20,0.8636363636363636,182,35,342,75,2.468685060739517,4.439247663074468,0.108444475
76.04999994977696,0.7644235045346213,1.579925428577921,51,19,0.8181818181818182,188,35,361,74,2.4828310310840607,4.116975607264006,0.077630125
76.09999994960525,0.8980215985104416,1.4541361578739254,50,19,0.7727272727272727,179,35,357,75,2.645830512046814,3.950604182331645,0.08152595
76.14999994943354,1.2360107646940508,1.8138975289954293,55,20,0.7727272727272727,183,35,366,75,2.58389413356781,4.265358092816385,0.17121588
76.19999994926182,0.8352216777242147,1.5288652459808914,55,21,0.8636363636363636,186,35,363,76,2.68921434879303,4.437047657434716,0.06744233
76.24999994909011,0.9925421277355042,1.658988672956746,59,21,0.8636363636363636,180,35,360,77,2.4781034886837006,3.0263914663943936,0.037954263
76.2999999489184,0.7258722989386139,1.545915114144443,51,22,0.8636363636363636,187,34,371,81,2.542933225631714,3.0287533697850577,0.038505875
76.34999994874669,0.843790069268835,1.5676713776239304,57,20,0.8181818181818182,183,35,356,79,2.5942838191986084,4.113042913631411,0.08331223
76.39999994857497,0.806362678369929,1.5731927500238563,52,21,0.8636363636363636,187,38,368,82,2.54483163356781,4.25750971912878,0.08735064
76.44999994840326,0.5516302613236855,1.3406972108284423,53,23,0.8636363636363636,186,35,369,78,2.627582550048828,4.227477804752358,0.05570997
76.49999994823155,0.8064753065325172,1.5079305846906308,52,22,0.8636363636363636,186,37,368,77,2.5407633185386658,3.6099953698117204,0.06713799
76.54999994805983,0.9488916659640907,1.325118659671971,52,21,0.8636363636363636,179,36,372,74,2.571278214454651,3.579220608512035,0.13146544
76.59999994788812,0.777551546866823,1.311268435114981,54,21,0.9090909090909091,189,37,363,76,2.491469979286194,3.5947317952945657,0.046004485
76.64999994771641,1.0478239730719836,1.4709540687743834,58,22,0.9090909090909091,186,35,366,76,2.460726946592331,3.0242342839331204,0.12349323
76.6999999475447,0.9460782096946727,1.5002238898041558,60,22,0.9090909090909091,191,35,377,76,2.5340235233306885,3.1917023849722437,0.13460977
76.74999994737298,0.7777428902560813,1.2496034151546123,56,21,0.9090909090909091,184,34,372,79,2.615014910697937,3.2305301509509476,0.16789153
76.79999994720127,0.7385427066571677,1.5188756642604813,61,21,0.8636363636363636,183,37,376,77,2.479068338871002,3.404401588525099,0.15803364
76.84999994702956,0.714881630472544,1.5618226841642895,51,20,0.8636363636363636,181,37,361,77,2.623017728328705,3.484021601228582,0.3178472
76.89999994685785,0.7251156873802602,1.4852558745281947,58,22,0.9545454545454546,180,36,364,74,2.737744450569153,3.1829747213076764,0.17371881
76.94999994668613,0.6852420576087743,1.3797111938926463,56,21,0.9090909090909091,184,35,361,79,2.5753530859947205,3.3234682005385885,0.06467243
76.99999994651442,0.592985935409489,1.3405090670863622,51,20,0.8636363636363636,188,36,344,74,2.6644131541252136,3.135586040437559,0.11359327
77.04999994634271,0.7070770654713978,1.5949348505947007,50,19,0.8636363636363636,182,34,351,75,2.449662983417511,3.7159524481770845,0.09494102
77.099999946171,0.7492482943478201,1.3870282620960142,50,21,0.9090909090909091,185,36,366,76,2.6012927293777466,3.233123896849248,0.059523083
77.14999994599928,1.031672250795754,1.488104218064878,49,21,0.9090909090909091,176,34,364,80,2.621258497238159,3.24240009042728,0.14655718
77.19999994582757,0.8697486581934246,1.548146404189032,57,23,0.9090909090909091,185,33,362,80,2.6774707436561584,3.4485217337418206,0.03418042
77.24999994565586,0.9733620486761925,1.524899734032032,61,25,0.9545454545454546,196,35,374,83,2.4547921121120453,3.2916067989269138,0.055008255
77.29999994548415,0.7279451241520629,1.3653008898651964,55,24,0.9545454545454546,191,37,364,79,2.6030033826828003,3.332727005669307,0.08477718
77.34999994531243,0.893223523676826,1.320077628435532,52,21,0.9090909090909091,181,35,359,77,2.5674808025360107,3.2146257493884356,0.104714625
77.39999994514072,0.5377390721996831,1.3032554205825457,52,23,0.9545454545454546,188,37,360,76,2.6206257939338684,3.6726738620918375,0.069734365
77.44999994496901,0.8054402015332371,1.4330123478462278,58,24,0.9545454545454546,182,34,367,78,2.450692504644394,3.5461347580973612,0.05382373
77.4999999447973,0.9442738691874958,1.5712342807330266,53,22,0.9090909090909091,179,35,365,76,2.60839581489563,3.5633074880521054,0.04674433
77.54999994462558,1.1182238149595793,1.7175428473623546,57,22,0.9090909090909091,186,37,366,77,2.6730945706367493,4.517921656960544,0.051641863
77.59999994445387,0.9330198193789323,1.4271172546349498,63,24,0.9545454545454546,193,36,378,78,2.6787787675857544,4.331288986899846,0.039397955
77.64999994428216,1.1047557706898168,1.5645480909245404,55,24,0.9090909090909091,193,36,376,76,2.5176572799682617,3.200337053883855,0.05117254
77.69999994411044,0.8924972502679052,1.4106098743179993,61,24,0.9545454545454546,189,37,368,75,2.5481751561164856,3.631431240096159,0.075658664
77.74999994393873,0.9604974014691965,1.595126407923875,56,23,0.9545454545454546,191,34,370,80,2.702852785587311,3.4670287944097566,0.05333998
77.79999994376702,0.6778337929880209,1.4585801687331839,53,23,0.9545454545454546,181,35,368,79,2.619410455226898,3.214427573410026,0.040595595
77.84999994359531,0.7254124634070136,1.463561400823574,59,24,0.9545454545454546,192,35,365,78,2.5643914937973022,3.0921571914961365,0.050857514
77.8999999434236,0.9933616718232151,1.4447072740260456,56,22,0.9090909090909091,195,37,368,76,2.548239231109619,3.2412809491622774,0.06690174
77.94999994325188,0.8072419391008095,1.555590539969053,61,24,0.9545454545454546,191,36,359,78,2.6200661063194275,3.8481724884289914,0.049588114
77.99999994308017,1.0897902787270761,1.5851534691589282,53,20,0.7272727272727273,184,33,369,77,2.542884647846222,3.596149466534273,0.11431904
78.04999994290846,0.8760504656861505,1.4921285801991035,59,23,0.9090909090909091,186,37,370,78,2.5382229685783386,3.4762861646281262,0.13947879
78.09999994273674,0.8380413229947803,1.4972778673449663,52,22,0.9090909090909091,187,37,366,77,2.6260092854499817,3.8111755903909117,0.07751559
78.14999994256503,0.8748479351383375,1.5955912956316425,55,22,0.9545454545454546,190,35,369,79,2.568584680557251,3.6080001108594484,0.13114415
78.19999994239332,0.961779242163921,1.556735911794971,54,23,0.9090909090909091,194,36,365,77,2.575058341026306,3.6247130957098683,0.041008357
78.2499999422216,0.7614698488826499,1.475534629077802,57,21,0.9090909090909091,182,35,362,77,2.545180916786194,3.857752163839283,0.08344136
78.2999999420499,0.8991335033981414,1.477595324669927,63,23,0.9090909090909091,188,34,360,78,2.641090452671051,4.391718676090264,0.05906775
78.34999994187818,0.728839519979035,1.319617034128016,59,23,0.9545454545454546,194,39,372,76,2.6656952500343323,4.3331184345307605,0.01709679
78.39999994170647,0.9869364265077801,1.4795039949087587,61,22,0.9090909090909091,190,38,371,78,2.530892491340637,4.144938983616386,0.021015134
78.44999994153476,0.7481530397434797,1.1747885892993934,58,23,0.9545454545454546,189,37,358,76,2.5011926889419556,4.5763119749923575,0.04613387
78.49999994136304,0.7987698139563654,1.3827227095639703,59,23,0.8636363636363636,193,35,367,80,2.685421407222748,4.7308514335389695,0.07056885
78.54999994119133,0.7074592794283394,1.4353145767977646,60,24,0.9545454545454546,186,33,363,78,2.630968391895294,3.8805898692848118,0.057498783
78.59999994101962,1.0900845099987178,1.4195568674810368,57,23,0.8636363636363636,183,35,363,77,2.5483086705207825,3.2127555402142782,0.08801925
78.6499999408479,0.5961026197518944,1.2447044473136675,61,23,0.9090909090909091,184,36,364,84,2.499416172504425,3.8890608635072965,0.07733784
78.6999999406762,0.755969124840635,1.3871788739856659,63,23,0.8636363636363636,184,35,362,75,2.4537785351276398,3.9965031221463043,0.04415992
78.74999994050448,0.7678210143876365,1.3606630780084163,62,23,0.9090909090909091,188,35,378,77,2.5321444869041443,3.7670788284155954,0.054347668
78.79999994033277,0.48757135715227057,1.2281883121710009,54,23,0.9090909090909091,186,35,366,79,2.48788982629776,3.9855072972061656,0.043852597
78.84999994016106,0.6772185063305267,1.3318875007394242,47,20,0.9090909090909091,188,36,367,80,2.5015178322792053,4.409627502844655,0.09165218
78.89999993998934,0.8625463862404602,1.3565482946108034,58,24,0.8636363636363636,186,37,376,78,2.537871301174164,3.9537196867890945,0.034724638
78.94999993981763,0.6743466510563363,1.455261203921634,50,22,0.9545454545454546,190,37,376,79,2.639170289039612,4.46467327692134,0.051326133
78.99999993964592,0.8407996606182007,1.4646706753415288,60,21,0.9090909090909091,195,38,367,78,2.502737045288086,4.349525311690128,0.039578557
79.0499999394742,0.7629362179460777,1.4862989864198335,60,23,0.9545454545454546,187,38,364,78,2.7291035652160645,4.677313658352489,0.039408132
79.09999993930249,0.6612520988132992,1.2840904237264934,58,25,0.9545454545454546,185,36,365,78,2.5191181898117065,4.322874589537875,0.06318654
79.14999993913078,0.744332545458988,1.343252364298172,51,21,0.9090909090909091,183,35,360,76,2.667522430419922,4.139743033472145,0.07945061
79.19999993895907,0.6000943345504312,1.3553278836379907,52,23,0.9545454545454546,193,37,369,78,2.4866020679473877,4.604746905265165,0.058893662
79.24999993878735,0.8944966151452799,1.3895360745862235,60,24,0.9090909090909091,194,37,376,79,2.610331177711487,4.19909201737144,0.0790688
79.29999993861564,0.6836796003474257,1.2972659995484184,49,20,0.8181818181818182,189,36,358,73,2.633007764816284,4.521642857029642,0.09630933
79.34999993844393,0.7635541755057802,1.288134665381323,67,23,0.9090909090909091,198,38,374,81,2.6349684596061707,5.063986995979208,0.017510246
79.39999993827222,0.8112790708653168,1.4290442584597045,57,22,0.8636363636363636,190,37,363,75,2.6386192440986633,4.090282116648272,0.05298479
79.4499999381005,0.6907239682002942,1.3604646411713839,49,21,0.9090909090909091,187,36,374,77,2.508748173713684,4.067909759628474,0.06154195
79.49999993792879,0.42954661644383973,1.1778942480219454,53,22,0.8636363636363636,186,37,360,76,2.503594160079956,3.9070871314002265,0.09044069
79.54999993775708,0.9341449423194305,1.481615090866053,57,24,0.9090909090909091,186,36,369,78,2.588425874710083,4.149952454873844,0.036511377
79.59999993758537,0.59200279987572,1.2768619820645593,58,22,0.9090909090909091,188,36,378,79,2.543388307094574,4.206434462311437,0.036987644
79.64999993741365,0.8358398034177407,1.3233165340847775,56,22,0.9090909090909091,192,38,364,77,2.632627487182617,4.446781924228276,0.056123763
79.69999993724194,0.9009730012914098,1.4928914898931531,58,21,0.8181818181818182,190,36,374,81,2.525123655796051,4.280852794482994,0.07007186
79.74999993707023,0.6737988128407122,1.247465934711069,56,23,0.9545454545454546,190,38,378,79,2.536940276622772,4.0226650820327325,0.033958886
79.79999993689852,0.570115312085567,1.2677469428421189,58,22,0.9090909090909091,191,38,375,80,2.5529980659484863,4.053662045992352,0.06223491
79.8499999367268,0.2662016613847757,1.1332438366173334,57,23,0.8636363636363636,185,37,368,78,2.6838627457618713,4.344898074191015,0.039948963
79.89999993655509,0.5544202748032101,1.445833384625324,55,22,0.9090909090909091,182,36,370,77,2.666257619857788,4.7282724585937785,0.06709542
79.94999993638338,0.6025962473587226,1.4368023063889332,54,22,0.8636363636363636,189,37,358,78,2.5459256768226624,4.584413815711494,0.022367217
79.99999993621167,0.4970078958037893,1.2097264222371171,59,21,0.8636363636363636,191,35,362,77,2.7082887291908264,5.048144152536418,0.05716552
80.04999993603995,0.4935813638888751,1.2312455923928998,60,23,0.9090909090909091,194,37,364,76,2.454262673854828,4.386077866051226,0.058198046
80.09999993586824,0.48280602761773306,1.1585902293671495,51,21,0.8636363636363636,185,37,375,77,2.5562870502471924,4.327065644264376,0.070320375
80.14999993569653,1.0046109759582271,1.5080085354701493,56,24,0.9090909090909091,183,35,368,78,2.7951109409332275,4.458061675810097,0.04029745
80.19999993552481,0.5346048047025,1.2772391353432364,58,22,0.8636363636363636,183,34,353,76,2.5111359357833862,4.573571972996948,0.04608748
80.2499999353531,0.6118546890430155,1.0770557702002062,56,22,0.9090909090909091,186,35,366,79,2.5965452194213867,4.024881249661965,0.021362372
80.29999993518139,0.4541857398147625,1.2976475648292443,62,24,0.9545454545454546,191,37,367,79,2.476276606321335,4.7330820178359545,0.04813455
80.34999993500968,0.6741123700953668,1.4230821539295877,56,24,0.8636363636363636,182,35,372,77,2.5203174352645874,4.433193170544234,0.059767596
80.39999993483796,0.7415231954527606,1.3611531912828103,57,23,0.9090909090909091,192,36,365,75,2.6182273030281067,4.534571057899823,0.02073876
80.44999993466625,0.41815349760656145,1.1856243635509776,53,21,0.8636363636363636,186,35,362,76,2.58221298456192,5.1093946451809025,0.09293173
80.49999993449454,0.6484505768009806,1.268087596261556,53,23,0.8636363636363636,187,36,365,77,2.608671188354492,5.049045136802448,0.05331157
80.54999993432283,0.5588370603923342,1.317885842526936,52,21,0.9090909090909091,193,38,362,74,2.4754394590854645,5.514558640717597,0.039293513
80.59999993415111,0.47297021590594185,1.1913944268799064,57,23,0.9090909090909091,183,36,354,74,2.5523504614830017,5.555208613203959,0.07026334
80.6499999339794,0.5957223130360293,1.4175793044484688,52,22,0.8636363636363636,180,34,352,76,2.4536627531051636,5.678649511429894,0.08357312
80.69999993380769,0.6391491540314835,1.1846851190508576,51,21,0.8181818181818182,177,35,356,74,2.5987571477890015,5.446942730934667,0.07873729
80.74999993363598,0.4261462001541485,1.3809935748389441,55,22,0.9090909090909091,181,33,361,79,2.5904083251953125,5.788009626607273,0.046929993
80.79999993346426,0.8896758351162508,1.3236434218529811,54,22,0.9545454545454546,195,37,380,79,2.5301888585090637,5.180245552711105,0.058214076
80.84999993329255,0.7684533353528371,1.2958879347620453,58,22,0.9090909090909091,192,36,369,77,2.547593414783478,5.239381768336653,0.03567365
80.89999993312084,0.8859393287286843,1.274238958080705,58,21,0.8636363636363636,191,35,371,76,2.671656012535095,4.511010454100193,0.037653
80.94999993294913,0.8351066330998322,1.6389065047280789,54,20,0.8181818181818182,179,34,356,76,2.641787827014923,4.933671817338672,0.06271849
80.99999993277741,0.5805952705127435,1.475477884119127,55,21,0.9090909090909091,181,36,360,76,2.601560354232788,4.993683212244608,0.066083096
81.0499999326057,0.40808090467499125,1.0843961949636842,50,21,0.8181818181818182,187,37,368,79,2.496667057275772,4.63651127728788,0.08786656
81.09999993243399,0.42148286570776566,1.332347866803087,58,23,0.9090909090909091,185,37,360,75,2.4773740768432617,5.091346229018132,0.08134399
81.14999993226228,0.4587387613134676,1.2271561867678369,55,24,0.9545454545454546,192,36,360,77,2.5793012976646423,4.915565895033849,0.10681158
81.19999993209056,0.6538390435397636,1.401524920018774,54,22,0.9090909090909091,187,35,363,76,2.4699492752552032,4.850978324033504,0.06711766
81.24999993191885,0.5333572908206509,1.1536450198255528,51,21,0.8636363636363636,187,37,361,75,2.5748643279075623,4.60863117521864,0.077906415
81.29999993174714,0.4676799220523175,1.1357954235605014,55,23,0.9090909090909091,185,36,360,74,2.6193299889564514,4.553138897313822,0.06861378
81.34999993157543,0.5645224496852395,1.2556580289292443,55,24,0.9545454545454546,189,36,365,76,2.6208066940307617,4.5308082563800145,0.12129785
81.39999993140371,0.9461814520560583,1.596128439091176,50,22,0.8636363636363636,186,34,358,72,2.4989382922649384,4.689616654035591,0.13521993
81.449999931232,0.6341976961329869,1.3005421389288943,53,21,0.8636363636363636,180,35,356,73,2.461131364107132,4.1911314842765,0.06369574
81.49999993106029,0.8148659652969632,1.5687979825184986,51,23,0.9090909090909091,187,34,364,78,2.5625860691070557,4.494613193672796,0.109048076
81.54999993088857,0.5232623704910786,1.2200743655579798,57,23,0.8636363636363636,187,37,363,76,2.5394976139068604,4.221121080800652,0.07960295
81.59999993071686,0.6116820968384523,1.31648810028519,55,21,0.9090909090909091,197,39,371,78,2.6108548045158386,3.903295144409391,0.033480473
81.64999993054515,0.29041888319554154,1.2443900067920783,54,22,0.9545454545454546,185,36,366,79,2.445705085992813,4.215104625817023,0.058574013
81.69999993037344,0.4634194440394894,1.2273368991111675,54,23,0.8636363636363636,193,38,367,77,2.608611583709717,3.994195860774834,0.09008409
81.74999993020172,0.3980693794552804,1.3208913535422866,54,22,0.9090909090909091,185,35,359,75,2.5300809741020203,4.061839971028691,0.057479836
81.79999993003001,0.5573463542656765,1.379325778208523,50,22,0.9090909090909091,184,35,361,74,2.5167354941368103,3.8268175643159985,0.074475095
81.8499999298583,0.5192870186764101,1.193598564265172,52,20,0.8636363636363636,185,37,367,78,2.609485387802124,3.7630722230987423,0.102058336
81.89999992968659,0.4487500397677646,1.3004409744346688,53,22,0.8636363636363636,183,34,357,75,2.729642689228058,4.573681076527691,0.07602534
81.94999992951487,0.6473207723411409,1.5510807784663556,56,23,0.9090909090909091,189,37,355,73,2.6353466510772705,3.982901815627269,0.033925097
81.99999992934316,0.7702703265618814,1.2108770167990297,58,24,0.9090909090909091,193,36,370,78,2.767331898212433,4.353719643936511,0.060886502
82.04999992917145,1.0106122018394665,1.431950666140808,56,24,0.9545454545454546,184,35,371,78,2.567639648914337,4.186481635464405,0.06799658
82.09999992899974,0.7787483134274846,1.0781795320938112,55,21,0.9090909090909091,174,34,366,76,2.768694758415222,4.22739883657969,0.15199664
82.14999992882802,0.49994846683242555,1.2338465505634357,57,24,0.9090909090909091,185,33,363,79,2.568495273590088,4.666511340199957,0.097642034
82.19999992865631,0.3576112171288465,1.1927487748100207,56,24,0.9090909090909091,186,37,359,76,2.617984712123871,4.680395542105318,0.04413906
82.2499999284846,0.6293325754799104,1.288651960067762,57,25,0.9545454545454546,188,36,355,78,2.619132101535797,4.409330208343576,0.09465514
82.29999992831289,0.5113370276027581,1.2197595622424882,55,23,0.9090909090909091,185,35,361,78,2.5774267315864563,3.865738272771244,0.049972452
82.34999992814117,0.4242651908423033,1.3669523304610336,57,23,0.9090909090909091,186,36,355,76,2.4254192411899567,3.8162989959927174,0.021933919
82.39999992796946,0.7402477705827311,1.4110963925954703,60,24,0.9090909090909091,190,35,376,81,2.726355791091919,3.773162864848665,0.028562494
82.44999992779775,0.7972011914540551,1.2172608843749708,50,21,0.8636363636363636,182,37,353,75,2.617458403110504,3.7841275177477662,0.09831772
82.49999992762604,0.5340224770238855,1.273045131791638,60,22,0.8636363636363636,195,40,361,77,2.533333897590637,4.477164668934899,0.09236319
82.54999992745432,0.5532682852608118,1.1473648209856537,50,21,0.9090909090909091,184,33,352,74,2.5925466418266296,4.132907801188965,0.17801805
82.5999999272826,0.833419916293524,1.3270662242852158,43,19,0.7727272727272727,174,35,343,73,2.64154314994812,4.453998864162871,0.19348812
82.6499999271109,0.5977901397005465,1.2975085953736667,55,23,0.9090909090909091,182,34,356,77,2.680348753929138,4.341342097879828,0.22340512
82.69999992693919,0.6072266069079072,1.1308605470830135,49,20,0.8181818181818182,188,38,357,74,2.566865384578705,4.608208399918219,0.14033791
82.74999992676749,0.858888073612619,1.4598949239166572,52,22,0.9545454545454546,182,35,357,77,2.472793757915497,4.782173875974012,0.066154025
82.79999992659576,1.008510328420301,1.4701249493495008,54,24,0.9545454545454546,194,37,371,82,2.528751492500305,4.37538626231043,0.02753882
82.84999992642405,0.8390263547457523,1.4981803596805428,59,25,0.9545454545454546,187,37,364,78,2.5258097052574158,4.0183665216357145,0.0459582
82.89999992625232,0.6179805098880952,1.3680631374943955,56,22,0.9090909090909091,188,37,359,78,2.5753846764564514,4.036753530303319,0.051454157
82.94999992608062,0.7752575354601227,1.2680106162920326,54,21,0.8636363636363636,190,36,369,78,2.646815776824951,3.913197712229337,0.042224888
82.99999992590892,0.8856424778622267,1.4630565079150464,60,25,0.9545454545454546,190,38,360,78,2.594928741455078,4.466697677867328,0.034263518
83.0499999257372,0.6961043504643484,1.4864111146509653,54,23,0.8636363636363636,192,36,373,78,2.5179198384284973,4.312569725367759,0.07142998
83.09999992556548,0.6027225814254846,1.1921378683643313,60,22,0.9090909090909091,188,36,360,77,2.7204295992851257,4.212258882318833,0.039130397
83.14999992539376,0.644971723626906,1.390226687812512,56,22,0.9090909090909091,188,36,359,76,2.622547149658203,4.325230730196443,0.055553045
83.19999992522206,0.6129050988483601,1.2255784078089218,60,23,0.9090909090909091,189,37,363,76,2.6437214016914368,4.241873102270057,0.07898338
83.24999992505036,0.8491962851568151,1.4466163324863215,58,24,0.9545454545454546,193,38,377,77,2.657671868801117,4.534414146736312,0.032357942
83.29999992487865,0.87665003407501,1.3366336028669914,58,25,0.9545454545454546,195,39,379,80,2.619466483592987,3.88874177829722,0.04152751
83.34999992470692,0.7621037560553223,1.3423888428561217,53,22,0.8636363636363636,187,35,365,77,2.618936598300934,3.6496369530761097,0.07699439
83.3999999245352,0.780749065205867,1.4498094698115447,54,21,0.9090909090909091,192,35,358,78,2.6361623406410217,4.530221150702651,0.034155942
83.44999992436348,0.7921532268893798,1.3577583317594377,52,23,0.9090909090909091,193,36,370,81,2.5822582840919495,4.361049909991825,0.0579672
83.49999992419178,0.7674153655515993,1.2832377106127142,55,22,0.8636363636363636,192,35,359,74,2.5778821110725403,4.146770373907316,0.06021446
83.54999992402009,1.0119997368596796,1.4046516658274457,57,22,0.8636363636363636,191,39,370,77,2.584967017173767,3.9743519216108236,0.03157797
83.59999992384836,0.6731264025004856,1.3642980130852806,58,22,0.9545454545454546,181,34,368,79,2.5883132219314575,4.396094112491253,0.12631568
83.64999992367665,0.8269833374811252,1.4756963833169,56,24,0.9090909090909091,188,36,373,80,2.6011112332344055,4.014442167935748,0.05660486
83.69999992350492,0.9536947958865204,1.486056475604975,55,23,0.9090909090909091,194,37,365,77,2.5968992710113525,4.270378701887898,0.09723978
83.74999992333322,0.7763800545598463,1.4417560836077834,57,23,0.8181818181818182,188,35,358,76,2.460256963968277,4.7203558911716925,0.06519438
83.79999992316152,1.026398860392781,1.455604756688598,57,23,0.9090909090909091,188,37,365,80,2.551584243774414,4.825643695946269,0.06064023
83.8499999229898,0.7350366353294367,1.3600123334559662,56,21,0.8636363636363636,187,35,358,76,2.6082712411880493,4.898010165508797,0.097098276
83.89999992281808,1.0755870900599396,1.6012633891725547,59,23,0.9090909090909091,189,33,354,74,2.6199355721473694,4.4259343872623,0.06080006
83.94999992264636,0.9039088757125081,1.4884941066826998,50,21,0.9545454545454546,189,37,379,79,2.5539031624794006,4.651792376418218,0.0807027
83.99999992247466,0.75239695955319,1.3657632992060131,49,23,0.9545454545454546,180,35,358,77,2.798353433609009,4.232787220617631,0.082436904
84.04999992230294,0.9680690950253314,1.4236399214289408,52,22,0.9090909090909091,190,36,358,76,2.5494596362113953,4.191128666400585,0.06386735
84.09999992213125,0.45418387078725925,1.2965948476332287,49,22,0.8636363636363636,187,35,363,79,2.5228500366210938,4.343524946521562,0.044185348
84.14999992195952,0.6454943833241912,1.3401232426295606,50,24,0.9090909090909091,189,35,355,75,2.586606740951538,4.840610775789456,0.044961117
84.1999999217878,0.5846202958992723,1.241754330527252,53,24,0.9545454545454546,186,35,362,78,2.469310313463211,4.9169549447888095,0.06255313
84.24999992161608,0.5824186264892424,1.3656043908263147,51,21,0.9545454545454546,191,38,360,77,2.5618264079093933,5.678871327293429,0.12809095
84.29999992144438,0.6955184228274471,1.1465496324407827,50,23,0.9545454545454546,182,34,369,78,2.6576781272888184,4.950845940863484,0.14710765
84.34999992127268,0.603435045846317,1.30802681318368,53,23,0.9545454545454546,186,33,360,75,2.631974518299103,4.716752752391971,0.14186317
84.39999992110096,0.8421237135588353,1.4143479656620694,50,21,0.9090909090909091,187,37,361,77,2.7296122908592224,4.564153330038767,0.04261298
84.44999992092924,0.6449413952357632,1.3025302333275912,51,23,0.9090909090909091,188,37,355,75,2.5464698672294617,3.7643271791828514,0.09306228
84.49999992075752,0.7171402616634538,1.4423673291298345,57,23,0.9090909090909091,180,35,351,75,2.5819510221481323,4.428677444682991,0.0955907
84.54999992058582,0.8778767063139027,1.3779117332185615,56,21,0.9090909090909091,190,35,376,80,2.665559947490692,4.272841312774034,0.05942265
84.59999992041412,0.4255128659239887,1.2955211295701516,53,21,0.8181818181818182,187,36,366,80,2.6625367999076843,4.571408921004654,0.08327477
84.64999992024241,0.5759280364951477,1.3167407497706698,51,21,0.9090909090909091,183,35,348,74,2.557651698589325,4.662124022344614,0.10162845
84.69999992007068,0.6602793456273204,1.3785926061143352,59,23,0.9545454545454546,190,37,361,76,2.509302794933319,4.870667277644056,0.09122572
84.74999991989897,0.4479522387576266,1.2582274226969563,52,21,0.8636363636363636,187,36,363,75,2.5451689958572388,5.4450593243810275,0.10702054
84.79999991972726,0.5261383602397842,1.3799689631793022,57,23,0.9545454545454546,188,36,363,81,2.5403442978858948,5.736731061156775,0.1250176
84.84999991955554,0.8354975863008784,1.2862012660638065,52,22,0.9545454545454546,187,35,362,76,2.55886971950531,4.673662012448485,0.10112561
84.89999991938384,0.7876441445063034,1.2799491338851035,56,21,0.9090909090909091,188,38,365,77,2.5308063626289368,4.624424879208782,0.0885395
84.94999991921212,0.6542102159354457,1.4735316761330488,49,21,0.9090909090909091,183,35,358,78,2.7273932099342346,5.0960906578575305,0.11770862
84.9999999190404,0.7093381791873834,1.335862288485722,55,25,0.9545454545454546,188,36,377,81,2.4255602061748505,5.047326878859462,0.03445165
85.04999991886868,0.6249045495645897,1.390294067862938,52,22,0.9545454545454546,185,35,352,78,2.682846784591675,5.296054146125755,0.10141227
85.09999991869698,0.4950521108337886,1.3916920266173096,56,22,0.9545454545454546,188,36,363,78,2.611651122570038,5.159422983758271,0.08296613
85.14999991852527,0.926152111307449,1.6122128150281507,52,21,0.9090909090909091,189,36,356,77,2.500843107700348,4.765441425284367,0.066403136
85.19999991835356,0.5638818031802468,1.4195579712831723,63,22,0.9090909090909091,189,39,356,78,2.5520899891853333,5.408038445762964,0.10447404
85.24999991818184,0.8336420043721666,1.4522124665944693,60,22,0.9090909090909091,183,34,371,75,2.627404034137726,5.013502458556562,0.094441876
85.29999991801012,0.7045689545301775,1.3590767678113154,55,22,0.9545454545454546,182,38,369,78,2.521427869796753,4.566004549598466,0.10802218
85.34999991783842,0.7849005827839438,1.4011002019002565,56,23,0.9545454545454546,189,35,365,80,2.519068419933319,4.296152083552345,0.04540947
85.3999999176667,0.617389847367543,1.33099139617709,53,22,0.9545454545454546,189,37,367,79,2.5818395614624023,4.386487805837289,0.058937006
85.449999917495,0.8591603107926981,1.2855953164644585,46,22,0.9545454545454546,191,36,374,81,2.5820380449295044,4.475899698088863,0.06894207
85.49999991732328,0.862345463981649,1.4315361475546864,62,24,0.9545454545454546,188,36,367,78,2.5047439336776733,4.669352818851991,0.07673785
85.54999991715157,0.8242686554187517,1.3824689445589349,56,24,0.9545454545454546,194,37,366,80,2.5678718090057373,4.480635215624291,0.06251073
85.59999991697985,0.6894349533340262,1.320504114017439,63,23,0.9545454545454546,196,37,374,80,2.6950958371162415,4.511427065094065,0.068152644
85.64999991680814,0.9071117521252741,1.3956811408201206,63,23,0.9545454545454546,199,38,377,84,2.533702850341797,4.07812405756375,0.0642663
85.69999991663644,0.8326275975643854,1.386804061812278,58,23,0.9545454545454546,194,35,358,77,2.5656673312187195,4.218572457865681,0.09148999
85.74999991646472,0.8812128320557755,1.5341356015436065,57,22,0.9090909090909091,193,37,366,80,2.6182138919830322,4.097630703390367,0.06328892
85.799999916293,0.7531734604284951,1.3912661114704457,56,23,1.0,195,38,363,77,2.665611207485199,4.191460570424841,0.073290795
85.84999991612128,0.6376053673140776,1.4041135943307912,53,22,0.9090909090909091,189,36,365,76,2.7093088626861572,4.51125032325594,0.096057475
85.89999991594958,0.9379020048774546,1.4353128227962269,59,24,0.9545454545454546,198,39,375,82,2.6714348793029785,4.66761997470007,0.07073432
85.94999991577787,1.1099356506808835,1.5997505708578228,55,21,0.8636363636363636,194,35,368,78,2.611285448074341,4.838844584846873,0.06369584
85.99999991560617,0.8646247176590265,1.4320709887257455,53,22,0.9090909090909091,192,37,358,79,2.6462632417678833,5.46309860342058,0.093399376
86.04999991543444,0.722694626854059,1.2917170410245404,48,21,0.9090909090909091,184,35,358,77,2.6169657707214355,5.372348626146177,0.10029743
86.09999991526273,0.4333514291328375,1.3186513300001004,55,23,0.9090909090909091,183,36,357,79,2.627456784248352,5.2082259468161585,0.0941174
86.149999915091,0.6856707949556656,1.3423314463869531,57,23,0.9090909090909091,182,35,366,80,2.563454508781433,4.941229798903857,0.06701796
86.1999999149193,0.7142927840963931,1.388502028629801,59,21,0.8636363636363636,184,35,345,76,2.6528018712997437,6.006873131490655,0.06580333
86.2499999147476,0.6992365547634689,1.5053596726332708,58,22,0.8636363636363636,187,33,365,79,2.4354732036590576,4.865596243259276,0.13728529
86.29999991457588,0.6810044302753314,1.3837240410902216,60,24,0.9545454545454546,187,36,357,79,2.6416200399398804,5.558808095091576,0.08035688
86.34999991440417,0.6213574635307682,1.389477816043807,56,21,0.9090909090909091,185,33,361,77,2.5397896766662598,5.352991698561649,0.121367075
86.39999991423244,0.6768404939256535,1.3867482935059745,59,23,0.9545454545454546,187,36,370,80,2.5293144583702087,5.631008305144318,0.03853885
86.44999991406074,0.4809228008921733,1.1196658785761742,54,24,0.9545454545454546,183,34,363,79,2.509305477142334,4.67850878690089,0.06532366
86.49999991388904,0.7416153392335955,1.1980698351057415,55,22,0.8636363636363636,192,38,367,79,2.544355094432831,3.832652497461586,0.08078932
86.54999991371731,0.6131949508313849,1.1268082580956544,52,24,0.9090909090909091,185,35,359,79,2.495291978120804,4.078655474197932,0.08954275
86.5999999135456,0.63478531051797,1.3966697964300314,59,23,0.9545454545454546,186,36,360,78,2.5614267587661743,4.865785934905746,0.038767934
86.64999991337388,0.7338833024285503,1.4929913720154475,55,24,0.9545454545454546,188,35,367,79,2.543608248233795,4.746019820077976,0.032115698
86.69999991320218,0.9008984300568779,1.4017495479140014,59,21,0.8636363636363636,187,34,363,77,2.5841528177261353,3.801878916970187,0.05571755
86.74999991303046,0.5814910216743923,1.3376441753921973,56,23,0.9090909090909091,190,36,372,79,2.61793851852417,3.800562242942771,0.059101943
86.79999991285877,0.9627150607538457,1.4636409465633415,55,23,0.9545454545454546,186,37,373,81,2.5281044840812683,3.9047880104008925,0.047369454
86.84999991268704,0.926000377264794,1.4454738617460063,65,25,1.0,201,38,382,80,2.5675392150878906,3.9178911669998495,0.03791263
86.89999991251533,0.6843469196685391,1.5964649011829568,56,24,0.9545454545454546,192,37,376,81,2.554880380630493,4.304141024396051,0.01988047
86.9499999123436,0.913642194364112,1.4858845562922203,61,24,0.9090909090909091,188,36,362,79,2.6048028469085693,4.2582751398344865,0.02659927
86.9999999121719,0.5574371042656638,1.4990411598511506,56,24,0.9545454545454546,189,35,364,80,2.6156607270240784,4.661795026034632,0.045507945
87.0499999120002,0.5949817435968108,1.4241393119845278,53,23,0.9090909090909091,186,35,351,80,2.6892614364624023,4.712570880066034,0.09140767
87.09999991182848,0.6251648964175543,1.3815851494030083,53,23,0.9090909090909091,189,36,364,80,2.504870295524597,4.665968433630363,0.046767127
87.14999991165676,0.7293051391193578,1.411753876606194,55,23,0.9545454545454546,187,38,365,76,2.703864276409149,4.505127711417387,0.05755801
87.19999991148504,0.6370077201871144,1.2489308905507608,59,25,0.9545454545454546,191,34,374,80,2.694348692893982,4.12159289668506,0.0679871
87.24999991131334,0.7566647261522703,1.6378277141386843,69,24,0.9545454545454546,191,37,374,76,2.505353093147278,4.277525257313712,0.07525401
87.29999991114163,0.5764277086528178,1.3685449984118994,55,21,0.8636363636363636,183,35,358,78,2.441897541284561,4.225402584762712,0.0540431
87.34999991096993,0.6708641826468866,1.2932529828414978,53,23,0.8636363636363636,188,34,355,76,2.6259180903434753,4.138831179466749,0.09476797
87.3999999107982,0.673346630309958,1.3885391791524597,58,22,0.8636363636363636,183,35,374,78,2.5956538319587708,4.109308433873569,0.08071542
87.44999991062649,0.6575829103029345,1.4345145065631488,56,21,0.8636363636363636,185,35,372,77,2.5180116295814514,3.93469649081454,0.07128834
87.49999991045476,0.640160657703363,1.274842200808527,59,23,0.9090909090909091,185,35,368,80,2.552741765975952,3.7994736582300437,0.053524047
87.54999991028306,0.6237315419112822,1.39964286306006,60,23,0.9090909090909091,184,36,352,76,2.604900598526001,3.265276901001597,0.04666074
87.59999991011136,0.6296309602982063,1.4379292712048442,55,23,0.9545454545454546,180,36,354,78,2.479352056980133,4.008175625435753,0.08695917
87.64999990993964,0.5837732726770396,1.2573055373094657,53,23,0.9090909090909091,185,37,363,79,2.4329373240470886,4.280117129875727,0.084159315
87.69999990976793,0.580351035024937,1.3614014790356557,46,21,0.9545454545454546,180,35,347,76,2.5300756096839905,3.5806677021077515,0.097037464
87.7499999095962,1.0110012978800809,1.5245700340903094,52,22,0.9090909090909091,188,36,364,77,2.6114296913146973,3.959764011845026,0.045686595
87.7999999094245,0.8068195892345648,1.341040718024954,56,23,0.9545454545454546,192,38,362,77,2.600928843021393,4.27152276798946,0.031565998
87.8499999092528,0.8333815141371571,1.388104699917347,56,21,0.9090909090909091,192,36,360,77,2.440311163663864,3.8024418845571795,0.06724474
87.89999990908107,0.5703540317926835,1.4220012571590694,54,21,0.9090909090909091,189,36,367,82,2.558721899986267,3.9944381035008725,0.058822285
87.94999990890936,0.9565663197241194,1.5111664468758295,54,22,0.9545454545454546,188,36,368,79,2.5650155544281006,3.915380182524393,0.035123013
87.99999990873764,1.0046213378142568,1.5868016735982817,64,23,0.9545454545454546,194,36,379,81,2.608748972415924,3.7953788648970566,0.06496007
88.04999990856594,1.0145515565696384,1.5945627905377662,58,21,0.8636363636363636,190,36,361,77,2.616855502128601,4.19931209671228,0.0477572
88.09999990839422,0.8821420734837944,1.504727325476919,57,22,0.9090909090909091,185,35,362,77,2.636011242866516,3.812602613996434,0.041551888
88.14999990822253,0.8308583635137075,1.5133751345172521,63,23,0.9090909090909091,185,35,367,80,2.4967268109321594,4.861506534620688,0.035715774
88.1999999080508,0.9132048127500763,1.5754467596154158,54,21,0.9090909090909091,192,35,368,79,2.6067396998405457,4.708912861785874,0.029651545
88.24999990787909,0.6594114888883528,1.435908551354219,57,23,0.9545454545454546,189,36,366,81,2.6655158400535583,4.5542969320457605,0.03825014
88.29999990770736,0.8999505521411921,1.6735105810360333,58,24,0.9545454545454546,189,37,368,78,2.587350904941559,5.095344477439578,0.05340095
88.34999990753566,0.49398845654990564,1.1744966636335972,58,23,0.9090909090909091,190,37,373,79,2.585853338241577,4.966161299593361,0.05462032
88.39999990736396,0.4997588798313513,1.294301101840695,61,24,0.9545454545454546,187,37,372,77,2.513253390789032,4.39909788079345,0.020307785
88.44999990719224,0.5177831359203731,1.4031271799736569,42,20,0.9090909090909091,187,36,369,77,2.4521034955978394,4.945761096047443,0.124040075
88.49999990702052,0.7579498645386378,1.3770492230999296,53,24,0.9545454545454546,188,35,370,83,2.5505656003952026,5.0962025659653865,0.03569679
88.5499999068488,0.8556342797721677,1.5692297272125164,51,22,0.9090909090909091,183,34,352,76,2.5534838438034058,4.758335124474993,0.058494434
88.5999999066771,0.7167803314647421,1.4850336927422516,55,24,0.9545454545454546,192,35,378,80,2.501429319381714,5.032218167059153,0.05895382
88.64999990650539,0.7674085673018225,1.3579897814716748,60,23,0.9090909090909091,186,34,367,78,2.6372376084327698,5.2658315248511744,0.022882465
88.69999990633369,0.9141265165062711,1.6536378289314302,58,23,0.9090909090909091,192,35,362,78,2.6236432790756226,5.5036409658890495,0.0789614
88.74999990616196,0.832539394955383,1.4386216372875111,55,22,0.9545454545454546,187,36,365,82,2.5546595454216003,5.583405962737391,0.059428725
88.79999990599025,0.7462920720156879,1.4716287524421312,58,22,0.9090909090909091,188,36,373,80,2.6300913095474243,5.215424680697582,0.041039422
88.84999990581852,0.975804248629995,1.5687320826799254,54,24,0.9545454545454546,194,37,366,80,2.6041948795318604,4.673188464946119,0.05184994
88.89999990564682,0.6070087615281193,1.3506061768927788,56,22,0.9090909090909091,190,34,372,79,2.544596493244171,5.282420920194353,0.039954253
88.94999990547512,1.0146970938307545,1.6106327905483575,52,22,0.9090909090909091,191,35,368,80,2.649182081222534,5.108166073251663,0.040408317
88.9999999053034,0.7943583195202844,1.3521424770798232,59,25,0.9090909090909091,189,36,372,81,2.6728686690330505,5.154933128762957,0.06596662
89.04999990513168,0.6030760203319687,1.1470644113723167,59,22,0.9090909090909091,187,36,363,77,2.5671663880348206,4.837457847319913,0.05234149
89.09999990495996,1.0327248362978665,1.6093070899156112,55,22,0.9090909090909091,191,37,373,81,2.4871592223644257,5.122319470969119,0.050860602
89.14999990478826,0.8636777186077205,1.4586000807790627,53,23,0.9090909090909091,185,35,352,74,2.5863754749298096,5.139275407240458,0.05316722
89.19999990461656,0.4171594893858894,1.2294982486837682,63,24,0.9545454545454546,194,37,372,78,2.6768502593040466,5.0180437646142995,0.039024886
89.24999990444483,0.9334199087520263,1.5877828941230558,60,25,0.9545454545454546,190,35,377,80,2.591317296028137,4.507612543877402,0.072473824
89.29999990427312,0.8250997832944489,1.4636331194369456,61,22,0.8636363636363636,188,34,370,78,2.4416667222976685,4.504059845401649,0.039504044
89.3499999041014,0.9113499217108324,1.3795436879685787,57,20,0.8181818181818182,188,37,374,79,2.5769859552383423,4.646599544018422,0.06604968
89.3999999039297,0.7879005942368162,1.3781252983072125,61,24,0.9090909090909091,187,38,365,77,2.6305431127548218,4.9228223265717475,0.020999663
89.44999990375798,0.7276283001252499,1.2918764207871787,55,21,0.8636363636363636,191,37,364,77,2.6278844475746155,4.7271906158040355,0.039270613
89.49999990358629,0.6906848161817289,1.3468819370683587,55,25,0.9545454545454546,185,37,363,77,2.6919668912887573,4.497576283775784,0.038124956
89.54999990341456,0.5356764895925324,1.2890484785229803,57,23,0.9090909090909091,180,35,365,79,2.5837603211402893,4.971317616483777,0.044971477
89.59999990324285,0.726503498014565,1.508793540363942,58,24,0.9090909090909091,193,37,371,80,2.526410222053528,4.734904695143474,0.019465886
89.64999990307112,0.6243445157573189,1.4428707207804525,54,23,0.9090909090909091,187,36,358,73,2.561548948287964,4.938485715674412,0.0771209
89.69999990289942,0.6912080440163854,1.4087461590780956,57,22,0.9090909090909091,187,35,373,82,2.474507987499237,4.99463075206628,0.05858395
89.74999990272772,0.7563378158758229,1.467377941917384,61,24,0.9545454545454546,187,36,385,78,2.729625403881073,3.9447258313758216,0.04234465
89.799999902556,0.9365374393224484,1.5886237690667566,52,22,0.8636363636363636,188,36,350,75,2.5487852096557617,4.611531613494355,0.05293091
89.84999990238428,0.7937153101275818,1.328312591027999,55,21,0.9090909090909091,192,35,361,74,2.5280335545539856,4.480988653831792,0.03212697
89.89999990221256,0.6426236110694589,1.094423702217421,53,21,0.9090909090909091,180,34,366,75,2.432764917612076,4.451784655587456,0.034092646
89.94999990204086,0.6403741389480129,1.2488411700418127,61,23,0.9545454545454546,190,38,368,78,2.6569297909736633,4.722092728660128,0.029423926
89.99999990186915,0.9751273247525415,1.5513317847328192,62,25,0.9545454545454546,191,37,373,79,2.657923698425293,4.436260065738011,0.01653216
90.04999990169745,0.9219722008163136,1.5484835131780892,55,25,0.9545454545454546,189,35,377,79,2.5839799642562866,4.660114811653724,0.052488226
90.09999990152572,1.0832374871834713,1.5110115391708487,61,25,0.9545454545454546,195,35,383,83,2.516443431377411,4.48943245875105,0.032007676
90.14999990135401,0.6474632843135526,1.3155154296367442,55,23,0.9090909090909091,189,36,382,81,2.6531213521957397,4.726851434777881,0.070509434
90.19999990118228,0.8098908384524857,1.4004902698157415,51,21,0.9090909090909091,187,36,362,79,2.5729653239250183,5.2949966836201945,0.020814726
90.24999990101058,0.781387091427904,1.428928337344428,62,24,0.9090909090909091,194,37,371,78,2.4661538004875183,5.504700859420986,0.033172633
90.29999990083888,0.782134322664873,1.4060823327971474,59,22,0.8636363636363636,193,35,380,83,2.544829249382019,4.929054462848548,0.04798695
90.34999990066716,0.6848272593456228,1.33223665700271,60,23,0.9090909090909091,192,37,371,78,2.567306160926819,4.318702722689416,0.03795426
90.39999990049544,0.7435843495055108,1.390080215344067,61,23,0.9545454545454546,193,35,375,78,2.578575313091278,4.6421470153380895,0.03505881
90.44999990032372,0.890464285969542,1.396359451868538,60,23,0.9090909090909091,196,37,375,79,2.4224214255809784,4.564717286282676,0.045254275
90.49999990015202,0.5447732639347312,1.3241370761412719,63,22,0.9090909090909091,193,38,371,79,2.6323741674423218,4.648256343198112,0.04140441
90.54999989998032,0.8611927877659763,1.3164816167526445,61,24,0.9545454545454546,200,40,374,83,2.5497159361839294,4.185794726692205,0.020946905
90.5999998998086,0.5836563854921644,1.4307926205116082,58,23,0.9545454545454546,190,36,372,81,2.4782398343086243,3.978942246883559,0.0073305285
90.64999989963688,1.004259750321199,1.4007843829121125,62,24,0.9545454545454546,199,38,371,81,2.606983780860901,3.8067853791023776,0.009733701
90.69999989946515,0.8234446658602954,1.1982940503137824,50,20,0.8181818181818182,189,38,368,78,2.4573394656181335,4.020299144907122,0.09200811
90.74999989929346,0.8529603514436681,1.3572073953812847,61,24,0.9545454545454546,197,38,377,78,2.543551027774811,3.890593533384532,0.032315467
90.79999989912174,0.6974635465566954,1.2365038184427533,53,22,0.9090909090909091,190,37,369,79,2.604401707649231,3.532977100545054,0.054205824
90.84999989895005,0.7259340598517667,1.5508926715645104,61,23,0.9545454545454546,196,39,378,77,2.6158079504966736,4.314601879988489,0.02338625
90.89999989877832,0.9249657218344199,1.4061123050933002,57,22,0.8636363636363636,191,36,364,79,2.59718120098114,4.405303201915931,0.025111225
90.9499998986066,0.43680708124125417,1.2105096234411952,66,22,0.8636363636363636,192,39,378,78,2.549819052219391,4.057538370390832,0.022908177
90.99999989843488,0.8318877546336358,1.485089964798225,63,24,0.9545454545454546,194,38,374,81,2.566435933113098,4.098130524481114,0.034464516
91.04999989826318,0.846224149388441,1.4591595236269606,68,24,0.9090909090909091,206,40,381,77,2.6964792609214783,3.5694948765323975,0.034592096
91.09999989809147,0.7018538835569289,1.3680829082988013,58,22,0.9090909090909091,196,38,360,76,2.5726577639579773,4.057118211260811,0.017793195
91.14999989791976,0.9645095230831652,1.5166884510584757,54,22,0.9090909090909091,187,36,371,83,2.520667612552643,3.6211832978979164,0.0037888403
91.19999989774804,0.9472201029677172,1.544334641993164,57,25,0.9545454545454546,191,37,362,80,2.4919283390045166,3.733420305481383,0.04279844
91.24999989757632,0.7703578772315683,1.3972811160256167,60,23,0.9545454545454546,196,37,375,81,2.6232773065567017,4.030704800080249,0.0130851
91.29999989740462,0.8815848390107793,1.458096704346006,64,23,0.8636363636363636,192,36,371,76,2.589997351169586,3.972456619101701,0.028234063
91.3499998972329,0.653571132791385,1.3336106235406202,55,21,0.9090909090909091,183,36,362,76,2.6086196303367615,4.115491995541687,0.10922907
91.3999998970612,0.9532365453328556,1.451175991092584,59,23,0.9545454545454546,195,37,379,80,2.646784484386444,3.7832336339587247,0.019570865
91.44999989688948,1.0131910574131462,1.4836054118162123,54,21,0.8636363636363636,186,36,363,78,2.4570974707603455,4.034072338125307,0.08055777
91.49999989671777,0.5645919570539218,1.274864482768513,52,22,0.9545454545454546,188,37,366,78,2.586115598678589,4.047998453565844,0.03318137
91.54999989654605,0.7358841751076327,1.510397216068681,53,22,0.8636363636363636,187,34,371,79,2.6036977767944336,4.264785175644317,0.04342682
91.59999989637434,1.1349834790382505,1.721338604128506,57,22,0.9090909090909091,194,36,365,81,2.600809335708618,4.239194493463838,0.030119706
91.64999989620264,0.7527275948149439,1.3923995042375008,54,22,0.9090909090909091,187,35,365,78,2.491108626127243,4.033079479435857,0.046368398
91.69999989603092,0.7845839048928729,1.5018586731112848,64,25,0.9545454545454546,191,36,381,80,2.6653215289115906,3.9441751863665964,0.040117748
91.7499998958592,0.6978077260495095,1.308446891083745,56,22,0.9545454545454546,193,36,372,78,2.5327694416046143,4.003460529721217,0.047252957
91.79999989568748,0.6032153270751649,1.3495532201079241,59,24,0.9545454545454546,194,37,371,78,2.6649579405784607,4.490251856572778,0.031938165
91.84999989551578,0.7787330225248658,1.4212606966239802,60,22,0.9545454545454546,193,36,380,80,2.574724853038788,4.228055976146887,0.043424256
91.89999989534407,1.0065991309289026,1.3808695291050923,61,22,0.8181818181818182,193,37,368,77,2.559349238872528,4.165932404118493,0.019084964
91.94999989517235,0.6134451353809678,1.3975653939636654,55,22,0.9090909090909091,188,35,363,77,2.633635103702545,4.151463005515419,0.05067227
91.99999989500064,1.0784242025420827,1.675283709788482,65,25,0.9545454545454546,198,37,373,81,2.5111284852027893,4.547117256211397,0.03408886
92.04999989482891,0.8748000347712886,1.4448110321206888,59,21,0.8181818181818182,196,38,376,80,2.511906921863556,4.147368185548093,0.014392421
92.09999989465722,0.6816555889841526,1.240546685715955,52,24,0.9545454545454546,184,37,371,78,2.5210464000701904,3.8782605591443975,0.07073956
92.1499998944855,0.8968022271014688,1.343836161487063,56,22,0.9545454545454546,193,37,378,82,2.684553861618042,3.90723344802951,0.017771872
92.1999998943138,1.171212265668823,1.6144054542362691,61,22,0.9090909090909091,193,34,375,79,2.52798855304718,4.455644908571443,0.021369636
92.24999989414208,0.8445065248621053,1.5316109824245046,56,22,0.9090909090909091,189,35,368,81,2.6262587308883667,4.582227185651417,0.03959395
92.29999989397037,0.8837693576748871,1.4132573033293327,61,22,0.8636363636363636,192,36,376,80,2.5476855039596558,4.7487759849370725,0.039532766
92.34999989379864,0.9410724292190936,1.4185694450129804,61,25,0.9545454545454546,187,34,376,80,2.601677179336548,4.832621495018339,0.013122013
92.39999989362694,0.7381268245174282,1.4144156936228283,54,23,0.9545454545454546,181,35,374,82,2.6363402605056763,4.876655885546226,0.03694085
92.44999989345524,0.8890196364452102,1.442573541743291,56,23,0.9090909090909091,189,34,377,79,2.5817885994911194,4.524996987578245,0.03663554
92.49999989328352,0.9177382185479094,1.460866196410754,58,24,0.9545454545454546,193,38,375,82,2.6114845275878906,5.008742760030485,0.044283994
92.5499998931118,0.6408975856012623,1.3382218307464198,61,22,0.8636363636363636,190,37,371,79,2.5972583889961243,4.443809067437767,0.018723764
92.59999989294008,0.566368859414006,1.3495843634481495,62,24,0.9545454545454546,192,37,376,83,2.661557197570801,4.814930397059989,0.033283256
92.64999989276838,0.7944401753757445,1.4088485076313604,56,22,0.8636363636363636,195,36,372,79,2.596391439437866,4.971666779468675,0.03334088
92.69999989259667,0.4530519928872847,1.3682605756563484,64,23,0.8636363636363636,191,37,372,78,2.626180052757263,5.115905055803456,0.020161066
92.74999989242497,0.6326603869395465,1.3538804500919124,57,22,0.9090909090909091,191,36,370,78,2.4218659102916718,5.098904066425467,0.034279045
92.79999989225324,0.7703325876628014,1.4173043302095216,60,23,0.9090909090909091,190,35,373,78,2.694615125656128,4.820384933613093,0.032990307
92.84999989208153,0.6398370006612352,1.4204390808413057,62,21,0.9545454545454546,189,37,374,78,2.665413022041321,4.795033417029284,0.044897653
92.8999998919098,0.7311225799576503,1.2059927853913,53,22,0.9090909090909091,194,38,362,76,2.5270691514015198,4.745396743623411,0.05005438
92.9499998917381,0.5642072415536876,1.2790353886639654,59,25,0.9545454545454546,191,37,381,82,2.6651135087013245,4.826104427452451,0.02062758
92.9999998915664,0.7774733189327548,1.55482398732829,58,23,0.9090909090909091,184,35,366,82,2.695688009262085,5.402134728498531,0.058676414
93.04999989139468,0.7243934325212552,1.4525470836369818,55,23,0.9545454545454546,187,36,369,81,2.5845012068748474,4.927711871045775,0.06453551
93.09999989122296,0.8038827204410887,1.4554706657036933,59,23,0.9545454545454546,193,37,365,80,2.6384949684143066,5.309997480895277,0.05288855
93.14999989105124,0.624976059573706,1.3753684476509733,56,23,0.9545454545454546,184,36,368,79,2.663106918334961,5.594325610489257,0.05903712
93.19999989087954,0.8662571857880885,1.3682435009339966,58,24,0.9545454545454546,192,37,375,82,2.488902062177658,5.309361684016638,0.02496827
93.24999989070784,0.543493518027722,1.3155818781093467,57,23,0.9090909090909091,187,35,365,78,2.6899510622024536,5.6361661022225995,0.037224233
93.29999989053613,0.8306037738136979,1.4602229811397638,59,22,0.9545454545454546,190,36,373,79,2.554927170276642,5.750213174542553,0.025692206
93.3499998903644,0.8022341366524572,1.4638708752125495,62,25,0.9545454545454546,190,36,370,78,2.68055260181427,5.745648516169943,0.018839525
93.39999989019267,0.46958191664479687,1.195895885987968,55,22,0.8636363636363636,177,36,359,76,2.5072401762008667,5.87475397639345,0.08262186
93.44999989002096,1.0130889981097264,1.4548378450437618,63,23,0.9090909090909091,194,36,369,77,2.5585272908210754,6.29057335622603,0.037809223
93.49999988984926,0.8115818586938566,1.462604696244552,54,24,0.9090909090909091,189,35,362,77,2.5854691863059998,6.341317524892327,0.050592676
93.54999988967757,0.5350581351612234,1.3010426009772849,52,21,0.9090909090909091,182,36,366,80,2.5133123993873596,6.510983236302996,0.05718273
93.59999988950584,0.6679406922919194,1.401045665015113,54,20,0.8181818181818182,188,37,375,80,2.644493281841278,6.698412460113703,0.019424206
93.64999988933413,0.5446101759385198,1.3783564189546431,61,22,0.9090909090909091,198,38,376,79,2.577606439590454,6.233276198518265,0.018784838
93.6999998891624,0.7501204302986204,1.4012853785984325,59,23,0.8181818181818182,195,35,375,82,2.616124451160431,6.125208937066411,0.03611299
93.7499998889907,0.8297597558043108,1.4429642987742897,54,24,0.9090909090909091,198,37,364,80,2.409411668777466,6.336123121853827,0.04132074
93.799999888819,1.0223711888192402,1.480187194757662,58,23,0.9090909090909091,191,36,369,81,2.6558682322502136,6.2278536149740304,0.021787077
93.84999988864728,0.78771094027721,1.3577358340329102,61,23,0.9090909090909091,190,37,378,79,2.590131163597107,5.943802696100775,0.043516763
93.89999988847556,0.8098553087835361,1.3443567751560184,64,22,0.9090909090909091,189,37,378,79,2.774744927883148,6.402956214472555,0.030170968
93.94999988830384,0.9935820921150227,1.4178064462912299,52,20,0.8636363636363636,192,36,366,79,2.5850406289100647,6.528001340690075,0.05122749
93.99999988813214,0.6102535025306142,1.1593947104887747,58,21,0.8636363636363636,189,38,377,79,2.625458240509033,6.355196126012368,0.036781676
94.04999988796042,0.6770937780204214,1.3889042786516559,61,23,0.9545454545454546,192,34,370,81,2.6560574769973755,6.715749624951695,0.012000992
94.09999988778873,0.6851507515286877,1.3690755202729066,59,23,0.9545454545454546,192,37,381,80,2.58189857006073,6.394393917957419,0.0462388
94.149999887617,0.8150311981511635,1.4093821726238738,55,23,0.9090909090909091,183,36,370,80,2.486119568347931,6.153047447031437,0.04154431
94.19999988744529,0.5901888449203148,1.2411647965265877,60,22,0.8636363636363636,185,36,371,80,2.70315021276474,5.620009076539505,0.048281863
94.24999988727356,0.8550886739748665,1.4023607887606484,65,23,0.9090909090909091,186,37,381,82,2.525460422039032,5.646245311562446,0.041962408
94.29999988710186,0.7886292242357458,1.4655139698401953,65,23,0.9090909090909091,194,37,384,79,2.579874098300934,5.705357829765747,0.009776769
94.34999988693016,0.9321164398389139,1.4288886146745035,61,25,0.9090909090909091,194,34,370,81,2.608174681663513,5.964310283623799,0.025109041
94.39999988675844,0.900133857182669,1.599007749952376,51,22,0.9090909090909091,188,35,363,81,2.490256577730179,5.956097119210577,0.048662223
94.44999988658672,1.0624769245548185,1.53447513876141,52,20,0.8181818181818182,184,35,371,80,2.4456673860549927,5.5079257867210085,0.059493326
94.499999886415,0.6710294344923682,1.177626217846453,56,21,0.8636363636363636,185,35,379,79,2.670050263404846,5.797694476216035,0.086811915
94.5499998862433,0.6678070681819781,1.3409873157698582,53,22,0.9090909090909091,190,36,374,78,2.545376718044281,5.887782076924264,0.04707739
94.5999998860716,0.7169009907347144,1.5705397355579485,58,21,0.8636363636363636,184,35,365,77,2.565400004386902,6.556063345100505,0.028082844
94.64999988589989,0.9735716286000505,1.2951803244504143,53,22,0.9090909090909091,194,37,360,81,2.4644695222377777,5.951393500588331,0.01921548
94.69999988572816,0.699539591178714,1.4295060702398699,57,23,0.9545454545454546,190,34,369,79,2.697814404964447,5.959131099527584,0.04680915
94.74999988555643,0.6989393260773011,1.4117330846647347,59,22,0.9090909090909091,182,35,368,80,2.6451128721237183,6.135423847139254,0.04335277
94.79999988538472,0.760991531319384,1.5238714555233104,52,22,0.9090909090909091,184,36,366,79,2.434270977973938,6.210458853052829,0.02770703
94.84999988521302,0.6683028757480931,1.4224586526741,59,22,0.9545454545454546,185,35,375,80,2.551364004611969,5.761473174809586,0.05023448
94.89999988504132,0.8840743440039769,1.5392938822022257,64,25,0.9545454545454546,192,36,380,81,2.6975539326667786,5.581150958559169,0.025978079
94.9499998848696,0.798739707015713,1.31293787961674,54,21,0.9090909090909091,194,38,372,82,2.666671872138977,5.082413134044623,0.0549082
94.99999988469789,0.6176549294637742,1.3444490639207152,56,22,0.9545454545454546,184,34,364,78,2.5889798998832703,5.792483334637817,0.034920268
95.04999988452616,0.6980459981120144,1.3105886265654085,57,23,0.9090909090909091,186,34,363,76,2.5444605946540833,5.058511198603455,0.06755887
95.09999988435446,0.7075334018856145,1.3660399498399163,57,21,0.9090909090909091,194,38,373,79,2.4869561195373535,5.487005515874825,0.014455878
95.14999988418276,0.8546609630967973,1.3673368139590456,58,25,0.9545454545454546,191,37,369,80,2.5954028964042664,4.941958706516898,0.054715045
95.19999988401104,0.7266375790503933,1.4318372358585663,58,20,0.9090909090909091,188,37,362,79,2.607567310333252,5.687786963727008,0.019282363
95.24999988383932,0.816973743204868,1.4305849719860961,55,22,0.9545454545454546,188,36,365,79,2.5026771426200867,5.623606713460942,0.05719173
95.2999998836676,1.0120058632484268,1.6663363671252365,55,23,0.9545454545454546,190,38,378,81,2.5589877367019653,5.843647742785469,0.026831284
95.3499998834959,0.7610313430110177,1.4343392506789086,63,23,0.9090909090909091,190,35,378,82,2.5384074449539185,5.571346312111132,0.033939827
95.39999988332418,0.7524784128002705,1.400576658372186,67,23,0.9090909090909091,196,37,367,79,2.6102787256240845,5.7855424452171444,0.044832513
95.44999988315249,0.899710171203568,1.4860112390607574,57,22,0.9545454545454546,192,38,367,77,2.605067789554596,5.928526604531346,0.049094845
95.49999988298076,0.9733016985610474,1.4089072346491494,53,23,0.9545454545454546,188,36,367,78,2.5342363119125366,5.714036257396762,0.0427299
95.54999988280905,0.8868535725816855,1.4214156065639356,64,22,0.9090909090909091,194,39,383,82,2.623373568058014,5.918672464616801,0.018488053
95.59999988263732,0.8772963758164221,1.4532222544617424,62,21,0.9090909090909091,193,36,372,77,2.6483798027038574,6.108661391879311,0.052490175
95.64999988246562,0.922307310578472,1.4529713961710236,52,22,0.8636363636363636,188,35,376,80,2.600584924221039,5.8078738201258595,0.0242155
95.69999988229392,0.6913891203144438,1.3155830206252073,51,22,0.9090909090909091,188,35,376,80,2.6917818188667297,6.034711928393461,0.025906306
95.7499998821222,0.8024395500313599,1.4755716933691438,57,22,0.9545454545454546,185,34,369,79,2.530759274959564,5.82599834155431,0.027262129
95.79999988195048,0.7573305637579546,1.3150318890480075,54,24,0.9545454545454546,189,37,372,79,2.472153455018997,5.872519620076835,0.04002279
95.84999988177876,0.731855973864945,1.3806197545188856,57,23,0.9090909090909091,193,36,364,80,2.6294583082199097,6.165592579179933,0.022487462
95.89999988160706,0.830482926579881,1.5695435908109565,54,22,0.9090909090909091,185,33,353,77,2.580013871192932,5.806424482315657,0.061062455
95.94999988143535,0.8570153319944895,1.443435302954493,57,23,0.9090909090909091,185,34,367,80,2.476058453321457,6.11580281801424,0.02583405
95.99999988126365,0.6967663485677699,1.21993380854786,57,24,0.9090909090909091,195,35,367,75,2.6158705353736877,5.620671904458794,0.04793902
96.04999988109192,0.7920996788041791,1.3976443980061872,59,23,0.9090909090909091,187,33,370,75,2.7054068446159363,5.990693441391173,0.045991622
96.09999988092021,0.7561219463222423,1.3862176213712532,52,23,0.9090909090909091,191,37,363,78,2.569107413291931,5.685683041033656,0.04198377
96.14999988074848,1.1962127795440094,1.7638199648342288,56,23,0.9090909090909091,195,38,369,79,2.5746265053749084,5.3058204644615525,0.062437385
96.19999988057678,1.233974637540455,1.7105128111945558,54,22,0.8636363636363636,189,34,367,79,2.7942457795143127,4.832014002840799,0.030136675
96.24999988040508,1.1048195106726912,1.5900679372988225,60,24,0.9545454545454546,189,33,368,79,2.604653835296631,5.55965828466757,0.019229898
96.29999988023336,0.9859345305094807,1.2211771880850877,48,19,0.8636363636363636,184,35,365,80,2.742522358894348,4.639703400576645,0.03415406
96.34999988006165,0.8850119281984815,1.3849416147159397,60,23,0.9090909090909091,195,36,376,82,2.4741610884666443,4.712601408975123,0.03653917
96.39999987988992,1.0915949207388436,1.4612444206242308,49,20,0.8636363636363636,186,35,370,76,2.5335341691970825,4.778212026572213,0.062248617
96.44999987971822,0.6870158430431356,1.332981158938227,52,20,0.8181818181818182,186,37,365,79,2.6033690571784973,5.224705173420681,0.042193733
96.49999987954652,1.0754710835739678,1.4400894559528556,53,21,0.9090909090909091,186,35,374,77,2.615414559841156,5.43669225335444,0.04915964
96.5499998793748,0.8361864939402531,1.3379848549562028,59,22,0.9545454545454546,189,35,373,82,2.5463274121284485,5.065260060759966,0.044918768
96.59999987920308,0.9734220898541608,1.479491431623142,59,23,0.9545454545454546,187,34,372,80,2.5865837931632996,5.56748761382118,0.041160725
96.64999987903136,0.8908800933818078,1.345223290500145,52,19,0.8636363636363636,182,34,369,84,2.7272558212280273,6.503327845562019,0.055204637
96.69999987885966,0.6809831585882321,1.322556615113131,59,20,0.8636363636363636,193,38,383,79,2.6018673181533813,6.17252408124024,0.02325124
96.74999987868794,0.7911450455637312,1.4012346985417108,59,22,0.9090909090909091,189,36,374,79,2.550986111164093,6.145668625896938,0.045248985
96.79999987851625,0.7794044167544676,1.355697961374461,55,23,0.9545454545454546,196,36,375,81,2.557564675807953,5.728879412714507,0.028389987
96.84999987834452,0.6955931811671552,1.311455495281849,54,22,0.8636363636363636,188,36,366,78,2.542436420917511,5.9829052660181326,0.018373191
96.8999998781728,1.0990992342535906,1.6162205125622287,59,23,0.8636363636363636,188,35,371,80,2.5632494688034058,5.719319541091439,0.057069853
96.94999987800108,0.9315341399979251,1.4157308927074048,60,23,0.9545454545454546,193,37,369,79,2.5501731038093567,5.64038002475602,0.026219046
96.99999987782938,0.8090597715259569,1.3804164182698409,58,22,0.8636363636363636,188,35,373,78,2.680988311767578,5.876128309640993,0.036694184
97.04999987765768,0.9162682133680567,1.4746888009406325,54,22,0.9090909090909091,187,35,374,79,2.626149356365204,5.373557210330331,0.041586258
97.09999987748596,0.6108571775598939,1.209420164154784,58,23,0.9090909090909091,192,36,367,79,2.568861246109009,5.690304029123148,0.04594994
97.14999987731424,0.8873447221923643,1.427476868184181,56,23,0.9545454545454546,190,37,367,79,2.5880444049835205,5.588753868813372,0.018067129
97.19999987714252,0.947211371996572,1.399021165556937,59,22,0.9090909090909091,185,36,379,81,2.594023644924164,5.964118094319986,0.04484519
97.24999987697082,0.837430950717941,1.3754904217498596,62,23,0.9545454545454546,186,34,371,83,2.6067018508911133,5.6931668142911995,0.03194666
97.2999998767991,0.6177850907506269,1.3338552571451272,60,22,0.9090909090909091,193,37,368,77,2.6088395714759827,6.282470486784666,0.02881336
97.34999987662741,0.8657001042941448,1.5007244551550283,55,23,0.9090909090909091,192,35,361,79,2.554999887943268,6.155358462230538,0.015878499
97.39999987645568,0.795987606889236,1.333331262806197,55,23,0.9090909090909091,195,37,378,80,2.5142130255699158,6.457843859889092,0.019716749
97.44999987628397,0.7519677806762324,1.376497292520591,56,23,0.9090909090909091,188,35,370,76,2.498902976512909,6.431160638825908,0.035466492
97.49999987611226,0.6563103672494092,1.2772642561552932,57,22,0.8636363636363636,192,37,375,80,2.5950664281845093,6.242555662442344,0.045631424
97.54999987594054,0.8667702789425715,1.3962859200849556,60,23,0.8636363636363636,194,35,381,85,2.6825374364852905,5.988887116780761,0.03338056
97.59999987576884,0.6155070119945127,1.4635344093510758,57,21,0.9090909090909091,193,39,366,81,2.5612056255340576,6.544353132680616,0.025738103
97.64999987559712,0.7795736629613301,1.414751113101647,63,24,0.9090909090909091,188,35,376,79,2.589121162891388,5.7841894574739605,0.06372081
97.6999998754254,0.7692444705284417,1.5277611369369546,60,23,0.9545454545454546,187,36,366,79,2.6191574335098267,6.196274888413633,0.051769935
97.74999987525368,0.6609465067098772,1.296808941646875,55,22,0.9090909090909091,184,34,362,77,2.5335338711738586,6.127100028656498,0.058095627
97.79999987508198,0.9700289789038407,1.5451452511855235,61,23,0.9545454545454546,197,36,383,81,2.5487548112869263,5.818505162350673,0.021339439
97.84999987491027,1.013882799691657,1.6361773667625334,58,22,0.9090909090909091,192,35,376,78,2.6661130785942078,5.669974566639686,0.09177147
97.89999987473855,0.8162757730807062,1.4458957373575152,53,24,0.9090909090909091,188,36,371,79,2.543138563632965,5.859573395240467,0.032770034
97.94999987456684,0.7917687240223975,1.283474614332313,57,23,0.9090909090909091,189,36,372,76,2.6257607340812683,5.748778068153193,0.04299931
97.99999987439512,0.8283353709010579,1.55860875542627,57,25,0.9545454545454546,194,38,370,80,2.4907083809375763,6.1579857326631515,0.012428349
98.04999987422342,0.9314137236643618,1.3941716083578846,56,21,0.9545454545454546,187,33,361,83,2.56134033203125,6.1766447038798145,0.024076315
98.0999998740517,0.8698893929604584,1.442289042236391,60,23,0.9090909090909091,184,35,361,78,2.546427845954895,6.384231923547441,0.021492954
98.14999987388,0.8531497234530898,1.3469787183507462,57,23,0.9090909090909091,190,35,364,78,2.521868646144867,6.097025751117577,0.030548427
98.19999987370828,0.8307977379858945,1.3242909224407615,56,22,0.9090909090909091,186,35,371,79,2.563333213329315,6.551802672381264,0.023222502
98.24999987353657,0.6472377973871795,1.4344199563024747,49,22,0.9090909090909091,185,35,360,81,2.682112157344818,6.223577797236288,0.04854138
98.29999987336485,0.704361564644775,1.3636047613993685,55,21,0.8636363636363636,187,36,379,78,2.5092196464538574,5.8427017344872745,0.005309291
98.34999987319314,0.8893103853098007,1.4923532400347779,62,25,0.9545454545454546,193,35,367,82,2.4252736568450928,6.612416295675816,0.01928397
98.39999987302144,0.9681541100472428,1.5534093527505513,64,24,0.9545454545454546,189,34,375,81,2.755472958087921,6.747806278183157,0.015108162
98.44999987284972,1.1893997207165128,1.6490657879478814,55,24,0.9545454545454546,186,39,362,77,2.548927068710327,6.550123330420146,0.03975465
98.499999872678,0.7728273810923502,1.3609083594616251,57,23,0.9545454545454546,188,34,363,80,2.6049774885177612,6.584221173292111,0.030944094
98.54999987250628,0.9691253918148318,1.5489602843024914,58,23,0.9090909090909091,188,34,365,79,2.5367552042007446,6.26298942040175,0.0493851
98.59999987233458,0.6017482398725973,1.2708011866667102,57,22,0.9545454545454546,181,36,370,76,2.6272234320640564,6.042502162228205,0.040186465
98.64999987216287,0.8098918726545914,1.5426555193743643,54,21,0.8636363636363636,188,37,369,78,2.514357268810272,6.02509532855005,0.029375859
98.69999987199117,0.48229183109979656,1.1382379576206447,56,20,0.8636363636363636,182,35,374,76,2.600509822368622,5.8849671580109675,0.06816528
98.74999987181944,0.8411519582461263,1.4634486312835218,57,20,0.9090909090909091,187,37,368,79,2.5641074776649475,6.3339903146901655,0.03966837
98.79999987164773,0.9851359252651748,1.6144314121764227,51,21,0.8636363636363636,187,37,367,78,2.504286766052246,5.969021249602013,0.07618521
98.849999871476,0.8771120262557004,1.4283949161440102,56,22,0.8636363636363636,192,37,366,78,2.6018333435058594,6.649029211377213,0.03736939
98.8999998713043,0.8828888128590688,1.3486024509743628,55,22,0.9090909090909091,187,36,356,77,2.6075994968414307,6.328936132358853,0.065492764
98.9499998711326,0.9426855475003154,1.3418047569648754,56,23,0.9090909090909091,188,36,374,78,2.5311359763145447,6.477403404096291,0.07746513
98.99999987096088,1.179023630705011,1.417641218179328,58,21,0.9090909090909091,192,37,367,78,2.5973281264305115,5.6506797849018575,0.051308315
99.04999987078916,1.0489620968416455,1.381887038084351,57,23,0.8636363636363636,192,36,362,77,2.582111656665802,5.474804944194656,0.032461137
99.09999987061744,0.9976918871141944,1.53606134582399,49,22,0.8636363636363636,188,36,367,80,2.4849818646907806,5.781658672079226,0.025609009
99.14999987044574,1.1189964553082514,1.542827491227622,59,24,0.9545454545454546,193,37,374,83,2.4863821268081665,5.869926735767983,0.043054014
99.19999987027404,0.9707901343282593,1.583915498872914,57,21,0.9090909090909091,183,34,365,81,2.532769739627838,5.911426546027023,0.038174063
99.24999987010231,0.944943763151022,1.3642914581463859,58,24,0.9545454545454546,198,35,377,78,2.51059889793396,5.154995635377331,0.050894428
99.2999998699306,0.8702737275649297,1.2667947409107976,55,24,0.9545454545454546,199,35,369,78,2.5467169284820557,5.333261705456431,0.05587618
99.34999986975888,0.9892543783819026,1.4708280933898388,56,22,0.9090909090909091,188,35,372,80,2.5262516736984253,5.31030840249767,0.026871465
99.39999986958718,0.9726125307498129,1.4501967282694206,57,22,0.8636363636363636,184,33,376,82,2.583673596382141,5.155844138577619,0.031837005
99.44999986941546,0.9720807067067129,1.3366350126118232,56,23,0.9545454545454546,194,35,380,82,2.4889661371707916,4.726850615621441,0.012793617
99.49999986924377,0.7838985638016023,1.2512584417826442,66,24,0.9545454545454546,189,36,373,81,2.582119405269623,5.231240160650401,0.0060672145
99.54999986907204,1.0504366654779802,1.5587594816409651,60,24,0.9545454545454546,197,38,375,77,2.5259530544281006,4.965709424470912,0.067756556
99.59999986890033,1.032624459428073,1.5341726720695112,58,24,0.9090909090909091,192,34,366,78,2.609001398086548,5.5232602045711054,0.02963682
99.6499998687286,1.1087329708718074,1.5262409538599693,61,22,0.9090909090909091,189,37,373,79,2.6992633938789368,5.428033183531733,0.060744204
99.6999998685569,0.893752412774132,1.333662407134426,54,22,0.8636363636363636,190,35,365,76,2.6436424255371094,5.410505886159136,0.049257137
99.7499998683852,0.874525386475828,1.3930191268415029,52,22,0.9545454545454546,191,38,368,78,2.5608503818511963,5.2181366599277546,0.048174977
99.79999986821348,0.9902523831674488,1.432768773519716,50,19,0.8181818181818182,194,35,367,79,2.5213947892189026,5.542345590823743,0.051682387
99.84999986804176,0.6927049101211264,1.2728865439853645,56,19,0.8181818181818182,194,38,376,78,2.491034120321274,5.589793877148681,0.04434536
99.89999986787004,0.7572790528145236,1.315124575357407,58,22,0.9090909090909091,190,34,365,75,2.5941935181617737,5.255471038174031,0.032922562
99.94999986769834,0.7620207940273007,1.3753163447181052,58,22,0.9545454545454546,189,36,383,81,2.681400775909424,5.442965222531058,0.02243197
