time_ns,protein_core_rmsd_A,backbone_rmsd_A,ligand_pose_rmsd_A,ligand_internal_rmsd_A
0.0,0.0,0.0,0.0,0.0
0.05000000001018634,0.5844625,0.7665224,0.5896919,0.2632432
0.10000000002037268,0.59780043,0.8665682,0.6495917,0.29801372
0.15000000003055902,0.5586496,0.84793484,0.683666,0.3350635
0.20000000004074536,0.6399958,0.8844084,1.3223236,1.025584
0.2500000000509317,0.6611789,0.89683497,0.9110421,0.5192676
0.30000000006111804,0.6917879,0.94122994,1.2973497,0.9365251
0.3500000000713044,0.6559571,0.9614663,1.2974939,0.9104056
0.4000000000814907,0.688726,1.0327502,1.1483088,0.73404765
0.45000000009167707,0.65079147,0.97886676,1.6535015,1.337493
0.5000000001018634,0.7062688,1.0392913,1.5084853,1.1847692
0.5500000001120497,0.6780251,0.9775707,0.95393443,0.7043339
0.6000000001222361,0.6933204,1.0978609,1.1575189,0.78353393
0.6500000001324215,0.7050724,1.0781713,1.3856375,0.9341666
0.7000000001426079,0.7024826,1.0197382,1.3377612,0.8168696
0.7500000001527942,0.7138165,1.1331341,1.788142,1.3372527
0.8000000001629806,0.69087553,0.97680813,1.445551,1.0699278
0.8500000001731669,0.6819647,0.95187074,1.4449202,1.0888667
0.9000000001833532,0.6957352,0.96575093,1.8142034,1.516392
0.9500000001935396,0.77555305,1.085073,1.4358292,1.3236115
1.000000000203726,0.77145135,0.99282277,1.3348849,1.0230886
1.0500000002139123,0.75445473,1.0275095,0.882246,0.60338855
1.1000000002240986,0.69013005,1.0131786,1.3830078,0.92200065
1.150000000234285,0.6830956,1.0494281,1.2908971,0.7892369
1.2000000002444713,0.7253188,1.0595863,1.0862083,0.83271337
1.2500000002546576,0.7050962,0.9718051,0.87906945,0.53680557
1.300000000264844,0.75505817,1.065824,1.4942279,0.86860627
1.3500000002750303,0.6816467,1.0042473,1.0358868,0.82011056
1.4000000002852167,0.70301867,1.0976588,0.90618896,0.5869346
1.450000000295403,0.7556557,1.1521885,1.0777632,0.51499695
1.5000000003055893,0.7232244,1.1169405,1.0661583,0.6151528
1.5500000003157757,0.7156834,1.145034,1.1238072,0.72156847
1.600000000325962,0.7957945,1.1525558,1.1455537,0.6427025
1.6500000003361501,0.7516806,1.0655068,1.0717605,0.73568696
1.700000000346333,0.6915479,1.0263339,1.3275394,0.8189806
1.750000000356521,0.7676022,1.0578738,0.9559256,0.62878716
1.8000000003667074,0.74613416,1.0738351,1.1008385,0.77088886
1.8500000003768937,0.7138815,1.0221572,1.3008345,0.92725277
1.90000000038708,0.6498479,1.0664414,1.1806916,0.7289494
1.9500000003972664,0.69868827,1.0599837,1.5376723,1.0746906
2.0000000004074545,0.7376557,1.0709567,1.0178957,0.42943043
2.0500000004176373,0.7086644,1.1082704,1.0390857,0.5907619
2.1000000004278254,0.7141216,1.1809278,1.19122,0.8878412
2.1500000004380118,0.717438,1.1611756,1.0496117,0.6495966
2.200000000448198,0.75505465,1.1048052,0.9176409,0.6225417
2.250000000458386,0.7933794,1.0676093,1.4719427,1.2329128
2.300000000468569,0.7134462,1.0512794,1.0433187,0.8190235
2.350000000478757,0.77135277,1.1833427,1.4922869,0.8526759
2.4000000004889435,0.6913836,1.1444774,0.96480477,0.6541166
2.45000000049913,0.79393613,1.1854086,1.3078227,0.9804687
2.500000000509316,0.718633,1.044778,1.5125072,1.0177528
2.5500000005195025,0.7583023,1.0918231,1.1967765,0.80143285
2.6000000005296906,0.76516724,1.1595598,0.76107955,0.5581759
2.6500000005398734,0.7199612,1.1404967,1.6675282,1.447777
2.7000000005500615,0.7462532,1.1656859,1.6188388,1.3428953
2.750000000560248,0.7598547,1.1155485,1.4071898,1.1893749
2.800000000570434,0.7142627,1.128419,1.1178222,0.8024531
2.8500000005806223,0.7378683,1.1294523,1.5483104,1.3233669
2.900000000590805,0.74594355,1.1368132,1.0188068,0.6364122
2.950000000600993,0.7267755,1.1385108,1.2183236,0.97568065
3.0000000006111796,0.76645327,1.1456528,1.7430962,1.4304986
3.050000000621366,0.7494325,1.1220701,1.6929204,1.4162947
3.1000000006315522,0.73645496,1.0950551,2.1075006,1.6667757
3.1500000006417386,0.70361143,1.0463789,1.8589009,1.4414968
3.200000000651925,0.74657893,1.1707939,1.1757799,0.75130534
3.2500000006621113,0.7141287,1.1092871,1.6499263,1.1678462
3.3000000006722976,0.7812614,1.0963691,1.3932537,1.0767972
3.350000000682484,0.81737113,1.2850103,1.5673542,1.1494806
3.4000000006926703,0.7475673,1.1740582,1.6071321,1.1052723
3.4500000007028584,0.7495848,1.1497265,1.562289,1.0869993
3.500000000713041,0.6747716,1.0820416,1.4601141,1.0893126
3.5500000007232293,0.7443242,1.1598897,1.5158854,1.1260574
3.6000000007334156,0.7154243,1.1669679,1.7966532,1.1867926
3.650000000743602,0.75673765,1.2085261,1.2906985,0.8744863
3.70000000075379,0.75732106,1.1410283,1.6933602,1.1936433
3.750000000763973,0.73379606,1.0991201,1.9455638,1.5527174
3.800000000774161,0.7083875,1.1383643,1.6057258,1.2626212
3.8500000007843473,0.7496346,1.1832159,1.5131081,0.8891518
3.9000000007945337,0.7544608,1.2157766,0.8834233,0.47562754
3.95000000080472,0.76898324,1.2256359,1.6818498,1.2018945
4.000000000814906,0.80602586,1.2408434,1.9639714,1.5068971
4.0500000008250945,0.74652565,1.2199432,1.2675891,0.86424696
4.100000000835277,0.785175,1.2476684,2.0822973,1.4720781
4.150000000845465,0.78516334,1.1625857,1.5007238,1.0658833
4.200000000855652,0.82677555,1.1778996,1.4409362,0.8838607
4.250000000865838,0.8087873,1.1937253,1.9665496,1.4208759
4.300000000876026,0.73000157,1.1337968,1.1066916,0.6905521
4.350000000886209,0.8184378,1.2141228,1.3462137,1.0142254
4.400000000896397,0.7719478,1.1697305,0.69496566,0.46298042
4.450000000906583,0.7316253,1.1110764,1.5722663,1.0390668
4.50000000091677,0.73828065,1.2143428,1.3317523,0.8209822
4.550000000926956,0.8079675,1.2134751,1.3857366,0.90270126
4.6000000009371425,0.7993839,1.3031201,1.7397679,1.1195127
4.650000000947331,0.78603137,1.1549885,0.809577,0.4216753
4.700000000957513,0.7751679,1.2013804,1.2681744,0.8062813
4.7500000009677015,0.749926,1.1366444,1.8060924,1.3501178
4.800000000977888,0.72539675,1.161886,1.093847,0.4210976
4.850000000988074,0.77275133,1.1041737,0.604157,0.22169656
4.900000000998262,0.78849727,1.1778144,0.95377433,0.6997475
4.950000001008445,0.764007,1.1422076,1.1581361,0.7884988
5.000000001018633,0.7694597,1.2135838,1.3024035,0.992952
5.0500000010288195,0.7845548,1.1822535,0.88651115,0.62880313
5.100000001039006,0.83743846,1.144197,0.79506487,0.4307201
5.150000001049192,0.8214561,1.1665143,1.1277411,0.5878789
5.2000000010593785,0.8097961,1.1954366,0.64413047,0.3544277
5.250000001069565,0.7085535,1.1775545,0.71063185,0.39505225
5.300000001079751,0.7443389,1.1823975,0.75262773,0.30468455
5.350000001089938,0.7248831,1.2183237,0.82803994,0.2668132
5.400000001100124,0.68670994,1.1788152,0.5861011,0.3445102
5.45000000111031,0.7847097,1.2770982,0.5081947,0.39597237
5.500000001120498,0.8152583,1.2631478,0.6752645,0.3663771
5.550000001130681,0.7765675,1.2830591,0.5184654,0.34425515
5.600000001140869,0.77164435,1.1986796,0.44758284,0.2572742
5.650000001151056,0.8073863,1.1943109,0.68362945,0.3063357
5.700000001161242,0.71737134,1.2039734,0.5833255,0.21127464
5.75000000117143,0.7679584,1.1680875,0.43963903,0.2539161
5.800000001181615,0.73420733,1.1717354,0.76965624,0.3258975
5.850000001191801,0.7017844,1.2070274,0.6371242,0.296993
5.900000001201987,0.74391496,1.1791736,0.7999581,0.29235992
5.950000001212174,0.75383306,1.1816633,0.5805242,0.37412468
6.00000000122236,0.81556135,1.2152413,0.64464235,0.28149652
6.050000001232546,0.8470476,1.2699789,1.3697408,1.0019345
6.1000000012427344,0.81181264,1.1248128,1.5706875,1.2303586
6.150000001252917,0.8231511,1.1721714,0.8016252,0.53889596
6.200000001263105,0.8086625,1.1903522,0.87472105,0.5156836
6.250000001273292,0.73828435,1.1680735,0.75362206,0.217283
6.300000001283478,0.80918676,1.2188706,0.9196985,0.40155476
6.350000001293666,0.84544957,1.2534332,1.1250854,0.7494223
6.400000001303849,0.7599229,1.1339324,1.5909189,1.3160836
6.450000001314037,0.8524481,1.2035233,1.8286064,1.4318955
6.500000001324223,0.85200876,1.2295744,1.3901149,1.0747466
6.55000000133441,0.80044365,1.2193074,0.78078455,0.27385938
6.600000001344596,0.76038116,1.2900004,0.567299,0.26314786
6.650000001354782,0.81155866,1.297444,0.9651548,0.491769
6.7000000013649705,0.78817296,1.1981646,0.7515774,0.4279493
6.750000001375153,0.8308766,1.1919687,0.62246853,0.2203795
6.800000001385341,0.8548719,1.2826359,0.89526606,0.43853843
6.850000001395528,0.8015823,1.2938364,0.6012628,0.2952896
6.900000001405714,0.78424597,1.2206218,0.9555826,0.2464325
6.950000001415902,0.81636614,1.2666802,0.66722584,0.36698624
7.000000001426085,0.8404955,1.3886573,0.61960316,0.25187182
7.050000001436273,0.8206271,1.2662536,0.9004848,0.34198773
7.1000000014464595,0.8448254,1.2918308,0.67064154,0.36639765
7.150000001456646,0.79925406,1.2427113,0.7006242,0.43492967
7.200000001466832,0.8194435,1.2375915,0.5492331,0.32632852
7.2500000014770185,0.78556466,1.254688,0.7697084,0.5214717
7.300000001487205,0.8014149,1.1852338,0.52583766,0.34873134
7.350000001497391,0.8458072,1.3014067,0.5534508,0.3627561
7.4000000015075775,0.8341816,1.2480785,0.89239836,0.36057025
7.450000001517764,0.881612,1.3095977,1.194197,0.61716086
7.50000000152795,0.85945547,1.3681818,1.4075193,0.79823864
7.550000001538138,0.8306427,1.3697267,1.0039563,0.37126276
7.600000001548321,0.86485815,1.4024696,0.89444226,0.39380518
7.650000001558509,0.83214974,1.3590455,0.8021002,0.38057593
7.700000001568696,0.82138306,1.2825322,0.61400366,0.31287724
7.750000001578882,0.82059777,1.2995194,0.95013237,0.57466716
7.80000000158907,0.87246156,1.3930179,1.5799581,1.1596947
7.850000001599255,0.89529926,1.3639683,0.69071937,0.42559707
7.900000001609441,0.8799287,1.3424898,0.84843063,0.54461247
7.950000001619627,0.85053456,1.2854933,0.9441674,0.4718983
8.000000001629813,0.84972036,1.3327347,0.9667306,0.48743245
8.050000001639999,0.85205996,1.2875283,0.85312754,0.401361
8.100000001650185,0.87271166,1.3854866,0.85841507,0.34258896
8.150000001660372,0.877509,1.5150596,1.0886593,0.50295585
8.200000001670556,0.7782382,1.4473187,0.7252282,0.52179885
8.250000001680746,0.8603027,1.3712765,1.0119027,0.6608499
8.300000001690933,0.8839167,1.4014983,0.8492274,0.42910305
8.350000001701119,0.82139283,1.2702125,0.7997116,0.35384658
8.400000001711305,0.7711723,1.2770791,0.6617742,0.3260361
8.450000001721488,0.9252692,1.4238598,1.1069446,0.37638518
8.500000001731678,0.8340562,1.3341434,0.6835834,0.32497984
8.550000001741864,0.82235384,1.3473545,0.5372665,0.2939949
8.60000000175205,0.79920244,1.3578782,0.5617911,0.3157914
8.650000001762237,0.82057345,1.3072135,1.2889943,0.6803775
8.700000001772423,0.8367363,1.3503124,0.5735195,0.24845086
8.75000000178261,0.8225038,1.3909996,1.0833029,0.5329534
8.800000001792792,0.8109417,1.370965,0.7867891,0.29806423
8.850000001802979,0.89476234,1.3798349,0.9771596,0.36474314
8.900000001813165,0.8624084,1.336413,0.96902996,0.44733766
8.950000001823351,0.8094765,1.2950854,0.8388362,0.42511916
9.000000001833538,0.88503987,1.4628743,1.0175977,0.47250417
9.050000001843724,0.8729544,1.3670297,0.52637136,0.27246287
9.10000000185391,0.828115,1.4479102,1.222567,0.95921576
9.150000001864097,0.8611877,1.5141345,1.6368203,1.1841272
9.200000001874283,0.9187997,1.5030792,1.3735154,1.0865905
9.25000000188447,0.8337636,1.4765732,1.3260685,1.1345304
9.300000001894656,0.770865,1.3913732,1.4985424,1.1404984
9.350000001904842,0.85508883,1.4454294,1.6980196,1.2356426
9.400000001915028,0.81904423,1.3742138,1.6175056,1.1389745
9.450000001925215,0.9064299,1.4606831,1.34231,1.1626427
9.500000001935401,0.86146903,1.4476118,1.3669095,1.1123295
9.550000001945588,0.83393407,1.4244237,1.2541623,0.8837472
9.600000001955774,0.9062152,1.477901,1.4511694,1.0436289
9.65000000196596,0.96614647,1.5726316,1.3600266,1.1607004
9.700000001976147,0.8749494,1.4865445,1.3201624,1.1364444
9.750000001986333,0.8487379,1.4924319,1.1055456,0.9520358
9.80000000199652,0.84956163,1.4005071,1.3369906,1.162744
9.850000002006706,0.81858754,1.4102421,1.5249133,1.0638589
9.900000002016892,0.8345621,1.4643278,1.11361,0.9397273
9.950000002027078,0.8645526,1.4315385,1.4943323,1.0366632
10.000000002037265,0.9552505,1.6009004,1.7189204,1.091722
10.050000002047451,0.8648736,1.5594031,1.570451,1.2097805
10.100000002057637,0.88724977,1.5426551,1.9634411,1.2596083
10.150000002067824,1.008466,1.6083862,2.1412578,1.3738949
10.20000000207801,0.9046572,1.5512687,2.2310236,1.4111902
10.250000002088196,0.9480432,1.5184491,1.9783491,1.3303548
10.300000002098383,0.86241424,1.4650108,2.0303605,1.2687243
10.350000002108569,0.81043667,1.442584,2.0110848,1.289553
10.400000002118755,0.89067465,1.5082648,2.3117342,1.3284065
10.450000002128942,0.8451959,1.5275514,2.2189524,1.4284121
10.500000002139128,0.880218,1.4096014,2.30718,1.4487085
10.550000002149318,0.8884769,1.4711373,2.1304288,1.2342159
10.6000000021595,0.935923,1.4933527,1.9599558,1.3310487
10.65000000216969,0.85299623,1.516191,1.9481052,1.4316974
10.700000002179873,0.90187407,1.5122945,1.8544762,1.2272297
10.75000000219006,0.8497119,1.4430212,1.7409383,1.3212042
10.800000002200246,0.8831975,1.3491402,2.168393,1.4793348
10.850000002210432,0.9415902,1.488991,2.1659381,1.3624821
10.900000002220619,0.9113095,1.5390165,2.334458,1.4622115
10.950000002230805,0.8477411,1.424942,1.7473447,1.2730057
11.000000002240991,0.90435535,1.4079719,1.9012978,1.3631468
11.050000002251178,0.857057,1.4578737,1.8395367,1.3225029
11.100000002261364,0.83966124,1.5817459,2.063878,1.3364322
11.15000000227155,0.88315517,1.5362282,1.3328817,0.87898904
11.200000002281737,0.8541161,1.4612447,1.5216105,1.0671728
11.25000000229192,0.7778485,1.3450867,1.883307,1.0673233
11.30000000230211,0.8765208,1.4617668,1.4418728,0.9755366
11.350000002312292,0.8340308,1.2908754,1.3069738,1.0381678
11.400000002322482,0.8635617,1.3055956,1.360613,1.0062685
11.450000002332668,0.87591875,1.3395646,1.9351543,1.0184898
11.500000002342851,0.87016416,1.4144049,2.0115135,1.223061
11.550000002353041,0.87063515,1.4272124,1.0584755,0.81171334
11.600000002363227,0.8896514,1.4053637,1.8210924,1.0442828
11.650000002373414,0.85156685,1.5068254,1.9260209,1.0837598
11.7000000023836,0.8174441,1.454435,1.1998658,1.0581251
11.750000002393787,0.86541384,1.4557431,1.46786,0.97671926
11.80000000240397,0.8085005,1.3701617,2.1821523,1.0203142
11.85000000241416,0.92381346,1.4280738,1.8881876,0.9580848
11.900000002424346,0.8523135,1.5400939,1.8137981,0.9750039
11.950000002434532,0.8623883,1.5741373,2.157751,0.99081147
12.000000002444722,0.88116056,1.4823096,2.0104814,0.93471444
12.050000002454905,0.8871034,1.4198185,2.0536497,1.044129
12.10000000246509,0.920668,1.4097793,1.4598082,0.93520296
12.15000000247528,0.8889278,1.580268,1.0672197,0.95019394
12.200000002485464,0.89036673,1.5278512,0.95576584,0.79990953
12.25000000249565,0.89251256,1.4515367,1.3259673,1.0449988
12.300000002505836,0.87988585,1.4061772,0.91720057,0.49097735
12.350000002516023,0.8582418,1.4082654,0.629814,0.30677778
12.400000002526209,0.8718834,1.4419723,0.70679873,0.32863522
12.450000002536395,0.9141869,1.4600337,1.2564791,0.54550576
12.500000002546582,0.8683685,1.400393,0.910898,0.2831854
12.550000002556768,0.856393,1.4204472,0.8440831,0.34410203
12.600000002566958,0.83818847,1.4518553,0.9546863,0.45723134
12.65000000257714,0.9514396,1.5635691,0.7607323,0.41237748
12.70000000258733,0.8780042,1.4782588,0.8368677,0.5515542
12.750000002597513,0.8312657,1.4154994,0.9542462,0.5443912
12.8000000026077,0.8321501,1.4845194,0.75419015,0.37216073
12.850000002617886,0.8842141,1.4734339,0.8337206,0.30426416
12.900000002628072,0.8639498,1.4428313,0.7430086,0.4884765
12.950000002638259,0.8338732,1.4205908,0.8739391,0.5836931
13.000000002648445,0.8172839,1.4180715,0.8027008,0.2634624
13.050000002658631,0.9340065,1.5137525,0.9364123,0.38102406
13.100000002668818,0.8944591,1.5523403,0.77161974,0.5121578
13.150000002679004,0.8763835,1.5118898,0.77100754,0.37645853
13.20000000268919,0.84494424,1.4156976,0.83737797,0.24317242
13.250000002699377,0.8564986,1.5086097,0.78526235,0.44797677
13.30000000270956,0.83716565,1.6342139,0.5451735,0.36802423
13.35000000271975,0.85084623,1.5033287,0.8375665,0.39776194
13.400000002729932,0.8344103,1.468147,0.7062138,0.4391389
13.450000002740122,0.8439152,1.5241545,0.7294307,0.40818125
13.500000002750308,0.92883646,1.5887367,0.9545437,0.52456665
13.550000002760491,0.8156948,1.5236081,0.72159654,0.4691781
13.600000002770681,0.829564,1.5877962,0.94958425,0.35569292
13.650000002780867,0.80885285,1.5607347,0.72407734,0.32573578
13.700000002791054,0.86383337,1.6190069,0.76731354,0.40795982
13.75000000280124,0.8028674,1.652607,0.6893467,0.36631542
13.800000002811426,0.8535921,1.5957229,1.0019917,0.48646355
13.85000000282161,0.8892791,1.5904547,0.77036583,0.3428599
13.9000000028318,0.8656987,1.4376676,0.7834704,0.48335302
13.950000002841985,0.883387,1.4486347,0.7902477,0.4389217
14.000000002852172,1.0316783,1.5487331,0.9362446,0.45733008
14.050000002862362,0.9997616,1.5983961,0.8881675,0.3940345
14.100000002872545,1.00687,1.5335017,0.79690695,0.4077506
14.15000000288273,1.0024786,1.4636475,0.88788563,0.46986765
14.20000000289292,0.9626795,1.4478762,0.9262271,0.38038462
14.250000002903104,0.9890347,1.5743568,0.6778995,0.48478392
14.30000000291329,0.9808643,1.5332782,1.0016776,0.38259506
14.350000002923476,0.9640496,1.483439,0.867828,0.4577689
14.400000002933663,0.8721542,1.4452243,0.8758321,0.300329
14.450000002943849,0.9036284,1.4347167,0.9857861,0.32473263
14.500000002954035,0.79094887,1.3952489,0.80713403,0.5902519
14.550000002964222,0.93492365,1.4762427,1.0894595,0.47155246
14.600000002974408,0.88773423,1.4780669,1.009382,0.46839115
14.650000002984598,0.9629536,1.486125,0.9167923,0.52518344
14.70000000299478,0.8678744,1.482522,0.71858764,0.38413346
14.75000000300497,0.9333014,1.4630456,1.0291848,0.39538884
14.800000003015153,0.92959726,1.4464258,0.7107831,0.325003
14.85000000302534,0.90643454,1.5200311,0.7134751,0.49639133
14.900000003035526,0.8951206,1.5000186,0.88957274,0.5610103
14.950000003045712,0.8175454,1.407176,0.8178344,0.44632107
15.000000003055899,0.8362602,1.4745066,0.85086334,0.46840724
15.050000003066085,0.8738429,1.4150338,1.680641,0.7363348
15.100000003076271,0.81696916,1.3330262,0.5211807,0.29886305
15.150000003086458,0.8590492,1.3503964,1.2772832,0.4582949
15.200000003096644,0.79610103,1.3861817,0.6546899,0.38366932
15.25000000310683,0.91790986,1.4049094,0.68979084,0.43445048
15.300000003117017,0.85095376,1.3730164,1.1220924,0.5123293
15.3500000031272,0.88341105,1.4524103,1.108701,0.54136324
15.40000000313739,0.9042976,1.4546705,0.85887307,0.4868194
15.450000003147572,0.8531791,1.4288403,0.8341994,0.40001437
15.500000003157762,0.8336902,1.3422638,0.8483725,0.5028162
15.550000003167948,0.89557445,1.33423,0.64315057,0.3558975
15.600000003178131,0.7683481,1.3200936,0.694788,0.4347161
15.650000003188321,0.87314075,1.4085763,1.0625901,0.45167577
15.700000003198507,0.8973,1.4698038,0.76799476,0.3925413
15.750000003208694,0.87532544,1.4279006,0.63460124,0.36317098
15.80000000321888,0.9155601,1.4189698,0.58684236,0.43253994
15.850000003229066,0.9220613,1.4018451,0.89500785,0.53521836
15.90000000323925,1.0112201,1.5077132,1.023178,0.4969522
15.95000000324944,0.9856259,1.5397813,0.72248524,0.44430912
16.000000003259625,0.9385698,1.4885145,1.0811875,0.47291294
16.050000003269812,0.8499437,1.3932827,0.7064924,0.4149438
16.10000000328,0.9495604,1.4775838,0.89094645,0.5965704
16.150000003290184,0.94153464,1.4973321,1.1044165,0.41393858
16.20000000330037,0.8555268,1.4568467,0.7322047,0.40336317
16.25000000331056,0.9161824,1.501579,0.6168311,0.33450127
16.300000003320744,0.98864377,1.4974849,1.0393704,0.5937409
16.35000000333093,0.9170147,1.5256395,0.6519657,0.33745927
16.400000003341116,0.9340792,1.5673609,0.52114195,0.40204197
16.450000003351303,0.96022254,1.6092831,0.8164555,0.33786803
16.50000000336149,1.0464253,1.5571815,0.8823455,0.5694818
16.550000003371675,1.053863,1.547018,1.0725213,0.37354058
16.60000000338186,0.98890716,1.510066,0.92439365,0.48418823
16.650000003392048,1.0873227,1.6453868,1.0369238,0.4936333
16.700000003402238,0.89554024,1.4846511,1.1445762,0.5591867
16.75000000341242,0.8913147,1.4668196,0.97498834,0.39296302
16.80000000342261,0.87482107,1.5029216,1.4087207,0.61445886
16.850000003432793,0.91375124,1.4495159,0.8169353,0.47954246
16.90000000344298,0.9140968,1.5429617,0.9132045,0.5584142
16.950000003453166,0.8861252,1.4232936,0.7511116,0.48557016
17.000000003463352,0.9098736,1.5174456,0.853756,0.4277968
17.05000000347354,1.0101367,1.4908029,0.7288753,0.3847667
17.100000003483725,1.0902044,1.6395079,0.9165699,0.6226505
17.15000000349391,1.0089015,1.5239837,0.8374537,0.5464388
17.200000003504098,1.0184157,1.5845062,1.1041441,0.41419923
17.250000003514284,0.96513295,1.4259524,0.85364187,0.5565369
17.30000000352447,0.97176933,1.5645552,0.82086676,0.5250258
17.350000003534657,0.9720158,1.5628736,0.8739151,0.5372075
17.40000000354484,0.91008395,1.4859318,0.90541923,0.44278705
17.45000000355503,1.0209942,1.5770459,1.2234764,0.8659296
17.500000003565212,0.9618062,1.5210352,1.042744,0.91383666
17.550000003575402,0.9013588,1.469164,1.0028367,0.8667088
17.60000000358559,0.92238694,1.5098554,1.0033735,0.8373868
17.650000003595775,0.9551797,1.4844453,1.0789273,0.82696116
17.70000000360596,0.90119886,1.4833267,1.067301,0.5388401
17.750000003616144,0.9355884,1.6089028,0.7918769,0.37498903
17.800000003626334,0.9205231,1.4901398,0.7634247,0.50705576
17.85000000363652,0.9585626,1.4170681,0.8090466,0.47999233
17.900000003646706,0.92742646,1.451374,1.1564445,0.74598193
17.95000000365689,0.9496302,1.4699636,0.970744,0.36194578
18.00000000366708,0.8099545,1.4236174,0.9004561,0.60062045
18.050000003677265,0.8198228,1.4430927,0.71375465,0.46344635
18.10000000368745,0.85633993,1.3734992,1.0352495,0.40011472
18.15000000369764,0.89029497,1.4047085,0.6711492,0.31790626
18.200000003707824,0.98696774,1.4482865,1.2331722,0.9043567
18.25000000371801,0.9789716,1.5149014,0.904426,0.806188
18.3000000037282,0.97419614,1.527823,1.4764893,0.9881153
18.350000003738383,0.94533736,1.5190632,1.1817858,0.8585656
18.40000000374857,0.959709,1.505511,0.98873234,0.7322985
18.450000003758756,0.91492283,1.4565375,1.9998279,1.1658028
18.500000003768942,0.9442769,1.452371,2.0551615,1.2893
18.55000000377913,1.0166163,1.4333699,1.9560964,1.3494521
18.600000003789315,0.8806205,1.4940422,1.8766474,1.1342472
18.6500000037995,0.91834056,1.6009085,2.3033094,1.2976701
18.700000003809688,1.0048356,1.5023353,2.4736886,1.421863
18.750000003819878,0.8655996,1.5423312,2.0768695,1.2814314
18.80000000383006,0.8833062,1.5031168,1.9907163,1.2556431
18.85000000384025,0.92939705,1.6477652,2.0563955,1.3658596
18.900000003850433,0.89063835,1.6334511,1.6306174,1.1328901
18.95000000386062,0.9174531,1.6476147,1.439049,1.1439062
19.000000003870806,0.9638312,1.5763793,1.7799227,1.2207031
19.050000003880992,0.89490163,1.5108548,2.0316184,1.3141953
19.10000000389118,0.8602587,1.5409921,1.9064118,1.2051538
19.150000003901365,0.9225242,1.5502582,1.1491462,0.88669
19.20000000391155,0.8421124,1.4423566,1.7335789,1.2592695
19.250000003921738,0.82763815,1.4750078,1.9974064,1.3029642
19.300000003931924,0.8541986,1.519465,2.0047832,1.2848307
19.35000000394211,0.95965326,1.5909451,2.2397456,1.4052128
19.400000003952297,0.8446852,1.545607,2.100983,1.4209925
19.45000000396248,0.89827746,1.6008325,1.9215053,1.3658872
19.50000000397267,0.8519933,1.4926881,2.2654042,1.4364469
19.550000003982852,0.82102275,1.4791393,1.8856348,1.342342
19.600000003993042,0.85810435,1.4916991,1.8348205,1.3146573
19.65000000400323,0.8745688,1.5382361,2.1180632,1.3914739
19.700000004013415,0.89093065,1.4457577,1.9152789,1.3531294
19.7500000040236,0.86837924,1.4040445,2.012516,1.3300322
19.800000004033784,0.82144654,1.5100108,2.0787709,1.4616467
19.850000004043974,0.8293805,1.3924084,1.0717053,0.8707965
19.90000000405416,0.86051273,1.4485965,2.1231167,1.4281836
19.950000004064346,0.86670506,1.5238216,2.2953925,1.3661757
20.000000004074533,0.97186625,1.5341313,2.2235954,1.3940598
20.050000004084723,0.8582262,1.4890231,2.1255443,1.3686771
20.100000004094905,0.9371528,1.5095325,2.098911,1.2993922
20.15000000410509,0.8628304,1.4731568,1.910161,1.2979138
20.20000000411528,0.8480822,1.4427023,1.998919,1.471106
20.250000004125464,0.91962135,1.504116,1.9982779,1.3187876
20.30000000413565,0.9461996,1.5566574,1.5426059,1.203347
20.35000000414584,0.939054,1.5579523,2.0996509,1.4179108
20.400000004156023,0.94881403,1.6596615,1.8664837,1.3768638
20.45000000416621,0.8984289,1.6011451,1.9551833,1.3310733
20.500000004176396,0.8488825,1.5133233,1.7915701,1.2766085
20.550000004186582,0.85218024,1.5063028,1.7981464,1.1790062
20.60000000419677,0.90464365,1.5147743,1.9968123,1.4540706
20.650000004206955,0.9438535,1.5417343,2.0155883,1.3340209
20.70000000421714,0.89877236,1.5345166,2.0424547,1.1978661
20.750000004227328,0.9274559,1.6959066,1.7636745,1.2910058
20.800000004237518,0.91264874,1.6674827,1.5908649,1.285815
20.8500000042477,0.8178036,1.6248856,1.9065773,1.2881782
20.90000000425789,0.8429248,1.6411127,1.787522,1.3864996
20.950000004268073,0.87138706,1.6003094,1.9040488,1.362108
21.00000000427826,0.89025015,1.562404,1.6396772,1.3250394
21.050000004288446,0.91456234,1.6564499,1.9971515,1.344005
21.100000004298632,0.89944446,1.6715794,1.9953082,1.3851161
21.15000000430882,0.8376157,1.7346908,2.198753,1.3564397
21.200000004319005,0.82097054,1.6440096,1.9037379,1.4106245
21.25000000432919,0.7934696,1.5373195,1.8862909,1.313905
21.300000004339378,0.8034743,1.5438229,1.8254592,1.422664
21.350000004349564,0.83749866,1.4957259,1.8844246,1.3928206
21.40000000435975,0.85620093,1.5829419,1.6910207,1.2213527
21.450000004369937,0.9372204,1.7094545,1.9133656,1.3166964
21.50000000438012,0.89948964,1.5350721,1.8657377,1.4025007
21.55000000439031,0.9297839,1.5757599,2.011455,1.3382751
21.600000004400492,0.9119999,1.6416302,1.940922,1.358019
21.650000004410682,0.98738664,1.7160406,1.8514651,1.2929951
21.70000000442087,0.8891371,1.6485796,1.9343532,1.4483533
21.750000004431055,0.8617609,1.6302491,2.099709,1.4097364
21.80000000444124,0.883542,1.6698076,1.8922219,1.3740175
21.850000004451424,0.9118556,1.7127066,1.6304035,1.2416116
21.900000004461614,0.8875108,1.6729254,1.8878478,1.2571173
21.9500000044718,0.8521925,1.699702,1.9464715,1.4051663
22.000000004481986,0.90220743,1.6637028,1.9922577,1.3683306
22.050000004492173,0.87300307,1.5620707,2.1052232,1.3085784
22.100000004502363,0.8467765,1.5766233,2.1244497,1.3770698
22.150000004512545,0.9305935,1.5681534,1.9051309,1.431976
22.20000000452273,0.98850846,1.6608319,1.5540934,1.2791517
22.25000000453292,0.9040081,1.682244,1.6877507,1.2917231
22.300000004543104,0.9165205,1.5982319,1.1163758,0.8080506
22.35000000455329,0.9377963,1.6196189,2.0677042,1.3391507
22.40000000456348,0.9490018,1.711471,1.9681896,1.3024325
22.450000004573663,0.91895396,1.6806178,1.8671544,1.2464594
22.50000000458385,0.9196737,1.6007903,1.8077652,1.2619691
22.550000004594036,0.9103509,1.6399043,1.5816505,1.2376902
22.600000004604222,0.95327383,1.6713799,1.8042697,1.2682515
22.65000000461441,0.83397394,1.5264194,1.8301189,1.3265746
22.700000004624595,0.89319676,1.5799785,1.7104591,1.222979
22.75000000463478,0.85187525,1.5558976,1.8848124,1.2528718
22.800000004644968,0.8846995,1.549306,1.7710724,1.2915113
22.850000004655158,0.93158954,1.5920222,1.6022353,1.0984392
22.90000000466534,0.96623176,1.6197389,1.5745842,1.2817311
22.95000000467553,0.90535045,1.515971,2.363368,1.3895662
23.000000004685713,0.902716,1.5359385,1.6430945,1.3602513
23.0500000046959,0.92648077,1.5433878,2.1345983,1.386172
23.100000004706086,0.9042877,1.5039,1.9645176,1.3683436
23.150000004716272,0.8255947,1.4651794,1.9546707,1.3749431
23.20000000472646,0.93556964,1.5892236,1.5383692,1.0940689
23.250000004736645,0.8240218,1.5434892,1.4274937,1.0283064
23.30000000474683,0.908562,1.5706097,2.0330477,1.686164
23.350000004757018,0.9871806,1.568619,2.0581536,1.4604925
23.400000004767204,0.86340106,1.4914106,2.116428,1.6939719
23.45000000477739,0.91997594,1.5414578,1.8812118,1.6103449
23.500000004787577,0.8577707,1.4949939,1.1738693,0.9291535
23.55000000479776,0.8446566,1.5730714,2.1150098,1.3472335
23.60000000480795,0.8737483,1.5063872,1.6862898,1.2420583
23.650000004818132,0.88080573,1.5599825,1.6986625,1.2564403
23.700000004828322,0.8428535,1.5827554,1.6806204,1.3436222
23.75000000483851,0.8523176,1.4874436,2.0406678,1.5074366
23.800000004848695,0.8540803,1.4707912,1.6043807,1.336575
23.85000000485888,0.84269536,1.4174013,1.8018436,1.3162198
23.900000004869064,0.9089041,1.5410118,1.8332744,1.4853046
23.950000004879254,0.8164365,1.4862429,1.5339751,1.1909196
24.00000000488944,0.76980746,1.4837713,1.7668331,1.2875001
24.050000004899626,0.77950233,1.4141831,1.5685699,1.2899266
24.100000004909813,0.7735184,1.4103554,1.833472,1.421448
24.150000004920003,0.7617942,1.486219,1.7831204,1.3870969
24.200000004930185,0.8939129,1.552583,1.8503529,1.3686259
24.25000000494037,0.8355428,1.6042521,1.7272589,1.2645319
24.30000000495056,0.8519423,1.6707002,1.7734526,1.352417
24.350000004960744,0.88351524,1.4745247,1.893854,1.4743899
24.40000000497093,0.86976755,1.6751895,2.0183449,1.3860525
24.45000000498112,0.8561858,1.5327657,1.756137,1.3475428
24.500000004991303,0.8667903,1.4662998,0.8525213,0.40861142
24.55000000500149,0.77933496,1.4929786,0.84444165,0.5113241
24.600000005011676,0.80969334,1.483847,0.85055816,0.38309324
24.650000005021862,0.79910845,1.4789953,0.8049576,0.3931865
24.70000000503205,0.8253973,1.5587261,0.8292698,0.45938337
24.75000000504224,0.8228329,1.4779427,0.7180535,0.40108576
24.80000000505242,0.76184994,1.4660567,0.79774404,0.43475077
24.850000005062608,0.89047045,1.6550727,0.8353556,0.30705577
24.900000005072798,0.8476078,1.7382872,0.81109285,0.39004636
24.95000000508298,0.90900767,1.6717136,1.0644968,0.5612116
25.00000000509317,0.8563072,1.5751165,0.93558276,0.4315525
25.050000005103353,0.84413344,1.7320671,1.1019543,0.486974
25.10000000511354,0.7842317,1.6226256,1.0474122,0.48025894
25.150000005123726,0.78985417,1.6308455,0.84270006,0.3376451
25.200000005133912,0.9260315,1.784928,0.8379728,0.417933
25.250000005144095,0.91210634,1.7970275,0.96582526,0.5277481
25.30000000515428,0.92254364,1.7756032,1.1132569,0.45210344
25.350000005164468,0.8336829,1.7148502,0.9194727,0.47932264
25.400000005174654,0.9532831,1.8067114,1.2957495,0.6008836
25.45000000518484,0.9218717,1.7913749,0.9221556,0.34661633
25.500000005195027,0.82740694,1.6547483,0.8424306,0.43231362
25.550000005205213,0.9275026,1.6924608,0.9949807,0.44616923
25.6000000052154,0.7930884,1.7393453,0.99789035,0.44033173
25.650000005225586,0.8336949,1.7135693,0.9998754,0.5520409
25.700000005235772,0.78794426,1.611142,0.8428294,0.4292843
25.75000000524596,0.90821946,1.6475772,0.7598599,0.47311458
25.800000005256145,0.85444343,1.7061449,0.9955789,0.62119377
25.85000000526633,0.84456116,1.5385449,1.1088319,0.6470844
25.900000005276517,0.86145157,1.6349834,1.0907505,0.49045056
25.950000005286704,0.8894602,1.7094152,1.2541893,0.5687939
26.00000000529689,0.8396644,1.7226102,1.1484307,0.5771642
26.050000005307076,0.83842766,1.6256876,0.90049,0.35409474
26.100000005317263,0.7918259,1.7612336,1.1126907,0.77119803
26.15000000532745,0.8158014,1.7188199,0.65830314,0.4722438
26.200000005337635,0.7948669,1.6365324,1.0374287,0.53054166
26.25000000534782,0.7999616,1.7045262,0.8742268,0.44709638
26.300000005358008,0.78079855,1.6890062,1.0507722,0.64519674
26.350000005368194,0.78660935,1.8018124,0.6973009,0.30809206
26.40000000537838,0.9564021,1.8150129,1.1399715,0.5981039
26.450000005388567,0.80044657,1.7396079,0.96392906,0.8141553
26.500000005398753,0.74119264,1.6515518,0.8925303,0.76805127
26.55000000540894,0.7990422,1.7942344,0.81608266,0.6735748
26.600000005419126,0.8433217,1.8119944,1.6643125,0.9099065
26.650000005429312,0.85945016,1.669692,1.0239934,0.8611866
26.7000000054395,0.7557469,1.5860498,1.0982887,0.8126929
26.750000005449685,0.79652214,1.7710208,0.9105635,0.80562437
26.80000000545987,0.82082105,1.6270082,0.91140246,0.79724455
26.850000005470058,0.8563441,1.7100489,1.268333,0.9057626
26.900000005480244,0.8135916,1.7248541,1.1992298,0.9362061
26.95000000549043,0.83411634,1.6670256,1.0528028,0.874736
27.000000005500617,0.76145303,1.6172631,0.7007706,0.58352107
27.050000005510803,0.82917416,1.7567782,0.7919141,0.5040176
27.10000000552099,0.8078069,1.7921741,1.1535597,0.8065397
27.150000005531176,0.81239295,1.6848862,0.7301135,0.43419045
27.200000005541362,0.8470922,1.5286423,0.9765437,0.5479936
27.25000000555155,0.7903104,1.6976141,1.0100505,0.59058344
27.300000005561735,0.7940624,1.8257438,0.58166176,0.34987375
27.35000000557192,0.76766,1.775943,0.75981057,0.548671
27.400000005582108,0.82641333,1.8087149,0.80698967,0.55550784
27.450000005592294,0.80881655,1.8168515,0.77949846,0.44419047
27.50000000560248,0.8690275,1.8483847,0.59046775,0.31257227
27.550000005612667,0.84380364,1.8777769,0.9483885,0.5286509
27.600000005622853,0.88459384,1.6897708,0.8855884,0.5667562
27.65000000563304,0.8209682,1.757216,0.81178033,0.44632107
27.700000005643226,0.8016391,1.7546408,0.849306,0.31503552
27.750000005653412,0.8389052,1.668576,0.86268556,0.50485843
27.8000000056636,0.864572,1.6256868,1.1353135,0.47518414
27.850000005673785,0.83727413,1.8418949,1.0263686,0.49124306
27.90000000568397,0.8254957,1.8174576,0.85594213,0.424688
27.950000005694164,0.8476474,1.8780197,1.0860277,0.82593477
28.000000005704344,0.85435873,1.8058472,1.0215325,0.8134645
28.05000000571453,0.9267597,1.7525723,1.193301,0.8248584
28.100000005724716,0.8125328,1.7926171,1.1593691,0.8536761
28.150000005734903,0.8235872,1.7857195,1.2040616,0.5566812
28.20000000574509,0.8387744,1.7282188,0.8579913,0.4007039
28.250000005755275,0.8423579,1.7038232,1.1167222,0.47011858
28.30000000576546,0.7992859,1.734811,0.9520111,0.58827573
28.350000005775648,0.8403512,1.7229121,1.2456822,0.8068073
28.400000005785834,0.8529652,1.7827127,1.169795,0.8792831
28.45000000579602,0.9044778,1.7245889,1.0592253,0.78500265
28.500000005806207,0.84140986,1.8358953,0.9485247,0.7967501
28.550000005816393,0.8964184,1.7544978,0.96808517,0.7212101
28.60000000582658,0.89420104,1.7053692,0.99027085,0.396846
28.650000005836766,0.87887645,1.7310793,1.0405735,0.7777213
28.700000005846952,0.82059294,1.6505704,1.0540928,0.7295964
28.75000000585714,0.88001573,1.6491268,1.4284282,0.87292945
28.800000005867332,0.83228856,1.6359811,0.7938698,0.49143717
28.85000000587751,0.84945387,1.7234042,0.9191963,0.47047615
28.900000005887698,0.8544788,1.6302528,1.1878831,0.9080484
28.950000005897884,0.8170607,1.6237292,1.1784986,0.92698205
29.00000000590807,0.86813104,1.6840727,1.1671581,0.7616133
29.050000005918257,0.8541987,1.6931231,0.9397352,0.46777993
29.100000005928443,0.81312096,1.7960858,0.6513294,0.45575243
29.15000000593863,0.7415605,1.5732918,0.58433956,0.32428408
29.200000005948816,0.7967491,1.758133,0.8907485,0.34842896
29.250000005959002,0.7664964,1.5917617,0.5037897,0.40788603
29.30000000596919,0.7861625,1.6541785,0.7623992,0.3611753
29.350000005979375,0.81651497,1.6304606,1.2098544,0.9408829
29.40000000598956,0.82790846,1.6646543,1.5302004,1.2922709
29.450000005999748,0.8358398,1.6625386,1.3044941,1.1673883
29.500000006009934,0.77790886,1.6928196,0.92271036,0.8453688
29.55000000602012,0.806076,1.8165244,0.83943975,0.6214119
29.600000006030314,0.82724154,1.807337,1.1403377,0.46824646
29.650000006040493,0.7899299,1.7234844,0.802154,0.57348245
29.70000000605068,0.7672009,1.7973548,0.72329694,0.4445237
29.750000006060873,0.8074385,1.7459238,0.99510336,0.6119418
29.800000006071052,0.8387785,1.850004,0.89855504,0.56754386
29.85000000608124,0.73876685,1.9476812,0.989145,0.5010161
29.900000006091425,0.7874416,1.9231169,0.8178065,0.48365408
29.95000000610161,0.83513564,2.0404007,0.78004944,0.35783142
30.000000006111804,0.82427835,1.9460845,0.82309455,0.4607689
30.050000006121984,0.79433393,2.0862694,0.8682625,0.37464085
30.10000000613217,0.8692581,2.0930786,0.77872527,0.43619725
30.150000006142363,0.8444296,2.089406,0.85055226,0.4885022
30.200000006152543,0.83111024,2.089481,0.5722912,0.41451418
30.25000000616273,0.87042665,2.0675478,0.70378333,0.51183426
30.300000006172915,0.8571756,2.0575867,1.1437194,0.511952
30.3500000061831,0.8122602,1.9091518,1.0018307,0.54461247
30.400000006193288,0.8631201,2.0633953,0.9367689,0.5784064
30.450000006203474,0.853464,2.0086713,1.0721674,0.619442
30.50000000621366,0.84347737,1.936431,1.2665588,0.7327508
30.550000006223847,0.80451095,1.9376895,1.2522663,0.7909299
30.600000006234033,0.89722157,1.8593521,1.0646294,0.53295815
30.65000000624422,0.8091918,1.8718345,0.82626975,0.59016263
30.700000006254406,0.8704256,1.9019192,0.8953369,0.47264755
30.750000006264592,0.77485263,1.8219401,1.0882266,0.5167968
30.80000000627478,0.81779695,1.826077,1.1615814,0.4002527
30.850000006284958,0.8430486,1.8832357,0.7747295,0.48509446
30.90000000629515,0.92388487,2.0026855,1.0679941,0.6452551
30.950000006305338,0.80684453,1.998474,1.0095639,0.78928465
31.000000006315524,0.8501271,1.9996382,1.0024183,0.4871543
31.05000000632571,0.89368516,1.9780979,1.135045,0.41090205
31.100000006335897,0.905405,1.957214,0.92688197,0.3884409
31.150000006346083,0.8553129,1.9494586,1.0174519,0.50292593
31.20000000635627,0.9071858,1.9482173,1.0889559,0.54621834
31.250000006366456,0.8321487,1.9078331,0.8577938,0.47499394
31.300000006376642,0.86787593,1.9912184,0.9265963,0.53902173
31.35000000638683,0.84290254,1.9523978,0.82246333,0.3874511
31.400000006397008,0.8793403,1.9625605,0.7801323,0.38229975
31.4500000064072,0.811051,1.8694854,0.62038726,0.2734375
31.500000006417388,0.8383406,1.9307516,0.53909624,0.42605674
31.550000006427574,0.86654615,1.8475683,1.451263,1.0798949
31.60000000643776,0.86921537,1.9624712,0.9770975,0.62756866
31.650000006447947,0.85224617,1.8644793,1.0958512,0.97241354
31.700000006458133,0.84695786,1.8048315,1.0688089,0.88612086
31.75000000646832,0.79447925,1.8012214,1.0063637,0.55845463
31.800000006478506,0.8386651,1.9801414,1.2971627,0.5147727
31.850000006488692,0.81416196,1.9403825,0.75046897,0.37348688
31.90000000649888,0.8270806,1.9348067,0.8262468,0.50980026
31.950000006509065,0.8862041,1.8756876,0.6040365,0.41162217
32.00000000651925,0.8801882,1.8961587,0.82016206,0.33421606
32.050000006529444,0.8721476,2.0192688,0.97356236,0.5049578
32.100000006539624,0.8694667,1.9547558,0.7304052,0.57987106
32.15000000654981,0.843224,1.9927597,1.0844527,0.6418272
32.20000000656,0.8284782,1.9166503,0.77601326,0.48568904
32.25000000657018,0.82536095,1.8879931,0.8181613,0.4822666
32.30000000658037,0.7768184,1.9652193,0.65136904,0.36995584
32.35000000659056,0.75120026,1.7670386,0.7090035,0.6034883
32.40000000660074,0.85283303,1.7695737,0.7841766,0.6277206
32.45000000661093,0.76926863,1.724942,0.64647293,0.43520078
32.500000006621114,0.81011987,1.6932299,0.8044388,0.37844658
32.5500000066313,0.8300729,1.7826142,1.1784799,0.55130845
32.60000000664149,0.81674576,1.7307705,1.2103221,0.68342483
32.65000000665167,0.85751426,1.7979019,0.9848597,0.58076197
32.70000000666186,0.8266937,1.6869602,1.087608,0.61618
32.750000006672046,0.8191441,1.8168663,1.1119391,0.57255393
32.80000000668223,0.81589425,1.7714363,0.94526374,0.42766774
32.85000000669242,0.7927385,1.7986125,0.96525675,0.49499393
32.90000000670261,0.7886154,1.7835355,0.8879869,0.5082423
32.95000000671279,0.8554698,1.8793963,0.7436606,0.47390428
33.00000000672298,0.7844949,1.7787523,0.8159752,0.54592884
33.050000006733164,0.823957,1.7705036,0.9510691,0.7864081
33.10000000674335,0.80001116,1.8641979,1.244656,0.8506072
33.15000000675354,0.78969693,1.8786002,0.845854,0.74367046
33.20000000676372,0.78688526,1.8223333,0.9117251,0.6110553
33.25000000677391,0.7467443,1.9076431,1.0023253,0.8594246
33.300000006784096,0.79119205,1.7354896,0.80852383,0.61747384
33.35000000679428,0.81588,1.7201735,0.5621102,0.30504674
33.40000000680447,0.87860143,1.8542796,0.5849886,0.35175517
33.450000006814655,0.83499795,1.7933351,0.6765187,0.39505225
33.50000000682484,0.7572756,1.7122798,0.8886808,0.5872851
33.55000000683503,0.8527155,1.8481901,0.7728061,0.39857504
33.600000006845214,0.847036,1.7352977,0.6642077,0.49421254
33.6500000068554,0.7952268,1.8214535,0.849232,0.4922434
33.700000006865594,0.8565087,1.8291113,0.91246367,0.58436346
33.75000000687577,0.7825761,1.7952993,0.7641008,0.4912635
33.80000000688596,0.84528,1.772015,0.83598185,0.35400257
33.85000000689615,0.8631522,1.8594462,0.976509,0.6783753
33.90000000690633,0.7708608,1.8908396,0.96432674,0.70702255
33.95000000691652,0.7969711,1.957646,0.96348536,0.57044613
34.000000006926705,0.7994385,1.9316294,0.972079,0.5670041
34.05000000693689,0.82809603,1.8738592,1.0398417,0.67108506
34.100000006947084,0.79842323,2.0195017,0.87880486,0.6698198
34.150000006957264,0.8113345,2.003803,0.7548204,0.41301602
34.20000000696745,0.8169693,1.7196846,0.76307154,0.51974106
34.25000000697764,0.8625168,1.8131195,0.96738154,0.3580488
34.30000000698782,0.8354207,1.9073145,0.84074587,0.52146685
34.35000000699801,0.85440284,1.8747499,1.0777848,0.5542097
34.400000007008195,0.85346633,1.8696784,1.3250065,0.49888265
34.45000000701838,0.8039802,1.8339949,1.3340114,1.0335184
34.50000000702857,0.8531315,1.8275704,1.1594484,0.53244936
34.550000007038754,0.8449536,1.8276174,1.2607783,0.73280215
34.60000000704894,0.8065245,1.9677167,1.5252261,0.9604996
34.65000000705913,0.8688938,1.7511195,1.4690958,0.94968677
34.70000000706931,0.8132518,1.7583324,1.4253745,0.9556877
34.7500000070795,0.84841526,1.7500008,1.2153742,0.90140474
34.800000007089686,0.85590446,1.8146561,1.2192318,0.85867095
34.85000000709987,0.8667963,1.9758048,1.2143031,0.88550895
34.90000000711006,0.8351892,1.8155482,1.5587212,0.9282077
34.95000000712024,0.831573,1.8987876,1.3002719,0.9697128
35.00000000713043,0.82819253,1.9275213,1.9323211,0.93790144
35.05000000714062,0.82617867,1.7576313,1.3514398,0.90351826
35.100000007150804,0.7836517,1.7823349,1.2923073,0.97753346
35.15000000716099,0.7814126,1.7472439,1.3403096,0.9374518
35.20000000717118,0.81418204,1.7678856,1.3423015,1.0232811
35.25000000718136,0.8262181,1.8132377,1.2343515,0.8895836
35.30000000719155,0.8536946,1.8138897,1.023325,0.7901617
35.350000007201736,0.8118062,1.7780032,0.92837286,0.68582594
35.40000000721192,0.8548111,1.8564607,1.189565,0.97807497
35.45000000722211,0.8758974,1.7840507,0.98197705,0.8294218
35.50000000723229,0.89736974,1.883812,1.0096447,0.8297667
35.55000000724248,0.83604807,1.8415308,1.0983824,0.83853686
35.60000000725267,0.83145624,1.8249375,0.9923278,0.7743904
35.650000007262854,0.77672035,1.7582351,1.4517155,1.2165905
35.70000000727304,0.80989486,1.8395752,1.0749109,0.84710073
35.75000000728323,0.8613703,1.866143,0.8764874,0.8077555
35.80000000729341,0.795111,1.8781774,0.90015584,0.7882856
35.8500000073036,0.85902745,1.8433499,0.859142,0.64020634
35.900000007313785,0.8329148,1.7931348,0.55197835,0.35519868
35.95000000732397,0.79680526,1.9656484,1.1665983,0.9714453
36.00000000733416,0.9074168,1.8258523,0.9322083,0.5761283
36.050000007344345,0.8421302,1.7098403,0.8884591,0.60991657
36.10000000735453,0.81689066,1.7906866,0.9204663,0.5726547
36.150000007364724,0.7584199,1.6751451,0.75408846,0.49849513
36.2000000073749,0.8660476,1.7862599,0.92029816,0.7166651
36.25000000738509,0.8406532,1.7415493,0.6196046,0.50103116
36.30000000739528,0.7999953,1.7222543,0.79104376,0.44061092
36.35000000740546,0.81725985,1.8210242,0.7705902,0.46760285
36.40000000741565,0.8059651,1.9389881,0.7982069,0.56128764
36.45000000742584,0.7986948,1.9240382,0.8321028,0.45260832
36.50000000743602,0.8289645,1.9007324,0.94083494,0.5680742
36.55000000744621,0.85083544,1.906816,0.8773797,0.5772902
36.600000007456394,0.8109939,1.9512999,0.9558605,0.6290346
36.65000000746658,0.885919,1.978665,0.91173875,0.53844404
36.70000000747677,0.88606185,1.8954189,1.2152498,0.7721543
36.75000000748695,0.8956358,2.0365462,0.91639245,0.80282515
36.80000000749714,0.79918385,1.9508725,0.797142,0.54494417
36.850000007507326,0.8303156,1.927421,1.1428763,0.93568593
36.90000000751751,0.8167687,1.9670894,0.73650706,0.529021
36.9500000075277,0.8394545,2.1176443,0.77641964,0.48496512
37.00000000753789,0.84097236,2.0744548,0.83390343,0.44438815
37.05000000754807,0.9378085,2.016923,0.94151115,0.45498085
37.10000000755826,0.8557698,1.9956758,0.9483489,0.6873721
37.150000007568444,0.87777925,1.9943534,1.4302082,1.1723739
37.20000000757863,0.81575763,2.0629697,1.2659101,0.79169106
37.25000000758882,0.8386222,1.9131141,0.66545415,0.42530802
37.300000007599,0.80856496,2.1796122,0.6156754,0.45384866
37.35000000760919,0.8552222,2.1942754,1.1060208,0.50546455
37.400000007619376,0.8108112,2.0833936,1.4224212,0.9956931
37.45000000762956,0.8425027,2.0165262,1.378073,0.59940743
37.50000000763975,0.8835018,2.1667721,0.92386955,0.36844677
37.550000007649935,0.79627824,2.038153,0.7330202,0.44018352
37.60000000766012,0.7669026,1.9855103,1.4760964,1.0803434
37.65000000767031,0.8318257,2.0267758,1.2352611,1.0245777
37.700000007680494,0.8579638,2.0503874,1.5574397,1.1782866
37.75000000769068,0.786582,2.0415602,1.2201082,0.99750626
37.80000000770087,0.7856704,1.9756507,0.89358115,0.58698595
37.85000000771105,0.8160841,1.979804,1.3214349,1.0022551
37.90000000772124,0.8272426,2.068483,1.1195649,0.88631916
37.950000007731425,0.8215623,1.9856609,1.5079259,1.2478318
38.00000000774161,0.77969974,1.9172623,1.1663382,0.87092334
38.0500000077518,0.80497384,1.9910429,1.4121622,1.1847734
38.100000007761984,0.8173588,1.9981736,1.3907493,1.2048061
38.15000000777217,0.7909944,1.9774923,0.82841605,0.54257643
38.200000007782364,0.8488696,2.1805615,1.0972949,0.7017137
38.25000000779254,0.8404773,2.076046,0.99312603,0.4194435
38.30000000780273,0.8528784,2.0788522,0.75734305,0.36963686
38.35000000781292,0.78842604,2.12409,0.80853516,0.36292905
38.4000000078231,0.84475267,1.9510608,0.87051404,0.5874945
38.45000000783329,0.81373006,2.0960524,0.8886689,0.8137668
38.500000007843475,0.8333206,1.9813113,1.0679926,0.92242515
38.55000000785366,0.8194334,2.0995624,1.167233,0.8950596
38.60000000786385,0.83203304,2.0028958,1.0461812,0.8450036
38.650000007874034,0.8315582,2.015533,0.8165032,0.5745623
38.70000000788422,0.8551035,2.1398468,1.0339243,0.87549305
38.75000000789441,0.7923606,2.2187827,1.1252489,0.754665
38.80000000790459,0.8444966,2.0689466,1.066774,0.6988395
38.85000000791478,0.8485863,2.1674657,1.1707028,0.88488233
38.900000007924966,0.83423245,2.1793466,0.98652434,0.82896173
38.95000000793515,0.84584236,2.0489779,1.3440369,0.96424174
39.00000000794534,0.8612817,2.1463485,1.0706054,0.8765072
39.05000000795552,0.9071875,2.1633248,1.0073266,0.79189086
39.10000000796571,0.8272388,2.0930753,1.2203071,0.9233036
39.1500000079759,0.8701596,1.999388,1.0999877,0.8145713
39.200000007986084,0.8050791,1.9598423,1.2039768,0.8548159
39.25000000799627,0.8694391,2.0429962,0.9997433,0.8465228
39.30000000800646,0.78888714,1.8953986,1.1544492,0.906718
39.35000000801664,0.8086305,1.8833739,1.0677432,0.778692
39.40000000802683,0.80251586,1.9669551,1.0457481,0.8070281
39.450000008037016,0.83517325,1.907636,0.94455826,0.7760091
39.5000000080472,0.83042294,1.9676743,1.1045632,0.9211892
39.55000000805739,0.8555493,1.9309638,1.1294962,0.7780826
39.60000000806757,0.8478936,2.024457,1.0366522,0.8088359
39.65000000807776,0.88672405,1.8974035,1.1093787,0.8544078
39.70000000808795,0.85712785,1.9546969,1.1199083,0.88472927
39.750000008098134,0.8087495,2.0133648,0.63587534,0.43023616
39.80000000810832,0.81143856,1.92684,0.7651374,0.40853155
39.850000008118506,0.7730358,1.9674606,1.08963,0.8091121
39.90000000812869,0.90092963,2.0323,0.9241519,0.468584
39.95000000813888,0.88448966,1.7901188,1.1827114,0.72006786
40.00000000814906,0.8655732,1.9244534,1.0759629,0.85189855
40.05000000815925,0.86665756,1.9095254,1.0760775,0.85216945
40.10000000816944,0.8172351,1.954508,1.2010967,0.8614984
40.150000008179624,0.84967625,1.8930969,1.3910677,0.95272875
40.20000000818981,0.80328333,1.9086466,1.0802852,0.73412967
40.250000008200004,0.8145406,1.8403052,1.0446106,0.88233757
40.30000000821018,0.8590851,1.8315301,1.2070684,0.7592833
40.35000000822037,0.80510867,1.8647983,0.9686444,0.83153117
40.40000000823056,0.84519076,1.9458431,0.959008,0.8118277
40.45000000824074,0.8892643,1.8507196,0.86414224,0.8137822
40.50000000825093,0.8105045,1.7788469,1.0810562,0.79117113
40.55000000826112,0.84357107,1.9062061,0.93697125,0.79666823
40.6000000082713,0.8614076,1.8793874,0.94075656,0.8478766
40.65000000828149,0.8129824,1.852241,0.98218536,0.8637415
40.700000008291674,0.8380223,1.878984,1.0505117,0.9380914
40.75000000830186,0.8012646,1.9139931,0.9694708,0.77023417
40.80000000831205,0.779732,1.8125799,0.9204303,0.82274115
40.85000000832223,0.824194,1.8752108,1.1633326,0.9201778
40.90000000833242,0.8688935,2.139737,0.7967267,0.59517205
40.950000008342606,0.8853837,1.9709628,1.0279984,0.83761454
41.00000000835279,0.89110434,1.842969,1.2165071,0.9450109
41.05000000836298,0.8287794,1.9518461,1.2920524,0.9226836
41.10000000837317,0.838356,1.9378822,0.9443158,0.89477634
41.15000000838335,0.79974854,1.8722869,1.0858036,1.0006261
41.20000000839354,0.7994836,2.0157979,0.8537209,0.4852807
41.250000008403724,0.8468217,1.9875783,1.1234305,0.7935213
41.30000000841391,0.7928003,1.9413557,0.9641442,0.78537345
41.3500000084241,0.7983495,2.104924,1.1778344,0.8657063
41.40000000843428,0.8732872,2.1398005,1.1291841,0.8323667
41.45000000844447,0.8526697,2.0546548,0.71155405,0.5591867
41.500000008454656,0.8914506,2.0680232,1.0500165,0.87869203
41.55000000846484,0.8600755,2.0536783,0.85022926,0.7814652
41.60000000847503,0.90561044,2.1482153,1.0855249,0.93287885
41.650000008485215,0.8378022,2.1255734,0.99628484,0.67055756
41.7000000084954,0.85603344,2.0649455,1.1582161,0.81323
41.750000008505594,0.81264126,2.0447307,1.0819844,0.8806293
41.800000008515774,0.7733388,2.0194378,1.2174029,0.9398341
41.85000000852596,0.81810486,1.9705058,0.9499172,0.8634974
41.90000000853615,0.8341799,1.9259868,1.2631187,0.9544474
41.95000000854633,0.80007577,1.931644,1.0189942,0.84916323
42.00000000855652,0.7969078,1.9273108,1.0507517,0.8793059
42.050000008566705,0.87607616,2.0320814,1.1572801,0.8730042
42.10000000857689,0.80616,2.0925155,1.0736252,0.74134505
42.15000000858708,0.8450342,2.1894524,1.2848892,0.87730575
42.200000008597264,0.7805023,2.1289663,1.2214248,0.93455875
42.25000000860745,0.81486726,2.0347943,1.3617389,0.8880899
42.300000008617644,0.75455356,2.0110412,1.1389892,0.83622015
42.35000000862782,0.784922,2.009225,1.586286,0.8985324
42.40000000863801,0.7964134,2.089746,1.1749161,0.8518926
42.4500000086482,0.77954316,2.0209343,1.1397933,0.74793065
42.50000000865838,0.89247495,1.975552,0.9071125,0.4802119
42.55000000866857,0.79942816,2.0658019,0.913622,0.6632381
42.600000008678755,0.8012912,2.0735936,1.1382744,0.9098238
42.65000000868894,0.80438256,2.0090423,1.4709245,0.8604432
42.70000000869913,0.8417482,1.8535628,1.1470783,0.79883265
42.750000008709314,0.83457816,1.8835518,1.1605976,0.88502413
42.8000000087195,0.9110462,1.9542676,1.1923563,0.74895
42.85000000872969,0.8255159,1.9493713,1.0883784,0.8575478
42.90000000873987,0.8483159,1.9316585,1.2340833,0.90203375
42.95000000875006,0.79356796,1.9325228,1.0631878,0.8691782
43.000000008760246,0.8117683,1.9616542,1.0592343,0.8112773
43.05000000877043,0.8114941,1.8619497,1.3425909,0.81673133
43.10000000878062,0.8012193,1.8462071,1.1893651,0.90255946
43.1500000087908,0.8860967,1.9363825,1.4141036,0.8305799
43.20000000880099,0.86898977,2.0245945,1.1097422,0.8599501
43.25000000881118,0.8591175,1.9883059,0.96457833,0.90013146
43.300000008821364,0.82302004,1.9103656,0.9750335,0.7688547
43.35000000883155,0.8663631,2.0016415,1.0702536,0.7716601
43.40000000884174,0.92763877,1.9671232,1.4855926,0.78512096
43.45000000885192,0.8160502,1.812468,1.049331,0.9246589
43.50000000886211,0.815755,1.9443538,1.0579438,0.9081202
43.550000008872296,0.81697494,1.9077145,0.9812161,0.88432914
43.60000000888248,0.85839814,2.0778742,0.9776398,0.8661585
43.65000000889267,0.81078374,1.9513155,0.9461629,0.81964225
43.70000000890285,0.8350222,2.0320127,1.090533,0.7609969
43.75000000891304,0.87969536,1.9195111,0.9413439,0.88868034
43.80000000892323,0.79809,2.0565166,0.9828037,0.75544274
43.850000008933414,0.8043735,1.9247613,1.2048229,0.94373
43.9000000089436,0.80617094,1.8714023,1.1021433,0.9559896
43.950000008953786,0.84372395,1.8173229,1.1314057,0.9484359
44.00000000896397,0.85011035,1.923009,1.1712466,0.842648
44.05000000897416,0.8583205,1.9804507,1.2510507,0.9703673
44.10000000898434,0.8701961,1.8597682,0.94032526,0.7668315
44.15000000899453,0.84697604,1.8819993,1.0162554,0.8599938
44.20000000900472,0.890817,1.8794585,0.9736293,0.87208664
44.250000009014904,0.88326657,1.9209032,1.3935108,0.973649
44.30000000902509,0.8877509,1.9973546,1.0312536,0.7604624
44.350000009035284,0.89272785,1.8737,0.9308856,0.85630023
44.40000000904546,0.82544297,1.9287033,1.3836432,1.008075
44.45000000905565,0.924878,2.0181022,1.0592296,0.8788234
44.50000000906584,0.88493854,1.9684671,0.9728353,0.8180914
44.55000000907602,0.89125454,1.9896121,1.0847844,0.7915263
44.60000000908621,0.8470797,1.9880568,0.7198225,0.4335773
44.6500000090964,0.9604725,2.0601144,1.0251572,0.53826696
44.70000000910658,0.77419305,2.0833423,0.80687463,0.6386835
44.75000000911677,0.86486113,2.0693202,0.93743587,0.73684245
44.800000009126954,0.84595835,2.1727653,1.412561,1.320193
44.85000000913714,0.83486056,2.022208,1.3028188,1.1739398
44.90000000914733,0.7875913,2.1130104,1.1871722,1.0874401
44.95000000915751,0.86932033,2.0878925,1.3070441,1.2333616
45.0000000091677,0.86198616,2.035736,1.3311405,1.1652646
45.050000009177886,0.796545,2.1481524,1.202066,1.0489228
45.10000000918807,0.84378827,2.0879037,1.3762659,1.2991662
45.15000000919826,0.8514586,2.1194623,1.284734,1.1458068
45.20000000920845,0.87121665,2.1388435,1.2724715,1.1946018
45.25000000921863,0.9215725,2.13122,1.2637221,1.1257432
45.30000000922882,0.8557842,2.0223272,1.2218906,1.0315667
45.350000009239004,0.9071168,2.026825,1.3477784,1.1190957
45.40000000924919,0.93257487,1.9215249,1.3804412,1.197315
45.45000000925938,0.9226806,1.9511331,1.5720167,1.3149915
45.50000000926956,0.9065455,1.9548769,1.1914783,0.9326663
45.55000000927975,0.9090344,1.9583191,1.3389266,1.0459973
45.600000009289936,0.957874,1.9467442,1.009967,0.6859723
45.65000000930012,0.86173475,1.9263787,1.6003631,0.9221422
45.70000000931031,0.876447,1.8973969,1.3561052,0.89798486
45.750000009320495,0.909639,1.9957243,1.916492,1.0003728
45.80000000933068,0.8461124,2.0504124,1.1688762,0.7877314
45.850000009340874,0.90820307,1.953341,0.8672566,0.7328466
45.900000009351054,0.87274367,1.9720058,0.91450965,0.7427824
45.95000000936124,0.8548279,2.0937102,1.0668917,0.51669
46.00000000937143,0.86323684,2.07434,0.67981994,0.4970835
46.05000000938161,0.81909215,2.0968246,0.64398974,0.42771465
46.1000000093918,0.83988035,2.1133258,1.159854,0.62138367
46.150000009401985,0.8435986,2.173266,0.75908965,0.4060854
46.20000000941217,0.80234635,2.1269588,0.8639854,0.34866658
46.25000000942236,0.8054313,2.0782843,1.0124264,0.7895357
46.300000009432544,0.85873413,1.9929963,0.9901402,0.6354611
46.35000000944273,0.8230097,2.131249,0.85740393,0.5200548
46.400000009452924,0.8306038,2.127081,0.7361328,0.56726074
46.4500000094631,0.76080835,2.0221815,0.64166605,0.437203
46.50000000947329,0.82380646,1.93599,0.9649228,0.58108604
46.55000000948348,0.77305984,2.0026083,0.826039,0.5439716
46.60000000949366,0.85922647,2.1074455,1.2158568,0.8652308
46.65000000950385,0.8047745,2.160659,1.0769479,0.8932099
46.700000009514035,0.78894365,2.0952168,1.2376486,0.8968943
46.75000000952422,0.83733195,2.1336322,0.9809222,0.8508078
46.80000000953441,0.8166698,1.9045836,0.98623925,0.6909373
46.850000009544594,0.858208,1.9219881,0.8850225,0.76262426
46.90000000955478,0.8442067,2.0993803,1.1627122,0.89452946
46.95000000956497,0.84258497,2.0514045,1.1294909,0.9353157
47.00000000957515,0.8682437,1.8914968,0.8551132,0.72630394
47.05000000958534,0.8606821,1.9374393,1.0475688,0.95426327
47.100000009595526,0.8029902,1.8859215,1.1113018,0.90939885
47.15000000960571,0.8077501,2.0259063,1.0328898,0.7868005
47.2000000096159,0.8220723,2.0456793,0.9104944,0.8465466
47.25000000962608,0.83153534,2.0583131,1.0741923,0.9526339
47.30000000963627,0.82872427,1.8774469,0.99984264,0.8949867
47.35000000964646,0.8551261,2.0040696,0.92582554,0.79892373
47.400000009656644,0.8582032,1.927603,1.1286533,0.999203
47.45000000966683,0.81850684,1.9262422,0.8868091,0.8457339
47.50000000967702,0.8431462,2.081652,0.85913503,0.73917186
47.5500000096872,0.82035816,2.0341475,0.9950621,0.7736414
47.60000000969739,0.8203948,2.0579119,1.1044266,0.811837
47.650000009707576,0.84415245,1.9772527,1.1151013,1.0050557
47.70000000971776,0.86449033,2.1341975,1.030759,0.8221919
47.75000000972795,0.81630135,2.102546,1.0875047,0.88934946
47.800000009738135,0.86654896,1.9737334,0.959363,0.85188085
47.85000000974832,0.85446304,2.0193892,1.0430841,0.839201
47.90000000975851,0.8690888,1.9895072,0.96037316,0.7520299
47.950000009768694,0.8852228,1.95956,1.1436158,0.91005
48.00000000977888,0.85317886,2.202974,1.1070075,0.8902266
48.050000009789066,0.85981363,2.068982,0.9142563,0.7869377
48.10000000979925,0.8127333,2.0800035,0.9537756,0.7977009
48.15000000980944,0.83930737,2.0995998,0.8793061,0.6846026
48.20000000981962,0.80028355,2.0045614,1.1180342,0.80723643
48.25000000982981,0.8459233,2.0034084,0.6826434,0.46376032
48.30000000984,0.78187525,1.9113821,0.9721178,0.86263084
48.350000009850184,0.84120446,1.9004399,1.0614969,0.9224116
48.40000000986037,0.8005898,1.9302392,1.2447329,0.96839976
48.450000009870564,0.84472305,2.0263143,0.9141493,0.8620372
48.50000000988074,0.8940759,2.0773633,1.1608083,0.97004145
48.55000000989093,0.82769656,2.0002584,0.9991168,0.8719975
48.60000000990112,0.84022516,2.0706823,0.98460025,0.89246213
48.6500000099113,0.86156875,1.9937707,0.9560454,0.8107667
48.70000000992149,0.82662517,2.0136342,1.2756119,0.8741763
48.75000000993168,0.8332921,2.0882607,0.9229732,0.7653311
48.80000000994186,0.85415745,2.0586076,1.0627956,0.83913827
48.85000000995205,0.9256237,2.1491792,0.9986906,0.80683523
48.900000009962234,0.8830675,2.1324341,0.9254152,0.717435
48.95000000997242,0.854562,2.0306518,1.0855469,0.9169019
49.00000000998261,0.8927653,2.0302436,1.0046594,0.79884833
49.05000000999279,0.811387,2.0448697,1.1271122,0.90448713
49.10000001000298,0.82033813,2.0560992,0.9665345,0.85984796
49.150000010013166,0.8604809,2.1043622,1.0073662,0.79392916
49.20000001002335,0.8567325,2.0012033,1.0112215,0.74665785
49.25000001003354,0.8809079,1.9666259,0.98707825,0.80062455
49.30000001004373,0.8886001,2.0719652,1.1207647,0.8594772
49.35000001005391,0.94640756,2.0929892,1.1389408,0.82855594
49.4000000100641,0.9598329,2.1879573,0.9964949,0.8888978
49.450000010074284,0.85236615,2.128008,0.82737553,0.78191465
49.50000001008447,0.8675873,2.1058898,1.1186032,0.8318389
49.55000001009466,0.8738221,2.0152078,1.0700414,0.83587193
49.60000001010484,0.89812326,2.15882,0.9728497,0.8290496
49.65000001011503,0.85217065,2.0263915,1.0255147,0.8679328
49.700000010125216,0.8829714,2.0753949,1.0451097,0.8862993
49.7500000101354,0.82894915,2.054976,1.0287111,0.8258771
49.80000001014559,0.8379776,2.0652528,1.1467324,0.82706743
49.850000010155775,0.8316458,2.0531378,0.9872878,0.7952399
49.90000001016596,0.77355075,2.0794532,0.79842716,0.7257612
49.950000010176154,0.8707733,2.0367749,1.0329375,0.81935436
50.000000010186334,0.7878149,2.024364,1.2462981,0.8301084
50.05000001019652,0.9221009,2.0725844,1.2654055,0.86294794
50.10000001020671,0.91837853,2.1611638,0.99449724,0.82660604
50.15000001021689,0.93910575,2.0251062,1.1596905,0.8294248
50.20000001022708,0.77377135,2.0504022,0.99617076,0.7920239
50.250000010237265,0.87830615,2.137132,0.9772152,0.52013683
50.30000001024745,0.8625519,2.082763,0.8915126,0.7127357
50.35000001025764,0.8570738,2.1510313,0.9024847,0.86434853
50.400000010267824,0.9393761,2.014692,1.001084,0.7935181
50.45000001027801,0.8535529,2.0537574,0.7765846,0.46271473
50.500000010288204,0.8622726,2.0632477,1.1535853,0.8448016
50.55000001029838,0.85135674,1.9947748,0.8995365,0.7848364
50.60000001030857,0.86079115,2.0945222,1.0083132,0.86510897
50.65000001031876,0.83790445,2.0689013,0.85926175,0.60125524
50.70000001032894,0.88736534,2.1025424,0.9560913,0.816015
50.75000001033913,0.8885356,2.0321043,1.1453892,0.8787578
50.800000010349315,0.89471996,1.9972086,0.9435674,0.80059946
50.8500000103595,0.74386096,1.9394767,1.0617595,0.8668825
50.90000001036969,0.79488623,2.0397756,1.1277037,0.57291764
50.950000010379874,0.83063114,1.9056635,0.90329874,0.829334
51.00000001039006,0.77795917,2.0095487,1.0570185,0.87892056
51.05000001040025,0.79140013,1.9406106,0.91629577,0.8585043
51.10000001041043,0.8266525,2.03722,0.9780511,0.8683375
51.15000001042062,0.7589179,1.869273,1.0499177,0.91968954
51.200000010430806,0.8170427,1.988637,0.9161396,0.8664018
51.25000001044099,0.8006566,1.9280094,0.90283096,0.8354605
51.30000001045118,0.8473391,1.9389884,0.9136632,0.7902093
51.35000001046136,0.8235255,1.8957372,1.0764797,0.9514609
51.40000001047155,0.8771523,1.8746101,0.97686267,0.8272494
51.45000001048174,0.8613465,1.9575787,1.1275071,0.8939204
51.500000010491924,0.8312961,2.0102973,0.9861838,0.7669264
51.55000001050211,0.89300543,1.9984757,1.0393678,0.7472727
51.6000000105123,0.9226029,2.1028504,1.1960354,0.79125994
51.65000001052248,0.93729854,2.2383533,1.0491455,0.7977449
51.70000001053267,0.92485183,2.1425266,1.1620901,0.873961
51.75000001054285,0.8347079,2.1368744,0.8784573,0.8277801
51.80000001055304,0.8960581,2.1782784,1.5053158,0.9972521
51.85000001056323,0.8758151,2.1160078,1.0481893,0.886857
51.900000010573414,0.83015335,2.1415646,0.9887272,0.8830256
51.9500000105836,0.878745,2.197179,0.9109403,0.74138904
52.00000001059379,0.80826885,2.1846442,0.89146876,0.801796
52.05000001060397,0.8962337,2.2411342,1.0962212,0.84558845
52.10000001061416,0.8684018,2.0302546,1.0741322,0.9190863
52.150000010624346,0.83219254,2.239772,1.078764,0.83345747
52.20000001063453,0.8098894,2.1304498,1.0456976,0.8343754
52.25000001064472,0.90655,2.0811841,1.1529945,0.9317294
52.3000000106549,0.88930243,2.007531,1.04299,0.8119019
52.35000001066509,0.8841051,2.068709,1.0410001,0.8358599
52.40000001067528,0.8533347,2.15736,1.0790812,0.86112547
52.450000010685464,0.846911,2.2064211,0.96998405,0.7503761
52.50000001069565,0.8697947,2.1396441,1.1454587,0.8397421
52.550000010705844,0.80847615,2.1702356,1.0125396,0.88027006
52.60000001071602,0.82015944,2.1746066,1.0348771,0.81458676
52.65000001072621,0.83222544,2.4656513,0.8254421,0.7616397
52.7000000107364,0.814281,2.4155257,1.0251238,0.7313006
52.75000001074658,0.84552103,2.3486555,0.9446094,0.86329687
52.80000001075677,0.817656,2.553267,1.04526,0.81260633
52.85000001076696,0.9457028,2.480801,1.019493,0.8251687
52.90000001077714,0.78426826,2.3645215,1.0173504,0.8699257
52.95000001078733,0.7876588,2.1816406,1.0082467,0.8742854
53.000000010797514,0.8709555,2.5734959,1.1295238,0.92261016
53.0500000108077,0.80679476,2.4601574,0.99712205,0.89830065
53.10000001081789,0.8009305,2.3614492,0.94464475,0.8578756
53.15000001082807,0.8005403,2.365459,1.0841279,0.8486399
53.20000001083826,0.7710922,2.190333,0.9601406,0.6716794
53.250000010848446,0.7987166,2.3271923,1.0907868,0.88255936
53.30000001085863,0.80852103,2.2048583,0.9713559,0.8327103
53.35000001086882,0.8058376,2.3055115,1.1090449,0.8458288
53.40000001087901,0.86849505,2.1310508,0.9129237,0.8353343
53.45000001088919,0.796594,2.1852403,0.85977685,0.75327694
53.50000001089938,0.7822145,2.237207,0.94753927,0.8576853
53.550000010909564,0.77664137,2.4231873,1.0407006,0.9359863
53.60000001091975,0.73153675,2.1568577,0.92887366,0.46382523
53.650000010929936,0.76971763,2.233649,0.89744174,0.5198473
53.70000001094012,0.78886205,2.081689,0.9566206,0.86112547
53.75000001095031,0.8823052,2.1856883,1.0719116,0.8727484
53.800000010960495,0.8667065,2.1593378,1.0366033,0.76146495
53.85000001097068,0.82425916,2.1026258,1.1819091,0.92856455
53.90000001098087,0.83897823,2.1659377,0.9007242,0.80972904
53.950000010991054,0.87565714,2.0875802,1.0783467,0.9566719
54.00000001100124,0.90197194,2.2727642,1.0302169,0.805372
54.050000011011434,0.8556309,2.1167812,1.4980512,1.0056074
54.10000001102161,0.89546263,2.0234995,0.85268825,0.7506203
54.1500000110318,0.8781024,2.2453213,1.2698455,0.86566865
54.20000001104199,0.89896345,2.0402298,1.8157773,1.0611684
54.25000001105217,0.8478183,2.025365,0.9987209,0.85832304
54.30000001106236,0.86543536,2.146099,1.5658909,1.0454358
54.350000011072545,0.8202168,2.2711585,1.5643024,0.9778466
54.40000001108273,0.86709726,2.1592312,1.335693,0.9701992
54.45000001109292,0.8086261,2.0622764,1.4881319,0.8844569
54.500000011103104,0.90387374,2.113629,1.5737306,1.0867014
54.55000001111329,0.8095943,2.1000843,1.4226793,1.0093986
54.600000011123484,0.90172,2.151801,1.678167,0.9987584
54.65000001113366,0.9168816,2.0533257,1.3017571,0.84481645
54.70000001114385,0.9476901,2.087675,1.2252674,0.8950455
54.75000001115404,0.87742615,2.013766,0.9206723,0.81068623
54.80000001116422,1.0075464,2.0385623,1.5615757,0.90477836
54.85000001117441,0.8900968,2.2068586,1.2485011,0.8754415
54.900000011184595,0.87829715,2.1912193,1.2381115,0.78543097
54.95000001119478,0.9029296,2.375356,1.243336,0.77901745
55.00000001120497,0.810951,2.3596196,1.5168746,0.87531245
55.050000011215154,0.8746433,2.3892484,1.3545759,0.9903782
55.10000001122534,0.8999127,2.2410197,1.4538205,0.870465
55.15000001123553,0.872592,2.257067,1.5415996,0.95200413
55.20000001124571,0.91386294,2.3222928,1.2949834,0.89297944
55.2500000112559,0.7916251,2.2063465,1.1130803,0.918488
55.300000011266086,0.8539971,2.1817973,1.1611032,0.9513765
55.35000001127627,0.8290922,2.1612127,0.85854346,0.8365382
55.40000001128646,0.8254353,2.1406195,1.3578737,0.8341888
55.45000001129664,0.8933458,1.9856193,1.1512095,0.9557874
55.50000001130683,0.8031384,2.0190806,1.1090472,0.85438424
55.55000001131702,0.7909982,1.9681056,1.0186445,0.5871911
55.600000011327204,0.8014172,2.0881696,0.9180793,0.840489
55.65000001133739,0.81984675,2.153732,1.01102,0.87615216
55.700000011347576,0.8553806,2.166004,1.1761926,0.8938222
55.75000001135776,0.8836876,2.1979318,1.2559246,0.8728461
55.80000001136795,0.8734232,2.1709118,0.8584763,0.81124014
55.85000001137813,0.8250524,2.2192738,1.0067303,0.78983134
55.90000001138832,0.8876519,2.2282245,1.3024712,0.886806
55.95000001139851,0.8295638,1.9432741,1.3913776,0.80814993
56.000000011408694,0.81420386,2.1251335,1.274734,0.9493326
56.05000001141888,0.84698075,2.211269,1.0262729,0.8935919
56.10000001142907,0.79938227,2.168906,1.4959048,0.8315432
56.15000001143925,0.82911694,2.116407,1.6600778,0.9437141
56.20000001144944,0.83441114,2.0991507,1.6204989,0.99452287
56.250000011459626,0.833753,2.014318,1.5344114,0.91035044
56.30000001146981,0.8755755,2.1665726,1.3776507,0.8603965
56.35000001148,0.9171135,2.2076657,1.2771808,0.85451055
56.40000001149018,0.85524035,2.2648425,1.4040647,0.87992793
56.45000001150037,0.9699771,2.2876916,1.2599983,0.7927429
56.50000001151056,0.9550396,2.1317742,1.5387766,0.96652687
56.550000011520744,0.8974236,2.1233878,1.1070578,0.8698305
56.60000001153093,0.8752454,2.038775,1.6568125,0.9415735
56.650000011541124,0.90741664,2.1940951,1.6623292,0.9352567
56.7000000115513,0.89505345,2.1817245,1.5169001,0.835908
56.75000001156149,0.93544847,2.0756545,1.4723978,0.91292447
56.80000001157168,0.9377071,2.0741074,1.5092785,1.0409441
56.85000001158186,0.98429745,2.0486538,1.4824451,0.9706337
56.90000001159205,0.88419026,2.0881958,1.3622234,0.98546773
56.95000001160224,0.854843,2.0874076,1.408364,0.93977004
57.00000001161242,0.8867091,2.0485742,1.566714,0.8909621
57.05000001162261,0.8933548,2.0206552,0.92404103,0.4929668
57.100000011632794,0.9164239,2.0065353,1.3527343,0.663363
57.15000001164298,0.91293937,2.0482352,1.3311837,0.6763264
57.20000001165317,0.9221494,2.153181,0.89208066,0.6520183
57.25000001166335,0.8492226,2.1187944,0.82510644,0.39607376
57.30000001167354,0.8883501,2.3142345,0.9710083,0.79413146
57.350000011683726,0.79714,2.3671525,1.1618747,0.98565364
57.40000001169391,0.80721617,2.39883,0.9223107,0.87984806
57.4500000117041,0.8424845,2.18311,1.0196404,0.8934093
57.50000001171429,0.82710886,2.2458615,1.0126649,0.9194767
57.55000001172447,0.8445065,2.0331242,0.7978215,0.7383668
57.60000001173466,0.82705486,2.3488286,0.9800711,0.82644814
57.650000011744844,0.86161494,2.296651,1.2091954,0.77236867
57.70000001175503,0.9097301,2.0775225,1.1706655,0.823543
57.750000011765216,0.8175883,2.1862028,1.2416638,0.8236527
57.8000000117754,0.87432975,2.2120843,1.2822539,0.8211167
57.85000001178559,0.89444107,2.1104739,0.87221026,0.702868
57.900000011795775,0.8552835,2.2079155,1.1002798,0.877992
57.95000001180596,0.8295405,2.1137168,1.363157,0.8623166
58.00000001176521,0.8712263,1.988433,1.4859675,0.98718524
58.0500000115935,0.8139548,2.20485,1.0814149,0.90259004
58.100000011421784,0.83810914,2.1822855,1.1903279,0.81839204
58.15000001125007,0.85414046,2.0602708,0.87398255,0.7084233
58.20000001107836,0.9132027,2.1277304,1.2430136,0.88642955
58.250000010906646,0.9047183,2.2122076,1.4281511,0.83182687
58.300000010734934,0.92935675,2.3029172,1.2012606,0.8805951
58.35000001056322,0.82775915,2.3394165,1.5845662,0.7879257
58.40000001039151,0.86895347,2.4079416,1.4756376,1.0665965
58.450000010219796,0.8939505,2.1432102,1.5677692,0.8962728
58.50000001004808,0.8533281,2.1035287,1.4202065,1.0356702
58.55000000987637,0.8580562,2.0975156,1.345575,0.98166335
58.60000000970466,0.84468985,2.3532078,1.3274236,0.9263835
58.650000009532945,0.8720161,2.161382,1.828972,1.0054526
58.70000000936123,0.8786672,2.1761112,1.4106423,0.9168855
58.75000000918952,0.8886802,1.9614762,1.5271014,0.9419919
58.80000000901781,0.84851557,2.0256696,1.4976583,1.020474
58.850000008846095,0.89605004,2.0658457,1.3471682,0.9286132
58.90000000867438,0.8903366,2.0652187,1.7108331,0.9294208
58.95000000850267,0.90152925,2.1772063,1.2884974,0.76918757
59.00000000833096,0.92471784,2.1459656,1.3996894,0.835151
59.050000008159245,0.88206637,1.9750005,1.5589733,0.9417201
59.10000000798753,0.8745295,2.0547047,1.1519326,0.9486794
59.15000000781582,0.83335185,1.8941175,1.6703656,1.1232636
59.20000000764411,0.8905,2.0304303,1.2864776,0.9398928
59.250000007472394,0.8720223,2.1320894,1.2912672,0.8869786
59.30000000730068,0.889154,2.1246235,1.1165438,0.89376324
59.35000000712897,0.83742315,2.0918534,1.3040535,0.901775
59.40000000695726,0.8961861,2.2867541,1.5650601,1.0774822
59.450000006785544,0.8502955,1.997757,1.2938768,0.8975684
59.50000000661383,0.841577,2.0837753,1.2591892,0.9634737
59.55000000644212,0.8714416,2.1437998,2.1938326,0.9977049
59.600000006270406,0.895074,2.0845318,1.4213905,0.97325975
59.65000000609869,0.8440283,2.0840359,1.73411,1.0349841
59.70000000592698,0.8973994,2.1607556,1.3832285,0.9215623
59.75000000575527,0.8056636,2.1654177,1.4558214,1.0166919
59.800000005583556,0.8250066,2.271548,1.4400423,0.9017415
59.85000000541184,0.8335875,2.0708756,1.0595357,0.7597658
59.90000000524013,0.8372316,2.0946941,0.99171793,0.523422
59.95000000506842,0.8714659,2.193292,1.5159286,0.9152719
60.000000004896705,0.92929775,2.2247891,1.6833979,0.8640901
60.05000000472499,0.88398933,2.246565,1.3280861,0.95275515
60.10000000455328,0.9027115,2.231968,1.2661397,0.8925662
60.15000000438157,0.9017134,2.2174132,1.0899798,0.8459238
60.200000004209855,0.89841294,2.2824283,1.4357543,1.0098287
60.25000000403814,0.89897877,1.9915576,1.5855975,0.9723413
60.30000000386643,0.90429693,2.1441824,1.4250637,0.9856001
60.35000000369472,0.9041446,2.1693335,1.8015987,0.9947752
60.400000003523004,0.8563116,2.1229634,1.2739562,0.8020276
60.45000000335129,0.8296703,2.094873,1.0080845,0.71737206
60.50000000317958,0.81432104,2.2174191,0.8632582,0.52388686
60.55000000300787,0.9017893,2.173257,0.96720684,0.30663046
60.600000002836154,0.9468659,2.1383562,0.78293765,0.5385839
60.65000000266444,0.86710656,2.0776136,1.0775638,0.32947418
60.70000000249273,0.8677047,2.115541,0.7311463,0.3380537
60.750000002321016,0.8742315,2.1009579,1.0264413,0.4898361
60.800000002149304,0.8839034,2.111422,0.59135014,0.4018734
60.85000000197759,0.9343112,2.2745368,0.7349476,0.6224086
60.90000000180588,0.95092857,2.140741,1.3524427,0.5164714
60.950000001634166,0.91695434,2.1079824,1.4732168,0.9504844
61.00000000146245,0.8363372,2.1674688,1.2831198,0.90416247
61.05000000129074,0.8568641,2.2190409,1.2817326,0.96035326
61.10000000111903,0.9218426,2.2882473,1.4929236,0.9152252
61.150000000947315,0.82393056,2.26759,1.5424142,0.99208975
61.2000000007756,0.869528,2.1832042,1.2218733,0.92503613
61.25000000060389,0.932176,2.229886,1.4931059,0.9686719
61.30000000043218,0.92897236,2.1719913,1.3785706,0.9999562
61.350000000260465,0.93346584,2.0849423,1.0668075,0.7721347
61.40000000008875,0.88546365,2.0821607,0.8481658,0.76292366
61.44999999991704,0.9157338,2.0692873,1.3949528,0.927407
61.49999999974533,0.89375144,2.0772643,1.3766141,0.9060285
61.549999999573615,0.89260405,2.1432464,1.0163033,0.8205634
61.5999999994019,0.9271979,2.204511,1.0938282,0.7410539
61.64999999923019,0.89285964,2.1773415,1.3182037,0.96067977
61.69999999905848,0.89945287,2.1838393,1.129429,0.35847607
61.749999998886764,0.8990966,2.0652404,1.611011,1.0639768
61.79999999871505,0.88013375,2.0811815,1.4251078,1.025858
61.84999999854334,0.86002105,2.1772919,1.4065225,1.0097318
61.89999999837163,0.87206566,2.0777848,1.226129,1.0615823
61.949999998199914,0.8792294,2.090163,1.3092439,1.061159
61.9999999980282,0.8127746,1.9846731,1.3364409,0.90135187
62.04999999785649,0.8138863,2.200404,1.4325749,1.2312517
62.099999997684776,0.8767283,2.1582148,1.5714867,1.1181624
62.14999999751306,0.86605656,2.1607459,1.4793446,1.2134509
62.19999999734135,0.9025138,2.2079163,0.99422944,0.4785943
62.24999999716964,0.92030644,2.130825,1.158619,0.49429888
62.299999996997926,0.9411195,2.1146872,1.1714816,0.5955135
62.34999999682621,0.95843005,2.306764,1.1002059,0.5333253
62.3999999966545,0.8927338,2.174502,0.92650175,0.60202694
62.44999999648279,0.94487107,2.2052646,1.3031067,0.85285544
62.499999996311075,0.88553977,2.1526644,1.3176272,1.029699
62.54999999613936,0.8404461,2.2065666,1.1594151,0.8376535
62.59999999596765,0.8677926,2.149635,1.383128,0.9011346
62.64999999579594,0.8985379,2.101505,1.2384765,0.92238975
62.699999995624225,0.8839646,2.19508,1.2331302,0.90289587
62.74999999545251,0.8872336,2.1391182,1.2751287,0.9716803
62.7999999952808,0.87275356,2.1133528,1.2785441,1.0000315
62.84999999510909,0.92939866,2.2995338,1.2239982,1.0512029
62.899999994937374,0.9574951,2.1298518,1.2210572,0.990548
62.94999999476566,0.89602375,2.1391513,1.1194657,0.8905846
62.99999999459395,0.9452276,2.117643,1.1929812,1.0670669
63.04999999442224,0.8456439,2.0839996,1.4009172,0.93682253
63.099999994250524,0.9030693,2.1701324,1.2091604,0.8766017
63.14999999407881,0.88623524,2.2124043,0.975568,0.9457728
63.1999999939071,0.94913423,2.1087697,1.2651682,1.0022275
63.249999993735386,0.9468596,2.098246,1.131546,0.97069836
63.299999993563674,0.92425585,2.1954777,1.5072217,0.99574095
63.34999999339196,0.9202815,2.3375955,1.4479142,0.8466681
63.39999999322025,0.9084748,2.224201,1.36834,0.96979046
63.449999993048536,0.93177843,2.0238242,1.5452863,1.0187855
63.49999999287682,0.9037788,2.1517534,1.2203449,1.0453589
63.54999999270511,0.96779656,2.2574716,1.4976538,1.1762143
63.5999999925334,0.97342426,2.2482662,1.8557547,1.0762774
63.649999992361685,0.99746734,2.2005339,1.4133841,1.200779
63.69999999218997,0.9501573,2.125921,1.369853,1.0731225
63.74999999201826,0.8943686,2.1294696,1.4715964,1.1143403
63.79999999184655,0.9289943,2.0949016,1.4693815,1.1672379
63.849999991674835,0.9522015,2.2333982,1.198626,1.0492792
63.89999999150312,0.9360466,2.1216068,1.3213236,1.0799855
63.94999999133141,0.87522244,2.139,1.3168119,1.0015411
63.9999999911597,0.9453018,2.0912194,1.3983132,0.9777696
64.04999999098798,0.9790718,2.2633545,1.111495,0.8060199
64.09999999081627,0.904524,2.196351,1.2086664,0.8924481
64.14999999064456,0.97833,2.1437356,1.0016036,0.88622856
64.19999999047285,0.9426243,2.1486754,0.96481746,0.8120564
64.24999999030113,1.0249842,2.2175226,1.2153307,0.9192965
64.29999999012942,1.0167501,2.214754,0.9387871,0.80600744
64.34999998995771,0.93779564,2.0787673,1.1968786,0.8753297
64.399999989786,0.90644073,2.0460043,1.113909,0.89792615
64.44999998961428,0.96431625,2.0976484,1.023529,0.876367
64.49999998944257,0.90792006,2.1768918,1.2127993,1.0331371
64.54999998927086,0.9335307,2.146205,1.0628622,0.90531915
64.59999998909915,0.902115,1.9925374,1.156813,0.8609797
64.64999998892743,0.91490203,2.074487,1.1256,0.8590888
64.69999998875572,0.8464215,2.1276097,1.0603924,0.8708599
64.74999998858401,0.89405453,2.12054,0.9111672,0.8602536
64.7999999884123,0.855864,2.0788343,1.1539242,0.8472519
64.84999998824058,0.8448342,1.9595535,1.0608606,0.9074401
64.89999998806887,0.93256384,1.9330244,1.278295,0.9665424
64.94999998789716,0.86384225,1.9589363,1.2086926,0.93642324
64.99999998772545,0.9535322,2.2796907,1.1766367,0.86189157
65.04999998755373,0.93884706,2.1207938,1.1518238,0.8984124
65.09999998738202,0.8949086,2.2266738,1.1146413,0.9211973
65.14999998721031,0.8939537,2.2596684,1.1094127,0.9035572
65.1999999870386,0.85207045,2.3209577,1.1340759,0.8762323
65.24999998686688,0.89886934,2.2825823,1.0968895,0.88589144
65.29999998669517,0.9666211,2.1616607,1.0989625,0.9481263
65.34999998652346,0.8675921,2.1151145,1.1804953,0.930832
65.39999998635174,0.8986095,2.0077949,1.169676,0.84453416
65.44999998618003,0.9277712,2.1135278,1.2144942,0.98785615
65.49999998600832,0.8394537,2.2331352,1.14257,0.7796807
65.5499999858366,0.9072969,2.2895758,1.2968999,0.9278561
65.5999999856649,0.8204545,2.2658956,1.0857239,0.8009818
65.64999998549318,0.8911192,2.1430848,1.1735904,0.8528172
65.69999998532147,0.83523,2.202111,0.9485915,0.7688743
65.74999998514976,0.9039146,2.321393,0.9544578,0.7849228
65.79999998497804,0.87330294,2.1583686,1.1128085,0.8373598
65.84999998480633,0.9239607,2.2530124,1.1662413,1.0174223
65.89999998463462,0.88654226,2.0876045,1.0439907,0.90521383
65.9499999844629,0.8875256,2.1249387,1.117507,0.91374606
65.9999999842912,0.9079504,2.025339,1.2504221,0.9789188
66.04999998411948,0.86143726,2.0255709,1.209183,0.8950287
66.09999998394777,0.9127101,2.0302954,1.2484868,0.93431973
66.14999998377606,0.85936344,2.0826287,1.0284095,0.7898377
66.19999998360434,0.93931735,2.2587829,1.1973255,0.93101805
66.24999998343263,0.9625908,1.9806888,1.0112795,0.8014986
66.29999998326092,0.91220486,1.8899261,1.39361,1.0640074
66.3499999830892,0.94396293,1.9251332,1.218684,0.8900715
66.39999998291749,0.9240248,1.9622321,0.77285403,0.6812401
66.44999998274578,0.91392785,1.972686,1.1190628,0.8386506
66.49999998257407,0.91125697,1.9965184,1.0791199,0.94647837
66.54999998240235,0.9157171,1.9472551,0.92582893,0.84694374
66.59999998223064,0.85632086,1.9589316,1.244665,0.84564483
66.64999998205893,0.89907193,2.1217828,1.019699,0.9160503
66.69999998188722,0.8709366,2.1392972,1.2612332,0.86169934
66.7499999817155,0.8469576,2.0422559,1.544246,0.83157945
66.79999998154379,0.94596076,2.0231576,1.0554372,0.78341216
66.84999998137208,0.92458993,1.9445081,1.2140839,0.8342851
66.89999998120037,0.9703518,2.053008,1.0997467,0.9398341
66.94999998102865,0.97552764,2.198328,1.3767743,0.96169555
66.99999998085694,0.9763443,2.1840773,1.1156551,0.84823763
67.04999998068523,0.94775176,2.093674,1.0766398,0.8147654
67.09999998051352,0.94943976,2.2351663,1.0207169,0.8627938
67.1499999803418,0.938594,2.1743665,1.8047773,1.0100051
67.19999998017009,0.9476855,2.135565,1.1792408,0.8996657
67.24999997999838,0.9172401,2.1610513,0.968704,0.80183357
67.29999997982667,0.9278428,2.1516895,1.0564823,0.8932464
67.34999997965495,0.96267736,2.1086798,1.285492,1.0083339
67.39999997948324,0.88042134,2.0337958,0.9875837,0.77179664
67.44999997931153,0.8656844,2.0504377,1.0771798,0.87227654
67.49999997913982,0.8490307,1.993665,0.8513084,0.47897166
67.5499999789681,0.79180235,2.1541264,0.79370147,0.47186637
67.59999997879639,0.9273914,2.0792518,0.8441898,0.5947502
67.64999997862468,0.93996966,2.0441008,1.1067482,0.52574223
67.69999997845296,0.940347,2.1431777,1.1408821,0.9891256
67.74999997828125,0.9287434,2.1788,1.0854226,0.88166887
67.79999997810954,0.9606235,2.2185447,1.3636905,1.0175037
67.84999997793783,0.9655445,2.1977944,1.2201564,0.9599246
67.89999997776611,0.94978046,2.217674,1.074143,0.76478
67.9499999775944,0.97139335,2.27429,0.7992471,0.4670067
67.99999997742269,0.93703777,2.1264198,1.4674768,1.0960902
68.04999997725098,0.9532047,2.1804647,1.3024515,1.0990491
68.09999997707926,0.9869725,2.112699,0.9692832,0.6359625
68.14999997690755,0.9510315,2.1414218,0.97240996,0.67881167
68.19999997673584,0.9244176,2.044673,1.004352,0.8514919
68.24999997656413,0.90732074,1.9405198,0.7189235,0.4452852
68.29999997639241,0.91024995,2.0522633,1.0861753,0.34914133
68.3499999762207,0.9375515,2.1690197,1.1996708,0.93485945
68.39999997604899,0.8935065,1.9886118,1.1507366,0.90762544
68.44999997587728,0.9641958,2.0101252,1.1394999,0.955601
68.49999997570556,0.92895854,2.096148,1.2543938,0.91290796
68.54999997553385,0.9603348,2.1499047,1.1503001,0.87760895
68.59999997536214,0.9930028,1.9585986,1.4318752,1.0998343
68.64999997519043,0.9869193,2.0002375,1.0375048,0.92970973
68.69999997501871,0.8840168,2.0113266,1.0553657,0.95785433
68.749999974847,0.92172146,2.0699296,1.1166141,0.87588286
68.79999997467529,0.9139818,2.1850593,1.2507266,1.1803868
68.84999997450358,0.9110484,2.1250405,1.0252218,0.817846
68.89999997433186,0.9870014,2.1405556,1.0561513,0.82009524
68.94999997416015,0.9382485,2.175314,0.9509424,0.87537265
68.99999997398844,0.9793612,2.2272234,1.0485642,0.95276564
69.04999997381672,0.89900935,2.2961922,0.98773074,0.7423768
69.09999997364501,0.9928098,2.3607013,0.9217555,0.7800701
69.1499999734733,0.91008615,2.3757486,0.9589651,0.9032849
69.19999997330159,0.93720436,2.4272535,0.93293005,0.75209665
69.24999997312987,0.93428487,2.508292,1.2821985,0.9388776
69.29999997295816,0.91603744,2.4164906,1.0396371,0.83231854
69.34999997278645,0.96522206,2.3091187,0.8927831,0.8012481
69.39999997261474,1.0345486,2.2111895,1.1719148,0.84166163
69.44999997244302,0.93890935,2.148285,0.9879536,0.87629825
69.49999997227131,1.0188766,2.3416498,0.93337846,0.7770013
69.5499999720996,0.9253998,2.2652657,1.0223008,0.8179564
69.59999997192789,0.9793278,2.5069447,1.1482342,0.9248299
69.64999997175617,0.9826869,2.500162,0.945873,0.8834007
69.69999997158446,0.9265337,2.5228457,1.04995,0.88369036
69.74999997141275,0.93396837,2.4814372,1.0407697,0.88318473
69.79999997124104,0.9250135,2.6689422,0.97340655,0.78501225
69.84999997106932,0.9459671,2.6473618,1.1594743,0.773252
69.89999997089761,0.9835356,2.5708742,0.92076135,0.7859229
69.9499999707259,0.9601856,2.3644485,0.9490996,0.829216
69.99999997055419,0.97039056,2.5022736,1.1254421,1.0043087
70.04999997038247,0.9195595,2.4410121,1.0910964,0.8327315
70.09999997021076,0.9116565,2.400827,1.1687369,0.77199167
70.14999997003905,0.88994336,2.3406174,1.1015217,0.7879576
70.19999996986733,0.9053408,2.3244462,1.097183,0.7977795
70.24999996969562,1.035682,2.2778363,1.1407044,0.77630985
70.29999996952391,0.96676934,2.3118,1.1512308,0.8632823
70.3499999693522,0.9826707,2.3194356,1.0787619,0.8759115
70.39999996918048,0.893582,2.2980573,1.0138463,0.70405596
70.44999996900877,0.9336935,2.1494107,1.1454154,0.9384124
70.49999996883706,0.9198021,2.2658641,1.1057738,0.80690676
70.54999996866535,0.9130249,2.2723525,1.3038452,0.93754554
70.59999996849363,1.0030545,2.131841,1.0402615,0.87162614
70.64999996832192,0.9543053,2.089447,1.1539207,0.8571497
70.69999996815021,1.0328511,2.2902086,1.0944082,0.8882086
70.7499999679785,0.98369926,2.2366757,0.9012995,0.81135774
70.79999996780678,0.9292573,2.0969906,0.96866345,0.82757705
70.84999996763507,0.9646038,2.0654097,1.2467904,0.9440917
70.89999996746336,0.9308333,2.1218886,1.0902028,0.8919221
70.94999996729165,1.0217382,2.1404014,1.0566977,0.8931087
70.99999996711993,1.0502217,2.012772,1.0526309,0.955249
71.04999996694822,0.9688783,1.932804,1.0728362,0.89969087
71.09999996677651,1.0037127,1.9290981,1.2006483,0.8323607
71.1499999666048,1.0254388,1.9684255,1.1457039,0.90129614
71.19999996643308,0.9329746,1.8657286,1.1141611,0.8774373
71.24999996626137,1.0095248,1.8973016,1.2677782,0.7871896
71.29999996608966,0.9597062,2.00924,1.2325846,0.8849192
71.34999996591795,0.927657,1.8317002,0.96686834,0.81551045
71.39999996574623,0.9613546,1.9699914,1.2224959,0.811803
71.44999996557452,0.95078766,1.8696569,1.178255,0.84776706
71.49999996540281,1.0222068,1.9136825,1.1638923,0.85397875
71.5499999652311,0.90249324,1.814685,1.0033535,0.8048514
71.59999996505938,0.98990774,1.96223,1.0856696,0.88731813
71.64999996488767,0.95685893,1.9598745,1.0814112,0.8832216
71.69999996471596,0.9700677,1.8840823,1.0572484,1.0101641
71.74999996454424,0.9484837,1.8792617,1.3739527,1.0314597
71.79999996437253,0.9303324,1.9895465,0.9832675,0.9621156
71.84999996420082,1.0114969,2.1331286,1.1873194,0.9254348
71.8999999640291,0.95417714,1.9804451,1.1172827,0.98077834
71.9499999638574,0.88644093,1.9627087,1.3781943,0.8833637
71.99999996368568,0.9712663,2.0456073,1.0919824,0.9089986
72.04999996351397,1.0065243,2.055169,0.9886557,0.85431087
72.09999996334226,0.9259388,2.0798686,0.92756903,0.8558458
72.14999996317054,0.9346098,2.099792,1.2868441,0.81988406
72.19999996299883,0.95018375,2.098853,1.4606614,0.9829663
72.24999996282712,1.0199455,2.0928295,1.1451064,0.853082
72.2999999626554,1.005131,2.12515,1.6879482,0.8974984
72.3499999624837,0.89092445,2.1127567,1.5730863,1.0775452
72.39999996231198,0.88974476,2.2603915,2.0768723,1.1028992
72.44999996214027,0.9760476,2.3499444,1.9426228,0.9075922
72.49999996196856,0.9217883,2.2178159,1.3596128,0.82769525
72.54999996179684,1.0069116,2.18658,1.2578337,0.93491316
72.59999996162513,0.9885732,2.3553581,1.5069413,1.0037439
72.64999996145342,1.0066375,2.5085864,1.2137706,0.8548835
72.6999999612817,0.9476041,2.372161,0.9528558,0.84058154
72.74999996110999,0.9056478,2.2393696,0.982885,0.79796195
72.79999996093828,0.9614995,2.3180215,1.1687498,0.9241866
72.84999996076657,0.96136755,2.4494667,1.4126062,0.87675345
72.89999996059485,1.0005655,2.3303666,1.152897,0.90171933
72.94999996042314,0.94636256,2.4702463,1.0275917,0.8459742
72.99999996025143,0.97877026,2.5323205,1.2820675,0.91730684
73.04999996007972,0.9264908,2.4932268,1.131992,0.87802917
73.099999959908,0.91262287,2.4835353,1.0028864,0.8303139
73.14999995973629,0.94519305,2.3316097,1.4000401,0.81957793
73.19999995956458,0.9701389,2.2873027,1.1403728,0.93091834
73.24999995939287,0.9650883,2.3674212,1.1912636,0.99959725
73.29999995922115,0.9580238,2.378418,1.3827789,0.93616855
73.34999995904944,0.9108972,2.1784756,1.046605,0.839512
73.39999995887773,0.93182063,2.270601,1.4199595,1.093183
73.44999995870602,0.9343216,2.3758864,1.0854383,0.8912944
73.4999999585343,0.93788445,2.275701,1.2418569,0.94940925
73.54999995836259,0.9348272,2.260962,1.1143858,0.98239416
73.59999995819088,0.9593251,2.124139,1.219446,0.93920636
73.64999995801917,1.0185806,2.1717837,1.2545424,0.88822556
73.69999995784745,0.9873232,2.1779788,1.0866961,0.82849836
73.74999995767574,0.96879065,2.207443,1.1939393,1.0133789
73.79999995750403,1.0453868,2.2433739,1.0584451,0.80757827
73.84999995733232,1.0454072,2.075887,1.3127215,1.0904317
73.8999999571606,1.0529642,2.141407,1.0553224,0.90898204
73.94999995698889,1.0168384,2.2650256,0.956444,0.79833615
73.99999995681718,1.0557286,2.2505581,1.0072589,0.84252894
74.04999995664546,0.9787217,2.1939416,1.0104896,0.7130737
74.09999995647375,0.93169045,2.2988603,1.3166134,0.95829177
74.14999995630204,1.0382904,2.3009677,1.0165744,0.6744759
74.19999995613033,1.0235499,2.411466,1.0908139,0.8434696
74.24999995595861,0.92969835,2.2574685,1.1675451,0.8724406
74.2999999557869,0.8893745,2.3199594,1.1452155,0.9145724
74.34999995561519,0.9454215,2.354307,1.1444881,0.9466216
74.39999995544348,0.94831675,2.1859791,1.4569372,1.0234307
74.44999995527176,0.980301,2.1657536,1.2346692,0.85304964
74.49999995510005,0.99234766,2.1867108,1.4218515,1.0243572
74.54999995492834,0.9419155,2.19393,1.347301,0.9266679
74.59999995475663,0.9048751,2.1594636,1.346894,0.8897021
74.64999995458491,0.98482585,2.0828385,1.1968024,0.8555877
74.6999999544132,0.97504854,2.2220812,1.1847175,0.97120756
74.74999995424149,0.98445684,2.2377763,1.2885015,0.9614476
74.79999995406978,1.0058659,2.2723975,1.1212109,0.91450655
74.84999995389806,0.9090022,2.247142,1.2176089,0.9178785
74.89999995372635,0.9655153,2.3068352,1.308243,0.9321414
74.94999995355464,1.0268427,2.173173,1.2006171,1.0487002
74.99999995338293,0.9552728,2.0053442,1.6304696,1.001253
75.04999995321121,0.97682583,2.0745864,1.1113697,0.8819705
75.0999999530395,0.9398782,2.136544,1.2116568,0.90789354
75.14999995286779,0.91596484,2.0451994,1.1372541,0.7651212
75.19999995269607,0.97965604,2.2325997,1.3518009,0.92836446
75.24999995252436,0.95794225,2.1984217,1.1698837,0.8834546
75.29999995235265,0.8753222,2.0117073,1.2010279,0.89351046
75.34999995218094,0.9548896,2.1509495,1.3454673,0.982836
75.39999995200922,0.8644675,2.0538428,1.330406,0.86071146
75.44999995183751,0.8914132,2.2091851,1.4218044,0.94499236
75.4999999516658,0.8846896,2.268264,1.0959855,0.76761985
75.54999995149409,0.972153,2.2054112,1.2817001,0.82290584
75.59999995132237,0.92201686,2.2116833,1.3640016,0.86718357
75.64999995115066,0.9278998,2.2850108,1.3076569,0.92236805
75.69999995097895,0.8890826,2.3091187,1.0423561,0.76161987
75.74999995080724,0.96911013,2.2367582,1.0454657,0.8890728
75.79999995063552,0.9346927,2.1372793,1.2805842,0.8159996
75.84999995046381,0.89023024,2.0690687,1.3371993,1.0570382
75.8999999502921,0.9145525,2.1624095,1.2955112,0.99527204
75.94999995012039,0.89775527,2.181101,1.2279329,0.7262832
75.99999994994867,0.84491426,2.19573,1.3824961,0.85589564
76.04999994977696,0.9143915,2.2413888,1.2310125,0.95696044
76.09999994960525,0.8786173,2.267196,1.4078729,0.986379
76.14999994943354,0.9232502,2.2912142,1.6172837,0.86656404
76.19999994926182,0.8686221,2.205732,1.4199113,1.0647148
76.24999994909011,0.9491234,2.3487027,1.486182,1.0565562
76.2999999489184,1.0094744,2.3424797,1.1462207,0.85408455
76.34999994874669,0.91093475,2.1584601,1.3409508,0.8667204
76.39999994857497,0.8830054,2.4097004,1.169544,0.82299733
76.44999994840326,0.93223387,2.49811,1.1446606,0.9546209
76.49999994823155,0.9901308,2.3095913,1.3241488,0.9376499
76.54999994805983,0.88313884,2.305854,1.3920417,0.9193074
76.59999994788812,0.8685566,2.3302772,1.346262,1.0094881
76.64999994771641,0.8938852,2.4622436,1.5909786,1.0945092
76.6999999475447,0.87527025,2.435334,1.7185493,1.242026
76.74999994737298,0.84577763,2.554616,1.4156891,1.0865443
76.79999994720127,0.87085354,2.492514,1.3228495,1.0265477
76.84999994702956,0.9586167,2.6162367,1.4634619,1.2467251
76.89999994685785,0.90285194,2.5709355,1.3674258,1.1049111
76.94999994668613,0.9350567,2.461197,1.2487985,0.87060916
76.99999994651442,0.9135985,2.4669912,1.1151474,0.9271716
77.04999994634271,1.0489367,2.4283245,1.2866193,0.95440793
77.099999946171,0.88787466,2.377652,1.2169179,0.8959508
77.14999994599928,0.89003026,2.2485237,1.363934,0.7261933
77.19999994582757,0.9316495,2.382874,1.3827748,0.955115
77.24999994565586,0.89207,2.3979433,1.4296577,0.9676635
77.29999994548415,0.94056374,2.428575,1.252128,0.97315913
77.34999994531243,1.0067209,2.2540274,1.3683194,0.9825449
77.39999994514072,0.9684085,2.3047767,1.1528566,0.9769043
77.44999994496901,0.99692416,2.282402,1.2310238,0.8477434
77.4999999447973,1.0969149,2.2089412,1.3788925,0.9264052
77.54999994462558,0.99922335,2.2529664,1.4946364,0.89772767
77.59999994445387,1.0411224,2.1042273,1.3008708,0.8680629
77.64999994428216,0.9982685,2.088389,1.4450443,0.8565376
77.69999994411044,1.0026617,2.334781,1.3333839,0.91725224
77.74999994393873,0.9941505,2.296671,1.4197141,0.94555527
77.79999994376702,1.0864816,2.3980029,1.2582211,0.9985221
77.84999994359531,1.1342379,2.4337304,1.2717901,0.9370127
77.8999999434236,1.0361984,2.296554,1.436316,0.8858376
77.94999994325188,1.0205355,2.2544153,1.271746,0.94352
77.99999994308017,1.0048876,2.249144,1.5423522,0.94371945
78.04999994290846,0.9805738,2.3128502,1.2570689,0.8884403
78.09999994273674,1.035003,2.1987817,1.1765316,0.768538
78.14999994256503,0.9789633,2.2739048,1.2728786,0.8567632
78.19999994239332,0.98291606,2.2289886,1.4272811,0.9923503
78.2499999422216,1.0189444,2.279628,1.2685181,0.93712246
78.2999999420499,1.0428348,2.179669,1.3623464,0.9589777
78.34999994187818,1.0550938,2.1498346,1.2248563,0.94315016
78.39999994170647,0.9787351,2.0643167,1.330917,0.8521106
78.44999994153476,0.96196604,2.0526886,1.2019186,0.8240578
78.49999994136304,1.0076569,2.1444159,1.3296236,0.82522345
78.54999994119133,1.0547571,2.2373903,1.2083502,0.8804497
78.59999994101962,1.0293685,2.239311,1.5127243,0.9065824
78.6499999408479,0.95856726,2.196443,1.266484,1.0236833
78.6999999406762,0.93894273,2.1375892,1.2120231,0.8764643
78.74999994050448,1.0926224,2.405735,1.1162516,0.7777052
78.79999994033277,1.0154029,2.1891737,1.105621,0.9806273
78.84999994016106,0.9431652,2.0798771,1.2107067,0.90626395
78.89999993998934,0.92837226,1.9519824,1.3334721,0.8687738
78.94999993981763,0.94873035,1.9971027,1.2595863,0.97565234
78.99999993964592,0.9111501,2.125226,1.3330231,1.0113857
79.0499999394742,1.0458254,2.229533,1.2668957,0.99651444
79.09999993930249,1.0169259,2.1332107,1.2471647,0.97216064
79.14999993913078,0.9095509,2.0848844,1.244373,0.91332567
79.19999993895907,1.0472059,2.0942702,1.184611,0.9575137
79.24999993878735,1.033155,2.2055373,1.380545,1.0232934
79.29999993861564,0.9704479,2.1488123,1.1883719,0.8432018
79.34999993844393,0.9907388,2.1581671,1.3188109,1.0358543
79.39999993827222,0.94000226,2.1452332,1.4148855,0.9944017
79.4499999381005,0.9852317,2.1414073,1.2977731,1.028687
79.49999993792879,1.015436,2.3225484,1.1017399,0.9593021
79.54999993775708,0.95455515,2.1316054,1.3274211,0.86377925
79.59999993758537,0.9666348,2.1512086,1.1084929,0.9197004
79.64999993741365,0.9821112,2.147513,1.3893062,0.9070418
79.69999993724194,0.9821957,2.2369025,1.3594664,0.9045926
79.74999993707023,0.97053087,2.309986,1.0987017,0.84693784
79.79999993689852,0.9470948,2.1798263,0.99564964,0.77348566
79.8499999367268,0.9875668,2.1186624,1.0065392,0.94854176
79.89999993655509,1.0664134,2.216973,1.1991271,0.9428414
79.94999993638338,0.98118633,2.2097871,1.1086986,0.8875302
79.99999993621167,1.0086713,2.0878448,1.1434094,0.9670668
80.04999993603995,0.9341608,2.0920663,1.1729257,0.96330696
80.09999993586824,0.88758266,2.074956,1.0312932,0.8260259
80.14999993569653,0.9566325,2.043009,1.4107155,0.88427806
80.19999993552481,0.9817091,2.0799603,0.9683376,0.7937869
80.2499999353531,1.008859,2.1467724,1.1966615,1.0183887
80.29999993518139,1.0137879,2.2093024,1.083413,0.9283807
80.34999993500968,1.052948,2.244237,1.1549102,0.90233415
80.39999993483796,0.9963356,2.2115295,1.1984314,0.93241066
80.44999993466625,1.0137044,2.1739342,1.0062865,0.89368176
80.49999993449454,1.0182896,2.0983913,1.1666275,0.9293615
80.54999993432283,0.9694514,2.1328497,1.0691909,0.81152785
80.59999993415111,0.88769245,2.1555355,1.0068746,0.85408455
80.6499999339794,0.91292894,2.1071064,0.97407764,0.74790716
80.69999993380769,1.0094439,2.25503,1.1458564,0.80185544
80.74999993363598,0.9960308,2.2753217,1.0424976,0.90441775
80.79999993346426,1.065037,2.148373,1.2593125,0.83842313
80.84999993329255,0.95717883,2.1465147,1.1539499,0.8073949
80.89999993312084,1.053918,2.1671693,1.3258706,0.9657138
80.94999993294913,0.95709014,2.214609,1.27528,0.85442245
80.99999993277741,0.9953759,2.2009702,1.2202419,0.9486238
81.0499999326057,1.1109488,2.3560388,1.001215,0.8368231
81.09999993243399,0.9596229,2.2577863,0.98544705,0.8090376
81.14999993226228,0.98825145,2.286614,1.2791553,1.0245116
81.19999993209056,1.0120486,2.1895285,1.2232847,0.91328174
81.24999993191885,0.9339807,2.2599118,1.188634,0.96381485
81.29999993174714,0.9131443,2.2153022,1.0151101,0.81557816
81.34999993157543,0.85238093,2.3637035,1.230602,0.928378
81.39999993140371,0.93630815,2.0825458,1.4261246,0.84237695
81.449999931232,1.002033,2.0469043,1.2716231,0.8839289
81.49999993106029,0.91496515,1.9488323,1.4348202,0.9406375
81.54999993088857,0.95608974,2.0119674,1.1377723,0.8927208
81.59999993071686,0.9981238,2.0664952,1.155784,0.9392491
81.64999993054515,0.92297864,1.9909109,1.1006138,0.9838646
81.69999993037344,0.9062425,1.930253,1.0798404,0.95536196
81.74999993020172,0.9201023,2.0732088,1.180797,1.0377375
81.79999993003001,0.87278235,1.8350154,1.2585342,0.9970633
81.8499999298583,0.8941479,1.9542814,1.2014711,0.96121526
81.89999992968659,0.96523786,1.9068975,1.1167934,0.9532291
81.94999992951487,1.0015271,1.9289889,1.2444688,0.86485076
81.99999992934316,0.9157234,1.9197422,1.4437379,0.9460913
82.04999992917145,0.8983641,1.8996631,1.5269685,0.8935498
82.09999992899974,1.009581,2.0151722,1.430245,1.054221
82.14999992882802,0.91348857,1.9903252,1.1880625,1.0266943
82.19999992865631,0.98917186,2.0405972,1.0416493,0.90530807
82.2499999284846,0.8903229,1.9924629,1.2232131,0.9085871
82.29999992831289,0.96661663,2.0783117,1.0320773,0.75671405
82.34999992814117,0.9750685,2.174756,1.0026754,0.7716665
82.39999992796946,0.97122306,2.0220618,1.2840619,0.86638737
82.44999992779775,0.9366158,2.025249,1.493211,1.0442492
82.49999992762604,1.0031531,2.05426,1.2123517,0.9679928
82.54999992745432,0.93993616,1.9398762,1.3134966,0.9694903
82.5999999272826,0.93316567,2.0575395,1.3728262,0.8574542
82.6499999271109,0.8788831,1.9598842,1.1489354,0.9030681
82.69999992693919,0.9201732,1.9280893,1.040259,0.770687
82.74999992676749,0.92173636,2.052212,1.2930508,0.9363723
82.79999992659576,0.8878243,2.0721378,1.5086145,1.0016339
82.84999992642405,0.9037609,2.1037302,1.3340336,0.9693634
82.89999992625232,0.8748161,1.8893005,1.079119,0.837222
82.94999992608062,0.8508449,2.009118,1.2991453,0.95854574
82.99999992590892,0.872631,1.86386,1.3415103,0.953495
83.0499999257372,0.8582476,1.9899434,1.2365862,0.9137982
83.09999992556548,0.9642491,1.9320445,1.1838083,0.92097116
83.14999992539376,0.93686974,2.01685,1.1646639,0.8495444
83.19999992522206,0.90076303,2.0774417,1.082234,0.86289555
83.24999992505036,0.94091,2.0581744,1.2995739,0.84792995
83.29999992487865,0.97457194,2.0673046,1.3329263,0.98235583
83.34999992470692,0.9500742,2.0571392,1.2954328,0.9161763
83.3999999245352,0.9208901,2.1333628,1.2826741,0.9059454
83.44999992436348,0.89780277,2.1884353,1.1743854,0.83568877
83.49999992419178,0.95699763,2.2110238,1.3381838,0.86780846
83.54999992402009,0.8779895,2.1011508,1.3509238,0.836058
83.59999992384836,0.94507784,2.2266629,1.2044654,0.9594068
83.64999992367665,0.9193736,2.2705724,1.323067,0.982979
83.69999992350492,0.86495423,2.2289639,1.2689656,0.75738037
83.74999992333322,0.8689109,2.2836456,1.3029139,0.88379264
83.79999992316152,0.8742333,2.3050349,1.4574827,0.8950371
83.8499999229898,0.8585459,2.4141893,1.3301363,0.98555684
83.89999992281808,0.88276994,2.3411906,1.4727244,0.8782921
83.94999992264636,0.89708424,2.242294,1.2575191,0.78354347
83.99999992247466,0.9627693,2.0982618,1.2556031,0.86464757
84.04999992230294,0.94633305,2.059969,1.3978984,0.85600126
84.09999992213125,0.89674264,2.079359,1.1797322,0.99124193
84.14999992195952,0.864555,1.9411547,1.1637897,0.85466623
84.1999999217878,0.89080626,2.00457,1.2892857,0.92041516
84.24999992161608,1.0197843,2.149768,1.2413448,1.0310898
84.29999992144438,0.92868435,1.9536914,1.2794032,0.94540393
84.34999992127268,1.1170855,2.0761957,1.192501,0.99378574
84.39999992110096,0.9727608,2.0529838,1.3174398,0.875794
84.44999992092924,1.115424,2.1837027,1.1673259,0.94531363
84.49999992075752,0.96355945,1.9923444,1.4087529,1.0516564
84.54999992058582,0.9179733,2.0697825,1.3664948,0.8826418
84.59999992041412,0.9345895,2.1525617,1.0219496,0.86692303
84.64999992024241,0.89423126,2.099784,1.0695295,0.87785196
84.69999992007068,0.89276546,2.052159,1.141454,0.90375155
84.74999991989897,0.8514583,2.1360219,0.9737658,0.771377
84.79999991972726,0.92715263,2.1338377,1.0886081,0.92674917
84.84999991955554,0.9986109,2.1143024,1.3175597,0.8372309
84.89999991938384,0.91751945,2.0010142,1.2314107,0.8954492
84.94999991921212,0.94161636,2.1090765,1.1763642,0.9197032
84.9999999190404,1.0061302,2.060155,1.1721504,0.85973704
85.04999991886868,0.98848283,2.274597,1.0552578,0.823351
85.09999991869698,0.9791831,2.1435003,1.0246606,0.83273757
85.14999991852527,1.0268362,2.1759024,1.3408642,0.92003596
85.19999991835356,0.9467895,2.154705,1.0985105,0.8675337
85.24999991818184,0.91183996,2.0935771,1.2321136,0.82682157
85.29999991801012,0.8971781,1.9851227,1.1836156,0.89579946
85.34999991783842,0.96218795,2.2432103,1.1526158,0.765636
85.3999999176667,0.8612565,2.0876977,1.0241511,0.766455
85.449999917495,0.9320376,2.0666192,1.294456,0.8044771
85.49999991732328,1.0339439,2.1489837,1.2512106,0.7889602
85.54999991715157,0.93637395,2.0597336,1.2600113,0.89708173
85.59999991697985,0.85280055,2.0902443,1.136941,0.8440585
85.64999991680814,0.8987564,2.0454273,1.298744,0.89631486
85.69999991663644,0.9175323,2.0380692,1.3251009,0.9423196
85.74999991646472,0.94102854,2.0467238,1.3077238,0.9218264
85.799999916293,0.8978376,1.9830105,1.2552598,0.9511311
85.84999991612128,0.9133339,2.0189168,1.102797,0.8007154
85.89999991594958,0.95569485,1.9914868,1.3329532,0.8761636
85.94999991577787,0.9063297,2.0027907,1.4719024,0.8828806
85.99999991560617,0.98495317,2.0854664,1.2254442,0.83672416
86.04999991543444,0.8650566,2.0124795,1.2252195,0.93106383
86.09999991526273,0.8751521,1.8541301,1.0575663,0.86324745
86.149999915091,0.93329436,1.9886171,1.3335596,1.0186623
86.1999999149193,0.90837157,1.9334528,1.2104814,0.83904254
86.2499999147476,0.9330761,2.115499,1.0396333,0.69291043
86.29999991457588,0.9837145,2.0844288,1.1774132,0.8755905
86.34999991440417,0.9703017,2.1568596,1.005188,0.645154
86.39999991423244,1.0223578,2.0996196,1.1930943,0.9406375
86.44999991406074,0.92559433,2.1109872,1.0707827,0.9427083
86.49999991388904,0.9207524,2.0530143,1.2390876,0.8959031
86.54999991371731,1.0200227,2.1252363,1.1784127,0.85513294
86.5999999135456,0.8965016,2.0369368,1.073739,0.7464528
86.64999991337388,0.90523773,2.0000834,1.2398907,0.9391903
86.69999991320218,0.88460094,2.0438573,1.3954793,1.0354446
86.74999991303046,0.91768944,2.049596,1.258465,1.0170078
86.79999991285877,0.8870378,2.2730777,1.3230407,0.8340354
86.84999991268704,0.86893684,2.2023778,1.2980077,0.8855344
86.89999991251533,0.8655629,2.1917753,1.0282946,0.73000556
86.9499999123436,0.8354417,2.181619,1.2834339,0.8181344
86.9999999121719,0.8667408,2.2358658,1.1074623,0.90228415
87.0499999120002,0.7772004,2.200076,1.0618365,0.85161567
87.09999991182848,0.88773096,2.2910872,0.9799901,0.73364073
87.14999991165676,0.8370641,2.2324405,1.1360784,0.82169724
87.19999991148504,0.86361223,2.130155,1.2537372,0.8968998
87.24999991131334,0.9029889,2.067993,1.1673563,0.78274876
87.29999991114163,0.91406167,2.1451702,0.88795674,0.5405978
87.34999991096993,0.864954,2.2178652,1.249407,0.8974761
87.3999999107982,0.8726091,2.0666804,1.1417004,0.8638635
87.44999991062649,0.9007824,2.2339628,1.2590146,0.9079931
87.49999991045476,0.86940825,2.2020373,1.1679497,0.864183
87.54999991028306,0.8998651,2.1183825,1.1138524,0.8193329
87.59999991011136,0.8880064,2.2946599,1.1343623,0.81559664
87.64999990993964,0.8509606,2.216973,1.1105523,0.8269885
87.69999990976793,0.9255299,2.1304228,1.046315,0.8093167
87.7499999095962,0.9335497,2.067001,1.3908799,0.8498427
87.7999999094245,0.86263484,2.017164,1.220756,0.8183276
87.8499999092528,0.9142756,2.075808,1.3103377,0.95785433
87.89999990908107,0.86280155,2.0092583,1.1129016,0.8958331
87.94999990890936,0.92871773,1.9269651,1.3554682,0.84288627
87.99999990873764,0.89940673,2.0076575,1.3844943,0.89577425
88.04999990856594,0.89910567,2.0441647,1.4470953,0.943065
88.09999990839422,0.9509641,2.0828578,1.2717475,0.8505925
88.14999990822253,0.9064997,1.99053,1.2556584,0.87358475
88.1999999080508,0.91884726,2.043973,1.3191324,0.89611316
88.24999990787909,0.9169874,2.032885,1.1733174,0.90511674
88.29999990770736,0.8988177,2.0339305,1.3214256,0.89599
88.34999990753566,0.9192395,1.9867108,1.1274756,0.9644865
88.39999990736396,0.9058255,2.1149511,1.066839,0.9257087
88.44999990719224,0.93302906,2.1967952,1.1449878,0.9698319
88.49999990702052,0.8966142,2.1621616,1.2571054,0.8888808
88.5499999068488,0.922615,2.1446564,1.2467469,0.87307036
88.5999999066771,0.9364388,2.1446414,1.2385029,0.9660723
88.64999990650539,0.92712855,2.0719082,1.2022479,0.88103956
88.69999990633369,0.9097985,2.1961622,1.3434399,0.9272284
88.74999990616196,0.9318877,2.0870204,1.2235582,0.845541
88.79999990599025,0.89277375,2.1437395,1.1536957,0.86131775
88.84999990581852,0.84257966,2.058489,1.376627,0.9219326
88.89999990564682,0.91101086,2.0710864,1.0974808,0.8678721
88.94999990547512,0.92757463,2.0709076,1.4094977,0.9029487
88.9999999053034,0.9464451,2.102129,1.2436819,0.91559535
89.04999990513168,0.91958046,2.0791886,1.1837867,0.9949896
89.09999990495996,0.8991366,2.0815885,1.3966062,0.87995076
89.14999990478826,0.8892605,2.186049,1.31141,0.9011346
89.19999990461656,0.8814799,2.1477268,1.007651,0.86355555
89.24999990444483,0.94466084,2.0904448,1.3950512,0.95540667
89.29999990427312,0.9369612,2.249821,1.2631053,0.9010093
89.3499999041014,0.95947635,2.1878624,1.3331552,0.8973726
89.3999999039297,1.0286982,2.1526537,1.1353855,0.7971784
89.44999990375798,0.8853495,2.124152,1.2096156,0.9165433
89.49999990358629,0.9259958,2.2014685,1.1577992,0.90304875
89.54999990341456,1.0340346,2.211033,1.0349834,0.8587235
89.59999990324285,0.95139325,2.1896367,1.3232708,1.0695617
89.64999990307112,0.89301324,2.1222498,1.0801405,0.7711557
89.69999990289942,0.919261,2.072699,1.237673,0.9840023
89.74999990272772,1.0091643,2.0690753,1.1832546,0.89367896
89.799999902556,0.9378834,2.0851533,1.3915343,0.9314897
89.84999990238428,0.9199811,2.2100723,1.2258818,0.8289859
89.89999990221256,0.9481026,2.1393368,1.10347,0.87673056
89.94999990204086,0.88369846,1.950973,1.0821154,0.8184257
89.99999990186915,0.9301702,2.103172,1.3090645,0.83402634
90.04999990169745,0.90671384,2.0467875,1.251775,0.8051039
90.09999990152572,0.95310575,2.1548889,1.4759429,0.9504264
90.14999990135401,0.9311116,2.1512208,1.2620847,0.9318991
90.19999990118228,0.89655447,2.0108068,1.2558362,0.8859056
90.24999990101058,0.88978744,2.0283556,1.2217875,0.8743285
90.29999990083888,0.89473176,2.1357167,1.3476961,0.96327305
90.34999990066716,0.96472955,2.0631406,1.1003766,0.84348154
90.39999990049544,0.9242675,2.172164,1.2636508,0.93937206
90.44999990032372,0.97774833,1.9671974,1.3290222,0.9437593
90.49999990015202,0.9285244,2.0299728,1.1740292,0.9555143
90.54999989998032,0.93530685,2.0343366,1.3072187,0.9055077
90.5999998998086,0.88095474,1.9907134,1.1374382,0.9014715
90.64999989963688,0.95387405,2.0985599,1.4388055,0.9136966
90.69999989946515,0.93567306,2.0951672,1.288746,0.86251736
90.74999989929346,0.87365174,2.0240035,1.2982446,0.9067041
90.79999989912174,0.9306761,2.0095983,1.264316,0.9164556
90.84999989895005,0.9655092,2.0716188,1.0758836,0.74139243
90.89999989877832,0.9468111,2.1862805,1.2713542,0.7961073
90.9499998986066,0.9913833,2.1188703,1.0214874,0.879674
90.99999989843488,1.0159333,2.0857384,1.3311003,1.014082
91.04999989826318,1.0094594,2.1359084,1.289996,0.9448011
91.09999989809147,1.0064235,2.254399,1.2176368,0.9309534
91.14999989791976,0.9257599,2.1866848,1.3385831,0.87729996
91.19999989774804,0.92794067,2.0750191,1.3138484,0.8947483
91.24999989757632,0.90977997,2.2187703,1.2575984,0.9069837
91.29999989740462,1.0008152,2.216513,1.2594602,0.8129337
91.3499998972329,1.0048736,2.2746613,1.0480039,0.7518029
91.3999998970612,0.9959877,2.2435386,1.356174,0.91045797
91.44999989688948,0.946376,2.2066875,1.3640176,0.81080383
91.49999989671777,0.9834068,2.1545298,1.0968088,0.91220385
91.54999989654605,0.98779655,2.1999261,1.1813555,0.88593966
91.59999989637434,0.9028364,2.2287369,1.4960891,0.925321
91.64999989620264,0.94036514,2.303991,1.2301905,0.94307834
91.69999989603092,0.8963612,2.2652783,1.2330004,0.9234667
91.7499998958592,0.9221694,2.2638135,1.1590636,0.8723917
91.79999989568748,0.8777482,2.4507537,1.1099467,0.90104276
91.84999989551578,0.87557244,2.2604265,1.2208345,0.91715366
91.89999989534407,0.8960513,2.2291727,1.4327257,0.9192664
91.94999989517235,0.8947594,2.2421017,1.0829061,0.8097042
91.99999989500064,0.9211379,2.2896864,1.4800415,0.9210884
92.04999989482891,0.9539631,2.318376,1.3909762,0.97740763
92.09999989465722,0.9907259,2.2821162,1.1478813,0.91425407
92.1499998944855,0.93382865,2.2510962,1.3353555,0.90497816
92.1999998943138,0.9081645,2.189708,1.5205052,0.9508065
92.24999989414208,0.88746583,2.30655,1.2272196,0.78978366
92.29999989397037,0.9136155,2.166777,1.3071177,0.90795994
92.34999989379864,0.95337415,2.3470407,1.3073832,0.9004632
92.39999989362694,0.9981162,2.3120573,1.1448425,0.8265969
92.44999989345524,0.9535349,2.330905,1.3152449,0.94989544
92.49999989328352,0.9145329,2.2578046,1.3364452,0.8917307
92.5499998931118,0.9319799,2.2658057,1.1978482,0.94598776
92.59999989294008,0.90613043,2.1449008,1.0730567,0.89905745
92.64999989276838,0.84701157,2.2600741,1.2336243,0.91281176
92.69999989259667,0.9367906,2.2768712,0.9888914,0.84804237
92.74999989242497,0.9739704,2.244205,1.162743,0.92564356
92.79999989225324,0.9482534,2.3595417,1.2557281,0.9369403
92.84999989208153,0.9458301,2.3832784,1.3408372,1.1136532
92.8999998919098,0.90686196,2.346716,1.1695411,0.83075213
92.9499998917381,0.9349401,2.3452663,1.1704355,1.0177381
92.9999998915664,0.9802216,2.3687425,1.2024705,0.87094635
93.04999989139468,0.93407476,2.299545,1.2098728,0.9675338
93.09999989122296,0.9699153,2.2943351,1.3626205,1.0387164
93.14999989105124,0.9639278,2.209408,1.1510991,0.95022297
93.19999989087954,0.90119255,2.2077599,1.266851,0.8856988
93.24999989070784,0.90743667,2.176066,1.1284637,0.9404454
93.29999989053613,0.89431196,2.214628,1.2532128,0.904526
93.3499998903644,0.9125969,2.1180077,1.3013148,0.9938362
93.39999989019267,0.89247876,2.165031,0.998211,0.85918516
93.44999989002096,0.9101555,2.2947404,1.3763965,0.9015941
93.49999988984926,0.9222126,2.2153277,1.2799261,0.9255352
93.54999988967757,0.9564954,2.1866944,1.0986385,0.92287946
93.59999988950584,0.9875046,2.439988,1.2008331,0.8885589
93.64999988933413,0.9219073,2.1662636,1.1552188,1.0032387
93.6999998891624,0.9296911,2.2277503,1.1756158,0.79709345
93.7499998889907,0.91540366,2.3339176,1.3479939,1.0032136
93.799999888819,0.9645731,2.2882845,1.3929129,0.8313862
93.84999988864728,0.910589,2.217372,1.1787965,0.85498035
93.89999988847556,0.92979306,2.256408,1.200731,0.85556424
93.94999988830384,0.9249511,2.2521653,1.3987286,0.8879938
93.99999988813214,0.981564,2.2516325,1.1433263,0.9425699
94.04999988796042,0.99482036,2.1896937,1.1776309,0.92218304
94.09999988778873,0.9613761,2.2512858,1.1774058,0.92355084
94.149999887617,0.934963,2.3809144,1.1896683,0.81899285
94.19999988744529,0.9582739,2.1924787,1.0925959,0.8683086
94.24999988727356,0.95488197,2.2468283,1.214876,0.8026657
94.29999988710186,0.9587749,2.160507,1.2747055,0.8950596
94.34999988693016,1.0169921,2.1624594,1.3959527,0.9602409
94.39999988675844,0.9260032,2.1827147,1.2947888,0.8350338
94.44999988658672,0.970997,2.2849686,1.5194939,0.868924
94.499999886415,0.98208857,2.190691,1.109646,0.8372039
94.5499998862433,0.96412313,2.1890216,1.0674406,0.77916884
94.5999998860716,1.0073998,2.2373261,1.327243,0.89614683
94.64999988589989,0.9951626,2.1475472,1.376241,0.93421495
94.69999988572816,1.0130416,2.3606162,1.1645885,0.9301578
94.74999988555643,0.96600163,2.204669,1.2018355,0.93620884
94.79999988538472,1.0103141,2.1329002,1.1923044,0.8636514
94.84999988521302,1.0181988,2.2130075,1.2362143,0.9785419
94.89999988504132,1.0631163,2.1806583,1.3179528,0.91870934
94.9499998848696,0.991537,2.1484046,1.1949699,0.86238354
94.99999988469789,1.0140061,2.2631314,1.1146115,0.91659534
95.04999988452616,0.958919,2.2880433,1.1966621,0.9445727
95.09999988435446,0.9639111,2.279621,1.1279582,0.8742854
95.14999988418276,0.9390306,2.2061777,1.2687573,0.89194745
95.19999988401104,0.92329377,2.2663953,1.1386161,0.8788606
95.24999988383932,0.882931,2.3302445,1.2378304,0.87699956
95.2999998836676,0.90226674,2.255275,1.4321427,0.93298644
95.3499998834959,0.8587897,2.1979191,1.3019097,0.9950627
95.39999988332418,0.91354185,2.2179966,1.2162316,0.888508
95.44999988315249,0.92838055,2.2955346,1.3441427,0.8951941
95.49999988298076,1.0045245,2.3695762,1.3344108,0.856224
95.54999988280905,0.9113062,2.2367172,1.3081859,0.89448744
95.59999988263732,0.9769398,2.2871647,1.293951,0.86661035
95.64999988246562,0.99054384,2.2960508,1.356919,0.8649639
95.69999988229392,0.95681584,2.3403673,1.1842566,0.93588173
95.7499998821222,0.92289317,2.3681192,1.1444658,0.8011917
95.79999988195048,0.9625442,2.2284043,1.197914,0.8619207
95.84999988177876,0.96957123,2.1223676,1.3529288,0.99869305
95.89999988160706,0.9990561,2.1836514,1.2329327,0.8357909
95.94999988143535,0.9979365,2.1799223,1.3078997,0.89980245
95.99999988126365,1.006168,2.282003,1.1564131,0.8264208
96.04999988109192,1.0253279,2.2445838,1.3131655,0.9990322
96.09999988092021,0.87088025,2.1778784,1.2171935,0.8314708
96.14999988074848,0.968658,2.2243865,1.5465429,0.8492844
96.19999988057678,0.9487108,2.3036556,1.5661707,0.9117141
96.24999988040508,0.92759466,2.2227213,1.4933329,0.9290589
96.29999988023336,0.96710235,2.2162673,1.4421682,0.95672435
96.34999988006165,0.98865473,2.2856777,1.3757013,0.93803257
96.39999987988992,1.0423173,2.2148142,1.4542462,0.84339225
96.44999987971822,0.98665357,2.2444966,1.1956974,0.86261046
96.49999987954652,0.9834013,2.338634,1.4615052,0.84398127
96.5499998793748,1.0039825,2.3931139,1.2549713,0.92512286
96.59999987920308,0.980305,2.2212937,1.51012,1.0244724
96.64999987903136,0.9773144,2.2559364,1.3809992,0.993657
96.69999987885966,0.96235764,2.2810206,1.1241522,0.8384261
96.74999987868794,0.92616487,2.2144074,1.3374757,0.98548555
96.79999987851625,0.978948,2.2611945,1.2306623,0.8883131
96.84999987834452,0.9940456,2.2603636,1.328472,0.9874089
96.8999998781728,0.9641648,2.2765193,1.4755843,0.9657424
96.94999987800108,0.9502871,2.3673434,1.3534712,0.94767624
96.99999987782938,1.0138525,2.253597,1.289224,0.967046
97.04999987765768,0.96500313,2.3498168,1.2507813,0.8216453
97.09999987748596,0.9653919,2.4015968,1.240948,0.94547296
97.14999987731424,0.9695453,2.2940955,1.3285917,0.94119495
97.19999987714252,1.0598172,2.184251,1.3572519,0.89806026
97.24999987697082,0.99127734,2.2307458,1.3427141,0.9738604
97.2999998767991,1.018904,2.2920287,1.0731076,0.8136774
97.34999987662741,0.98606044,2.3752842,1.264734,0.8257859
97.39999987645568,0.9951889,2.3286207,1.1765404,0.8615741
97.44999987628397,0.9207586,2.2330787,1.2262087,0.92410237
97.49999987611226,0.9616482,2.2823172,1.2150177,0.8921331
97.54999987594054,0.9572042,2.3831496,1.3620871,0.9754877
97.59999987576884,0.98759997,2.3378727,1.1223654,0.85244924
97.64999987559712,0.95004195,2.3040895,1.1627622,0.7976599
97.6999998754254,1.0036577,2.4143836,1.2044792,0.8776975
97.74999987525368,1.0492163,2.3749552,1.1677622,0.9100223
97.79999987508198,1.0070506,2.2749157,1.3551197,0.9227489
97.84999987491027,0.9338242,2.3565216,1.3896494,0.9049282
97.89999987473855,1.0312955,2.2994623,1.200411,0.8722651
97.94999987456684,1.0377182,2.3320277,1.2222991,0.87092906
97.99999987439512,0.97468007,2.26584,1.271683,0.90049946
98.04999987422342,0.8899904,2.3178413,1.3697387,0.97544396
98.0999998740517,0.9125967,2.2980218,1.3294971,0.88794583
98.14999987388,0.97188777,2.3474817,1.2871242,0.8317212
98.19999987370828,0.96522814,2.374594,1.221133,0.8251474
98.24999987353657,0.9667044,2.3593416,1.0787337,0.7456488
98.29999987336485,1.0188253,2.443623,1.1078485,0.8145035
98.34999987319314,0.9927753,2.4383423,1.31236,0.91129833
98.39999987302144,0.92225677,2.2741053,1.3744295,0.94018114
98.44999987284972,0.9456956,2.3914514,1.5161719,0.86877096
98.499999872678,0.9275064,2.4095223,1.267885,0.924971
98.54999987250628,0.9306398,2.3608544,1.3940405,0.8832302
98.59999987233458,1.018624,2.3912258,1.1424506,0.8810851
98.64999987216287,0.94295174,2.152633,1.2676996,0.9090953
98.69999987199117,0.94971544,2.1361396,1.043426,0.8704765
98.74999987181944,0.892383,2.121554,1.2775209,0.9285429
98.79999987164773,0.9992495,2.2060375,1.4068033,0.9631376
98.849999871476,0.9347271,2.2068944,1.300189,0.86272395
98.8999998713043,0.9974467,2.2127519,1.3211691,0.8961105
98.9499998711326,1.0196183,2.2233217,1.3689256,0.8510614
98.99999987096088,0.9568018,2.303006,1.5805125,0.85124135
99.04999987078916,0.95534885,2.207838,1.3906944,0.7847213
99.09999987061744,0.9884011,2.149968,1.4302708,0.9035099
99.14999987044574,0.96773857,2.163014,1.4721241,0.87084544
99.19999987027404,1.0238788,2.2180328,1.4250076,0.9414376
99.24999987010231,0.93351185,2.270371,1.3774612,0.8418584
99.2999998699306,0.9338857,2.2802439,1.3604784,0.9359059
99.34999986975888,0.9571422,2.268945,1.3739574,0.7865102
99.39999986958718,1.0537535,2.349043,1.5344391,1.0262469
99.44999986941546,0.92522585,2.291881,1.4438833,0.9772844
99.49999986924377,0.9536228,2.291036,1.3149564,0.97322875
99.54999986907204,0.898797,2.2907643,1.3504002,0.7354549
99.59999986890033,0.9313307,2.4043982,1.4212747,0.8500287
99.6499998687286,0.96184933,2.331884,1.4250332,0.8697497
99.6999998685569,1.0107892,2.383909,1.3175054,0.87756604
99.7499998683852,0.9243778,2.315374,1.3179137,0.9275315
99.79999986821348,0.9625569,2.429255,1.4137708,0.86619616
99.84999986804176,0.95322245,2.5482771,1.2185507,0.96356744
99.89999986787004,0.9056092,2.4188697,1.1818419,0.87227654
99.94999986769834,0.88435316,2.3269978,1.2449862,0.9737676
