window_ns,ligand_pose_rmsd_A_mean,ligand_pose_rmsd_A_max,ligand_sasa_nm2_mean,contact_atoms_4A_mean,contact_atoms_4A_min,contact_atoms_8A_mean,contact_atoms_8A_min
0-20,1.2583425,1.7719393,0.21443014,44.65,34,317.75,295
20-40,1.3900177,1.603875,0.18208358,49.525,44,314.825,305
40-60,1.5106206,1.9077389,0.41564026,52.2,42,310.85,299
60-80,1.6389946,1.8920285,0.4519227,50.95,40,305.1,290
80-90,1.4948581,1.9414471,0.41106558,50.3,44,295.4,285
90-100,1.4174869,1.9177775,0.39502874,50.25,46,295.65,286
