time_ns,minimum_heavy_atom_bond_A,maximum_heavy_atom_bond_A,maximum_absolute_change_from_frame0_A,implausible_heavy_atom_bond_count
0.0,1.3511587,1.6178696,0.0,0
0.05000000001018634,1.3692957,1.6514837,0.09675658,0
0.10000000002037268,1.3716657,1.595346,0.11030197,0
0.15000000003055902,1.3352329,1.5772665,0.08992052,0
0.20000000004074536,1.3166497,1.6023062,0.085223675,0
0.2500000000509317,1.3451326,1.6044426,0.09377968,0
0.30000000006111804,1.3454385,1.6377957,0.09854722,0
0.3500000000713044,1.352213,1.6137466,0.108638525,0
0.4000000000814907,1.359024,1.6705484,0.089402676,0
0.45000000009167707,1.3420002,1.5891106,0.10530603,0
0.5000000001018634,1.313625,1.6013598,0.12284577,0
0.5500000001120497,1.3434086,1.6127484,0.09369266,0
0.6000000001222361,1.3295612,1.6338096,0.12982774,0
0.6500000001324215,1.3739575,1.6087091,0.10101998,0
0.7000000001426079,1.3063515,1.6184272,0.08320987,0
0.7500000001527942,1.3161354,1.6048561,0.1171118,0
0.8000000001629806,1.3254259,1.5572621,0.085633755,0
0.8500000001731669,1.3383577,1.6029968,0.115278125,0
0.9000000001833532,1.3454266,1.5864105,0.085202575,0
0.9500000001935396,1.3424855,1.608659,0.068500996,0
1.000000000203726,1.3415979,1.5712211,0.083730936,0
1.0500000002139123,1.3542663,1.5856314,0.11178601,0
1.1000000002240986,1.3433466,1.6080533,0.10318661,0
1.150000000234285,1.3736247,1.6179454,0.1161052,0
1.2000000002444713,1.3599386,1.6280482,0.12007558,0
1.2500000002546576,1.3345761,1.6239947,0.10366416,0
1.300000000264844,1.3588059,1.5976005,0.08010435,0
1.3500000002750303,1.3443195,1.6273726,0.109423876,0
1.4000000002852167,1.348007,1.5964589,0.12300873,0
1.450000000295403,1.3459982,1.5971456,0.095660806,0
1.5000000003055893,1.3532639,1.649745,0.109942675,0
1.5500000003157757,1.3366835,1.5907383,0.08353639,0
1.600000000325962,1.3146482,1.6223181,0.09466195,0
1.6500000003361501,1.312648,1.6005809,0.11925268,0
1.700000000346333,1.358185,1.6217016,0.07633412,0
1.750000000356521,1.3689206,1.633483,0.12586176,0
1.8000000003667074,1.3296349,1.6098032,0.09441805,0
1.8500000003768937,1.3580121,1.6181269,0.08980954,0
1.90000000038708,1.3509916,1.6225412,0.11441207,0
1.9500000003972664,1.3647866,1.6306071,0.08979571,0
2.0000000004074545,1.3299189,1.6106409,0.10187209,0
2.0500000004176373,1.3343298,1.6046096,0.1039505,0
2.1000000004278254,1.2729656,1.6307294,0.12241197,0
2.1500000004380118,1.2720324,1.6413261,0.1426915,0
2.200000000448198,1.3427231,1.5851105,0.09422934,0
2.250000000458386,1.3511907,1.6498227,0.088008404,0
2.300000000468569,1.3381737,1.5780164,0.12787855,0
2.350000000478757,1.3026788,1.6368091,0.10735595,0
2.4000000004889435,1.3134044,1.6011684,0.10463297,0
2.45000000049913,1.3485138,1.6010892,0.11877811,0
2.500000000509316,1.3253775,1.5995452,0.08895087,0
2.5500000005195025,1.3790387,1.6164598,0.112674594,0
2.6000000005296906,1.3477951,1.6069205,0.16097331,0
2.6500000005398734,1.3490355,1.6150404,0.083146214,0
2.7000000005500615,1.3282354,1.6158873,0.081404686,0
2.750000000560248,1.3228545,1.6058607,0.12743926,0
2.800000000570434,1.3625712,1.5742257,0.072770596,0
2.8500000005806223,1.3401356,1.6190634,0.0944829,0
2.900000000590805,1.3532634,1.6105065,0.10850918,0
2.950000000600993,1.3485152,1.6353935,0.104988575,0
3.0000000006111796,1.2875707,1.60438,0.1078372,0
3.050000000621366,1.3469479,1.5835905,0.11186898,0
3.1000000006315522,1.2883664,1.6329628,0.12509549,0
3.1500000006417386,1.3169049,1.5883956,0.10326207,0
3.200000000651925,1.3311837,1.6208966,0.11018896,0
3.2500000006621113,1.3296205,1.6400396,0.100993514,0
3.3000000006722976,1.341518,1.6054065,0.08468437,0
3.350000000682484,1.3487093,1.6088712,0.12711978,0
3.4000000006926703,1.3333113,1.6615734,0.08015394,0
3.4500000007028584,1.3414361,1.598505,0.09914434,0
3.500000000713041,1.3536105,1.6026402,0.09386575,0
3.5500000007232293,1.3750138,1.5652869,0.11342621,0
3.6000000007334156,1.3612276,1.6584831,0.10329747,0
3.650000000743602,1.3456869,1.6012323,0.13213217,0
3.70000000075379,1.3118039,1.6261687,0.11006951,0
3.750000000763973,1.3490123,1.6239982,0.11060715,0
3.800000000774161,1.355134,1.5898293,0.0755018,0
3.8500000007843473,1.3346424,1.584835,0.11166,0
3.9000000007945337,1.3490958,1.5729642,0.12462878,0
3.95000000080472,1.349008,1.5871305,0.09784603,0
4.000000000814906,1.3444984,1.5730968,0.09876776,0
4.0500000008250945,1.3699803,1.6006296,0.09607196,0
4.100000000835277,1.3054633,1.616704,0.1238178,0
4.150000000845465,1.336225,1.5833418,0.084109664,0
4.200000000855652,1.3546442,1.5645546,0.08904028,0
4.250000000865838,1.3540874,1.6176119,0.12401712,0
4.300000000876026,1.3574685,1.5942333,0.119315386,0
4.350000000886209,1.3720821,1.617468,0.1053561,0
4.400000000896397,1.3552423,1.6007242,0.084226966,0
4.450000000906583,1.3354063,1.582953,0.077224255,0
4.50000000091677,1.3379847,1.5928795,0.100551486,0
4.550000000926956,1.3140271,1.5943033,0.10692012,0
4.6000000009371425,1.3424872,1.5744715,0.0822674,0
4.650000000947331,1.3364892,1.6059613,0.0804584,0
4.700000000957513,1.3319786,1.6044486,0.08756101,0
4.7500000009677015,1.3378136,1.627649,0.095490575,0
4.800000000977888,1.3271437,1.600979,0.06299102,0
4.850000000988074,1.3556056,1.593083,0.11376977,0
4.900000000998262,1.3647132,1.6115844,0.09826982,0
4.950000001008445,1.3628969,1.6065122,0.13267028,0
5.000000001018633,1.327492,1.6034327,0.1348362,0
5.0500000010288195,1.3638902,1.6063879,0.11455536,0
5.100000001039006,1.37945,1.6138754,0.08336151,0
5.150000001049192,1.3302689,1.6325902,0.12909734,0
5.2000000010593785,1.3402691,1.5786844,0.12302804,0
5.250000001069565,1.349383,1.5988029,0.053741693,0
5.300000001079751,1.3544561,1.5819703,0.10082698,0
5.350000001089938,1.3825462,1.594491,0.08378339,0
5.400000001100124,1.3404818,1.6981255,0.1272794,0
5.45000000111031,1.3321358,1.6051835,0.09091973,0
5.500000001120498,1.354017,1.60083,0.10104072,0
5.550000001130681,1.3358043,1.6257222,0.11133838,0
5.600000001140869,1.2976289,1.5933566,0.13990903,0
5.650000001151056,1.3339114,1.5919639,0.08125627,0
5.700000001161242,1.3534092,1.5988653,0.11796355,0
5.75000000117143,1.3032967,1.5915475,0.116215825,0
5.800000001181615,1.323881,1.5901434,0.09288204,0
5.850000001191801,1.3431575,1.5885657,0.10032189,0
5.900000001201987,1.3138998,1.6153383,0.14701891,0
5.950000001212174,1.3460844,1.5877624,0.11274052,0
6.00000000122236,1.34148,1.6166502,0.11267495,0
6.050000001232546,1.3700556,1.6132952,0.10999286,0
6.1000000012427344,1.3107401,1.6097516,0.09842265,0
6.150000001252917,1.3492746,1.6008652,0.11677766,0
6.200000001263105,1.3665066,1.5860395,0.08192289,0
6.250000001273292,1.3561616,1.5911173,0.08135688,0
6.300000001283478,1.319247,1.6225642,0.09049928,0
6.350000001293666,1.3401126,1.6108866,0.09381294,0
6.400000001303849,1.360886,1.6040422,0.093334556,0
6.450000001314037,1.3253974,1.6351748,0.09658718,0
6.500000001324223,1.3457267,1.6339792,0.088552,0
6.55000000133441,1.3409581,1.6307622,0.08611989,0
6.600000001344596,1.3416922,1.5772295,0.078504205,0
6.650000001354782,1.3263421,1.5916753,0.10051584,0
6.7000000013649705,1.3476347,1.6148868,0.15793586,0
6.750000001375153,1.3379312,1.6038941,0.098062396,0
6.800000001385341,1.3337635,1.5881056,0.107688904,0
6.850000001395528,1.3760431,1.6266042,0.08680189,0
6.900000001405714,1.3317144,1.600914,0.10161114,0
6.950000001415902,1.3570267,1.6066014,0.12686825,0
7.000000001426085,1.3466203,1.6007339,0.09556341,0
7.050000001436273,1.3434496,1.6182892,0.085978985,0
7.1000000014464595,1.3353307,1.6321962,0.11445975,0
7.150000001456646,1.3644205,1.6016711,0.09976816,0
7.200000001466832,1.3569794,1.5898378,0.099187136,0
7.2500000014770185,1.3034086,1.6107029,0.12450802,0
7.300000001487205,1.3312031,1.6259223,0.08578956,0
7.350000001497391,1.3617772,1.5925277,0.0819478,0
7.4000000015075775,1.332121,1.618937,0.09484935,0
7.450000001517764,1.3580883,1.5864675,0.14082587,0
7.50000000152795,1.3498499,1.5887387,0.07818937,0
7.550000001538138,1.2923552,1.6323854,0.08692682,0
7.600000001548321,1.3533728,1.6193361,0.14049649,0
7.650000001558509,1.3339256,1.6088567,0.09684539,0
7.700000001568696,1.3590162,1.6170261,0.07345569,0
7.750000001578882,1.3439832,1.6034294,0.091680646,0
7.80000000158907,1.3420295,1.6263835,0.08212447,0
7.850000001599255,1.3567317,1.5972445,0.14824247,0
7.900000001609441,1.3117868,1.604402,0.074036956,0
7.950000001619627,1.3593466,1.5782943,0.12657976,0
8.000000001629813,1.3383495,1.6052681,0.07929158,0
8.050000001639999,1.3231909,1.6091437,0.09921622,0
8.100000001650185,1.3330866,1.6442876,0.112791896,0
8.150000001660372,1.3646014,1.5974691,0.08736813,0
8.200000001670556,1.3197101,1.618072,0.09669757,0
8.250000001680746,1.3305336,1.6248269,0.11411929,0
8.300000001690933,1.3483212,1.6076531,0.1371597,0
8.350000001701119,1.3739805,1.6212906,0.09261608,0
8.400000001711305,1.354816,1.6255534,0.10532892,0
8.450000001721488,1.3332314,1.5876925,0.09636545,0
8.500000001731678,1.3607314,1.6133522,0.099467754,0
8.550000001741864,1.3037245,1.6127911,0.10944033,0
8.60000000175205,1.3431673,1.6134691,0.10770643,0
8.650000001762237,1.2704799,1.5931513,0.12241578,0
8.700000001772423,1.3121443,1.5879169,0.08313024,0
8.75000000178261,1.3731729,1.6659838,0.09634578,0
8.800000001792792,1.3487374,1.5782534,0.07189345,0
8.850000001802979,1.3538122,1.619953,0.10085583,0
8.900000001813165,1.3390553,1.6023422,0.08382559,0
8.950000001823351,1.3376093,1.6032741,0.08982468,0
9.000000001833538,1.3437153,1.6105123,0.070709944,0
9.050000001843724,1.355363,1.6026974,0.11327636,0
9.10000000185391,1.3217676,1.5944009,0.098271966,0
9.150000001864097,1.330673,1.6249473,0.0925231,0
9.200000001874283,1.3531277,1.6278069,0.08673155,0
9.25000000188447,1.3225771,1.6255043,0.102668285,0
9.300000001894656,1.3482771,1.606379,0.100851536,0
9.350000001904842,1.3147106,1.577711,0.12106848,0
9.400000001915028,1.3454456,1.5967323,0.095695734,0
9.450000001925215,1.3681424,1.5999887,0.082523346,0
9.500000001935401,1.3373485,1.6104895,0.09311509,0
9.550000001945588,1.3451992,1.5989954,0.09623778,0
9.600000001955774,1.3085341,1.6218387,0.123901844,0
9.65000000196596,1.3301395,1.5658674,0.11263645,0
9.700000001976147,1.3445165,1.5960004,0.07662916,0
9.750000001986333,1.3224742,1.5892489,0.09395504,0
9.80000000199652,1.3347553,1.6157267,0.09001124,0
9.850000002006706,1.3475244,1.5698025,0.11852789,0
9.900000002016892,1.3682463,1.6383893,0.09522283,0
9.950000002027078,1.3213812,1.5780864,0.06783354,0
10.000000002037265,1.3272489,1.6123767,0.1197418,0
10.050000002047451,1.3392189,1.6209055,0.112844706,0
10.100000002057637,1.3392831,1.5828949,0.09681153,0
10.150000002067824,1.3499004,1.6078628,0.10804665,0
10.20000000207801,1.3670585,1.6105078,0.09113097,0
10.250000002088196,1.3319172,1.5959673,0.084972024,0
10.300000002098383,1.3471589,1.598249,0.10789621,0
10.350000002108569,1.3572621,1.5955155,0.08336949,0
10.400000002118755,1.3430363,1.636574,0.09644556,0
10.450000002128942,1.3248651,1.5851693,0.06746197,0
10.500000002139128,1.3611699,1.6165664,0.09493756,0
10.550000002149318,1.3247539,1.5963377,0.11911583,0
10.6000000021595,1.3159096,1.668777,0.10590315,0
10.65000000216969,1.355673,1.6025448,0.121129274,0
10.700000002179873,1.3238479,1.5756373,0.16886294,0
10.75000000219006,1.2977618,1.5950681,0.10504174,0
10.800000002200246,1.3643715,1.5884626,0.0846231,0
10.850000002210432,1.3318491,1.5839834,0.10318935,0
10.900000002220619,1.3631226,1.632622,0.07187903,0
10.950000002230805,1.3376548,1.6052473,0.12880242,0
11.000000002240991,1.3409183,1.5928997,0.09973216,0
11.050000002251178,1.3588421,1.6081454,0.09304905,0
11.100000002261364,1.3533956,1.5505016,0.09587133,0
11.15000000227155,1.3610275,1.5705978,0.08055055,0
11.200000002281737,1.3232486,1.5835648,0.07859826,0
11.25000000229192,1.3284473,1.5923307,0.07877982,0
11.30000000230211,1.360157,1.5838612,0.08205819,0
11.350000002312292,1.3728509,1.6083028,0.07012129,0
11.400000002322482,1.3604568,1.6015596,0.102879286,0
11.450000002332668,1.3370926,1.610894,0.102838755,0
11.500000002342851,1.328082,1.6023566,0.1335386,0
11.550000002353041,1.3495696,1.5827947,0.0863055,0
11.600000002363227,1.3752446,1.5832729,0.085760474,0
11.650000002373414,1.3289735,1.5983341,0.10346246,0
11.7000000023836,1.312412,1.6185048,0.07662988,0
11.750000002393787,1.3076967,1.6413226,0.09279299,0
11.80000000240397,1.3661997,1.6856108,0.11476469,0
11.85000000241416,1.3237174,1.6253917,0.05909717,0
11.900000002424346,1.3518393,1.597646,0.0950588,0
11.950000002434532,1.3142064,1.6125554,0.09393489,0
12.000000002444722,1.303087,1.6290512,0.11993468,0
12.050000002454905,1.3886689,1.5925461,0.07118404,0
12.10000000246509,1.3300512,1.6094142,0.08037877,0
12.15000000247528,1.3514966,1.6070094,0.076016665,0
12.200000002485464,1.3613999,1.5866507,0.10284841,0
12.25000000249565,1.3286984,1.6060939,0.09204626,0
12.300000002505836,1.3385105,1.578194,0.08041978,0
12.350000002516023,1.2931515,1.6216161,0.09159136,0
12.400000002526209,1.3606007,1.6277521,0.08991969,0
12.450000002536395,1.38542,1.5917847,0.080969095,0
12.500000002546582,1.367271,1.6138417,0.105041265,0
12.550000002556768,1.3647871,1.5997554,0.10905957,0
12.600000002566958,1.3264716,1.5807123,0.13457036,0
12.65000000257714,1.3725393,1.618859,0.11597037,0
12.70000000258733,1.3602726,1.6077569,0.11049008,0
12.750000002597513,1.346719,1.5968049,0.088442564,0
12.8000000026077,1.3465519,1.6158416,0.10584831,0
12.850000002617886,1.3502164,1.6284695,0.103372216,0
12.900000002628072,1.3290387,1.5666337,0.08044231,0
12.950000002638259,1.3285838,1.661306,0.12500477,0
13.000000002648445,1.3523258,1.5651846,0.09661245,0
13.050000002658631,1.3426926,1.6048186,0.10595775,0
13.100000002668818,1.336822,1.6179047,0.090474606,0
13.150000002679004,1.3690652,1.5954691,0.083165884,0
13.20000000268919,1.3745399,1.5830245,0.13034475,0
13.250000002699377,1.3253878,1.6126,0.11177766,0
13.30000000270956,1.3360232,1.618008,0.104157925,0
13.35000000271975,1.3701715,1.6187007,0.11469245,0
13.400000002729932,1.3354619,1.606918,0.11438453,0
13.450000002740122,1.3606503,1.6299123,0.11812174,0
13.500000002750308,1.3457398,1.6157247,0.08431363,0
13.550000002760491,1.3320155,1.612145,0.09740353,0
13.600000002770681,1.3665123,1.641844,0.10734236,0
13.650000002780867,1.3556658,1.5618966,0.09199989,0
13.700000002791054,1.3552063,1.6097146,0.09486365,0
13.75000000280124,1.3234987,1.5858254,0.13381696,0
13.800000002811426,1.3209964,1.6107082,0.0883137,0
13.85000000282161,1.3210834,1.6041529,0.0934453,0
13.9000000028318,1.3130575,1.6402237,0.10748696,0
13.950000002841985,1.3456781,1.5954537,0.06326842,0
14.000000002852172,1.3793929,1.5912876,0.09775007,0
14.050000002862362,1.3390236,1.6022167,0.12644446,0
14.100000002872545,1.3370718,1.5950083,0.12508488,0
14.15000000288273,1.3160472,1.6077349,0.109080434,0
14.20000000289292,1.3195873,1.6352285,0.10968864,0
14.250000002903104,1.3686519,1.6170574,0.08218515,0
14.30000000291329,1.3419657,1.6072161,0.088573694,0
14.350000002923476,1.3441918,1.6566024,0.11246061,0
14.400000002933663,1.3455563,1.6151963,0.08182526,0
14.450000002943849,1.3387542,1.5804229,0.09627509,0
14.500000002954035,1.3685751,1.5908521,0.09514427,0
14.550000002964222,1.3401766,1.646563,0.10754895,0
14.600000002974408,1.3621217,1.636501,0.087692976,0
14.650000002984598,1.3206512,1.6182798,0.08865893,0
14.70000000299478,1.3630832,1.61234,0.1085484,0
14.75000000300497,1.352834,1.5966494,0.09296119,0
14.800000003015153,1.3316561,1.5850853,0.0875231,0
14.85000000302534,1.3147161,1.5657649,0.11316037,0
14.900000003035526,1.368181,1.6172357,0.101484895,0
14.950000003045712,1.3495982,1.610101,0.09496701,0
15.000000003055899,1.3375728,1.5980136,0.11587322,0
15.050000003066085,1.3399844,1.6491368,0.13842916,0
15.100000003076271,1.3454397,1.620283,0.1053859,0
15.150000003086458,1.3620923,1.6650928,0.09545481,0
15.200000003096644,1.3455145,1.6260301,0.093024015,0
15.25000000310683,1.3627937,1.624952,0.08883023,0
15.300000003117017,1.3683279,1.5943648,0.11227155,0
15.3500000031272,1.3415449,1.61304,0.08549571,0
15.40000000313739,1.3558202,1.5915008,0.09384596,0
15.450000003147572,1.3561147,1.5920824,0.11221981,0
15.500000003157762,1.3171995,1.6201897,0.092350245,0
15.550000003167948,1.3523006,1.569536,0.0999496,0
15.600000003178131,1.3520463,1.5888618,0.07563329,0
15.650000003188321,1.345217,1.5888451,0.10819864,0
15.700000003198507,1.3336184,1.5800322,0.102478266,0
15.750000003208694,1.3462842,1.5919815,0.076860785,0
15.80000000321888,1.321672,1.5875906,0.088367224,0
15.850000003229066,1.3397549,1.6306443,0.11072302,0
15.90000000323925,1.307451,1.600448,0.10980797,0
15.95000000324944,1.3247852,1.6214118,0.10728574,0
16.000000003259625,1.3353409,1.5850295,0.072517514,0
16.050000003269812,1.3329978,1.6427109,0.12789202,0
16.10000000328,1.3091395,1.5734472,0.11617029,0
16.150000003290184,1.3338795,1.61994,0.09860337,0
16.20000000330037,1.3574356,1.5894976,0.08851087,0
16.25000000331056,1.3656416,1.5763237,0.11675,0
16.300000003320744,1.3577431,1.591003,0.11272359,0
16.35000000333093,1.3398026,1.6106148,0.10344195,0
16.400000003341116,1.354476,1.6177719,0.08666432,0
16.450000003351303,1.3217142,1.6337131,0.08878112,0
16.50000000336149,1.3123963,1.6098386,0.09949219,0
16.550000003371675,1.3497645,1.606083,0.08764684,0
16.60000000338186,1.3408062,1.6269,0.08443892,0
16.650000003392048,1.3452487,1.6248002,0.120803595,0
16.700000003402238,1.3530383,1.6192245,0.105700254,0
16.75000000341242,1.3563572,1.6036904,0.09960616,0
16.80000000342261,1.3129678,1.5949024,0.096342325,0
16.850000003432793,1.349238,1.6424419,0.10841048,0
16.90000000344298,1.3250786,1.6149558,0.073415875,0
16.950000003453166,1.3304622,1.6020131,0.08726406,0
17.000000003463352,1.3512503,1.6215813,0.1299789,0
17.05000000347354,1.3398206,1.6421484,0.12684274,0
17.100000003483725,1.3379163,1.6013287,0.09977925,0
17.15000000349391,1.3034606,1.5843778,0.10332811,0
17.200000003504098,1.365267,1.5981064,0.06959236,0
17.250000003514284,1.3770503,1.6228611,0.11215353,0
17.30000000352447,1.326635,1.5909158,0.09402585,0
17.350000003534657,1.3399563,1.6148311,0.10851169,0
17.40000000354484,1.3330634,1.5794382,0.106995106,0
17.45000000355503,1.3550458,1.6133976,0.10234809,0
17.500000003565212,1.3729062,1.6182852,0.08689606,0
17.550000003575402,1.3437568,1.6116242,0.12420368,0
17.60000000358559,1.2721767,1.6161506,0.105443,0
17.650000003595775,1.36001,1.6027031,0.08239579,0
17.70000000360596,1.3788807,1.5859343,0.08775091,0
17.750000003616144,1.347035,1.5929205,0.0899415,0
17.800000003626334,1.3372952,1.627674,0.11564112,0
17.85000000363652,1.346132,1.6026311,0.07617664,0
17.900000003646706,1.3433359,1.6031849,0.13936067,0
17.95000000365689,1.3727713,1.6030054,0.10316706,0
18.00000000366708,1.319453,1.6075851,0.104803324,0
18.050000003677265,1.3550639,1.6190608,0.07843959,0
18.10000000368745,1.318269,1.6006992,0.09247422,0
18.15000000369764,1.3743224,1.6038376,0.09520662,0
18.200000003707824,1.3429744,1.6096021,0.092689276,0
18.25000000371801,1.3677746,1.5924894,0.102160454,0
18.3000000037282,1.2856956,1.6314714,0.10181093,0
18.350000003738383,1.3006626,1.6045055,0.11535847,0
18.40000000374857,1.3554157,1.5888534,0.13119042,0
18.450000003758756,1.3652468,1.588781,0.08972132,0
18.500000003768942,1.3218682,1.6133783,0.115455866,0
18.55000000377913,1.3005048,1.6338024,0.16468906,0
18.600000003789315,1.3219237,1.6090363,0.09460902,0
18.6500000037995,1.3343091,1.5552588,0.09740484,0
18.700000003809688,1.3564365,1.5913652,0.11112487,0
18.750000003819878,1.3470831,1.5959991,0.0884788,0
18.80000000383006,1.3510115,1.598048,0.07341063,0
18.85000000384025,1.3373914,1.5927207,0.06520367,0
18.900000003850433,1.3284551,1.5933826,0.09895098,0
18.95000000386062,1.308881,1.5836798,0.10194349,0
19.000000003870806,1.3354225,1.6298394,0.08092868,0
19.050000003880992,1.374435,1.5836428,0.08832431,0
19.10000000389118,1.3216255,1.581959,0.110824585,0
19.150000003901365,1.3694578,1.6262536,0.082111835,0
19.20000000391155,1.2782292,1.5914487,0.1229471,0
19.250000003921738,1.3063684,1.5902128,0.11260724,0
19.300000003931924,1.3608599,1.5813881,0.1038996,0
19.35000000394211,1.3081967,1.6060286,0.08881283,0
19.400000003952297,1.337929,1.608199,0.12616754,0
19.45000000396248,1.3547378,1.5951297,0.07845986,0
19.50000000397267,1.3086755,1.5684893,0.12636805,0
19.550000003982852,1.3550115,1.5765979,0.11895931,0
19.600000003993042,1.3573949,1.6450603,0.121619344,0
19.65000000400323,1.3736603,1.6070105,0.0975014,0
19.700000004013415,1.3557655,1.5974342,0.10206652,0
19.7500000040236,1.3465846,1.626159,0.12960255,0
19.800000004033784,1.372705,1.6203678,0.115760684,0
19.850000004043974,1.3459666,1.5809561,0.08369541,0
19.90000000405416,1.3324368,1.6255003,0.10548067,0
19.950000004064346,1.3297473,1.5979819,0.09200263,0
20.000000004074533,1.3170248,1.6123803,0.092285275,0
20.050000004084723,1.3011811,1.562568,0.110700965,0
20.100000004094905,1.3534181,1.6420056,0.13129795,0
20.15000000410509,1.32667,1.6020133,0.10397589,0
20.20000000411528,1.3384552,1.5903245,0.11255026,0
20.250000004125464,1.3063668,1.6224368,0.11333239,0
20.30000000413565,1.3548148,1.6315117,0.09141004,0
20.35000000414584,1.3096359,1.6695042,0.109458685,0
20.400000004156023,1.3485335,1.607187,0.114180684,0
20.45000000416621,1.3598849,1.5970914,0.086241126,0
20.500000004176396,1.3246021,1.5877813,0.084707975,0
20.550000004186582,1.334882,1.6117002,0.11692357,0
20.60000000419677,1.3097823,1.6383486,0.08677518,0
20.650000004206955,1.355388,1.5828297,0.09852719,0
20.70000000421714,1.2941962,1.6121991,0.10988188,0
20.750000004227328,1.3636553,1.5894784,0.11466229,0
20.800000004237518,1.3203595,1.5914831,0.14273953,0
20.8500000042477,1.3258469,1.5894027,0.0948081,0
20.90000000425789,1.3253794,1.5987463,0.10271692,0
20.950000004268073,1.3223445,1.5903671,0.08785641,0
21.00000000427826,1.3200619,1.5764353,0.1459558,0
21.050000004288446,1.3082128,1.5995173,0.12053287,0
21.100000004298632,1.3481504,1.589499,0.11115396,0
21.15000000430882,1.3771273,1.6044292,0.13158512,0
21.200000004319005,1.3551062,1.5843291,0.10203016,0
21.25000000432919,1.3427536,1.6446216,0.095467806,0
21.300000004339378,1.3489096,1.6162391,0.08185077,0
21.350000004349564,1.3700988,1.5726061,0.071936846,0
21.40000000435975,1.3007185,1.5934635,0.13317573,0
21.450000004369937,1.3565526,1.5663403,0.085528135,0
21.50000000438012,1.3358982,1.6150755,0.07341194,0
21.55000000439031,1.357467,1.5819635,0.11141753,0
21.600000004400492,1.3244078,1.6149418,0.08190346,0
21.650000004410682,1.2938021,1.608627,0.08867562,0
21.70000000442087,1.3318348,1.5609361,0.09330511,0
21.750000004431055,1.3362156,1.6215093,0.10912895,0
21.80000000444124,1.3219662,1.6065781,0.118391275,0
21.850000004451424,1.3223732,1.6199894,0.13296616,0
21.900000004461614,1.3615878,1.6039156,0.10976255,0
21.9500000044718,1.3068385,1.5773927,0.10342324,0
22.000000004481986,1.3107455,1.6286297,0.092731714,0
22.050000004492173,1.3621979,1.5940628,0.11888814,0
22.100000004502363,1.3431804,1.6247755,0.1008656,0
22.150000004512545,1.3518836,1.6182992,0.10421991,0
22.20000000452273,1.3163329,1.643394,0.06611669,0
22.25000000453292,1.3494153,1.6322266,0.11114621,0
22.300000004543104,1.337606,1.5680385,0.09172368,0
22.35000000455329,1.3521414,1.5999179,0.080271006,0
22.40000000456348,1.3382071,1.5885789,0.078020096,0
22.450000004573663,1.3603563,1.5901878,0.11427641,0
22.50000000458385,1.3548826,1.5563362,0.08921397,0
22.550000004594036,1.2860138,1.5863754,0.1187824,0
22.600000004604222,1.2986947,1.583497,0.10358322,0
22.65000000461441,1.332425,1.6234062,0.097709894,0
22.700000004624595,1.3236052,1.5885291,0.12735057,0
22.75000000463478,1.3419924,1.6054847,0.12125468,0
22.800000004644968,1.3142123,1.6257828,0.08718848,0
22.850000004655158,1.357065,1.6055858,0.09454286,0
22.90000000466534,1.3584242,1.5740967,0.123577595,0
22.95000000467553,1.3523109,1.5963161,0.07792425,0
23.000000004685713,1.342385,1.5984063,0.10454929,0
23.0500000046959,1.3423108,1.6069638,0.14713037,0
23.100000004706086,1.3245529,1.5933623,0.08475721,0
23.150000004716272,1.3339394,1.5816252,0.111732244,0
23.20000000472646,1.3131216,1.6121762,0.086494684,0
23.250000004736645,1.313989,1.5704439,0.14846134,0
23.30000000474683,1.3532143,1.6055372,0.096654415,0
23.350000004757018,1.3519753,1.6203215,0.09178817,0
23.400000004767204,1.3310943,1.6226177,0.08745766,0
23.45000000477739,1.345793,1.5838597,0.08641088,0
23.500000004787577,1.3251173,1.5914533,0.130795,0
23.55000000479776,1.3257082,1.5872384,0.109077215,0
23.60000000480795,1.3229275,1.5811425,0.09633446,0
23.650000004818132,1.3278872,1.6064547,0.08910346,0
23.700000004828322,1.33775,1.5911486,0.089989185,0
23.75000000483851,1.3414193,1.5818987,0.094233274,0
23.800000004848695,1.3348434,1.5853633,0.07778597,0
23.85000000485888,1.3501312,1.5633582,0.09834552,0
23.900000004869064,1.3568244,1.6233935,0.10555816,0
23.950000004879254,1.3200594,1.5761127,0.1013608,0
24.00000000488944,1.309728,1.6269121,0.102960825,0
24.050000004899626,1.3490791,1.625571,0.121586084,0
24.100000004909813,1.3496636,1.5901034,0.08489776,0
24.150000004920003,1.3423032,1.6195279,0.12732697,0
24.200000004930185,1.2849869,1.6011796,0.105560064,0
24.25000000494037,1.337973,1.5892369,0.111932755,0
24.30000000495056,1.3260295,1.5806992,0.085546255,0
24.350000004960744,1.3093321,1.6068946,0.09688151,0
24.40000000497093,1.3342621,1.5796052,0.10623455,0
24.45000000498112,1.3140248,1.6044691,0.08422291,0
24.500000004991303,1.3336565,1.6537857,0.08861041,0
24.55000000500149,1.3492023,1.607024,0.096473694,0
24.600000005011676,1.3102281,1.5801476,0.12104821,0
24.650000005021862,1.3277106,1.5920646,0.07265389,0
24.70000000503205,1.3572795,1.6311975,0.11338961,0
24.75000000504224,1.3459973,1.587695,0.09786117,0
24.80000000505242,1.3574731,1.6496993,0.10462642,0
24.850000005062608,1.357839,1.5886055,0.15087843,0
24.900000005072798,1.3532298,1.5920656,0.09418082,0
24.95000000508298,1.35694,1.5765724,0.08172703,0
25.00000000509317,1.3583118,1.602637,0.11390531,0
25.050000005103353,1.3442599,1.605272,0.097126484,0
25.10000000511354,1.3353336,1.5833344,0.14385653,0
25.150000005123726,1.3334394,1.5856923,0.13947248,0
25.200000005133912,1.3666056,1.6208798,0.095884085,0
25.250000005144095,1.3223463,1.6187005,0.08683431,0
25.30000000515428,1.343702,1.6256816,0.10973537,0
25.350000005164468,1.3507354,1.5784549,0.09884226,0
25.400000005174654,1.3608596,1.6224982,0.09841001,0
25.45000000518484,1.3426988,1.613418,0.11315751,0
25.500000005195027,1.3492049,1.6204731,0.09079492,0
25.550000005205213,1.3365927,1.6087852,0.092642546,0
25.6000000052154,1.3504325,1.6206859,0.09243965,0
25.650000005225586,1.321877,1.6473938,0.07353091,0
25.700000005235772,1.3448842,1.599947,0.14354014,0
25.75000000524596,1.3216473,1.5833865,0.11963725,0
25.800000005256145,1.3320535,1.6233099,0.11846781,0
25.85000000526633,1.365969,1.5821385,0.106098175,0
25.900000005276517,1.3315647,1.5892425,0.13549328,0
25.950000005286704,1.317516,1.6018969,0.095688105,0
26.00000000529689,1.3447422,1.6117191,0.111269,0
26.050000005307076,1.3222061,1.6523137,0.14160609,0
26.100000005317263,1.3393604,1.6089628,0.091441154,0
26.15000000532745,1.3194497,1.5858295,0.092228055,0
26.200000005337635,1.344106,1.6331099,0.0990814,0
26.25000000534782,1.3287158,1.6148336,0.10328448,0
26.300000005358008,1.3528099,1.5991927,0.10134184,0
26.350000005368194,1.334043,1.600809,0.11827564,0
26.40000000537838,1.3193284,1.5960635,0.085957766,0
26.450000005388567,1.3767315,1.5960532,0.09511626,0
26.500000005398753,1.3533471,1.5782757,0.07703972,0
26.55000000540894,1.3574578,1.5667808,0.11167288,0
26.600000005419126,1.3606125,1.591116,0.067276835,0
26.650000005429312,1.338929,1.6149986,0.09775019,0
26.7000000054395,1.3435307,1.597756,0.09087336,0
26.750000005449685,1.3530856,1.5672463,0.0877645,0
26.80000000545987,1.3626857,1.6503936,0.083863735,0
26.850000005470058,1.3099061,1.6037064,0.101231575,0
26.900000005480244,1.3671148,1.6266241,0.108725905,0
26.95000000549043,1.3296647,1.6043411,0.07663572,0
27.000000005500617,1.3630912,1.551302,0.097233415,0
27.050000005510803,1.3506002,1.5755496,0.13705242,0
27.10000000552099,1.3638293,1.5842485,0.10881829,0
27.150000005531176,1.344064,1.5746834,0.09672177,0
27.200000005541362,1.2775228,1.6195339,0.115448475,0
27.25000000555155,1.3585693,1.5945293,0.120633245,0
27.300000005561735,1.3643231,1.6158133,0.12622583,0
27.35000000557192,1.3170316,1.5814852,0.08855283,0
27.400000005582108,1.3369478,1.6296988,0.12904143,0
27.450000005592294,1.3042424,1.5761225,0.14934623,0
27.50000000560248,1.3443375,1.6122681,0.08382726,0
27.550000005612667,1.3557961,1.5722959,0.09171653,0
27.600000005622853,1.3410093,1.6507969,0.10892439,0
27.65000000563304,1.3260686,1.5689437,0.073552966,0
27.700000005643226,1.3464878,1.5657618,0.108442426,0
27.750000005653412,1.3406451,1.5545225,0.09773278,0
27.8000000056636,1.3490666,1.5962584,0.080797315,0
27.850000005673785,1.3553833,1.6204214,0.10275817,0
27.90000000568397,1.3676736,1.6325032,0.09214151,0
27.950000005694164,1.3201143,1.5908697,0.10835624,0
28.000000005704344,1.3051873,1.5827681,0.108398676,0
28.05000000571453,1.3103944,1.6294026,0.08605003,0
28.100000005724716,1.3361299,1.5954974,0.09044361,0
28.150000005734903,1.3604603,1.5659194,0.084548116,0
28.20000000574509,1.3624579,1.5904238,0.10517526,0
28.250000005755275,1.3405812,1.5950019,0.099874735,0
28.30000000576546,1.3070824,1.609479,0.09078264,0
28.350000005775648,1.3463913,1.6049851,0.106025934,0
28.400000005785834,1.3288009,1.586439,0.09877586,0
28.45000000579602,1.3328633,1.5846605,0.09017801,0
28.500000005806207,1.3259183,1.6316228,0.10340476,0
28.550000005816393,1.3703455,1.5981035,0.11437237,0
28.60000000582658,1.3613139,1.5775342,0.07972944,0
28.650000005836766,1.3045598,1.5982294,0.088614345,0
28.700000005846952,1.3274925,1.5578843,0.1060642,0
28.75000000585714,1.3495626,1.5940505,0.11772156,0
28.800000005867332,1.3560288,1.6038241,0.083844185,0
28.85000000587751,1.3361087,1.6061649,0.07472777,0
28.900000005887698,1.3594964,1.6071248,0.08209586,0
28.950000005897884,1.3311559,1.6375304,0.10072565,0
29.00000000590807,1.3843708,1.605727,0.09501934,0
29.050000005918257,1.3107946,1.6477313,0.094756246,0
29.100000005928443,1.3303977,1.6220992,0.07708073,0
29.15000000593863,1.3547115,1.5832347,0.10040319,0
29.200000005948816,1.353042,1.5895524,0.09390044,0
29.250000005959002,1.3433976,1.5700908,0.08626437,0
29.30000000596919,1.3707911,1.584853,0.09046638,0
29.350000005979375,1.363934,1.598073,0.08152366,0
29.40000000598956,1.3127372,1.5848825,0.12334859,0
29.450000005999748,1.3611807,1.592845,0.10061836,0
29.500000006009934,1.3272922,1.5900708,0.115496874,0
29.55000000602012,1.3267905,1.6189065,0.10930419,0
29.600000006030314,1.3547593,1.5882533,0.084016204,0
29.650000006040493,1.3503244,1.6444216,0.10530436,0
29.70000000605068,1.3670951,1.5883279,0.08136606,0
29.750000006060873,1.3719957,1.6019769,0.075423,0
29.800000006071052,1.3434983,1.6181374,0.13193059,0
29.85000000608124,1.3458167,1.6182709,0.107445,0
29.900000006091425,1.3519528,1.632399,0.109760046,0
29.95000000610161,1.279963,1.6066341,0.12934709,0
30.000000006111804,1.368627,1.602992,0.11017692,0
30.050000006121984,1.3498425,1.5885398,0.12003708,0
30.10000000613217,1.3565272,1.5921212,0.1519084,0
30.150000006142363,1.3587396,1.5829394,0.06659901,0
30.200000006152543,1.3544077,1.5918828,0.10664904,0
30.25000000616273,1.350806,1.5824598,0.13645458,0
30.300000006172915,1.3414545,1.6154954,0.090010405,0
30.3500000061831,1.3510436,1.6358143,0.10920215,0
30.400000006193288,1.3328464,1.5765721,0.0744468,0
30.450000006203474,1.3419904,1.5966537,0.06878984,0
30.50000000621366,1.3005564,1.5928185,0.100608826,0
30.550000006223847,1.3558139,1.6172308,0.08894944,0
30.600000006234033,1.2749155,1.6263802,0.11638284,0
30.65000000624422,1.370348,1.6496096,0.11262727,0
30.700000006254406,1.3671387,1.6410536,0.101251245,0
30.750000006264592,1.3432829,1.5931718,0.08304024,0
30.80000000627478,1.3105731,1.5620189,0.13352513,0
30.850000006284958,1.3724229,1.6149617,0.10616517,0
30.90000000629515,1.3398689,1.5742285,0.10206604,0
30.950000006305338,1.3592584,1.6014531,0.07815039,0
31.000000006315524,1.3480437,1.5880246,0.09215665,0
31.05000000632571,1.3495114,1.6173255,0.13488817,0
31.100000006335897,1.3355632,1.5449667,0.09888685,0
31.150000006346083,1.3217678,1.5846874,0.12290311,0
31.20000000635627,1.3358238,1.6123058,0.08597481,0
31.250000006366456,1.3251774,1.6185865,0.07878423,0
31.300000006376642,1.2965612,1.5791267,0.07482278,0
31.35000000638683,1.3551593,1.585806,0.082353115,0
31.400000006397008,1.3656634,1.6262856,0.06524587,0
31.4500000064072,1.3162936,1.5906714,0.091572404,0
31.500000006417388,1.3455787,1.5980105,0.0951395,0
31.550000006427574,1.3431311,1.5685935,0.07564616,0
31.60000000643776,1.3747798,1.5895094,0.077059984,0
31.650000006447947,1.3358171,1.6290317,0.11832404,0
31.700000006458133,1.3103396,1.6052114,0.09110296,0
31.75000000646832,1.3343215,1.607021,0.09811449,0
31.800000006478506,1.3670452,1.6124651,0.11818433,0
31.850000006488692,1.3484448,1.6250539,0.10472703,0
31.90000000649888,1.3489187,1.6041434,0.104311705,0
31.950000006509065,1.3279526,1.6278355,0.117127895,0
32.00000000651925,1.3202846,1.5776663,0.09995389,0
32.050000006529444,1.3720173,1.6285324,0.07904863,0
32.100000006539624,1.3203329,1.6081133,0.06707752,0
32.15000000654981,1.3167384,1.5858346,0.09737229,0
32.20000000656,1.3417982,1.6400361,0.09286356,0
32.25000000657018,1.342418,1.6199625,0.08349812,0
32.30000000658037,1.3192289,1.5882845,0.12222779,0
32.35000000659056,1.3703562,1.6079916,0.07588959,0
32.40000000660074,1.3428174,1.5983214,0.09254897,0
32.45000000661093,1.3151788,1.6062505,0.07512212,0
32.500000006621114,1.3557379,1.5590655,0.16340637,0
32.5500000066313,1.3340709,1.6244508,0.113743186,0
32.60000000664149,1.3275845,1.5895783,0.10094559,0
32.65000000665167,1.3487488,1.6058427,0.1104573,0
32.70000000666186,1.3447616,1.5982854,0.16716981,0
32.750000006672046,1.365856,1.585257,0.10354912,0
32.80000000668223,1.332221,1.5921246,0.12918568,0
32.85000000669242,1.3546954,1.5917976,0.1035831,0
32.90000000670261,1.3393996,1.5791875,0.12091327,0
32.95000000671279,1.3520693,1.581728,0.13016903,0
33.00000000672298,1.351007,1.6631562,0.09231007,0
33.050000006733164,1.340111,1.6018262,0.091118574,0
33.10000000674335,1.296847,1.6461189,0.112223625,0
33.15000000675354,1.3375515,1.6079592,0.08357072,0
33.20000000676372,1.332038,1.626464,0.11575639,0
33.25000000677391,1.3744062,1.5932796,0.079309225,0
33.300000006784096,1.3391436,1.5830541,0.109879255,0
33.35000000679428,1.3595061,1.606498,0.09477091,0
33.40000000680447,1.3593712,1.6008098,0.120119095,0
33.450000006814655,1.3541662,1.6285148,0.108189106,0
33.50000000682484,1.3091339,1.5960644,0.11491215,0
33.55000000683503,1.3785685,1.6002612,0.1285038,0
33.600000006845214,1.3574576,1.6502839,0.09307456,0
33.6500000068554,1.3276,1.6047094,0.110711336,0
33.700000006865594,1.3384326,1.6151531,0.08272803,0
33.75000000687577,1.3096151,1.583133,0.07273209,0
33.80000000688596,1.3560355,1.637842,0.1273253,0
33.85000000689615,1.3106592,1.5936556,0.12658119,0
33.90000000690633,1.3710389,1.6058395,0.08219552,0
33.95000000691652,1.3270426,1.6249633,0.12981093,0
34.000000006926705,1.3399957,1.5593642,0.09861016,0
34.05000000693689,1.3467195,1.5664352,0.108575106,0
34.100000006947084,1.326431,1.6026307,0.10278249,0
34.150000006957264,1.3497163,1.635514,0.080418944,0
34.20000000696745,1.3663698,1.6477336,0.1035918,0
34.25000000697764,1.3327017,1.6027887,0.10983896,0
34.30000000698782,1.2922981,1.6193016,0.09775758,0
34.35000000699801,1.3452376,1.5836475,0.08176839,0
34.400000007008195,1.327952,1.6128552,0.0762136,0
34.45000000701838,1.3335145,1.5797138,0.092312574,0
34.50000000702857,1.3448935,1.6546701,0.1439625,0
34.550000007038754,1.3660246,1.5878353,0.07073009,0
34.60000000704894,1.3390559,1.6557436,0.14503598,0
34.65000000705913,1.340699,1.635967,0.11313927,0
34.70000000706931,1.3088524,1.605303,0.12890851,0
34.7500000070795,1.3516107,1.5803255,0.096372366,0
34.800000007089686,1.3133051,1.6021726,0.08057916,0
34.85000000709987,1.3302145,1.6142379,0.09518039,0
34.90000000711006,1.2968969,1.5962079,0.08314514,0
34.95000000712024,1.3648273,1.594439,0.13305771,0
35.00000000713043,1.3192034,1.5634255,0.10400629,0
35.05000000714062,1.3917297,1.5943526,0.09867203,0
35.100000007150804,1.3174789,1.6093665,0.09618533,0
35.15000000716099,1.3505011,1.5943353,0.090332985,0
35.20000000717118,1.3262857,1.5966737,0.09676802,0
35.25000000718136,1.3346415,1.6063874,0.111818075,0
35.30000000719155,1.3055694,1.6515193,0.09309447,0
35.350000007201736,1.2989023,1.6176779,0.12486577,0
35.40000000721192,1.3531111,1.610709,0.09505904,0
35.45000000722211,1.3328813,1.6056306,0.08209419,0
35.50000000723229,1.3338302,1.585546,0.0791136,0
35.55000000724248,1.3552411,1.6164794,0.08501327,0
35.60000000725267,1.3528237,1.6067266,0.096594214,0
35.650000007262854,1.3550906,1.6006451,0.11486316,0
35.70000000727304,1.3418927,1.5825366,0.075286984,0
35.75000000728323,1.2999346,1.582195,0.11153889,0
35.80000000729341,1.3474813,1.5844033,0.10742819,0
35.8500000073036,1.3236784,1.6150186,0.09227395,0
35.900000007313785,1.2831603,1.6285151,0.12327421,0
35.95000000732397,1.3736933,1.6366737,0.10679114,0
36.00000000733416,1.3261999,1.5803905,0.14005566,0
36.050000007344345,1.3274086,1.5992312,0.102432966,0
36.10000000735453,1.3261054,1.6126792,0.10449946,0
36.150000007364724,1.3409537,1.6229714,0.11337447,0
36.2000000073749,1.3682044,1.6239848,0.11017895,0
36.25000000738509,1.3357296,1.5847144,0.09253371,0
36.30000000739528,1.3218517,1.6141613,0.076916814,0
36.35000000740546,1.3406017,1.6342174,0.0932374,0
36.40000000741565,1.3214898,1.581492,0.100308776,0
36.45000000742584,1.3844979,1.60256,0.09185243,0
36.50000000743602,1.3575058,1.6631637,0.09261167,0
36.55000000744621,1.3483338,1.6274424,0.1038841,0
36.600000007456394,1.3469173,1.6182363,0.10109937,0
36.65000000746658,1.3636827,1.6258297,0.113755226,0
36.70000000747677,1.342164,1.5920447,0.09278345,0
36.75000000748695,1.3694499,1.5921936,0.09356499,0
36.80000000749714,1.3279396,1.6180407,0.13923025,0
36.850000007507326,1.340595,1.5913707,0.10540092,0
36.90000000751751,1.3632171,1.5677141,0.10108304,0
36.9500000075277,1.3489835,1.6026537,0.091946125,0
37.00000000753789,1.3177722,1.6162031,0.096636176,0
37.05000000754807,1.3260849,1.557069,0.092308044,0
37.10000000755826,1.3548589,1.6009356,0.088537335,0
37.150000007568444,1.333219,1.6099758,0.086025834,0
37.20000000757863,1.3117105,1.5751505,0.08369744,0
37.25000000758882,1.3552277,1.6629534,0.123151064,0
37.300000007599,1.3482099,1.594591,0.1576004,0
37.35000000760919,1.3561095,1.6000597,0.13883221,0
37.400000007619376,1.3511775,1.5861137,0.07675195,0
37.45000000762956,1.3327119,1.576221,0.0993129,0
37.50000000763975,1.3798643,1.5710258,0.10791099,0
37.550000007649935,1.325444,1.5954381,0.110408425,0
37.60000000766012,1.3566735,1.5734723,0.09194875,0
37.65000000767031,1.290697,1.5806551,0.11791408,0
37.700000007680494,1.3676685,1.603722,0.07679796,0
37.75000000769068,1.3540566,1.6019781,0.19117188,0
37.80000000770087,1.3432794,1.6211718,0.12139356,0
37.85000000771105,1.3409108,1.6001104,0.07697427,0
37.90000000772124,1.3602477,1.6306701,0.06763363,0
37.950000007731425,1.3536012,1.6211188,0.08227718,0
38.00000000774161,1.3408567,1.5922897,0.087568045,0
38.0500000077518,1.3821559,1.6112655,0.12908077,0
38.100000007761984,1.3464736,1.6262156,0.08557594,0
38.15000000777217,1.3641084,1.593791,0.119383216,0
38.200000007782364,1.3346862,1.588454,0.08031678,0
38.25000000779254,1.3672233,1.6324806,0.08609247,0
38.30000000780273,1.3353373,1.5702646,0.08508682,0
38.35000000781292,1.3273184,1.610453,0.10357857,0
38.4000000078231,1.350944,1.5775781,0.07782626,0
38.45000000783329,1.3122278,1.6862919,0.10514617,0
38.500000007843475,1.3288054,1.6118987,0.101191044,0
38.55000000785366,1.3029916,1.6184299,0.16137516,0
38.60000000786385,1.3318719,1.5781796,0.10119057,0
38.650000007874034,1.3678683,1.6343315,0.18543434,0
38.70000000788422,1.3512467,1.5969725,0.114269614,0
38.75000000789441,1.3449974,1.6135598,0.09547329,0
38.80000000790459,1.3268019,1.5816593,0.0893662,0
38.85000000791478,1.3340662,1.6308091,0.08384025,0
38.900000007924966,1.3622342,1.6204121,0.10323179,0
38.95000000793515,1.341406,1.6240774,0.09641421,0
39.00000000794534,1.3073487,1.6127158,0.07961357,0
39.05000000795552,1.312343,1.5937443,0.109455585,0
39.10000000796571,1.3440055,1.607439,0.07874727,0
39.1500000079759,1.3575302,1.615479,0.07567668,0
39.200000007986084,1.3562977,1.6203494,0.06688678,0
39.25000000799627,1.3178135,1.5734984,0.111421704,0
39.30000000800646,1.360645,1.6173272,0.10136676,0
39.35000000801664,1.2934989,1.6098855,0.11057019,0
39.40000000802683,1.3544929,1.631218,0.121799946,0
39.450000008037016,1.329705,1.6181867,0.111842394,0
39.5000000080472,1.3311119,1.6293181,0.089515805,0
39.55000000805739,1.3202195,1.5970795,0.09208393,0
39.60000000806757,1.3670373,1.6366853,0.09083176,0
39.65000000807776,1.2770451,1.6655184,0.10667491,0
39.70000000808795,1.327409,1.594885,0.082039595,0
39.750000008098134,1.3402994,1.5914123,0.10849571,0
39.80000000810832,1.3575213,1.5846679,0.101154685,0
39.850000008118506,1.3090981,1.598805,0.11454153,0
39.90000000812869,1.2990441,1.6041231,0.1196053,0
39.95000000813888,1.3171854,1.626795,0.120992064,0
40.00000000814906,1.334331,1.5767664,0.13172126,0
40.05000000815925,1.3407743,1.5952355,0.08115065,0
40.10000000816944,1.3437185,1.6228626,0.11295259,0
40.150000008179624,1.2796893,1.5933973,0.10839903,0
40.20000000818981,1.3404232,1.6051099,0.06690252,0
40.250000008200004,1.3625084,1.5909812,0.072696686,0
40.30000000821018,1.3482635,1.6245348,0.087263584,0
40.35000000822037,1.3506259,1.6149125,0.105220795,0
40.40000000823056,1.336576,1.5910146,0.13311005,0
40.45000000824074,1.3503895,1.6347946,0.086274505,0
40.50000000825093,1.3473411,1.598757,0.07530975,0
40.55000000826112,1.3592389,1.5809547,0.15796018,0
40.6000000082713,1.3376294,1.6420224,0.0909121,0
40.65000000828149,1.3330083,1.6165957,0.06905091,0
40.700000008291674,1.3672423,1.5945946,0.08435047,0
40.75000000830186,1.3162394,1.6070205,0.10372424,0
40.80000000831205,1.3592651,1.6253985,0.07350218,0
40.85000000832223,1.3493733,1.5653919,0.11140144,0
40.90000000833242,1.34216,1.5867321,0.10109329,0
40.950000008342606,1.3708597,1.6299068,0.111062646,0
41.00000000835279,1.3428003,1.593603,0.11148858,0
41.05000000836298,1.337149,1.6271232,0.10031867,0
41.10000000837317,1.3569838,1.6002266,0.0843097,0
41.15000000838335,1.3614191,1.5855544,0.10055256,0
41.20000000839354,1.3187797,1.6262534,0.09179759,0
41.250000008403724,1.3717206,1.582258,0.10904682,0
41.30000000841391,1.3610917,1.6074011,0.07438302,0
41.3500000084241,1.3715695,1.5923713,0.06127572,0
41.40000000843428,1.3438886,1.6150831,0.09964347,0
41.45000000844447,1.317911,1.559098,0.09197581,0
41.500000008454656,1.3404007,1.6402107,0.11159372,0
41.55000000846484,1.329863,1.5496001,0.09927809,0
41.60000000847503,1.3629783,1.6125442,0.094502926,0
41.650000008485215,1.3308023,1.6355338,0.12482619,0
41.7000000084954,1.3602067,1.6418426,0.09129155,0
41.750000008505594,1.3233874,1.6060157,0.08592272,0
41.800000008515774,1.2872,1.5923285,0.087872624,0
41.85000000852596,1.3318336,1.5813286,0.1615336,0
41.90000000853615,1.3350416,1.5870339,0.07426846,0
41.95000000854633,1.3523399,1.5967953,0.10169208,0
42.00000000855652,1.3563107,1.6011686,0.09740412,0
42.050000008566705,1.3459587,1.588466,0.09050763,0
42.10000000857689,1.3598396,1.588274,0.0974437,0
42.15000000858708,1.372934,1.6072525,0.094557285,0
42.200000008597264,1.3279955,1.5818183,0.1064167,0
42.25000000860745,1.3182602,1.5819728,0.11315215,0
42.300000008617644,1.340903,1.6005833,0.091005564,0
42.35000000862782,1.3326604,1.5902045,0.13522601,0
42.40000000863801,1.3292967,1.6051419,0.08384633,0
42.4500000086482,1.3360852,1.5617249,0.076984644,0
42.50000000865838,1.3402718,1.5950228,0.16094339,0
42.55000000866857,1.3618504,1.617114,0.118759036,0
42.600000008678755,1.3550022,1.6233835,0.10722041,0
42.65000000868894,1.3523664,1.5804719,0.07958937,0
42.70000000869913,1.3020651,1.5983989,0.10074043,0
42.750000008709314,1.35427,1.6348671,0.10666704,0
42.8000000087195,1.3528596,1.6398838,0.08432984,0
42.85000000872969,1.3676894,1.6377665,0.09020126,0
42.90000000873987,1.3100492,1.5688759,0.08535874,0
42.95000000875006,1.3474907,1.6135086,0.0936681,0
43.000000008760246,1.3622193,1.633112,0.110711575,0
43.05000000877043,1.3730932,1.6334519,0.08213103,0
43.10000000878062,1.3319068,1.6083097,0.09760213,0
43.1500000087908,1.3677596,1.6148089,0.1217854,0
43.20000000880099,1.3221937,1.6177151,0.13279712,0
43.25000000881118,1.332665,1.6087894,0.091423035,0
43.300000008821364,1.3395225,1.649933,0.06988323,0
43.35000000883155,1.3582003,1.5989883,0.08737886,0
43.40000000884174,1.3183253,1.6308374,0.11822593,0
43.45000000885192,1.3054907,1.5839772,0.08673668,0
43.50000000886211,1.3275015,1.6120913,0.109917045,0
43.550000008872296,1.3640497,1.6181924,0.08396006,0
43.60000000888248,1.3599085,1.5909703,0.12827134,0
43.65000000889267,1.3442868,1.6010116,0.07678592,0
43.70000000890285,1.3261738,1.6008394,0.12479639,0
43.75000000891304,1.3008236,1.5817116,0.10848653,0
43.80000000892323,1.3298298,1.6303031,0.09519911,0
43.850000008933414,1.347556,1.5644574,0.10250151,0
43.9000000089436,1.3456296,1.6113955,0.09457874,0
43.950000008953786,1.3387499,1.5899086,0.10475588,0
44.00000000896397,1.347925,1.5964551,0.090270996,0
44.05000000897416,1.3608072,1.6156425,0.09377146,0
44.10000000898434,1.3299006,1.5918837,0.08376038,0
44.15000000899453,1.3338326,1.6151934,0.10747051,0
44.20000000900472,1.3473158,1.6517437,0.09948099,0
44.250000009014904,1.3698452,1.5859033,0.11696756,0
44.30000000902509,1.3285317,1.5905536,0.099238515,0
44.350000009035284,1.3614593,1.613214,0.13231206,0
44.40000000904546,1.3498335,1.6237755,0.09484577,0
44.45000000905565,1.3469988,1.5804486,0.07201111,0
44.50000000906584,1.3363158,1.6084219,0.097714305,0
44.55000000907602,1.3513789,1.6453785,0.11554003,0
44.60000000908621,1.335435,1.622251,0.11696696,0
44.6500000090964,1.3496921,1.6046624,0.06572521,0
44.70000000910658,1.3388902,1.6094524,0.0868237,0
44.75000000911677,1.332418,1.5951469,0.105704784,0
44.800000009126954,1.3276739,1.608037,0.06488109,0
44.85000000913714,1.3167715,1.577482,0.093438625,0
44.90000000914733,1.3457619,1.6037257,0.11908972,0
44.95000000915751,1.3455219,1.561116,0.09900856,0
45.0000000091677,1.3373159,1.619358,0.083938956,0
45.050000009177886,1.3562124,1.6312128,0.09692347,0
45.10000000918807,1.3423563,1.594677,0.09274793,0
45.15000000919826,1.3397069,1.591542,0.08952832,0
45.20000000920845,1.3209565,1.6262488,0.09910262,0
45.25000000921863,1.3259138,1.5954243,0.078516126,0
45.30000000922882,1.3233371,1.5950413,0.08872008,0
45.350000009239004,1.3222587,1.6302941,0.093316555,0
45.40000000924919,1.3573564,1.6346657,0.053519964,0
45.45000000925938,1.3563884,1.6079779,0.08974588,0
45.50000000926956,1.3644432,1.6086115,0.099078655,0
45.55000000927975,1.3197217,1.5927266,0.064517856,0
45.600000009289936,1.3649367,1.6220479,0.075305104,0
45.65000000930012,1.3397918,1.6083688,0.15379262,0
45.70000000931031,1.3510127,1.5851426,0.10358477,0
45.750000009320495,1.355694,1.6181245,0.08097732,0
45.80000000933068,1.3577336,1.6068919,0.0842042,0
45.850000009340874,1.3315512,1.6241258,0.14031768,0
45.900000009351054,1.3420702,1.5891714,0.08441293,0
45.95000000936124,1.3262775,1.5490563,0.17755413,0
46.00000000937143,1.3339384,1.5858353,0.12918591,0
46.05000000938161,1.3205992,1.6295431,0.088710904,0
46.1000000093918,1.3499414,1.5914397,0.10131645,0
46.150000009401985,1.3295965,1.6225507,0.0793128,0
46.20000000941217,1.3337404,1.6225827,0.10288453,0
46.25000000942236,1.3299425,1.6166152,0.14179862,0
46.300000009432544,1.350538,1.5960658,0.100795865,0
46.35000000944273,1.3298893,1.5894561,0.09183526,0
46.400000009452924,1.3126214,1.5965701,0.088166,0
46.4500000094631,1.338665,1.6097878,0.078258276,0
46.50000000947329,1.2999917,1.6401428,0.10422361,0
46.55000000948348,1.3422277,1.6098629,0.117185116,0
46.60000000949366,1.3154306,1.6019759,0.14172792,0
46.65000000950385,1.2916158,1.584519,0.09182358,0
46.700000009514035,1.3665276,1.6201432,0.10028279,0
46.75000000952422,1.3613839,1.6017685,0.13202798,0
46.80000000953441,1.3649071,1.6250927,0.08430159,0
46.850000009544594,1.3532805,1.6514266,0.13949227,0
46.90000000955478,1.3612114,1.6263546,0.0809319,0
46.95000000956497,1.3640714,1.6166366,0.078647494,0
47.00000000957515,1.301214,1.5793747,0.08110654,0
47.05000000958534,1.367835,1.6042997,0.069043994,0
47.100000009595526,1.2930692,1.6066104,0.17010558,0
47.15000000960571,1.3120291,1.5704871,0.0793761,0
47.2000000096159,1.3420584,1.6218199,0.114958525,0
47.25000000962608,1.3599263,1.6254585,0.12636542,0
47.30000000963627,1.3673103,1.589452,0.09467876,0
47.35000000964646,1.3240778,1.6156417,0.09064448,0
47.400000009656644,1.3559676,1.5878005,0.10905218,0
47.45000000966683,1.351868,1.60743,0.09528744,0
47.50000000967702,1.3051088,1.5747285,0.10872412,0
47.5500000096872,1.3428105,1.626057,0.12496531,0
47.60000000969739,1.3476706,1.5990986,0.092357635,0
47.650000009707576,1.3435644,1.6213417,0.067263484,0
47.70000000971776,1.3527966,1.6623193,0.09697807,0
47.75000000972795,1.3382775,1.6217792,0.10706186,0
47.800000009738135,1.3253777,1.5829568,0.13219976,0
47.85000000974832,1.3599458,1.6066139,0.099283576,0
47.90000000975851,1.3273451,1.6101105,0.092968225,0
47.950000009768694,1.331585,1.5694034,0.12642908,0
48.00000000977888,1.326732,1.6170249,0.08302474,0
48.050000009789066,1.3385825,1.6004188,0.10385907,0
48.10000000979925,1.3440425,1.5995677,0.09729707,0
48.15000000980944,1.3409069,1.5914918,0.084264755,0
48.20000000981962,1.3519714,1.6103098,0.09661162,0
48.25000000982981,1.3438594,1.5858561,0.08213246,0
48.30000000984,1.3580035,1.6274736,0.088907,0
48.350000009850184,1.3342142,1.6297994,0.09657562,0
48.40000000986037,1.3486767,1.5958443,0.08513665,0
48.450000009870564,1.3499259,1.6085464,0.10262883,0
48.50000000988074,1.3444881,1.6417446,0.10492706,0
48.55000000989093,1.3568101,1.5989267,0.0874058,0
48.60000000990112,1.3546135,1.5948038,0.11528075,0
48.6500000099113,1.3465475,1.6222827,0.10291302,0
48.70000000992149,1.3562067,1.6564789,0.10752475,0
48.75000000993168,1.3586917,1.6125379,0.08861303,0
48.80000000994186,1.2731473,1.5948498,0.1042856,0
48.85000000995205,1.3464389,1.5688529,0.11572409,0
48.900000009962234,1.3423014,1.5950639,0.092619896,0
48.95000000997242,1.3706503,1.6082163,0.114254,0
49.00000000998261,1.3309585,1.5947127,0.10969567,0
49.05000000999279,1.3531817,1.5870237,0.107881784,0
49.10000001000298,1.3737609,1.6001267,0.10131323,0
49.150000010013166,1.3446658,1.5860735,0.07657766,0
49.20000001002335,1.3288611,1.5894936,0.105801344,0
49.25000001003354,1.3339729,1.6220536,0.07395518,0
49.30000001004373,1.3573252,1.5869203,0.12600791,0
49.35000001005391,1.3546051,1.5969005,0.1019485,0
49.4000000100641,1.3394535,1.6011904,0.11782169,0
49.450000010074284,1.3621616,1.611618,0.106625795,0
49.50000001008447,1.3505127,1.5731579,0.08341169,0
49.55000001009466,1.3765473,1.6298908,0.11918318,0
49.60000001010484,1.3310049,1.5964415,0.0848434,0
49.65000001011503,1.3583517,1.599577,0.123888135,0
49.700000010125216,1.3004405,1.6156448,0.094662905,0
49.7500000101354,1.3428326,1.6040752,0.09974623,0
49.80000001014559,1.3658268,1.5797752,0.12064028,0
49.850000010155775,1.3469769,1.577164,0.08636618,0
49.90000001016596,1.343173,1.5940061,0.11366129,0
49.950000010176154,1.352036,1.5861224,0.13191104,0
50.000000010186334,1.3396876,1.5963377,0.11155534,0
50.05000001019652,1.3310213,1.584837,0.1332587,0
50.10000001020671,1.3516862,1.6039219,0.088085175,0
50.15000001021689,1.3425794,1.5873063,0.089627504,0
50.20000001022708,1.314829,1.6077536,0.11357117,0
50.250000010237265,1.3331748,1.6695161,0.07692373,0
50.30000001024745,1.3513374,1.5809026,0.11296368,0
50.35000001025764,1.3492324,1.6350417,0.093179464,0
50.400000010267824,1.3387967,1.5926914,0.14721525,0
50.45000001027801,1.3325523,1.6427261,0.10967612,0
50.500000010288204,1.3336766,1.6329954,0.090123415,0
50.55000001029838,1.3284571,1.5804,0.09079552,0
50.60000001030857,1.3437006,1.6046579,0.07181609,0
50.65000001031876,1.3616309,1.6250772,0.109686136,0
50.70000001032894,1.3727617,1.6323509,0.10391581,0
50.75000001033913,1.2987156,1.6179167,0.07834053,0
50.800000010349315,1.3748102,1.5873997,0.10692167,0
50.8500000103595,1.372714,1.6057945,0.08087456,0
50.90000001036969,1.332364,1.6344804,0.08435893,0
50.950000010379874,1.3582026,1.572991,0.09822416,0
51.00000001039006,1.3388081,1.6219486,0.15589893,0
51.05000001040025,1.3001262,1.6048834,0.13424253,0
51.10000001041043,1.3490683,1.6246052,0.11327803,0
51.15000001042062,1.348279,1.611898,0.09030843,0
51.200000010430806,1.3319287,1.6197764,0.1271708,0
51.25000001044099,1.3046945,1.6176682,0.09932566,0
51.30000001045118,1.3496767,1.616357,0.10564935,0
51.35000001046136,1.3477724,1.5746267,0.08624411,0
51.40000001047155,1.3462191,1.581893,0.075267196,0
51.45000001048174,1.3482267,1.6007942,0.11208367,0
51.500000010491924,1.3535802,1.6301287,0.13280725,0
51.55000001050211,1.3316482,1.6102301,0.08677864,0
51.6000000105123,1.3047178,1.642618,0.10459232,0
51.65000001052248,1.3251685,1.6152923,0.0972836,0
51.70000001053267,1.3527076,1.6107526,0.073571205,0
51.75000001054285,1.3512814,1.5821291,0.08395803,0
51.80000001055304,1.3556229,1.5923333,0.093165874,0
51.85000001056323,1.3592999,1.5868527,0.11222851,0
51.900000010573414,1.340437,1.5899322,0.08511639,0
51.9500000105836,1.3436954,1.5567528,0.06412506,0
52.00000001059379,1.3584112,1.6222284,0.11518657,0
52.05000001060397,1.3526919,1.6248106,0.08556712,0
52.10000001061416,1.3292925,1.5600736,0.1321348,0
52.150000010624346,1.365169,1.5938902,0.083048105,0
52.20000001063453,1.3216953,1.5809646,0.10570729,0
52.25000001064472,1.3390552,1.6212234,0.09869945,0
52.3000000106549,1.3383677,1.6041722,0.119323134,0
52.35000001066509,1.3521066,1.5955312,0.1307944,0
52.40000001067528,1.3512737,1.6303236,0.09512305,0
52.450000010685464,1.3711149,1.5972394,0.08904266,0
52.50000001069565,1.3001989,1.5650947,0.10622263,0
52.550000010705844,1.3547621,1.6192745,0.09614825,0
52.60000001071602,1.3185635,1.5637399,0.09962928,0
52.65000001072621,1.3385822,1.605288,0.11088681,0
52.7000000107364,1.3581789,1.6106908,0.1025331,0
52.75000001074658,1.3470645,1.5732943,0.12539625,0
52.80000001075677,1.3155211,1.6099629,0.08486712,0
52.85000001076696,1.3398647,1.6031526,0.10911894,0
52.90000001077714,1.3474845,1.645005,0.0747807,0
52.95000001078733,1.3652334,1.6129225,0.12689888,0
53.000000010797514,1.3417389,1.6085255,0.08431828,0
53.0500000108077,1.3540835,1.6191723,0.105502605,0
53.10000001081789,1.3559561,1.5917428,0.0636127,0
53.15000001082807,1.3030155,1.5791562,0.09968519,0
53.20000001083826,1.3558967,1.5858421,0.12914038,0
53.250000010848446,1.3394659,1.5862948,0.111214876,0
53.30000001085863,1.3399854,1.6132836,0.077439785,0
53.35000001086882,1.3668872,1.6023375,0.12671494,0
53.40000001087901,1.3399265,1.5527205,0.09535718,0
53.45000001088919,1.3085968,1.5877765,0.10071325,0
53.50000001089938,1.3140701,1.6092234,0.07936883,0
53.550000010909564,1.3571198,1.5854312,0.1035558,0
53.60000001091975,1.3380442,1.5844941,0.08418393,0
53.650000010929936,1.3597674,1.5768187,0.06611109,0
53.70000001094012,1.3724923,1.601346,0.1436081,0
53.75000001095031,1.3557137,1.6242825,0.085683346,0
53.800000010960495,1.311408,1.595442,0.107230544,0
53.85000001097068,1.309138,1.5948503,0.09180093,0
53.90000001098087,1.3267555,1.5919036,0.07860112,0
53.950000010991054,1.3183098,1.58441,0.09305358,0
54.00000001100124,1.323267,1.6165278,0.12883747,0
54.050000011011434,1.3625587,1.6444908,0.104688525,0
54.10000001102161,1.3301164,1.6147155,0.100905895,0
54.1500000110318,1.3631878,1.6201092,0.12647557,0
54.20000001104199,1.3392152,1.583069,0.117780805,0
54.25000001105217,1.3193278,1.5888667,0.076080084,0
54.30000001106236,1.3536994,1.5952783,0.08371031,0
54.350000011072545,1.3359869,1.6307905,0.07319236,0
54.40000001108273,1.3446926,1.6071942,0.09665203,0
54.45000001109292,1.3525051,1.5835824,0.14850593,0
54.500000011103104,1.3165344,1.6323285,0.078426,0
54.55000001111329,1.3150952,1.6300113,0.08077645,0
54.600000011123484,1.3539965,1.5909852,0.09043074,0
54.65000001113366,1.3500797,1.6018229,0.09659052,0
54.70000001114385,1.3725257,1.6137968,0.09418416,0
54.75000001115404,1.3187561,1.6422902,0.10594535,0
54.80000001116422,1.3423803,1.6008508,0.08519006,0
54.85000001117441,1.3354486,1.5583901,0.098587275,0
54.900000011184595,1.3254402,1.6208777,0.083051324,0
54.95000001119478,1.3113106,1.6133587,0.096363544,0
55.00000001120497,1.3403974,1.6104231,0.07906175,0
55.050000011215154,1.349064,1.5862094,0.07807028,0
55.10000001122534,1.332642,1.5854867,0.106161594,0
55.15000001123553,1.3004905,1.6068149,0.109607816,0
55.20000001124571,1.3527994,1.5744395,0.09670544,0
55.2500000112559,1.3407768,1.5955517,0.09112263,0
55.300000011266086,1.348874,1.5926304,0.07556212,0
55.35000001127627,1.3479211,1.5793445,0.13057196,0
55.40000001128646,1.3284827,1.5984464,0.12114596,0
55.45000001129664,1.3253703,1.6415484,0.12081826,0
55.50000001130683,1.3563435,1.5819101,0.16535437,0
55.55000001131702,1.3317981,1.6319406,0.12123299,0
55.600000011327204,1.3208176,1.5876282,0.10319543,0
55.65000001133739,1.3350062,1.6335402,0.11660981,0
55.700000011347576,1.3264084,1.6083993,0.08188808,0
55.75000001135776,1.3354367,1.606281,0.10847521,0
55.80000001136795,1.3360853,1.6087914,0.0699358,0
55.85000001137813,1.3504361,1.592167,0.07336068,0
55.90000001138832,1.3494723,1.6044277,0.09863782,0
55.95000001139851,1.2943257,1.6306494,0.085495114,0
56.000000011408694,1.3399866,1.60853,0.11686027,0
56.05000001141888,1.3464258,1.615542,0.085023284,0
56.10000001142907,1.3583709,1.6347611,0.10365343,0
56.15000001143925,1.3609476,1.6512542,0.10570538,0
56.20000001144944,1.3700122,1.627229,0.0765692,0
56.250000011459626,1.334446,1.581822,0.09490502,0
56.30000001146981,1.3604091,1.6123421,0.07021475,0
56.35000001148,1.3445777,1.5955987,0.12389827,0
56.40000001149018,1.3314767,1.6417022,0.09307027,0
56.45000001150037,1.332298,1.5960376,0.095632434,0
56.50000001151056,1.3432927,1.6025693,0.094774485,0
56.550000011520744,1.3290097,1.6029809,0.069193006,0
56.60000001153093,1.3283393,1.6059667,0.08942878,0
56.650000011541124,1.3573372,1.5550174,0.13262308,0
56.7000000115513,1.3132641,1.586261,0.13645685,0
56.75000001156149,1.3422924,1.626432,0.06497097,0
56.80000001157168,1.3197285,1.591046,0.08249378,0
56.85000001158186,1.3426557,1.5905256,0.083512664,0
56.90000001159205,1.3001916,1.5802501,0.124557495,0
56.95000001160224,1.3540882,1.5899421,0.1186955,0
57.00000001161242,1.3106148,1.6103147,0.09960711,0
57.05000001162261,1.3083634,1.6199081,0.10346174,0
57.100000011632794,1.3538101,1.6059017,0.09512591,0
57.15000001164298,1.3183213,1.6139935,0.08937001,0
57.20000001165317,1.359303,1.6057985,0.08941567,0
57.25000001166335,1.344444,1.6108043,0.097121954,0
57.30000001167354,1.3610675,1.6705699,0.10093188,0
57.350000011683726,1.352123,1.5543734,0.104072094,0
57.40000001169391,1.3403738,1.6277287,0.12317705,0
57.4500000117041,1.2953236,1.5667647,0.09368515,0
57.50000001171429,1.3498808,1.6091235,0.090096,0
57.55000001172447,1.3575027,1.6145254,0.09512544,0
57.60000001173466,1.3382286,1.5926069,0.12853408,0
57.650000011744844,1.3299848,1.5866301,0.080257416,0
57.70000001175503,1.3126917,1.5819244,0.075763226,0
57.750000011765216,1.3350939,1.6145831,0.1132046,0
57.8000000117754,1.333008,1.613157,0.08219373,0
57.85000001178559,1.3289759,1.6337776,0.109125376,0
57.900000011795775,1.3648683,1.6072254,0.11852467,0
57.95000001180596,1.2893463,1.607455,0.10032737,0
58.00000001176521,1.3633602,1.6402118,0.094212055,0
58.0500000115935,1.3322835,1.6091077,0.099347115,0
58.100000011421784,1.3674057,1.597681,0.111576915,0
58.15000001125007,1.3192803,1.5908113,0.074070334,0
58.20000001107836,1.3578445,1.6334071,0.07590103,0
58.250000010906646,1.3301061,1.5747882,0.104429245,0
58.300000010734934,1.3706708,1.586828,0.111720204,0
58.35000001056322,1.3484157,1.5980983,0.08707106,0
58.40000001039151,1.3756773,1.6188663,0.09862208,0
58.450000010219796,1.3581417,1.5961406,0.1044513,0
58.50000001004808,1.317754,1.6323882,0.109791994,0
58.55000000987637,1.345619,1.6237376,0.10616863,0
58.60000000970466,1.3488946,1.599047,0.0902586,0
58.650000009532945,1.3420068,1.5984899,0.09024048,0
58.70000000936123,1.3480833,1.6097926,0.07711077,0
58.75000000918952,1.3201011,1.6142582,0.10355055,0
58.80000000901781,1.3148429,1.5918486,0.06502557,0
58.850000008846095,1.3087953,1.6219676,0.10042989,0
58.90000000867438,1.3480868,1.6262436,0.106932044,0
58.95000000850267,1.3338287,1.6250226,0.14268672,0
59.00000000833096,1.362582,1.627459,0.10122335,0
59.050000008159245,1.3267107,1.5901883,0.07948065,0
59.10000000798753,1.3460898,1.5964978,0.13992214,0
59.15000000781582,1.3036984,1.6382862,0.0860734,0
59.20000000764411,1.3034852,1.6148031,0.07864392,0
59.250000007472394,1.3585283,1.5836277,0.11930442,0
59.30000000730068,1.3206102,1.623984,0.08983207,0
59.35000000712897,1.3027824,1.5991359,0.09108794,0
59.40000000695726,1.3465805,1.6215525,0.11065972,0
59.450000006785544,1.3520659,1.5777898,0.106603265,0
59.50000000661383,1.3446596,1.598176,0.087468386,0
59.55000000644212,1.3208725,1.6216757,0.12296951,0
59.600000006270406,1.3485307,1.6187088,0.096652746,0
59.65000000609869,1.3653058,1.5855036,0.07825112,0
59.70000000592698,1.3704135,1.6117005,0.07189822,0
59.75000000575527,1.3319765,1.6077168,0.11682987,0
59.800000005583556,1.356277,1.5911193,0.07555032,0
59.85000000541184,1.3451415,1.6274722,0.08959365,0
59.90000000524013,1.3270605,1.6020143,0.104256034,0
59.95000000506842,1.3371637,1.5724835,0.08400321,0
60.000000004896705,1.3367026,1.5648983,0.09939206,0
60.05000000472499,1.3492737,1.6330194,0.12327433,0
60.10000000455328,1.3679738,1.5895963,0.05825138,0
60.15000000438157,1.3217236,1.6255277,0.088073015,0
60.200000004209855,1.341779,1.5858591,0.08745623,0
60.25000000403814,1.3591516,1.618108,0.099995494,0
60.30000000386643,1.3620859,1.5985953,0.09864497,0
60.35000000369472,1.3570867,1.5940403,0.09887862,0
60.400000003523004,1.309037,1.5891038,0.09105921,0
60.45000000335129,1.3332536,1.5841737,0.107684016,0
60.50000000317958,1.3503255,1.5716237,0.0753361,0
60.55000000300787,1.3494899,1.6324098,0.07974529,0
60.600000002836154,1.3669986,1.6164157,0.13255668,0
60.65000000266444,1.325707,1.6348659,0.10989034,0
60.70000000249273,1.3583848,1.5727543,0.08022165,0
60.750000002321016,1.3133688,1.6168258,0.10019553,0
60.800000002149304,1.3415554,1.6537957,0.09559417,0
60.85000000197759,1.3724265,1.658819,0.08918095,0
60.90000000180588,1.3413393,1.5887928,0.081220984,0
60.950000001634166,1.304764,1.5785216,0.09447372,0
61.00000000146245,1.3298094,1.593592,0.09692657,0
61.05000000129074,1.3321835,1.6054885,0.14925122,0
61.10000000111903,1.3551214,1.6085224,0.077314615,0
61.150000000947315,1.3700594,1.5704973,0.12682593,0
61.2000000007756,1.3313395,1.5748343,0.0985378,0
61.25000000060389,1.3598447,1.659538,0.12191796,0
61.30000000043218,1.3510759,1.6001,0.08033419,0
61.350000000260465,1.3458384,1.5960655,0.097543,0
61.40000000008875,1.3187182,1.5945168,0.1259855,0
61.44999999991704,1.3682475,1.5938411,0.098154545,0
61.49999999974533,1.3394744,1.5984323,0.10541344,0
61.549999999573615,1.3452946,1.5983932,0.109381676,0
61.5999999994019,1.3544891,1.6163338,0.09407437,0
61.64999999923019,1.3489316,1.5933989,0.08766496,0
61.69999999905848,1.3466741,1.6339122,0.059305668,0
61.749999998886764,1.3740067,1.6131823,0.11127353,0
61.79999999871505,1.3204819,1.5789849,0.094362736,0
61.84999999854334,1.337584,1.6185236,0.1266123,0
61.89999999837163,1.3263683,1.5929856,0.08294177,0
61.949999998199914,1.3192337,1.5831361,0.07731688,0
61.9999999980282,1.3086851,1.6268415,0.11222565,0
62.04999999785649,1.3221054,1.606583,0.08990288,0
62.099999997684776,1.3489082,1.5956423,0.098740816,0
62.14999999751306,1.35621,1.5910469,0.08758557,0
62.19999999734135,1.331272,1.6240178,0.107862234,0
62.24999999716964,1.3557992,1.6115444,0.08459449,0
62.299999996997926,1.3465594,1.5890453,0.08303368,0
62.34999999682621,1.3452778,1.619565,0.111371756,0
62.3999999966545,1.3421197,1.6007351,0.08698058,0
62.44999999648279,1.3368517,1.604862,0.10656822,0
62.499999996311075,1.3242176,1.6194866,0.083956,0
62.54999999613936,1.371684,1.5715842,0.089402795,0
62.59999999596765,1.332351,1.5517174,0.11426175,0
62.64999999579594,1.3007047,1.645539,0.11292374,0
62.699999995624225,1.2813041,1.6185281,0.09151411,0
62.74999999545251,1.3375473,1.6055446,0.11026573,0
62.7999999952808,1.3579841,1.6157728,0.069747925,0
62.84999999510909,1.376862,1.5996469,0.10702872,0
62.899999994937374,1.3394983,1.6156754,0.08534658,0
62.94999999476566,1.327069,1.6215706,0.10111928,0
62.99999999459395,1.326453,1.6350878,0.10036743,0
63.04999999442224,1.3564037,1.5823132,0.09508157,0
63.099999994250524,1.3103578,1.6358434,0.10526538,0
63.14999999407881,1.3044637,1.5811334,0.058311343,0
63.1999999939071,1.328826,1.6035976,0.11070287,0
63.249999993735386,1.3196908,1.5923983,0.08570516,0
63.299999993563674,1.3337998,1.5901564,0.11662507,0
63.34999999339196,1.3473973,1.6187817,0.09115529,0
63.39999999322025,1.3069838,1.577307,0.116760015,0
63.449999993048536,1.3418632,1.5712128,0.09283435,0
63.49999999287682,1.3610444,1.5840517,0.12268627,0
63.54999999270511,1.3422825,1.642122,0.11433458,0
63.5999999925334,1.3508155,1.5749581,0.08104122,0
63.649999992361685,1.3334866,1.6148691,0.16320217,0
63.69999999218997,1.3218424,1.5807438,0.099137306,0
63.74999999201826,1.3558053,1.6413261,0.08086622,0
63.79999999184655,1.3367152,1.5759982,0.12944376,0
63.849999991674835,1.3444006,1.6217225,0.15028048,0
63.89999999150312,1.3539516,1.5938015,0.0932163,0
63.94999999133141,1.3505533,1.5558177,0.11252916,0
63.9999999911597,1.3402926,1.6211616,0.12011635,0
64.04999999098798,1.3562407,1.603941,0.103796005,0
64.09999999081627,1.3497405,1.6545627,0.12631369,0
64.14999999064456,1.3343623,1.6054401,0.09345317,0
64.19999999047285,1.3662754,1.5687468,0.128129,0
64.24999999030113,1.3402016,1.6152297,0.0990057,0
64.29999999012942,1.3428128,1.607967,0.12540162,0
64.34999998995771,1.3563739,1.61209,0.12517524,0
64.399999989786,1.3598992,1.6139764,0.10883808,0
64.44999998961428,1.3245091,1.606242,0.0918318,0
64.49999998944257,1.3428841,1.5590546,0.12506735,0
64.54999998927086,1.3614047,1.6023562,0.09409046,0
64.59999998909915,1.2904048,1.6234472,0.080725074,0
64.64999998892743,1.306544,1.574692,0.08821106,0
64.69999998875572,1.3498292,1.6539942,0.09051657,0
64.74999998858401,1.3677489,1.599832,0.06570041,0
64.7999999884123,1.3415616,1.5804486,0.11458027,0
64.84999998824058,1.3694024,1.5726441,0.1079011,0
64.89999998806887,1.30894,1.6506708,0.08103275,0
64.94999998789716,1.2976807,1.6074342,0.13192856,0
64.99999998772545,1.3324202,1.6356577,0.11355555,0
65.04999998755373,1.3195158,1.6279405,0.109356165,0
65.09999998738202,1.364522,1.6313722,0.06467533,0
65.14999998721031,1.3570666,1.6444027,0.090393424,0
65.1999999870386,1.3168514,1.5935943,0.111846566,0
65.24999998686688,1.3229849,1.5947504,0.09661722,0
65.29999998669517,1.346833,1.5984887,0.097432375,0
65.34999998652346,1.3140717,1.5933357,0.16178179,0
65.39999998635174,1.2926358,1.6178129,0.10277212,0
65.44999998618003,1.3166863,1.622436,0.09503591,0
65.49999998600832,1.3420792,1.6225464,0.08529997,0
65.5499999858366,1.3352871,1.6157329,0.075930595,0
65.5999999856649,1.3634193,1.6386174,0.08608389,0
65.64999998549318,1.3580228,1.6195726,0.12979305,0
65.69999998532147,1.3228894,1.5962924,0.09189713,0
65.74999998514976,1.3604939,1.5832918,0.105974674,0
65.79999998497804,1.2985123,1.6221119,0.096895576,0
65.84999998480633,1.3647574,1.6303508,0.10659623,0
65.89999998463462,1.3775058,1.6187747,0.09799671,0
65.9499999844629,1.3463807,1.586052,0.0929811,0
65.9999999842912,1.3332055,1.6187296,0.14959502,0
66.04999998411948,1.2948995,1.6173902,0.14389455,0
66.09999998394777,1.3006395,1.60048,0.11555898,0
66.14999998377606,1.3088573,1.6023046,0.10408521,0
66.19999998360434,1.304248,1.6016382,0.092963815,0
66.24999998343263,1.312425,1.6176624,0.082296014,0
66.29999998326092,1.3437049,1.5964508,0.12933958,0
66.3499999830892,1.349234,1.5989858,0.11108184,0
66.39999998291749,1.3454181,1.6409761,0.11483288,0
66.44999998274578,1.3321393,1.6486535,0.08085525,0
66.49999998257407,1.3677654,1.606488,0.07657218,0
66.54999998240235,1.3673192,1.596201,0.10698366,0
66.59999998223064,1.3432382,1.5812576,0.11130202,0
66.64999998205893,1.3350902,1.5926176,0.0849148,0
66.69999998188722,1.328798,1.6373194,0.092686296,0
66.7499999817155,1.3438206,1.6050519,0.10976803,0
66.79999998154379,1.3603017,1.590877,0.08016944,0
66.84999998137208,1.3680811,1.5759982,0.080171466,0
66.89999998120037,1.2993442,1.5453099,0.13758004,0
66.94999998102865,1.3754632,1.596213,0.1119678,0
66.99999998085694,1.3431675,1.5882804,0.09945774,0
67.04999998068523,1.3494008,1.613859,0.10315144,0
67.09999998051352,1.337724,1.6255252,0.09572768,0
67.1499999803418,1.314388,1.6066208,0.097058296,0
67.19999998017009,1.3342075,1.6061063,0.12285793,0
67.24999997999838,1.3860884,1.5938426,0.13092339,0
67.29999997982667,1.3279699,1.5856909,0.118872166,0
67.34999997965495,1.3158514,1.6061372,0.112995625,0
67.39999997948324,1.3147573,1.5958571,0.08293271,0
67.44999997931153,1.321931,1.621243,0.10116696,0
67.49999997913982,1.3229754,1.584351,0.09480834,0
67.5499999789681,1.347351,1.5682274,0.10663581,0
67.59999997879639,1.2984985,1.6187142,0.110595465,0
67.64999997862468,1.3287954,1.6073102,0.09015,0
67.69999997845296,1.3192874,1.591326,0.07965684,0
67.74999997828125,1.3756539,1.6253453,0.07772255,0
67.79999997810954,1.3638341,1.6020067,0.12488997,0
67.84999997793783,1.3198793,1.6178503,0.079756975,0
67.89999997776611,1.3428442,1.5768948,0.08738375,0
67.9499999775944,1.3513161,1.6344428,0.11312652,0
67.99999997742269,1.3152103,1.5956285,0.09224272,0
68.04999997725098,1.3386085,1.6131665,0.08401227,0
68.09999997707926,1.3111085,1.5912061,0.10397458,0
68.14999997690755,1.3831615,1.5924119,0.10413611,0
68.19999997673584,1.3406683,1.5999827,0.106157064,0
68.24999997656413,1.3518977,1.5704368,0.10169089,0
68.29999997639241,1.3222152,1.6172563,0.09450483,0
68.3499999762207,1.3723454,1.6081674,0.077046156,0
68.39999997604899,1.3335211,1.5764923,0.10020542,0
68.44999997587728,1.3392568,1.5964346,0.09720433,0
68.49999997570556,1.3565587,1.5857344,0.09008682,0
68.54999997553385,1.3726625,1.6080065,0.10515654,0
68.59999997536214,1.3604228,1.605238,0.07028711,0
68.64999997519043,1.3421298,1.5959858,0.109042525,0
68.69999997501871,1.3103802,1.5679548,0.10789418,0
68.749999974847,1.3416933,1.6322417,0.09074414,0
68.79999997467529,1.3235924,1.5902125,0.08571768,0
68.84999997450358,1.342859,1.6200798,0.08220875,0
68.89999997433186,1.3397579,1.6494491,0.13806117,0
68.94999997416015,1.310326,1.6238587,0.09898412,0
68.99999997398844,1.3272605,1.6191099,0.0749681,0
69.04999997381672,1.2996323,1.5903387,0.106728196,0
69.09999997364501,1.3482131,1.5608133,0.12140715,0
69.1499999734733,1.3597186,1.5957327,0.06569052,0
69.19999997330159,1.3180518,1.6188116,0.08592749,0
69.24999997312987,1.3392831,1.6535034,0.11591494,0
69.29999997295816,1.3480229,1.6148701,0.0668267,0
69.34999997278645,1.3168555,1.6119168,0.10782027,0
69.39999997261474,1.3657146,1.5998863,0.10798144,0
69.44999997244302,1.371242,1.6195805,0.09481025,0
69.49999997227131,1.3267721,1.6571758,0.08325243,0
69.5499999720996,1.3541704,1.5600214,0.10660875,0
69.59999997192789,1.3381864,1.6019274,0.12396872,0
69.64999997175617,1.3632605,1.5752544,0.10016477,0
69.69999997158446,1.2869895,1.6256244,0.12717605,0
69.74999997141275,1.3357319,1.6215743,0.11426103,0
69.79999997124104,1.3473474,1.5960526,0.08508861,0
69.84999997106932,1.3710971,1.6155344,0.11056447,0
69.89999997089761,1.2867751,1.5597997,0.09438777,0
69.9499999707259,1.3513227,1.5938951,0.07247484,0
69.99999997055419,1.3387444,1.567877,0.0987103,0
70.04999997038247,1.3452804,1.6051826,0.10867417,0
70.09999997021076,1.3487818,1.6326462,0.08558416,0
70.14999997003905,1.3542156,1.6070212,0.12261951,0
70.19999996986733,1.3386422,1.5800269,0.14345539,0
70.24999996969562,1.33906,1.6065683,0.09840977,0
70.29999996952391,1.3588594,1.5646935,0.10811138,0
70.3499999693522,1.3555837,1.5932364,0.06942952,0
70.39999996918048,1.3285662,1.6282989,0.07178795,0
70.44999996900877,1.3675897,1.5780764,0.106839895,0
70.49999996883706,1.333818,1.5747653,0.102470756,0
70.54999996866535,1.3413899,1.5740234,0.10392928,0
70.59999996849363,1.3110127,1.6250908,0.069762826,0
70.64999996832192,1.33707,1.6172444,0.07310259,0
70.69999996815021,1.3484616,1.593191,0.102093816,0
70.7499999679785,1.3533323,1.6000897,0.14361691,0
70.79999996780678,1.3251804,1.5857239,0.09844196,0
70.84999996763507,1.3072603,1.6085677,0.08814764,0
70.89999996746336,1.3197992,1.6182265,0.08947897,0
70.94999996729165,1.3339863,1.572505,0.07852185,0
70.99999996711993,1.3293447,1.6186638,0.11445141,0
71.04999996694822,1.3365691,1.6101538,0.12833953,0
71.09999996677651,1.3029249,1.5864589,0.109942555,0
71.1499999666048,1.3301979,1.5902293,0.0871799,0
71.19999996643308,1.354124,1.6073291,0.07651186,0
71.24999996626137,1.3653921,1.6014092,0.13375378,0
71.29999996608966,1.3595675,1.6553876,0.1271131,0
71.34999996591795,1.3553518,1.6528918,0.09663725,0
71.39999996574623,1.3587165,1.6085808,0.11123943,0
71.44999996557452,1.3564731,1.6121542,0.10443604,0
71.49999996540281,1.3584875,1.5681063,0.08410597,0
71.5499999652311,1.3401979,1.6193624,0.08747649,0
71.59999996505938,1.373352,1.5855311,0.08818853,0
71.64999996488767,1.3502545,1.5781878,0.09807539,0
71.69999996471596,1.3313546,1.6005001,0.11341393,0
71.74999996454424,1.2942114,1.60784,0.115098715,0
71.79999996437253,1.3536328,1.6287916,0.104270935,0
71.84999996420082,1.3618202,1.5829788,0.10744691,0
71.8999999640291,1.329066,1.6193944,0.13026989,0
71.9499999638574,1.3015625,1.572012,0.08738959,0
71.99999996368568,1.3505361,1.6185613,0.10774922,0
72.04999996351397,1.2962983,1.6257896,0.09677315,0
72.09999996334226,1.3603158,1.6558487,0.08500266,0
72.14999996317054,1.3348365,1.6390097,0.09057164,0
72.19999996299883,1.3631366,1.567302,0.10837054,0
72.24999996282712,1.3644714,1.6153674,0.11043155,0
72.2999999626554,1.3428186,1.6065191,0.112790585,0
72.3499999624837,1.3195279,1.566336,0.100242615,0
72.39999996231198,1.3225542,1.5615413,0.101691484,0
72.44999996214027,1.3639253,1.6226422,0.08786321,0
72.49999996196856,1.33461,1.5736399,0.10504055,0
72.54999996179684,1.343677,1.6130127,0.08626461,0
72.59999996162513,1.3374188,1.6019454,0.1074816,0
72.64999996145342,1.3328599,1.5693702,0.1021502,0
72.6999999612817,1.2944403,1.5894504,0.115983725,0
72.74999996110999,1.3708296,1.5975049,0.117135406,0
72.79999996093828,1.3043903,1.585326,0.05803454,0
72.84999996076657,1.3174431,1.576673,0.09101486,0
72.89999996059485,1.3632007,1.6240312,0.10385823,0
72.94999996042314,1.328454,1.6075046,0.083265185,0
72.99999996025143,1.3555405,1.5453572,0.09346175,0
73.04999996007972,1.3483809,1.6047877,0.108926535,0
73.099999959908,1.3421581,1.5993705,0.115471125,0
73.14999995973629,1.3476222,1.5720778,0.11521387,0
73.19999995956458,1.2991669,1.576072,0.110143185,0
73.24999995939287,1.321393,1.586365,0.08829832,0
73.29999995922115,1.3709897,1.6782835,0.10864544,0
73.34999995904944,1.3721024,1.6062634,0.07564342,0
73.39999995887773,1.2897259,1.6282125,0.08477688,0
73.44999995870602,1.3340436,1.5870736,0.08550167,0
73.4999999585343,1.3438606,1.6463652,0.10656285,0
73.54999995836259,1.3375151,1.6103921,0.12679684,0
73.59999995819088,1.3624997,1.606593,0.09937954,0
73.64999995801917,1.3467695,1.5759171,0.103381276,0
73.69999995784745,1.2814202,1.6035618,0.08580279,0
73.74999995767574,1.3426214,1.5983528,0.12940204,0
73.79999995750403,1.372971,1.5901297,0.10857725,0
73.84999995733232,1.3083501,1.5905247,0.098992586,0
73.8999999571606,1.3516134,1.588067,0.13258612,0
73.94999995698889,1.3270646,1.6401999,0.10039759,0
73.99999995681718,1.311872,1.6224848,0.0974381,0
74.04999995664546,1.3433658,1.5871764,0.10243535,0
74.09999995647375,1.3435445,1.606231,0.13502812,0
74.14999995630204,1.3161428,1.5875381,0.13190949,0
74.19999995613033,1.3501917,1.632714,0.11443126,0
74.24999995595861,1.3585634,1.6196985,0.10899091,0
74.2999999557869,1.3023708,1.5936224,0.109675646,0
74.34999995561519,1.3552536,1.5812294,0.09806621,0
74.39999995544348,1.352057,1.5895743,0.0905205,0
74.44999995527176,1.3270953,1.5908575,0.10333264,0
74.49999995510005,1.3615943,1.5712363,0.11204934,0
74.54999995492834,1.3247806,1.607907,0.096918344,0
74.59999995475663,1.3154695,1.586528,0.11149645,0
74.64999995458491,1.3344133,1.5942754,0.12080252,0
74.6999999544132,1.3170271,1.575203,0.100495815,0
74.74999995424149,1.3589739,1.5871708,0.077178955,0
74.79999995406978,1.344272,1.6587383,0.114596486,0
74.84999995389806,1.3249269,1.6196756,0.11871195,0
74.89999995372635,1.3573196,1.6338551,0.0932982,0
74.94999995355464,1.3789779,1.6147001,0.09149325,0
74.99999995338293,1.3248882,1.587301,0.1243664,0
75.04999995321121,1.3625778,1.5661616,0.1041491,0
75.0999999530395,1.3535514,1.6178689,0.08338618,0
75.14999995286779,1.3630936,1.5985842,0.120664716,0
75.19999995269607,1.3565832,1.6805928,0.14079046,0
75.24999995252436,1.3390518,1.5622349,0.119766355,0
75.29999995235265,1.3543977,1.6571412,0.08487558,0
75.34999995218094,1.304767,1.5985508,0.09071958,0
75.39999995200922,1.349045,1.6139069,0.099339604,0
75.44999995183751,1.3271382,1.6303146,0.09526873,0
75.4999999516658,1.3496317,1.6249079,0.09212947,0
75.54999995149409,1.3379009,1.6336031,0.09090483,0
75.59999995132237,1.3324084,1.6091933,0.123842716,0
75.64999995115066,1.3572263,1.6145612,0.09129095,0
75.69999995097895,1.3388047,1.6055233,0.08003664,0
75.74999995080724,1.333989,1.6009872,0.12148094,0
75.79999995063552,1.3193264,1.6699569,0.111276746,0
75.84999995046381,1.3304352,1.6117436,0.100966096,0
75.8999999502921,1.321504,1.5890393,0.09334147,0
75.94999995012039,1.2955091,1.5638387,0.08707523,0
75.99999994994867,1.3220747,1.6121168,0.082822084,0
76.04999994977696,1.344876,1.5753231,0.10561526,0
76.09999994960525,1.3488721,1.5981164,0.09823036,0
76.14999994943354,1.3719879,1.6355227,0.11528063,0
76.19999994926182,1.3231231,1.6028141,0.09904003,0
76.24999994909011,1.3504034,1.5948521,0.10299158,0
76.2999999489184,1.2746902,1.6250378,0.08593798,0
76.34999994874669,1.33173,1.5826163,0.1096133,0
76.39999994857497,1.34377,1.619394,0.111940145,0
76.44999994840326,1.3622377,1.5942104,0.108468056,0
76.49999994823155,1.3653138,1.599,0.080218315,0
76.54999994805983,1.3561124,1.6219718,0.10093796,0
76.59999994788812,1.3604457,1.6112221,0.09341431,0
76.64999994771641,1.3263286,1.5620173,0.09329796,0
76.6999999475447,1.3395503,1.5753202,0.079079986,0
76.74999994737298,1.3098934,1.6079092,0.09917045,0
76.79999994720127,1.3250685,1.5603446,0.10820186,0
76.84999994702956,1.300913,1.5863171,0.079016685,0
76.89999994685785,1.325531,1.5845584,0.097860694,0
76.94999994668613,1.3585124,1.5875548,0.12117016,0
76.99999994651442,1.3734008,1.5904711,0.07206321,0
77.04999994634271,1.3378811,1.5699052,0.12161183,0
77.099999946171,1.3423086,1.5806907,0.10684228,0
77.14999994599928,1.311924,1.5872183,0.15035939,0
77.19999994582757,1.3251084,1.6057838,0.05984664,0
77.24999994565586,1.3519378,1.5997374,0.09394622,0
77.29999994548415,1.2926207,1.6217004,0.102787256,0
77.34999994531243,1.3490088,1.5866816,0.11952174,0
77.39999994514072,1.3289748,1.5999277,0.13672364,0
77.44999994496901,1.3025658,1.6097217,0.0871737,0
77.4999999447973,1.3585128,1.5981481,0.12871897,0
77.54999994462558,1.2908025,1.5940704,0.08108008,0
77.59999994445387,1.3369887,1.5957932,0.11954045,0
77.64999994428216,1.353061,1.594728,0.08311355,0
77.69999994411044,1.3438116,1.5942068,0.12713456,0
77.74999994393873,1.2796736,1.5788574,0.10752368,0
77.79999994376702,1.3413374,1.5991377,0.11357272,0
77.84999994359531,1.3381534,1.5916246,0.08623505,0
77.8999999434236,1.3374585,1.6492509,0.12200189,0
77.94999994325188,1.336025,1.6229445,0.102294445,0
77.99999994308017,1.3288314,1.625806,0.08216071,0
78.04999994290846,1.3608451,1.6430222,0.13231456,0
78.09999994273674,1.3514647,1.6059728,0.11016798,0
78.14999994256503,1.3402419,1.5990317,0.098694205,0
78.19999994239332,1.3296361,1.6275978,0.107997775,0
78.2499999422216,1.3497107,1.5705336,0.09659767,0
78.2999999420499,1.2985028,1.6143467,0.08593249,0
78.34999994187818,1.3399256,1.5984104,0.1129179,0
78.39999994170647,1.3503411,1.6273825,0.1166749,0
78.44999994153476,1.2997097,1.590972,0.08936572,0
78.49999994136304,1.2976427,1.564224,0.10168636,0
78.54999994119133,1.3334061,1.5911506,0.062918305,0
78.59999994101962,1.3667184,1.6217064,0.0692966,0
78.6499999408479,1.2826447,1.5990098,0.079324126,0
78.6999999406762,1.3592339,1.6055195,0.08155167,0
78.74999994050448,1.3099694,1.5936527,0.10705137,0
78.79999994033277,1.3372273,1.6631444,0.08792341,0
78.84999994016106,1.3345708,1.6165804,0.085020065,0
78.89999993998934,1.3551658,1.5975965,0.114482164,0
78.94999993981763,1.327661,1.6102495,0.08296442,0
78.99999993964592,1.3430929,1.5859778,0.11398256,0
79.0499999394742,1.3403219,1.6167483,0.12277436,0
79.09999993930249,1.3361071,1.6206038,0.075500965,0
79.14999993913078,1.3181434,1.5928656,0.16786861,0
79.19999993895907,1.3562617,1.5898347,0.10697603,0
79.24999993878735,1.3512595,1.6438751,0.09973335,0
79.29999993861564,1.3444104,1.614676,0.12752938,0
79.34999993844393,1.3615367,1.6152012,0.079595566,0
79.39999993827222,1.3161199,1.6050988,0.08442843,0
79.4499999381005,1.3644272,1.6136997,0.09523082,0
79.49999993792879,1.3461028,1.60675,0.08806062,0
79.54999993775708,1.3479382,1.6056731,0.098169565,0
79.59999993758537,1.3314749,1.6257881,0.091392756,0
79.64999993741365,1.3280405,1.5774392,0.12253618,0
79.69999993724194,1.3609884,1.554802,0.08562803,0
79.74999993707023,1.3221507,1.6213547,0.09450126,0
79.79999993689852,1.3336132,1.592797,0.12377477,0
79.8499999367268,1.3368056,1.6469936,0.10478878,0
79.89999993655509,1.3416917,1.6051542,0.13374376,0
79.94999993638338,1.3471888,1.5712771,0.11620283,0
79.99999993621167,1.3573039,1.6101766,0.087058425,0
80.04999993603995,1.3128128,1.586681,0.08755481,0
80.09999993586824,1.3547513,1.6400974,0.12306774,0
80.14999993569653,1.3413622,1.6160576,0.12272096,0
80.19999993552481,1.3400553,1.6203876,0.088765144,0
80.2499999353531,1.3622043,1.5761632,0.096322775,0
80.29999993518139,1.3344107,1.5635573,0.08092439,0
80.34999993500968,1.330999,1.598009,0.07379341,0
80.39999993483796,1.347391,1.6162533,0.10022688,0
80.44999993466625,1.3457391,1.599368,0.09494519,0
80.49999993449454,1.3317027,1.6065104,0.10432279,0
80.54999993432283,1.3126783,1.6266804,0.08741832,0
80.59999993415111,1.318664,1.5811632,0.10088587,0
80.6499999339794,1.3007386,1.6127388,0.089056134,0
80.69999993380769,1.3317013,1.5765891,0.08825183,0
80.74999993363598,1.3510218,1.59658,0.15097892,0
80.79999993346426,1.3543147,1.5783889,0.089348435,0
80.84999993329255,1.3051946,1.5745409,0.11018968,0
80.89999993312084,1.354536,1.5978627,0.14267302,0
80.94999993294913,1.3653697,1.5913619,0.12175369,0
80.99999993277741,1.3362625,1.587636,0.09376049,0
81.0499999326057,1.349761,1.5939543,0.08219409,0
81.09999993243399,1.2945307,1.560706,0.0761075,0
81.14999993226228,1.333912,1.5941976,0.093839884,0
81.19999993209056,1.3242282,1.6558391,0.08620107,0
81.24999993191885,1.3323824,1.6031898,0.106143,0
81.29999993174714,1.3277941,1.6022468,0.07150817,0
81.34999993157543,1.3468188,1.6061177,0.114766836,0
81.39999993140371,1.3384814,1.5831469,0.089749455,0
81.449999931232,1.3596331,1.6199161,0.11220932,0
81.49999993106029,1.3487449,1.6124656,0.07675612,0
81.54999993088857,1.328379,1.6028333,0.100856185,0
81.59999993071686,1.3487699,1.6014774,0.10683346,0
81.64999993054515,1.3724791,1.6161335,0.109994054,0
81.69999993037344,1.3301749,1.6387779,0.08939886,0
81.74999993020172,1.3637674,1.598042,0.083637476,0
81.79999993003001,1.3407466,1.6057538,0.10119176,0
81.8499999298583,1.2941635,1.575976,0.111484885,0
81.89999992968659,1.3561232,1.6106207,0.0897218,0
81.94999992951487,1.3189934,1.6370798,0.15930402,0
81.99999992934316,1.3346057,1.6309506,0.07452905,0
82.04999992917145,1.3466051,1.642673,0.10218525,0
82.09999992899974,1.3762124,1.5731764,0.11234999,0
82.14999992882802,1.3446214,1.5903823,0.110067725,0
82.19999992865631,1.337841,1.5639753,0.10247517,0
82.2499999284846,1.3836551,1.6207285,0.10425913,0
82.29999992831289,1.3362862,1.6507206,0.11470723,0
82.34999992814117,1.3690437,1.6097118,0.08381438,0
82.39999992796946,1.3193434,1.6108714,0.12040532,0
82.44999992779775,1.3181841,1.6113706,0.09161675,0
82.49999992762604,1.3136393,1.5938352,0.10866916,0
82.54999992745432,1.2968124,1.5957782,0.09511113,0
82.5999999272826,1.3491344,1.6154525,0.11982477,0
82.6499999271109,1.3254437,1.595864,0.13462853,0
82.69999992693919,1.3475252,1.5542914,0.103613496,0
82.74999992676749,1.3375932,1.6115162,0.13650751,0
82.79999992659576,1.3595791,1.5880543,0.09430432,0
82.84999992642405,1.3383555,1.6053691,0.09559858,0
82.89999992625232,1.323426,1.6186999,0.099925995,0
82.94999992608062,1.3156333,1.6058552,0.117455125,0
82.99999992590892,1.3640099,1.5988277,0.093425035,0
83.0499999257372,1.3343861,1.6032565,0.102442265,0
83.09999992556548,1.3366334,1.5876113,0.08102977,0
83.14999992539376,1.355394,1.6097453,0.1284436,0
83.19999992522206,1.3130741,1.6014999,0.094062805,0
83.24999992505036,1.3677316,1.619013,0.13774574,0
83.29999992487865,1.3250496,1.6040109,0.08897507,0
83.34999992470692,1.3698182,1.5886838,0.120599866,0
83.3999999245352,1.3654633,1.6467327,0.106930375,0
83.44999992436348,1.3245653,1.6515099,0.08784056,0
83.49999992419178,1.36966,1.5837969,0.08431637,0
83.54999992402009,1.3108499,1.562389,0.104409695,0
83.59999992384836,1.3641429,1.5695381,0.12608624,0
83.64999992367665,1.3397341,1.6028179,0.10837126,0
83.69999992350492,1.340991,1.6237924,0.094643116,0
83.74999992333322,1.3222541,1.6466486,0.12021649,0
83.79999992316152,1.3539639,1.588979,0.12043488,0
83.8499999229898,1.3426442,1.5867925,0.11025643,0
83.89999992281808,1.3425696,1.5703416,0.07938731,0
83.94999992264636,1.3499854,1.6327052,0.06826949,0
83.99999992247466,1.3349503,1.6413944,0.12622273,0
84.04999992230294,1.3502467,1.5776457,0.090513706,0
84.09999992213125,1.3361675,1.602839,0.101745844,0
84.14999992195952,1.373511,1.5827653,0.11508453,0
84.1999999217878,1.3273274,1.6115559,0.11803532,0
84.24999992161608,1.3078575,1.5717716,0.115480065,0
84.29999992144438,1.3142478,1.5874039,0.073498964,0
84.34999992127268,1.3549067,1.5965861,0.07892847,0
84.39999992110096,1.3562815,1.6168377,0.097806096,0
84.44999992092924,1.3428802,1.5957973,0.080580115,0
84.49999992075752,1.3193467,1.6236639,0.12653077,0
84.54999992058582,1.3432674,1.6212928,0.1120646,0
84.59999992041412,1.3656975,1.5884252,0.114750504,0
84.64999992024241,1.3311241,1.6095263,0.13650703,0
84.69999992007068,1.3421513,1.589664,0.11407876,0
84.74999991989897,1.3594837,1.5770298,0.09773266,0
84.79999991972726,1.3770355,1.5758191,0.06934917,0
84.84999991955554,1.3645238,1.5943182,0.12459266,0
84.89999991938384,1.3105196,1.614281,0.09353185,0
84.94999991921212,1.3347627,1.6070583,0.1430564,0
84.9999999190404,1.3418101,1.5820553,0.09720492,0
85.04999991886868,1.3110934,1.6142399,0.08866358,0
85.09999991869698,1.3682406,1.6038871,0.1228925,0
85.14999991852527,1.3654139,1.5694723,0.11177206,0
85.19999991835356,1.3475801,1.5924846,0.096809626,0
85.24999991818184,1.2938124,1.6052002,0.06107998,0
85.29999991801012,1.3631035,1.6300645,0.11935687,0
85.34999991783842,1.3751446,1.6675744,0.09793639,0
85.3999999176667,1.3350587,1.655421,0.098405,0
85.449999917495,1.3321774,1.5666199,0.09448373,0
85.49999991732328,1.337499,1.6245824,0.09616113,0
85.54999991715157,1.3252574,1.5829575,0.12062025,0
85.59999991697985,1.3604289,1.572506,0.08122635,0
85.64999991680814,1.351768,1.6421617,0.13145411,0
85.69999991663644,1.3541065,1.5807456,0.1309098,0
85.74999991646472,1.3196468,1.6068501,0.11211872,0
85.799999916293,1.3410629,1.569755,0.097925186,0
85.84999991612128,1.3692441,1.6304083,0.08954334,0
85.89999991594958,1.2907641,1.6025581,0.12406087,0
85.94999991577787,1.3125775,1.6113781,0.10730958,0
85.99999991560617,1.3365592,1.5668596,0.060830116,0
86.04999991543444,1.3597656,1.5840305,0.10372555,0
86.09999991526273,1.3268871,1.5733094,0.105641365,0
86.149999915091,1.296097,1.6101825,0.09060395,0
86.1999999149193,1.3174927,1.6187267,0.11393428,0
86.2499999147476,1.3004589,1.6242145,0.09506953,0
86.29999991457588,1.3141835,1.5840116,0.120346904,0
86.34999991440417,1.3597621,1.5778625,0.0923028,0
86.39999991423244,1.3654537,1.6016586,0.09916651,0
86.44999991406074,1.3531387,1.585549,0.07265222,0
86.49999991388904,1.3551055,1.6132034,0.072193265,0
86.54999991371731,1.371095,1.5801214,0.09076762,0
86.5999999135456,1.327122,1.5995849,0.10939455,0
86.64999991337388,1.344363,1.6013513,0.110860586,0
86.69999991320218,1.3067282,1.5775833,0.081003904,0
86.74999991303046,1.3678093,1.6162504,0.08191824,0
86.79999991285877,1.3345394,1.5987477,0.08558726,0
86.84999991268704,1.3736802,1.6092284,0.092243195,0
86.89999991251533,1.3512074,1.6802392,0.11060119,0
86.9499999123436,1.3749862,1.6470616,0.10725927,0
86.9999999121719,1.3109114,1.634371,0.09341359,0
87.0499999120002,1.3015707,1.6336169,0.07502127,0
87.09999991182848,1.3411276,1.5950398,0.09530783,0
87.14999991165676,1.3431472,1.5731237,0.11387658,0
87.19999991148504,1.3027769,1.5811949,0.101730585,0
87.24999991131334,1.3445604,1.6051517,0.11080444,0
87.29999991114163,1.3566544,1.564172,0.111641645,0
87.34999991096993,1.3603877,1.597101,0.08773208,0
87.3999999107982,1.3464755,1.5738401,0.09044516,0
87.44999991062649,1.3255715,1.6091888,0.10053885,0
87.49999991045476,1.353848,1.6026561,0.10910416,0
87.54999991028306,1.363395,1.5805564,0.103541136,0
87.59999991011136,1.3325387,1.5759373,0.13603258,0
87.64999990993964,1.3306496,1.5957417,0.07866049,0
87.69999990976793,1.288394,1.6073666,0.12142575,0
87.7499999095962,1.367699,1.5657523,0.103645205,0
87.7999999094245,1.3350108,1.5998063,0.10511577,0
87.8499999092528,1.3559824,1.5978824,0.10086632,0
87.89999990908107,1.3055053,1.5682287,0.08011985,0
87.94999990890936,1.350076,1.6198491,0.12700713,0
87.99999990873764,1.3309467,1.623293,0.06900895,0
88.04999990856594,1.3679098,1.6188741,0.115713716,0
88.09999990839422,1.3115005,1.627221,0.13697493,0
88.14999990822253,1.3461993,1.6278315,0.08950877,0
88.1999999080508,1.3585721,1.5708791,0.08817232,0
88.24999990787909,1.3314238,1.5932567,0.14366055,0
88.29999990770736,1.3414699,1.6341399,0.09950757,0
88.34999990753566,1.3541664,1.6243432,0.10168719,0
88.39999990736396,1.3621485,1.6264313,0.09440887,0
88.44999990719224,1.3472085,1.591593,0.06874955,0
88.49999990702052,1.3537571,1.5761364,0.097515345,0
88.5499999068488,1.3463392,1.6271363,0.09047556,0
88.5999999066771,1.355768,1.6420622,0.11309111,0
88.64999990650539,1.336474,1.5803819,0.12092948,0
88.69999990633369,1.3391126,1.6010242,0.108330965,0
88.74999990616196,1.3577933,1.6277243,0.10224986,0
88.79999990599025,1.324964,1.6627989,0.11800575,0
88.84999990581852,1.3089861,1.6099718,0.099264145,0
88.89999990564682,1.3161738,1.5884746,0.11178529,0
88.94999990547512,1.3504372,1.5749421,0.11400163,0
88.9999999053034,1.3153203,1.6133487,0.080892205,0
89.04999990513168,1.3216048,1.6321313,0.1138165,0
89.09999990495996,1.3006061,1.6597977,0.119995356,0
89.14999990478826,1.3588549,1.6360438,0.098709464,0
89.19999990461656,1.3428876,1.5950422,0.10640454,0
89.24999990444483,1.3426865,1.593044,0.0997653,0
89.29999990427312,1.2725984,1.5914519,0.08630133,0
89.3499999041014,1.360245,1.5775317,0.0902251,0
89.3999999039297,1.3415251,1.6318046,0.0967021,0
89.44999990375798,1.3556404,1.6083134,0.103821516,0
89.49999990358629,1.3622217,1.6037645,0.09043908,0
89.54999990341456,1.3719251,1.5771856,0.14310968,0
89.59999990324285,1.3002067,1.5992362,0.09817004,0
89.64999990307112,1.3564575,1.6367321,0.1056838,0
89.69999990289942,1.322746,1.5879564,0.10115063,0
89.74999990272772,1.3089042,1.6191686,0.15211666,0
89.799999902556,1.31602,1.619475,0.09678483,0
89.84999990238428,1.3391935,1.5958618,0.0933609,0
89.89999990221256,1.3450348,1.6287762,0.08384812,0
89.94999990204086,1.3611853,1.6052382,0.10084021,0
89.99999990186915,1.3440843,1.6143272,0.09881818,0
90.04999990169745,1.3275971,1.5708572,0.09042394,0
90.09999990152572,1.3483641,1.6117218,0.10512197,0
90.14999990135401,1.3459145,1.6353737,0.0955714,0
90.19999990118228,1.3160083,1.6461171,0.08804405,0
90.24999990101058,1.3060355,1.6353618,0.06572378,0
90.29999990083888,1.3696108,1.597922,0.075582266,0
90.34999990066716,1.312087,1.6070223,0.07358253,0
90.39999990049544,1.3848709,1.6270918,0.11060202,0
90.44999990032372,1.35561,1.5632201,0.10653484,0
90.49999990015202,1.3615924,1.5638434,0.101540804,0
90.54999989998032,1.3212143,1.6189733,0.11315215,0
90.5999998998086,1.3475454,1.6043116,0.14705694,0
90.64999989963688,1.3398438,1.6099362,0.10503614,0
90.69999989946515,1.3678429,1.6059501,0.109075546,0
90.74999989929346,1.3456756,1.5913181,0.10744643,0
90.79999989912174,1.3262279,1.641929,0.07516003,0
90.84999989895005,1.3249726,1.6109365,0.10426259,0
90.89999989877832,1.3184431,1.5468,0.1133647,0
90.9499998986066,1.3653558,1.6198373,0.08159828,0
90.99999989843488,1.3357029,1.6350685,0.09431529,0
91.04999989826318,1.352923,1.6062443,0.10528231,0
91.09999989809147,1.323739,1.6255207,0.08620775,0
91.14999989791976,1.3468513,1.5782461,0.10128939,0
91.19999989774804,1.3703012,1.5538285,0.16388535,0
91.24999989757632,1.308987,1.6124249,0.10032308,0
91.29999989740462,1.3143401,1.5967314,0.08432543,0
91.3499998972329,1.3444984,1.5824277,0.07732606,0
91.3999998970612,1.3495843,1.5758921,0.070017815,0
91.44999989688948,1.3423896,1.6220986,0.09419775,0
91.49999989671777,1.3081228,1.5806161,0.108624816,0
91.54999989654605,1.3213556,1.6091632,0.098246574,0
91.59999989637434,1.3418168,1.6248549,0.1441952,0
91.64999989620264,1.357775,1.6412729,0.07885671,0
91.69999989603092,1.3342719,1.6187321,0.075537205,0
91.7499998958592,1.3458787,1.5783333,0.10419917,0
91.79999989568748,1.3651782,1.6399454,0.08157873,0
91.84999989551578,1.3244605,1.6542416,0.08022547,0
91.89999989534407,1.3300543,1.5943439,0.07925582,0
91.94999989517235,1.3663311,1.596161,0.077433944,0
91.99999989500064,1.3263434,1.612414,0.081234455,0
92.04999989482891,1.3767586,1.5776347,0.08667517,0
92.09999989465722,1.3587492,1.6092491,0.110161304,0
92.1499998944855,1.3365526,1.6266854,0.07303715,0
92.1999998943138,1.2952714,1.6327727,0.12518966,0
92.24999989414208,1.34002,1.6315851,0.1380459,0
92.29999989397037,1.3631415,1.6168914,0.08456075,0
92.34999989379864,1.3284451,1.614775,0.104067326,0
92.39999989362694,1.3021594,1.6011224,0.09622502,0
92.44999989345524,1.3304925,1.5849164,0.09311688,0
92.49999989328352,1.3428841,1.5845143,0.09981859,0
92.5499998931118,1.3240824,1.5778902,0.07943547,0
92.59999989294008,1.3309513,1.5984185,0.12075913,0
92.64999989276838,1.347126,1.6294937,0.09228504,0
92.69999989259667,1.3444985,1.6035681,0.10728812,0
92.74999989242497,1.3421732,1.6211163,0.097705126,0
92.79999989225324,1.3786386,1.5871923,0.096000195,0
92.84999989208153,1.3043095,1.5805781,0.11952162,0
92.8999998919098,1.3350885,1.5986218,0.10484052,0
92.9499998917381,1.3498706,1.6011293,0.06375849,0
92.9999998915664,1.3407292,1.6038868,0.09179318,0
93.04999989139468,1.3216317,1.6330856,0.092505574,0
93.09999989122296,1.3514541,1.6002591,0.1180259,0
93.14999989105124,1.3333452,1.5964912,0.087450504,0
93.19999989087954,1.3902122,1.5911187,0.096223235,0
93.24999989070784,1.332609,1.5988522,0.11918688,0
93.29999989053613,1.3553774,1.6216732,0.11221635,0
93.3499998903644,1.3762257,1.5863217,0.13465059,0
93.39999989019267,1.3601846,1.5838101,0.118036866,0
93.44999989002096,1.3396097,1.5776505,0.118928194,0
93.49999988984926,1.3180865,1.5875841,0.09903884,0
93.54999988967757,1.3343586,1.595782,0.09037423,0
93.59999988950584,1.3576126,1.5684512,0.08954775,0
93.64999988933413,1.343156,1.6107751,0.096585274,0
93.6999998891624,1.3677299,1.5808463,0.075734854,0
93.7499998889907,1.3310469,1.6034663,0.076479435,0
93.799999888819,1.3097848,1.5978224,0.12363672,0
93.84999988864728,1.3404865,1.5701993,0.124232054,0
93.89999988847556,1.3569326,1.6779778,0.13817549,0
93.94999988830384,1.3456705,1.6081128,0.0966655,0
93.99999988813214,1.324345,1.5608162,0.109276175,0
94.04999988796042,1.3725946,1.583478,0.08537555,0
94.09999988778873,1.3439274,1.567501,0.10906947,0
94.149999887617,1.3105488,1.5647745,0.13719022,0
94.19999988744529,1.3293059,1.5779939,0.11135411,0
94.24999988727356,1.357297,1.6362005,0.09639788,0
94.29999988710186,1.2987317,1.588511,0.11680424,0
94.34999988693016,1.3505416,1.6403043,0.12346697,0
94.39999988675844,1.3377094,1.6331775,0.10774529,0
94.44999988658672,1.3184084,1.5873914,0.10389745,0
94.499999886415,1.3230062,1.5697997,0.07214308,0
94.5499998862433,1.3640018,1.5910184,0.09619212,0
94.5999998860716,1.3711951,1.5978081,0.09425318,0
94.64999988589989,1.3621758,1.6291742,0.08503246,0
94.69999988572816,1.3616126,1.627772,0.104439735,0
94.74999988555643,1.3174682,1.6229147,0.08247149,0
94.79999988538472,1.3386828,1.6215633,0.08873153,0
94.84999988521302,1.2918557,1.6037394,0.10663879,0
94.89999988504132,1.3521259,1.6104645,0.106157064,0
94.9499998848696,1.3226593,1.6028717,0.08145094,0
94.99999988469789,1.362856,1.5837138,0.09598887,0
95.04999988452616,1.3308601,1.5878762,0.090102434,0
95.09999988435446,1.3280356,1.6117518,0.07194948,0
95.14999988418276,1.292819,1.6061296,0.09542203,0
95.19999988401104,1.3519704,1.5995623,0.09271288,0
95.24999988383932,1.3678168,1.5823433,0.07796848,0
95.2999998836676,1.3350946,1.6084396,0.0798167,0
95.3499998834959,1.3007064,1.6140459,0.076636076,0
95.39999988332418,1.3421555,1.6128488,0.097430706,0
95.44999988315249,1.3496141,1.5935502,0.11643815,0
95.49999988298076,1.3520397,1.5882254,0.12689698,0
95.54999988280905,1.349783,1.5802604,0.07735014,0
95.59999988263732,1.3425423,1.637962,0.09208512,0
95.64999988246562,1.3206708,1.615343,0.10463536,0
95.69999988229392,1.3864146,1.5972443,0.09758723,0
95.7499998821222,1.3210638,1.6219118,0.09807348,0
95.79999988195048,1.3395128,1.5978311,0.14121962,0
95.84999988177876,1.36463,1.5623678,0.090970755,0
95.89999988160706,1.3746351,1.5664563,0.09752214,0
95.94999988143535,1.3416004,1.5856434,0.114429355,0
95.99999988126365,1.368397,1.5720913,0.15402138,0
96.04999988109192,1.2919642,1.5728581,0.09732425,0
96.09999988092021,1.3428168,1.5916132,0.097301245,0
96.14999988074848,1.3818247,1.5692066,0.07960892,0
96.19999988057678,1.3123305,1.6235998,0.077972054,0
96.24999988040508,1.3233817,1.5849918,0.08933663,0
96.29999988023336,1.3471811,1.6365643,0.10735464,0
96.34999988006165,1.3200395,1.5971811,0.09421682,0
96.39999987988992,1.3437278,1.5844201,0.074787974,0
96.44999987971822,1.297081,1.5801377,0.098386765,0
96.49999987954652,1.3238722,1.6061046,0.09582758,0
96.5499998793748,1.3700173,1.6543771,0.1254543,0
96.59999987920308,1.3251556,1.6050686,0.06781232,0
96.64999987903136,1.3588322,1.5924923,0.087381005,0
96.69999987885966,1.30666,1.6014302,0.10167217,0
96.74999987868794,1.3411404,1.5988272,0.09351289,0
96.79999987851625,1.3469964,1.5613303,0.118202925,0
96.84999987834452,1.3697637,1.5930604,0.11414206,0
96.8999998781728,1.3341408,1.6008996,0.09011662,0
96.94999987800108,1.342151,1.6137236,0.08981979,0
96.99999987782938,1.3336675,1.5715061,0.07550585,0
97.04999987765768,1.3464041,1.6169025,0.07492316,0
97.09999987748596,1.3553406,1.6086826,0.11491811,0
97.14999987731424,1.3470938,1.6063844,0.0960474,0
97.19999987714252,1.3296833,1.5829242,0.09750509,0
97.24999987697082,1.3298798,1.6101584,0.119106054,0
97.2999998767991,1.3376385,1.593671,0.08315778,0
97.34999987662741,1.3249071,1.6028569,0.099024296,0
97.39999987645568,1.3635294,1.6026419,0.07925105,0
97.44999987628397,1.3194635,1.5979843,0.08857763,0
97.49999987611226,1.3514044,1.6243658,0.11365819,0
97.54999987594054,1.3104279,1.5817678,0.09860313,0
97.59999987576884,1.331847,1.5670416,0.14201641,0
97.64999987559712,1.317109,1.5926939,0.10049939,0
97.6999998754254,1.3301183,1.5943493,0.09013581,0
97.74999987525368,1.3550144,1.6081549,0.08835769,0
97.79999987508198,1.3593398,1.6283685,0.088566184,0
97.84999987491027,1.3010151,1.5622869,0.12194526,0
97.89999987473855,1.3531046,1.601558,0.11242306,0
97.94999987456684,1.3524337,1.6106004,0.11721063,0
97.99999987439512,1.3378651,1.5818486,0.15483558,0
98.04999987422342,1.3681805,1.623782,0.12193239,0
98.0999998740517,1.3204538,1.5940171,0.12988055,0
98.14999987388,1.2888969,1.61196,0.09042275,0
98.19999987370828,1.3643718,1.6161526,0.07964134,0
98.24999987353657,1.2938626,1.6126401,0.11743903,0
98.29999987336485,1.3077915,1.6058713,0.12062991,0
98.34999987319314,1.3093097,1.6050948,0.09732282,0
98.39999987302144,1.3550044,1.6150361,0.09175062,0
98.44999987284972,1.306386,1.6010898,0.11446321,0
98.499999872678,1.3759519,1.5912719,0.08056426,0
98.54999987250628,1.3529752,1.5975435,0.10748172,0
98.59999987233458,1.3186835,1.6304979,0.11694002,0
98.64999987216287,1.381393,1.5819931,0.11112499,0
98.69999987199117,1.3641404,1.619891,0.1019119,0
98.74999987181944,1.3582939,1.57413,0.113432884,0
98.79999987164773,1.3807124,1.6067181,0.08302283,0
98.849999871476,1.32123,1.6190252,0.1363771,0
98.8999998713043,1.316242,1.5984855,0.13305664,0
98.9499998711326,1.3222203,1.5698177,0.08592546,0
98.99999987096088,1.3297822,1.6053058,0.07402289,0
99.04999987078916,1.3691663,1.5914149,0.09688604,0
99.09999987061744,1.3177104,1.576525,0.08709431,0
99.14999987044574,1.3629353,1.5806378,0.08851218,0
99.19999987027404,1.3108802,1.5761259,0.08384085,0
99.24999987010231,1.3314443,1.6065328,0.10335791,0
99.2999998699306,1.3151896,1.6522667,0.080218315,0
99.34999986975888,1.3274002,1.6216133,0.082393765,0
99.39999986958718,1.3438711,1.5913345,0.13031936,0
99.44999986941546,1.3544595,1.5952992,0.115312815,0
99.49999986924377,1.3650217,1.6256506,0.10103059,0
99.54999986907204,1.3308566,1.5906005,0.12001729,0
99.59999986890033,1.3504174,1.6220474,0.0742414,0
99.6499998687286,1.3525289,1.6233647,0.113523364,0
99.6999998685569,1.3326885,1.6292237,0.09018695,0
99.7499998683852,1.3378947,1.6151379,0.11592507,0
99.79999986821348,1.3587022,1.6109242,0.09514451,0
99.84999986804176,1.3375515,1.6054076,0.10134673,0
99.89999986787004,1.3408926,1.5998465,0.0849092,0
99.94999986769834,1.3597715,1.5717068,0.07770383,0
