time_ns,minimum_heavy_atom_bond_A,maximum_heavy_atom_bond_A,maximum_absolute_change_from_frame0_A,implausible_heavy_atom_bond_count
0.0,1.2416251,1.6325718,0.0,0
0.05000000001018634,1.2494688,1.5917771,0.13038087,0
0.10000000002037268,1.2228831,1.6068412,0.117133856,0
0.15000000003055902,1.216558,1.580165,0.11899173,0
0.20000000004074536,1.2192607,1.6257057,0.08127701,0
0.2500000000509317,1.2396274,1.58545,0.13506949,0
0.30000000006111804,1.1970687,1.5996505,0.12256181,0
0.3500000000713044,1.1936687,1.6130662,0.12410033,0
0.4000000000814907,1.1927323,1.5992993,0.09620428,0
0.45000000009167707,1.224499,1.6235678,0.12941563,0
0.5000000001018634,1.2332704,1.6527703,0.11292517,0
0.5500000001120497,1.2150445,1.6601114,0.099066496,0
0.6000000001222361,1.2137065,1.6085205,0.08654821,0
0.6500000001324215,1.2462113,1.6427149,0.09551346,0
0.7000000001426079,1.2353733,1.6089537,0.13038456,0
0.7500000001527942,1.21854,1.6121775,0.11689055,0
0.8000000001629806,1.184976,1.5735554,0.13641441,0
0.8500000001731669,1.2287624,1.6154196,0.13921154,0
0.9000000001833532,1.1925575,1.5782775,0.08876431,0
0.9500000001935396,1.2265109,1.5905652,0.10238814,0
1.000000000203726,1.2444897,1.6015086,0.10707319,0
1.0500000002139123,1.2320062,1.6149269,0.12053299,0
1.1000000002240986,1.2129802,1.6443772,0.13882613,0
1.150000000234285,1.2088284,1.6191505,0.112201214,0
1.2000000002444713,1.1844685,1.6006525,0.09498334,0
1.2500000002546576,1.234677,1.6197,0.094530344,0
1.300000000264844,1.2554624,1.6008247,0.1207366,0
1.3500000002750303,1.2332673,1.6284333,0.07774246,0
1.4000000002852167,1.2186693,1.5746393,0.120774984,0
1.450000000295403,1.2067809,1.6481417,0.122769356,0
1.5000000003055893,1.1803298,1.6465063,0.10318065,0
1.5500000003157757,1.2005676,1.5960454,0.17697358,0
1.600000000325962,1.2153993,1.633481,0.10400009,0
1.6500000003361501,1.1878418,1.607673,0.11969209,0
1.700000000346333,1.1922266,1.58179,0.124459624,0
1.750000000356521,1.2264208,1.6215914,0.091314435,0
1.8000000003667074,1.2054945,1.620145,0.13431561,0
1.8500000003768937,1.2117817,1.6042966,0.13089955,0
1.90000000038708,1.2301732,1.5935454,0.11185908,0
1.9500000003972664,1.2267135,1.6199305,0.12130058,0
2.0000000004074545,1.2416807,1.6272329,0.10665774,0
2.0500000004176373,1.2369871,1.6422489,0.09127581,0
2.1000000004278254,1.2179024,1.6130028,0.1086638,0
2.1500000004380118,1.2153234,1.5985782,0.13227642,0
2.200000000448198,1.2488462,1.5967048,0.11504114,0
2.250000000458386,1.2228063,1.5940005,0.09850466,0
2.300000000468569,1.2096803,1.6263579,0.12531495,0
2.350000000478757,1.2524731,1.5929066,0.121836305,0
2.4000000004889435,1.2029595,1.6158011,0.099193215,0
2.45000000049913,1.2203463,1.5863435,0.12711656,0
2.500000000509316,1.2220163,1.5931587,0.105348825,0
2.5500000005195025,1.2105879,1.6264777,0.11655319,0
2.6000000005296906,1.2355484,1.5881596,0.10079515,0
2.6500000005398734,1.2151794,1.6302933,0.13010657,0
2.7000000005500615,1.2224672,1.5900643,0.09283841,0
2.750000000560248,1.2143489,1.6351606,0.09956586,0
2.800000000570434,1.2090464,1.5927393,0.14381528,0
2.8500000005806223,1.1992371,1.5983238,0.124833584,0
2.900000000590805,1.2666013,1.5992856,0.12225032,0
2.950000000600993,1.2191894,1.631096,0.08248985,0
3.0000000006111796,1.2306551,1.5924472,0.08010757,0
3.050000000621366,1.2069509,1.6197431,0.12950015,0
3.1000000006315522,1.2005874,1.6059588,0.10114515,0
3.1500000006417386,1.1960998,1.5675476,0.09417534,0
3.200000000651925,1.2463666,1.6255909,0.11006665,0
3.2500000006621113,1.2255104,1.5847498,0.1306802,0
3.3000000006722976,1.233217,1.6027421,0.095787644,0
3.350000000682484,1.2056596,1.5929494,0.08453441,0
3.4000000006926703,1.2212534,1.6395174,0.115484,0
3.4500000007028584,1.2645282,1.6412957,0.10762894,0
3.500000000713041,1.2245976,1.626318,0.14982045,0
3.5500000007232293,1.1954632,1.5981057,0.09581804,0
3.6000000007334156,1.2259331,1.6158733,0.11303735,0
3.650000000743602,1.2614721,1.6571318,0.1268475,0
3.70000000075379,1.26053,1.6023909,0.104469895,0
3.750000000763973,1.1881092,1.599236,0.10561323,0
3.800000000774161,1.2093095,1.6021245,0.08934975,0
3.8500000007843473,1.2487942,1.6174246,0.082148075,0
3.9000000007945337,1.2258148,1.609833,0.09898651,0
3.95000000080472,1.2304118,1.6080767,0.10026729,0
4.000000000814906,1.239521,1.5873564,0.08322418,0
4.0500000008250945,1.2132221,1.5723028,0.14368224,0
4.100000000835277,1.1847526,1.5998982,0.09351349,0
4.150000000845465,1.2072816,1.5946292,0.0981673,0
4.200000000855652,1.1868571,1.5828743,0.109818935,0
4.250000000865838,1.2234263,1.6235744,0.09448469,0
4.300000000876026,1.216362,1.6407213,0.09060323,0
4.350000000886209,1.1966318,1.6385512,0.13909435,0
4.400000000896397,1.2280549,1.5843679,0.0935719,0
4.450000000906583,1.2078338,1.6133804,0.07718098,0
4.50000000091677,1.1907367,1.6644157,0.13925576,0
4.550000000926956,1.2144766,1.6186881,0.13715959,0
4.6000000009371425,1.2093086,1.6147764,0.112822056,0
4.650000000947331,1.2241576,1.5853834,0.10350299,0
4.700000000957513,1.1848712,1.5859869,0.082460046,0
4.7500000009677015,1.2075315,1.6314591,0.088122845,0
4.800000000977888,1.2021579,1.6150571,0.11111295,0
4.850000000988074,1.2181426,1.6156162,0.12272155,0
4.900000000998262,1.2463758,1.616953,0.07908523,0
4.950000001008445,1.2366788,1.6378032,0.09409428,0
5.000000001018633,1.2409474,1.5771911,0.09700596,0
5.0500000010288195,1.1923757,1.6075028,0.112743735,0
5.100000001039006,1.1763718,1.569636,0.12519002,0
5.150000001049192,1.217452,1.6117444,0.13567841,0
5.2000000010593785,1.2155704,1.6392386,0.11568749,0
5.250000001069565,1.2000926,1.5994692,0.12330377,0
5.300000001079751,1.2032052,1.5877448,0.069967985,0
5.350000001089938,1.2404938,1.5878279,0.105068564,0
5.400000001100124,1.2514613,1.6196334,0.12379134,0
5.45000000111031,1.2287049,1.6447704,0.15853965,0
5.500000001120498,1.2418628,1.6205646,0.1274761,0
5.550000001130681,1.2543882,1.6059468,0.13329601,0
5.600000001140869,1.2358292,1.6222112,0.09631586,0
5.650000001151056,1.2601426,1.683145,0.1339184,0
5.700000001161242,1.2364975,1.6059511,0.09743488,0
5.75000000117143,1.2377031,1.5976367,0.075966835,0
5.800000001181615,1.2118325,1.6159103,0.10979843,0
5.850000001191801,1.2585404,1.5845289,0.16283,0
5.900000001201987,1.245336,1.6036174,0.09268534,0
5.950000001212174,1.2267218,1.6077434,0.1304456,0
6.00000000122236,1.2231023,1.570587,0.1014967,0
6.050000001232546,1.1922066,1.593651,0.12370062,0
6.1000000012427344,1.2231237,1.5932591,0.12105143,0
6.150000001252917,1.2112378,1.6046736,0.09949541,0
6.200000001263105,1.1953146,1.6140597,0.107893825,0
6.250000001273292,1.2070928,1.6250044,0.103918195,0
6.300000001283478,1.2254547,1.5896628,0.1317302,0
6.350000001293666,1.1902645,1.6021789,0.15739655,0
6.400000001303849,1.2477064,1.6398336,0.11037409,0
6.450000001314037,1.253745,1.6654029,0.14290321,0
6.500000001324223,1.247945,1.6005135,0.09673369,0
6.55000000133441,1.1971983,1.6011156,0.09747553,0
6.600000001344596,1.2195299,1.606418,0.11320984,0
6.650000001354782,1.242557,1.6460371,0.12548757,0
6.7000000013649705,1.1928056,1.6226401,0.10539937,0
6.750000001375153,1.251003,1.5918069,0.14952183,0
6.800000001385341,1.1977197,1.5935092,0.11972833,0
6.850000001395528,1.2122748,1.5633489,0.0954721,0
6.900000001405714,1.2165494,1.6395774,0.09590232,0
6.950000001415902,1.2466683,1.5738761,0.1066345,0
7.000000001426085,1.1748638,1.6364615,0.108572006,0
7.050000001436273,1.2079047,1.5978525,0.11318457,0
7.1000000014464595,1.230393,1.6186178,0.11972952,0
7.150000001456646,1.2222297,1.5688515,0.11331427,0
7.200000001466832,1.2458485,1.6169491,0.09379351,0
7.2500000014770185,1.2245659,1.5899997,0.10251808,0
7.300000001487205,1.2368892,1.5823604,0.102689266,0
7.350000001497391,1.1938367,1.5966643,0.1138711,0
7.4000000015075775,1.1694396,1.6217813,0.09297514,0
7.450000001517764,1.2111319,1.6918098,0.117617965,0
7.50000000152795,1.2340255,1.6394029,0.16203845,0
7.550000001538138,1.2362934,1.6133773,0.09671903,0
7.600000001548321,1.2285309,1.5652702,0.102026105,0
7.650000001558509,1.2191882,1.6308286,0.10390508,0
7.700000001568696,1.23042,1.6095828,0.12123966,0
7.750000001578882,1.1766008,1.6085516,0.14344525,0
7.80000000158907,1.1983047,1.6263908,0.095975995,0
7.850000001599255,1.214688,1.6065154,0.1154989,0
7.900000001609441,1.2005101,1.594832,0.105957985,0
7.950000001619627,1.2490854,1.5911922,0.09616697,0
8.000000001629813,1.2389066,1.6051748,0.12227464,0
8.050000001639999,1.2006884,1.5851588,0.09959912,0
8.100000001650185,1.2233223,1.5904893,0.1725421,0
8.150000001660372,1.2162862,1.6416211,0.09802568,0
8.200000001670556,1.244251,1.5898952,0.10898125,0
8.250000001680746,1.2517316,1.6211157,0.13089812,0
8.300000001690933,1.1951202,1.615548,0.10414541,0
8.350000001701119,1.2205036,1.6074345,0.18005931,0
8.400000001711305,1.210998,1.6195056,0.12451315,0
8.450000001721488,1.1806717,1.644562,0.10197592,0
8.500000001731678,1.2354801,1.6285592,0.1285665,0
8.550000001741864,1.1960287,1.6235465,0.11621678,0
8.60000000175205,1.2366374,1.5906928,0.10077536,0
8.650000001762237,1.1974196,1.6103044,0.082751036,0
8.700000001772423,1.2325156,1.62719,0.10965407,0
8.75000000178261,1.2195463,1.646894,0.13193238,0
8.800000001792792,1.215982,1.6177434,0.1151948,0
8.850000001802979,1.2084596,1.5933545,0.10892284,0
8.900000001813165,1.2570403,1.6491812,0.10547233,0
8.950000001823351,1.191008,1.5653056,0.12446201,0
9.000000001833538,1.2323067,1.5864668,0.10745478,0
9.050000001843724,1.2183218,1.6319582,0.105576515,0
9.10000000185391,1.2176797,1.5777081,0.10841131,0
9.150000001864097,1.192953,1.5745734,0.08759856,0
9.200000001874283,1.256118,1.6027051,0.09493971,0
9.25000000188447,1.2158563,1.6597347,0.12664878,0
9.300000001894656,1.2208468,1.6234242,0.11040568,0
9.350000001904842,1.2645867,1.6231924,0.09485066,0
9.400000001915028,1.2263756,1.6348002,0.106265664,0
9.450000001925215,1.2164849,1.5936692,0.10576427,0
9.500000001935401,1.2207106,1.6055067,0.11855352,0
9.550000001945588,1.254273,1.6111672,0.15895915,0
9.600000001955774,1.2332466,1.5959935,0.09154165,0
9.65000000196596,1.2579346,1.6466099,0.12144995,0
9.700000001976147,1.2371001,1.6080272,0.11346352,0
9.750000001986333,1.2331177,1.59604,0.08581674,0
9.80000000199652,1.2242758,1.6036706,0.12413883,0
9.850000002006706,1.2194141,1.5777628,0.11271143,0
9.900000002016892,1.238029,1.6029881,0.10995376,0
9.950000002027078,1.1980393,1.5977929,0.11706281,0
10.000000002037265,1.2339911,1.5957628,0.123461604,0
10.050000002047451,1.2173765,1.6151931,0.09003317,0
10.100000002057637,1.2192498,1.5946476,0.12456608,0
10.150000002067824,1.2254686,1.5810513,0.16062891,0
10.20000000207801,1.2188106,1.5911467,0.1233989,0
10.250000002088196,1.2135197,1.6718285,0.093759775,0
10.300000002098383,1.2269495,1.6167086,0.12233138,0
10.350000002108569,1.2090905,1.5758648,0.11406267,0
10.400000002118755,1.2491701,1.6242045,0.15336561,0
10.450000002128942,1.2237556,1.6198419,0.12633693,0
10.500000002139128,1.2288628,1.625265,0.08930063,0
10.550000002149318,1.2134503,1.6238382,0.14714754,0
10.6000000021595,1.2133461,1.6430117,0.09749913,0
10.65000000216969,1.2281563,1.5772675,0.13440788,0
10.700000002179873,1.2255073,1.6400723,0.1186074,0
10.75000000219006,1.192395,1.5967494,0.14042044,0
10.800000002200246,1.2161579,1.6415887,0.11642873,0
10.850000002210432,1.2413356,1.6061416,0.09696913,0
10.900000002220619,1.204268,1.5695934,0.105457425,0
10.950000002230805,1.216431,1.5894223,0.097635984,0
11.000000002240991,1.2201579,1.5968918,0.13738501,0
11.050000002251178,1.2409582,1.6063259,0.11840308,0
11.100000002261364,1.2214228,1.610194,0.11773455,0
11.15000000227155,1.228876,1.5725844,0.102980494,0
11.200000002281737,1.2136978,1.6246138,0.10189903,0
11.25000000229192,1.2378271,1.6303335,0.12581623,0
11.30000000230211,1.22983,1.6138159,0.10311055,0
11.350000002312292,1.2365233,1.5893815,0.12337732,0
11.400000002322482,1.2163682,1.5977931,0.13398314,0
11.450000002332668,1.2435364,1.6216843,0.13288713,0
11.500000002342851,1.2382065,1.6207111,0.09595978,0
11.550000002353041,1.2576042,1.6416138,0.12690675,0
11.600000002363227,1.2085999,1.5696292,0.114019394,0
11.650000002373414,1.2083286,1.5710913,0.11572182,0
11.7000000023836,1.2271144,1.6021342,0.14432466,0
11.750000002393787,1.2562262,1.6376698,0.10398126,0
11.80000000240397,1.2525828,1.6094481,0.09869671,0
11.85000000241416,1.212609,1.5716097,0.14542663,0
11.900000002424346,1.2131355,1.61874,0.105026126,0
11.950000002434532,1.2316074,1.6088269,0.11697149,0
12.000000002444722,1.2431366,1.5615635,0.10765827,0
12.050000002454905,1.2071342,1.5944113,0.09967637,0
12.10000000246509,1.2527806,1.5950494,0.0882386,0
12.15000000247528,1.2402154,1.6133893,0.08838892,0
12.200000002485464,1.1879703,1.6409808,0.13056922,0
12.25000000249565,1.241818,1.6212202,0.0953871,0
12.300000002505836,1.2360216,1.6173579,0.1046052,0
12.350000002516023,1.2027124,1.6033332,0.12760472,0
12.400000002526209,1.2008765,1.6018436,0.07748079,0
12.450000002536395,1.2495743,1.5839198,0.10135722,0
12.500000002546582,1.253158,1.5787362,0.14340281,0
12.550000002556768,1.2148156,1.5975118,0.10313368,0
12.600000002566958,1.2585574,1.6252449,0.08647609,0
12.65000000257714,1.226929,1.5902089,0.12607288,0
12.70000000258733,1.2496853,1.592838,0.10673034,0
12.750000002597513,1.2331538,1.5902485,0.11058545,0
12.8000000026077,1.2171923,1.6095008,0.11774063,0
12.850000002617886,1.2467203,1.5868444,0.09700811,0
12.900000002628072,1.2706666,1.5825684,0.08616853,0
12.950000002638259,1.2467272,1.6384066,0.10794318,0
13.000000002648445,1.2288144,1.6328967,0.09669471,0
13.050000002658631,1.234693,1.5771778,0.11631656,0
13.100000002668818,1.2391771,1.6513838,0.14918256,0
13.150000002679004,1.2170995,1.5781194,0.13980365,0
13.20000000268919,1.2455125,1.6128063,0.099071026,0
13.250000002699377,1.2620567,1.5786244,0.107661486,0
13.30000000270956,1.2036971,1.5748403,0.11052585,0
13.35000000271975,1.222266,1.5854802,0.1562643,0
13.400000002729932,1.1616045,1.6087577,0.12182164,0
13.450000002740122,1.2292141,1.5866269,0.094943285,0
13.500000002750308,1.2142861,1.6019784,0.09544814,0
13.550000002760491,1.2516446,1.601331,0.10789883,0
13.600000002770681,1.1982853,1.6011219,0.07996273,0
13.650000002780867,1.2351625,1.5712868,0.12892509,0
13.700000002791054,1.2308336,1.6381817,0.10950136,0
13.75000000280124,1.271556,1.625221,0.07089186,0
13.800000002811426,1.2343612,1.6071563,0.17588866,0
13.85000000282161,1.2570893,1.622493,0.12300813,0
13.9000000028318,1.2550116,1.5917575,0.115000844,0
13.950000002841985,1.2216697,1.6121757,0.15110242,0
14.000000002852172,1.2413226,1.5718577,0.105320334,0
14.050000002862362,1.2345932,1.6252543,0.1080668,0
14.100000002872545,1.1930662,1.6045516,0.10215461,0
14.15000000288273,1.2330052,1.5745354,0.14808547,0
14.20000000289292,1.232828,1.6049023,0.09834027,0
14.250000002903104,1.2268153,1.62165,0.098831415,0
14.30000000291329,1.2398075,1.6132205,0.11179018,0
14.350000002923476,1.2324216,1.5943742,0.102294564,0
14.400000002933663,1.1995388,1.6107855,0.10538685,0
14.450000002943849,1.2431724,1.6301607,0.13261199,0
14.500000002954035,1.1797498,1.6462972,0.106351376,0
14.550000002964222,1.1921571,1.5742915,0.09644127,0
14.600000002974408,1.2262025,1.6051936,0.09968138,0
14.650000002984598,1.2121742,1.617796,0.0900054,0
14.70000000299478,1.2367712,1.6238663,0.10766876,0
14.75000000300497,1.1803994,1.633945,0.12721956,0
14.800000003015153,1.2195776,1.5952908,0.10723317,0
14.85000000302534,1.2052361,1.6278982,0.111564875,0
14.900000003035526,1.1992109,1.5974308,0.12797797,0
14.950000003045712,1.184361,1.6538742,0.1519494,0
15.000000003055899,1.2201024,1.6635298,0.1383698,0
15.050000003066085,1.201558,1.6305524,0.14669812,0
15.100000003076271,1.2171259,1.6712297,0.12973118,0
15.150000003086458,1.1991069,1.6377538,0.08881223,0
15.200000003096644,1.208286,1.6038153,0.11339033,0
15.25000000310683,1.2206243,1.630057,0.13339114,0
15.300000003117017,1.1928914,1.627546,0.11754167,0
15.3500000031272,1.2201875,1.56833,0.09956801,0
15.40000000313739,1.1733404,1.6139119,0.086005926,0
15.450000003147572,1.2567668,1.6635491,0.114512086,0
15.500000003157762,1.221753,1.6431661,0.086269975,0
15.550000003167948,1.2464869,1.6341131,0.15726173,0
15.600000003178131,1.1838948,1.6146307,0.10514271,0
15.650000003188321,1.1965191,1.5595832,0.13890982,0
15.700000003198507,1.2352483,1.602231,0.11392462,0
15.750000003208694,1.1883663,1.5809237,0.10041344,0
15.80000000321888,1.2435417,1.5995866,0.11649287,0
15.850000003229066,1.2098284,1.6050339,0.10795796,0
15.90000000323925,1.2270423,1.5715288,0.12666368,0
15.95000000324944,1.2260774,1.6091216,0.10449922,0
16.000000003259625,1.2494125,1.6127433,0.10165155,0
16.050000003269812,1.1885754,1.6270616,0.10719323,0
16.10000000328,1.2505717,1.5961815,0.09421098,0
16.150000003290184,1.1827673,1.5916811,0.13680303,0
16.20000000330037,1.1963911,1.6162009,0.08626807,0
16.25000000331056,1.2599717,1.5678647,0.13036346,0
16.300000003320744,1.2406348,1.6166891,0.12786245,0
16.35000000333093,1.2281935,1.5921233,0.09159982,0
16.400000003341116,1.2227271,1.6466833,0.105683684,0
16.450000003351303,1.2705548,1.6225941,0.11644459,0
16.50000000336149,1.2018126,1.5913469,0.08182192,0
16.550000003371675,1.2276915,1.6363132,0.083539605,0
16.60000000338186,1.2084867,1.559937,0.19385254,0
16.650000003392048,1.2619486,1.59147,0.16094053,0
16.700000003402238,1.1753085,1.612038,0.1196295,0
16.75000000341242,1.2219558,1.6287904,0.08274281,0
16.80000000342261,1.2386416,1.6061931,0.11870742,0
16.850000003432793,1.2363054,1.6290011,0.14055407,0
16.90000000344298,1.2039148,1.6278924,0.11812174,0
16.950000003453166,1.2137204,1.6087157,0.107518435,0
17.000000003463352,1.2237346,1.6083585,0.11760557,0
17.05000000347354,1.2870115,1.6095331,0.15864372,0
17.100000003483725,1.2116828,1.5917726,0.1024909,0
17.15000000349391,1.2324585,1.615621,0.0966723,0
17.200000003504098,1.2242339,1.6017301,0.1286465,0
17.250000003514284,1.2245872,1.6406181,0.11545813,0
17.30000000352447,1.242931,1.5787429,0.10462618,0
17.350000003534657,1.182499,1.610038,0.095838785,0
17.40000000354484,1.1916392,1.6240393,0.110681415,0
17.45000000355503,1.2134757,1.6126381,0.1144253,0
17.500000003565212,1.2668245,1.626839,0.12149918,0
17.550000003575402,1.2108734,1.5869961,0.13789582,0
17.60000000358559,1.2346505,1.6242725,0.10213685,0
17.650000003595775,1.2480831,1.5710939,0.11006594,0
17.70000000360596,1.220604,1.5863014,0.10454607,0
17.750000003616144,1.2384231,1.5655972,0.10900962,0
17.800000003626334,1.1936171,1.6123754,0.121192575,0
17.85000000363652,1.2210037,1.6091889,0.086049795,0
17.900000003646706,1.2477689,1.6123602,0.118679404,0
17.95000000365689,1.2116085,1.6584264,0.10919976,0
18.00000000366708,1.2243704,1.5987732,0.09662151,0
18.050000003677265,1.2524974,1.6358714,0.11268079,0
18.10000000368745,1.1923095,1.601317,0.107524276,0
18.15000000369764,1.2414472,1.5994376,0.123970985,0
18.200000003707824,1.2276984,1.5986574,0.13097489,0
18.25000000371801,1.2455459,1.6087718,0.13474214,0
18.3000000037282,1.1950275,1.5755678,0.11397934,0
18.350000003738383,1.2411132,1.5749087,0.089068055,0
18.40000000374857,1.2149559,1.6342925,0.11138749,0
18.450000003758756,1.2208071,1.5798912,0.11892629,0
18.500000003768942,1.235471,1.6130426,0.09426117,0
18.55000000377913,1.2136081,1.5924516,0.082924485,0
18.600000003789315,1.244745,1.5840564,0.13871205,0
18.6500000037995,1.224564,1.5923387,0.110545516,0
18.700000003809688,1.2515023,1.5914421,0.11884034,0
18.750000003819878,1.1830537,1.6124082,0.1414262,0
18.80000000383006,1.2275536,1.5831358,0.09467578,0
18.85000000384025,1.2151719,1.5824857,0.106253505,0
18.900000003850433,1.2308968,1.6030489,0.13463938,0
18.95000000386062,1.1924611,1.615962,0.109012485,0
19.000000003870806,1.226351,1.5728413,0.09592652,0
19.050000003880992,1.225387,1.6376877,0.10932517,0
19.10000000389118,1.2067058,1.6230501,0.10702896,0
19.150000003901365,1.2164942,1.6070962,0.12782586,0
19.20000000391155,1.2290928,1.6126405,0.10263443,0
19.250000003921738,1.1970881,1.5811659,0.1017884,0
19.300000003931924,1.2267355,1.5991533,0.099540114,0
19.35000000394211,1.1808248,1.6141944,0.100913644,0
19.400000003952297,1.2158983,1.5991516,0.10658157,0
19.45000000396248,1.2530707,1.5890069,0.13670564,0
19.50000000397267,1.2391812,1.6392522,0.11496413,0
19.550000003982852,1.237389,1.620525,0.0778923,0
19.600000003993042,1.2170308,1.6336253,0.12181175,0
19.65000000400323,1.2375103,1.6343892,0.13407242,0
19.700000004013415,1.2322087,1.5806749,0.11319876,0
19.7500000040236,1.2352003,1.593926,0.09803343,0
19.800000004033784,1.2351762,1.5991411,0.1346438,0
19.850000004043974,1.2340657,1.6134888,0.12052333,0
19.90000000405416,1.2126653,1.5943779,0.13305199,0
19.950000004064346,1.2558926,1.6369618,0.11747444,0
20.000000004074533,1.215669,1.60455,0.09462559,0
20.050000004084723,1.2545527,1.5911117,0.110467434,0
20.100000004094905,1.223723,1.5895636,0.109579444,0
20.15000000410509,1.2291129,1.5872426,0.12909687,0
20.20000000411528,1.2082108,1.5996605,0.09642446,0
20.250000004125464,1.2132571,1.6104673,0.11940634,0
20.30000000413565,1.212789,1.6200691,0.10205257,0
20.35000000414584,1.2164891,1.5958414,0.14316273,0
20.400000004156023,1.2422087,1.6452186,0.09127259,0
20.45000000416621,1.2599854,1.6029491,0.10092986,0
20.500000004176396,1.2157549,1.6152955,0.11348343,0
20.550000004186582,1.249137,1.6203911,0.09537697,0
20.60000000419677,1.1958349,1.5797025,0.10688174,0
20.650000004206955,1.2097524,1.6125011,0.08133972,0
20.70000000421714,1.246279,1.6174428,0.12290311,0
20.750000004227328,1.2525795,1.6161488,0.123042464,0
20.800000004237518,1.2250687,1.655054,0.087567806,0
20.8500000042477,1.2415599,1.608399,0.0666486,0
20.90000000425789,1.2239964,1.5737162,0.14106703,0
20.950000004268073,1.2475053,1.6135082,0.08848107,0
21.00000000427826,1.2161057,1.5936351,0.08019519,0
21.050000004288446,1.2405192,1.6021835,0.10990155,0
21.100000004298632,1.239333,1.6064456,0.0828197,0
21.15000000430882,1.1941121,1.5889465,0.10751617,0
21.200000004319005,1.2263861,1.5762025,0.09895337,0
21.25000000432919,1.2227806,1.6190869,0.117397666,0
21.300000004339378,1.2050389,1.6070074,0.10493839,0
21.350000004349564,1.2314277,1.5796791,0.12449217,0
21.40000000435975,1.2295136,1.6387544,0.08864224,0
21.450000004369937,1.2239244,1.6047909,0.0986799,0
21.50000000438012,1.2230002,1.5955268,0.100880265,0
21.55000000439031,1.229803,1.6443061,0.13623512,0
21.600000004400492,1.2508922,1.6003544,0.09748292,0
21.650000004410682,1.1966289,1.5743275,0.09397888,0
21.70000000442087,1.2370859,1.6526167,0.12830245,0
21.750000004431055,1.2406396,1.6462798,0.117204666,0
21.80000000444124,1.2404485,1.607526,0.10116756,0
21.850000004451424,1.2566966,1.6312622,0.10645676,0
21.900000004461614,1.2201331,1.626025,0.11673558,0
21.9500000044718,1.2664466,1.631628,0.09828639,0
22.000000004481986,1.206025,1.6015081,0.090536,0
22.050000004492173,1.2612371,1.5876069,0.13848627,0
22.100000004502363,1.183399,1.5933771,0.13642144,0
22.150000004512545,1.2236345,1.6056223,0.11373389,0
22.20000000452273,1.1869813,1.5831186,0.10472548,0
22.25000000453292,1.1962458,1.6064602,0.08706546,0
22.300000004543104,1.231072,1.6469738,0.118442535,0
22.35000000455329,1.245862,1.5863727,0.12025428,0
22.40000000456348,1.2227101,1.6105413,0.15013754,0
22.450000004573663,1.2393003,1.6169775,0.119902015,0
22.50000000458385,1.2595569,1.6056663,0.09382594,0
22.550000004594036,1.2026142,1.6019082,0.077664256,0
22.600000004604222,1.254565,1.5927327,0.11981547,0
22.65000000461441,1.2055352,1.6066282,0.12557256,0
22.700000004624595,1.2127154,1.5696323,0.13173258,0
22.75000000463478,1.2026308,1.5972278,0.13346934,0
22.800000004644968,1.2349682,1.6396029,0.16183102,0
22.850000004655158,1.2583153,1.6351786,0.097102165,0
22.90000000466534,1.2252624,1.5763443,0.09528315,0
22.95000000467553,1.2442297,1.6047077,0.097100616,0
23.000000004685713,1.2347924,1.6084908,0.087819576,0
23.0500000046959,1.246823,1.5855073,0.077343464,0
23.100000004706086,1.2206333,1.633839,0.10702169,0
23.150000004716272,1.2559968,1.597614,0.12811542,0
23.20000000472646,1.2091682,1.5856023,0.114828825,0
23.250000004736645,1.2540622,1.6137153,0.11895478,0
23.30000000474683,1.2313435,1.6113219,0.10682428,0
23.350000004757018,1.2231047,1.6518934,0.15223002,0
23.400000004767204,1.2333617,1.5700548,0.12765527,0
23.45000000477739,1.17672,1.6218164,0.088564515,0
23.500000004787577,1.2403181,1.580492,0.10865128,0
23.55000000479776,1.2113374,1.6045458,0.09722352,0
23.60000000480795,1.2848895,1.5981243,0.11148679,0
23.650000004818132,1.215422,1.6012912,0.12825298,0
23.700000004828322,1.2144226,1.6008388,0.06934917,0
23.75000000483851,1.2263207,1.6061933,0.10902691,0
23.800000004848695,1.2281749,1.6022363,0.12518239,0
23.85000000485888,1.2470056,1.6023436,0.0888772,0
23.900000004869064,1.2173729,1.6011971,0.103263855,0
23.950000004879254,1.201683,1.6580262,0.10879958,0
24.00000000488944,1.2034453,1.6168289,0.15056896,0
24.050000004899626,1.2338172,1.5798881,0.12692988,0
24.100000004909813,1.2150651,1.5993414,0.11864805,0
24.150000004920003,1.2226937,1.5957606,0.11726272,0
24.200000004930185,1.2157403,1.6266189,0.09949887,0
24.25000000494037,1.2470629,1.5963602,0.13677132,0
24.30000000495056,1.2343528,1.610743,0.13454187,0
24.350000004960744,1.2276344,1.5857062,0.10641968,0
24.40000000497093,1.2338831,1.6593028,0.10488844,0
24.45000000498112,1.2448071,1.6364071,0.095445156,0
24.500000004991303,1.2300582,1.5834656,0.10589361,0
24.55000000500149,1.2197182,1.6243194,0.11213708,0
24.600000005011676,1.2076917,1.6077815,0.10110557,0
24.650000005021862,1.2427387,1.6025232,0.15932178,0
24.70000000503205,1.2360789,1.6247964,0.099636436,0
24.75000000504224,1.218047,1.604364,0.12437928,0
24.80000000505242,1.2682352,1.583526,0.0879643,0
24.850000005062608,1.2208409,1.5826647,0.12716925,0
24.900000005072798,1.1950996,1.5817652,0.0948323,0
24.95000000508298,1.1731634,1.5813107,0.117961645,0
25.00000000509317,1.2279738,1.616153,0.13654041,0
25.050000005103353,1.226136,1.5969418,0.12510026,0
25.10000000511354,1.2478137,1.5767051,0.14282167,0
25.150000005123726,1.2502301,1.637962,0.13141358,0
25.200000005133912,1.2426717,1.6169549,0.100934625,0
25.250000005144095,1.2305547,1.61947,0.10882652,0
25.30000000515428,1.2209618,1.6474493,0.09148085,0
25.350000005164468,1.235141,1.598088,0.0773679,0
25.400000005174654,1.2385895,1.6199634,0.10609245,0
25.45000000518484,1.2169602,1.5979075,0.121477604,0
25.500000005195027,1.2187814,1.6311212,0.10052848,0
25.550000005205213,1.2635179,1.6311805,0.10602057,0
25.6000000052154,1.2293036,1.5941619,0.08856237,0
25.650000005225586,1.2294592,1.5821323,0.10729611,0
25.700000005235772,1.22211,1.6415343,0.10444319,0
25.75000000524596,1.1979144,1.6337562,0.10488284,0
25.800000005256145,1.2156045,1.6099038,0.085853696,0
25.85000000526633,1.2360482,1.6160007,0.102779865,0
25.900000005276517,1.2045292,1.6437037,0.08910966,0
25.950000005286704,1.1838034,1.6538805,0.11230862,0
26.00000000529689,1.2239878,1.5985126,0.11262596,0
26.050000005307076,1.2797475,1.6313363,0.13631392,0
26.100000005317263,1.2347693,1.6019218,0.099313855,0
26.15000000532745,1.2358387,1.5716512,0.17401004,0
26.200000005337635,1.2335391,1.6289549,0.08981466,0
26.25000000534782,1.2127122,1.6324221,0.13019574,0
26.300000005358008,1.2547758,1.6149182,0.12312448,0
26.350000005368194,1.1838695,1.6188312,0.10694277,0
26.40000000537838,1.2132229,1.6048634,0.12352586,0
26.450000005388567,1.2361143,1.644809,0.099285126,0
26.500000005398753,1.2256165,1.5967346,0.15046895,0
26.55000000540894,1.2129357,1.6562431,0.12511945,0
26.600000005419126,1.2044991,1.6288198,0.08511925,0
26.650000005429312,1.234712,1.607216,0.14091349,0
26.7000000054395,1.2110276,1.6045665,0.07875252,0
26.750000005449685,1.2118719,1.6055216,0.119136214,0
26.80000000545987,1.2144724,1.5722476,0.10273898,0
26.850000005470058,1.2519466,1.5962862,0.1286596,0
26.900000005480244,1.2253678,1.6165494,0.09093225,0
26.95000000549043,1.2312984,1.6219754,0.1421957,0
27.000000005500617,1.2172207,1.6376112,0.10373688,0
27.050000005510803,1.2251422,1.5834279,0.13854885,0
27.10000000552099,1.2246375,1.6254225,0.08171356,0
27.150000005531176,1.2105304,1.5957166,0.1387037,0
27.200000005541362,1.2384678,1.6438606,0.12535882,0
27.25000000555155,1.2377309,1.6438102,0.1143322,0
27.300000005561735,1.2259097,1.574663,0.10202992,0
27.35000000557192,1.2339445,1.5929844,0.12298131,0
27.400000005582108,1.2172643,1.6057026,0.11913037,0
27.450000005592294,1.2391822,1.6220415,0.08652258,0
27.50000000560248,1.2607543,1.6245569,0.08154249,0
27.550000005612667,1.2243887,1.6175015,0.09099686,0
27.600000005622853,1.20319,1.6424013,0.1355406,0
27.65000000563304,1.2353511,1.6333013,0.10398114,0
27.700000005643226,1.2217298,1.6374768,0.14026928,0
27.750000005653412,1.2329053,1.6456525,0.12049258,0
27.8000000056636,1.1856397,1.6278945,0.13250554,0
27.850000005673785,1.2098019,1.6251831,0.1358496,0
27.90000000568397,1.24192,1.6021445,0.13745308,0
27.950000005694164,1.2311736,1.5957569,0.0887835,0
28.000000005704344,1.2122633,1.6328312,0.14308894,0
28.05000000571453,1.263669,1.5957284,0.08463168,0
28.100000005724716,1.23501,1.6199917,0.12831318,0
28.150000005734903,1.2040745,1.6190606,0.11102986,0
28.20000000574509,1.2522655,1.616606,0.103993654,0
28.250000005755275,1.1975617,1.5922914,0.1148473,0
28.30000000576546,1.2304986,1.6348734,0.14600766,0
28.350000005775648,1.2052302,1.5965134,0.13367045,0
28.400000005785834,1.189236,1.6081824,0.09877443,0
28.45000000579602,1.2284397,1.6010976,0.09323239,0
28.500000005806207,1.2445557,1.656287,0.10706031,0
28.550000005816393,1.2053839,1.6277431,0.08655548,0
28.60000000582658,1.2086837,1.6667264,0.097177505,0
28.650000005836766,1.2411333,1.6220598,0.08562374,0
28.700000005846952,1.232403,1.6447392,0.111172915,0
28.75000000585714,1.228369,1.6210945,0.09102237,0
28.800000005867332,1.2325497,1.5820258,0.12997913,0
28.85000000587751,1.2157495,1.587188,0.13240755,0
28.900000005887698,1.23448,1.6437559,0.0887475,0
28.950000005897884,1.2327607,1.5734196,0.107739806,0
29.00000000590807,1.2295382,1.6015046,0.10103059,0
29.050000005918257,1.260818,1.5995622,0.09546244,0
29.100000005928443,1.2417675,1.5797853,0.14506865,0
29.15000000593863,1.2768323,1.6024902,0.099138856,0
29.200000005948816,1.2556806,1.6629106,0.12507284,0
29.250000005959002,1.2311573,1.6307014,0.14327145,0
29.30000000596919,1.2142612,1.5962256,0.099965215,0
29.350000005979375,1.2520983,1.6186774,0.092772126,0
29.40000000598956,1.2281669,1.5441965,0.13320243,0
29.450000005999748,1.2674038,1.6150163,0.103198886,0
29.500000006009934,1.2362475,1.6107832,0.09486306,0
29.55000000602012,1.246451,1.5748556,0.110753655,0
29.600000006030314,1.2419497,1.6359018,0.12066305,0
29.650000006040493,1.2214165,1.5943705,0.08876574,0
29.70000000605068,1.2480199,1.6392045,0.10080111,0
29.750000006060873,1.2141116,1.5643742,0.09783554,0
29.800000006071052,1.233603,1.5585428,0.13043535,0
29.85000000608124,1.2617451,1.6054345,0.080170155,0
29.900000006091425,1.2069949,1.6422057,0.12775898,0
29.95000000610161,1.2638252,1.6021795,0.1038003,0
30.000000006111804,1.2294215,1.5996015,0.11178541,0
30.050000006121984,1.2422212,1.6094787,0.119675756,0
30.10000000613217,1.2014209,1.5846488,0.13850236,0
30.150000006142363,1.2129061,1.6245265,0.09706116,0
30.200000006152543,1.2069405,1.5858828,0.1813649,0
30.25000000616273,1.2319596,1.6190088,0.1252979,0
30.300000006172915,1.2657213,1.6317474,0.087818265,0
30.3500000061831,1.2425014,1.5861819,0.16421497,0
30.400000006193288,1.1987373,1.6135123,0.09652078,0
30.450000006203474,1.2379808,1.6302435,0.10435581,0
30.50000000621366,1.2016536,1.6207522,0.08895242,0
30.550000006223847,1.2125798,1.6159649,0.09529197,0
30.600000006234033,1.2721056,1.6559806,0.13082063,0
30.65000000624422,1.2279035,1.6094595,0.14992177,0
30.700000006254406,1.2441022,1.5829874,0.080951095,0
30.750000006264592,1.26461,1.6498317,0.10060501,0
30.80000000627478,1.2136315,1.6074665,0.11759138,0
30.850000006284958,1.235317,1.6607623,0.10100782,0
30.90000000629515,1.2084808,1.6537822,0.122172,0
30.950000006305338,1.229393,1.5927578,0.09223771,0
31.000000006315524,1.2408109,1.6142906,0.17764914,0
31.05000000632571,1.2432293,1.5872431,0.11414981,0
31.100000006335897,1.2616704,1.6427912,0.10620594,0
31.150000006346083,1.2446622,1.5910966,0.09245896,0
31.20000000635627,1.195705,1.5893936,0.1262865,0
31.250000006366456,1.2464415,1.5838864,0.121704936,0
31.300000006376642,1.227608,1.6469449,0.09041381,0
31.35000000638683,1.2146152,1.6147321,0.11901033,0
31.400000006397008,1.2276736,1.5883882,0.11073458,0
31.4500000064072,1.250574,1.6250437,0.12610269,0
31.500000006417388,1.2179698,1.6385831,0.11342311,0
31.550000006427574,1.1996068,1.6175575,0.09239757,0
31.60000000643776,1.208586,1.5828345,0.10813284,0
31.650000006447947,1.2680758,1.5836847,0.10469711,0
31.700000006458133,1.2318637,1.5731213,0.12381649,0
31.75000000646832,1.1837672,1.599484,0.10242522,0
31.800000006478506,1.2686877,1.6253363,0.15013921,0
31.850000006488692,1.2313602,1.6199992,0.1039803,0
31.90000000649888,1.2150102,1.5840799,0.09022248,0
31.950000006509065,1.2582772,1.6417656,0.08933866,0
32.00000000651925,1.231653,1.5605619,0.114334226,0
32.050000006529444,1.2212058,1.616261,0.12467992,0
32.100000006539624,1.2386793,1.6190506,0.097172976,0
32.15000000654981,1.2164277,1.6231562,0.1189543,0
32.20000000656,1.2111454,1.567198,0.122452974,0
32.25000000657018,1.1986203,1.6152865,0.098673224,0
32.30000000658037,1.2127388,1.6033607,0.10888469,0
32.35000000659056,1.2404819,1.5927411,0.11119497,0
32.40000000660074,1.2255632,1.5960215,0.16144252,0
32.45000000661093,1.1955795,1.6610832,0.099690795,0
32.500000006621114,1.2490048,1.6142733,0.10589993,0
32.5500000066313,1.1864729,1.6317642,0.10122907,0
32.60000000664149,1.2436911,1.6122686,0.109300375,0
32.65000000665167,1.2083981,1.6058849,0.15355384,0
32.70000000666186,1.202488,1.6061223,0.11237788,0
32.750000006672046,1.2415155,1.6184967,0.11097801,0
32.80000000668223,1.2576268,1.6554859,0.11543298,0
32.85000000669242,1.2134273,1.603229,0.13221145,0
32.90000000670261,1.2310772,1.5683306,0.1566863,0
32.95000000671279,1.2394781,1.6273258,0.08543956,0
33.00000000672298,1.178738,1.5946323,0.14391708,0
33.050000006733164,1.2214106,1.5939674,0.09699035,0
33.10000000674335,1.2170129,1.6354456,0.091736674,0
33.15000000675354,1.2243274,1.6046126,0.108935475,0
33.20000000676372,1.2290026,1.6089592,0.11023331,0
33.25000000677391,1.2262175,1.5996828,0.12106526,0
33.300000006784096,1.2239062,1.5518676,0.0961014,0
33.35000000679428,1.247653,1.6376655,0.10683787,0
33.40000000680447,1.1939079,1.6584004,0.13324046,0
33.450000006814655,1.2436583,1.6300482,0.1048882,0
33.50000000682484,1.2230399,1.5892861,0.089558125,0
33.55000000683503,1.2223147,1.6250068,0.11665738,0
33.600000006845214,1.2552171,1.6264893,0.11264014,0
33.6500000068554,1.2387481,1.5959369,0.10849166,0
33.700000006865594,1.2302436,1.6003735,0.11905444,0
33.75000000687577,1.2350289,1.6045918,0.1173116,0
33.80000000688596,1.1793174,1.6262097,0.1628387,0
33.85000000689615,1.229967,1.6338472,0.117584825,0
33.90000000690633,1.2189931,1.5823712,0.10818517,0
33.95000000691652,1.2180135,1.5801361,0.13597357,0
34.000000006926705,1.1857452,1.5987263,0.10802221,0
34.05000000693689,1.2250738,1.6201022,0.10773468,0
34.100000006947084,1.2770321,1.6356621,0.13486981,0
34.150000006957264,1.2368357,1.5997329,0.12012255,0
34.20000000696745,1.2320096,1.5937762,0.10989165,0
34.25000000697764,1.1941308,1.6673535,0.13020718,0
34.30000000698782,1.2345217,1.5919544,0.14632332,0
34.35000000699801,1.197545,1.6458803,0.1238693,0
34.400000007008195,1.2724812,1.628889,0.10373318,0
34.45000000701838,1.1986927,1.6201286,0.107135415,0
34.50000000702857,1.2484344,1.6104771,0.11521816,0
34.550000007038754,1.189604,1.6112059,0.11674273,0
34.60000000704894,1.2191479,1.6106043,0.13089716,0
34.65000000705913,1.1935308,1.5921001,0.10758269,0
34.70000000706931,1.2186965,1.6136463,0.1590581,0
34.7500000070795,1.2257444,1.6130743,0.08913243,0
34.800000007089686,1.2106106,1.6094519,0.13152313,0
34.85000000709987,1.2018881,1.6386555,0.11438179,0
34.90000000711006,1.2025294,1.6052547,0.10496664,0
34.95000000712024,1.218025,1.5902169,0.11821234,0
35.00000000713043,1.2071545,1.5863823,0.09041488,0
35.05000000714062,1.2136471,1.6509445,0.12578452,0
35.100000007150804,1.256058,1.6527807,0.110034466,0
35.15000000716099,1.1918025,1.5806596,0.14854598,0
35.20000000717118,1.2182503,1.5843534,0.085354686,0
35.25000000718136,1.2263474,1.6414988,0.10538173,0
35.30000000719155,1.2041311,1.5815614,0.09047389,0
35.350000007201736,1.2305279,1.6201444,0.11256611,0
35.40000000721192,1.230148,1.6123222,0.09931421,0
35.45000000722211,1.2116305,1.6338402,0.112440586,0
35.50000000723229,1.2536364,1.6223925,0.10185957,0
35.55000000724248,1.2411401,1.615745,0.09267318,0
35.60000000725267,1.2096821,1.6196519,0.0912658,0
35.650000007262854,1.2304821,1.6265117,0.1207397,0
35.70000000727304,1.2308547,1.5997636,0.13899338,0
35.75000000728323,1.196431,1.5867331,0.11581242,0
35.80000000729341,1.2082205,1.5758024,0.117159724,0
35.8500000073036,1.2414684,1.5890665,0.105754614,0
35.900000007313785,1.1935863,1.6476307,0.11998093,0
35.95000000732397,1.269583,1.6070485,0.120039105,0
36.00000000733416,1.2675811,1.5997661,0.12613761,0
36.050000007344345,1.2208726,1.5925062,0.15629101,0
36.10000000735453,1.2654686,1.6177282,0.11877048,0
36.150000007364724,1.2375278,1.6069643,0.1329087,0
36.2000000073749,1.2072079,1.6139808,0.11213255,0
36.25000000738509,1.2066298,1.6315664,0.10620105,0
36.30000000739528,1.1740444,1.6425054,0.10662711,0
36.35000000740546,1.1981999,1.5890028,0.12775826,0
36.40000000741565,1.2142254,1.6519623,0.1292913,0
36.45000000742584,1.272276,1.6188586,0.087497234,0
36.50000000743602,1.2251204,1.6007683,0.12022567,0
36.55000000744621,1.2281864,1.5932752,0.11380029,0
36.600000007456394,1.2080749,1.6030524,0.10096681,0
36.65000000746658,1.2094404,1.6188543,0.13427746,0
36.70000000747677,1.2551191,1.615379,0.117150545,0
36.75000000748695,1.2429506,1.6038113,0.096808195,0
36.80000000749714,1.2345438,1.6667013,0.14154136,0
36.850000007507326,1.2113746,1.6277122,0.102552295,0
36.90000000751751,1.2496927,1.5863988,0.10889661,0
36.9500000075277,1.2190905,1.591822,0.11403692,0
37.00000000753789,1.1948268,1.5731952,0.10908759,0
37.05000000754807,1.1948084,1.6508693,0.14309704,0
37.10000000755826,1.2193761,1.6232395,0.11469734,0
37.150000007568444,1.2051682,1.6046252,0.09794533,0
37.20000000757863,1.1821322,1.6317399,0.09659147,0
37.25000000758882,1.2563361,1.6191211,0.09981561,0
37.300000007599,1.2426445,1.5990506,0.09655368,0
37.35000000760919,1.2295884,1.5815003,0.103554726,0
37.400000007619376,1.2155222,1.5782976,0.1073277,0
37.45000000762956,1.2389314,1.5949969,0.12423563,0
37.50000000763975,1.2274251,1.6004306,0.11410892,0
37.550000007649935,1.2335505,1.6282363,0.115965486,0
37.60000000766012,1.2379882,1.5864508,0.11555874,0
37.65000000767031,1.1891034,1.5710673,0.13121927,0
37.700000007680494,1.2727351,1.5951011,0.08646464,0
37.75000000769068,1.2165192,1.615377,0.09048796,0
37.80000000770087,1.2514449,1.6096855,0.11381972,0
37.85000000771105,1.2598227,1.6969886,0.14776194,0
37.90000000772124,1.212323,1.5922346,0.090045094,0
37.950000007731425,1.1958373,1.6210513,0.13725638,0
38.00000000774161,1.2539457,1.6373318,0.10233128,0
38.0500000077518,1.2410135,1.6622474,0.13708746,0
38.100000007761984,1.2060397,1.6021557,0.13126075,0
38.15000000777217,1.2015392,1.6157258,0.08523035,0
38.200000007782364,1.2429996,1.591699,0.11244452,0
38.25000000779254,1.215585,1.6329112,0.08889878,0
38.30000000780273,1.2481579,1.5756828,0.12733614,0
38.35000000781292,1.2388496,1.5996088,0.14278579,0
38.4000000078231,1.2252922,1.5779266,0.11371446,0
38.45000000783329,1.2300458,1.6330435,0.11961925,0
38.500000007843475,1.2236718,1.6398991,0.11021507,0
38.55000000785366,1.2593876,1.6617931,0.08472562,0
38.60000000786385,1.2451603,1.6080762,0.13307273,0
38.650000007874034,1.2798011,1.6150583,0.09559846,0
38.70000000788422,1.1990691,1.6420295,0.10954666,0
38.75000000789441,1.2450511,1.6413106,0.122894764,0
38.80000000790459,1.2103217,1.6105269,0.09939158,0
38.85000000791478,1.2530893,1.5918648,0.13976336,0
38.900000007924966,1.2062678,1.5904422,0.095686436,0
38.95000000793515,1.2287085,1.6187205,0.11697531,0
39.00000000794534,1.226623,1.6444336,0.0915339,0
39.05000000795552,1.1993351,1.5873985,0.0995903,0
39.10000000796571,1.2308214,1.6215599,0.1255964,0
39.1500000079759,1.2010983,1.6014796,0.13570058,0
39.200000007986084,1.1860968,1.5783459,0.11050582,0
39.25000000799627,1.2431854,1.6306311,0.11902809,0
39.30000000800646,1.204554,1.6623783,0.106931806,0
39.35000000801664,1.2446291,1.59512,0.089344144,0
39.40000000802683,1.2128111,1.6144491,0.12555158,0
39.450000008037016,1.2106384,1.5986965,0.10296321,0
39.5000000080472,1.2295694,1.6033654,0.10520983,0
39.55000000805739,1.257411,1.6021419,0.10406411,0
39.60000000806757,1.2162509,1.6026838,0.12562144,0
39.65000000807776,1.2445365,1.6100194,0.14202356,0
39.70000000808795,1.2128683,1.6054771,0.10927069,0
39.750000008098134,1.2018985,1.566818,0.08796787,0
39.80000000810832,1.2319832,1.5948045,0.08084035,0
39.850000008118506,1.1949587,1.5969677,0.08818948,0
39.90000000812869,1.2551157,1.6614625,0.13630259,0
39.95000000813888,1.2293005,1.6422846,0.10620344,0
40.00000000814906,1.2253749,1.60089,0.09298599,0
40.05000000815925,1.2355609,1.5759735,0.11996472,0
40.10000000816944,1.2584653,1.6053538,0.1587466,0
40.150000008179624,1.2180679,1.5983527,0.09733498,0
40.20000000818981,1.2465386,1.6447494,0.13239336,0
40.250000008200004,1.2286637,1.6774834,0.0970155,0
40.30000000821018,1.232625,1.5683358,0.090602875,0
40.35000000822037,1.186788,1.6140103,0.09444225,0
40.40000000823056,1.2481191,1.6257256,0.11511254,0
40.45000000824074,1.2303437,1.6060864,0.086542726,0
40.50000000825093,1.2322114,1.5811694,0.12866461,0
40.55000000826112,1.2452855,1.5900373,0.13165104,0
40.6000000082713,1.2081169,1.6162822,0.11853516,0
40.65000000828149,1.1989324,1.5984238,0.12234342,0
40.700000008291674,1.2354074,1.5768051,0.10508859,0
40.75000000830186,1.2273239,1.6403358,0.13932407,0
40.80000000831205,1.2022489,1.5848302,0.109727144,0
40.85000000832223,1.2564392,1.5792514,0.11454821,0
40.90000000833242,1.25028,1.6508875,0.10166085,0
40.950000008342606,1.2276236,1.5709183,0.10473609,0
41.00000000835279,1.1815952,1.6077769,0.12889266,0
41.05000000836298,1.2096208,1.6685088,0.08742809,0
41.10000000837317,1.2345842,1.6131634,0.112023234,0
41.15000000838335,1.1963083,1.5914971,0.10368657,0
41.20000000839354,1.2202952,1.591257,0.10833597,0
41.250000008403724,1.2738789,1.6406176,0.09139097,0
41.30000000841391,1.2645943,1.5732931,0.104084015,0
41.3500000084241,1.2344335,1.6171787,0.09264815,0
41.40000000843428,1.21738,1.6057779,0.13407552,0
41.45000000844447,1.2234861,1.6206088,0.101074934,0
41.500000008454656,1.2223523,1.5942574,0.10901642,0
41.55000000846484,1.2180032,1.6106243,0.13545346,0
41.60000000847503,1.2060424,1.6593366,0.10608113,0
41.650000008485215,1.2493645,1.561953,0.0846771,0
41.7000000084954,1.2393162,1.5917712,0.13449967,0
41.750000008505594,1.2134798,1.6240141,0.1216346,0
41.800000008515774,1.207253,1.6114261,0.10666549,0
41.85000000852596,1.2015595,1.5843332,0.11095619,0
41.90000000853615,1.2314234,1.5979788,0.11693072,0
41.95000000854633,1.2068272,1.6622176,0.1396054,0
42.00000000855652,1.1958421,1.6388917,0.16288757,0
42.050000008566705,1.2313402,1.5980554,0.12447965,0
42.10000000857689,1.2076339,1.5823137,0.110210896,0
42.15000000858708,1.2440066,1.6211032,0.10220754,0
42.200000008597264,1.240819,1.6169043,0.11497462,0
42.25000000860745,1.227226,1.6078843,0.12811613,0
42.300000008617644,1.2186705,1.5794182,0.122552514,0
42.35000000862782,1.2136539,1.6047198,0.09313393,0
42.40000000863801,1.2361714,1.6207135,0.12156892,0
42.4500000086482,1.2311671,1.61658,0.1015228,0
42.50000000865838,1.2219819,1.6458148,0.12065482,0
42.55000000866857,1.2109169,1.5862403,0.087816596,0
42.600000008678755,1.2180021,1.6742992,0.14913929,0
42.65000000868894,1.2008445,1.5868585,0.1346128,0
42.70000000869913,1.2491746,1.6080719,0.11674905,0
42.750000008709314,1.2019297,1.6149709,0.11752367,0
42.8000000087195,1.1990875,1.6180192,0.10213232,0
42.85000000872969,1.2316054,1.5817465,0.09676182,0
42.90000000873987,1.2413114,1.5766032,0.11169326,0
42.95000000875006,1.2354984,1.6357648,0.09404516,0
43.000000008760246,1.2240751,1.6128974,0.14633644,0
43.05000000877043,1.2171528,1.6428514,0.091450095,0
43.10000000878062,1.2427526,1.6119589,0.12409496,0
43.1500000087908,1.208887,1.6554855,0.08369446,0
43.20000000880099,1.2441775,1.6128156,0.13492858,0
43.25000000881118,1.2169162,1.6249218,0.13041556,0
43.300000008821364,1.2588948,1.5970352,0.11815703,0
43.35000000883155,1.2438657,1.6057208,0.10718191,0
43.40000000884174,1.2016723,1.592233,0.13110638,0
43.45000000885192,1.2201016,1.6170026,0.10922849,0
43.50000000886211,1.2245952,1.585839,0.109589696,0
43.550000008872296,1.2467756,1.6154811,0.08687389,0
43.60000000888248,1.2126349,1.649075,0.10984552,0
43.65000000889267,1.2337338,1.6150463,0.10019946,0
43.70000000890285,1.2614615,1.6179091,0.10293543,0
43.75000000891304,1.1907763,1.584759,0.09651458,0
43.80000000892323,1.2477341,1.6591113,0.10544264,0
43.850000008933414,1.207596,1.6157687,0.09763479,0
43.9000000089436,1.219699,1.6131835,0.12460673,0
43.950000008953786,1.2498562,1.6261995,0.1355915,0
44.00000000896397,1.2247378,1.6036462,0.113141894,0
44.05000000897416,1.2740041,1.6621819,0.11166823,0
44.10000000898434,1.2000811,1.6319277,0.10819936,0
44.15000000899453,1.2362903,1.6217314,0.15444636,0
44.20000000900472,1.1975513,1.5846522,0.07896018,0
44.250000009014904,1.2189277,1.5849032,0.0910424,0
44.30000000902509,1.2179412,1.6292833,0.10340893,0
44.350000009035284,1.2204378,1.6025295,0.10938203,0
44.40000000904546,1.197423,1.5977837,0.16051388,0
44.45000000905565,1.2398728,1.6352346,0.13161123,0
44.50000000906584,1.1938527,1.6132927,0.11259627,0
44.55000000907602,1.1911345,1.6020943,0.116107106,0
44.60000000908621,1.240762,1.6075218,0.09535122,0
44.6500000090964,1.2372109,1.6079795,0.10562706,0
44.70000000910658,1.2301345,1.5843432,0.10842323,0
44.75000000911677,1.2572775,1.6102519,0.11896384,0
44.800000009126954,1.2442524,1.5941244,0.09844494,0
44.85000000913714,1.232941,1.6324875,0.109567285,0
44.90000000914733,1.2236301,1.5804791,0.15443361,0
44.95000000915751,1.2233083,1.5996307,0.08755326,0
45.0000000091677,1.2456671,1.5868002,0.13085592,0
45.050000009177886,1.2356197,1.5927498,0.08776355,0
45.10000000918807,1.2437658,1.6147159,0.10097551,0
45.15000000919826,1.2142546,1.65219,0.10335481,0
45.20000000920845,1.2093728,1.5698376,0.08914983,0
45.25000000921863,1.2252312,1.5778201,0.08584857,0
45.30000000922882,1.2234019,1.633765,0.09555566,0
45.350000009239004,1.233067,1.6368709,0.073916554,0
45.40000000924919,1.2370684,1.649918,0.06516254,0
45.45000000925938,1.2268207,1.610986,0.12737703,0
45.50000000926956,1.2147151,1.6285063,0.10142863,0
45.55000000927975,1.2094398,1.617514,0.10793722,0
45.600000009289936,1.2409623,1.6618918,0.08482432,0
45.65000000930012,1.2183423,1.6557987,0.11789596,0
45.70000000931031,1.1972963,1.5982466,0.087316394,0
45.750000009320495,1.2135532,1.6063731,0.1187551,0
45.80000000933068,1.2471782,1.5984693,0.11517167,0
45.850000009340874,1.2341027,1.6320825,0.12736213,0
45.900000009351054,1.2256798,1.5977416,0.081834555,0
45.95000000936124,1.2558403,1.5880041,0.10913849,0
46.00000000937143,1.2222927,1.6174294,0.115219235,0
46.05000000938161,1.2463281,1.6039715,0.12277067,0
46.1000000093918,1.2189114,1.5913687,0.12195122,0
46.150000009401985,1.2475522,1.5936409,0.1094991,0
46.20000000941217,1.2366223,1.5760484,0.11962116,0
46.25000000942236,1.2249466,1.5772737,0.10270274,0
46.300000009432544,1.2044777,1.5958071,0.1466434,0
46.35000000944273,1.2460698,1.6447122,0.097806096,0
46.400000009452924,1.2479582,1.6104622,0.1385082,0
46.4500000094631,1.1891247,1.6161106,0.11379111,0
46.50000000947329,1.1960782,1.6048254,0.091653705,0
46.55000000948348,1.203945,1.6322387,0.13311625,0
46.60000000949366,1.2396231,1.635005,0.113233685,0
46.65000000950385,1.2389734,1.617365,0.1021291,0
46.700000009514035,1.1957998,1.598282,0.08757973,0
46.75000000952422,1.2125635,1.6077973,0.10677898,0
46.80000000953441,1.2522012,1.6398015,0.12557888,0
46.850000009544594,1.2023746,1.5849538,0.14238572,0
46.90000000955478,1.263632,1.6112,0.09904468,0
46.95000000956497,1.1847042,1.6130656,0.09270477,0
47.00000000957515,1.1962531,1.6054928,0.10695064,0
47.05000000958534,1.2564864,1.6248347,0.10212588,0
47.100000009595526,1.2224605,1.5908195,0.11456549,0
47.15000000960571,1.2131497,1.5938151,0.11135399,0
47.2000000096159,1.2184621,1.6315359,0.1058625,0
47.25000000962608,1.2339092,1.6219771,0.1045202,0
47.30000000963627,1.2220566,1.6115661,0.15292919,0
47.35000000964646,1.2200494,1.6127073,0.13044369,0
47.400000009656644,1.2513878,1.6176313,0.115982175,0
47.45000000966683,1.2130557,1.6216381,0.13953221,0
47.50000000967702,1.2306024,1.606677,0.14331388,0
47.5500000096872,1.241459,1.5602201,0.13241255,0
47.60000000969739,1.1853132,1.6078992,0.083016396,0
47.650000009707576,1.2301563,1.6376901,0.098896384,0
47.70000000971776,1.2613391,1.6226132,0.09713936,0
47.75000000972795,1.2439876,1.6128187,0.09526074,0
47.800000009738135,1.2314411,1.6266425,0.10796273,0
47.85000000974832,1.234096,1.5816305,0.13431907,0
47.90000000975851,1.2210277,1.6170609,0.091900945,0
47.950000009768694,1.211566,1.5977409,0.12875736,0
48.00000000977888,1.2359378,1.6005411,0.09387553,0
48.050000009789066,1.249663,1.6130198,0.11319959,0
48.10000000979925,1.2038765,1.6135614,0.12921178,0
48.15000000980944,1.2028015,1.5536715,0.112618566,0
48.20000000981962,1.1795596,1.6344799,0.085015655,0
48.25000000982981,1.2259967,1.575566,0.15850663,0
48.30000000984,1.2271453,1.5816265,0.1075896,0
48.350000009850184,1.2417458,1.6227514,0.11133647,0
48.40000000986037,1.2113442,1.6238363,0.10909021,0
48.450000009870564,1.2171762,1.5914422,0.09616172,0
48.50000000988074,1.1964848,1.5732492,0.1181674,0
48.55000000989093,1.2151419,1.6081296,0.13368666,0
48.60000000990112,1.2467785,1.6160042,0.1041764,0
48.6500000099113,1.2578951,1.6278658,0.095439434,0
48.70000000992149,1.2216403,1.6133232,0.115265965,0
48.75000000993168,1.2420542,1.6556325,0.09284985,0
48.80000000994186,1.2545242,1.6156566,0.12609613,0
48.85000000995205,1.1984887,1.6016924,0.11759293,0
48.900000009962234,1.2342014,1.604482,0.08471942,0
48.95000000997242,1.2596426,1.619209,0.113984704,0
49.00000000998261,1.2323443,1.6353829,0.13336706,0
49.05000000999279,1.2261688,1.5851417,0.120806694,0
49.10000001000298,1.2247316,1.6170765,0.114729166,0
49.150000010013166,1.2382896,1.601974,0.091528654,0
49.20000001002335,1.2409182,1.6225983,0.11535525,0
49.25000001003354,1.236489,1.5993261,0.11674523,0
49.30000001004373,1.2403705,1.6387022,0.1135422,0
49.35000001005391,1.2423307,1.6436265,0.10499942,0
49.4000000100641,1.2366254,1.6104078,0.092621565,0
49.450000010074284,1.2430781,1.6401956,0.11381352,0
49.50000001008447,1.2013913,1.5913327,0.106322646,0
49.55000001009466,1.2066965,1.6579671,0.12802637,0
49.60000001010484,1.2177156,1.6108909,0.09214759,0
49.65000001011503,1.2169565,1.648596,0.10702264,0
49.700000010125216,1.2404277,1.5561188,0.095918536,0
49.7500000101354,1.2091857,1.6361642,0.13377452,0
49.80000001014559,1.2500842,1.6155518,0.12558019,0
49.850000010155775,1.2417066,1.5947616,0.09903622,0
49.90000001016596,1.2354113,1.5972204,0.119210124,0
49.950000010176154,1.2302874,1.6430328,0.10642147,0
50.000000010186334,1.2448213,1.6402398,0.098106146,0
50.05000001019652,1.2375813,1.5917304,0.10263479,0
50.10000001020671,1.2598004,1.5950501,0.0971055,0
50.15000001021689,1.2276148,1.6059452,0.13602269,0
50.20000001022708,1.1965541,1.6081846,0.11700213,0
50.250000010237265,1.2471209,1.6103326,0.11778951,0
50.30000001024745,1.2605965,1.5834808,0.13857996,0
50.35000001025764,1.2052228,1.6251172,0.104881525,0
50.400000010267824,1.1933879,1.5770049,0.120904684,0
50.45000001027801,1.2162259,1.5926943,0.11620188,0
50.500000010288204,1.2273176,1.6180123,0.14563191,0
50.55000001029838,1.217732,1.6103971,0.10428035,0
50.60000001030857,1.1747729,1.6663103,0.11708367,0
50.65000001031876,1.2095525,1.6391808,0.093639135,0
50.70000001032894,1.2553871,1.5933487,0.08986449,0
50.75000001033913,1.2198951,1.6487603,0.091324806,0
50.800000010349315,1.2436775,1.5813364,0.1278634,0
50.8500000103595,1.1992841,1.6110708,0.13721693,0
50.90000001036969,1.2117311,1.6335887,0.1307863,0
50.950000010379874,1.2691963,1.5811167,0.12010503,0
51.00000001039006,1.2418289,1.5965765,0.110685706,0
51.05000001040025,1.2217468,1.6150869,0.11542237,0
51.10000001041043,1.1868105,1.595967,0.12175679,0
51.15000001042062,1.2252499,1.6176273,0.10951412,0
51.200000010430806,1.2114824,1.5859841,0.12711036,0
51.25000001044099,1.2264029,1.6143456,0.10973811,0
51.30000001045118,1.2474166,1.5675749,0.11858451,0
51.35000001046136,1.2310239,1.5921993,0.13213563,0
51.40000001047155,1.252609,1.5826359,0.10566354,0
51.45000001048174,1.2374132,1.612156,0.092301965,0
51.500000010491924,1.2080569,1.6440898,0.09854853,0
51.55000001050211,1.2162639,1.5791156,0.11420822,0
51.6000000105123,1.1811123,1.5764607,0.10004151,0
51.65000001052248,1.2584192,1.6478312,0.111803174,0
51.70000001053267,1.2730668,1.61203,0.13317585,0
51.75000001054285,1.2290471,1.5862744,0.11238158,0
51.80000001055304,1.2396898,1.6269126,0.09938288,0
51.85000001056323,1.1983764,1.6129875,0.12478411,0
51.900000010573414,1.2078302,1.629286,0.104583144,0
51.9500000105836,1.2155365,1.6071098,0.114590526,0
52.00000001059379,1.2479304,1.6308842,0.12106335,0
52.05000001060397,1.2205801,1.6021636,0.1085068,0
52.10000001061416,1.226137,1.6164811,0.13539994,0
52.150000010624346,1.2213334,1.6182054,0.11394107,0
52.20000001063453,1.1739345,1.6174161,0.09887266,0
52.25000001064472,1.2239169,1.5694811,0.10304105,0
52.3000000106549,1.2013652,1.5806419,0.09101272,0
52.35000001066509,1.2176621,1.6066036,0.11502743,0
52.40000001067528,1.2090914,1.6206747,0.10045469,0
52.450000010685464,1.2652194,1.5849258,0.096211076,0
52.50000001069565,1.2317604,1.621065,0.09027052,0
52.550000010705844,1.235235,1.6379621,0.09425318,0
52.60000001071602,1.2407238,1.6105454,0.108639956,0
52.65000001072621,1.2401838,1.6289597,0.13630402,0
52.7000000107364,1.2207837,1.6123655,0.11808038,0
52.75000001074658,1.2275578,1.6061835,0.13364065,0
52.80000001075677,1.224079,1.6050379,0.10706973,0
52.85000001076696,1.2206694,1.6079478,0.10734522,0
52.90000001077714,1.18233,1.6019769,0.1118474,0
52.95000001078733,1.1898474,1.6191481,0.09591603,0
53.000000010797514,1.2371808,1.583811,0.13047421,0
53.0500000108077,1.1941736,1.6097413,0.1202544,0
53.10000001081789,1.2207292,1.5824486,0.11215556,0
53.15000001082807,1.1833586,1.5683041,0.1196394,0
53.20000001083826,1.2313528,1.6383433,0.09380746,0
53.250000010848446,1.1921622,1.5675285,0.104914784,0
53.30000001085863,1.2409837,1.6131912,0.10650277,0
53.35000001086882,1.2224708,1.5900085,0.15854514,0
53.40000001087901,1.2165401,1.5632331,0.13597655,0
53.45000001088919,1.2329676,1.6058414,0.1032691,0
53.50000001089938,1.2263889,1.5845757,0.10296619,0
53.550000010909564,1.2278309,1.6480503,0.13299227,0
53.60000001091975,1.2274175,1.5615654,0.09824562,0
53.650000010929936,1.2301863,1.63265,0.1060766,0
53.70000001094012,1.2488983,1.6120154,0.114867926,0
53.75000001095031,1.238081,1.6160653,0.12339091,0
53.800000010960495,1.2277998,1.5944777,0.117711544,0
53.85000001097068,1.2207294,1.6077989,0.11106253,0
53.90000001098087,1.2345754,1.660952,0.12752533,0
53.950000010991054,1.192989,1.6456832,0.146379,0
54.00000001100124,1.2251495,1.5726862,0.13167715,0
54.050000011011434,1.2228607,1.5794692,0.08858037,0
54.10000001102161,1.2084868,1.6500611,0.12838805,0
54.1500000110318,1.2415903,1.5970688,0.07526779,0
54.20000001104199,1.25401,1.6460769,0.112758875,0
54.25000001105217,1.2170731,1.5960853,0.17445147,0
54.30000001106236,1.1926744,1.6014245,0.121456504,0
54.350000011072545,1.2472191,1.5855836,0.10768676,0
54.40000001108273,1.2079589,1.5911859,0.095054865,0
54.45000001109292,1.217279,1.6062529,0.12983608,0
54.500000011103104,1.2205309,1.6210724,0.08467281,0
54.55000001111329,1.2496125,1.6163368,0.12505591,0
54.600000011123484,1.208407,1.6185887,0.089928985,0
54.65000001113366,1.2665279,1.6193842,0.11021018,0
54.70000001114385,1.252421,1.5995885,0.097033024,0
54.75000001115404,1.2380093,1.6093683,0.09655547,0
54.80000001116422,1.2332088,1.6214913,0.07778239,0
54.85000001117441,1.2033157,1.6005732,0.09446609,0
54.900000011184595,1.2192638,1.6218216,0.12789845,0
54.95000001119478,1.2180552,1.6100707,0.10435307,0
55.00000001120497,1.2685091,1.5980625,0.104082465,0
55.050000011215154,1.2241797,1.5773458,0.13978708,0
55.10000001122534,1.2590911,1.5707994,0.11247957,0
55.15000001123553,1.2088385,1.6335255,0.108365536,0
55.20000001124571,1.1972357,1.5923514,0.10897994,0
55.2500000112559,1.175457,1.5952324,0.12218559,0
55.300000011266086,1.2115598,1.5977247,0.11755133,0
55.35000001127627,1.2216603,1.6906924,0.16553247,0
55.40000001128646,1.1982448,1.5916203,0.106443286,0
55.45000001129664,1.2367378,1.6098136,0.12726164,0
55.50000001130683,1.2647098,1.575829,0.09718001,0
55.55000001131702,1.2189541,1.587392,0.10051775,0
55.600000011327204,1.2239524,1.6327031,0.12024987,0
55.65000001133739,1.2170539,1.6164234,0.13452506,0
55.700000011347576,1.2416371,1.5999801,0.08826125,0
55.75000001135776,1.2053457,1.5806581,0.07655454,0
55.80000001136795,1.2040873,1.5872233,0.11129558,0
55.85000001137813,1.2269771,1.5618258,0.1207484,0
55.90000001138832,1.221656,1.6168238,0.09355962,0
55.95000001139851,1.2245048,1.6479315,0.098704815,0
56.000000011408694,1.2072725,1.5794268,0.108866096,0
56.05000001141888,1.2040414,1.7031131,0.10768044,0
56.10000001142907,1.2404499,1.5909648,0.115868926,0
56.15000001143925,1.2082641,1.5855005,0.079897165,0
56.20000001144944,1.225748,1.6061927,0.1171056,0
56.250000011459626,1.2212975,1.5717063,0.07984018,0
56.30000001146981,1.2131472,1.6063284,0.13870871,0
56.35000001148,1.1858425,1.616161,0.1539954,0
56.40000001149018,1.2234471,1.5988343,0.120139,0
56.45000001150037,1.2310717,1.593477,0.13732207,0
56.50000001151056,1.2538147,1.5635555,0.10842931,0
56.550000011520744,1.2297223,1.6218852,0.10119212,0
56.60000001153093,1.253162,1.579541,0.0991596,0
56.650000011541124,1.1977456,1.6078271,0.11390567,0
56.7000000115513,1.2024815,1.5754677,0.12103546,0
56.75000001156149,1.2289683,1.5814353,0.09027791,0
56.80000001157168,1.2140968,1.5679564,0.09774423,0
56.85000001158186,1.1922951,1.6347466,0.08793175,0
56.90000001159205,1.2371086,1.606818,0.1213609,0
56.95000001160224,1.2348845,1.6133869,0.11251259,0
57.00000001161242,1.2056247,1.5722768,0.1107527,0
57.05000001162261,1.2161126,1.5743237,0.10119355,0
57.100000011632794,1.255429,1.5785086,0.1002866,0
57.15000001164298,1.1821328,1.5937173,0.13956153,0
57.20000001165317,1.2309082,1.5722595,0.12471652,0
57.25000001166335,1.2586639,1.603586,0.08734429,0
57.30000001167354,1.2535812,1.6529464,0.11906588,0
57.350000011683726,1.2200514,1.5814016,0.12338865,0
57.40000001169391,1.2113187,1.6279875,0.10487282,0
57.4500000117041,1.2400006,1.6017244,0.121338606,0
57.50000001171429,1.2292098,1.5869207,0.095261216,0
57.55000001172447,1.2237583,1.5959054,0.09631908,0
57.60000001173466,1.2510839,1.5950575,0.07289052,0
57.650000011744844,1.235825,1.6126181,0.09339416,0
57.70000001175503,1.2028244,1.6347928,0.091083884,0
57.750000011765216,1.2451861,1.6017098,0.12279451,0
57.8000000117754,1.256466,1.5955958,0.09987354,0
57.85000001178559,1.2370772,1.6051781,0.08794916,0
57.900000011795775,1.2337139,1.6106861,0.10969353,0
57.95000001180596,1.2170238,1.5757046,0.12731194,0
58.00000001176521,1.2435638,1.5886127,0.115700245,0
58.0500000115935,1.2034192,1.6024756,0.09995103,0
58.100000011421784,1.2191278,1.6061908,0.12208283,0
58.15000001125007,1.2329512,1.5842285,0.10672462,0
58.20000001107836,1.2303762,1.6137253,0.09758055,0
58.250000010906646,1.2466638,1.6138941,0.099213004,0
58.300000010734934,1.2504313,1.6037273,0.093500376,0
58.35000001056322,1.2084442,1.66699,0.11293769,0
58.40000001039151,1.2332802,1.5906577,0.10063422,0
58.450000010219796,1.2183144,1.6346512,0.09043181,0
58.50000001004808,1.2119546,1.6009645,0.107762575,0
58.55000000987637,1.2024846,1.6059058,0.121044755,0
58.60000000970466,1.2425326,1.6139437,0.10886562,0
58.650000009532945,1.2293969,1.6117821,0.15529668,0
58.70000000936123,1.2125401,1.6463946,0.11377573,0
58.75000000918952,1.2317263,1.593923,0.09371281,0
58.80000000901781,1.1968018,1.6233283,0.114770174,0
58.850000008846095,1.2096653,1.607886,0.088804364,0
58.90000000867438,1.2259352,1.5674676,0.10419595,0
58.95000000850267,1.250223,1.6125633,0.095071554,0
59.00000000833096,1.2044641,1.6228117,0.09162116,0
59.050000008159245,1.2059181,1.6423886,0.11722863,0
59.10000000798753,1.2355356,1.6389167,0.100224495,0
59.15000000781582,1.229352,1.5972433,0.09325993,0
59.20000000764411,1.2196295,1.633097,0.09352863,0
59.250000007472394,1.2382753,1.5818439,0.091686845,0
59.30000000730068,1.2328107,1.6331618,0.11091733,0
59.35000000712897,1.2643795,1.6340028,0.11541188,0
59.40000000695726,1.2154968,1.6018324,0.1764934,0
59.450000006785544,1.2389134,1.5801921,0.14981198,0
59.50000000661383,1.1981645,1.5870636,0.11523211,0
59.55000000644212,1.2197742,1.5915067,0.110296965,0
59.600000006270406,1.1917408,1.6150497,0.083024144,0
59.65000000609869,1.2253358,1.620124,0.12721622,0
59.70000000592698,1.216947,1.6189384,0.12682033,0
59.75000000575527,1.2252655,1.6236329,0.10884321,0
59.800000005583556,1.2105442,1.6416985,0.12764502,0
59.85000000541184,1.2417407,1.5763881,0.0999105,0
59.90000000524013,1.2071416,1.6100888,0.13638759,0
59.95000000506842,1.2004956,1.6027062,0.09956765,0
60.000000004896705,1.266438,1.6483854,0.14612567,0
60.05000000472499,1.229815,1.5970224,0.106705666,0
60.10000000455328,1.2402291,1.5929614,0.12916839,0
60.15000000438157,1.221933,1.5957489,0.11751878,0
60.200000004209855,1.2000881,1.5979593,0.117497325,0
60.25000000403814,1.2557601,1.6587006,0.13292968,0
60.30000000386643,1.2022318,1.6040314,0.119467854,0
60.35000000369472,1.2254227,1.6224372,0.09484744,0
60.400000003523004,1.228569,1.630141,0.11942899,0
60.45000000335129,1.2145028,1.6130216,0.12283623,0
60.50000000317958,1.2061353,1.5774455,0.14420068,0
60.55000000300787,1.2299465,1.6206226,0.13622105,0
60.600000002836154,1.2470899,1.5888469,0.11950767,0
60.65000000266444,1.2268639,1.6177835,0.123190165,0
60.70000000249273,1.2228321,1.6366,0.13911521,0
60.750000002321016,1.2432346,1.6209615,0.08337772,0
60.800000002149304,1.2145203,1.5973349,0.12651074,0
60.85000000197759,1.2422223,1.6447604,0.08778739,0
60.90000000180588,1.2388438,1.5695047,0.13174188,0
60.950000001634166,1.2217689,1.613967,0.08920169,0
61.00000000146245,1.2345483,1.6222645,0.10750651,0
61.05000000129074,1.2314034,1.5891953,0.1497792,0
61.10000000111903,1.2372546,1.6132598,0.09276879,0
61.150000000947315,1.224052,1.629154,0.10399401,0
61.2000000007756,1.2414361,1.6200775,0.092225194,0
61.25000000060389,1.2194433,1.5873033,0.11260998,0
61.30000000043218,1.2121202,1.6057918,0.08918834,0
61.350000000260465,1.237336,1.618386,0.111064196,0
61.40000000008875,1.2271326,1.6056123,0.13821304,0
61.44999999991704,1.213256,1.6179967,0.09676814,0
61.49999999974533,1.2064613,1.5967857,0.10945201,0
61.549999999573615,1.2018458,1.6036603,0.09258902,0
61.5999999994019,1.2049443,1.5782142,0.11179888,0
61.64999999923019,1.2201573,1.5886862,0.10443568,0
61.69999999905848,1.2218268,1.6484132,0.09828019,0
61.749999998886764,1.2306743,1.6523379,0.095531106,0
61.79999999871505,1.2296166,1.5973593,0.109431624,0
61.84999999854334,1.2100207,1.6124184,0.11391628,0
61.89999999837163,1.2432328,1.6130109,0.08137488,0
61.949999998199914,1.1964397,1.595012,0.11110914,0
61.9999999980282,1.2374235,1.626885,0.09730899,0
62.04999999785649,1.2352166,1.6051724,0.11017978,0
62.099999997684776,1.2353168,1.6041615,0.110824466,0
62.14999999751306,1.2191429,1.6157149,0.1002028,0
62.19999999734135,1.249572,1.5652673,0.09395242,0
62.24999999716964,1.207525,1.6365497,0.13189542,0
62.299999996997926,1.1959984,1.5929315,0.11368418,0
62.34999999682621,1.1649199,1.6024308,0.09156382,0
62.3999999966545,1.222761,1.606818,0.12271583,0
62.44999999648279,1.1942364,1.6178946,0.14846921,0
62.499999996311075,1.2620132,1.6180704,0.11367786,0
62.54999999613936,1.2577517,1.6192955,0.13282204,0
62.59999999596765,1.2169064,1.623646,0.11958814,0
62.64999999579594,1.2439609,1.6773667,0.15220678,0
62.699999995624225,1.2322149,1.613214,0.10338426,0
62.74999999545251,1.1800046,1.5882201,0.10301173,0
62.7999999952808,1.2411314,1.6075181,0.09674513,0
62.84999999510909,1.2991838,1.619814,0.10249615,0
62.899999994937374,1.2271042,1.5984012,0.1620034,0
62.94999999476566,1.2315527,1.6106098,0.12276089,0
62.99999999459395,1.2185992,1.5854348,0.14989924,0
63.04999999442224,1.2077568,1.5679007,0.08744407,0
63.099999994250524,1.2243071,1.6000061,0.13036978,0
63.14999999407881,1.2190317,1.6231252,0.13471186,0
63.1999999939071,1.2272886,1.6183311,0.1047672,0
63.249999993735386,1.2391053,1.5993942,0.13826609,0
63.299999993563674,1.2290593,1.5883677,0.12257254,0
63.34999999339196,1.2380973,1.6019495,0.10720503,0
63.39999999322025,1.2210311,1.6042244,0.15108228,0
63.449999993048536,1.1977453,1.6069651,0.110723615,0
63.49999999287682,1.2012305,1.5963894,0.07260859,0
63.54999999270511,1.2135843,1.5706763,0.09526968,0
63.5999999925334,1.2515801,1.6020193,0.096731186,0
63.649999992361685,1.2269162,1.5869473,0.09264815,0
63.69999999218997,1.1833467,1.6350621,0.09721899,0
63.74999999201826,1.2454774,1.6195745,0.120052814,0
63.79999999184655,1.2374504,1.6049993,0.12201476,0
63.849999991674835,1.1849489,1.649573,0.104381084,0
63.89999999150312,1.2598394,1.5494872,0.100608945,0
63.94999999133141,1.2440336,1.614278,0.10372186,0
63.9999999911597,1.2377591,1.6302133,0.12526798,0
64.04999999098798,1.2255174,1.6105723,0.095633745,0
64.09999999081627,1.2465762,1.5744733,0.10573661,0
64.14999999064456,1.2393345,1.6250236,0.0892272,0
64.19999999047285,1.2331278,1.6377997,0.09011054,0
64.24999999030113,1.228544,1.597394,0.07763362,0
64.29999999012942,1.2498908,1.596178,0.09531832,0
64.34999998995771,1.2372162,1.627419,0.10225904,0
64.399999989786,1.2264123,1.5458925,0.08667934,0
64.44999998961428,1.2451332,1.616519,0.12210333,0
64.49999998944257,1.25605,1.615597,0.10636532,0
64.54999998927086,1.2163966,1.6163905,0.11231947,0
64.59999998909915,1.2161644,1.600595,0.07905352,0
64.64999998892743,1.2427202,1.6385872,0.12609243,0
64.69999998875572,1.1949669,1.6030021,0.10966468,0
64.74999998858401,1.2656572,1.6121612,0.15225172,0
64.7999999884123,1.1940646,1.5890741,0.0880456,0
64.84999998824058,1.2488735,1.6152512,0.08823204,0
64.89999998806887,1.2462143,1.6196917,0.09889436,0
64.94999998789716,1.1983385,1.5623119,0.12766945,0
64.99999998772545,1.2176217,1.6245633,0.10962677,0
65.04999998755373,1.2207929,1.5932372,0.1295718,0
65.09999998738202,1.2393486,1.5906947,0.10890162,0
65.14999998721031,1.1883615,1.6372588,0.11015439,0
65.1999999870386,1.2565594,1.5774505,0.09236336,0
65.24999998686688,1.2493016,1.6082942,0.11062205,0
65.29999998669517,1.2176452,1.614564,0.114851594,0
65.34999998652346,1.252564,1.6281737,0.17068303,0
65.39999998635174,1.2489448,1.6153854,0.10785401,0
65.44999998618003,1.2311661,1.5919756,0.15381253,0
65.49999998600832,1.2310777,1.5646325,0.100862145,0
65.5499999858366,1.2346396,1.5642643,0.102602124,0
65.5999999856649,1.2442863,1.6026318,0.107994676,0
65.64999998549318,1.20809,1.631712,0.12554085,0
65.69999998532147,1.2313781,1.5963196,0.106122136,0
65.74999998514976,1.2324541,1.6004536,0.10978222,0
65.79999998497804,1.2048506,1.6298503,0.09292734,0
65.84999998480633,1.2473414,1.608348,0.14679205,0
65.89999998463462,1.186444,1.6656106,0.09946072,0
65.9499999844629,1.2068695,1.5988605,0.1407758,0
65.9999999842912,1.2277844,1.5855727,0.10244334,0
66.04999998411948,1.240264,1.6079466,0.112837076,0
66.09999998394777,1.2380673,1.6068577,0.13066518,0
66.14999998377606,1.2505856,1.5665483,0.105668664,0
66.19999998360434,1.2376826,1.6531001,0.07603264,0
66.24999998343263,1.196955,1.5966623,0.099413514,0
66.29999998326092,1.2162302,1.5745082,0.106449604,0
66.3499999830892,1.2514161,1.6009529,0.10805428,0
66.39999998291749,1.2480958,1.588192,0.10993922,0
66.44999998274578,1.2080892,1.5627359,0.10001111,0
66.49999998257407,1.2172086,1.5885084,0.12991238,0
66.54999998240235,1.2142031,1.602353,0.09281957,0
66.59999998223064,1.2150434,1.5715578,0.12866962,0
66.64999998205893,1.2095901,1.5650766,0.11291504,0
66.69999998188722,1.2165508,1.6178573,0.09848213,0
66.7499999817155,1.2476342,1.5939584,0.10526645,0
66.79999998154379,1.2489874,1.5821018,0.13895452,0
66.84999998137208,1.2200752,1.5803772,0.10653198,0
66.89999998120037,1.2263225,1.6285112,0.1447885,0
66.94999998102865,1.2242764,1.6196315,0.0947696,0
66.99999998085694,1.2527487,1.582383,0.11923504,0
67.04999998068523,1.2244005,1.6233776,0.11266124,0
67.09999998051352,1.2318251,1.6155586,0.11042237,0
67.1499999803418,1.2239791,1.6005241,0.09746194,0
67.19999998017009,1.2067974,1.6354206,0.14478493,0
67.24999997999838,1.2240121,1.6501771,0.10028243,0
67.29999997982667,1.2200329,1.6083198,0.09434855,0
67.34999997965495,1.2522378,1.6063637,0.11643517,0
67.39999997948324,1.2292036,1.62869,0.11575341,0
67.44999997931153,1.2276639,1.5777469,0.11855519,0
67.49999997913982,1.2159297,1.6097628,0.12339318,0
67.5499999789681,1.226743,1.5912699,0.10582197,0
67.59999997879639,1.223998,1.5983019,0.11597335,0
67.64999997862468,1.218947,1.6147451,0.09444976,0
67.69999997845296,1.250336,1.5830476,0.12215197,0
67.74999997828125,1.2285991,1.612895,0.11514139,0
67.79999997810954,1.212713,1.6525728,0.11541474,0
67.84999997793783,1.2282172,1.6275885,0.09307456,0
67.89999997776611,1.2232542,1.5771203,0.103432775,0
67.9499999775944,1.2141427,1.6195402,0.09168041,0
67.99999997742269,1.2231185,1.6074257,0.08657491,0
68.04999997725098,1.1884422,1.6225469,0.113962054,0
68.09999997707926,1.2116228,1.6205002,0.112487674,0
68.14999997690755,1.2175621,1.5924201,0.1262784,0
68.19999997673584,1.2493964,1.5967889,0.10314429,0
68.24999997656413,1.2402158,1.6022251,0.09763467,0
68.29999997639241,1.2445035,1.5847604,0.09761727,0
68.3499999762207,1.2440146,1.6156589,0.117361546,0
68.39999997604899,1.1944685,1.6501753,0.12501538,0
68.44999997587728,1.2179149,1.6134119,0.107857466,0
68.49999997570556,1.2434901,1.5881126,0.10752535,0
68.54999997553385,1.1983714,1.6196444,0.13506854,0
68.59999997536214,1.2036055,1.6409694,0.11296308,0
68.64999997519043,1.238459,1.6023463,0.09062445,0
68.69999997501871,1.2295728,1.6054785,0.10426581,0
68.749999974847,1.2450068,1.6049062,0.119365096,0
68.79999997467529,1.2255584,1.5733619,0.12297988,0
68.84999997450358,1.2555659,1.5865424,0.09858835,0
68.89999997433186,1.2118962,1.6209651,0.13062644,0
68.94999997416015,1.2080349,1.5794306,0.10809076,0
68.99999997398844,1.2304093,1.5896684,0.116205096,0
69.04999997381672,1.1963807,1.5935199,0.088768244,0
69.09999997364501,1.261898,1.589197,0.08528912,0
69.1499999734733,1.2273774,1.5930014,0.10325956,0
69.19999997330159,1.2433021,1.59232,0.12577069,0
69.24999997312987,1.2621717,1.5974123,0.11122191,0
69.29999997295816,1.2289209,1.5919688,0.11823678,0
69.34999997278645,1.2233471,1.576015,0.09080064,0
69.39999997261474,1.2175496,1.631137,0.1373316,0
69.44999997244302,1.1758302,1.6570486,0.13188863,0
69.49999997227131,1.2444392,1.6372063,0.12438297,0
69.5499999720996,1.2040645,1.5837991,0.08958578,0
69.59999997192789,1.2128016,1.5980275,0.10181606,0
69.64999997175617,1.2247216,1.5952121,0.112065315,0
69.69999997158446,1.2351335,1.6088104,0.1143837,0
69.74999997141275,1.2041341,1.5987092,0.12591767,0
69.79999997124104,1.2433218,1.6064037,0.105116606,0
69.84999997106932,1.2086451,1.6173381,0.117634416,0
69.89999997089761,1.2591041,1.6071069,0.15077698,0
69.9499999707259,1.2032708,1.5982549,0.105725646,0
69.99999997055419,1.2212032,1.5827947,0.10090566,0
70.04999997038247,1.2152882,1.5974455,0.11140168,0
70.09999997021076,1.2671809,1.6117913,0.09923935,0
70.14999997003905,1.2349675,1.6302874,0.11764145,0
70.19999996986733,1.2349652,1.6087627,0.15188575,0
70.24999996969562,1.2109123,1.6111571,0.11128998,0
70.29999996952391,1.2450864,1.574785,0.10261893,0
70.3499999693522,1.2418795,1.5947889,0.09208441,0
70.39999996918048,1.2200704,1.6351777,0.086699605,0
70.44999996900877,1.2404634,1.5856947,0.11716664,0
70.49999996883706,1.2141206,1.5990632,0.14739716,0
70.54999996866535,1.2319319,1.5746247,0.090821385,0
70.59999996849363,1.2209839,1.6339931,0.12926066,0
70.64999996832192,1.2402378,1.6319435,0.11507511,0
70.69999996815021,1.2250901,1.6388474,0.0954963,0
70.7499999679785,1.2362559,1.6013055,0.09632349,0
70.79999996780678,1.2034963,1.590957,0.0999347,0
70.84999996763507,1.234072,1.624894,0.090901494,0
70.89999996746336,1.2412299,1.5967767,0.11532271,0
70.94999996729165,1.2757505,1.5986061,0.12847757,0
70.99999996711993,1.2139372,1.700946,0.15171933,0
71.04999996694822,1.2257698,1.6092229,0.082009315,0
71.09999996677651,1.2088532,1.6193655,0.12910819,0
71.1499999666048,1.2274923,1.6280091,0.12572968,0
71.19999996643308,1.2291418,1.5904913,0.12248111,0
71.24999996626137,1.2101462,1.604913,0.12248778,0
71.29999996608966,1.2380534,1.600734,0.118548036,0
71.34999996591795,1.2755184,1.5862868,0.1035161,0
71.39999996574623,1.2617204,1.6343813,0.11695075,0
71.44999996557452,1.2356952,1.6085622,0.09229946,0
71.49999996540281,1.2105124,1.592759,0.13134861,0
71.5499999652311,1.261204,1.6401392,0.09864521,0
71.59999996505938,1.2046047,1.5847144,0.11798942,0
71.64999996488767,1.2535952,1.5959644,0.09541857,0
71.69999996471596,1.2419225,1.6076901,0.100540996,0
71.74999996454424,1.2204553,1.6324217,0.086928725,0
71.79999996437253,1.1726369,1.6085292,0.13852262,0
71.84999996420082,1.2356067,1.5840228,0.12360442,0
71.8999999640291,1.2569475,1.6181487,0.07911289,0
71.9499999638574,1.2327858,1.5846257,0.11317134,0
71.99999996368568,1.1968795,1.5900916,0.12819362,0
72.04999996351397,1.1911244,1.6017032,0.11824846,0
72.09999996334226,1.2312608,1.5770249,0.114135265,0
72.14999996317054,1.219029,1.605973,0.099607706,0
72.19999996299883,1.2136414,1.653844,0.108759046,0
72.24999996282712,1.202866,1.588868,0.10307431,0
72.2999999626554,1.2343011,1.5944828,0.090376616,0
72.3499999624837,1.1940998,1.6096336,0.16774881,0
72.39999996231198,1.2356291,1.6111476,0.1342001,0
72.44999996214027,1.2530098,1.5948933,0.11112034,0
72.49999996196856,1.2006764,1.5974009,0.13167787,0
72.54999996179684,1.2493304,1.5995806,0.117638946,0
72.59999996162513,1.1972343,1.6039512,0.10377824,0
72.64999996145342,1.2484729,1.5739715,0.11860156,0
72.6999999612817,1.2096021,1.6080283,0.11341941,0
72.74999996110999,1.2435533,1.6488194,0.10931218,0
72.79999996093828,1.1985339,1.5922472,0.11489606,0
72.84999996076657,1.2127355,1.6220707,0.11549842,0
72.89999996059485,1.2309186,1.5922077,0.11374259,0
72.94999996042314,1.2295454,1.6201322,0.0862869,0
72.99999996025143,1.258234,1.6328468,0.11569774,0
73.04999996007972,1.2110505,1.6090704,0.11451447,0
73.099999959908,1.2430665,1.6184388,0.1416918,0
73.14999995973629,1.2188246,1.5821737,0.10885179,0
73.19999995956458,1.1952641,1.5921838,0.1407882,0
73.24999995939287,1.221417,1.6113961,0.104230046,0
73.29999995922115,1.2664956,1.624298,0.08360124,0
73.34999995904944,1.2213097,1.589775,0.15135682,0
73.39999995887773,1.2041316,1.5931654,0.10347855,0
73.44999995870602,1.2300377,1.5917932,0.11176765,0
73.4999999585343,1.2177856,1.6111422,0.15222514,0
73.54999995836259,1.1974262,1.6234069,0.13892424,0
73.59999995819088,1.2273796,1.6037004,0.10984421,0
73.64999995801917,1.2235211,1.6305828,0.13076818,0
73.69999995784745,1.2103845,1.6210061,0.09035432,0
73.74999995767574,1.1937858,1.6062235,0.09095311,0
73.79999995750403,1.2395726,1.6192092,0.15175045,0
73.84999995733232,1.2267616,1.5811818,0.1368798,0
73.8999999571606,1.2334973,1.5523982,0.10207307,0
73.94999995698889,1.2218716,1.5469574,0.103676796,0
73.99999995681718,1.253308,1.5983417,0.07737923,0
74.04999995664546,1.225177,1.5952861,0.09529948,0
74.09999995647375,1.2581995,1.6218109,0.08625662,0
74.14999995630204,1.2498916,1.604646,0.123078704,0
74.19999995613033,1.2396045,1.6281016,0.09772003,0
74.24999995595861,1.209055,1.6293074,0.11655247,0
74.2999999557869,1.2304325,1.5860714,0.11391842,0
74.34999995561519,1.2458874,1.5812881,0.09473002,0
74.39999995544348,1.2416309,1.585009,0.1012404,0
74.44999995527176,1.2491568,1.6488614,0.12370145,0
74.49999995510005,1.2188722,1.614141,0.08918619,0
74.54999995492834,1.1908165,1.600408,0.091925025,0
74.59999995475663,1.2708058,1.6070774,0.14468026,0
74.64999995458491,1.2056615,1.5938697,0.102051854,0
74.6999999544132,1.2617793,1.6093541,0.10727763,0
74.74999995424149,1.2090467,1.6363345,0.09262562,0
74.79999995406978,1.2079041,1.6066462,0.11093533,0
74.84999995389806,1.2188559,1.6475481,0.12730515,0
74.89999995372635,1.2195021,1.5950798,0.120674014,0
74.94999995355464,1.2309941,1.6093212,0.08979976,0
74.99999995338293,1.2285984,1.6334233,0.09274733,0
75.04999995321121,1.2084769,1.6082566,0.08309662,0
75.0999999530395,1.2046503,1.650172,0.106463075,0
75.14999995286779,1.2137402,1.6306062,0.10544622,0
75.19999995269607,1.2235157,1.6123105,0.100681186,0
75.24999995252436,1.2220565,1.5903782,0.15465057,0
75.29999995235265,1.2388529,1.6355066,0.10323167,0
75.34999995218094,1.2557096,1.5621235,0.1254636,0
75.39999995200922,1.2070279,1.6098564,0.11496174,0
75.44999995183751,1.2640867,1.5831301,0.11830652,0
75.4999999516658,1.2333176,1.5792276,0.09344339,0
75.54999995149409,1.2125796,1.6149261,0.106396794,0
75.59999995132237,1.2039554,1.5852617,0.09052372,0
75.64999995115066,1.2307823,1.6125324,0.10795009,0
75.69999995097895,1.2665038,1.595241,0.1455127,0
75.74999995080724,1.221879,1.5846943,0.08669174,0
75.79999995063552,1.2310014,1.631248,0.10251403,0
75.84999995046381,1.2618709,1.604922,0.09678054,0
75.8999999502921,1.2190672,1.6208961,0.09780538,0
75.94999995012039,1.2409987,1.6313374,0.10374963,0
75.99999994994867,1.2362804,1.6339343,0.14080977,0
76.04999994977696,1.2339629,1.5903927,0.09629786,0
76.09999994960525,1.2268347,1.594712,0.13796437,0
76.14999994943354,1.209011,1.6158531,0.108691335,0
76.19999994926182,1.2313013,1.5733124,0.095035315,0
76.24999994909011,1.2380235,1.6040351,0.109656334,0
76.2999999489184,1.2158667,1.5915841,0.106337905,0
76.34999994874669,1.2315392,1.6126132,0.08852422,0
76.39999994857497,1.2517254,1.6179483,0.090949655,0
76.44999994840326,1.2078409,1.6294367,0.10483432,0
76.49999994823155,1.2500429,1.5798032,0.09856892,0
76.54999994805983,1.2438275,1.6093087,0.11030924,0
76.59999994788812,1.2373104,1.5868415,0.11046624,0
76.64999994771641,1.1931059,1.6264484,0.09419739,0
76.6999999475447,1.2434527,1.6086991,0.103883386,0
76.74999994737298,1.2046274,1.6084204,0.081517816,0
76.79999994720127,1.2323614,1.597513,0.10867727,0
76.84999994702956,1.1996319,1.5724354,0.11323857,0
76.89999994685785,1.2386118,1.6389494,0.08633828,0
76.94999994668613,1.234776,1.6473466,0.11358321,0
76.99999994651442,1.2070687,1.6252099,0.085324526,0
77.04999994634271,1.1889969,1.6452442,0.1185534,0
77.099999946171,1.22667,1.6230559,0.102939725,0
77.14999994599928,1.2224017,1.6481544,0.12299442,0
77.19999994582757,1.2088438,1.6265249,0.10136497,0
77.24999994565586,1.2071614,1.592083,0.10113561,0
77.29999994548415,1.2120934,1.623726,0.09640026,0
77.34999994531243,1.229453,1.666812,0.12310302,0
77.39999994514072,1.262435,1.5929351,0.11220014,0
77.44999994496901,1.2390236,1.5918238,0.10097015,0
77.4999999447973,1.2507344,1.5987673,0.0762589,0
77.54999994462558,1.1944075,1.6277378,0.1566912,0
77.59999994445387,1.2200923,1.6285408,0.1033808,0
77.64999994428216,1.247457,1.5866485,0.14707053,0
77.69999994411044,1.2337265,1.6262505,0.12467682,0
77.74999994393873,1.2272238,1.599641,0.09598279,0
77.79999994376702,1.2724496,1.5829705,0.09029102,0
77.84999994359531,1.2057366,1.6267492,0.1153115,0
77.8999999434236,1.1894344,1.5832735,0.0932672,0
77.94999994325188,1.2321991,1.6113216,0.08616161,0
77.99999994308017,1.211196,1.614275,0.11945307,0
78.04999994290846,1.2744336,1.5972961,0.09365189,0
78.09999994273674,1.221791,1.5912864,0.07716167,0
78.14999994256503,1.2516958,1.5789118,0.14046454,0
78.19999994239332,1.2486899,1.6014359,0.1234926,0
78.2499999422216,1.2412595,1.6733111,0.10750663,0
78.2999999420499,1.2263684,1.6045704,0.11648512,0
78.34999994187818,1.238785,1.6348976,0.12617385,0
78.39999994170647,1.2228599,1.6267123,0.12174177,0
78.44999994153476,1.1981878,1.5883741,0.13257313,0
78.49999994136304,1.2072434,1.6111662,0.09272015,0
78.54999994119133,1.2636008,1.5678787,0.09084761,0
78.59999994101962,1.2344912,1.6526587,0.11336124,0
78.6499999408479,1.2614607,1.6036131,0.08951306,0
78.6999999406762,1.2623047,1.5797775,0.11220157,0
78.74999994050448,1.2140932,1.6086254,0.113223076,0
78.79999994033277,1.2438955,1.5777674,0.10304797,0
78.84999994016106,1.2025906,1.5616336,0.12055755,0
78.89999993998934,1.216316,1.600656,0.118695736,0
78.94999993981763,1.2393476,1.6274322,0.10671377,0
78.99999993964592,1.2408667,1.5792999,0.11569953,0
79.0499999394742,1.2014287,1.6067368,0.14146078,0
79.09999993930249,1.2423247,1.6222916,0.09714556,0
79.14999993913078,1.2329612,1.6326822,0.10553706,0
79.19999993895907,1.2335995,1.6250443,0.119407415,0
79.24999993878735,1.2095056,1.623736,0.09857607,0
79.29999993861564,1.1743652,1.6218876,0.11581755,0
79.34999993844393,1.211504,1.6388708,0.0976969,0
79.39999993827222,1.2578593,1.617346,0.13554311,0
79.4499999381005,1.2044147,1.573326,0.13031971,0
79.49999993792879,1.1906539,1.5900967,0.11921072,0
79.54999993775708,1.2185533,1.5907242,0.10368824,0
79.59999993758537,1.2488209,1.6064249,0.113864064,0
79.64999993741365,1.2015017,1.607535,0.08548343,0
79.69999993724194,1.2555366,1.6396253,0.09156585,0
79.74999993707023,1.2402712,1.6405399,0.113859296,0
79.79999993689852,1.2480974,1.5773875,0.09962511,0
79.8499999367268,1.231053,1.5842401,0.08880842,0
79.89999993655509,1.2214098,1.6257788,0.13131905,0
79.94999993638338,1.2164861,1.6534446,0.094495535,0
79.99999993621167,1.2332221,1.6112697,0.13121545,0
80.04999993603995,1.2053605,1.6114237,0.09573567,0
80.09999993586824,1.2132139,1.6050384,0.118741155,0
80.14999993569653,1.2740587,1.6334388,0.1398257,0
80.19999993552481,1.2060429,1.640897,0.1080991,0
80.2499999353531,1.2480979,1.6226656,0.104008794,0
80.29999993518139,1.2040175,1.5925255,0.14223027,0
80.34999993500968,1.224,1.6024365,0.09038031,0
80.39999993483796,1.2161187,1.6347255,0.14821947,0
80.44999993466625,1.1568636,1.5969609,0.15311253,0
80.49999993449454,1.2149111,1.582932,0.12238753,0
80.54999993432283,1.2302922,1.6368341,0.13078177,0
80.59999993415111,1.2274821,1.6293695,0.10546899,0
80.6499999339794,1.2645668,1.6184603,0.13128161,0
80.69999993380769,1.2286754,1.6215163,0.093698144,0
80.74999993363598,1.2358176,1.603763,0.10908806,0
80.79999993346426,1.2105764,1.5776279,0.10945964,0
80.84999993329255,1.2226901,1.592347,0.09895599,0
80.89999993312084,1.2103071,1.6149051,0.098498344,0
80.94999993294913,1.2522907,1.6332091,0.095406055,0
80.99999993277741,1.236383,1.6264027,0.10725558,0
81.0499999326057,1.2368788,1.6140759,0.1304586,0
81.09999993243399,1.2104834,1.6283419,0.11174619,0
81.14999993226228,1.2447673,1.5925163,0.12025249,0
81.19999993209056,1.2308012,1.5928668,0.07828605,0
81.24999993191885,1.2260182,1.5860829,0.12501776,0
81.29999993174714,1.2194769,1.6244442,0.09928429,0
81.34999993157543,1.2544785,1.6134679,0.12685418,0
81.39999993140371,1.2143741,1.6240046,0.12710273,0
81.449999931232,1.2020032,1.6035788,0.10258758,0
81.49999993106029,1.2260664,1.6187193,0.114883065,0
81.54999993088857,1.221335,1.586127,0.109711885,0
81.59999993071686,1.1945107,1.6498909,0.10962427,0
81.64999993054515,1.2373728,1.6061375,0.11327791,0
81.69999993037344,1.2217021,1.6147907,0.1350143,0
81.74999993020172,1.2224023,1.6168667,0.11150968,0
81.79999993003001,1.1645494,1.6000004,0.095056176,0
81.8499999298583,1.2133889,1.6510711,0.12591112,0
81.89999992968659,1.2224178,1.6396497,0.14445281,0
81.94999992951487,1.2197794,1.5832998,0.11304748,0
81.99999992934316,1.2141104,1.6339767,0.102038264,0
82.04999992917145,1.2366701,1.5988812,0.09894276,0
82.09999992899974,1.2136935,1.6059041,0.1300875,0
82.14999992882802,1.252104,1.5699282,0.1426897,0
82.19999992865631,1.2084026,1.5874248,0.10023391,0
82.2499999284846,1.2154167,1.6206427,0.13608873,0
82.29999992831289,1.2322648,1.6154428,0.105190635,0
82.34999992814117,1.2018163,1.5852429,0.10716653,0
82.39999992796946,1.2014802,1.6190625,0.14685953,0
82.44999992779775,1.2453253,1.6056465,0.1527791,0
82.49999992762604,1.2461201,1.5862055,0.09349203,0
82.54999992745432,1.2283795,1.5890496,0.11899102,0
82.5999999272826,1.2400384,1.5791712,0.08508742,0
82.6499999271109,1.2198236,1.5857797,0.08504629,0
82.69999992693919,1.1932017,1.5958893,0.08252323,0
82.74999992676749,1.24321,1.5932753,0.08303487,0
82.79999992659576,1.2151451,1.5929883,0.096705675,0
82.84999992642405,1.2014191,1.603315,0.09028852,0
82.89999992625232,1.2385478,1.6100382,0.1278224,0
82.94999992608062,1.2168549,1.614908,0.1140362,0
82.99999992590892,1.2285454,1.5926279,0.12076688,0
83.0499999257372,1.2657847,1.5968679,0.09402001,0
83.09999992556548,1.2014079,1.6029907,0.11373794,0
83.14999992539376,1.2302719,1.5785457,0.14138114,0
83.19999992522206,1.2308158,1.5782918,0.101049066,0
83.24999992505036,1.2265644,1.6153898,0.11458051,0
83.29999992487865,1.2320682,1.6550535,0.13657093,0
83.34999992470692,1.2312273,1.6127088,0.13554811,0
83.3999999245352,1.2304838,1.6296599,0.12985897,0
83.44999992436348,1.2146518,1.5651264,0.14119673,0
83.49999992419178,1.2194971,1.6077881,0.14181435,0
83.54999992402009,1.2200027,1.6285412,0.12641442,0
83.59999992384836,1.1929963,1.613502,0.10389364,0
83.64999992367665,1.2467561,1.5989392,0.104866385,0
83.69999992350492,1.2474258,1.6000825,0.09130454,0
83.74999992333322,1.2292181,1.5795435,0.11706388,0
83.79999992316152,1.2333674,1.6651354,0.12850797,0
83.8499999229898,1.2137792,1.5992601,0.11342585,0
83.89999992281808,1.2152715,1.6100984,0.10799301,0
83.94999992264636,1.2215542,1.6285172,0.0919435,0
83.99999992247466,1.2216029,1.6324983,0.10179412,0
84.04999992230294,1.2046386,1.5977597,0.08676422,0
84.09999992213125,1.2716525,1.5974437,0.0904367,0
84.14999992195952,1.2454731,1.6082101,0.12228954,0
84.1999999217878,1.254679,1.5857761,0.110872746,0
84.24999992161608,1.235954,1.5847449,0.12807238,0
84.29999992144438,1.2297056,1.6159544,0.14483428,0
84.34999992127268,1.220009,1.6350927,0.103465915,0
84.39999992110096,1.1815839,1.6395376,0.09584606,0
84.44999992092924,1.2508768,1.6104823,0.17351472,0
84.49999992075752,1.1911922,1.60724,0.09830296,0
84.54999992058582,1.2310969,1.6062996,0.08632505,0
84.59999992041412,1.222217,1.5944626,0.09638727,0
84.64999992024241,1.1838216,1.5791457,0.10934162,0
84.69999992007068,1.208567,1.5900116,0.09371638,0
84.74999991989897,1.207899,1.6003199,0.08645177,0
84.79999991972726,1.2440708,1.5890324,0.095299125,0
84.84999991955554,1.2026069,1.5766838,0.14366698,0
84.89999991938384,1.2501258,1.6012177,0.15016603,0
84.94999991921212,1.2101569,1.6702904,0.14916837,0
84.9999999190404,1.2208343,1.5642016,0.12349498,0
85.04999991886868,1.2406259,1.6604495,0.116740584,0
85.09999991869698,1.2385703,1.5935605,0.09767079,0
85.14999991852527,1.234933,1.6204435,0.10923302,0
85.19999991835356,1.2401879,1.6201609,0.13038862,0
85.24999991818184,1.2253298,1.6279025,0.1141628,0
85.29999991801012,1.2134926,1.6180478,0.09343028,0
85.34999991783842,1.2284355,1.5902585,0.1278249,0
85.3999999176667,1.2455426,1.6595135,0.13553,0
85.449999917495,1.2065587,1.6365861,0.09425008,0
85.49999991732328,1.2118716,1.5830015,0.12448037,0
85.54999991715157,1.2233543,1.5788691,0.1266774,0
85.59999991697985,1.2235056,1.6377015,0.10817981,0
85.64999991680814,1.2578143,1.6262817,0.09296179,0
85.69999991663644,1.2387781,1.6166316,0.092173696,0
85.74999991646472,1.2222347,1.5958133,0.09695089,0
85.799999916293,1.201872,1.5825831,0.1463964,0
85.84999991612128,1.2505262,1.6302559,0.09098661,0
85.89999991594958,1.1766111,1.588583,0.1487441,0
85.94999991577787,1.2142185,1.6253294,0.10561192,0
85.99999991560617,1.2032001,1.5861549,0.105058074,0
86.04999991543444,1.2136064,1.5882617,0.119838595,0
86.09999991526273,1.2366059,1.6091417,0.11476886,0
86.149999915091,1.2262635,1.5822048,0.13616133,0
86.1999999149193,1.22862,1.5972235,0.1119684,0
86.2499999147476,1.1963899,1.5856683,0.10233486,0
86.29999991457588,1.2349864,1.6041822,0.13036275,0
86.34999991440417,1.2538939,1.6266766,0.09844911,0
86.39999991423244,1.231685,1.6170123,0.1082896,0
86.44999991406074,1.2410272,1.6213237,0.10338795,0
86.49999991388904,1.241007,1.5932178,0.105694056,0
86.54999991371731,1.2231832,1.6153917,0.098582864,0
86.5999999135456,1.2307818,1.6175784,0.089304805,0
86.64999991337388,1.214589,1.5748137,0.107662916,0
86.69999991320218,1.2022952,1.6126637,0.100527406,0
86.74999991303046,1.2432203,1.6207588,0.11440015,0
86.79999991285877,1.2536271,1.6029701,0.088600636,0
86.84999991268704,1.2204943,1.6059011,0.10580468,0
86.89999991251533,1.2751837,1.5920529,0.09892833,0
86.9499999123436,1.2600343,1.6009588,0.10358143,0
86.9999999121719,1.1995529,1.6362554,0.09221935,0
87.0499999120002,1.2254618,1.59468,0.12366617,0
87.09999991182848,1.2046977,1.5989071,0.11111605,0
87.14999991165676,1.2292501,1.6248728,0.11809552,0
87.19999991148504,1.2034365,1.6129925,0.0947994,0
87.24999991131334,1.2553381,1.5985525,0.1157676,0
87.29999991114163,1.2205747,1.6039793,0.11479604,0
87.34999991096993,1.230505,1.6138266,0.11351097,0
87.3999999107982,1.2483196,1.5889854,0.09739792,0
87.44999991062649,1.2017714,1.5945933,0.107337356,0
87.49999991045476,1.2172484,1.5816743,0.14723718,0
87.54999991028306,1.2346632,1.5924848,0.11371386,0
87.59999991011136,1.2221625,1.630116,0.10436356,0
87.64999990993964,1.1774113,1.6547358,0.110410094,0
87.69999990976793,1.2418296,1.5941412,0.12931824,0
87.7499999095962,1.1983212,1.5762649,0.15055501,0
87.7999999094245,1.2340138,1.6032773,0.10768771,0
87.8499999092528,1.230536,1.5993155,0.11781502,0
87.89999990908107,1.2409971,1.6108129,0.08422899,0
87.94999990890936,1.1977694,1.5799259,0.0996176,0
87.99999990873764,1.1884139,1.5580689,0.12633145,0
88.04999990856594,1.2222116,1.6048229,0.1521033,0
88.09999990839422,1.202296,1.6097213,0.10188389,0
88.14999990822253,1.2023137,1.6497924,0.13773417,0
88.1999999080508,1.1951454,1.6389645,0.10039759,0
88.24999990787909,1.2165214,1.6252624,0.12038338,0
88.29999990770736,1.212963,1.6194032,0.11790025,0
88.34999990753566,1.2092798,1.6118163,0.13093913,0
88.39999990736396,1.2193546,1.6310747,0.10248804,0
88.44999990719224,1.2404162,1.5764761,0.10673189,0
88.49999990702052,1.2260655,1.6297815,0.11975765,0
88.5499999068488,1.2326064,1.6169657,0.13666928,0
88.5999999066771,1.20402,1.6548513,0.10100925,0
88.64999990650539,1.2013379,1.5962292,0.13261282,0
88.69999990633369,1.2214966,1.5947213,0.08340883,0
88.74999990616196,1.2018938,1.656494,0.102448106,0
88.79999990599025,1.2061079,1.6174902,0.1051991,0
88.84999990581852,1.2278374,1.6320575,0.101373315,0
88.89999990564682,1.2272897,1.636501,0.116497874,0
88.94999990547512,1.2042347,1.5795821,0.10426116,0
88.9999999053034,1.2058156,1.5716983,0.13652897,0
89.04999990513168,1.2006679,1.5760304,0.10838914,0
89.09999990495996,1.2080483,1.5919906,0.1241622,0
89.14999990478826,1.2387127,1.6073141,0.15061545,0
89.19999990461656,1.2085094,1.6492064,0.11123693,0
89.24999990444483,1.2684388,1.5819329,0.15726185,0
89.29999990427312,1.2292035,1.6424972,0.11733723,0
89.3499999041014,1.1653333,1.6286104,0.10345042,0
89.3999999039297,1.1931822,1.6352854,0.11150181,0
89.44999990375798,1.24016,1.6255182,0.10573435,0
89.49999990358629,1.2403352,1.5900456,0.09285307,0
89.54999990341456,1.2269125,1.6132139,0.11465442,0
89.59999990324285,1.2199347,1.6266842,0.11852467,0
89.64999990307112,1.2677528,1.6046612,0.09691763,0
89.69999990289942,1.2321203,1.5789664,0.1036495,0
89.74999990272772,1.192949,1.5990765,0.10626423,0
89.799999902556,1.219673,1.5935593,0.10091472,0
89.84999990238428,1.225095,1.6347497,0.12253511,0
89.89999990221256,1.2243528,1.6228484,0.0988816,0
89.94999990204086,1.1897976,1.5824496,0.09761667,0
89.99999990186915,1.217177,1.591779,0.10568404,0
90.04999990169745,1.2314917,1.6045027,0.0954088,0
90.09999990152572,1.2234689,1.5939325,0.11164868,0
90.14999990135401,1.1920296,1.5929813,0.124842525,0
90.19999990118228,1.2142761,1.5735632,0.09582889,0
90.24999990101058,1.2249485,1.5902828,0.0825938,0
90.29999990083888,1.2214373,1.611566,0.104914665,0
90.34999990066716,1.236212,1.6422143,0.14313495,0
90.39999990049544,1.1939384,1.6302269,0.10076702,0
90.44999990032372,1.2117082,1.5880239,0.06599641,0
90.49999990015202,1.2052597,1.5880744,0.13144648,0
90.54999989998032,1.2455348,1.6272676,0.10210717,0
90.5999998998086,1.2448404,1.6293578,0.1228497,0
90.64999989963688,1.1972234,1.634083,0.105974674,0
90.69999989946515,1.2025919,1.5517802,0.09868145,0
90.74999989929346,1.201673,1.6056111,0.14738011,0
90.79999989912174,1.192231,1.612356,0.1699568,0
90.84999989895005,1.2374983,1.616971,0.11120391,0
90.89999989877832,1.2318029,1.5843707,0.12169969,0
90.9499998986066,1.2024833,1.6797822,0.10912287,0
90.99999989843488,1.2153898,1.6167139,0.08951521,0
91.04999989826318,1.2277651,1.6394372,0.1020962,0
91.09999989809147,1.2355698,1.6265612,0.099472165,0
91.14999989791976,1.2100776,1.6030103,0.13519216,0
91.19999989774804,1.2157173,1.6047459,0.086356044,0
91.24999989757632,1.204361,1.6224653,0.09508443,0
91.29999989740462,1.1972567,1.6028773,0.10987556,0
91.3499998972329,1.1870601,1.5803778,0.12352836,0
91.3999998970612,1.2135481,1.6243899,0.085850954,0
91.44999989688948,1.2504191,1.5997312,0.13014877,0
91.49999989671777,1.1815546,1.6508741,0.09263277,0
91.54999989654605,1.219119,1.6026113,0.10204995,0
91.59999989637434,1.2682844,1.580163,0.10449612,0
91.64999989620264,1.2430607,1.5946019,0.119107604,0
91.69999989603092,1.2086287,1.5836072,0.10931885,0
91.7499998958592,1.1872966,1.6161685,0.09954703,0
91.79999989568748,1.2675896,1.5814805,0.11005032,0
91.84999989551578,1.2198254,1.5891724,0.09846318,0
91.89999989534407,1.2209452,1.5830743,0.09676409,0
91.94999989517235,1.2136987,1.6223489,0.10728848,0
91.99999989500064,1.2034236,1.6035905,0.10887873,0
92.04999989482891,1.2060618,1.6226636,0.09789848,0
92.09999989465722,1.2073275,1.6021918,0.115558505,0
92.1499998944855,1.2444036,1.6350411,0.10582447,0
92.1999998943138,1.2277633,1.5864573,0.117509484,0
92.24999989414208,1.2462599,1.58288,0.08764672,0
92.29999989397037,1.2415946,1.617589,0.10163176,0
92.34999989379864,1.2193787,1.6297233,0.11698246,0
92.39999989362694,1.2217703,1.5903792,0.13850713,0
92.44999989345524,1.2205347,1.626487,0.11642563,0
92.49999989328352,1.2168071,1.6444423,0.10946131,0
92.5499998931118,1.2534993,1.6128786,0.10275352,0
92.59999989294008,1.2245867,1.6033485,0.11607468,0
92.64999989276838,1.2010366,1.6026248,0.10252988,0
92.69999989259667,1.2770236,1.6008422,0.06081927,0
92.74999989242497,1.2250081,1.6663421,0.1171155,0
92.79999989225324,1.2243881,1.6182687,0.08519721,0
92.84999989208153,1.2489748,1.6072555,0.10131478,0
92.8999998919098,1.1940457,1.6017793,0.08897078,0
92.9499998917381,1.2702733,1.6411805,0.102338076,0
92.9999998915664,1.2264286,1.5767967,0.122544885,0
93.04999989139468,1.2165507,1.6206204,0.115317106,0
93.09999989122296,1.2665184,1.6653464,0.09476268,0
93.14999989105124,1.2173612,1.6675167,0.11829007,0
93.19999989087954,1.2276592,1.6313196,0.11464572,0
93.24999989070784,1.2124587,1.6411967,0.11156976,0
93.29999989053613,1.2193643,1.6364083,0.09327841,0
93.3499998903644,1.198266,1.623485,0.09051895,0
93.39999989019267,1.240464,1.6596812,0.11597228,0
93.44999989002096,1.2429657,1.589583,0.1425612,0
93.49999988984926,1.2339987,1.6643355,0.12224603,0
93.54999988967757,1.2160468,1.6105305,0.10328066,0
93.59999988950584,1.2002052,1.6367031,0.13292205,0
93.64999988933413,1.2046342,1.659212,0.11550307,0
93.6999998891624,1.2260708,1.6213709,0.1062057,0
93.7499998889907,1.2342981,1.6328089,0.13268173,0
93.799999888819,1.2180816,1.5963051,0.11190331,0
93.84999988864728,1.2293072,1.6003835,0.0871402,0
93.89999988847556,1.2148671,1.6082029,0.12695563,0
93.94999988830384,1.2020253,1.60125,0.08153248,0
93.99999988813214,1.245657,1.6239511,0.086113095,0
94.04999988796042,1.2277817,1.5966498,0.08938599,0
94.09999988778873,1.2250166,1.6138756,0.15026188,0
94.149999887617,1.190461,1.5980769,0.12125492,0
94.19999988744529,1.2341224,1.5962136,0.14545166,0
94.24999988727356,1.2320523,1.5962397,0.0975225,0
94.29999988710186,1.2219456,1.6200016,0.102819204,0
94.34999988693016,1.198603,1.5994846,0.108897686,0
94.39999988675844,1.2404947,1.5778615,0.13023996,0
94.44999988658672,1.2380111,1.6449249,0.119764924,0
94.499999886415,1.2540004,1.6213233,0.10617459,0
94.5499998862433,1.1667671,1.6029258,0.111195564,0
94.5999998860716,1.2520208,1.5916386,0.112511516,0
94.64999988589989,1.2277832,1.6306899,0.083951116,0
94.69999988572816,1.2152584,1.6155231,0.110503435,0
94.74999988555643,1.2593093,1.6315529,0.107984185,0
94.79999988538472,1.2249494,1.5995238,0.12430823,0
94.84999988521302,1.2395114,1.6302483,0.10508835,0
94.89999988504132,1.2275856,1.5703585,0.10434699,0
94.9499998848696,1.2466449,1.6123927,0.109632134,0
94.99999988469789,1.2239707,1.5838482,0.1322459,0
95.04999988452616,1.2459854,1.6086705,0.10391104,0
95.09999988435446,1.2092304,1.5990884,0.079982996,0
95.14999988418276,1.2148298,1.6434108,0.1044904,0
95.19999988401104,1.2152727,1.6209434,0.11157203,0
95.24999988383932,1.2450055,1.6149476,0.11839628,0
95.2999998836676,1.2394445,1.5764974,0.10224807,0
95.3499998834959,1.2284524,1.5961415,0.11162293,0
95.39999988332418,1.2736313,1.612218,0.13941741,0
95.44999988315249,1.2413399,1.6628821,0.13772213,0
95.49999988298076,1.2273005,1.5904405,0.12455225,0
95.54999988280905,1.2350795,1.6157092,0.13390064,0
95.59999988263732,1.1995114,1.5954577,0.08364332,0
95.64999988246562,1.2238576,1.573695,0.113008976,0
95.69999988229392,1.2539321,1.6537728,0.10454619,0
95.7499998821222,1.2336241,1.5951282,0.1646303,0
95.79999988195048,1.2310344,1.5852942,0.15149617,0
95.84999988177876,1.2397773,1.5997493,0.112701654,0
95.89999988160706,1.1823478,1.572756,0.099250674,0
95.94999988143535,1.223614,1.6053678,0.1239239,0
95.99999988126365,1.2263428,1.5937395,0.09447408,0
96.04999988109192,1.2056942,1.6191162,0.08741617,0
96.09999988092021,1.2019725,1.6174947,0.11269307,0
96.14999988074848,1.2374804,1.6147763,0.13020992,0
96.19999988057678,1.2269146,1.615811,0.10015714,0
96.24999988040508,1.2474961,1.6217749,0.12833059,0
96.29999988023336,1.2531419,1.644309,0.107170105,0
96.34999988006165,1.2064116,1.605192,0.111002564,0
96.39999987988992,1.2325842,1.5941422,0.11927247,0
96.44999987971822,1.2228384,1.5777636,0.10622859,0
96.49999987954652,1.2526947,1.6645635,0.1464479,0
96.5499998793748,1.248058,1.6458449,0.10178387,0
96.59999987920308,1.208883,1.598882,0.096497536,0
96.64999987903136,1.2772553,1.6426017,0.12780416,0
96.69999987885966,1.2307197,1.646974,0.09923315,0
96.74999987868794,1.2113085,1.6324991,0.1290685,0
96.79999987851625,1.2402438,1.5813649,0.11379731,0
96.84999987834452,1.2268546,1.5711818,0.15019059,0
96.8999998781728,1.2645286,1.6000998,0.09604931,0
96.94999987800108,1.222587,1.6425171,0.115710855,0
96.99999987782938,1.2367355,1.6147015,0.110468864,0
97.04999987765768,1.2204324,1.6094508,0.13397717,0
97.09999987748596,1.2096437,1.6046784,0.11578667,0
97.14999987731424,1.2212776,1.6101862,0.10220802,0
97.19999987714252,1.216733,1.6210744,0.11090326,0
97.24999987697082,1.2495904,1.5933639,0.11757207,0
97.2999998767991,1.2108575,1.6054451,0.14516187,0
97.34999987662741,1.2096233,1.6343749,0.1085726,0
97.39999987645568,1.213634,1.6108912,0.090023875,0
97.44999987628397,1.2076927,1.5748085,0.10866547,0
97.49999987611226,1.2460663,1.6294453,0.10741198,0
97.54999987594054,1.2264678,1.6041026,0.10860634,0
97.59999987576884,1.2541413,1.597864,0.09348774,0
97.64999987559712,1.2503594,1.5964733,0.09668362,0
97.6999998754254,1.277566,1.589254,0.11355889,0
97.74999987525368,1.2755892,1.6331929,0.14522433,0
97.79999987508198,1.2216911,1.5816007,0.10074806,0
97.84999987491027,1.2173892,1.598881,0.09492147,0
97.89999987473855,1.2148036,1.6117916,0.10986328,0
97.94999987456684,1.2116516,1.6022099,0.11246669,0
97.99999987439512,1.2018547,1.6101172,0.086610794,0
98.04999987422342,1.2104924,1.5989041,0.106984735,0
98.0999998740517,1.2095168,1.6401496,0.109562755,0
98.14999987388,1.2441447,1.6282033,0.08651352,0
98.19999987370828,1.1995368,1.5802252,0.14404309,0
98.24999987353657,1.1998372,1.572029,0.111216426,0
98.29999987336485,1.2036473,1.6633565,0.100826144,0
98.34999987319314,1.2741643,1.5770172,0.10785675,0
98.39999987302144,1.2032857,1.6621735,0.08153391,0
98.44999987284972,1.2275372,1.6367735,0.110209346,0
98.499999872678,1.2008177,1.6076169,0.11859715,0
98.54999987250628,1.2209297,1.6214175,0.12379098,0
98.59999987233458,1.1884437,1.6182333,0.08740008,0
98.64999987216287,1.2373985,1.6136454,0.121982455,0
98.69999987199117,1.2004641,1.5977217,0.08680439,0
98.74999987181944,1.1987944,1.5776534,0.09439361,0
98.79999987164773,1.2322378,1.6214335,0.0914371,0
98.849999871476,1.2167612,1.6210355,0.1207,0
98.8999998713043,1.220856,1.6025256,0.09799945,0
98.9499998711326,1.2083915,1.6416101,0.14339077,0
98.99999987096088,1.2115442,1.5875863,0.11412108,0
99.04999987078916,1.2306752,1.5847975,0.100157976,0
99.09999987061744,1.2155796,1.5926113,0.107328534,0
99.14999987044574,1.2299323,1.5954323,0.11962795,0
99.19999987027404,1.185118,1.6256828,0.12639618,0
99.24999987010231,1.1966301,1.601774,0.09478402,0
99.2999998699306,1.229671,1.6159128,0.11538625,0
99.34999986975888,1.2465837,1.6320933,0.097396374,0
99.39999986958718,1.2353598,1.6011527,0.1549654,0
99.44999986941546,1.2049752,1.6126566,0.0938648,0
99.49999986924377,1.229774,1.5967495,0.0872339,0
99.54999986907204,1.2004895,1.6044614,0.099069476,0
99.59999986890033,1.188791,1.5803592,0.11967361,0
99.6499998687286,1.2114506,1.6242337,0.12296128,0
99.6999998685569,1.2308366,1.6092963,0.10019636,0
99.7499998683852,1.2410043,1.6092219,0.12180328,0
99.79999986821348,1.2098181,1.5888174,0.11171496,0
99.84999986804176,1.262162,1.6015948,0.10378528,0
99.89999986787004,1.222341,1.6141902,0.13862789,0
99.94999986769834,1.2444525,1.6283674,0.12543213,0
