time_ns,protein_core_rmsd_A,backbone_rmsd_A,ligand_pose_rmsd_A,ligand_internal_rmsd_A
0.0,0.0,0.0,0.0,0.0
0.05000000001018634,0.6045399,0.7389996,0.84121585,0.64173335
0.10000000002037268,0.5768939,0.7451934,0.85018826,0.36006874
0.15000000003055902,0.60628736,0.75770265,0.87685853,0.53300524
0.20000000004074536,0.54729074,0.9387584,0.87086654,0.53001636
0.2500000000509317,0.58292687,0.8903119,0.76615524,0.52670085
0.30000000006111804,0.5971157,1.0113479,0.79381216,0.50801015
0.3500000000713044,0.63243985,0.96495336,1.2581236,0.83916515
0.4000000000814907,0.5881493,1.0847687,1.7072964,1.20034
0.45000000009167707,0.7230686,1.062394,1.3680768,1.0263155
0.5000000001018634,0.70620143,1.050476,1.519079,0.91078043
0.5500000001120497,0.6326692,1.0349306,2.1372123,1.3615367
0.6000000001222361,0.707731,1.0058627,2.0667522,1.4447758
0.6500000001324215,0.6421006,1.0630484,2.1752443,1.3565083
0.7000000001426079,0.6973661,1.0318556,1.6202747,1.2439219
0.7500000001527942,0.6685568,1.1255627,2.1006603,1.4694161
0.8000000001629806,0.675633,1.0538205,1.4309058,0.94792247
0.8500000001731669,0.7049736,1.091494,1.7809541,1.2024227
0.9000000001833532,0.71993834,1.2990404,1.7147532,1.1202477
0.9500000001935396,0.71685374,1.1969446,1.9044626,0.99423516
1.000000000203726,0.7382953,1.3247197,1.5487021,0.9871446
1.0500000002139123,0.7463633,1.2744476,1.7611356,1.1784143
1.1000000002240986,0.6620505,1.3457165,1.6310141,1.0277547
1.150000000234285,0.730773,1.4326448,1.56893,1.0074475
1.2000000002444713,0.68576485,1.3297845,1.5710526,0.79423255
1.2500000002546576,0.6661659,1.4628525,1.522517,0.7609903
1.300000000264844,0.7105484,1.6171812,1.5700151,1.0100647
1.3500000002750303,0.7236558,1.4285182,1.473725,0.78135604
1.4000000002852167,0.68681467,1.4120343,1.4166284,0.9655864
1.450000000295403,0.7085932,1.3874154,1.7248446,1.1958679
1.5000000003055893,0.6785054,1.4993216,1.6091894,1.2204976
1.5500000003157757,0.7320333,1.588766,2.0554967,1.5052056
1.600000000325962,0.7000614,1.4273793,1.5360768,1.0979341
1.6500000003361501,0.7120853,1.430479,1.6449178,1.3076056
1.700000000346333,0.73512524,1.4866452,1.5396582,1.1491597
1.750000000356521,0.71391875,1.4002576,1.8138491,1.1527966
1.8000000003667074,0.6979362,1.4580363,1.6068488,1.1787124
1.8500000003768937,0.67582715,1.4131579,1.3243723,0.98592347
1.90000000038708,0.731367,1.3964608,1.7223573,1.2984474
1.9500000003972664,0.7655029,1.4482574,1.7317097,1.0970926
2.0000000004074545,0.81258893,1.6792284,1.8383408,1.2408171
2.0500000004176373,0.75275785,1.5005157,1.514121,1.1555691
2.1000000004278254,0.6860268,1.5007676,1.5993751,1.1462272
2.1500000004380118,0.69024,1.5346119,1.3570772,0.9543054
2.200000000448198,0.69351363,1.5434629,1.7663684,1.112404
2.250000000458386,0.79153925,1.4397173,1.6351194,1.1043046
2.300000000468569,0.70213294,1.3342334,1.6313647,1.1021912
2.350000000478757,0.7503381,1.5224558,1.5017961,1.0400252
2.4000000004889435,0.7691345,1.4982991,1.7955381,1.2032865
2.45000000049913,0.74073607,1.5591238,1.9155087,1.2294792
2.500000000509316,0.7018667,1.4359307,1.7548645,1.2597238
2.5500000005195025,0.64277804,1.5168099,1.7472804,1.1020751
2.6000000005296906,0.73971206,1.3364182,1.7443275,1.1200013
2.6500000005398734,0.7466367,1.5171695,1.6556256,1.1536367
2.7000000005500615,0.6886998,1.3899695,1.9063526,1.212762
2.750000000560248,0.7265251,1.4782133,1.685593,1.1032518
2.800000000570434,0.6955764,1.4959036,1.6106842,1.1238912
2.8500000005806223,0.698467,1.6428632,1.688634,1.1588914
2.900000000590805,0.72729695,1.6019285,1.8650274,1.1878959
2.950000000600993,0.7314515,1.5417017,1.5855979,1.1172373
3.0000000006111796,0.74576545,1.542179,1.5933578,1.0289822
3.050000000621366,0.74335897,1.4479814,1.8557293,1.1991392
3.1000000006315522,0.72880954,1.4096953,1.797803,1.2288156
3.1500000006417386,0.70788765,1.49752,1.6274791,1.0657938
3.200000000651925,0.7672081,1.5394318,1.971061,1.2626331
3.2500000006621113,0.70104957,1.4505662,1.8073735,1.297293
3.3000000006722976,0.7093408,1.4348816,1.7269279,1.1276121
3.350000000682484,0.7205674,1.5303588,1.6443613,1.2139947
3.4000000006926703,0.7180407,1.4981918,1.8232982,1.2511319
3.4500000007028584,0.7542458,1.5337741,1.6155155,0.9639997
3.500000000713041,0.70397425,1.5563095,1.6984215,1.0869508
3.5500000007232293,0.68769747,1.5014915,1.6894419,1.2546833
3.6000000007334156,0.75376385,1.456667,1.6746795,1.1832495
3.650000000743602,0.84874535,1.5305626,1.6695132,1.0502307
3.70000000075379,0.7429347,1.4975426,1.4720844,1.0342418
3.750000000763973,0.8028414,1.5591133,1.5584991,1.0978678
3.800000000774161,0.7879207,1.5320613,1.4681433,0.986875
3.8500000007843473,0.7400365,1.6096829,1.9581054,1.2510235
3.9000000007945337,0.6910733,1.5667115,1.921677,1.2812121
3.95000000080472,0.71935165,1.4997928,1.7775431,1.1575849
4.000000000814906,0.7342147,1.6312611,2.0514286,1.318152
4.0500000008250945,0.70107883,1.5984046,1.6341625,1.2362883
4.100000000835277,0.6660714,1.5867739,1.6734548,1.085671
4.150000000845465,0.7826411,1.7265344,2.1836143,1.2706339
4.200000000855652,0.71954465,1.52637,1.7248302,1.1125349
4.250000000865838,0.6346831,1.3193105,1.7201183,1.1554561
4.300000000876026,0.6968856,1.5799632,1.6635041,1.1986997
4.350000000886209,0.7267886,1.5770631,1.822537,1.2489073
4.400000000896397,0.719633,1.6419619,1.8754923,1.2514527
4.450000000906583,0.7347763,1.7440758,1.6882551,1.1986369
4.50000000091677,0.689731,1.5969306,1.8980653,1.325331
4.550000000926956,0.78343326,1.5559561,1.4511304,1.0125191
4.6000000009371425,0.7455761,1.5854828,1.5675654,1.1955867
4.650000000947331,0.7595965,1.5952702,1.7966471,1.1579751
4.700000000957513,0.71001226,1.5612186,1.4260905,1.0758646
4.7500000009677015,0.766288,1.597222,1.7534662,1.19236
4.800000000977888,0.77592635,1.645812,1.7549398,1.0886188
4.850000000988074,0.71598434,1.6779363,1.6613495,1.2103986
4.900000000998262,0.7238997,1.8579102,1.6589494,1.08065
4.950000001008445,0.72694564,1.7629368,1.8655616,1.1522435
5.000000001018633,0.68441457,1.6620666,1.1885743,0.52579
5.0500000010288195,0.6954902,1.6628402,1.6067572,0.79426414
5.100000001039006,0.73049814,1.8469417,2.174535,1.0325978
5.150000001049192,0.6773433,1.6810408,2.3801854,1.0252976
5.2000000010593785,0.7315638,1.6731948,2.261791,0.9524521
5.250000001069565,0.6448367,1.604684,2.1107993,0.91203606
5.300000001079751,0.6930596,1.6957238,2.3493311,1.0659775
5.350000001089938,0.7379565,1.665142,2.1625438,1.0387359
5.400000001100124,0.8301865,1.7586083,2.630739,1.2991691
5.45000000111031,0.74137497,1.726762,2.131235,0.961813
5.500000001120498,0.69709754,1.5788674,1.9227798,0.83956873
5.550000001130681,0.7107616,1.5936189,1.7618752,1.010641
5.600000001140869,0.7184506,1.6621399,1.9190538,1.0548136
5.650000001151056,0.7121258,1.9228543,2.01654,0.9537029
5.700000001161242,0.71971023,1.7507075,2.2335908,1.0356604
5.75000000117143,0.7326356,1.6600742,2.3422105,0.9951005
5.800000001181615,0.72807837,1.6527265,1.9703305,0.94563484
5.850000001191801,0.7364697,1.5865792,1.3555808,0.7775179
5.900000001201987,0.7127953,1.6905266,1.2825027,0.73072726
5.950000001212174,0.7445652,1.622546,2.355825,0.9325775
6.00000000122236,0.74085903,1.7446269,2.3166397,1.2284826
6.050000001232546,0.72485334,1.7092388,1.3920342,0.8347813
6.1000000012427344,0.80562776,1.7328992,2.17211,0.88570726
6.150000001252917,0.6876229,1.6371645,2.7699175,1.3586056
6.200000001263105,0.7295173,1.6614134,2.1676764,0.849045
6.250000001273292,0.7451618,1.6152972,1.9220443,0.68298405
6.300000001283478,0.68195075,1.7012619,2.3585563,0.8837472
6.350000001293666,0.7228308,1.789493,2.2275648,1.0226849
6.400000001303849,0.7815622,1.6808372,2.4677653,1.0150244
6.450000001314037,0.7150752,1.6070288,2.562517,1.0931877
6.500000001324223,0.754523,1.6026248,2.194048,0.8871031
6.55000000133441,0.70162904,1.6468892,2.851963,1.0631083
6.600000001344596,0.6640431,1.7201424,2.0580788,0.77938783
6.650000001354782,0.72634196,1.7520049,2.0145183,0.8726362
6.7000000013649705,0.7114386,1.6494906,2.418769,1.502108
6.750000001375153,0.75505644,1.6865206,2.2754197,0.9499192
6.800000001385341,0.75253534,1.729679,2.3308558,0.9034405
6.850000001395528,0.7430346,1.7221701,2.8419151,1.2659223
6.900000001405714,0.7485321,1.703898,2.3402534,1.1379672
6.950000001415902,0.754024,1.7375445,2.4274561,1.1205904
7.000000001426085,0.77410305,1.503139,2.606082,1.0378753
7.050000001436273,0.79871213,1.5754597,2.1498952,0.8260867
7.1000000014464595,0.79956204,1.7306244,2.4330182,1.1647627
7.150000001456646,0.78907007,1.6726958,2.5057278,0.8432852
7.200000001466832,0.8263316,1.7357819,2.1675954,0.89229345
7.2500000014770185,0.781899,1.5965087,2.1730251,0.9773897
7.300000001487205,0.8165824,1.5425801,2.4299064,1.091453
7.350000001497391,0.8483739,1.5762997,2.5387213,1.0495758
7.4000000015075775,0.93447137,1.6110288,2.9613805,1.2363614
7.450000001517764,0.8248452,1.4304352,2.6571026,1.080197
7.50000000152795,0.8939597,1.5636678,2.2108994,1.3160931
7.550000001538138,0.8628713,1.6346418,1.9443495,0.81393635
7.600000001548321,0.8548427,1.8367631,2.0953615,0.8823546
7.650000001558509,0.91389143,2.073001,2.4454293,1.1315956
7.700000001568696,0.8022422,1.8843757,1.8968391,0.72776407
7.750000001578882,0.80190384,1.8647796,2.1339197,0.9455154
7.80000000158907,0.80259526,1.844605,2.595306,1.475256
7.850000001599255,0.7808242,1.9330019,2.5761416,0.97478247
7.900000001609441,0.82085735,2.019138,2.0013938,0.8355656
7.950000001619627,0.77164733,2.0043678,2.492949,0.80773365
8.000000001629813,0.7488516,2.0090067,2.262486,0.7215545
8.050000001639999,0.776285,1.9608651,2.612162,0.86619616
8.100000001650185,0.7275549,2.037493,2.3880188,0.95227826
8.150000001660372,0.76120734,2.086738,2.4977431,0.9958166
8.200000001670556,0.74488133,1.9193943,2.450774,1.1666249
8.250000001680746,0.85846275,2.0794787,2.451115,1.1156615
8.300000001690933,0.76359934,1.8747936,2.6287189,1.1327682
8.350000001701119,0.79845345,2.108876,2.6931345,1.4393241
8.400000001711305,0.8345797,2.0250525,2.4346402,0.941171
8.450000001721488,0.8127903,1.9369891,2.0754805,0.857703
8.500000001731678,0.7292483,1.919133,2.1500108,0.88026154
8.550000001741864,0.7576197,2.043576,2.5561044,1.2952912
8.60000000175205,0.7778039,2.0065048,2.3844934,1.0076144
8.650000001762237,0.80417866,1.9974306,2.4058642,0.8874595
8.700000001772423,0.7662619,2.0875,2.4530373,0.9927701
8.75000000178261,0.75100833,2.1285586,2.6331532,1.0686957
8.800000001792792,0.7352232,2.2039857,2.11674,1.058872
8.850000001802979,0.82726264,2.0914843,2.343616,0.9524785
8.900000001813165,0.80403036,2.0284386,2.2573814,0.8250196
8.950000001823351,0.7640812,2.077147,2.170307,0.9362704
9.000000001833538,0.81625575,2.2509625,2.243985,0.9975741
9.050000001843724,0.8126931,2.1319318,2.4074059,1.0809077
9.10000000185391,0.83704764,2.0131872,2.1173854,1.0027857
9.150000001864097,0.8765202,2.0837383,2.4745805,1.2748438
9.200000001874283,0.8712936,2.123544,2.1433172,0.94369817
9.25000000188447,0.80584455,1.8551852,2.5357175,1.0395594
9.300000001894656,0.83038294,1.8855746,2.1026537,0.95562726
9.350000001904842,0.87664455,1.9934486,2.2991986,0.91425127
9.400000001915028,0.7990291,1.9839034,2.2600403,1.084577
9.450000001925215,0.82672685,2.030768,2.357565,1.0267823
9.500000001935401,0.85732234,1.9736649,2.196395,0.95318174
9.550000001945588,0.84847003,1.9597161,2.2772076,0.9019837
9.600000001955774,0.7866143,2.087666,2.055125,0.9208976
9.65000000196596,0.8387841,1.9908638,2.2286382,0.87039
9.700000001976147,0.8193116,1.892411,1.5887561,0.6231904
9.750000001986333,0.870836,1.957013,1.7969383,0.7717674
9.80000000199652,0.8097985,1.9114456,1.9176929,0.85180724
9.850000002006706,0.8714566,2.0178933,1.8611498,0.7457935
9.900000002016892,0.85166717,2.0815837,1.7324889,0.9122342
9.950000002027078,0.8555829,1.8905294,2.0591745,1.0546256
10.000000002037265,0.7899517,1.8664144,2.3557887,0.9939625
10.050000002047451,0.8682257,2.0818665,2.3485496,1.285804
10.100000002057637,0.9184356,2.092953,2.4603949,1.0408864
10.150000002067824,0.81904733,2.0268435,2.0125365,1.1784483
10.20000000207801,0.8171255,1.8994856,2.2868757,0.82727677
10.250000002088196,0.8090187,2.0521011,2.1989796,0.87230825
10.300000002098383,0.8141763,1.9091527,2.2073658,0.8998442
10.350000002108569,0.8440063,1.9535968,1.9794765,0.8943611
10.400000002118755,0.8765945,1.9462801,2.1167736,0.9826496
10.450000002128942,0.88101476,2.1567848,2.1617384,0.7922805
10.500000002139128,0.7938708,1.8736018,2.078179,0.82066727
10.550000002149318,0.82063496,1.8683715,2.359472,0.92616135
10.6000000021595,0.7955868,1.98453,2.531022,1.1049384
10.65000000216969,0.84925824,1.9967043,2.1488836,0.8471452
10.700000002179873,0.8520908,2.088696,2.3702767,1.0155855
10.75000000219006,0.8518677,2.0702288,2.692533,1.116988
10.800000002200246,0.936243,2.0943482,2.3719792,1.0632689
10.850000002210432,0.9343546,1.9475665,2.5956588,0.919523
10.900000002220619,0.8767148,1.8621919,2.364783,0.7237216
10.950000002230805,0.88809973,1.8156956,2.1805036,1.0413251
11.000000002240991,0.8497811,1.9426174,1.930104,0.96001613
11.050000002251178,0.9513175,1.9616256,2.0484838,0.95113903
11.100000002261364,0.867461,1.7396659,1.991626,0.668556
11.15000000227155,0.8323972,1.7559551,2.6116343,1.0911311
11.200000002281737,0.8746844,1.9057007,2.106146,1.0117753
11.25000000229192,0.8354917,1.8760519,2.2082374,0.97622836
11.30000000230211,0.8541969,2.004462,2.198076,1.2070744
11.350000002312292,0.8315092,1.9688712,1.7715242,0.86068237
11.400000002322482,0.83965594,1.8699987,2.1563394,1.1611804
11.450000002332668,0.81433916,1.8863621,2.1202686,1.1205233
11.500000002342851,0.8838327,1.9221323,2.0551207,0.8890841
11.550000002353041,0.8823012,2.0077562,1.9703908,0.9674326
11.600000002363227,0.9114195,2.090167,2.450572,1.0898861
11.650000002373414,0.85926026,2.141504,1.7563784,0.81378525
11.7000000023836,0.87420845,1.8536646,2.3061934,1.0232027
11.750000002393787,0.80145425,1.9120631,2.4418745,1.0161685
11.80000000240397,0.79621106,1.8535192,2.0156667,0.9076005
11.85000000241416,0.8337495,1.9122591,2.2287204,1.3471115
11.900000002424346,0.75972766,2.0645893,2.2041993,1.0808078
11.950000002434532,0.7960797,1.9677067,2.127055,0.9994943
12.000000002444722,0.8244448,2.068404,2.2357073,0.74058974
12.050000002454905,0.9376293,1.9407744,2.3967216,0.8176496
12.10000000246509,0.8045972,1.9956131,2.0628343,1.040363
12.15000000247528,0.8500316,2.0248177,2.1159663,0.8787464
12.200000002485464,0.8434465,2.0793803,2.3368273,1.403837
12.25000000249565,0.93239474,1.8744247,2.4340074,1.2045478
12.300000002505836,0.87545085,1.8914218,2.3386214,0.96376276
12.350000002516023,0.8726543,1.8801326,2.3871691,1.1918095
12.400000002526209,0.932341,1.9448287,2.9061053,1.2306665
12.450000002536395,0.81269157,1.7995982,2.1687183,0.94385767
12.500000002546582,0.8159315,1.9437252,2.5501347,1.100092
12.550000002556768,0.75577015,1.9005889,2.63319,0.9136307
12.600000002566958,0.864909,1.9402616,2.5609694,1.0205797
12.65000000257714,0.7952925,1.9489875,2.5822325,0.9037932
12.70000000258733,0.76219016,1.8003035,2.2531004,1.0087819
12.750000002597513,0.7304612,1.9296653,2.565236,0.9231595
12.8000000026077,0.768168,1.7868536,2.1323187,0.86601365
12.850000002617886,0.75356865,1.8867106,2.2919862,0.97101116
12.900000002628072,0.74536353,2.028862,2.4308486,1.3104901
12.950000002638259,0.78619623,1.9293993,1.782729,0.6916452
13.000000002648445,0.6978201,1.96531,2.4703364,1.3126589
13.050000002658631,0.8046678,1.9414415,2.2968493,1.3292904
13.100000002668818,0.82568944,2.0325124,2.5370793,1.3899039
13.150000002679004,0.9302591,1.9825103,1.9984393,1.208639
13.20000000268919,0.84071815,1.905124,2.2293851,1.3335692
13.250000002699377,0.80441046,1.8455229,2.4805439,1.545534
13.30000000270956,0.79139143,1.8818204,1.9019241,1.2601441
13.35000000271975,0.8077738,2.1004274,2.0909693,1.3125596
13.400000002729932,0.8066367,1.9554379,2.3988876,1.301571
13.450000002740122,0.7963229,1.8831227,2.3625658,1.3013512
13.500000002750308,0.8066877,1.9135917,2.6838956,1.462342
13.550000002760491,0.7889799,1.991104,2.4623036,1.3011545
13.600000002770681,0.7741087,1.931467,2.3656957,1.5004714
13.650000002780867,0.8392578,2.001345,2.5753381,1.5027652
13.700000002791054,0.75536525,1.8657598,2.0858817,1.2802324
13.75000000280124,0.7529214,1.9786693,2.4490361,1.4926314
13.800000002811426,0.75664973,1.817355,2.3357325,1.3777167
13.85000000282161,0.86868215,1.9279239,2.2449567,1.411944
13.9000000028318,0.78448784,1.8930556,2.5498078,1.5409017
13.950000002841985,0.8142373,2.0120528,2.5258932,1.5633736
14.000000002852172,0.79328686,1.9619563,2.2972195,1.3488755
14.050000002862362,0.89436203,1.7433236,2.2351072,1.3871441
14.100000002872545,0.89824045,1.9929123,2.2368581,1.3666569
14.15000000288273,0.82518077,1.8617238,2.2458534,1.3063326
14.20000000289292,0.82400143,1.8301653,2.578293,1.5111696
14.250000002903104,0.8261509,2.0084262,2.0720186,1.4428594
14.30000000291329,0.8746287,1.9508154,2.1720142,1.4566709
14.350000002923476,0.81688106,2.0143237,2.3118072,1.530249
14.400000002933663,0.83787477,1.9594417,2.3402848,1.520442
14.450000002943849,0.80024,2.069544,2.3673897,1.4357985
14.500000002954035,0.8555256,1.9548904,2.4415166,1.5756977
14.550000002964222,0.93841726,2.0782807,2.2487836,1.4455503
14.600000002974408,0.8379841,2.0298038,2.2055504,1.389177
14.650000002984598,0.7663766,1.9595208,2.3193414,1.4029266
14.70000000299478,0.8162332,2.02847,1.839491,1.3015189
14.75000000300497,0.85484356,1.9828672,2.5703027,1.4765049
14.800000003015153,0.82536495,2.0259538,1.8474244,1.2072365
14.85000000302534,0.84715575,1.8721128,2.4758692,1.5461339
14.900000003035526,0.81606126,2.0134041,2.5496526,1.4383152
14.950000003045712,0.8304595,1.8261958,2.402238,1.5012281
15.000000003055899,0.7933395,1.9327643,2.650086,1.4381206
15.050000003066085,0.8004398,1.9454969,2.2995105,1.42436
15.100000003076271,0.84885323,1.9373335,2.5405045,1.4134239
15.150000003086458,0.7536199,2.0198019,2.4715705,1.4178098
15.200000003096644,0.788075,1.9752359,2.419646,1.3519309
15.25000000310683,0.80198,1.8907754,2.3131516,1.3798426
15.300000003117017,0.8256608,2.0503805,2.197077,1.3903894
15.3500000031272,0.75996405,1.9553633,2.5547972,1.4386798
15.40000000313739,0.7289059,1.8636745,2.8069985,1.8633437
15.450000003147572,0.80785125,1.954083,2.3878655,1.4291568
15.500000003157762,0.7995272,1.9348027,2.1900191,1.3152165
15.550000003167948,0.7743436,1.9421834,2.3497405,1.5701021
15.600000003178131,0.8766753,1.8962418,2.6629293,1.5042074
15.650000003188321,0.7648358,1.9172862,2.264416,1.5107228
15.700000003198507,0.8568961,1.8985499,1.7860966,1.2365805
15.750000003208694,0.81427336,1.9759395,2.1377802,1.2833356
15.80000000321888,0.8588828,2.039662,2.507718,1.5609075
15.850000003229066,0.7431569,1.9965684,2.4310424,1.5295994
15.90000000323925,0.7964282,2.0490599,2.2778323,1.3932188
15.95000000324944,0.85927665,1.9892402,2.038347,1.4479806
16.000000003259625,0.7649621,1.899272,2.157405,1.4626516
16.050000003269812,0.7010057,1.9247979,2.4509773,1.5226911
16.10000000328,0.7104571,1.77216,2.4141421,1.440559
16.150000003290184,0.8029095,1.8232489,2.5072095,1.5766594
16.20000000330037,0.8268068,2.0623236,1.7468976,1.2291708
16.25000000331056,0.7660821,2.0023584,2.3073277,1.4125144
16.300000003320744,0.7891698,1.9609778,2.5828586,1.5726638
16.35000000333093,0.7378259,1.903957,2.753968,1.7891501
16.400000003341116,0.8158828,1.7788675,2.4752643,1.4744188
16.450000003351303,0.78316087,1.8538418,2.0860295,1.3047371
16.50000000336149,0.78661,1.886947,2.3115976,1.4540792
16.550000003371675,0.80477273,2.062001,2.4841127,1.5126975
16.60000000338186,0.79469097,2.0974216,2.358501,1.5222031
16.650000003392048,0.8737676,2.0827227,2.4248354,1.4472082
16.700000003402238,0.80483437,2.097324,1.9829439,1.4003196
16.75000000341242,0.71708626,1.9423972,2.2784295,1.4057181
16.80000000342261,0.7195059,1.9959831,1.8937063,1.3569207
16.850000003432793,0.7580894,1.9239057,2.1520255,1.329043
16.90000000344298,0.76005965,1.9373392,2.3020973,1.4166855
16.950000003453166,0.7563799,1.9732684,2.386723,1.4412819
17.000000003463352,0.72864383,1.9637359,2.1505218,1.5069962
17.05000000347354,0.68934953,2.0245025,2.6125882,1.5463823
17.100000003483725,0.72459674,2.048859,2.225686,1.4338177
17.15000000349391,0.76637125,2.0178862,2.370458,1.5428793
17.200000003504098,0.80585897,1.9871789,2.376197,1.4954519
17.250000003514284,0.7143974,1.9349561,2.699758,1.6399596
17.30000000352447,0.80204546,2.0045254,2.2642975,1.4024855
17.350000003534657,0.7814444,1.844777,2.5206828,1.4063017
17.40000000354484,0.7543517,1.8397918,2.0979416,1.3509613
17.45000000355503,0.78273,1.808811,2.5271335,1.1488364
17.500000003565212,0.7837659,1.8087023,1.9507153,0.96930635
17.550000003575402,0.8474571,1.8507183,2.4700873,1.5792352
17.60000000358559,0.7942165,1.900343,2.4593358,1.5052474
17.650000003595775,0.7422572,1.9791629,2.3860974,1.620101
17.70000000360596,0.81456757,1.991943,2.5643134,1.616431
17.750000003616144,0.776698,1.9634304,2.4065287,1.4612758
17.800000003626334,0.7735671,1.9346684,2.5177896,1.570552
17.85000000363652,0.7976129,1.908521,2.2011237,1.2812494
17.900000003646706,0.87019354,2.0396457,2.195209,1.3586951
17.95000000365689,0.89486945,2.087823,2.418783,1.4907337
18.00000000366708,0.7751882,2.0047905,2.2801514,1.458823
18.050000003677265,0.76651424,1.9249866,2.140178,1.4818858
18.10000000368745,0.75177157,1.8648576,2.2433345,1.3051007
18.15000000369764,0.76471806,1.9548411,2.5216105,1.5302097
18.200000003707824,0.81446296,1.9550378,2.3040838,1.5276128
18.25000000371801,0.7823547,1.8664826,2.658297,1.450201
18.3000000037282,0.8269712,2.1512218,2.8668835,1.5230198
18.350000003738383,0.81817544,2.3165066,2.4130342,1.466929
18.40000000374857,0.85215634,2.3253639,2.5586178,1.5372001
18.450000003758756,0.88294476,2.3502617,2.902114,1.6019292
18.500000003768942,0.88908064,2.2273545,2.6834636,1.6582345
18.55000000377913,0.8145174,2.0679579,2.580252,1.5545064
18.600000003789315,0.8743412,2.2546954,2.5780058,1.5320848
18.6500000037995,0.88197315,2.2175732,2.3817024,1.3435997
18.700000003809688,0.8191036,2.1902435,2.3525074,1.4743661
18.750000003819878,0.84371156,2.2679858,2.3426733,1.4818165
18.80000000383006,0.81714165,2.2716162,2.3036356,1.3571928
18.85000000384025,0.83333427,2.1435657,2.5740285,1.6346298
18.900000003850433,0.8162678,1.9753678,2.622407,1.5971162
18.95000000386062,0.84708863,1.9688044,2.5282297,1.5562489
19.000000003870806,0.8538915,1.9422411,2.417244,1.445986
19.050000003880992,0.8358442,2.087927,2.4763987,1.5756786
19.10000000389118,0.92239535,2.1263604,2.7988138,1.6069127
19.150000003901365,0.87560046,2.097881,2.7411804,1.6797794
19.20000000391155,0.8814705,2.1603103,2.7517416,1.6170201
19.250000003921738,0.87480515,2.1176507,2.4967198,1.5260447
19.300000003931924,0.8548688,2.2325022,2.7027626,1.50998
19.35000000394211,0.93696326,2.1744738,2.6330395,1.439557
19.400000003952297,0.9516454,2.1828082,2.3087814,1.57888
19.45000000396248,0.8664003,2.2333696,2.7015474,1.6405416
19.50000000397267,0.8733069,2.063902,2.5928404,1.529994
19.550000003982852,0.82922685,2.1256585,2.5609603,1.3721459
19.600000003993042,0.92919934,2.1725268,2.399782,1.5159856
19.65000000400323,0.99363005,2.2285657,2.6071966,1.4137754
19.700000004013415,0.8831871,2.1412997,2.7964916,1.5248264
19.7500000040236,0.87939054,2.0511465,2.3545077,1.3900647
19.800000004033784,0.90896136,2.0723264,2.386145,1.4427733
19.850000004043974,0.827353,2.0947852,2.7943206,1.5632644
19.90000000405416,0.8377285,2.004486,2.4210763,1.3850509
19.950000004064346,0.9542091,2.068636,2.6493192,1.4826705
20.000000004074533,0.7958071,2.0612879,2.610799,1.5533501
20.050000004084723,0.8632826,2.0562584,2.446671,1.5262848
20.100000004094905,0.8601458,2.0794632,2.0591066,1.2736778
20.15000000410509,0.8487097,2.1218748,2.2073014,1.2598553
20.20000000411528,0.9137862,1.9934716,2.1913514,1.3762712
20.250000004125464,0.8091183,2.2068276,2.5215998,1.5195737
20.30000000413565,0.8605084,2.1099386,2.56924,1.3271779
20.35000000414584,0.8577162,2.077587,2.466832,1.5030682
20.400000004156023,0.8290533,2.0342278,2.750462,1.4912875
20.45000000416621,0.89607173,2.1851723,2.1672287,1.476069
20.500000004176396,0.8872725,1.993661,2.2995358,1.3821795
20.550000004186582,0.9274999,2.3856258,2.385377,1.5432696
20.60000000419677,0.8282614,2.1589727,2.2662382,1.3957634
20.650000004206955,0.84193254,2.030368,2.8063822,1.9275556
20.70000000421714,0.7893547,2.126845,2.3414705,1.4535768
20.750000004227328,0.865146,1.9735028,2.5386586,1.5292671
20.800000004237518,0.8394852,1.8823907,2.0816052,1.390599
20.8500000042477,0.8144585,2.0674746,1.9424248,1.3805646
20.90000000425789,0.81619495,1.968765,2.4813452,1.533001
20.950000004268073,0.78003323,1.9902748,2.641037,1.4997671
21.00000000427826,0.86978054,2.1773994,2.1628623,1.492344
21.050000004288446,0.8350459,2.0074759,2.61407,1.4891757
21.100000004298632,0.850159,1.921572,2.895571,1.9814196
21.15000000430882,0.87508076,2.0369678,2.5867047,1.6546906
21.200000004319005,0.7809483,1.9757335,2.4958742,1.6029558
21.25000000432919,0.87778413,2.0838,2.79854,1.9186782
21.300000004339378,0.8625128,2.1701603,2.103141,1.2699049
21.350000004349564,0.8208678,2.0235028,2.4091043,1.3251038
21.40000000435975,0.8362314,2.0513747,2.7345338,1.507588
21.450000004369937,0.8093693,1.9543816,2.6484604,1.9581062
21.50000000438012,0.7521749,1.8950548,2.6314692,1.96542
21.55000000439031,0.788353,2.0043187,2.686341,1.951155
21.600000004400492,0.7850618,2.0023377,1.685723,1.093027
21.650000004410682,0.7915202,1.9247701,2.6370027,1.9051757
21.70000000442087,0.84767056,1.9152783,2.6432924,1.7144847
21.750000004431055,0.8359664,1.9505622,1.9148238,1.258139
21.80000000444124,0.8961611,2.1726003,2.1344032,1.3716061
21.850000004451424,0.8441848,1.8723283,2.0749297,1.1939019
21.900000004461614,0.7743747,1.9353324,2.3817475,1.4910889
21.9500000044718,0.7545186,2.0352724,2.4339948,1.5248281
22.000000004481986,0.81905013,1.873631,2.6003547,1.468714
22.050000004492173,0.78515947,1.8317257,1.9406663,1.2954443
22.100000004502363,0.8188694,2.0165107,2.4959936,1.2934123
22.150000004512545,0.82942075,1.9999049,2.3985772,1.4929988
22.20000000452273,0.7916497,2.018347,2.1692111,1.4188309
22.25000000453292,0.83580935,1.983248,2.3960946,1.3628043
22.300000004543104,0.76279706,1.9951421,2.4089024,1.4131806
22.35000000455329,0.88366985,2.0746217,2.4433033,1.4573548
22.40000000456348,0.84812355,1.9382591,2.7707193,1.5517497
22.450000004573663,0.7744473,2.0088036,1.974752,1.2512963
22.50000000458385,0.7775,1.9712226,2.444724,1.2868762
22.550000004594036,0.8172972,2.013441,2.2997818,1.3847302
22.600000004604222,0.8038234,1.9453542,2.1899097,1.3820162
22.65000000461441,0.92627525,2.168519,2.1111844,1.329851
22.700000004624595,0.9192903,2.0111058,1.9977926,1.1975204
22.75000000463478,0.877941,2.0141501,2.3769588,1.4868903
22.800000004644968,0.82552576,2.1475008,2.2094345,1.3293225
22.850000004655158,0.89052033,1.9894863,1.9434077,1.2474858
22.90000000466534,0.861385,2.0509386,2.4970117,1.516041
22.95000000467553,0.8742981,2.0117738,2.3753557,1.4809109
23.000000004685713,0.8536118,1.9399942,2.4471574,1.4304838
23.0500000046959,0.9901066,2.1537938,2.199172,1.3451754
23.100000004706086,0.9948009,2.0015695,2.423727,1.4691482
23.150000004716272,0.9334785,1.9743629,1.9474828,1.2717335
23.20000000472646,0.8617404,1.9806645,2.0564137,1.3226337
23.250000004736645,0.87133974,2.0279934,2.090551,1.4233571
23.30000000474683,0.7977952,2.015545,2.271825,1.4662137
23.350000004757018,0.8632976,1.9747491,2.0495727,1.3057561
23.400000004767204,0.8701589,1.9608307,1.812772,1.2664753
23.45000000477739,0.8048321,2.0953927,2.1191766,1.3812587
23.500000004787577,0.884693,2.0781662,1.9596297,1.364205
23.55000000479776,0.86129606,1.9140953,2.1112564,1.4059019
23.60000000480795,0.9021063,2.11228,2.3000035,1.5104502
23.650000004818132,0.834766,2.0068493,2.230082,1.2910682
23.700000004828322,0.8957011,2.0512695,2.0629153,1.1568714
23.75000000483851,0.88605976,1.9215018,2.3907428,1.240989
23.800000004848695,0.91859424,1.998308,2.5738502,1.3358669
23.85000000485888,0.9024235,1.9274273,2.2696102,1.333302
23.900000004869064,0.9384061,1.9703767,2.1991725,1.3250924
23.950000004879254,0.95037705,2.01295,2.4920568,1.4394445
24.00000000488944,0.87745905,1.9881618,2.3674443,1.3293715
24.050000004899626,0.9445816,1.986177,2.3024638,1.3333962
24.100000004909813,0.85447973,1.9253193,2.2802875,1.1237416
24.150000004920003,0.8652914,1.9361115,2.8259027,1.5481049
24.200000004930185,0.9319626,1.8751091,2.6595173,1.494348
24.25000000494037,0.91517544,1.9088066,2.0905242,1.4395256
24.30000000495056,0.90254176,1.7621726,2.5977178,1.5247557
24.350000004960744,0.855076,1.8206906,1.8059474,1.2110267
24.40000000497093,0.84500504,1.8143733,2.0579357,1.238503
24.45000000498112,0.94583917,1.9004035,2.4484487,1.4273558
24.500000004991303,0.95531875,1.8349875,1.7077965,1.2490982
24.55000000500149,0.95684683,1.8971257,2.3006628,1.4871907
24.600000005011676,0.84284794,1.7965306,2.5856352,1.4317183
24.650000005021862,0.86984134,1.9556272,2.509936,1.5486227
24.70000000503205,0.85081244,1.9390966,1.8542367,1.2900978
24.75000000504224,0.890669,1.9511673,2.4788914,1.6031499
24.80000000505242,0.8204628,1.9335144,2.8631804,1.6177013
24.850000005062608,0.8850967,1.7926412,2.731558,1.5806458
24.900000005072798,0.89049846,1.7909478,2.6606596,1.5679171
24.95000000508298,0.8610649,1.7575688,2.6166658,1.4816039
25.00000000509317,0.9198019,1.7545377,2.2816782,1.4124238
25.050000005103353,0.8833635,1.8746972,2.5794876,1.4303348
25.10000000511354,0.8638826,1.8288349,2.4080052,1.4445405
25.150000005123726,0.8107985,1.9082882,2.579966,1.6372002
25.200000005133912,0.7997253,1.8666368,2.3679376,1.4344871
25.250000005144095,0.8576629,1.830229,2.4114804,1.5764343
25.30000000515428,0.86337,1.8631098,2.350433,1.5230948
25.350000005164468,0.833794,1.8259373,2.4522204,1.6007067
25.400000005174654,0.9173334,1.8997588,2.4604807,1.2703968
25.45000000518484,0.87697065,1.9073119,2.5810108,1.5212514
25.500000005195027,0.80710566,1.8754597,2.3796294,1.5315925
25.550000005205213,0.8817607,1.8235272,2.582293,1.6180365
25.6000000052154,0.89518064,1.8850074,2.7185836,1.6530397
25.650000005225586,0.94037086,1.8914435,2.6729045,1.461147
25.700000005235772,0.86496043,1.9137187,2.652649,1.6624503
25.75000000524596,0.89910144,1.7500842,2.716235,1.7556167
25.800000005256145,0.89340746,1.7884812,2.7272434,1.6574929
25.85000000526633,0.9262976,1.7127671,2.601563,1.6449255
25.900000005276517,0.9725112,1.8640001,2.502501,1.6235163
25.950000005286704,0.9147289,1.8214972,2.7056699,1.6307687
26.00000000529689,0.9018406,1.8095673,2.436945,1.4403744
26.050000005307076,0.8944261,1.6990309,2.7144256,1.608388
26.100000005317263,0.9271008,1.7336023,2.6205292,1.5352994
26.15000000532745,0.92400515,1.824465,2.5011156,1.5285153
26.200000005337635,0.7761539,1.7948976,2.6349962,1.6539133
26.25000000534782,0.925004,1.8298225,2.5813441,1.5057408
26.300000005358008,0.9276921,1.9217347,2.6203704,1.5677843
26.350000005368194,0.962202,1.9862926,2.5344362,1.5671735
26.40000000537838,0.9251889,1.8641467,2.5681624,1.5831548
26.450000005388567,0.8959076,1.943852,2.1939096,1.4305136
26.500000005398753,0.8450737,1.933183,2.3338532,1.3960891
26.55000000540894,0.86969227,1.9566431,2.233407,1.4107918
26.600000005419126,0.83428293,1.863797,1.8511583,1.1158775
26.650000005429312,0.87945485,1.9044764,1.8810585,1.1537998
26.7000000054395,0.9837676,1.9814318,2.5389197,1.667548
26.750000005449685,0.9980461,1.8458356,2.6720679,1.53737
26.80000000545987,0.91116583,1.80431,2.4738555,1.5705535
26.850000005470058,0.9735105,1.7528064,2.4784498,1.4979956
26.900000005480244,0.9594995,1.7795329,2.385113,1.4701794
26.95000000549043,0.9363672,1.8440564,2.6036706,1.5626655
27.000000005500617,0.90266645,1.8333251,2.5641286,1.587513
27.050000005510803,0.86421067,1.8481033,2.6784534,1.638335
27.10000000552099,0.91290945,1.8473175,2.4571464,1.5298431
27.150000005531176,0.88243973,1.8359678,2.3856616,1.4371334
27.200000005541362,0.90060544,1.8972633,2.1645675,1.5043435
27.25000000555155,0.85902643,2.0260723,2.144094,1.3398383
27.300000005561735,0.8523273,1.8918183,2.4199982,1.5171812
27.35000000557192,0.90719557,1.9862874,2.7150874,1.6554124
27.400000005582108,0.87654257,2.0965753,2.6654627,1.6348202
27.450000005592294,0.8976821,2.0377018,1.9933584,1.4297345
27.50000000560248,0.9282308,2.0335355,2.3767753,1.5843631
27.550000005612667,0.91967213,1.9665552,2.4029872,1.5297904
27.600000005622853,0.89175195,1.8169281,2.4383445,1.5322715
27.65000000563304,0.85623944,2.0561502,2.461278,1.571092
27.700000005643226,0.8666059,1.9403094,2.711179,1.5898478
27.750000005653412,0.89537627,2.0238605,2.4543521,1.5028112
27.8000000056636,0.93738264,2.0341008,2.2527046,1.4211462
27.850000005673785,0.9286405,1.8847866,2.2474697,1.351019
27.90000000568397,0.8896833,1.9480753,2.3227944,1.5022098
27.950000005694164,0.8997339,1.9597365,2.2957718,1.3862355
28.000000005704344,0.9165415,2.0635746,1.9614143,1.2829347
28.05000000571453,0.98080564,2.068781,2.2776523,1.2247773
28.100000005724716,0.95619583,1.9514401,2.1646438,1.3098896
28.150000005734903,0.9336202,2.0049963,2.458658,1.3292263
28.20000000574509,0.8362709,1.7944379,2.3868175,1.5333407
28.250000005755275,0.8859699,1.8067431,2.534912,1.5348064
28.30000000576546,0.87597406,1.8993418,2.3260074,1.5024488
28.350000005775648,0.84500384,1.8594034,2.66336,1.6057605
28.400000005785834,0.93251413,1.9101996,2.7211323,1.3826842
28.45000000579602,0.9284619,1.9455054,2.0966752,1.394391
28.500000005806207,0.8873523,2.0964043,2.5214052,1.5640789
28.550000005816393,0.8264686,2.1198626,2.1319826,1.3678958
28.60000000582658,0.84242946,2.073355,2.1579363,1.4801676
28.650000005836766,0.77088404,2.0190167,2.647778,1.639384
28.700000005846952,0.8671034,1.9494807,2.1161463,1.4208124
28.75000000585714,0.913781,2.066389,1.6896917,1.3085688
28.800000005867332,0.8749846,1.9305131,2.4691465,1.548459
28.85000000587751,0.88458204,1.7423925,2.5705729,1.5700788
28.900000005887698,0.9874983,2.134303,2.1487894,1.4643073
28.950000005897884,0.91104084,1.9165605,2.3814056,1.580525
29.00000000590807,0.93802595,1.972446,2.389882,1.3369713
29.050000005918257,0.85443735,1.871002,2.2841413,1.5256252
29.100000005928443,0.9724224,2.046563,2.4878893,1.6445898
29.15000000593863,0.9203697,1.8707559,2.2058005,1.5579205
29.200000005948816,0.9720748,1.9601867,1.8943322,1.2967396
29.250000005959002,0.9547287,1.94611,2.6568284,1.6412681
29.30000000596919,0.9357283,1.7778203,2.5369704,1.5416791
29.350000005979375,0.9472475,1.8896456,2.4660327,1.5226531
29.40000000598956,1.0136752,1.9148976,2.2708156,1.5027994
29.450000005999748,0.7932831,1.7833985,2.3943315,1.434375
29.500000006009934,0.87447053,1.8736427,2.4015672,1.5164853
29.55000000602012,0.9672072,1.9539189,2.5456855,1.4835632
29.600000006030314,0.87375605,1.9312431,2.0697544,1.2926437
29.650000006040493,0.90991884,1.9640038,2.2862995,1.4802862
29.70000000605068,0.87831205,1.8230063,2.6449094,1.8170452
29.750000006060873,0.9788381,1.7823063,2.3003774,1.4778786
29.800000006071052,0.92066467,1.9030533,2.6217887,1.7276632
29.85000000608124,0.8346374,1.8906666,2.2073262,1.4620245
29.900000006091425,0.8880711,1.8847809,2.5220668,1.578806
29.95000000610161,0.8149295,1.7785597,2.3909113,1.4411705
30.000000006111804,0.77647215,1.7602986,2.525046,1.586087
30.050000006121984,0.84160453,1.8326832,2.2820811,1.3489015
30.10000000613217,0.8365193,1.8006994,2.5537963,1.3492011
30.150000006142363,0.8559093,1.7718904,2.4675636,1.4477813
30.200000006152543,0.9247302,1.8563503,2.655026,1.5778464
30.25000000616273,0.85531807,1.7778537,2.5701401,1.5393723
30.300000006172915,0.9315007,1.8562992,2.368419,1.4595625
30.3500000061831,0.91010714,1.8666401,2.4182403,1.4288845
30.400000006193288,0.82936335,1.8049793,2.5167382,1.4688618
30.450000006203474,0.8514508,1.8296419,1.9552679,1.1854384
30.50000000621366,0.8487901,1.8564909,2.1319308,1.3241944
30.550000006223847,0.82589793,1.8605423,2.35936,1.4977099
30.600000006234033,0.9301282,1.8873472,2.3296614,1.4647375
30.65000000624422,0.80721354,1.8997452,2.3578422,1.3973593
30.700000006254406,0.9125854,1.8442485,2.0712886,1.3274087
30.750000006264592,0.9237366,1.821753,2.1799016,1.3410515
30.80000000627478,0.8615501,1.8515728,2.6706972,1.4834313
30.850000006284958,0.8968633,1.909814,2.4886725,1.5714537
30.90000000629515,0.84946007,1.827016,2.473642,1.4967083
30.950000006305338,0.8321135,1.9277139,2.748528,1.9109708
31.000000006315524,0.89240193,1.8285699,2.3178267,1.4078374
31.05000000632571,0.87129444,1.9119794,2.0742593,1.3411169
31.100000006335897,0.91148263,1.8495177,2.3482056,1.4129692
31.150000006346083,0.95775294,1.8067594,2.1035244,1.4020319
31.20000000635627,0.8826128,1.8868859,2.503069,1.5741584
31.250000006366456,0.954482,1.8564126,2.1431556,1.5002773
31.300000006376642,0.89809304,1.8172865,2.1387396,1.2155421
31.35000000638683,0.93032086,1.7433422,2.3344195,1.4294746
31.400000006397008,0.9895491,1.8816148,2.1840177,1.407964
31.4500000064072,0.9275734,1.7929353,2.6346908,1.4990296
31.500000006417388,0.93644226,1.8273956,2.282423,1.6208932
31.550000006427574,0.96757,1.8988209,2.28332,1.5568037
31.60000000643776,0.86526686,1.82485,2.606518,1.4661453
31.650000006447947,0.8150751,1.8768888,2.468488,1.4772178
31.700000006458133,0.91595566,1.8259857,2.5234556,1.5901564
31.75000000646832,0.8559957,1.8461508,2.4789336,1.6959057
31.800000006478506,0.83734936,1.7640759,2.177188,1.3385977
31.850000006488692,0.90579486,1.7950642,2.4413214,1.5710657
31.90000000649888,0.9268092,1.9495356,2.1619477,1.3836877
31.950000006509065,0.9598464,1.9102134,2.2597556,1.5870845
32.00000000651925,0.88707733,1.9226874,2.3961384,1.4759303
32.050000006529444,0.8464816,1.7857903,2.3624253,1.4441574
32.100000006539624,0.8558017,1.7664328,2.3016448,1.3966893
32.15000000654981,0.85421956,1.867461,2.3544323,1.5198114
32.20000000656,0.8774202,1.8549182,2.1765265,1.4337538
32.25000000657018,0.8679926,1.8602968,2.4363444,1.5027226
32.30000000658037,0.8581625,1.8264914,2.4832325,1.5713947
32.35000000659056,0.9104365,1.9148293,2.4245121,1.5130882
32.40000000660074,0.8951483,1.7998972,2.3404372,1.5848026
32.45000000661093,0.86353153,1.7768556,2.6207461,1.5396667
32.500000006621114,0.823381,1.828655,2.3538637,1.5044225
32.5500000066313,0.8531625,1.8297958,2.4886842,1.597725
32.60000000664149,0.7681882,1.7641842,2.465224,1.4628756
32.65000000665167,0.82034206,1.889796,2.6785026,1.4953746
32.70000000666186,0.8747166,1.8208535,2.3965003,1.5297782
32.750000006672046,0.8583731,1.8759054,2.3096764,1.4842178
32.80000000668223,0.8603546,1.7967715,2.2249062,1.3344817
32.85000000669242,0.875762,1.8463271,2.3169105,1.5376792
32.90000000670261,0.79110676,1.761515,2.0629282,1.4271158
32.95000000671279,0.7953579,1.8505765,2.3663292,1.4945966
33.00000000672298,0.79646146,1.854899,2.2336366,1.4538643
33.050000006733164,0.84704334,1.8642464,2.6244667,1.5864155
33.10000000674335,0.8163147,1.6667778,2.6076708,1.5997273
33.15000000675354,0.8380588,1.6853921,2.530407,1.567071
33.20000000676372,0.79627687,1.7106895,2.5138738,1.7427087
33.25000000677391,0.9013694,1.7501364,2.6650178,1.531735
33.300000006784096,0.86813617,1.7020278,2.514217,1.5438079
33.35000000679428,0.86017305,1.6702042,2.492322,1.4057181
33.40000000680447,0.8595114,1.7550753,2.6178863,1.7873509
33.450000006814655,0.8555203,1.7632025,2.8065987,1.8280914
33.50000000682484,0.90691537,1.8527342,2.4447043,1.4822339
33.55000000683503,0.85221624,1.6780303,2.4279003,1.435379
33.600000006845214,0.9277463,1.737565,2.7358506,1.5956919
33.6500000068554,0.8464489,1.6416118,2.6765327,1.5768895
33.700000006865594,0.79052484,1.6954529,2.4306488,1.3649995
33.75000000687577,0.8858722,1.7689342,2.4426153,1.5774463
33.80000000688596,0.9074945,1.8000898,2.3318653,1.4659057
33.85000000689615,0.8545679,1.7792764,2.4664617,1.6071899
33.90000000690633,0.8566875,1.7322907,2.2236028,1.4981748
33.95000000691652,0.99172413,1.912657,2.4940505,1.5955197
34.000000006926705,0.9089284,1.8155097,2.431217,1.5072633
34.05000000693689,0.93936646,1.7956947,2.3922434,1.5586282
34.100000006947084,0.9124634,1.7069347,2.2124636,1.5590082
34.150000006957264,0.8755079,1.7608737,2.6821446,1.5348996
34.20000000696745,0.91383886,1.8865281,2.566791,1.4108202
34.25000000697764,0.8966065,1.774833,2.6083994,1.5454285
34.30000000698782,0.93416345,1.8096691,2.651186,1.6116678
34.35000000699801,0.89513,1.7624185,2.629583,1.6597979
34.400000007008195,0.87821746,1.8458984,2.6425862,1.5207896
34.45000000701838,0.8798771,1.7550908,2.5063934,1.5611839
34.50000000702857,0.86163986,1.714943,2.714137,1.8925087
34.550000007038754,0.88755083,1.8098326,2.4921992,1.6727763
34.60000000704894,0.8155165,1.7701274,2.3479505,1.465111
34.65000000705913,0.8401073,1.7831951,2.2794676,1.2763214
34.70000000706931,0.92211854,1.8180412,2.6613524,1.4870154
34.7500000070795,0.86256063,1.7964666,2.218025,1.3147662
34.800000007089686,0.90292144,1.8445605,2.495409,1.2844968
34.85000000709987,0.87904334,1.7521279,2.6088839,1.4775186
34.90000000711006,0.9700787,1.8311446,2.6107235,1.6488959
34.95000000712024,0.9830627,1.8170438,2.6278539,1.5110035
35.00000000713043,0.9878577,1.9453961,2.4309611,1.5435176
35.05000000714062,0.9765655,1.9393501,2.403342,1.6393434
35.100000007150804,0.9512812,1.9671966,2.4785118,1.6009145
35.15000000716099,0.97881806,1.951258,2.559174,1.4287038
35.20000000717118,1.0300093,2.0541046,2.2232518,1.3489816
35.25000000718136,0.934192,1.9767001,2.3771462,1.3647438
35.30000000719155,0.87187815,1.9324515,2.3519397,1.4324982
35.350000007201736,0.8715255,2.0396833,2.573215,1.3890785
35.40000000721192,0.88028383,2.0121543,2.5309882,1.3833393
35.45000000722211,0.87956375,2.1267722,2.7396045,1.5162545
35.50000000723229,0.8792578,2.0425582,2.122885,1.3835697
35.55000000724248,0.9365535,2.0474818,2.517958,1.5761827
35.60000000725267,0.8268387,1.9096826,2.6598465,1.529249
35.650000007262854,0.87861216,1.9126446,2.6746202,1.6714503
35.70000000727304,0.87569916,1.859163,2.5124774,1.3922024
35.75000000728323,0.7560756,1.8011068,2.5660014,1.5679859
35.80000000729341,0.89176416,1.7557759,2.5441966,1.5349029
35.8500000073036,0.8851982,1.8484026,2.8066397,1.6753548
35.900000007313785,0.9809717,1.8481514,2.6140883,1.5472374
35.95000000732397,0.8682792,1.8151151,2.3829415,1.5443962
36.00000000733416,0.93526554,1.8355578,2.8047025,1.498374
36.050000007344345,0.892713,1.8641919,2.489208,1.3944412
36.10000000735453,0.92778516,1.8736115,2.6613915,1.3838564
36.150000007364724,0.97513425,1.888721,2.7285182,1.440465
36.2000000073749,0.88040656,1.890496,2.7086363,1.4677432
36.25000000738509,0.8853299,1.8844186,2.6380734,1.5179989
36.30000000739528,0.94414085,1.9641073,2.6483865,1.5631062
36.35000000740546,0.99939764,2.013258,2.589167,1.6314279
36.40000000741565,0.9585035,1.916563,2.5706906,1.5578253
36.45000000742584,0.90384597,1.9640725,2.1095948,1.4516661
36.50000000743602,0.92491055,1.9491425,2.6176717,1.3782848
36.55000000744621,0.93552,2.0279791,2.5525024,1.2724812
36.600000007456394,0.993395,1.9564964,2.5130713,1.4113662
36.65000000746658,0.9750401,2.0209243,2.596118,1.4722179
36.70000000747677,0.90322864,1.8335575,2.6419158,1.5816807
36.75000000748695,0.9426549,1.92559,2.5559378,1.6091056
36.80000000749714,0.8683287,1.8233588,2.5399842,1.4889735
36.850000007507326,0.8829808,1.9154332,2.7040098,1.5604364
36.90000000751751,0.8667081,1.7933209,2.6284256,1.6331215
36.9500000075277,0.8647984,1.8168856,2.7592137,1.5626019
37.00000000753789,0.8582637,1.7821265,2.5346847,1.6531855
37.05000000754807,0.8712981,1.8649441,2.4616222,1.4085877
37.10000000755826,0.86871934,1.9524524,2.2602649,1.2687343
37.150000007568444,0.9214667,2.037524,2.6712775,1.584869
37.20000000757863,0.8505965,1.9005411,2.5449553,1.5579455
37.25000000758882,0.8895544,1.9342154,2.656869,1.6401224
37.300000007599,0.9641932,1.9663512,2.5381083,1.6113522
37.35000000760919,0.84324956,1.9479406,2.4387035,1.4986856
37.400000007619376,0.8993343,1.9650613,2.3824985,1.4930887
37.45000000762956,0.81039965,1.9865472,2.5966654,1.5919206
37.50000000763975,0.913012,1.9023352,2.6737547,1.6239406
37.550000007649935,0.9026425,1.843995,2.7468822,1.5371609
37.60000000766012,0.89308447,1.776039,2.6252615,1.5878663
37.65000000767031,0.82840383,1.8017395,2.586205,1.4612491
37.700000007680494,0.7683269,1.7831873,2.3748417,1.5038095
37.75000000769068,0.8797512,1.8240705,2.4034367,1.5252163
37.80000000770087,0.8767104,1.7665399,2.801849,1.7135549
37.85000000771105,0.80704635,1.802782,2.276561,1.4602655
37.90000000772124,0.76829606,1.8131864,2.389904,1.427368
37.950000007731425,0.84653175,1.843812,2.4308186,1.4500642
38.00000000774161,0.8393401,1.9472592,2.684138,1.513899
38.0500000077518,0.8962239,1.9424274,2.3843641,1.3405329
38.100000007761984,0.8494208,2.003399,2.2523708,1.2839966
38.15000000777217,0.83506,1.8954086,1.9871075,1.3428991
38.200000007782364,0.81986177,1.9017678,2.2887332,1.4346164
38.25000000779254,0.8183494,1.8709807,2.3849492,1.4433342
38.30000000780273,0.84589845,1.900307,2.2273111,1.3358049
38.35000000781292,0.8005151,1.8945642,2.646245,1.3768948
38.4000000078231,0.84401095,1.9151068,2.278319,1.4325613
38.45000000783329,0.8008825,1.9091892,2.437354,1.4698551
38.500000007843475,0.8105362,1.8584359,2.3307555,1.3568764
38.55000000785366,0.8500752,1.9761839,2.5948164,1.5646172
38.60000000786385,0.8811638,1.9378554,2.2209759,1.3372077
38.650000007874034,0.8538062,1.8983711,2.58044,1.6056285
38.70000000788422,0.93168247,1.9263637,2.2665913,1.5238847
38.75000000789441,0.8368914,1.8675306,2.6590393,1.5650285
38.80000000790459,0.8644306,1.9699142,2.5833592,1.5305089
38.85000000791478,0.88067675,1.9363024,2.5528858,1.5501679
38.900000007924966,0.82242715,1.9876115,2.4194791,1.6001695
38.95000000793515,0.8928797,1.8890709,2.2763765,1.4447558
39.00000000794534,0.9343067,1.920179,2.4383423,1.5022482
39.05000000795552,0.8807955,1.9226394,1.8871568,1.3496678
39.10000000796571,0.8650052,1.905313,2.246895,1.5023385
39.1500000079759,0.85864514,1.8894838,2.385597,1.5102675
39.200000007986084,0.8756001,1.9482825,2.6140375,1.6838943
39.25000000799627,0.85102236,1.907049,2.477821,1.4525707
39.30000000800646,0.92167306,1.8987058,2.4931805,1.606873
39.35000000801664,0.82760906,1.9352949,2.6072407,1.614908
39.40000000802683,0.83720756,1.8956436,2.4207995,1.464262
39.450000008037016,0.7774829,1.8378088,2.3924909,1.5006738
39.5000000080472,0.80681074,2.0008156,2.240469,1.3680959
39.55000000805739,0.82135427,1.8429959,2.351556,1.399077
39.60000000806757,0.84008926,1.9314522,2.4989202,1.4944564
39.65000000807776,0.8515595,1.8928331,2.0046844,1.315121
39.70000000808795,0.8264626,1.8688443,1.9305907,1.3217645
39.750000008098134,0.90137696,1.8062375,1.7310983,1.1937232
39.80000000810832,0.798089,1.7107787,2.0965648,1.3150066
39.850000008118506,0.82195234,1.827231,2.6468306,1.5187385
39.90000000812869,0.8614225,1.8793173,2.322319,1.419662
39.95000000813888,0.8186182,1.8741834,1.7947446,1.2326268
40.00000000814906,0.797177,1.8306568,2.194127,1.2587132
40.05000000815925,0.7732641,1.7905087,2.0440624,1.3426113
40.10000000816944,0.8757642,1.9235307,2.0271711,1.3217605
40.150000008179624,0.83871686,1.7498719,2.1242013,1.2718973
40.20000000818981,0.8009631,1.8036273,1.9182057,1.3312712
40.250000008200004,0.8923658,1.8104379,2.0584934,1.4109535
40.30000000821018,0.9580319,1.988511,1.91411,1.2203946
40.35000000822037,0.85623467,1.9173723,1.6977739,1.180019
40.40000000823056,0.9409828,1.9207921,1.9154551,1.2708077
40.45000000824074,0.97673726,1.9678786,2.307703,1.5723902
40.50000000825093,0.8557488,1.9281194,2.208543,1.3980255
40.55000000826112,1.0069273,1.8731477,2.546344,1.4904803
40.6000000082713,0.88844055,1.8598901,2.2691216,1.5346625
40.65000000828149,0.90955824,1.984668,2.710471,1.8798718
40.700000008291674,0.8333042,1.8693945,2.5025594,1.4309399
40.75000000830186,0.8907494,1.8578804,2.3180273,1.275568
40.80000000831205,0.9419038,1.9675733,2.2962718,1.4627503
40.85000000832223,0.878034,1.9404521,2.4390373,1.4464157
40.90000000833242,0.86295354,1.9166237,1.9190146,1.1862066
40.950000008342606,0.85360557,1.9486756,2.0921614,1.2466304
41.00000000835279,0.8786979,1.868206,2.1520452,1.2606239
41.05000000836298,0.91795766,1.9031069,2.4425757,1.4545847
41.10000000837317,0.9491669,1.9341276,2.4263062,1.5012038
41.15000000838335,0.91917926,1.9186702,2.468078,1.365143
41.20000000839354,0.8739482,1.883765,2.099816,1.4890189
41.250000008403724,0.93953204,2.0583992,2.3767686,1.5307441
41.30000000841391,0.93261725,1.9302243,2.284483,1.3762385
41.3500000084241,0.88464385,1.9653707,2.2312005,1.4014626
41.40000000843428,0.8161687,1.8303107,2.3476062,1.5366458
41.45000000844447,0.9813455,1.8852403,1.9712801,1.3060002
41.500000008454656,0.91662765,1.9211235,2.3115263,1.4603919
41.55000000846484,0.9996453,1.8727607,2.5765376,1.535095
41.60000000847503,0.98002315,1.9512714,2.5373757,1.5723567
41.650000008485215,0.8191029,1.8156301,2.2487984,1.4153064
41.7000000084954,0.89387834,1.827829,2.48028,1.549539
41.750000008505594,1.0049763,1.9937928,2.4292817,1.5736967
41.800000008515774,0.8926123,1.8034178,2.8038793,1.5953135
41.85000000852596,0.9981437,2.0533545,2.2632842,1.4407942
41.90000000853615,0.9722083,2.0625403,2.4338932,1.3611717
41.95000000854633,0.92374414,1.9874157,1.953056,1.2619631
42.00000000855652,0.915904,1.8400319,2.3383183,1.2926553
42.050000008566705,0.9464829,1.9013308,2.2101054,1.4135323
42.10000000857689,0.910144,1.8914614,2.3298569,1.5856283
42.15000000858708,0.8944508,1.9447778,2.3748465,1.4719938
42.200000008597264,0.949051,1.9019316,1.8958809,1.3041329
42.25000000860745,0.9331736,1.9759773,2.108397,1.3068051
42.300000008617644,0.9860169,1.9035585,2.5870287,1.3379581
42.35000000862782,0.9300096,1.9150431,2.4847643,1.443329
42.40000000863801,0.9836375,1.9875519,2.5268235,1.4310049
42.4500000086482,0.9957736,1.8716638,2.3618245,1.4037457
42.50000000865838,0.9940611,1.9818748,1.9307786,1.3069702
42.55000000866857,0.8857459,2.075776,2.2661633,1.470263
42.600000008678755,0.91482556,2.0159557,2.48143,1.4651264
42.65000000868894,0.9318702,1.9782411,2.485055,1.523818
42.70000000869913,1.0381026,1.8950875,2.5272508,1.448394
42.750000008709314,0.8573175,1.8682423,2.5278556,1.5017786
42.8000000087195,0.91802126,1.953743,2.1076536,1.3155295
42.85000000872969,0.8841653,1.8349684,2.3894002,1.4482545
42.90000000873987,0.9022555,2.006416,2.6564593,1.5244849
42.95000000875006,0.8444112,1.9693862,2.418721,1.7492955
43.000000008760246,0.9261364,1.917835,2.4644034,1.5641897
43.05000000877043,0.82758456,1.8763505,2.5851493,1.5364594
43.10000000878062,0.86477244,1.7818202,2.49636,1.4981061
43.1500000087908,0.8992484,1.8181372,2.6562145,1.5785263
43.20000000880099,0.88323206,1.889608,2.5321078,1.4576448
43.25000000881118,0.87800765,1.8039479,2.3652196,1.3949883
43.300000008821364,0.8703345,1.8065594,2.4154387,1.5072143
43.35000000883155,1.032887,1.9390339,2.3960152,1.6437716
43.40000000884174,0.98367465,2.0060925,2.2570994,1.528719
43.45000000885192,0.9395815,1.9584622,2.5721087,1.4404614
43.50000000886211,1.0168946,1.9230162,2.4840047,1.6654525
43.550000008872296,1.0001408,2.0236683,2.4636066,1.547084
43.60000000888248,0.96259916,2.051731,2.393178,1.5073667
43.65000000889267,0.92719823,1.919536,2.3525147,1.4901426
43.70000000890285,1.0192349,1.971476,2.5964358,1.4593527
43.75000000891304,0.9067703,1.9187734,2.4088624,1.6160296
43.80000000892323,0.966193,1.9769043,2.4381282,1.5617602
43.850000008933414,0.9086119,1.9558444,2.61351,1.5933664
43.9000000089436,0.9407223,1.9271986,2.5994828,1.5684004
43.950000008953786,0.823668,1.9706987,2.3719382,1.4775075
44.00000000896397,0.90044737,1.982954,1.8022503,1.2880011
44.05000000897416,0.9234631,1.9423581,2.0162501,1.3290298
44.10000000898434,0.9023101,1.822398,2.4155018,1.5504926
44.15000000899453,0.93108654,1.8851457,2.4787655,1.4906554
44.20000000900472,0.89858204,2.0107594,2.58337,1.5042257
44.250000009014904,0.8507732,1.9149907,2.5264847,1.525858
44.30000000902509,0.8447145,1.7411352,2.426885,1.4320321
44.350000009035284,0.86086625,1.814912,2.5588348,1.4758334
44.40000000904546,0.8168635,1.7972635,2.6390312,1.4565469
44.45000000905565,0.8243768,1.8202951,2.935555,1.6210567
44.50000000906584,0.78766155,1.8297076,2.4981012,1.4875501
44.55000000907602,0.90223134,1.9823663,2.6588936,1.5027643
44.60000000908621,0.89374995,2.071725,2.3871083,1.4370732
44.6500000090964,0.9390896,2.1371458,2.3375885,1.4549711
44.70000000910658,0.8117577,2.0698528,2.3857098,1.3643651
44.75000000911677,0.8896225,2.0410972,2.6011894,1.4280783
44.800000009126954,0.91743684,2.0201564,2.5003827,1.5029097
44.85000000913714,0.95938873,1.8859591,2.3492274,1.5153836
44.90000000914733,0.81924886,1.88366,2.4772763,1.3959684
44.95000000915751,0.79294825,1.871096,2.4532976,1.3771918
45.0000000091677,0.9449965,2.1468635,2.295298,1.4243811
45.050000009177886,0.7838942,2.0662417,2.394661,1.3524598
45.10000000918807,0.9062281,2.076972,2.481607,1.5198569
45.15000000919826,0.8513346,2.0656614,2.488023,1.5045185
45.20000000920845,0.8506272,2.0528994,2.564057,1.5213966
45.25000000921863,0.847636,1.9899594,2.5720992,1.5209851
45.30000000922882,0.82429874,1.9137616,2.4617786,1.4027567
45.350000009239004,0.85547185,1.8783956,2.331349,1.4187424
45.40000000924919,0.946142,2.052255,2.5915818,1.4930384
45.45000000925938,0.87300295,1.9295412,2.1991193,1.2782135
45.50000000926956,0.8680231,1.9042927,2.2236142,1.4051127
45.55000000927975,0.9860867,2.0953035,2.357883,1.4792585
45.600000009289936,0.9006791,2.0489244,2.384647,1.5074981
45.65000000930012,0.8725773,2.059861,2.4184995,1.5055141
45.70000000931031,0.9894663,2.1235993,2.4942274,1.4402105
45.750000009320495,0.9601298,2.053484,2.361965,1.5516584
45.80000000933068,0.92595905,2.0651689,2.2272835,1.5803773
45.850000009340874,0.90278333,1.8679143,2.4103603,1.4436811
45.900000009351054,0.8649237,1.9667218,2.3981605,1.4411129
45.95000000936124,0.8786743,2.0857902,2.1779916,1.4537425
46.00000000937143,0.9300773,1.959271,2.3612263,1.4453567
46.05000000938161,0.8223251,1.8351731,2.5718107,1.4490479
46.1000000093918,0.9408259,2.000364,2.4281485,1.4148508
46.150000009401985,0.8888388,1.9739836,2.4121811,1.5164853
46.20000000941217,0.8407179,1.8857203,2.416204,1.5240865
46.25000000942236,0.83441126,1.9090861,2.411254,1.4821644
46.300000009432544,0.81361806,1.9501598,2.5851057,1.4404405
46.35000000944273,0.90008426,1.8231218,2.0676026,1.2909554
46.400000009452924,0.8625031,1.6928905,2.886847,1.6148233
46.4500000094631,0.78254414,1.8234264,2.3220632,1.391878
46.50000000947329,0.8149356,1.8721237,2.598275,1.7061875
46.55000000948348,0.8096745,1.8962421,2.422078,1.418309
46.60000000949366,0.89525706,1.9959157,2.6077828,1.532238
46.65000000950385,0.8295033,1.9359411,2.6895225,1.4721072
46.700000009514035,0.7876193,1.867554,2.426659,1.3815421
46.75000000952422,0.7607197,1.850265,2.4734619,1.4657094
46.80000000953441,0.8398273,1.9195867,2.536058,1.4905881
46.850000009544594,0.88173556,1.9976499,2.5330844,1.4088888
46.90000000955478,0.8706807,1.9777383,2.2438917,1.5453051
46.95000000956497,0.8813718,1.8491223,2.5057518,1.552479
47.00000000957515,0.85169065,1.8419832,2.072025,1.4641832
47.05000000958534,0.80568385,1.7866259,2.3635416,1.5337766
47.100000009595526,0.8246812,1.7711565,2.3521326,1.2372704
47.15000000960571,0.8588272,1.8210442,2.472913,1.5349267
47.2000000096159,0.87021804,1.8950385,2.3090985,1.4550729
47.25000000962608,0.903188,1.7637475,2.3435779,1.5138317
47.30000000963627,0.8488855,1.7484945,2.5536945,1.481973
47.35000000964646,0.93814385,1.8155998,2.444499,1.5397832
47.400000009656644,0.89322805,1.7659401,2.3493762,1.5965534
47.45000000966683,0.85914874,1.8651822,2.489035,1.4417467
47.50000000967702,0.9140361,1.9465058,2.644103,1.5395575
47.5500000096872,0.8542515,1.9711812,2.1473846,1.1803081
47.60000000969739,0.87769514,1.875552,2.3339493,1.4638703
47.650000009707576,0.87262356,1.8423631,2.6232722,1.3835843
47.70000000971776,0.86914057,1.8789614,2.4188879,1.42433
47.75000000972795,0.85918045,1.9248137,2.542787,1.5147111
47.800000009738135,0.82526296,1.8239319,2.7766423,1.6445119
47.85000000974832,0.82363236,1.9048328,2.5892673,1.6157036
47.90000000975851,0.8702206,1.8425896,2.374805,1.5853496
47.950000009768694,0.8489042,1.8790239,2.6713564,1.5855317
48.00000000977888,0.8029913,1.792019,2.5608544,1.5601636
48.050000009789066,0.8211266,1.8249489,2.3218205,1.6218544
48.10000000979925,0.8371446,1.8465364,2.2524743,1.5270311
48.15000000980944,0.8430649,1.9153283,2.6521704,1.6696949
48.20000000981962,0.9390611,2.0123055,2.7099159,1.608068
48.25000000982981,0.9696401,1.9909997,2.3146753,1.4653491
48.30000000984,0.93783647,2.118428,2.9378748,1.6081454
48.350000009850184,0.9293014,1.9776076,2.4779687,1.5360372
48.40000000986037,0.9078482,1.9544059,2.3797827,1.6102928
48.450000009870564,0.96402025,2.0025213,2.5065062,1.6110952
48.50000000988074,0.93993914,1.8822955,2.5019484,1.5475488
48.55000000989093,0.8469528,1.9622053,2.6718502,1.612916
48.60000000990112,0.8904638,1.826386,2.6255932,1.5230289
48.6500000099113,0.8950806,1.8922061,2.6688852,1.5980619
48.70000000992149,0.91985935,1.9329454,2.5678418,1.5323467
48.75000000993168,0.87716645,1.87864,2.0930626,1.2266017
48.80000000994186,0.82509524,1.8795384,2.3185635,1.4785577
48.85000000995205,0.85435605,1.9833626,2.7901092,1.6245008
48.900000009962234,0.8184826,1.8848574,2.71641,1.553598
48.95000000997242,0.77213395,1.7772298,2.5567815,1.5602932
49.00000000998261,0.9335654,1.8937819,2.324722,1.5222666
49.05000000999279,0.88118166,1.8342137,2.4605126,1.4920077
49.10000001000298,0.9342739,2.0480528,2.584739,1.5031903
49.150000010013166,0.9312756,2.0952215,2.5939226,1.5510395
49.20000001002335,0.8930593,2.0732644,2.606049,1.6118754
49.25000001003354,0.890031,2.193057,2.4674225,1.5216663
49.30000001004373,0.905269,2.2073011,2.4509907,1.5495939
49.35000001005391,0.93380547,2.1470644,2.1847758,1.4192818
49.4000000100641,0.9046322,2.0832195,2.3144479,1.5089725
49.450000010074284,0.85770816,2.1438541,2.7179193,1.6097972
49.50000001008447,0.9419244,2.0159478,2.355527,1.5030107
49.55000001009466,0.8609172,2.0614445,2.3704922,1.602212
49.60000001010484,0.8692103,1.8460499,2.813859,1.6592513
49.65000001011503,0.85360515,1.9159415,2.5568483,1.3551052
49.700000010125216,0.87765944,1.9408828,2.3367753,1.3812788
49.7500000101354,0.8398935,1.7961652,2.3456833,1.4617076
49.80000001014559,0.9274184,1.870144,2.5886133,1.625361
49.850000010155775,0.8327998,1.9507254,2.278134,1.4219935
49.90000001016596,0.7694601,1.7286804,2.2794716,1.3673674
49.950000010176154,0.7883413,1.7858377,2.0304708,1.1953893
50.000000010186334,0.8463205,1.8612093,2.4410276,1.57196
50.05000001019652,0.84348774,1.7374282,2.5424469,1.5182394
50.10000001020671,0.81245726,1.7359303,2.3246815,1.531704
50.15000001021689,0.79796875,1.8175356,2.084897,1.407907
50.20000001022708,0.8550446,1.763984,2.779814,1.5216523
50.250000010237265,0.8913869,1.7891389,2.6564083,1.5513041
50.30000001024745,0.8731169,1.7852812,2.368087,1.4108379
50.35000001025764,0.7648122,1.6194899,2.1259089,1.3044082
50.400000010267824,0.83074987,1.6139234,2.6198463,1.4891462
50.45000001027801,0.908652,1.8890457,2.4020364,1.3507385
50.500000010288204,0.9342028,1.8295424,2.482008,1.5928065
50.55000001029838,0.9265828,1.8795428,2.590074,1.4861189
50.60000001030857,0.8546329,1.827432,2.3774805,1.3856977
50.65000001031876,0.8085724,1.841225,2.512058,1.5856252
50.70000001032894,0.8598242,1.8251671,2.2957933,1.5581355
50.75000001033913,0.7931006,1.7962499,2.2073457,1.4328276
50.800000010349315,0.8555317,1.7324092,2.22972,1.3397633
50.8500000103595,0.8865934,1.8424978,2.135661,1.4601126
50.90000001036969,0.79238796,1.7445536,2.3523698,1.5248717
50.950000010379874,0.8543709,1.8941833,2.7369795,1.5794299
51.00000001039006,0.8413663,1.7366154,2.5274687,1.4300206
51.05000001040025,0.8623529,1.9252127,2.5557938,1.4857919
51.10000001041043,0.9045757,2.0124166,2.5237465,1.4944631
51.15000001042062,0.82615685,1.8548927,1.9441762,1.2965692
51.200000010430806,0.8750768,1.8349123,2.4565694,1.5804337
51.25000001044099,0.8055233,1.9399105,2.4593875,1.4557498
51.30000001045118,0.87095463,1.8808823,2.4345117,1.4520817
51.35000001046136,0.95672834,1.9121103,2.3801162,1.4055699
51.40000001047155,0.81732714,1.8762809,2.2649999,1.4538944
51.45000001048174,0.9108594,1.9037323,2.6919127,1.5023835
51.500000010491924,0.82561487,1.8869379,2.5359952,1.5077944
51.55000001050211,0.7878474,1.8038167,2.6673107,1.6286427
51.6000000105123,0.84499323,1.8632779,2.861875,1.7590941
51.65000001052248,0.79511774,1.7408206,2.617506,1.9081287
51.70000001053267,0.7895201,1.7257862,2.6900766,1.9163668
51.75000001054285,0.78501546,1.7714201,2.8795767,1.8940114
51.80000001055304,0.77904785,1.7750453,2.5648901,1.58131
51.85000001056323,0.82054365,1.8033347,2.6592498,1.8546591
51.900000010573414,0.77034897,1.8158287,2.821045,1.936718
51.9500000105836,0.83324647,1.8563738,2.7482367,1.6644335
52.00000001059379,0.83652323,1.8726239,2.5721455,1.5968962
52.05000001060397,0.69815433,1.9825613,2.5988402,1.574061
52.10000001061416,0.8006472,1.993537,2.2047582,1.5430866
52.150000010624346,0.8885335,1.8828284,2.3032842,1.4950187
52.20000001063453,0.8226112,1.7697084,2.230205,1.3431252
52.25000001064472,0.8717715,1.8449795,2.5627093,1.6026661
52.3000000106549,0.8239197,1.7156698,2.743763,1.6865815
52.35000001066509,0.8548092,1.857313,2.8625288,1.9266516
52.40000001067528,0.89383173,1.8701353,2.8079686,1.6339695
52.450000010685464,0.81446534,1.6756176,2.6030211,1.7213609
52.50000001069565,0.8422578,1.8660002,2.5863156,1.6150091
52.550000010705844,0.7560276,1.7227135,2.4152126,1.4531193
52.60000001071602,0.769659,1.7717367,2.3635426,1.4973898
52.65000001072621,0.80159575,1.6915882,2.6896884,1.5672159
52.7000000107364,0.789153,1.6787584,2.6865597,1.8060758
52.75000001074658,0.79843104,1.7629111,2.7802382,1.817376
52.80000001075677,0.8157191,1.7119107,2.928505,1.9112446
52.85000001076696,0.7824787,1.7101734,2.9647994,1.9980958
52.90000001077714,0.7418814,1.6573751,2.544829,1.8671608
52.95000001078733,0.7776204,1.754045,2.6114857,1.9526451
53.000000010797514,0.75923145,1.7596889,2.7368526,1.9016719
53.0500000108077,0.7931485,1.7251954,2.7601788,1.9884324
53.10000001081789,0.74497724,1.7149377,2.7169037,1.8767326
53.15000001082807,0.8922322,1.816975,2.4569502,1.6237034
53.20000001083826,0.7712365,1.7955456,2.5276046,1.5832372
53.250000010848446,0.7725245,1.7734231,2.3191772,1.4911427
53.30000001085863,0.8347083,1.8442132,2.1346142,1.3924854
53.35000001086882,0.7833941,1.8517418,2.6761475,1.6657507
53.40000001087901,0.80772346,1.7691265,2.5257614,1.5065005
53.45000001088919,0.8178712,1.7417655,2.6320674,1.6735166
53.50000001089938,0.8309741,1.6872208,2.4833522,1.4447958
53.550000010909564,0.82468224,1.7654498,2.418114,1.5332637
53.60000001091975,0.77694416,1.7170293,2.25865,1.4084524
53.650000010929936,0.7461263,1.6484823,2.6119754,1.4833932
53.70000001094012,0.8268687,1.7782423,2.8523586,1.8671763
53.75000001095031,0.84660643,1.6490886,2.5604198,1.617557
53.800000010960495,0.7942969,1.7021137,2.6072698,1.7701894
53.85000001097068,0.8224398,1.6804422,2.5494668,1.867019
53.90000001098087,0.7686039,1.6639358,2.9419754,1.9991041
53.950000010991054,0.77348804,1.6961067,2.4829907,1.8617159
54.00000001100124,0.7792482,1.6867476,2.3821833,1.4584565
54.050000011011434,0.7614336,1.7717308,2.6219008,1.8293835
54.10000001102161,0.8135412,1.7815131,2.4194996,1.5264262
54.1500000110318,0.812289,1.7649025,2.313854,1.5363288
54.20000001104199,0.8762998,1.7566879,2.4420435,1.5165871
54.25000001105217,0.8035901,1.718043,2.2928123,1.480844
54.30000001106236,0.7597556,1.8359237,2.387466,1.4444318
54.350000011072545,0.89071035,1.9981055,2.452397,1.6426903
54.40000001108273,0.829942,2.001352,2.304115,1.4881827
54.45000001109292,0.8577553,2.0948153,2.6928039,1.572805
54.500000011103104,0.8648771,1.9601979,2.3039718,1.4517809
54.55000001111329,0.85219204,2.1117666,2.0781925,1.3004136
54.600000011123484,0.81800765,1.8839782,2.4248652,1.5054392
54.65000001113366,0.7983163,1.8247603,2.3004112,1.4245962
54.70000001114385,0.7528424,1.8708695,2.0626183,1.3810735
54.75000001115404,0.8187031,1.8419367,2.404242,1.5019717
54.80000001116422,0.8593073,1.8525624,2.444167,1.4135375
54.85000001117441,0.8413342,1.7642615,2.5401044,1.5899448
54.900000011184595,0.86011827,1.8353103,2.5135808,1.5724028
54.95000001119478,0.8072449,1.8372517,2.3107076,1.4656916
55.00000001120497,0.8298298,1.8498718,2.4316254,1.519183
55.050000011215154,0.8338387,1.7810874,2.3910596,1.5080665
55.10000001122534,0.8721009,1.8464912,2.495565,1.4917587
55.15000001123553,0.8537049,1.8693359,2.3575485,1.5049639
55.20000001124571,0.7731389,1.9919981,1.6527028,1.1576347
55.2500000112559,0.8939605,1.8957585,2.4651809,1.5353525
55.300000011266086,0.8767582,1.9038963,2.5223079,1.5070678
55.35000001127627,0.82740533,1.9725649,2.495506,1.605164
55.40000001128646,0.8170933,1.9181871,2.345141,1.5047305
55.45000001129664,0.8590411,1.8409858,2.1765752,1.428846
55.50000001130683,0.85431874,1.8095155,2.4550061,1.4530096
55.55000001131702,0.8362154,1.8491315,2.1768918,1.501924
55.600000011327204,0.94371355,1.9467006,2.2256103,1.4084256
55.65000001133739,0.9116239,1.7728179,2.5752835,1.3565193
55.700000011347576,0.8651539,1.8686944,2.4604635,1.6301761
55.75000001135776,0.94485044,1.8110855,2.3245065,1.4612888
55.80000001136795,0.8455982,1.902733,2.5564659,1.7380061
55.85000001137813,0.92033505,1.93608,2.4022405,1.508109
55.90000001138832,0.9269685,1.9208708,2.1725914,1.4533006
55.95000001139851,0.91356957,1.8669734,2.2505598,1.4391917
56.000000011408694,0.90548515,1.8063587,2.5859818,1.5634754
56.05000001141888,0.96492505,1.8899578,2.2912834,1.5049138
56.10000001142907,0.97113264,1.9022439,2.5124643,1.606388
56.15000001143925,0.9434459,1.9123766,2.3802004,1.4701222
56.20000001144944,0.9351306,1.8128624,2.4704795,1.5685301
56.250000011459626,0.9104414,1.8989462,2.3029783,1.5316056
56.30000001146981,0.90842986,1.7908205,2.5624366,1.4726968
56.35000001148,0.84694153,1.9422088,2.3487751,1.5126626
56.40000001149018,0.883644,1.8237783,2.391716,1.3740265
56.45000001150037,0.8670914,1.9652604,2.5330403,1.5292687
56.50000001151056,0.8162929,2.0502212,2.7006083,1.5323173
56.550000011520744,0.84311485,1.97896,2.504432,1.4747089
56.60000001153093,0.9096921,1.993922,2.6259484,1.5025222
56.650000011541124,0.95880544,2.130455,2.4730995,1.536573
56.7000000115513,0.9497497,2.0615528,2.3784144,1.4987534
56.75000001156149,0.88432646,1.952637,2.4424706,1.4253895
56.80000001157168,0.7680409,1.8838452,2.4523265,1.4652301
56.85000001158186,0.8677708,1.9486196,2.2627566,1.3585289
56.90000001159205,0.88974655,1.943672,2.456084,1.3436596
56.95000001160224,0.8764821,1.7816799,1.8811451,1.3109543
57.00000001161242,0.792245,1.8316414,2.4280543,1.5122736
57.05000001162261,0.85595584,1.7925458,2.2249284,1.4690763
57.100000011632794,0.8267431,1.7080126,2.529508,1.5847923
57.15000001164298,0.84225833,1.8066325,1.9380666,1.2845045
57.20000001165317,0.8814344,1.8073151,2.4658067,1.4587163
57.25000001166335,0.9080032,1.8399031,2.5375926,1.4946058
57.30000001167354,0.8403689,1.7533321,2.568445,1.021607
57.350000011683726,0.876966,1.8263843,2.382748,1.5407754
57.40000001169391,0.9388009,1.9036068,2.5374713,1.5881863
57.4500000117041,0.8995801,1.7575581,2.5247219,1.542728
57.50000001171429,0.88328177,1.8195902,2.3801088,1.5068163
57.55000001172447,0.86953104,1.793871,2.4337268,1.5985714
57.60000001173466,0.9416776,1.879387,2.6525936,1.452975
57.650000011744844,0.8235461,1.7675095,2.5660312,1.4988095
57.70000001175503,0.81571233,1.8293741,2.2615933,1.3618279
57.750000011765216,0.77795935,1.9359446,2.144566,1.2990986
57.8000000117754,0.77390045,1.7789422,2.565575,1.2443777
57.85000001178559,0.8547583,1.7758477,2.575312,1.5339649
57.900000011795775,0.87531257,1.7975981,2.1610904,1.3659037
57.95000001180596,0.8070589,1.8698066,2.4133413,1.3309584
58.00000001176521,0.8003814,1.8708675,2.1153648,1.2006452
58.0500000115935,0.7106462,1.6690645,2.1437411,1.2568957
58.100000011421784,0.8447471,1.7329547,2.551979,1.5231986
58.15000001125007,0.838675,1.6716714,2.5450392,1.4284577
58.20000001107836,0.8875483,1.6853518,2.441064,1.5061116
58.250000010906646,0.77011466,1.8308364,2.4028273,1.6035984
58.300000010734934,0.8218322,1.8163061,2.2463336,1.4478039
58.35000001056322,0.8219928,1.7956979,2.0425453,1.3282251
58.40000001039151,0.820608,1.6998146,2.0525115,1.3496846
58.450000010219796,0.80746245,1.8186355,1.9792556,1.218013
58.50000001004808,0.80249894,1.914568,1.7474847,1.2571051
58.55000000987637,0.7910067,1.8702234,2.4721577,1.4511352
58.60000000970466,0.88571733,1.9017031,2.2262068,1.2931114
58.650000009532945,0.8039615,1.7989945,2.604857,1.4292043
58.70000000936123,0.84168315,1.9249552,2.5704,1.6674591
58.75000000918952,0.841472,1.8982291,2.4278877,1.4071314
58.80000000901781,0.7929397,1.9176846,2.5132346,1.5915539
58.850000008846095,0.80364287,1.8117812,2.3935227,1.592284
58.90000000867438,0.79723424,1.7048478,2.3594244,1.4395832
58.95000000850267,0.8300133,1.8468962,2.1464374,1.4757348
59.00000000833096,0.8667685,1.8576407,2.566973,1.4524956
59.050000008159245,0.7886565,1.6784905,2.506454,1.387249
59.10000000798753,0.75685734,1.7860227,2.0214207,1.2994173
59.15000000781582,0.83882284,1.8055428,2.239013,1.2676063
59.20000000764411,0.84095204,1.7634178,2.5185764,1.4700745
59.250000007472394,0.84268755,1.814945,2.2329059,1.5283929
59.30000000730068,0.8174834,1.7808956,2.4782715,1.637624
59.35000000712897,0.7675899,1.6942768,2.4418015,1.3730361
59.40000000695726,0.8459393,1.8483987,2.4606473,1.5706942
59.450000006785544,0.8199829,1.8684332,2.2514312,1.3738657
59.50000000661383,0.87847406,1.8587016,2.480896,1.6206826
59.55000000644212,0.91078985,1.8143123,2.308575,1.3889123
59.600000006270406,0.80115175,1.8057595,2.2849557,1.2664813
59.65000000609869,0.87525254,1.9589568,2.4734488,1.494605
59.70000000592698,0.84844387,1.8529868,2.5827022,1.390589
59.75000000575527,0.90422237,1.9565688,2.8267982,1.5765553
59.800000005583556,0.8208083,1.9403361,2.3173232,1.481641
59.85000000541184,0.85950506,1.9579873,2.3590472,1.3772757
59.90000000524013,0.83689725,2.003377,2.3296416,1.3485126
59.95000000506842,0.88758767,1.8891563,2.939814,1.660265
60.000000004896705,0.8886068,2.0288901,2.684213,1.7015169
60.05000000472499,0.95385426,2.025449,2.639957,1.815425
60.10000000455328,0.85450745,1.9153959,2.5033805,1.5033121
60.15000000438157,0.85336334,2.0362434,2.3911252,1.4538909
60.200000004209855,0.86078906,2.146701,2.206545,1.4322469
60.25000000403814,0.9824488,1.9617964,2.4456182,1.5735221
60.30000000386643,0.93285346,2.0903432,2.2896407,1.4980198
60.35000000369472,0.9176094,2.1242168,2.3594074,1.4904803
60.400000003523004,0.88710296,2.0395718,2.4423487,1.4562463
60.45000000335129,0.9298129,1.9702257,2.1838,1.385569
60.50000000317958,0.894439,1.9583763,2.363614,1.5085242
60.55000000300787,0.86652374,1.9297248,2.3096046,1.6316917
60.600000002836154,0.8590057,2.0391808,2.4152555,1.55622
60.65000000266444,0.8916043,2.216484,2.3655572,1.475148
60.70000000249273,0.9046285,2.316971,2.2172515,1.4610552
60.750000002321016,0.99676585,2.409101,2.4219818,1.4855361
60.800000002149304,0.8496476,2.2289734,2.1564465,1.5204875
60.85000000197759,0.91512656,2.177998,1.9420519,1.4286668
60.90000000180588,0.8258626,2.0518346,2.4640474,1.5161204
60.950000001634166,0.9457977,1.9910579,2.5545108,1.5373217
61.00000000146245,0.95570475,1.9321141,2.3214893,1.5276498
61.05000000129074,0.88450015,1.9782399,2.4694893,1.4703237
61.10000000111903,0.8761742,1.9967673,2.2118542,1.5029764
61.150000000947315,0.8666074,1.9950682,2.1003137,1.3854532
61.2000000007756,1.010229,2.1510003,2.2168348,1.4078233
61.25000000060389,0.92542416,1.9774116,2.168568,1.3651227
61.30000000043218,0.99594283,2.194583,2.2975698,1.4514291
61.350000000260465,0.95043814,2.0880575,2.3696928,1.5437119
61.40000000008875,0.85687244,1.8437653,2.3746045,1.5634265
61.44999999991704,0.9006846,1.8105886,2.2867963,1.377179
61.49999999974533,0.85681057,1.7969606,2.0768836,1.4716332
61.549999999573615,0.841189,1.6588705,2.4041173,1.4610131
61.5999999994019,0.89984536,1.7154716,2.4626832,1.5434322
61.64999999923019,0.90352625,1.7566795,2.4288871,1.5179055
61.69999999905848,0.85913235,1.7478974,2.1162424,1.3428824
61.749999998886764,0.9009873,1.857124,2.0780559,1.3576252
61.79999999871505,0.8603883,1.804229,1.9645021,1.4502356
61.84999999854334,0.82141185,1.648724,2.4423625,1.5082197
61.89999999837163,0.8352131,1.7515553,2.404161,1.489227
61.949999998199914,0.8698625,1.8240952,2.2957191,1.4638095
61.9999999980282,0.82416093,1.7356987,2.29853,1.4497994
62.04999999785649,0.9105035,1.8650334,2.2780976,1.5096433
62.099999997684776,0.89729655,1.8813281,2.0323176,1.5006487
62.14999999751306,0.9090776,1.8941616,2.6237068,1.4795563
62.19999999734135,0.92386925,1.928834,2.6641335,1.6258734
62.24999999716964,0.8714514,2.0189297,2.4519274,1.5698087
62.299999996997926,0.9560813,2.0071607,2.4181623,1.5306196
62.34999999682621,0.9444628,2.0909505,2.3955748,1.5357496
62.3999999966545,0.94595546,2.176887,2.5837011,1.7144656
62.44999999648279,0.9513321,2.003106,2.4282687,1.4807677
62.499999996311075,0.89205956,1.9759197,1.9407008,1.4564263
62.54999999613936,0.86822975,1.8829503,1.9825382,1.4439783
62.59999999596765,0.8545584,1.8822111,1.7956331,1.4281714
62.64999999579594,0.92529887,1.9607253,2.0829604,1.5463401
62.699999995624225,0.8706814,1.9630296,1.7268723,1.4627676
62.74999999545251,0.95209765,2.0533233,2.1973927,0.9828386
62.7999999952808,0.9421558,2.07866,2.3238466,1.5875565
62.84999999510909,0.90726364,2.1292021,1.8866545,1.4619977
62.899999994937374,0.97511685,2.1874301,2.2574542,1.386268
62.94999999476566,0.938118,1.9694215,2.2008095,1.3798081
62.99999999459395,0.92055464,1.9284929,2.0812073,1.3984562
63.04999999442224,0.92185926,2.0236773,2.4856932,1.5238311
63.099999994250524,0.9281025,1.9825102,2.2450686,1.4097275
63.14999999407881,0.9497138,1.9949846,2.3834805,1.620177
63.1999999939071,0.9549061,1.9824123,1.9174178,1.3981781
63.249999993735386,0.89666134,1.910866,2.3416214,1.4466506
63.299999993563674,0.89930385,1.885491,2.3788035,1.5089558
63.34999999339196,0.8975366,1.9515736,2.4289517,1.5337694
63.39999999322025,0.8772706,1.8267827,2.1483836,1.4002246
63.449999993048536,0.91941845,1.9545888,2.2980886,1.4952042
63.49999999287682,0.8526654,1.9944732,2.0399156,1.4524376
63.54999999270511,0.898745,1.8133427,2.0387034,1.3900971
63.5999999925334,0.9302727,1.880472,2.3036132,1.5489168
63.649999992361685,0.8982315,1.8948019,2.4430993,1.4599218
63.69999999218997,0.95917135,2.0081534,2.1782012,1.6787893
63.74999999201826,0.895293,1.8082466,2.1159508,1.4874742
63.79999999184655,0.969085,1.8869834,2.3854425,1.4880115
63.849999991674835,0.9164436,1.8681842,2.0106528,1.2837951
63.89999999150312,0.9539205,1.8491422,2.3204463,1.5153339
63.94999999133141,0.9223945,1.9044819,2.2615428,1.3640008
63.9999999911597,0.98701835,1.8997263,2.193652,1.4336348
64.04999999098798,0.8832662,1.8650175,2.603712,1.5830669
64.09999999081627,0.885867,1.9276191,2.3411412,1.4913498
64.14999999064456,0.9492528,1.7852951,2.41938,1.431848
64.19999999047285,0.9643005,1.9287616,2.6150384,1.544367
64.24999999030113,0.97387135,1.8968048,2.4799194,1.3772501
64.29999999012942,0.9894091,1.761424,2.1792066,1.2921524
64.34999998995771,0.9310776,1.9242941,2.6505551,1.4939542
64.399999989786,0.89811003,1.8986679,2.4714634,1.4790999
64.44999998961428,0.92890733,1.9330992,2.446754,1.7467966
64.49999998944257,0.91959983,1.9568393,2.4182107,1.4419129
64.54999998927086,0.88679314,1.9242992,2.4614162,1.4509275
64.59999998909915,0.90377855,1.8733075,2.5950155,1.4958924
64.64999998892743,0.925911,1.7919085,2.4769478,1.4541378
64.69999998875572,0.83738196,1.8717109,2.5830295,1.4294606
64.74999998858401,0.9063572,1.9131459,2.3397522,1.5491526
64.7999999884123,0.9404928,1.7951788,2.3365135,1.5622855
64.84999998824058,0.8523526,1.7822467,2.494621,1.5467937
64.89999998806887,0.8880459,1.7358394,2.5580125,1.4339848
64.94999998789716,0.86905503,1.7225573,2.306478,1.500499
64.99999998772545,0.8266454,1.8602822,2.7817245,1.4792509
65.04999998755373,0.8693934,1.7870218,2.646027,1.6680536
65.09999998738202,0.85956305,1.7559674,2.6938467,1.4771669
65.14999998721031,0.85805655,1.800977,2.5936673,1.593657
65.1999999870386,0.82011676,1.7769706,2.8126266,1.5212499
65.24999998686688,0.8701026,1.8776637,2.6015239,1.4200385
65.29999998669517,0.9168302,1.8504052,2.6114044,1.5638614
65.34999998652346,0.8480703,1.9707091,2.332144,1.443295
65.39999998635174,0.88585114,1.8579204,2.4923882,1.531
65.44999998618003,0.930181,2.109067,2.5544524,1.516612
65.49999998600832,0.8893405,1.8976425,2.0724487,1.2659283
65.5499999858366,0.91679215,1.9472729,2.3894367,1.5134034
65.5999999856649,0.8515589,1.9108452,2.2391005,1.1503732
65.64999998549318,0.8783796,1.8417563,2.2317286,1.177722
65.69999998532147,0.86584306,1.7099345,2.5210931,1.2479887
65.74999998514976,0.8694711,1.789987,1.8448049,0.9999864
65.79999998497804,0.83345723,1.8270929,1.7377406,0.98731744
65.84999998480633,0.83460057,1.8351605,2.1007624,1.079588
65.89999998463462,0.8887761,1.6422628,2.0582209,1.1980526
65.9499999844629,0.96233225,1.8087269,2.253833,1.1080616
65.9999999842912,0.89294165,1.8780302,2.2694154,1.1670594
66.04999998411948,0.88304865,1.8554683,2.4490023,1.3305359
66.09999998394777,0.8713153,1.794708,2.1006863,1.0806848
66.14999998377606,0.8268163,1.738565,2.0531716,1.0142181
66.19999998360434,0.91256225,1.7418276,2.1405814,0.98867893
66.24999998343263,0.96319586,1.8251982,2.5586686,1.1144934
66.29999998326092,0.9211105,1.8469949,2.370148,1.113022
66.3499999830892,0.9106755,1.8675036,2.0829747,1.136208
66.39999998291749,0.88376796,1.9117792,2.3876026,1.0584192
66.44999998274578,0.8248285,1.840254,2.752082,2.0187476
66.49999998257407,0.8639458,1.8131506,3.1116235,1.9386652
66.54999998240235,0.82687855,1.8166925,3.0700712,2.0648935
66.59999998223064,0.92192316,1.9329598,2.6663222,1.6197835
66.64999998205893,0.87136567,1.9030998,2.7566788,1.5475707
66.69999998188722,0.8420395,1.8349999,2.3677924,1.4692726
66.7499999817155,0.8946978,1.8368931,2.3297086,1.096413
66.79999998154379,0.88392746,1.7354208,2.5047328,1.6060262
66.84999998137208,0.84792846,1.8521645,2.570112,1.5491023
66.89999998120037,0.8132089,1.8724107,2.6025596,1.6731633
66.94999998102865,0.84552413,1.7748064,2.835987,1.7297457
66.99999998085694,0.8401355,1.7722954,2.2732918,1.3452461
67.04999998068523,0.7667234,1.8280077,2.687383,1.9825376
67.09999998051352,0.8656349,1.7572309,2.6337752,1.2959903
67.1499999803418,0.9130118,1.7508321,2.135444,1.2934589
67.19999998017009,0.8839129,1.7479485,2.3460793,1.0979365
67.24999997999838,0.93181497,1.914934,2.1751285,1.3031492
67.29999997982667,0.7892425,1.7660141,2.1430595,1.3829094
67.34999997965495,0.8540254,1.8377013,2.3362472,1.3593674
67.39999997948324,0.8799491,1.7563771,2.6159596,1.359238
67.44999997931153,0.88942075,1.8945346,2.2853048,1.2670953
67.49999997913982,0.8904623,1.7834105,2.3148134,0.9999412
67.5499999789681,0.83879477,1.7888312,1.7416496,0.8379471
67.59999997879639,0.828344,1.7308805,2.4692602,1.2627792
67.64999997862468,0.9214863,1.7004187,2.2043338,1.1107016
67.69999997845296,0.9167807,1.719371,2.455552,1.0459746
67.74999997828125,0.8615658,1.7562991,2.3237278,1.2714226
67.79999997810954,0.851584,1.7586308,2.7630763,1.9156013
67.84999997793783,0.9081414,1.7597162,2.7388048,1.8755989
67.89999997776611,0.89918065,1.7580324,2.6778255,1.8240811
67.9499999775944,0.88967204,1.8183815,2.6681514,1.9392425
67.99999997742269,0.90109164,1.8428112,3.1252494,1.924138
68.04999997725098,0.9450608,1.9877785,3.0611615,2.0596733
68.09999997707926,0.88333935,1.9791801,2.9912522,1.866642
68.14999997690755,0.87506056,1.9357162,2.7922173,1.9602013
68.19999997673584,0.84975606,1.8781629,2.8233976,1.8015158
68.24999997656413,0.8666858,1.856857,3.2284927,1.9014323
68.29999997639241,0.87488824,1.8274857,3.0963733,2.0330665
68.3499999762207,0.9013951,1.7015748,2.9593203,2.002301
68.39999997604899,0.78652096,1.6751848,2.7513628,1.90601
68.44999997587728,0.85927546,1.7339076,3.0712986,2.0536623
68.49999997570556,0.8883159,1.7552223,3.0934598,2.042254
68.54999997553385,0.8523499,1.6331257,3.1025138,1.8745267
68.59999997536214,0.82767975,1.747581,2.9198897,1.9011742
68.64999997519043,0.90532863,1.7870194,2.965226,1.9551419
68.69999997501871,0.9303868,1.6996796,3.2296703,1.9924754
68.749999974847,0.8292738,1.5818934,2.9763083,1.9652909
68.79999997467529,0.88424647,1.7013472,3.152166,1.9793172
68.84999997450358,0.83631504,1.7480087,3.0409071,1.9089532
68.89999997433186,0.92540234,1.7291651,3.154743,2.0294378
68.94999997416015,0.8844424,1.6353077,3.0950782,2.0030246
68.99999997398844,0.92489696,1.761836,2.9848666,2.010673
69.04999997381672,0.88699305,1.7613595,2.950961,1.562577
69.09999997364501,0.95331854,1.8520921,3.1744063,1.9443451
69.1499999734733,0.884209,1.7797856,3.317902,1.9811664
69.19999997330159,0.7876838,1.8361866,2.6319458,1.7341118
69.24999997312987,0.86572117,2.1038272,2.9979136,1.8691236
69.29999997295816,0.8906473,2.0954368,2.8499856,2.0336597
69.34999997278645,0.8947873,2.249234,2.9112096,1.6574103
69.39999997261474,0.8520266,2.297409,2.5321972,1.5110168
69.44999997244302,0.8714673,2.2901955,2.8630118,1.5804274
69.49999997227131,0.86027974,2.2849033,2.9513452,1.6119206
69.5499999720996,0.839492,2.2042062,2.5579991,1.4718428
69.59999997192789,0.88682115,2.1301053,2.674118,1.5087045
69.64999997175617,0.84492457,2.2186658,2.2017908,1.3749231
69.69999997158446,0.90068614,2.3259315,2.4414728,1.4835006
69.74999997141275,0.85031605,2.2648785,2.5596757,1.3837694
69.79999997124104,0.845643,2.2910504,2.7475264,1.4957454
69.84999997106932,0.8524504,2.2421803,2.7693043,1.6097162
69.89999997089761,0.89394426,2.2952976,2.6403224,1.4697049
69.9499999707259,0.8875259,2.3038394,2.5244749,1.2679012
69.99999997055419,0.89055455,2.199039,2.6660056,1.4471745
70.04999997038247,0.7851983,2.32581,2.786813,1.4959116
70.09999997021076,0.9314592,2.4240727,2.8336105,1.5730371
70.14999997003905,0.78659004,2.4201396,2.6596828,1.5023469
70.19999996986733,0.86723214,2.2611086,2.43342,1.228507
70.24999996969562,0.8933339,2.3345385,2.906362,1.5119399
70.29999996952391,0.9446173,2.2736313,2.8243866,1.5287952
70.3499999693522,0.8243849,2.2939055,2.7372696,1.4630514
70.39999996918048,0.925395,2.2718596,2.6437116,1.5271963
70.44999996900877,0.89189124,2.3384573,2.849437,1.5648041
70.49999996883706,0.8717797,2.3776345,2.832458,1.4785798
70.54999996866535,0.961364,2.570441,3.022268,1.5644743
70.59999996849363,0.8944031,2.6970184,2.494133,1.4770089
70.64999996832192,0.91597563,2.8700724,2.7318144,1.4919353
70.69999996815021,0.94098204,2.6631296,2.85321,1.5305697
70.7499999679785,0.8505598,2.5521472,2.664639,1.4833366
70.79999996780678,0.8990327,2.3617454,2.6251688,1.5614316
70.84999996763507,0.871824,2.4267669,2.7373018,1.6197307
70.89999996746336,0.79318196,2.4569862,2.694911,1.3922348
70.94999996729165,0.79997516,2.5223444,2.5467227,1.4622493
70.99999996711993,0.84359586,2.541873,2.5386744,1.490902
71.04999996694822,0.9267697,2.5443335,2.6879299,1.4428847
71.09999996677651,0.8626818,2.6585402,2.4181404,1.4770972
71.1499999666048,0.8548861,2.667994,2.745415,1.578089
71.19999996643308,0.8854307,2.7363565,2.8836012,1.5781376
71.24999996626137,0.7729066,2.7052374,2.9770195,1.6364719
71.29999996608966,0.85947955,2.8958523,2.691794,1.5857341
71.34999996591795,0.9166794,2.7705777,2.8383594,1.5603471
71.39999996574623,0.8861946,2.670106,2.7669718,1.594053
71.44999996557452,0.8650018,2.6770859,2.71855,1.5158604
71.49999996540281,0.81889516,2.7019978,2.7424703,1.554655
71.5499999652311,0.86468726,2.7490923,2.7137108,1.4623625
71.59999996505938,0.81567234,2.7628624,2.809792,1.4187635
71.64999996488767,0.8635822,2.7870963,2.56242,1.4852133
71.69999996471596,0.89205295,2.7526293,2.659113,1.6084988
71.74999996454424,0.8434189,2.8526661,2.8887346,1.5889169
71.79999996437253,0.79928225,2.7432423,3.031944,1.6436862
71.84999996420082,0.7632533,2.8644075,2.7318075,1.5602642
71.8999999640291,0.79670906,2.8220077,2.4868531,1.5227158
71.9499999638574,0.8437609,2.7996566,2.2957556,1.4898866
71.99999996368568,0.7756496,2.77914,2.5297165,1.4408658
72.04999996351397,0.77999973,2.824458,2.5331907,1.5276341
72.09999996334226,0.8383367,2.9190516,2.5352201,1.3279606
72.14999996317054,0.85526437,2.8664615,2.4668612,1.5486286
72.19999996299883,0.8753494,2.922051,2.7324142,1.5279496
72.24999996282712,0.91358364,2.8885093,2.8785226,1.5251671
72.2999999626554,0.8824761,2.9190495,2.747792,1.4726542
72.3499999624837,0.9636092,2.8861437,2.825353,1.6170125
72.39999996231198,0.9328464,2.9366136,2.7121832,1.5631616
72.44999996214027,0.9347818,2.984295,2.9007273,1.6480547
72.49999996196856,0.88727653,2.9333224,2.9648685,1.522649
72.54999996179684,0.8404798,3.1432593,2.9021125,1.5875256
72.59999996162513,0.8626905,2.9517155,2.7206163,1.4879197
72.64999996145342,0.8474314,3.0000138,2.4453073,1.4877949
72.6999999612817,0.87408733,3.0044186,2.9736903,1.613021
72.74999996110999,0.83031124,2.9963377,2.792256,1.6250838
72.79999996093828,0.877037,3.081261,2.812683,1.5550536
72.84999996076657,0.8511102,3.1055675,2.9032793,1.6730614
72.89999996059485,0.8759365,3.055029,2.6747844,1.573046
72.94999996042314,0.8552384,2.986437,2.6965973,1.5716126
72.99999996025143,0.89652896,3.0518773,2.8502674,1.5002623
73.04999996007972,0.8615458,2.9368327,2.6218014,1.5918078
73.099999959908,0.88837385,3.0574095,2.9860363,1.6573164
73.14999995973629,0.86053103,2.9587219,2.6275203,1.5260036
73.19999995956458,0.8186101,2.8438976,2.767829,1.4598204
73.24999995939287,0.9479109,2.9928904,2.8678086,1.6316063
73.29999995922115,0.8558061,2.8456428,2.8747084,1.6067971
73.34999995904944,0.8757018,2.8221984,2.6194425,1.5957744
73.39999995887773,0.95737153,3.0304286,2.5006537,1.5002054
73.44999995870602,0.90370095,3.0178273,2.5076609,1.5535576
73.4999999585343,0.93375754,2.9474804,2.4677784,1.4827628
73.54999995836259,0.87409484,2.8823183,2.5490334,1.6106325
73.59999995819088,0.90177894,2.8188229,2.8356009,1.640078
73.64999995801917,0.8179355,2.9817586,2.6490273,1.6292181
73.69999995784745,0.8389607,2.925224,2.63091,1.5915635
73.74999995767574,0.9001196,2.9681861,2.709989,1.5343394
73.79999995750403,0.8872059,3.0305715,2.5632403,1.5167742
73.84999995733232,0.87700784,2.9780974,2.6831973,1.5307392
73.8999999571606,0.82588404,3.0204644,2.7753804,1.5959554
73.94999995698889,0.87831914,3.1794815,2.6384358,1.5343289
73.99999995681718,0.9321748,3.0581975,2.8865836,1.5832331
74.04999995664546,0.90821695,3.2460368,2.7992132,1.4832451
74.09999995647375,0.97868633,3.116615,2.7130923,1.5714114
74.14999995630204,0.9036174,3.2987485,2.6403923,1.4856637
74.19999995613033,0.89911973,3.314692,2.5230608,1.5413642
74.24999995595861,0.90843,3.2857573,2.5045176,1.5481966
74.2999999557869,0.91573244,3.0640893,2.781115,1.5226967
74.34999995561519,0.8609228,3.1833742,2.330462,1.5090489
74.39999995544348,0.8537591,3.0177603,2.68165,1.5384388
74.44999995527176,0.85878134,3.1783173,2.7501652,1.5579503
74.49999995510005,0.9107051,2.9605863,2.4732294,1.451348
74.54999995492834,0.9641646,3.022873,2.439278,1.4606041
74.59999995475663,0.9745066,3.175216,2.6309264,1.581725
74.64999995458491,0.8843735,3.1641145,2.4568682,1.537093
74.6999999544132,0.85219204,3.3621047,2.413245,1.6721604
74.74999995424149,0.9252867,3.3219087,2.4388218,1.4805931
74.79999995406978,0.8709873,3.20943,2.5416625,1.6067674
74.84999995389806,0.85002816,3.0672402,2.6320412,1.6137373
74.89999995372635,0.9385561,3.143972,2.3797004,1.4236498
74.94999995355464,0.9062957,3.1624675,2.5120978,1.549858
74.99999995338293,0.83899045,3.1886525,2.4651594,1.5407159
75.04999995321121,0.7827004,3.4160926,2.282174,1.6081165
75.0999999530395,0.8438653,3.366881,2.8416042,1.5701021
75.14999995286779,0.8770439,3.2097096,2.4822202,1.6803731
75.19999995269607,0.85017884,3.05903,2.5283325,1.6807466
75.24999995252436,0.83737403,3.2031882,2.4124792,1.5146266
75.29999995235265,0.846637,3.042239,2.5093884,1.5249112
75.34999995218094,0.8666278,3.134692,2.5675683,1.5335355
75.39999995200922,0.8762698,3.0669606,2.628632,1.4901326
75.44999995183751,0.8699963,3.1050029,2.655161,1.5013701
75.4999999516658,0.88370275,3.0751061,2.4630766,1.495576
75.54999995149409,0.7794085,3.0436468,2.294796,1.6198207
75.59999995132237,0.82493275,3.1203942,2.6523435,1.6458689
75.64999995115066,0.8072748,3.0347962,2.6631773,1.575356
75.69999995097895,0.82558805,3.189412,2.4806325,1.5246445
75.74999995080724,0.85125214,3.0905542,2.9400988,1.556399
75.79999995063552,0.8709437,3.0042348,2.6368113,1.6004418
75.84999995046381,0.8424256,3.078786,2.7607844,1.7560148
75.8999999502921,0.7831832,2.9941177,2.6507952,1.6530557
75.94999995012039,0.9130672,3.0461252,2.6555738,1.5664375
75.99999994994867,0.85291475,2.9677968,2.5650635,1.5364907
76.04999994977696,0.7883337,2.9834902,2.6970096,1.5641127
76.09999994960525,0.83640826,3.0805006,2.8969665,1.610285
76.14999994943354,0.8551066,2.9899895,2.3030949,1.6155846
76.19999994926182,0.86996377,2.9374096,2.4754543,1.5307622
76.24999994909011,0.8308729,2.8652036,2.5671837,1.6265649
76.2999999489184,0.8290518,2.895079,2.610406,1.619792
76.34999994874669,0.84489816,3.1867557,2.3458629,1.550058
76.39999994857497,0.8217263,3.0616174,2.564351,1.5849426
76.44999994840326,0.8665166,3.0084274,2.3309917,1.5021405
76.49999994823155,0.84933496,2.8937535,2.652755,1.6380899
76.54999994805983,0.8218587,3.068684,2.5215178,1.5884707
76.59999994788812,0.80653715,2.9794452,2.6037626,1.5853574
76.64999994771641,0.8011117,3.1291077,2.559931,1.5555499
76.6999999475447,0.8714117,2.9576662,2.7753403,1.5773127
76.74999994737298,0.83704996,3.0984333,2.5097134,1.6010633
76.79999994720127,0.81252164,3.066778,2.7851515,1.682747
76.84999994702956,0.8719277,3.122735,2.506037,1.5401213
76.89999994685785,0.85842085,3.1056187,2.6940455,1.576009
76.94999994668613,0.82174706,3.0708666,2.5003564,1.5758307
76.99999994651442,0.8793683,2.970351,2.5563917,1.7225684
77.04999994634271,0.87471175,2.907014,2.2130446,1.4942951
77.099999946171,0.86462146,2.7660728,2.544568,1.4957505
77.14999994599928,0.8926848,2.728734,2.5346165,1.5821303
77.19999994582757,0.8770906,2.9455578,2.6347816,1.5336074
77.24999994565586,0.88183916,3.0710413,2.9784198,1.59098
77.29999994548415,0.839334,3.0051966,2.987952,1.6850101
77.34999994531243,0.91830623,3.0356221,2.7928712,1.4992248
77.39999994514072,0.89413965,3.1723094,2.6540112,1.6265
77.44999994496901,0.89445615,3.200038,2.1588256,1.5451175
77.4999999447973,0.849891,3.144293,2.5434194,1.5393667
77.54999994462558,0.81466466,3.1844344,2.3742483,1.4218664
77.59999994445387,0.8623049,3.0461779,2.6304302,1.6342121
77.64999994428216,0.8974136,2.9889152,2.4440012,1.4941221
77.69999994411044,0.81553066,2.933447,2.4537282,1.5620052
77.74999994393873,0.8380914,2.873142,2.576448,1.6391872
77.79999994376702,0.8081628,2.8310382,2.4788182,1.6334703
77.84999994359531,0.90546066,2.726253,2.7279649,1.5812664
77.8999999434236,0.8613426,2.582892,2.4796367,1.5793957
77.94999994325188,0.84623885,2.571646,2.5109382,1.6237907
77.99999994308017,0.8279714,2.4706225,2.4404123,1.5844501
78.04999994290846,0.8526042,2.5153396,2.7687156,1.4938769
78.09999994273674,0.89340264,2.4338417,2.7641478,1.5712421
78.14999994256503,0.828813,2.4684825,2.6687765,1.4894252
78.19999994239332,0.8014326,2.4127767,2.596467,1.611402
78.2499999422216,0.8316236,2.358476,2.9947314,1.6054808
78.2999999420499,0.8083565,2.4186606,2.4272804,1.5192342
78.34999994187818,0.79917824,2.2451444,2.6747785,1.5188243
78.39999994170647,0.81732744,2.1938806,2.7532668,1.5008826
78.44999994153476,0.84061915,2.1856923,2.5488348,1.5713539
78.49999994136304,0.82430017,2.1631782,2.4265287,1.6292019
78.54999994119133,0.9094048,2.0297909,2.3933964,1.4424812
78.59999994101962,0.8619566,2.0845346,2.5389957,1.6153322
78.6499999408479,0.87794966,2.036493,2.5800564,1.5213126
78.6999999406762,0.8500184,2.0676374,2.659418,1.5014912
78.74999994050448,0.85136527,1.9448359,2.7286828,1.6595099
78.79999994033277,0.8488562,2.2022011,2.5737953,1.5732957
78.84999994016106,0.89965665,2.2058895,2.8391073,1.6343743
78.89999993998934,0.9637975,2.41203,2.7354116,1.5422049
78.94999993981763,0.8836243,2.42879,2.78523,1.5901768
78.99999993964592,0.8863163,2.285113,2.6031055,1.5701468
79.0499999394742,0.87514746,2.1482253,2.7523139,1.5320652
79.09999993930249,0.83325714,2.1353095,2.6713939,1.5518807
79.14999993913078,0.91926587,2.0847418,2.3742952,1.3993012
79.19999993895907,0.8597349,2.0653024,2.641932,1.5025957
79.24999993878735,0.85090554,2.0891645,2.9320314,1.6766479
79.29999993861564,0.8368218,2.1032915,2.7159052,1.482399
79.34999993844393,0.8664275,2.35158,2.5559595,1.59585
79.39999993827222,0.87213546,2.1235392,2.5422308,1.5827577
79.4499999381005,0.845522,2.1912513,2.5007832,1.5099019
79.49999993792879,0.7649838,1.9943063,2.7455785,1.5250462
79.54999993775708,0.8895327,2.1273282,2.7868276,1.5554022
79.59999993758537,0.94275624,2.2434964,2.7424083,1.6549402
79.64999993741365,0.9600497,2.4204543,2.3320196,1.4509294
79.69999993724194,0.9076432,2.380156,2.729182,1.5527941
79.74999993707023,0.86048496,2.4225516,2.5813994,1.652881
79.79999993689852,0.99199307,2.2736197,2.7126083,1.5822153
79.8499999367268,0.94083273,2.2680056,2.1535175,1.3580357
79.89999993655509,0.9496716,2.3360398,2.641171,1.4773078
79.94999993638338,0.8984998,2.2965891,2.6101782,1.5019375
79.99999993621167,0.825186,2.160487,2.5460725,1.4621601
80.04999993603995,0.8938721,2.1633623,2.8119764,1.6992142
80.09999993586824,0.86694205,2.3249974,2.7119067,1.528727
80.14999993569653,0.85628474,2.2732477,2.6545265,1.5127995
80.19999993552481,0.82914525,2.1807206,2.9016993,1.6103654
80.2499999353531,0.89307785,2.3103824,2.8565714,1.5923691
80.29999993518139,0.8305112,2.2519538,2.7471519,1.5078635
80.34999993500968,0.9694493,2.3804924,2.7732072,1.545332
80.39999993483796,0.8702058,2.1720865,2.6964319,1.5550827
80.44999993466625,0.7947986,2.0447812,2.3877213,1.5300455
80.49999993449454,0.79810077,1.9492323,2.7485933,1.6218506
80.54999993432283,0.8319393,1.9899628,2.6442263,1.4029766
80.59999993415111,0.88883996,2.0538929,2.3549747,1.4974409
80.6499999339794,0.7985956,2.119977,2.6715505,1.5360355
80.69999993380769,0.83596516,2.032846,2.4952137,1.560635
80.74999993363598,0.8031469,2.1214857,2.7559338,1.5717531
80.79999993346426,0.8402221,2.2126641,2.5736394,1.4846252
80.84999993329255,0.94909775,2.0620515,2.7717695,1.4766061
80.89999993312084,0.83441913,2.0968432,2.715236,1.5520893
80.94999993294913,0.90142417,2.2587254,2.7059247,1.5064664
80.99999993277741,0.87949026,2.2398875,2.8081596,1.4780517
81.0499999326057,0.84912354,2.4037538,2.5992084,1.5181286
81.09999993243399,0.9286534,2.2210817,2.8144944,1.5778457
81.14999993226228,0.8299252,2.3056262,2.7234244,1.5752437
81.19999993209056,0.90058005,2.3662252,2.832496,1.4835293
81.24999993191885,0.8808738,2.3427641,2.581953,1.4509673
81.29999993174714,0.8347657,2.2932749,2.5093758,1.5849727
81.34999993157543,0.8757578,2.4519458,2.5616717,1.5515847
81.39999993140371,0.9284053,2.3941603,2.8229988,1.6654313
81.449999931232,0.91394067,2.241861,2.4799285,1.4369518
81.49999993106029,0.926925,2.3139424,2.515648,1.5462039
81.54999993088857,0.90078604,2.2688785,2.8847995,1.5183741
81.59999993071686,0.8450662,2.289025,2.6588006,1.5504359
81.64999993054515,0.8924422,2.3433099,2.7314117,1.5033162
81.69999993037344,0.86282265,2.2268107,2.5795221,1.6281264
81.74999993020172,0.8539385,2.2357373,2.7606606,1.5647125
81.79999993003001,0.8853927,2.1560163,2.7508907,1.5992785
81.8499999298583,0.9114987,2.1531293,2.7492256,1.5924242
81.89999992968659,0.859114,2.2758014,2.591014,1.4371421
81.94999992951487,0.88657,2.1532032,2.5578623,1.6021421
81.99999992934316,0.94921166,2.3069048,2.5384583,1.4588624
82.04999992917145,0.8247131,2.4695096,2.7062986,1.5666673
82.09999992899974,0.9656106,2.1648583,2.9965706,1.6808825
82.14999992882802,0.8718258,2.115149,2.645419,1.4536338
82.19999992865631,0.8374425,2.1743624,2.5645056,1.659745
82.2499999284846,0.8654132,2.1943924,2.8795838,1.7218297
82.29999992831289,0.8830819,2.5454211,2.8127267,1.6812705
82.34999992814117,0.93174195,2.381799,2.506053,1.7511481
82.39999992796946,0.8921111,2.404407,3.1258152,1.7072418
82.44999992779775,0.8921889,2.4423454,2.8322914,1.7173886
82.49999992762604,0.9461796,2.5355096,3.0447783,1.7829168
82.54999992745432,0.9306509,2.4402986,2.8175397,1.6982961
82.5999999272826,0.88063395,2.5056977,2.6640298,1.6607413
82.6499999271109,0.9217248,2.4121993,2.9909575,1.6866484
82.69999992693919,0.96415496,2.2780476,2.7769713,1.6991228
82.74999992676749,0.9056842,2.1924834,2.7717443,1.6104417
82.79999992659576,0.87232554,2.1022117,2.699647,1.6164117
82.84999992642405,0.88640577,2.251139,2.8610687,1.4916325
82.89999992625232,0.8829636,2.1760545,2.7692041,1.560544
82.94999992608062,0.93759465,2.0044978,2.777505,1.5518031
82.99999992590892,0.8312333,1.962217,2.8775308,1.6293414
83.0499999257372,0.8814252,2.1895418,2.771657,1.5042299
83.09999992556548,0.8685836,2.173056,2.9590583,1.6200569
83.14999992539376,0.9245678,2.2506206,2.6333423,1.4963512
83.19999992522206,0.9040409,2.2725132,2.7380352,1.520182
83.24999992505036,0.8425646,2.2149642,2.7165346,1.4714386
83.29999992487865,0.8772474,2.22687,2.5229719,1.5959978
83.34999992470692,0.8874195,2.2124126,2.781983,1.6262462
83.3999999245352,0.80381334,2.2988362,2.5359032,1.5639818
83.44999992436348,0.8920026,2.0835845,2.5614877,1.4845306
83.49999992419178,0.8473963,2.249003,2.685124,1.5363084
83.54999992402009,0.80572844,2.294949,2.9333448,1.5849949
83.59999992384836,0.8001422,2.2142901,2.776462,1.4570516
83.64999992367665,0.795132,2.324792,2.892803,1.722154
83.69999992350492,0.841882,2.2634127,2.6768441,1.565132
83.74999992333322,0.887411,2.293177,2.5559907,1.4178541
83.79999992316152,0.8586024,2.2424407,2.5676622,1.4614356
83.8499999229898,0.8861151,2.2303276,2.5161946,1.4983506
83.89999992281808,0.83286655,2.2565906,2.2656765,1.426851
83.94999992264636,0.8538414,2.2550817,2.4114132,1.5964819
83.99999992247466,0.91544694,2.1893382,2.7508738,1.5125191
84.04999992230294,0.80128497,2.2268484,2.7732465,1.4252002
84.09999992213125,0.8390877,2.3377151,2.6913471,1.5665224
84.14999992195952,0.8138543,2.264019,2.9511225,1.6122296
84.1999999217878,0.8697227,2.281392,2.6109462,1.5371625
84.24999992161608,0.80949795,2.3612385,2.7212403,1.5252625
84.29999992144438,0.8361509,2.5186143,2.6852415,1.5003091
84.34999992127268,0.8599719,2.3545573,2.4084117,1.4387512
84.39999992110096,0.8377299,2.2897222,2.477948,1.525339
84.44999992092924,0.7815008,2.2565403,2.5769863,1.595721
84.49999992075752,0.86175406,2.1384964,2.7357469,1.5417956
84.54999992058582,0.820246,2.1815345,2.576126,1.5989262
84.59999992041412,0.8324956,1.973357,2.7492113,1.5490149
84.64999992024241,0.8771637,2.0842173,2.5985546,1.4380342
84.69999992007068,0.8739423,2.1803098,2.6356564,1.4564968
84.74999991989897,0.8480774,2.0716705,2.6467056,1.5589648
84.79999991972726,0.8325779,2.2032905,2.741229,1.520329
84.84999991955554,0.81326985,2.3388777,2.848153,1.6118491
84.89999991938384,0.89127654,2.0721169,2.7592049,1.5184393
84.94999991921212,0.80006325,1.9390935,2.8123055,1.4864125
84.9999999190404,0.8864813,2.151505,2.4859362,1.5386165
85.04999991886868,0.8662585,2.0768433,2.7132487,1.5209248
85.09999991869698,0.8595043,2.0187354,2.6883123,1.6613462
85.14999991852527,0.8200723,2.0746446,2.7172744,1.5652313
85.19999991835356,0.78642404,1.9704847,2.8345668,1.5929585
85.24999991818184,0.9039955,2.0827565,2.7166452,1.6428912
85.29999991801012,0.8003397,2.2671726,2.496148,1.497895
85.34999991783842,0.9098983,2.2838066,2.8268828,1.5346231
85.3999999176667,0.8776682,2.2346642,2.8642383,1.5465964
85.449999917495,0.8137798,2.297519,2.7632966,1.5866044
85.49999991732328,0.90706646,2.3038628,2.790542,1.5474741
85.54999991715157,0.8687799,2.2067575,2.6932514,1.5553465
85.59999991697985,0.8519393,2.0705886,2.8554544,1.5311229
85.64999991680814,0.8725503,2.101387,2.590591,1.5755607
85.69999991663644,0.8436018,2.185771,2.8405473,1.5948825
85.74999991646472,0.8016047,2.245707,2.6916704,1.5091056
85.799999916293,0.90053093,2.1295414,2.692654,1.577716
85.84999991612128,0.87618226,2.4382982,2.719769,1.58111
85.89999991594958,0.8156116,2.279333,2.4664676,1.6124296
85.94999991577787,0.89881355,2.1907315,2.8296094,1.6022472
85.99999991560617,0.8509343,2.230752,2.661963,1.5741943
86.04999991543444,0.8596345,2.1891985,2.2544007,1.5113937
86.09999991526273,0.8220348,2.2318184,2.5531063,1.4026421
86.149999915091,0.7880998,2.1888342,2.3605676,1.3851832
86.1999999149193,0.82053626,2.219557,2.6938508,1.3989371
86.2499999147476,0.85196346,2.255536,2.6404552,1.506195
86.29999991457588,0.872972,2.3452888,2.675779,1.5026091
86.34999991440417,0.8816499,2.1714551,2.7129152,1.4977024
86.39999991423244,0.8422989,2.2361584,2.81232,1.6669586
86.44999991406074,0.9037024,2.3676722,2.6651716,1.5583577
86.49999991388904,0.92307776,2.24932,2.923427,1.589248
86.54999991371731,0.8157278,2.2359476,2.5647237,1.6395125
86.5999999135456,0.8976661,2.2325003,2.879771,1.6106575
86.64999991337388,0.8222594,2.3035822,2.7264965,1.6179603
86.69999991320218,0.7550389,2.2043548,2.5431366,1.5958971
86.74999991303046,0.8384608,2.0744636,2.850716,1.7090585
86.79999991285877,0.81419957,2.1110384,2.6474648,1.6752927
86.84999991268704,0.84377444,2.0136964,2.7591465,1.4277531
86.89999991251533,0.7950134,1.9157615,2.601701,1.4421349
86.9499999123436,0.80862516,2.0731661,2.4397817,1.5447073
86.9999999121719,0.9191826,2.2255363,2.0669153,1.3664604
87.0499999120002,0.8493325,2.1685305,2.0302882,1.3869305
87.09999991182848,0.8225733,2.1709917,2.2186348,1.3958894
87.14999991165676,0.7902556,2.3260133,2.1230338,1.3844365
87.19999991148504,0.8742069,2.1755435,2.0464346,1.4619249
87.24999991131334,0.86334944,2.282019,2.2017655,1.4153934
87.29999991114163,0.89740384,2.2785108,1.9966855,1.3884948
87.34999991096993,0.88233006,2.3526783,1.9389446,1.3843132
87.3999999107982,0.83927864,2.2121444,1.9412435,1.3829365
87.44999991062649,0.9348399,2.2541928,1.8001053,1.2941378
87.49999991045476,0.83984464,2.252635,1.8941703,1.2351165
87.54999991028306,0.86718553,2.3273072,1.8102087,1.2945411
87.59999991011136,0.9432124,2.272732,1.8123538,1.2958779
87.64999990993964,0.8678305,2.3611455,2.2099245,1.4027119
87.69999990976793,0.8858257,2.3534403,2.1333387,1.3901765
87.7499999095962,0.85704994,2.1700437,2.0371614,1.3641332
87.7999999094245,0.90050936,2.2053854,1.8461468,1.272708
87.8499999092528,0.9567456,2.1718385,1.7712014,1.2812768
87.89999990908107,0.9109172,2.2018464,1.7628103,1.2597916
87.94999990890936,0.9139224,2.3128915,1.978147,1.3367308
87.99999990873764,0.84275436,2.2364447,2.2132387,1.2915443
88.04999990856594,0.9552299,2.2096121,2.126548,1.3204916
88.09999990839422,0.9126084,2.0468109,2.4327054,1.4386309
88.14999990822253,0.8426933,2.1497514,2.1440046,1.3594153
88.1999999080508,0.9229003,2.0649974,2.0392675,1.4199271
88.24999990787909,0.88356847,1.9878637,2.0043805,1.3906242
88.29999990770736,0.84919304,2.006316,2.1834533,1.3443244
88.34999990753566,0.9069186,2.0995,2.4778042,1.5878758
88.39999990736396,0.96709013,2.0556614,1.8946006,1.3388282
88.44999990719224,0.8819697,2.1320546,1.8581936,1.2816077
88.49999990702052,0.89775676,2.1701705,2.1546128,1.4543949
88.5499999068488,0.91982573,2.2178779,2.162748,1.4052646
88.5999999066771,0.7610998,2.236771,1.8234754,1.3560086
88.64999990650539,0.90163505,2.0979638,1.9815837,1.303232
88.69999990633369,0.9097818,2.0671542,1.9403567,1.3090194
88.74999990616196,0.8373914,2.1234508,2.2130802,1.5755345
88.79999990599025,0.90341693,2.1758025,2.2503777,1.4093448
88.84999990581852,0.9803787,2.192726,1.8477618,1.2447649
88.89999990564682,0.87102824,2.3479226,2.1420357,1.3687799
88.94999990547512,0.8675674,2.265422,1.7089913,1.2932647
88.9999999053034,0.8881795,2.2737124,2.2559786,1.4716877
89.04999990513168,0.8715901,2.2957346,2.3560007,1.3796189
89.09999990495996,0.94310635,2.5532398,2.150986,1.4388646
89.14999990478826,0.8868269,2.3222055,2.3994176,1.4387392
89.19999990461656,0.79024565,2.2133305,2.3956356,1.5557958
89.24999990444483,0.873539,2.2845256,2.1060908,1.3166602
89.29999990427312,0.8390329,2.272028,2.1162217,1.4122142
89.3499999041014,0.90835893,2.1638703,1.8163264,1.364308
89.3999999039297,0.79451346,2.1266448,1.8136455,1.2759359
89.44999990375798,0.84615225,2.1762412,1.6974685,1.2674142
89.49999990358629,0.9252462,2.2748659,1.7768945,1.2769681
89.54999990341456,0.89317405,2.305815,2.3055868,1.5347623
89.59999990324285,0.9305685,2.4680443,2.3319001,1.4769834
89.64999990307112,0.8572091,2.3952155,2.0757809,1.4084845
89.69999990289942,0.88794017,2.1325226,2.0380304,1.3950711
89.74999990272772,0.8994478,2.195867,2.0469959,1.3486149
89.799999902556,0.78185195,2.0961826,2.2270694,1.4111297
89.84999990238428,0.886891,2.3013227,2.097012,1.4589882
89.89999990221256,0.88650155,2.180449,2.0827827,1.370127
89.94999990204086,0.8850982,2.2451653,1.7760339,1.2922728
89.99999990186915,0.8567692,2.5165036,2.0136373,1.3378232
90.04999990169745,0.881314,2.3352227,1.8464677,1.3100715
90.09999990152572,0.9081836,2.380138,1.9734356,1.3730252
90.14999990135401,0.88546044,2.4525542,2.6036203,1.6551548
90.19999990118228,0.8423752,2.3954508,2.4740982,1.4731126
90.24999990101058,0.86231375,2.4864123,2.4056146,1.6006558
90.29999990083888,0.8580202,2.5143604,2.7073228,1.5811299
90.34999990066716,0.95804363,2.4198327,2.3292305,1.5910461
90.39999990049544,0.92231286,2.4493318,2.220659,1.4416997
90.44999990032372,0.8557386,2.4264474,2.0792446,1.4851305
90.49999990015202,0.88607496,2.2361555,2.7645516,1.4861525
90.54999989998032,0.9263855,2.2875466,2.5215635,1.5016017
90.5999998998086,0.9421294,2.2834632,2.5845146,1.5762192
90.64999989963688,0.8992588,2.3456361,2.5562544,1.5458207
90.69999989946515,0.92015886,2.2431717,1.8226676,1.2842095
90.74999989929346,0.9194758,2.44636,1.8451964,1.328656
90.79999989912174,0.91804415,2.5077505,2.614797,1.4593837
90.84999989895005,0.8905736,2.4450395,2.271565,1.5598942
90.89999989877832,0.8880328,2.3241754,2.4679785,1.5218775
90.9499998986066,0.8933854,2.5054858,2.424535,1.4843547
90.99999989843488,0.9963118,2.533796,2.250705,1.3970251
91.04999989826318,0.92949116,2.3617532,2.7143624,1.3854206
91.09999989809147,0.9461336,2.3373117,2.259315,1.0927836
91.14999989791976,0.9492681,2.309068,2.4994848,1.5027945
91.19999989774804,0.77985615,2.269077,2.303973,1.490833
91.24999989757632,0.86476034,2.3794289,2.5125587,1.4137274
91.29999989740462,0.8928355,2.5172772,2.5728202,1.4938517
91.3499998972329,0.9190538,2.4055786,2.6679115,1.6099507
91.3999998970612,0.9445098,2.1893044,2.5713272,1.4654553
91.44999989688948,0.8883914,2.118502,2.404334,1.5883071
91.49999989671777,0.8710193,2.3428366,2.7189848,1.6860614
91.54999989654605,0.8891055,2.4346628,2.7759585,1.7134573
91.59999989637434,0.84551066,2.3801098,2.6304102,1.744008
91.64999989620264,0.8584641,2.2904158,2.563293,1.6940104
91.69999989603092,0.9060831,2.2966697,2.4638412,1.584987
91.7499998958592,0.818815,2.2826295,2.4681582,1.7002981
91.79999989568748,0.8915151,2.39342,2.3844385,1.6346037
91.84999989551578,0.8179574,2.3620653,2.3758206,1.5663822
91.89999989534407,0.7904663,2.2773194,2.4060245,1.5372784
91.94999989517235,0.82676435,2.2391782,2.3382897,1.5496588
91.99999989500064,0.8512403,2.4070306,2.3445506,1.4576011
92.04999989482891,0.8997477,2.3110507,2.4986756,1.4974023
92.09999989465722,0.9339773,2.2382762,2.5088813,1.5089343
92.1499998944855,0.8853065,2.3345647,2.7265038,1.5004228
92.1999998943138,0.87528884,2.210214,2.7607384,1.524205
92.24999989414208,0.8431823,2.25337,2.577848,1.6336117
92.29999989397037,0.8575932,2.2408214,2.5156868,1.5435371
92.34999989379864,0.82373285,2.3330636,2.58942,1.6126919
92.39999989362694,0.84751314,2.3642402,2.571505,1.5264148
92.44999989345524,0.818308,2.218127,2.1589842,1.4333231
92.49999989328352,0.88741827,2.2993944,2.2632751,1.3897324
92.5499998931118,0.83428115,2.1805377,2.6474648,1.8112868
92.59999989294008,0.8432358,2.4133167,2.554587,1.6776714
92.64999989276838,0.8462839,2.2064474,2.1856441,1.4842482
92.69999989259667,0.85440344,2.2038152,2.3185163,1.4182664
92.74999989242497,0.8895212,2.3402724,2.452113,1.452219
92.79999989225324,0.86189955,2.189498,2.627835,1.6680076
92.84999989208153,0.89484227,2.2283096,2.8096461,1.6050266
92.8999998919098,0.9096725,2.4104865,2.4768386,1.4876447
92.9499998917381,0.92721105,2.3428776,2.6718636,1.6475552
92.9999998915664,0.8618685,2.3579195,2.6315162,1.6301953
93.04999989139468,0.8916646,2.2485657,2.5210438,1.7049854
93.09999989122296,0.9387663,2.38014,2.3153827,1.6854204
93.14999989105124,0.83798504,2.2986526,1.8746595,1.3372622
93.19999989087954,0.8563257,2.215402,1.9922652,1.449235
93.24999989070784,0.8774642,2.444529,2.2208455,1.3619126
93.29999989053613,0.86699903,2.360818,2.3092775,1.4797809
93.3499998903644,0.9473158,2.527573,2.29201,1.4168856
93.39999989019267,0.9044341,2.4446049,2.104046,1.4120489
93.44999989002096,0.85524154,2.4387846,2.1135974,1.3080068
93.49999988984926,0.821161,2.4332948,2.4604223,1.4767998
93.54999988967757,0.8431369,2.407657,2.0124164,1.4090188
93.59999988950584,0.8221614,2.4980602,2.1595972,1.3200905
93.64999988933413,0.8723749,2.3409948,1.9208608,1.3101846
93.6999998891624,0.9143615,2.2954054,2.407796,1.4828017
93.7499998889907,0.8423997,2.2980862,2.594729,1.640761
93.799999888819,0.84747255,2.4380817,2.5017147,1.4076877
93.84999988864728,0.93034434,2.5210571,2.4513435,1.6024547
93.89999988847556,0.8811573,2.318957,2.605421,1.575649
93.94999988830384,0.91875184,2.4023538,2.7661016,1.6378094
93.99999988813214,0.89086556,2.4049032,2.5414445,1.6060137
94.04999988796042,0.83621675,2.3869889,2.51631,1.5350206
94.09999988778873,0.85216165,2.5014439,2.1155505,1.3319592
94.149999887617,0.8517241,2.656004,2.7101266,1.5967382
94.19999988744529,0.86312187,2.6031475,2.5365753,1.644212
94.24999988727356,0.84119886,2.5181594,2.654455,1.5687371
94.29999988710186,0.81474894,2.3836975,2.1169841,1.5304818
94.34999988693016,0.7835131,2.5113816,2.299004,1.5876749
94.39999988675844,0.84600604,2.4626744,2.8087564,1.5637684
94.44999988658672,0.87147087,2.5792003,2.7322478,1.5322092
94.499999886415,0.8527472,2.431766,2.5547717,1.5699942
94.5499998862433,0.8726751,2.4385297,2.4157498,1.4656899
94.5999998860716,0.89982355,2.3963573,2.5428617,1.3959038
94.64999988589989,0.88192344,2.5716114,2.430262,1.535944
94.69999988572816,0.8375472,2.54767,2.7474878,1.5758505
94.74999988555643,0.8471447,2.4118676,2.4636548,1.497203
94.79999988538472,0.83665705,2.541997,2.2547894,1.2607791
94.84999988521302,0.84342563,2.6081948,2.15403,1.3868726
94.89999988504132,0.87664175,2.576149,2.6180215,1.6484377
94.9499998848696,0.8443057,2.5942583,2.2380285,1.471923
94.99999988469789,0.8726603,2.5439837,2.5984037,1.5820653
95.04999988452616,0.79983056,2.4046824,2.3767004,1.6029432
95.09999988435446,0.8199361,2.3560915,2.2014587,1.4543691
95.14999988418276,0.864422,2.4625492,2.006095,1.2890644
95.19999988401104,0.7976335,2.297155,2.5250406,1.3751676
95.24999988383932,0.8064354,2.371363,2.219256,1.5071486
95.2999998836676,0.8191856,2.3407807,2.492033,1.3068627
95.3499998834959,0.9089757,2.4940648,2.7742722,1.5532345
95.39999988332418,0.89893824,2.382113,2.4177594,1.6806704
95.44999988315249,0.8003852,2.5362933,2.7268496,1.6313486
95.49999988298076,0.91713333,2.4314752,2.6633499,1.4938214
95.54999988280905,0.8708627,2.4158714,2.535318,1.5408626
95.59999988263732,0.8857597,2.623691,2.7755146,1.5326188
95.64999988246562,0.90306413,2.4627976,2.4842827,1.6167462
95.69999988229392,0.85975766,2.610915,2.4447408,1.5497721
95.7499998821222,0.89864916,2.4291463,1.8628834,1.3439472
95.79999988195048,0.8575075,2.1932623,2.5831673,1.6041851
95.84999988177876,0.83585894,2.2600996,2.407293,1.5676603
95.89999988160706,0.8053175,2.3135095,1.9664061,1.3534131
95.94999988143535,0.8118493,2.5178668,2.2761228,1.6074835
95.99999988126365,0.83495986,2.4781554,2.5763874,1.4428604
96.04999988109192,0.8091272,2.5214803,2.5537922,1.6367089
96.09999988092021,0.73536164,2.5352168,2.49678,1.6913824
96.14999988074848,0.81016064,2.4594073,2.5372205,1.6434915
96.19999988057678,0.7942443,2.4565067,2.5230944,1.579116
96.24999988040508,0.868349,2.3908453,2.8906298,1.6340947
96.29999988023336,0.8377237,2.4437852,2.3867974,1.6040928
96.34999988006165,0.82564795,2.4013898,2.7499895,1.7948501
96.39999987988992,0.8330304,2.3258407,2.7615762,1.6039973
96.44999987971822,0.862949,2.5009208,2.551603,1.6835148
96.49999987954652,0.79733956,2.3346295,2.8485389,1.6630818
96.5499998793748,0.9004475,2.4034472,2.8651402,1.8606594
96.59999987920308,0.9078192,2.4360144,2.7870736,1.5766029
96.64999987903136,0.8605384,2.3133025,2.4720387,1.5847844
96.69999987885966,0.8259141,2.447173,2.5264325,1.7100003
96.74999987868794,0.7968137,2.4890158,2.609684,1.7238342
96.79999987851625,0.88340473,2.339206,2.635284,1.6163294
96.84999987834452,0.88871986,2.5158033,2.7283263,1.7146033
96.8999998781728,0.840186,2.3740225,2.7093782,1.688997
96.94999987800108,0.82371783,2.5080132,2.6455739,1.6424313
96.99999987782938,0.83420604,2.4986458,2.5716212,1.447998
97.04999987765768,0.7973424,2.3958526,2.7279754,1.4569604
97.09999987748596,0.80928516,2.3288152,2.6714814,1.5040864
97.14999987731424,0.8226882,2.3101702,2.9816244,1.6642728
97.19999987714252,0.82322395,2.4367201,2.7019734,1.5008392
97.24999987697082,0.84773266,2.2386034,2.6988914,1.5379951
97.2999998767991,0.80401695,2.3830695,2.472076,1.5455617
97.34999987662741,0.8311803,2.3328564,2.7955294,1.6394017
97.39999987645568,0.82959807,2.3103695,2.9488163,1.5563877
97.44999987628397,0.8148669,2.2454176,2.8418536,1.5145272
97.49999987611226,0.81143767,2.3796518,2.5952296,1.5685244
97.54999987594054,0.85193074,2.4103894,2.4055598,1.493329
97.59999987576884,0.83765316,2.395209,2.6693282,1.6515999
97.64999987559712,0.83051234,2.4301677,2.5681543,1.4293237
97.6999998754254,0.9018484,2.3611417,2.5504982,1.477099
97.74999987525368,0.83091855,2.3179767,2.4240623,1.7082845
97.79999987508198,0.8121336,2.2687182,2.5708694,1.6711688
97.84999987491027,0.8044318,2.4451857,2.6584854,1.5934877
97.89999987473855,0.7930848,2.2756333,2.6667652,1.556304
97.94999987456684,0.8447755,2.2549608,2.35351,1.2579674
97.99999987439512,0.79791033,2.3239956,2.5918665,1.4344625
98.04999987422342,0.82574755,2.2389994,2.4360726,1.3869883
98.0999998740517,0.8567912,2.1149995,2.605919,1.5128542
98.14999987388,0.86382306,2.168055,2.6235595,1.6199516
98.19999987370828,0.82904124,2.2331114,2.812735,1.58046
98.24999987353657,0.86070925,2.1237502,2.6367702,1.4417675
98.29999987336485,0.8107629,2.1706965,2.528565,1.371145
98.34999987319314,0.7971973,2.0885906,2.6420035,1.4914103
98.39999987302144,0.8792537,2.1218286,2.7204947,1.521846
98.44999987284972,0.84806794,2.123576,2.7868485,1.5734112
98.499999872678,0.8398652,2.1845412,2.825233,1.6842042
98.54999987250628,0.925717,2.1930609,3.175476,1.7523515
98.59999987233458,0.79009223,2.321992,2.7095332,1.6129129
98.64999987216287,0.8392615,2.3519037,2.563276,1.6004856
98.69999987199117,0.78574,2.3052301,2.6527166,1.5596424
98.74999987181944,0.83638275,2.1590886,2.7005773,1.4402908
98.79999987164773,0.80087066,2.3251076,2.6108716,1.4310329
98.849999871476,0.75618476,2.2226408,2.742488,1.5239185
98.8999998713043,0.81781155,2.3199606,2.7490141,1.5169693
98.9499998711326,0.8504608,2.194067,2.6876087,1.4554368
98.99999987096088,0.7548339,2.1412249,2.7473948,1.5533985
99.04999987078916,0.76613355,2.2135928,2.8780766,1.5323911
99.09999987061744,0.871394,2.0339181,2.6411033,1.4656367
99.14999987044574,0.8530123,1.9965936,2.925596,1.5779712
99.19999987027404,0.7808107,2.1507108,3.0243168,1.5313721
99.24999987010231,0.8073646,2.1059902,2.767192,1.4755638
99.2999998699306,0.789237,2.1290355,2.6244333,1.5032436
99.34999986975888,0.80743855,2.2227023,2.6759531,1.5613511
99.39999986958718,0.7943417,2.1651525,2.6803346,1.4962186
99.44999986941546,0.78222084,2.2562013,2.5204897,1.3454272
99.49999986924377,0.863703,2.3103933,2.7804363,1.4815826
99.54999986907204,0.8848368,2.3606062,2.4808493,1.424804
99.59999986890033,0.8761884,2.2458708,2.4211354,1.3828331
99.6499998687286,0.7953643,2.1976893,2.350039,1.3340038
99.6999998685569,0.8042967,2.2100904,2.129552,1.3398907
99.7499998683852,0.7980407,2.3288348,2.200087,1.2735951
99.79999986821348,0.7670282,2.2784293,2.6120415,1.4249609
99.84999986804176,0.8286555,2.4076276,2.4648952,1.2829072
99.89999986787004,0.84240806,2.3282404,2.383696,1.2932163
99.94999986769834,0.8501483,2.445664,2.611443,1.3816803
