step,time_ps,elapsed_time_ns,potential_energy_kJ_mol,kinetic_energy_kJ_mol,total_energy_kJ_mol,temperature_K,volume_nm3,density_g_mL,speed_ns_day
3775000,7550.000000620638,0.0,-1809933.7060861893,474458.0524303149,-1335475.6536558743,310.53988035774864,1636.780249107121,1.0224955364427366,0.0
3800000,7600.000000630825,0.05000000001018634,-1808117.902981164,473212.9168688898,-1334904.9861122742,309.7249205392916,1636.236398962023,1.0228353921910929,53.5
3825000,7650.000000641011,0.10000000002037268,-1809464.983326508,475035.4793955212,-1334429.5039309866,310.9178149291444,1635.8107137475035,1.0231015635150018,53.6
3850000,7700.000000651197,0.15000000003055902,-1808968.8280784397,472294.47898926056,-1336674.349089179,309.12378923211867,1633.6916364129538,1.0244286385185486,53.7
3875000,7750.000000661384,0.20000000004074536,-1808219.9325033007,474885.1769783223,-1333334.7555249785,310.8194397526343,1636.0510228259222,1.0229512866651806,53.7
3900000,7800.00000067157,0.2500000000509317,-1810660.9633897264,473083.1869081431,-1337577.7764815832,309.6400103427362,1636.5934243614145,1.0226122590604243,53.7
3925000,7850.000000681756,0.30000000006111804,-1810196.818765154,474944.1055342773,-1335252.7132308767,310.85800937248206,1637.690112356139,1.021927461259358,53.7
3950000,7900.000000691943,0.3500000000713044,-1809911.7001147247,474694.0109298306,-1335217.6891848946,310.69431871923,1634.4292740748344,1.0239663015072955,53.7
3975000,7950.000000702129,0.4000000000814907,-1807967.001541254,472876.00960105227,-1335090.9919402015,309.504409701484,1638.8738727625955,1.0211893219266035,53.8
4000000,8000.000000712315,0.45000000009167707,-1808682.2755237196,472171.4356832615,-1336510.8398404578,309.043255550947,1637.036160783563,1.0223356935796688,53.8
4025000,8050.000000722502,0.5000000001018634,-1807466.630999837,475865.7099491808,-1331600.9210506564,311.4612132242774,1635.1299644865408,1.02352750863764,53.8
4050000,8100.000000732688,0.5500000001120497,-1806204.4937834963,472796.3764805868,-1333408.1173029095,309.45228863498465,1637.3347227781246,1.022149274407376,53.8
4075000,8150.000000742874,0.6000000001222361,-1810873.1415228508,473669.25669516274,-1337203.884827688,310.0236017700713,1634.4576691162445,1.023948512386119,53.8
4100000,8200.00000075306,0.6500000001324215,-1806757.90828617,474306.6878109839,-1332451.220475186,310.4408099540814,1636.9801415502354,1.022370679014314,53.8
4125000,8250.000000763246,0.7000000001426079,-1809407.479354971,472353.9711443041,-1337053.508210667,309.16272773598604,1635.913238096353,1.023037444697962,53.8
4150000,8300.000000773432,0.7500000001527942,-1808575.459710543,471990.9889058741,-1336584.470804669,308.92515044055045,1638.9372745703486,1.0211498175172082,53.8
4175000,8350.000000783619,0.8000000001629806,-1807025.7352891257,474440.0274842163,-1332585.7078049094,310.52808276136204,1639.9988997311912,1.0204887936961289,53.8
4200000,8400.000000793805,0.8500000001731669,-1809363.1547092383,474370.5697923398,-1334992.5849168987,310.48262166482306,1631.2872333541998,1.0259385745381329,53.8
4225000,8450.000000803991,0.9000000001833532,-1804959.0065190091,474341.3635728258,-1330617.6429461837,310.4635057580171,1639.0072764698446,1.0211062042716037,53.7
4250000,8500.000000814178,0.9500000001935396,-1811333.4867464292,472939.90596571664,-1338393.580780713,309.5462308263158,1635.8044054092072,1.0231055090177483,53.7
4275000,8550.000000824364,1.000000000203726,-1808457.4390137624,472084.1703937476,-1336373.268620015,308.98613911583493,1636.9699951667055,1.0223770159447705,53.7
4300000,8600.00000083455,1.0500000002139123,-1809281.6389568783,474285.47933691286,-1334996.1596199656,310.4269286910975,1635.5356842496935,1.023273606908449,53.7
4325000,8650.000000844737,1.1000000002240986,-1809426.0290769832,474768.5091544332,-1334657.51992255,310.7430789197081,1636.1689570672506,1.022877552847296,53.6
4350000,8700.000000854923,1.150000000234285,-1806488.465840552,471991.395964922,-1334497.06987563,308.92541686677583,1635.6380369164692,1.0232095739255125,53.6
4375000,8750.00000086511,1.2000000002444713,-1808745.8222764088,473856.52775155776,-1334889.294524851,310.14617347298474,1638.149274727732,1.021641021773075,53.6
4400000,8800.000000875296,1.2500000002546576,-1811956.084357367,473131.6461860532,-1338824.4381713136,309.67172766376666,1631.5841396611452,1.0257518801311976,53.6
4425000,8850.000000885482,1.300000000264844,-1806418.9343398816,474084.3108882184,-1332334.6234516636,310.2952609373955,1637.515842052064,1.022036218441941,53.6
4450000,8900.000000895669,1.3500000002750303,-1806114.0589792735,476462.0064125121,-1329652.0525667616,311.8514981639726,1635.8302521758371,1.02308934354502,53.6
4475000,8950.000000905855,1.4000000002852167,-1808498.619958996,473979.66532607743,-1334518.9546329184,310.2267688543109,1635.8572824345515,1.0230724384213636,53.6
4500000,9000.000000916041,1.450000000295403,-1808845.1533919277,476494.66948531487,-1332350.4839066127,311.87287663287697,1636.2942383001205,1.0227992372498345,53.5
4525000,9050.000000926228,1.5000000003055893,-1807470.068453895,475326.6180976285,-1332143.4503562665,311.1083695572233,1638.873459841897,1.0211895792193224,53.5
4550000,9100.000000936414,1.5500000003157757,-1806532.6802111547,473843.1509903099,-1332689.5292208449,310.13741818299394,1637.085291233848,1.0223050123358526,53.5
4575000,9150.0000009466,1.600000000325962,-1808514.045966206,474147.10251474526,-1334366.943451461,310.33635899461945,1637.098184563894,1.0222969609458652,53.5
4600000,9200.000000956788,1.6500000003361501,-1806920.1025969004,474004.9122711586,-1332915.190325742,310.243293356877,1637.986027490043,1.0217428419790568,53.4
4625000,9250.000000966971,1.700000000346333,-1808062.7900007984,473527.74569069606,-1334535.0443101022,309.9309807044759,1638.0694614172585,1.0216908002189735,53.4
4650000,9300.00000097716,1.750000000356521,-1808472.4848416224,473835.2864720056,-1334637.1983696169,310.1322707383236,1638.6866191061229,1.0213060138140286,53.4
4675000,9350.000000987346,1.8000000003667074,-1809357.2558085024,474813.51170005056,-1334543.744108452,310.7725337578339,1638.138540807895,1.0216477160865025,53.4
4700000,9400.000000997532,1.8500000003768937,-1808743.911611012,474399.0400627541,-1334344.871548258,310.5012558819534,1636.2076450218383,1.0228533670170723,53.4
4725000,9450.000001007718,1.90000000038708,-1810334.7441465668,473329.33927670826,-1337005.4048698586,309.80112074373466,1636.3801517653628,1.0227455380977,53.4
4750000,9500.000001017905,1.9500000003972664,-1808277.596178866,475645.7208234959,-1332631.87535537,311.3172270564376,1638.9475228159615,1.021143432325497,53.4
4775000,9550.000001028093,2.0000000004074545,-1808989.951944324,474791.114339001,-1334198.8376053232,310.75787435056907,1635.0606406867494,1.023570904469161,53.4
4800000,9600.000001038276,2.0500000004176373,-1808125.323465021,475064.2534590805,-1333061.0700059407,310.93664798342456,1639.4804717145137,1.0208114873728669,53.4
4825000,9650.000001048464,2.1000000004278254,-1807538.3573288836,474103.85348210897,-1333434.5038467743,310.3080518569248,1639.4585225293504,1.0208251540683309,53.4
4850000,9700.00000105865,2.1500000004380118,-1806472.00186178,474163.7510850249,-1332308.2507767552,310.34725573247914,1637.8522966827677,1.021826267386441,53.4
4875000,9750.000001068836,2.200000000448198,-1808922.1473774984,473195.8199685181,-1335726.3274089803,309.7137303626916,1641.3984842685188,1.0196186452526756,53.4
4900000,9800.000001079025,2.250000000458386,-1805623.643953029,474198.5217202877,-1331425.1222327414,310.37001363248555,1640.111761467902,1.0204185703490034,53.4
4925000,9850.000001089207,2.300000000468569,-1807885.620925936,473305.3300988421,-1334580.290827094,309.7854063782943,1638.2248889282153,1.0215938667276572,53.4
4950000,9900.000001099395,2.350000000478757,-1806203.6692339107,474995.1012246667,-1331208.568009244,310.89138681335623,1638.4596697891427,1.0214474788171268,53.4
4975000,9950.000001109582,2.4000000004889435,-1807008.1804097053,473990.3327899676,-1333017.8476197375,310.23375086872335,1638.938290054559,1.0211491848139986,53.4
5000000,10000.000001119768,2.45000000049913,-1809749.5359501613,472780.66499652894,-1336968.8709536323,309.4420052340505,1636.2085906898456,1.0228527758456831,53.4
5025000,10050.000001129954,2.500000000509316,-1810892.409929661,474036.9290814041,-1336855.480848257,310.264248837287,1636.0349485320496,1.0229613373182025,53.4
5050000,10100.00000114014,2.5500000005195025,-1809448.692623773,474719.1482422347,-1334729.544381538,310.7107714655719,1634.3184031104745,1.0240357666317803,53.4
5075000,10150.000001150329,2.6000000005296906,-1808768.770273001,474243.6295849128,-1334525.1406880885,310.39953740347465,1637.3502877294527,1.0221395576694086,53.4
5100000,10200.000001160512,2.6500000005398734,-1806627.677480467,474468.829514048,-1332158.8479664186,310.5469341199852,1639.838016103794,1.0205889133038193,53.4
5125000,10250.0000011707,2.7000000005500615,-1808960.9672619216,472168.8119083548,-1336792.1553535669,309.04153825108995,1635.268976775838,1.0234404997698912,53.4
5150000,10300.000001180886,2.750000000560248,-1808944.19675879,473365.8623806685,-1335578.3343781214,309.8250256606731,1639.2406521638568,1.0209608312485716,53.4
5175000,10350.000001191072,2.800000000570434,-1810689.626029732,475738.36711689696,-1334951.2589128348,311.3778654389479,1634.29248173693,1.0240520087756602,53.4
5200000,10400.00000120126,2.8500000005806223,-1809150.8141496507,473723.1557907108,-1335427.65835894,310.0588795329781,1638.204703827423,1.0216064542724983,53.4
5225000,10450.000001211443,2.900000000590805,-1808644.7927096933,474436.0947904448,-1334208.6979192486,310.52550875456205,1633.9728005733764,1.024252361032191,53.4
5250000,10500.000001221631,2.950000000600993,-1811325.2124868669,473606.7139789722,-1337718.4985078946,309.9826666283795,1634.106118081848,1.024168798054666,53.4
5275000,10550.000001231818,3.0000000006111796,-1811936.0255879164,475126.9055793931,-1336809.120008523,310.977654731748,1636.1676825222762,1.0228783496503735,53.4
5300000,10600.000001242004,3.050000000621366,-1808750.1305840723,473929.1005204712,-1334821.0300636012,310.1936734339616,1637.5699750794902,1.022002433067584,53.4
5325000,10650.00000125219,3.1000000006315522,-1810408.1121688364,475413.5505694373,-1334994.561599399,311.1652681581774,1636.462885350287,1.0226938318197332,53.4
5350000,10700.000001262377,3.1500000006417386,-1810325.6214941803,474632.87560111465,-1335692.7458930658,310.6543047336567,1635.043457231516,1.0235816616663092,53.4
5375000,10750.000001272563,3.200000000651925,-1806077.318594453,473696.1532685458,-1332381.165325907,310.04120597899475,1640.9231117586953,1.0199140269625089,53.4
5400000,10800.00000128275,3.2500000006621113,-1809448.3358387668,474612.33261606784,-1334836.0032226988,310.64085904317693,1637.2515343007892,1.022201209641496,53.4
5425000,10850.000001292936,3.3000000006722976,-1806909.5613189277,474927.2544878142,-1331982.3068311133,310.8469801109367,1635.3297341797097,1.0234024758860936,53.4
5450000,10900.000001303122,3.350000000682484,-1807899.0628211256,474371.85026245896,-1333527.2125586667,310.4834597516372,1636.7399931569305,1.0225206849266482,53.4
5475000,10950.000001313309,3.4000000006926703,-1808232.648129715,472924.39666625,-1335308.2514634647,309.5360797582159,1635.3849672711794,1.0233679117414474,53.4
5500000,11000.000001323497,3.4500000007028584,-1809421.314250282,473552.6849316335,-1335868.6293186485,309.9473038100851,1632.4482598969591,1.025208908584521,53.4
5525000,11050.00000133368,3.500000000713041,-1807182.213013173,475401.0267111864,-1331781.1863019867,311.1570711059345,1639.9401924044355,1.0205253256192683,53.4
5550000,11100.000001343868,3.5500000007232293,-1808307.8175295412,474246.6859966788,-1334061.1315328623,310.4015378706167,1639.0371860563348,1.0210875708540144,53.4
5575000,11150.000001354054,3.6000000007334156,-1807652.117127739,469905.6985396821,-1337746.4185880567,307.5602967564125,1637.941198482475,1.021770806180481,53.4
5600000,11200.00000136424,3.650000000743602,-1808095.2675962225,474045.78369256,-1334049.4839036623,310.27004431251373,1638.266226514019,1.0215680893396848,53.4
5625000,11250.000001374428,3.70000000075379,-1809141.3760258292,474207.2806973338,-1334934.0953284956,310.37574651375934,1635.4119223218622,1.0233510444717695,53.4
5650000,11300.000001384611,3.750000000763973,-1809857.9142003693,474867.1896249869,-1334990.7245753824,310.8076667612726,1637.5945919699418,1.0219870699721882,53.4
5675000,11350.0000013948,3.800000000774161,-1808716.0806347365,474880.9490571195,-1333835.131577617,310.8166725150719,1638.2344281000271,1.0215879181532346,53.4
5700000,11400.000001404986,3.8500000007843473,-1808539.1102931688,473810.6406231033,-1334728.4696700652,310.11613966218266,1638.1686522152484,1.021628937036794,53.4
5725000,11450.000001415172,3.9000000007945337,-1808232.4958905429,473421.8616232386,-1334810.6342673043,309.8616780011672,1638.3636101530649,1.0215073677651478,53.4
5750000,11500.000001425358,3.95000000080472,-1807955.661228269,473214.32968537055,-1334741.331542899,309.7258452487756,1635.888060662542,1.0230531899424993,53.4
5775000,11550.000001435545,4.000000000814906,-1807874.190252195,472285.0311121842,-1335589.1591400108,309.1176054554879,1638.2472028434822,1.0215799520028586,53.4
5800000,11600.000001445733,4.0500000008250945,-1810317.9757453064,471958.1478215909,-1338359.827923715,308.903655460474,1634.1553669999782,1.0241379324427995,53.4
5825000,11650.000001455915,4.100000000835277,-1809779.0133720117,473097.9747245664,-1336681.0386474452,309.6496891894105,1636.1386928022705,1.0228964733932364,53.4
5850000,11700.000001466104,4.150000000845465,-1806782.9791811325,475227.0966176959,-1331555.8825634364,311.04323126246146,1637.291472759117,1.0221762750827488,53.4
5875000,11750.00000147629,4.200000000855652,-1811117.2465431928,474123.0331193866,-1336994.2134238067,310.3206052159309,1636.6468972953935,1.0225788480186746,53.4
5900000,11800.000001486476,4.250000000865838,-1810770.0341755264,474639.4007207534,-1336130.6334547729,310.65857552189937,1631.4412669917497,1.025841709849384,53.4
5925000,11850.000001496664,4.300000000876026,-1811327.8938356435,474429.499710993,-1336898.3941246504,310.5211921765771,1640.5350496068086,1.020155283637968,53.4
5950000,11900.000001506847,4.350000000886209,-1808650.952096592,474755.9949973764,-1333894.9570992154,310.7348882170416,1639.18819619129,1.0209935032099,53.4
5975000,11950.000001517035,4.400000000896397,-1807260.732127149,474623.7029060692,-1332637.0292210793,310.6483010677744,1640.3094652514778,1.0202955809884815,53.4
6000000,12000.000001527222,4.450000000906583,-1809013.7547963737,473790.49882625294,-1335223.255970121,310.10295655536834,1638.3633398867055,1.0215075362742143,53.4
6025000,12050.000001537408,4.50000000091677,-1809444.0074481089,474448.8552850128,-1334995.152163096,310.53386068880815,1637.083991184348,1.02230582417393,53.4
6050000,12100.000001547594,4.550000000926956,-1808218.5612307845,474603.9686129317,-1333614.5926178526,310.63538467822536,1639.0657339573395,1.0210697863891902,53.4
6075000,12150.00000155778,4.6000000009371425,-1808318.671908628,474787.64562301134,-1333531.026285617,310.7556040241558,1640.8460025139138,1.0199619563844295,53.4
6100000,12200.000001567969,4.650000000947331,-1808382.1173345875,474613.5880368866,-1333768.5292977009,310.6416807348499,1634.9119642495418,1.0236639864690689,53.4
6125000,12250.000001578152,4.700000000957513,-1810428.6080873944,473895.60986197775,-1336532.9982254163,310.1717532978645,1634.7427042252543,1.0237699758646872,53.4
6150000,12300.00000158834,4.7500000009677015,-1807528.678023464,473389.4033811871,-1334139.274642277,309.84043359704833,1637.8375259536415,1.021835482658878,53.4
6175000,12350.000001598526,4.800000000977888,-1809595.363341968,474026.1239964871,-1335569.2393454805,310.2571767478574,1635.6420178317844,1.0232070835818927,53.4
6200000,12400.000001608712,4.850000000988074,-1809024.8626503304,474639.0909390706,-1334385.7717112596,310.658372765162,1636.3526040920424,1.0227627558170982,53.4
6225000,12450.0000016189,4.900000000998262,-1810637.4814403588,473896.2650023941,-1336741.2164379647,310.1721820970501,1638.1400199286686,1.0216467936132452,53.4
6250000,12500.000001629083,4.950000001008445,-1809509.1161267825,475619.580094673,-1333889.5360321093,311.3001175590657,1638.2050543073665,1.0216062357085454,53.4
6275000,12550.000001639271,5.000000001018633,-1811175.66927935,473623.0193693715,-1337552.6499099785,309.99333874988287,1636.1886125846206,1.022865265029527,53.4
6300000,12600.000001649458,5.0500000010288195,-1810753.5553294728,473121.3766522452,-1337632.1786772276,309.66500610053527,1635.7778783154038,1.0231221005221134,53.4
6325000,12650.000001659644,5.100000001039006,-1810107.465322312,472654.4100512442,-1337453.0552710677,309.3593694870072,1635.0197190628005,1.0235965226211317,53.5
6350000,12700.00000166983,5.150000001049192,-1810873.7773616023,475308.3450993525,-1335565.43226225,311.0964096069825,1641.1492875812323,1.0197734669929126,53.5
6375000,12750.000001680017,5.2000000010593785,-1809015.0670455808,473677.1624395517,-1335337.904606029,310.0287761978297,1639.9621889472642,1.0205116374811,53.5
6400000,12800.000001690203,5.250000001069565,-1810257.9972298257,473785.855887117,-1336472.1413427088,310.09991768237126,1638.5611684475198,1.0213842065080432,53.5
6425000,12850.00000170039,5.300000001079751,-1807573.478602487,474388.1211117103,-1333185.3574907763,310.4941092654434,1638.4491292372577,1.0214540500435116,53.5
6450000,12900.000001710576,5.350000001089938,-1807459.2073627524,474893.81875012367,-1332565.388612629,310.8250959213252,1636.1517935338802,1.0228882830210375,53.5
6475000,12950.000001720762,5.400000001100124,-1809782.8889263363,473057.0593167968,-1336725.8296095398,309.6229094440389,1637.469429019353,1.02206518741052,53.5
6500000,13000.000001730948,5.45000000111031,-1805857.450840156,474961.40483731794,-1330896.0460028376,310.8693320246512,1638.1486754934908,1.021641395489021,53.5
6525000,13050.000001741137,5.500000001120498,-1806613.2793775585,472476.77555335447,-1334136.5038242035,309.2431050555374,1638.2906439081528,1.0215528636953437,53.5
6550000,13100.00000175132,5.550000001130681,-1808214.187872365,473986.8363541277,-1334227.3515182375,310.23146239925416,1638.6989536363794,1.0212983264167186,53.5
6575000,13150.000001761508,5.600000001140869,-1809016.5259059824,473779.3259217173,-1335237.1999842653,310.09564372250577,1637.0140789149368,1.0223494839818212,53.5
6600000,13200.000001771694,5.650000001151056,-1807906.1640407809,473217.6176238433,-1334688.5464169374,309.72799725360454,1637.1495645207272,1.022264877393536,53.5
6625000,13250.00000178188,5.700000001161242,-1806299.923291239,477143.4877957713,-1329156.4354954676,312.2975379058197,1638.9826984282893,1.0211215166911582,53.5
6650000,13300.000001792068,5.75000000117143,-1806198.9067215296,473674.3138200473,-1332524.5929014822,310.02691173382584,1637.3045778036817,1.0221680935471813,53.5
6675000,13350.000001802253,5.800000001181615,-1809015.985699445,472284.4395944133,-1336731.5461050316,309.11721829827377,1636.567874738092,1.022628223786622,53.5
6700000,13400.00000181244,5.850000001191801,-1807283.9186807787,474248.06146614,-1333035.8572146387,310.4024381359188,1634.0270236860254,1.0242183725177123,53.5
6725000,13450.000001822626,5.900000001201987,-1809467.032220794,474405.3140321963,-1335061.7181885976,310.50536228864195,1635.9922882284295,1.0229880121635275,53.5
6750000,13500.000001832812,5.950000001212174,-1809882.7184255188,472734.1159049511,-1337148.6025205678,309.4115381584992,1636.8858453952255,1.022429574767061,53.5
6775000,13550.000001842998,6.00000000122236,-1809205.223160008,473537.84602028487,-1335667.3771397232,309.9375915210192,1635.9194770129404,1.023033543133507,53.5
6800000,13600.000001853185,6.050000001232546,-1810221.0952933652,473839.9342242158,-1336381.1610691496,310.1353127615497,1634.4731538789724,1.0239388116457169,53.5
6825000,13650.000001863373,6.1000000012427344,-1807731.7589025963,474452.5529371785,-1333279.205965418,310.5362808573674,1640.2742508654355,1.0203174853026211,53.5
6850000,13700.000001873555,6.150000001252917,-1808358.492521666,474270.1073065275,-1334088.3852151386,310.41686746766106,1636.1687619620166,1.022877674820511,53.5
6875000,13750.000001883744,6.200000001263105,-1808684.298438156,473687.56512504135,-1334996.7333131146,310.0355849108251,1641.9088594933578,1.0193017043382562,53.5
6900000,13800.00000189393,6.250000001273292,-1810856.201150291,473500.4573030768,-1337355.743847214,309.91312004728394,1635.1254091496914,1.0235303601085732,53.5
6925000,13850.000001904116,6.300000001283478,-1809244.9095726227,475667.11846447975,-1333577.791108143,311.3312321319907,1636.8657989714236,1.022442096292391,53.5
6950000,13900.000001914304,6.350000001293666,-1810466.8258151372,474172.7628860388,-1336294.0629290987,310.3531540908152,1636.4168950763542,1.0227225738656118,53.5
6975000,13950.000001924487,6.400000001303849,-1808230.2864967536,473305.0706514877,-1334925.215845266,309.7852365661265,1638.6647646899996,1.021319634688228,53.5
7000000,14000.000001934675,6.450000001314037,-1809640.0579807311,472988.75418572064,-1336651.3037950103,309.5782027157548,1633.9007643063153,1.0242975188032313,53.5
7025000,14050.000001944862,6.500000001324223,-1809077.3914051391,474103.46520363743,-1334973.9262015016,310.30779772286706,1635.0619152658962,1.023570106565352,53.5
7050000,14100.000001955048,6.55000000133441,-1811536.300891417,472465.81410414295,-1339070.486787274,309.235930623342,1633.6287856323563,1.0244680514746398,53.5
7075000,14150.000001965234,6.600000001344596,-1808486.076513772,473726.1847488792,-1334759.8917648927,310.06086203133054,1637.7604734476806,1.0218835574450846,53.5
7100000,14200.00000197542,6.650000001354782,-1808307.9235701396,474105.9793592803,-1334201.944210859,310.30944327527897,1636.1807769229265,1.0228701635262507,53.5
7125000,14250.000001985609,6.7000000013649705,-1809024.3216955357,474298.6365947129,-1334725.6851008227,310.4355403128038,1637.1265111412526,1.0222792725303698,53.5
7150000,14300.000001995792,6.750000001375153,-1809618.8960496625,473333.7585727968,-1336285.1374768657,309.8040132390176,1639.3463082848928,1.020895030166388,53.5
7175000,14350.00000200598,6.800000001385341,-1811310.7155536276,475421.5694006479,-1335889.1461529797,311.17051660294925,1636.4131808654772,1.022724895166462,53.5
7200000,14400.000002016166,6.850000001395528,-1812391.6896099525,473957.40832275065,-1338434.2812872017,310.2122013132715,1634.9739795481678,1.0236251584335117,53.5
7225000,14450.000002026352,6.900000001405714,-1811451.3018407384,473578.0372630381,-1337873.2645777003,309.96389728957365,1637.2463151241775,1.0222044681912918,53.5
7250000,14500.00000203654,6.950000001415902,-1808736.0261571128,474229.3461427101,-1334506.6800144026,310.3901886772596,1638.3811226563844,1.0214964489679756,53.5
7275000,14550.000002046723,7.000000001426085,-1808954.956209965,473670.3086197663,-1335284.6475901988,310.0242902704326,1635.0999583193443,1.0235462916712998,53.5
7300000,14600.000002056911,7.050000001436273,-1808888.5583533456,474669.2480054588,-1334219.310347887,310.678111015446,1636.0688217793827,1.0229401578776252,53.5
7325000,14650.000002067098,7.1000000014464595,-1805726.78073804,473927.5661994032,-1331799.2145386366,310.19266919791073,1637.5014407429474,1.0220452069283896,53.6
7350000,14700.000002077284,7.150000001456646,-1806497.68925084,476414.6887372149,-1330083.0005136249,311.8205280388997,1639.4944594559854,1.0208027780740372,53.6
7375000,14750.00000208747,7.200000001466832,-1805474.395744115,473474.2758158131,-1332000.119928302,309.8959838729039,1641.019305411971,1.0198542414036451,53.6
7400000,14800.000002097657,7.2500000014770185,-1808179.7064789608,476490.90220631886,-1331688.804272642,311.8704108925176,1639.8984713123946,1.0205512890748023,53.6
7425000,14850.000002107843,7.300000001487205,-1812770.0555340776,473940.41604157066,-1338829.639492507,310.20107961149495,1635.6007591700327,1.0232328943763218,53.6
7450000,14900.00000211803,7.350000001497391,-1807718.8624772253,475278.7337405869,-1332440.1287366385,311.0770285304865,1635.3466670984558,1.023391879239329,53.6
7475000,14950.000002128216,7.4000000015075775,-1808701.4753157469,473978.5448713373,-1334722.9304444096,310.22603549995176,1636.6042738418248,1.022605479894655,53.6
7500000,15000.000002138402,7.450000001517764,-1808830.976788042,475372.6196854608,-1333458.3571025813,311.1384782833974,1638.581284802792,1.0213716672902708,53.6
7525000,15050.000002148588,7.50000000152795,-1809029.4786949968,474114.9139357719,-1334914.564759225,310.315291089012,1637.157773028989,1.0222597518828307,53.6
7550000,15100.000002158777,7.550000001538138,-1809245.70285836,474784.9001484564,-1334460.802709903,310.75380707006167,1636.7493972085138,1.0225148099666317,53.6
7575000,15150.00000216896,7.600000001548321,-1807551.5191704475,476932.6828668399,-1330618.836303607,312.159562931902,1639.1770357273097,1.0210004547233535,53.6
7600000,15200.000002179147,7.650000001558509,-1810743.3673339365,474802.93382337806,-1335940.4335105584,310.7656103795932,1637.7625091612133,1.0218822872595876,53.6
7625000,15250.000002189334,7.700000001568696,-1809843.901888664,472073.7301357518,-1337770.171752912,308.9793058110732,1637.034474850925,1.022336746452494,53.6
7650000,15300.00000219952,7.750000001578882,-1812700.8181340727,474217.2552141674,-1338483.562919906,310.38227498397555,1637.0496022118796,1.022327299422325,53.6
7675000,15350.000002209708,7.80000000158907,-1809708.7651873352,473878.3080226731,-1335830.457164662,310.1604289856727,1638.273823507712,1.021563352130178,53.6
7700000,15400.000002219893,7.850000001599255,-1808764.969378108,474887.0671298226,-1333877.9022482857,310.8206768850167,1638.7029086238024,1.021295861526948,53.6
7725000,15450.00000223008,7.900000001609441,-1809237.2270656032,474447.54336816,-1334789.6836974432,310.5330020196373,1638.1482945747975,1.021641633051339,53.6
7750000,15500.000002240266,7.950000001619627,-1805818.1660067176,473432.67395904666,-1332385.4920476712,309.86875483641325,1639.938550353657,1.0205263474590225,53.6
7775000,15550.000002250452,8.000000001629813,-1811302.0273397723,472824.1343464601,-1338477.8929933123,309.4704565727046,1634.1449180551992,1.024144480919978,53.6
7800000,15600.000002260638,8.050000001639999,-1809831.105493704,472773.6915451469,-1337057.4139485569,309.437441005987,1636.6196439379949,1.0225958762310128,53.6
7825000,15650.000002270825,8.100000001650185,-1809664.0589632576,473769.7773338288,-1335894.281629429,310.0893940291445,1636.2423212149197,1.0228316901172705,53.6
7850000,15700.00000228101,8.150000001660372,-1807978.9352085616,475246.891680824,-1332732.0435277375,311.0561874268769,1636.6184804023624,1.0225966032341316,53.6
7875000,15750.000002291195,8.200000001670556,-1811041.5285514572,474075.32244230463,-1336966.2061091529,310.2893778653212,1633.857536895193,1.024324618919953,53.6
7900000,15800.000002301384,8.250000001680746,-1807746.480867881,474185.4730445736,-1333561.0078233078,310.3614730793759,1636.262325549769,1.0228191853573037,53.6
7925000,15850.00000231157,8.300000001690933,-1807464.875651084,473226.2052719986,-1334238.6703790852,309.7336179975608,1640.3607796298363,1.0202636637211764,53.6
7950000,15900.000002321756,8.350000001701119,-1809723.056089445,473349.4445608987,-1336373.6115285463,309.81427995246787,1634.4892924384228,1.0239287015168457,53.6
7975000,15950.000002331944,8.400000001711305,-1810765.68389088,475716.4672524469,-1335049.2166384333,311.3635316506365,1638.287600257117,1.021554761561403,53.6
8000000,16000.000002342127,8.450000001721488,-1809209.516500526,473580.5326033564,-1335628.9838971696,309.96553052707463,1636.5713003085827,1.0226260832840568,53.6
8025000,16050.000002352315,8.500000001731678,-1808057.751682206,474606.4416478489,-1333451.310034357,310.6370033165084,1641.4094403525382,1.019611839499479,53.6
8050000,16100.000002362502,8.550000001741864,-1808455.8257590327,473002.99691336975,-1335452.828845663,309.5875247936866,1637.0224964350448,1.0223442270917311,53.6
8075000,16150.000002372688,8.60000000175205,-1808078.8458194016,472445.6357762321,-1335633.2100431696,309.2227236064031,1637.5140948123906,1.0220373089621593,53.6
8100000,16200.000002382874,8.650000001762237,-1808389.006678435,472992.412330728,-1335396.594347707,309.58059702628896,1636.0782036461574,1.022934291967146,53.6
8125000,16250.00000239306,8.700000001772423,-1809449.5317324605,473739.8541588662,-1335709.6775735945,310.0698088642912,1636.9230161281898,1.0224063577578777,53.6
8150000,16300.000002403249,8.75000000178261,-1809475.0679620916,473787.5922872392,-1335687.4756748525,310.10105418218075,1636.4185642600107,1.022721530665637,53.6
8175000,16350.000002413432,8.800000001792792,-1810524.3040410671,474842.71145693504,-1335681.5925841322,310.7916454347523,1635.3597931072045,1.0233836651137176,53.6
8200000,16400.000002423618,8.850000001802979,-1808427.822129996,472919.70143555175,-1335508.1206944438,309.53300665961035,1638.8036570695888,1.0212330754999015,53.6
8225000,16450.000002433804,8.900000001813165,-1808713.482148569,474915.3196949789,-1333798.1624535902,310.83916861080473,1635.6883047088638,1.0231781287618524,53.6
8250000,16500.00000244399,8.950000001823351,-1809613.0289779997,474555.6891497994,-1335057.3398282002,310.6037850486521,1638.1420485308724,1.0216455284513266,53.6
8275000,16550.000002454177,9.000000001833538,-1806393.3292498093,473848.1018781405,-1332545.227371669,310.1406586130103,1639.2320439778136,1.020966192674253,53.6
8300000,16600.000002464363,9.050000001843724,-1809706.1100288955,473873.6959164504,-1335832.4141124452,310.1574102932777,1636.0822143190007,1.0229317843579626,53.6
8325000,16650.00000247455,9.10000000185391,-1809496.2473739004,472867.3245252738,-1336628.9228486265,309.4987251896935,1638.5680879077438,1.0213798933351923,53.6
8350000,16700.000002484736,9.150000001864097,-1810651.907101635,475299.0547353123,-1335352.852366323,311.09032892498595,1637.4483505872022,1.0220783441807464,53.6
8375000,16750.000002494922,9.200000001874283,-1807609.598099565,472639.7426336523,-1334969.8554659127,309.349769443166,1639.0701769606092,1.0210670185904325,53.6
8400000,16800.00000250511,9.25000000188447,-1810075.257665899,475323.9169666077,-1334751.3406992909,311.1066016266344,1636.3353727925053,1.0227735259389776,53.6
8425000,16850.000002515295,9.300000001894656,-1811238.962672232,475964.8947868942,-1335274.0678853374,311.52613118167966,1636.1537657003084,1.0228870500648364,53.6
8450000,16900.00000252548,9.350000001904842,-1808365.4118520943,474384.6799661564,-1333980.731885938,310.49185698429204,1637.8872545726736,1.0218044582600443,53.6
8475000,16950.000002535668,9.400000001915028,-1808119.1203593255,474519.754235323,-1333599.3661240027,310.5802651105143,1638.4121120219029,1.0214771281105426,53.6
8500000,17000.000002545854,9.450000001925215,-1810007.750649806,476040.14671973407,-1333967.603930072,311.57538469545415,1637.8050076681586,1.0218557709946603,53.6
8525000,17050.00000255604,9.500000001935401,-1810297.5148353083,474782.1692907744,-1335515.3455445338,310.7520196829292,1637.5892514692655,1.0219904028730564,53.6
8550000,17100.000002566227,9.550000001945588,-1806843.8321473373,474999.2267251794,-1331844.605422158,310.89408701504755,1634.4924913810726,1.0239266975375,53.6
8575000,17150.000002576413,9.600000001955774,-1809612.0852131648,472442.84287943103,-1337169.2423337337,309.2208956137408,1637.86922221995,1.021815707960665,53.6
8600000,17200.0000025866,9.65000000196596,-1808801.7217900185,474438.9217378162,-1334362.8000522023,310.5273590338312,1637.2554377971433,1.0221987725393782,53.6
8625000,17250.000002596786,9.700000001976147,-1807476.0286292424,475670.2587363197,-1331805.7698929226,311.3332874868034,1641.4129358461496,1.0196096681709894,53.6
8650000,17300.000002606972,9.750000001986333,-1806357.880607713,474253.2130397885,-1332104.6675679246,310.40580991779973,1637.522668644521,1.0220319577224568,53.6
8675000,17350.00000261716,9.80000000199652,-1807527.971901035,473866.1194343762,-1333661.8524666587,310.1524513726212,1637.7225531773577,1.0219072184129707,53.6
8700000,17400.000002627345,9.850000002006706,-1807661.396769247,474777.3757521556,-1332884.021017091,310.7488822403216,1641.0902269398734,1.0198101672754525,53.6
8725000,17450.00000263753,9.900000002016892,-1805748.7808315635,472746.7668244286,-1333002.0140071348,309.4198183742123,1638.8563796109097,1.0212002221006098,53.6
8750000,17500.000002647717,9.950000002027078,-1809903.486106329,472445.3250991335,-1337458.1610071952,309.2225202636028,1637.998295654354,1.021735189401455,53.6
8775000,17550.000002657904,10.000000002037265,-1809596.1743993096,472779.86646181287,-1336816.3079374968,309.4414825811544,1639.5980202989508,1.0207383017847944,53.6
8800000,17600.00000266809,10.050000002047451,-1807489.9520252,474146.7638884626,-1333343.1881367376,310.3361373586607,1636.250638507708,1.0228264909195193,53.6
8825000,17650.000002678276,10.100000002057637,-1806890.80114536,473832.983112632,-1333057.818032728,310.1307631552177,1637.4290019764553,1.0220904215263964,53.6
8850000,17700.000002688463,10.150000002067824,-1808588.361832533,472566.3929881904,-1336021.9688443425,309.3017610048871,1637.274920432403,1.0221866089585403,53.6
8875000,17750.00000269865,10.20000000207801,-1809019.3846488288,474143.6773820309,-1334875.7072667978,310.33411719411066,1637.3795220347058,1.022121308058101,53.6
8900000,17800.000002708835,10.250000002088196,-1809980.668025392,473547.9634309205,-1336432.7045944715,309.9442135173627,1638.2566410687127,1.0215740665381297,53.6
8925000,17850.00000271902,10.300000002098383,-1806487.1102154783,472199.3098155912,-1334287.8003998874,309.06149958679885,1636.349166801923,1.0227649042169544,53.6
8950000,17900.000002729208,10.350000002108569,-1810875.5088267575,473664.5794249209,-1337210.9294018368,310.02054042685273,1637.6938631213543,1.0219251207669984,53.6
8975000,17950.000002739394,10.400000002118755,-1807883.0630454384,472781.5090409648,-1335101.5540044736,309.44255767373784,1638.7354234470656,1.0212755975758785,53.6
9000000,18000.00000274958,10.450000002128942,-1809380.1767655043,474788.1018380289,-1334592.0749274753,310.7559026236974,1636.1651407780191,1.0228799386679523,53.6
9025000,18050.000002759767,10.500000002139128,-1809446.255531299,474143.9899913096,-1335302.265539989,310.3343218015517,1640.267864962946,1.020321457609894,53.6
9050000,18100.000002769957,10.550000002149318,-1809647.6951780869,473074.3239127618,-1336573.371265325,309.63420937990884,1636.8934607237848,1.022424818112259,53.6
9075000,18150.00000278014,10.6000000021595,-1809841.354613375,473533.0679327838,-1336308.286680591,309.93446419139894,1633.4733549787793,1.0245655331619437,53.6
9100000,18200.00000279033,10.65000000216969,-1808364.9026061045,474107.865046236,-1334257.0375598683,310.3106774855503,1638.4001326893613,1.0214845967465351,53.6
9125000,18250.000002800512,10.700000002179873,-1812163.4142506449,475040.57953210775,-1337122.834718537,310.92115304470013,1632.0079742307562,1.0254854910488478,53.6
9150000,18300.0000028107,10.75000000219006,-1808203.2193532288,473737.63849533553,-1334465.5808578932,310.0683586794241,1635.550640295956,1.0232642497372144,53.6
9175000,18350.000002820885,10.800000002200246,-1809646.858209093,474401.8139551369,-1335245.044253956,310.5030714359402,1635.0442532755917,1.0235811633213157,53.6
9200000,18400.00000283107,10.850000002210432,-1808639.6482707616,473704.2692570002,-1334935.3790137614,310.0465180146336,1635.5998888961024,1.023233438820546,53.6
9225000,18450.000002841258,10.900000002220619,-1810422.59678483,473111.4604743248,-1337311.1363105052,309.6585158140089,1637.0484092743486,1.0223280444049396,53.6
9250000,18500.000002851444,10.950000002230805,-1810070.37037238,474334.443865848,-1335735.926506532,310.4589767064688,1634.249924335204,1.024078676051012,53.6
9275000,18550.00000286163,11.000000002240991,-1808060.8217666447,475504.11110292457,-1332556.71066372,311.22454137967765,1638.964525758481,1.0211328387813348,53.6
9300000,18600.000002871817,11.050000002251178,-1810074.5192706808,475367.5993454997,-1334706.9199251812,311.13519239592455,1634.314072903143,1.0240384798723123,53.6
9325000,18650.000002882003,11.100000002261364,-1811280.3608900188,473162.791228637,-1338117.5696613817,309.6921125592241,1637.7274164022529,1.0219041838636462,53.6
9350000,18700.00000289219,11.15000000227155,-1809916.1774109472,473362.8658339926,-1336553.3115769546,309.8230643761266,1637.5231564833875,1.022031653246206,53.6
9375000,18750.000002902376,11.200000002281737,-1808764.1710852832,473508.6836718346,-1335255.4874134485,309.9185043284796,1637.862897157243,1.0218196539859636,53.6
9400000,18800.00000291256,11.25000000229192,-1807721.1581740703,474933.5355596659,-1332787.622614405,310.8510911662583,1641.1549824945705,1.0197699283133967,53.6
9425000,18850.00000292275,11.30000000230211,-1807253.146123046,471706.2746193697,-1335546.8715036763,308.73880068841885,1636.860113401731,1.0224456477050914,53.6
9450000,18900.00000293293,11.350000002312292,-1809143.064231894,473902.7381145129,-1335240.326117381,310.1764188455943,1635.9486802954475,1.023015280985107,53.6
9475000,18950.00000294312,11.400000002322482,-1810587.5685012464,473407.0914735292,-1337180.477027717,309.852010717621,1634.4086683943124,1.0239792110830228,53.6
9500000,19000.000002953308,11.450000002332668,-1808656.2280740144,471875.0324882848,-1336781.195585729,308.8492552336709,1638.5225019805637,1.0214083095146376,53.6
9525000,19050.00000296349,11.500000002342851,-1809806.906786529,474458.6810651039,-1335348.2257214254,310.5402918086054,1636.9220825037687,1.022406940891036,53.6
9550000,19100.00000297368,11.550000002353041,-1810389.712940381,474590.5818472399,-1335799.131093141,310.62662284017665,1636.6091076013424,1.0226024596078016,53.6
9575000,19150.000002983867,11.600000002363227,-1808162.4175000032,471263.1851934977,-1336899.2323065056,308.4487920425686,1640.5463939088277,1.0201482293116249,53.6
9600000,19200.000002994053,11.650000002373414,-1810227.2158437732,475204.1358307106,-1335023.0800130628,311.02820308450816,1636.0139527387298,1.022974465497688,53.6
9625000,19250.00000300424,11.7000000023836,-1808981.82136368,473844.6028879592,-1335137.2184757208,310.1383684716865,1636.0064129603563,1.0229791800273442,53.6
9650000,19300.000003014426,11.750000002393787,-1809419.1394525217,474252.8047217944,-1335166.3347307271,310.4055426675753,1636.810457388928,1.022476665697397,53.6
9675000,19350.00000302461,11.80000000240397,-1809354.969321675,473885.9097990418,-1335469.059522633,310.1654044618227,1636.7455237988177,1.0225172297800489,53.6
9700000,19400.0000030348,11.85000000241416,-1808484.3366148127,472092.81886726606,-1336391.5177475463,308.9917996708997,1637.1816946154056,1.0222448151931065,53.6
9725000,19450.000003044985,11.900000002424346,-1808936.773297496,475318.3318814193,-1333618.4414160769,311.102946104977,1637.6474335767311,1.0219540937419034,53.6
9750000,19500.00000305517,11.950000002434532,-1808245.676696324,473900.2815137675,-1334345.3951825562,310.1748109637222,1637.5142756772673,1.0220371960772492,53.6
9775000,19550.00000306536,12.000000002444722,-1808746.3411846096,473172.7199359282,-1335573.621248681,309.69861104641075,1636.6834144658353,1.022556032557998,53.6
9800000,19600.000003075544,12.050000002454905,-1809762.3482042989,473159.2702531844,-1336603.0779511146,309.68980802821187,1634.497594616939,1.0239235006288812,53.6
9825000,19650.00000308573,12.10000000246509,-1808836.215159027,474044.4915417127,-1334791.7236173144,310.2691985804886,1639.9409245365073,1.020524870017905,53.6
9850000,19700.00000309592,12.15000000247528,-1808631.4654255316,474660.90610678896,-1333970.5593187425,310.67265111819773,1638.623732655289,1.021345209090616,53.6
9875000,19750.000003106103,12.200000002485464,-1810688.326428595,471667.6661037499,-1339020.660324845,308.713530838408,1638.7298333242734,1.0212790814057806,53.6
9900000,19800.00000311629,12.25000000249565,-1809069.853791003,474165.2233803398,-1334904.630410663,310.3482193717484,1636.563355882095,1.0226310474534634,53.6
9925000,19850.000003126475,12.300000002505836,-1806832.281394133,472373.6995388743,-1334458.5818552591,309.17564026483467,1640.5503903230508,1.020145744209724,53.6
9950000,19900.00000313666,12.350000002516023,-1804699.828947108,474311.859382524,-1330387.9695645843,310.444194824881,1641.8441375850225,1.01934188546749,53.6
9975000,19950.000003146848,12.400000002526209,-1809701.849802818,472693.33266707446,-1337008.5171357438,309.3848449202963,1634.8511207165127,1.0237020837201165,53.6
10000000,20000.000003157034,12.450000002536395,-1811568.1945934044,474449.3268781071,-1337118.8677152973,310.5341693535307,1635.3759993801923,1.0233735235713113,53.6
10025000,20050.00000316722,12.500000002546582,-1808279.6884229688,471908.0745989635,-1336371.6138240052,308.8708817885251,1641.5960960412478,1.019495905774626,53.6
10050000,20100.000003177407,12.550000002556768,-1810141.1224671947,474129.2720272886,-1336011.850439906,310.3246886743179,1636.2456116746896,1.022829633221592,53.6
10075000,20150.000003187597,12.600000002566958,-1808977.175686052,474067.0376123312,-1334910.138073721,310.283955320387,1639.2583741032606,1.0209497936926435,53.6
10100000,20200.00000319778,12.65000000257714,-1805318.7453158395,474235.0776978069,-1331083.6676180323,310.3939400656593,1639.665402959984,1.020696354163732,53.6
10125000,20250.00000320797,12.70000000258733,-1807623.6887083333,476607.5444830626,-1331016.1442252707,311.9467550044556,1635.8179598130698,1.0230970315553387,53.6
10150000,20300.000003218152,12.750000002597513,-1806924.150367178,472492.6936443357,-1334431.4567228423,309.25352368378816,1635.4888713239602,1.0233028962739743,53.6
10175000,20350.00000322834,12.8000000026077,-1807149.4225813337,473667.8704298193,-1333481.5521515142,310.02269443870307,1637.8335485306416,1.0218379641515514,53.6
10200000,20400.000003238525,12.850000002617886,-1806915.9310091604,473309.0395926605,-1333606.8914165,309.78783429739195,1638.0619626122834,1.0216954773680869,53.6
10225000,20450.00000324871,12.900000002628072,-1810323.885126132,474600.0402737518,-1335723.8448523798,310.6328135215706,1637.0156461336053,1.022348505221966,53.6
10250000,20500.000003258898,12.950000002638259,-1808852.9307772089,474522.9165986427,-1334330.0141785662,310.5823349245303,1637.4772116214767,1.022060329738827,53.6
10275000,20550.000003269084,13.000000002648445,-1809245.4691259165,472306.1924954424,-1336939.2766304738,309.1314558968315,1638.3159261992266,1.0215370992164454,53.6
10300000,20600.00000327927,13.050000002658631,-1810301.2915329807,474028.71173026384,-1336272.5798027173,310.25887045825675,1637.832298164822,1.021838744250506,53.6
10325000,20650.000003289457,13.100000002668818,-1805784.0171656252,473774.1186693583,-1332009.8984962672,310.09223549807734,1635.8750953876752,1.0230612982423617,53.6
10350000,20700.000003299643,13.150000002679004,-1807785.2997523693,473132.1853628839,-1334653.1143894857,309.67208056305384,1639.4365580993767,1.0208388306223282,53.6
10375000,20750.00000330983,13.20000000268919,-1810720.934313477,473671.7596389249,-1337049.1746745522,310.0252399841399,1635.1867655537528,1.023491954622627,53.6
10400000,20800.000003320016,13.250000002699377,-1809951.4846930588,475483.863726028,-1334467.6209670308,311.2112891691465,1638.346520141053,1.021518023370034,53.6
10425000,20850.0000033302,13.30000000270956,-1808414.1944034745,473209.15204487584,-1335205.0423585984,309.7224564057546,1635.9797385333225,1.0229958595636808,53.6
10450000,20900.00000334039,13.35000000271975,-1810187.9636799963,474181.83063317975,-1336006.1330468166,310.3590890667268,1634.6222403313068,1.0238454228485567,53.6
10475000,20950.00000335057,13.400000002729932,-1810418.2374688436,472469.033473615,-1337949.2039952285,309.2380377487361,1638.7937172562083,1.0212392696084591,53.6
10500000,21000.00000336076,13.450000002740122,-1808863.332273688,473951.5899392176,-1334911.7423344706,310.2083930943637,1638.8265010506111,1.0212188402962474,53.6
10525000,21050.000003370948,13.500000002750308,-1809428.1405234945,473569.8613273659,-1335858.2791961282,309.9585460175856,1633.9346133123272,1.0242762991946928,53.6
10550000,21100.00000338113,13.550000002760491,-1809470.161651616,474525.8350911839,-1334944.326560432,310.58424512148014,1637.8169513272005,1.0218483191869911,53.6
10575000,21150.00000339132,13.600000002770681,-1810690.1369162044,473577.975078285,-1337112.1618379194,309.9638565887242,1639.6099471305122,1.02073087674214,53.6
10600000,21200.000003401507,13.650000002780867,-1807690.8667025808,472930.17940595467,-1334760.6872966262,309.5398646477057,1638.0113388297418,1.021727053516825,53.6
10625000,21250.000003411693,13.700000002791054,-1808242.622700116,473611.5125793754,-1334631.1101207405,309.9858073840005,1636.059189425515,1.0229461804724371,53.6
10650000,21300.00000342188,13.75000000280124,-1810031.5833059708,472519.87873368006,-1337511.7045722906,309.27131673071665,1636.9869077261128,1.0223664532384122,53.6
10675000,21350.000003432066,13.800000002811426,-1809180.1914298693,472073.7815369889,-1337106.4098928804,308.97933945395044,1638.867425820999,1.0211933390592978,53.6
10700000,21400.00000344225,13.85000000282161,-1811771.124476625,474418.8222103618,-1337352.302266263,310.5142035929677,1637.7615457143306,1.021882888402841,53.6
10725000,21450.00000345244,13.9000000028318,-1809685.46919367,474461.7114848827,-1335223.7577087872,310.5422752636036,1635.4444515381808,1.0233306898779682,53.6
10750000,21500.000003462625,13.950000002841985,-1811951.4463808527,474681.21763622575,-1337270.228744627,310.68594531752444,1631.7037322754695,1.0256766996026696,53.6
10775000,21550.00000347281,14.000000002852172,-1808912.5268388756,472452.1117711547,-1336460.4150677207,309.2269622417855,1635.7258929571442,1.0231546165867964,53.6
10800000,21600.000003483,14.050000002862362,-1810490.5584524812,473385.1488502656,-1337105.409602216,309.83764894302755,1640.6307889650138,1.0200957522596823,53.6
10825000,21650.000003493184,14.100000002872545,-1809860.6254140977,475225.7378188363,-1334634.8875952614,311.0423419083171,1634.7751404766134,1.023749662820129,53.6
10850000,21700.00000350337,14.15000000288273,-1809082.9168524009,474965.7519855089,-1334117.1648668917,310.8721772980577,1636.566792512432,1.0226289000281965,53.6
10875000,21750.00000351356,14.20000000289292,-1808741.24342828,476066.6797841829,-1332674.5636440967,311.592750982352,1638.7496935685242,1.0212667043770711,53.6
10900000,21800.000003523743,14.250000002903104,-1808913.6065023988,475173.3456821811,-1333740.2608202177,311.0080504725089,1636.4299985935406,1.0227143845371132,53.6
10925000,21850.00000353393,14.30000000291329,-1809119.113101841,472975.9240312816,-1336143.189070559,309.56980518808285,1634.8330468627146,1.0237134012316078,53.6
10950000,21900.000003544115,14.350000002923476,-1809203.8123310087,472356.4126775919,-1336847.3996534168,309.16432575598213,1636.9098062670157,1.0224146085765835,53.6
10975000,21950.0000035543,14.400000002933663,-1810041.5696529525,474529.3256086089,-1335512.2440443437,310.58652971725843,1636.1975031284878,1.0228597071256116,53.6
11000000,22000.000003564488,14.450000002943849,-1808918.0932122688,474066.825542907,-1334851.2676693622,310.28381651778204,1639.1900981897884,1.0209923185223448,53.6
11025000,22050.000003574674,14.500000002954035,-1808548.469777475,474013.3972299814,-1334535.0725474935,310.2488468891317,1637.3961645679176,1.0221109191930335,53.6
11050000,22100.00000358486,14.550000002964222,-1809846.9549523192,472382.2782633236,-1337464.6766889957,309.1812551680921,1635.6393692238853,1.0232087404718009,53.6
11075000,22150.000003595047,14.600000002974408,-1809277.4113255336,474950.8842324839,-1334326.52709305,310.86244613168395,1636.1795018705357,1.0228709606350317,53.6
11100000,22200.000003605237,14.650000002984598,-1808912.7027430143,475161.0754332802,-1333751.627309734,311.00001941137265,1639.9433650203807,1.0205233513224787,53.6
11125000,22250.00000361542,14.70000000299478,-1810265.051381397,475136.0687899937,-1335128.9825914034,310.9836521899195,1636.4495100916424,1.0227021906443905,53.6
11150000,22300.00000362561,14.75000000300497,-1810799.698794269,474541.8879371252,-1336257.8108571435,310.59475194886454,1635.4117026311671,1.0233511819421703,53.6
11175000,22350.000003635792,14.800000003015153,-1807595.8579349543,472925.4606809563,-1334670.3972539983,309.53677617173,1640.4226107075656,1.0202252077760532,53.6
11200000,22400.00000364598,14.85000000302534,-1807831.5605116952,475422.6371911039,-1332408.9233205914,311.171215487748,1635.4272700021943,1.0233414408256851,53.6
11225000,22450.000003656165,14.900000003035526,-1809317.7618426492,473255.8448765441,-1336061.916966105,309.75301756134155,1637.4047604692587,1.0221055534063734,53.6
11250000,22500.00000366635,14.950000003045712,-1807814.9928098964,472103.2099684203,-1335711.782841476,308.9986008017746,1640.1144914866093,1.0204168718323443,53.6
11275000,22550.000003676538,15.000000003055899,-1810073.8083912968,472481.1431345071,-1337592.66525679,309.2459637026225,1634.017870386261,1.0242241098954714,53.6
11300000,22600.000003686724,15.050000003066085,-1809220.216980928,474386.4540767947,-1334833.762904133,310.49301816619743,1638.6831378204208,1.021308183518434,53.6
11325000,22650.00000369691,15.100000003076271,-1811734.2443820036,475429.774153009,-1336304.4702289945,311.17588673589046,1637.0789204595785,1.0223089906867966,53.6
11350000,22700.000003707097,15.150000003086458,-1808620.965223738,474460.63659407,-1334160.328629668,310.54157173151543,1636.2201114352538,1.0228455738645206,53.7
11375000,22750.000003717283,15.200000003096644,-1806880.5698698584,474297.09690875054,-1332583.4729611075,310.43453256534946,1638.959679398321,1.0211358582439671,53.7
11400000,22800.00000372747,15.25000000310683,-1812195.416974198,472639.435977333,-1339555.980996865,309.3495687320257,1637.356297078007,1.0221358062605772,53.7
11425000,22850.000003737656,15.300000003117017,-1810461.032988064,474274.8719975807,-1336186.1609904834,310.4199860291061,1633.0376639674082,1.0248388850895869,53.7
11450000,22900.00000374784,15.3500000031272,-1810687.3189332888,474458.0627470614,-1336229.256186227,310.5398871102133,1634.887866450173,1.0236790749958562,53.7
11475000,22950.00000375803,15.40000000313739,-1809404.5510559452,474947.04954795,-1334457.5015079954,310.85993627339354,1639.0648136160007,1.0210703597238908,53.7
11500000,23000.00000376821,15.450000003147572,-1808438.1060863463,472776.2748315918,-1335661.8312547544,309.43913180554125,1638.339832894639,1.021522192921797,53.7
11525000,23050.0000037784,15.500000003157762,-1810907.6258838049,475222.8419106884,-1335684.7839731162,311.0404464931899,1635.766354126103,1.023129308551998,53.7
11550000,23100.000003788587,15.550000003167948,-1812320.505284327,473847.6122563674,-1338472.8930279596,310.1403381482483,1638.5527705888023,1.0213894412740003,53.7
11575000,23150.00000379877,15.600000003178131,-1809322.8957941309,472531.04038826464,-1336791.8554058662,309.2786222003183,1639.089578561916,1.0210549324082854,53.7
11600000,23200.00000380896,15.650000003188321,-1808607.47503182,474930.5040022943,-1333676.971029526,310.8491069666886,1639.9462307845197,1.020521567983996,53.7
11625000,23250.000003819147,15.700000003198507,-1808855.0468465192,474977.8534725557,-1333877.1933739637,310.88009790204035,1635.3276216357283,1.023403797934784,53.7
11650000,23300.000003829333,15.750000003208694,-1808649.7338555332,475311.5598948427,-1333338.1739606909,311.09851373863705,1637.095766751133,1.022298470767519,53.7
11675000,23350.00000383952,15.80000000321888,-1808467.6107761413,474241.5878660293,-1334226.022910112,310.39820106797663,1642.2514830357154,1.0190890470416856,53.7
11700000,23400.000003849706,15.850000003229066,-1807716.632531045,474738.0296086761,-1332978.6029223688,310.7231296018616,1639.007189232265,1.0211062586208672,53.7
11725000,23450.00000385989,15.90000000323925,-1809554.016355396,476043.32147126656,-1333510.6948841298,311.5774626177404,1639.0035706153546,1.0211085130347324,53.7
11750000,23500.00000387008,15.95000000324944,-1809206.5258600104,473717.8568500676,-1335488.669009943,310.05541129719853,1640.2561792439844,1.0203287267120955,53.7
11775000,23550.000003880265,16.000000003259625,-1810271.7410128769,475157.1089682582,-1335114.6320446187,310.9974233007848,1638.0907757333862,1.0216775063032622,53.7
11800000,23600.00000389045,16.050000003269812,-1808606.394742526,475368.1143485167,-1333238.2803940093,311.1355294730896,1637.098070692927,1.0222970320533606,53.7
11825000,23650.00000390064,16.10000000328,-1809750.0265909787,472684.57587535743,-1337065.4507156212,309.37911346935306,1637.6958142918688,1.0219239032331031,53.7
11850000,23700.000003910824,16.150000003290184,-1807372.690638984,472735.4231941369,-1334637.2674448467,309.41239379879295,1636.250204804507,1.0228267620291105,53.7
11875000,23750.00000392101,16.20000000330037,-1811266.6496319135,474686.21442092105,-1336580.4352109926,310.6892157877241,1636.1524392708868,1.022887879319767,53.7
11900000,23800.0000039312,16.25000000331056,-1807381.930393394,473383.73390047526,-1333998.1964929188,309.8367228372605,1637.022605189141,1.0223441591732294,53.7
11925000,23850.000003941383,16.300000003320744,-1809199.4795271112,475135.2770787448,-1334064.2024483664,310.98313400308456,1636.7912425562272,1.0224886688884949,53.7
11950000,23900.00000395157,16.35000000333093,-1811272.0024439069,472216.9087532283,-1339055.0936906785,309.0730183542858,1634.661346959189,1.023820929003373,53.7
11975000,23950.000003961755,16.400000003341116,-1811416.3036276363,474900.2426974172,-1336516.060930219,310.8293004907571,1633.0726390188158,1.0248169364071866,53.7
12000000,24000.00000397194,16.450000003351303,-1807838.1382585785,474842.5681622891,-1332995.5700962893,310.7915516462668,1640.3352425426308,1.0202795474024369,53.7
12025000,24050.000003982128,16.50000000336149,-1810876.0621988708,472990.6985826043,-1337885.3636162663,309.5794753525508,1639.8480401661227,1.02058267464839,53.7
12050000,24100.000003992314,16.550000003371675,-1809980.205882174,473527.8311932853,-1336452.374688889,309.93103666719736,1638.4939391206403,1.0214261150992496,53.7
12075000,24150.0000040025,16.60000000338186,-1806819.19900457,474359.67257542594,-1332459.5264291442,310.4754892736257,1638.3263599734616,1.0215305934995589,53.7
12100000,24200.000004012687,16.650000003392048,-1807564.153088963,473834.138992662,-1333730.0140963006,310.13151969595805,1640.40139563434,1.0202384022006297,53.7
12125000,24250.000004022877,16.700000003402238,-1811206.4520821397,472833.5401095126,-1338372.9119726268,309.476612785078,1636.08231156636,1.022931723555756,53.7
12150000,24300.00000403306,16.75000000341242,-1806124.856169436,475697.8350794251,-1330427.021090011,311.351336615161,1639.6965128349598,1.0206769885459377,53.7
12175000,24350.00000404325,16.80000000342261,-1808705.7092733588,475345.0718557111,-1333360.6374176478,311.12044781745675,1635.3863194536098,1.023367065592685,53.7
12200000,24400.000004053432,16.850000003432793,-1808129.1852094575,473255.70519409387,-1334873.480015364,309.752926137092,1633.7567710722542,1.024387796569778,53.7
12225000,24450.00000406362,16.90000000344298,-1808417.4757958464,473788.0877402368,-1334629.3880556095,310.1013784635663,1638.8947579746116,1.02117630842748,53.7
12250000,24500.000004073805,16.950000003453166,-1808146.0045507893,474910.3388406124,-1333235.665710177,310.8359085672432,1637.8963554792451,1.0217987806438276,53.7
12275000,24550.00000408399,17.000000003463352,-1810460.9669742072,471646.25199433975,-1338814.7149798677,308.699514984024,1634.8780372543144,1.0236852295479972,53.7
12300000,24600.000004094178,17.05000000347354,-1808437.2277021948,472347.3188929358,-1336089.908809259,309.158373738128,1637.5863828089002,1.02199219315624,53.7
12325000,24650.000004104364,17.100000003483725,-1809763.551315496,473106.3086460863,-1336657.2426694094,309.655143865495,1640.6463852890404,1.0200860550183797,53.7
12350000,24700.00000411455,17.15000000349391,-1808781.8049999708,473603.8366789499,-1335177.968321021,309.9807833925484,1638.9041783661153,1.021170438724573,53.7
12375000,24750.000004124737,17.200000003504098,-1808095.0083856825,474611.3606779333,-1333483.6477077492,310.640222895154,1637.2381370120513,1.0222095741698098,53.7
12400000,24800.000004134923,17.250000003514284,-1810381.4394971735,471624.47141267103,-1338756.9680845027,308.6852592680742,1636.9273342738395,1.0224036606927889,53.7
12425000,24850.00000414511,17.30000000352447,-1808856.357323599,472964.96513636055,-1335891.3921872384,309.5626324277088,1633.5263993789645,1.024532263136937,53.7
12450000,24900.000004155296,17.350000003534657,-1807021.4100650975,472270.8910072658,-1334750.519057832,309.1083505456658,1636.6200373089266,1.0225956304442796,53.6
12475000,24950.00000416548,17.40000000354484,-1811028.2154214329,473496.31008774985,-1337531.905333683,309.91040563292245,1639.083316527167,1.0210588332969115,53.6
12500000,25000.00000417567,17.45000000355503,-1809561.7257417832,473372.5821048528,-1336189.1436369305,309.8294238204968,1636.8541297128097,1.022449385360502,53.6
12525000,25050.00000418585,17.500000003565212,-1807651.6381645724,474989.65199812304,-1332661.9861664493,310.8878202132106,1640.2193750253216,1.0203516214554074,53.6
12550000,25100.00000419604,17.550000003575402,-1809343.860257435,472879.87819340354,-1336463.982064031,309.5069417529472,1637.2422079000291,1.0222070325173616,53.6
12575000,25150.000004206227,17.60000000358559,-1806301.971306406,473060.88993213634,-1333241.0813742697,309.62541663898094,1634.2148167159758,1.0241006761968008,53.6
12600000,25200.000004216414,17.650000003595775,-1813034.392731945,473179.9729136892,-1339854.4198182558,309.7033582286634,1638.8495899790034,1.0212044528571436,53.6
12625000,25250.0000042266,17.70000000360596,-1809483.082811459,474332.1521548441,-1335150.930656615,310.4574767473948,1634.6020300718126,1.0238580816984155,53.6
12650000,25300.000004236783,17.750000003616144,-1810836.5631259084,475180.58498236194,-1335655.9781435465,311.0127887025811,1636.4751025279838,1.0226861968534249,53.6
12675000,25350.000004246973,17.800000003626334,-1808654.8163991405,475798.3554933547,-1332856.4609057857,311.41712872714083,1635.0836031173924,1.02355652986724,53.6
12700000,25400.00000425716,17.85000000363652,-1808752.1362657268,473382.4971801816,-1335369.6390855452,309.8359133853604,1635.8475967329289,1.023078495938211,53.6
12725000,25450.000004267346,17.900000003646706,-1810950.0545631964,472489.6509216236,-1338460.4036415727,309.25153217633635,1637.0738216297595,1.0223121747701878,53.6
12750000,25500.00000427753,17.95000000365689,-1810049.9150169224,472884.4943458497,-1337165.4206710723,309.5099630936559,1638.830717713758,1.0212162127302626,53.6
12775000,25550.00000428772,18.00000000366708,-1807470.9751294104,472570.1894463612,-1334900.7856830494,309.3042458434521,1632.6961348041118,1.025053262008523,53.6
12800000,25600.000004297905,18.050000003677265,-1812420.4361427464,474681.0363257537,-1337739.3998169927,310.685826647113,1635.5772787560215,1.0232475839494175,53.6
12825000,25650.00000430809,18.10000000368745,-1810312.3706111647,473267.46043364255,-1337044.910177522,309.76062011691664,1638.8386421079276,1.0212112747701767,53.6
12850000,25700.00000431828,18.15000000369764,-1808531.3129575849,472987.72861525865,-1335543.5843423265,309.5775314645727,1638.587586020696,1.021367739587235,53.6
12875000,25750.000004328464,18.200000003707824,-1807714.3566566573,471432.1820568949,-1336282.1745997623,308.559403013278,1640.5176322811792,1.020166114595477,53.6
12900000,25800.00000433865,18.25000000371801,-1809569.5187095955,473856.9021102627,-1335712.6165993323,310.1464184963474,1636.1993067920646,1.0228585795766691,53.6
12925000,25850.00000434884,18.3000000037282,-1807882.0516281172,473321.46019371686,-1334560.5914344003,309.7959637662591,1636.150719174953,1.0228889546884736,53.6
12950000,25900.000004359023,18.350000003738383,-1808333.555996565,473927.7289745889,-1334405.8270219762,310.1927757367005,1635.8068314746397,1.0231039916497673,53.6
12975000,25950.00000436921,18.40000000374857,-1810040.1110467,471955.6983063224,-1338084.4127403777,308.9020522161523,1635.518172776917,1.0232845630862577,53.6
13000000,26000.000004379395,18.450000003758756,-1807056.6726341303,471646.8720532727,-1335409.8005808578,308.69992082185485,1637.49100504927,1.022051720399713,53.6
13025000,26050.00000438958,18.500000003768942,-1808766.9303906208,475685.24549658754,-1333081.684894033,311.3430965451947,1638.0676822394587,1.0216919099225652,53.6
13050000,26100.000004399768,18.55000000377913,-1809434.0973611297,473616.98433418863,-1335817.1130269412,309.989388729235,1636.5731409803518,1.02262493312528,53.6
13075000,26150.000004409954,18.600000003789315,-1809597.9399998223,474396.2771078267,-1335201.662891996,310.49944748669446,1639.1929928854331,1.0209905155241434,53.6
13100000,26200.00000442014,18.6500000037995,-1807939.737754331,473852.767175324,-1334086.970579007,310.14371211968336,1639.0804798428087,1.0210606003984406,53.6
13125000,26250.000004430327,18.700000003809688,-1809303.246494788,473009.9478107296,-1336293.2986840582,309.59207425980577,1635.1581466697887,1.0235098679954389,53.6
13150000,26300.000004440517,18.750000003819878,-1809130.8319835244,474524.9033575278,-1334605.9286259967,310.58363528788874,1635.2214225641455,1.0234702626542986,53.6
13175000,26350.0000044507,18.80000000383006,-1807737.844584548,473684.4732032662,-1334053.3713812816,310.03356120185185,1641.1678134017257,1.0197619555922874,53.6
13200000,26400.00000446089,18.85000000384025,-1808710.0400911672,474422.2546814873,-1334287.78540968,310.51645019657616,1636.6777960141706,1.022559542828411,53.6
13225000,26450.000004471072,18.900000003850433,-1807556.7491862092,474537.5229989136,-1333019.2261872955,310.5918950316238,1638.2971144629714,1.0215488290097263,53.6
13250000,26500.00000448126,18.95000000386062,-1806745.012457162,475346.1021182075,-1331398.9103389543,311.1211221396454,1635.550755511897,1.0232641776536344,53.6
13275000,26550.000004491445,19.000000003870806,-1809309.009859552,472990.0912011128,-1336318.9186584388,309.57907781229454,1636.6203228294446,1.0225954520449096,53.6
13300000,26600.00000450163,19.050000003880992,-1811927.9100856688,474769.7388096468,-1337158.171276022,310.7438837474078,1636.7253711084186,1.0225298198415969,53.6
13325000,26650.000004511818,19.10000000389118,-1808861.408434474,474972.48395523056,-1333888.924479243,310.8765834727685,1634.9338705052385,1.0236502705350856,53.6
13350000,26700.000004522004,19.150000003901365,-1810524.71252253,473306.9237855818,-1337217.7887369485,309.78644947006376,1638.0762462229204,1.021686568441886,53.6
13375000,26750.00000453219,19.20000000391155,-1809404.3163236864,474281.1373570704,-1335123.178966616,310.4240868004522,1637.6258972641212,1.0219675333943126,53.6
13400000,26800.000004542377,19.250000003921738,-1810549.4555529552,471998.6156699876,-1338550.8398829675,308.93014227155254,1635.942400990893,1.0230192076664553,53.6
13425000,26850.000004552563,19.300000003931924,-1808522.2177150743,472394.3894478008,-1336127.8282672735,309.18918211918776,1639.3977016679562,1.0208630261875489,53.6
13450000,26900.00000456275,19.35000000394211,-1808837.402669956,471371.412753771,-1337465.989916185,308.5196285969205,1637.7032709409575,1.021919250297448,53.6
13475000,26950.000004572936,19.400000003952297,-1807773.1185369408,475448.4775605559,-1332324.640976385,311.1881283954263,1636.4738340659314,1.0226869895569837,53.6
13500000,27000.00000458312,19.45000000396248,-1811328.8760043893,474892.2064844461,-1336436.6695199434,310.8240406693634,1636.7602779391125,1.0225080125703785,53.6
13525000,27050.00000459331,19.50000000397267,-1809316.7264074276,473316.344604303,-1336000.3818031242,309.7926155365971,1636.676232198579,1.022560519866218,53.6
13550000,27100.00000460349,19.550000003982852,-1809794.9753113887,474806.47479758994,-1334988.5005137993,310.767928000092,1638.133187590349,1.0216510547054385,53.6
13575000,27150.00000461368,19.600000003993042,-1809832.788988308,473527.2816673773,-1336305.5073209307,309.9306769942846,1638.1864633420091,1.0216178294108265,53.6
13600000,27200.000004623867,19.65000000400323,-1809937.3328799328,474566.5667330473,-1335370.7661468852,310.6109045893219,1638.114343679959,1.0216628071823024,53.6
13625000,27250.000004634054,19.700000004013415,-1808357.3664257228,473947.7178877489,-1334409.648537974,310.20585877885645,1641.4708919132036,1.0195736684060297,53.6
13650000,27300.00000464424,19.7500000040236,-1808910.7337532016,474044.8632349753,-1334865.8705182262,310.2694418592794,1635.8134622888017,1.0230998444700348,53.6
13675000,27350.000004654423,19.800000004033784,-1808123.4222463137,471290.7505038148,-1336832.6717424989,308.4668339498016,1637.417388657705,1.0220976706627125,53.6
13700000,27400.000004664613,19.850000004043974,-1807295.044458532,474081.0067337435,-1333214.0377247883,310.293098318951,1638.0300093150397,1.0217154077351105,53.6
13725000,27450.0000046748,19.90000000405416,-1808194.4655957883,474312.6704560826,-1333881.7951397058,310.4447256846368,1635.8686405944463,1.0230653350268422,53.6
13750000,27500.000004684985,19.950000004064346,-1807593.5021334616,472521.8930792225,-1335071.609054239,309.2726351499542,1639.5968216598046,1.020739048002932,53.6
13775000,27550.00000469517,20.000000004074533,-1810593.0263533257,473389.2965175996,-1337203.729835726,309.8403636532345,1637.3127605759255,1.0221629850737692,53.6
13800000,27600.00000470536,20.050000004084723,-1807916.448740553,473079.233447588,-1334837.215292965,309.6374227437662,1639.010861607793,1.02110397072533,53.6
13825000,27650.000004715544,20.100000004094905,-1808976.6940063275,472924.8343979597,-1336051.859608368,309.53636626015646,1639.2084123166062,1.0209809114415482,53.6
13850000,27700.00000472573,20.15000000410509,-1811982.857499232,474865.6823550905,-1337117.175144141,310.8066802306176,1639.298930928734,1.020924535039802,53.6
13875000,27750.00000473592,20.20000000411528,-1808978.7558337385,473533.2951416763,-1335445.460692062,309.934612903012,1638.6609994756527,1.0213219814135988,53.6
13900000,27800.000004746104,20.250000004125464,-1810143.1799571896,474125.4830690203,-1336017.6968881693,310.32220874455106,1638.0331625197546,1.0217134409386406,53.6
13925000,27850.00000475629,20.30000000413565,-1808112.619530524,473674.0392140747,-1334438.5803164495,310.02673200011617,1637.640717930691,1.0219582845768571,53.6
13950000,27900.00000476648,20.35000000414584,-1810585.8060050488,475356.7648607087,-1335229.0411443398,311.1281010638383,1642.525616646987,1.0189189635082287,53.6
13975000,27950.000004776663,20.400000004156023,-1808569.1200650493,474193.2486301601,-1334375.8714348893,310.3665623162545,1637.3778472132142,1.022122353553334,53.6
14000000,28000.00000478685,20.45000000416621,-1809567.1664184444,474896.3322073732,-1334670.834211071,310.82674101662826,1636.1019290959598,1.0229194581870715,53.6
14025000,28050.000004797035,20.500000004176396,-1811363.3088641288,472128.3612357284,-1339234.9476284003,309.0150626818095,1639.3978192207578,1.0208629529867017,53.6
14050000,28100.00000480722,20.550000004186582,-1809279.6657375412,473109.85737198574,-1336169.8083655557,309.6574665595889,1635.5156201831455,1.0232861601543444,53.6
14075000,28150.000004817408,20.60000000419677,-1807522.4433406848,472926.418113858,-1334596.0252268272,309.5374028258614,1634.7639429790927,1.0237566751073528,53.6
14100000,28200.000004827594,20.650000004206955,-1810358.5834671184,475239.21207615256,-1335119.3713909658,311.0511610109405,1637.5205026658157,1.0220333095830616,53.6
14125000,28250.00000483778,20.70000000421714,-1806555.052532534,474720.1521469807,-1331834.9003855537,310.7114285362194,1639.334036875556,1.0209026721847458,53.6
14150000,28300.000004847967,20.750000004227328,-1812447.9683890224,473753.3861547191,-1338694.582234303,310.07866575764905,1635.071014407505,1.0235644104156043,53.6
14175000,28350.000004858157,20.800000004237518,-1809054.1083437365,472332.3053973481,-1336721.8029463885,309.1485471810706,1639.464268331524,1.020821576400002,53.6
14200000,28400.00000486834,20.8500000042477,-1809550.4589037728,472922.03023616254,-1336628.4286676105,309.5345308943859,1635.8669257141526,1.0230664075068554,53.6
14225000,28450.00000487853,20.90000000425789,-1810718.580301906,474604.5154378495,-1336114.0648640564,310.6357425832998,1633.8625718237354,1.0243214623501478,53.6
14250000,28500.000004888712,20.950000004268073,-1810458.6607706165,472696.0491484119,-1337762.6116222043,309.3866228978966,1636.8055838648645,1.022479710081338,53.6
14275000,28550.0000048989,21.00000000427826,-1808194.902206202,474374.2861583085,-1333820.6160478937,310.48505408184576,1638.524517159223,1.0214070533111408,53.6
14300000,28600.000004909085,21.050000004288446,-1808139.4940953748,474487.10655013664,-1333652.3875452382,310.55889671303464,1635.353654348973,1.0233875066710971,53.6
14325000,28650.00000491927,21.100000004298632,-1810542.4467606929,475796.5876920902,-1334745.8590686023,311.4159716748148,1638.2628546207618,1.0215701919440032,53.6
14350000,28700.000004929458,21.15000000430882,-1809082.8047684396,474711.99163651007,-1334370.8131319294,310.7060873602561,1638.2096960920655,1.0216033410387089,53.6
14375000,28750.000004939644,21.200000004319005,-1809844.739193384,473935.34038955055,-1335909.398803833,310.1977575214535,1639.0167863128809,1.0211002796466655,53.6
14400000,28800.00000494983,21.25000000432919,-1811201.578081415,473596.4237845307,-1337605.1542968843,309.97593154245493,1635.3244971094834,1.0234057532971794,53.6
14425000,28850.000004960017,21.300000004339378,-1809308.501944112,471932.8121691056,-1337375.689775006,308.88707289758713,1640.7439764170986,1.020025380501053,53.6
14450000,28900.000004970203,21.350000004349564,-1809117.5664869435,474714.031255401,-1334403.5352315423,310.7074223212777,1638.244188079717,1.021581831955948,53.6
14475000,28950.00000498039,21.40000000435975,-1808943.5409661224,471288.8067913068,-1337654.7341748157,308.4655617609398,1638.3977138913128,1.0214861047838868,53.6
14500000,29000.000004990576,21.450000004369937,-1809305.078379932,472604.15659196273,-1336700.921787969,309.3264778474768,1635.7137081994308,1.0231622382696397,53.6
14525000,29050.00000500076,21.50000000438012,-1811030.0106945168,473341.8661842647,-1337688.1445102522,309.8093197917936,1636.4750332860235,1.022686240124966,53.6
14550000,29100.00000501095,21.55000000439031,-1809447.8543566104,474946.4550434755,-1334501.3993131346,310.8595471613373,1637.784102914805,1.0218688140098038,53.6
14575000,29150.00000502113,21.600000004400492,-1808023.1550862696,474924.5177255065,-1333098.6373607633,310.84518885913843,1637.2042872907934,1.0222307086790592,53.6
14600000,29200.00000503132,21.650000004410682,-1808175.354913297,475059.6770063598,-1333115.6779069374,310.93365262677906,1635.374007452249,1.023374770066797,53.6
14625000,29250.000005041507,21.70000000442087,-1807880.480605888,472634.0670248485,-1335246.4135810398,309.3460546724506,1639.0623807197553,1.0210718753210235,53.6
14650000,29300.000005051694,21.750000004431055,-1810726.6917239877,475054.1084148581,-1335672.583309129,310.9300079004859,1636.0593118819877,1.0229461039065206,53.6
14675000,29350.00000506188,21.80000000444124,-1810399.5852285333,473430.3020528401,-1336969.2831756934,309.8672023883816,1635.067164765996,1.023566820320302,53.6
14700000,29400.000005072063,21.850000004451424,-1807147.6145084267,471111.8378853364,-1336035.7766230905,308.3497329693204,1641.4030872035444,1.019615785968194,53.6
14725000,29450.000005082253,21.900000004461614,-1807961.1973091792,473481.111306096,-1334480.0860030833,309.90045780336783,1637.3519818126983,1.022138500114577,53.6
14750000,29500.00000509244,21.9500000044718,-1810018.9745554328,472700.9212926888,-1337318.053262744,309.38981178908114,1632.2496196937634,1.0253336736348309,53.6
14775000,29550.000005102625,22.000000004481986,-1808379.0299423328,473373.1145753229,-1335005.9153670098,309.8297723303708,1638.4404454505927,1.021459463782585,53.6
14800000,29600.00000511281,22.050000004492173,-1807681.3082085636,474086.9496698581,-1333594.3585387054,310.2969880593834,1639.6546754772696,1.0207030320957742,53.6
14825000,29650.000005123,22.100000004502363,-1810470.445673706,474990.1368001913,-1335480.3088735146,310.8881375234037,1636.4752176639963,1.0226861249012131,53.6
14850000,29700.000005133184,22.150000004512545,-1807676.0616261223,474814.9107700295,-1332861.1508560928,310.77344947002734,1636.8492528518052,1.022452431666402,53.6
14875000,29750.00000514337,22.20000000452273,-1809149.8097770575,474427.1811944132,-1334722.6285826445,310.51967467285334,1637.2133762734932,1.0222250337698746,53.6
14900000,29800.00000515356,22.25000000453292,-1807863.3882352589,472693.8306007062,-1335169.5576345527,309.38517082529387,1635.5826151850729,1.023244245390984,53.6
14925000,29850.000005163743,22.300000004543104,-1809891.092593356,475151.6360889382,-1334739.4565044178,310.99384121954387,1637.148397416359,1.022265606154475,53.6
14950000,29900.00000517393,22.35000000455329,-1809740.8447145624,474398.9471856301,-1335341.8975289324,310.5011950924888,1636.8839432924865,1.0224307628574587,53.6
14975000,29950.00000518412,22.40000000456348,-1811322.4166868376,473263.8247727131,-1338058.5919141243,309.7582405225473,1638.656676247105,1.0213246759428498,53.6
15000000,30000.000005194303,22.450000004573663,-1809028.1300788447,471522.2425813989,-1337505.8874974458,308.6183489714321,1638.1912729957785,1.0216148299881551,53.6
15025000,30050.00000520449,22.50000000458385,-1807109.0136159044,472269.37683688255,-1334839.636779022,309.107359498539,1636.971587918826,1.0223760211851964,53.6
15050000,30100.000005214675,22.550000004594036,-1809886.148555383,474080.5915980653,-1335805.5569573175,310.2928266064505,1640.3363936904057,1.0202788313953206,53.6
15075000,30150.00000522486,22.600000004604222,-1809538.6892611105,474243.494248472,-1335295.1950126383,310.3994488237532,1635.6324477041303,1.0232130703929394,53.6
15100000,30200.000005235048,22.65000000461441,-1812055.7114675464,474304.6503923911,-1337751.0610751554,310.43947643318774,1637.647927483425,1.0219537855254914,53.6
15125000,30250.000005245234,22.700000004624595,-1809345.0155401928,473965.677972372,-1335379.337567821,310.21761392243866,1636.9740535383423,1.0223744812766893,53.6
15150000,30300.00000525542,22.75000000463478,-1810103.3202444548,472783.13623651,-1337320.1840079448,309.44362269752094,1633.7939703287363,1.024364472659252,53.6
15175000,30350.000005265607,22.800000004644968,-1808227.3990204325,474767.7375462711,-1333459.6614741613,310.74257389064365,1639.8103153723468,1.0206061537487294,53.6
15200000,30400.000005275797,22.850000004655158,-1809407.746814847,473747.4001975157,-1335660.3466173313,310.0747478592716,1635.0111297011513,1.02360189997946,53.6
15225000,30450.00000528598,22.90000000466534,-1807971.0855936443,474800.592269692,-1333170.4933239524,310.76407779773945,1641.3901776269245,1.019623805272983,53.6
15250000,30500.00000529617,22.95000000467553,-1811647.733827873,473442.40110118553,-1338205.3327266877,309.87512139619776,1635.7569658917198,1.0231351806821207,53.6
15275000,30550.000005306352,23.000000004685713,-1811432.807217488,474097.813184045,-1337334.994033443,310.3040983916427,1637.3809924752445,1.022120390147967,53.6
15300000,30600.00000531654,23.0500000046959,-1807450.385042522,476599.46586423233,-1330850.9191782898,311.9414674277939,1637.7860531651495,1.0218675971841975,53.6
15325000,30650.000005326725,23.100000004706086,-1806107.2070779493,474452.24041173625,-1331654.966666213,310.53607630479854,1638.0878492863471,1.0216793315320585,53.6
15350000,30700.00000533691,23.150000004716272,-1812028.736007438,474075.4355043575,-1337953.3005030805,310.2894518661232,1635.1013940128576,1.0235453929510268,53.6
15375000,30750.000005347098,23.20000000472646,-1812508.68199922,473408.9515629784,-1339099.7304362413,309.85322817394206,1633.9918493134282,1.0242404205093658,53.6
15400000,30800.000005357284,23.250000004736645,-1808555.81610318,472933.8206030003,-1335621.9955001797,309.5422478655458,1639.3428107812986,1.020897208224579,53.6
15425000,30850.00000536747,23.30000000474683,-1809438.5232503167,473684.7304488997,-1335753.7928014174,310.03372957296045,1636.2053000995666,1.0228548329160283,53.6
15450000,30900.000005377657,23.350000004757018,-1810130.1112325955,475161.59903784096,-1334968.5121947546,311.00036211837664,1636.1933692073085,1.022862291429818,53.6
15475000,30950.000005387843,23.400000004767204,-1808728.4282565657,475518.368476709,-1333210.0597798568,311.2338730437237,1637.0200264946775,1.0223457696075433,53.6
15500000,31000.00000539803,23.45000000477739,-1808362.1266112328,472375.92756359046,-1335986.1990476423,309.1770985402823,1635.326486079984,1.0234045085770145,53.6
15525000,31050.000005408216,23.500000004787577,-1814320.8040633844,473739.3482620033,-1340581.4558013813,310.0694777472399,1637.638288427542,1.0219598006936264,53.6
15550000,31100.0000054184,23.55000000479776,-1811735.518725545,470954.8298050697,-1340780.6889204755,308.2469688361975,1635.4140664958488,1.0233497027671004,53.6
15575000,31150.00000542859,23.60000000480795,-1809690.9542541243,474266.83461381646,-1335424.119640308,310.41472544141084,1638.2434904289746,1.0215822669995345,53.6
15600000,31200.00000543877,23.650000004818132,-1810562.863618034,473350.3312641743,-1337212.5323538596,309.81486031300284,1632.656231850067,1.02507831483496,53.6
15625000,31250.00000544896,23.700000004828322,-1810313.0985809283,473708.4483320516,-1336604.650248877,310.04925328166047,1636.6732063103073,1.0225624103803856,53.6
15650000,31300.000005459147,23.75000000483851,-1808832.844662044,475452.5630371479,-1333380.2816248965,311.1908024008639,1638.3701628097715,1.0215032822493977,53.6
15675000,31350.000005469334,23.800000004848695,-1809930.94473804,473590.5284565532,-1336340.4162814864,309.9720729622592,1638.7092150176816,1.0212919311810935,53.6
15700000,31400.00000547952,23.85000000485888,-1808131.3735756632,475973.03958324576,-1332158.3339924174,311.5314620725173,1637.3325198261475,1.0221506496599513,53.6
15725000,31450.000005489703,23.900000004869064,-1810450.327994655,472280.0019473812,-1338170.3260472738,309.1143137920242,1638.5246867445055,1.0214069475967718,53.6
15750000,31500.000005499893,23.950000004879254,-1809361.7376444228,474384.35252968833,-1334977.3851147343,310.4916426722341,1638.3884083652547,1.0214919065006942,53.6
15775000,31550.00000551008,24.00000000488944,-1811440.2192423567,472336.3803312084,-1339103.8389111485,309.1512142861328,1638.491509812617,1.0214276295157976,53.6
15800000,31600.000005520265,24.050000004899626,-1809911.6173932543,473553.788730183,-1336357.8286630714,309.94802626271866,1635.291911730647,1.023426146025802,53.6
15825000,31650.00000553045,24.100000004909813,-1809138.9430354964,473883.2369193207,-1335255.7061161755,310.1636550221313,1636.0086804853472,1.0229777621675955,53.6
15850000,31700.00000554064,24.150000004920003,-1812471.4318909887,472977.8289961388,-1339493.60289485,309.57105201602855,1634.0173437825686,1.0242244399777685,53.6
15875000,31750.000005550824,24.200000004930185,-1810490.329559926,474651.5170345009,-1335838.812525425,310.6665058301789,1638.7712565519628,1.0212532665303036,53.6
15900000,31800.00000556101,24.25000000494037,-1810043.800803339,473388.38821208006,-1336655.412591259,309.8397691537083,1638.56224520784,1.0213835353184142,53.6
15925000,31850.0000055712,24.30000000495056,-1811420.907414522,473482.93031044,-1337937.977104082,309.901648368874,1638.1147873119958,1.021662530496959,53.6
15950000,31900.000005581383,24.350000004960744,-1806394.1562828813,473028.5533352197,-1333365.6029476617,309.6042518534193,1638.862883780649,1.0211961692541829,53.6
15975000,31950.00000559157,24.40000000497093,-1813304.109440337,473226.6643249392,-1340077.4451153977,309.7339184545654,1636.1842172841937,1.022868012764219,53.6
16000000,32000.00000560176,24.45000000498112,-1808894.47427715,475177.9070708799,-1333716.56720627,311.0110359695271,1637.449255867982,1.0220777791141484,53.6
16025000,32050.000005611942,24.500000004991303,-1809177.5394932155,473395.3035172475,-1335782.2359759675,309.84429532420603,1635.972561470356,1.0230003474786198,53.6
16050000,32100.00000562213,24.55000000500149,-1805481.732145328,472939.6405215819,-1332542.091623746,309.5460570891658,1640.1472305838322,1.0203965032175324,53.6
16075000,32150.000005632315,24.600000005011676,-1809751.7812053252,475516.6705473918,-1334235.1106579336,311.2327617236306,1638.026444157804,1.0217176314941294,53.6
16100000,32200.0000056425,24.650000005021862,-1810343.301819724,475091.87967144814,-1335251.422148276,310.95472975195906,1637.162010887957,1.022257105722812,53.6
16125000,32250.000005652688,24.70000000503205,-1810901.2999638813,475749.12498375226,-1335152.174980129,311.384906623451,1633.886699321378,1.0243063362623486,53.6
16150000,32300.000005662878,24.75000000504224,-1810978.0970913945,471694.8788598042,-1339283.2182315902,308.7313419936113,1633.3664041510497,1.0246326204557417,53.6
16175000,32350.00000567306,24.80000000505242,-1806973.5558288095,474876.8047547877,-1332096.751074022,310.8139600073092,1635.5895705180214,1.02323989405215,53.6
16200000,32400.000005683247,24.850000005062608,-1810129.2646786056,473098.0851322388,-1337031.179546367,309.64976145288074,1634.4699325727504,1.0239408296825123,53.6
16225000,32450.000005693437,24.900000005072798,-1809441.329229558,472471.6536297233,-1336969.6755998346,309.2397526800356,1635.0667750624584,1.023567064278296,53.6
16250000,32500.00000570362,24.95000000508298,-1809740.8654476556,475299.8677969528,-1334440.9976507025,311.090861085971,1639.743648644579,1.0206476483278768,53.6
16275000,32550.00000571381,25.00000000509317,-1805885.0002459604,473210.61940330727,-1332674.380842653,309.72341681375985,1640.7930447213826,1.0199948764006677,53.6
16300000,32600.000005723992,25.050000005103353,-1810528.533853764,474032.79533842014,-1336495.7385153435,310.2615432407752,1634.0399371230685,1.024210278358462,53.6
16325000,32650.00000573418,25.10000000511354,-1809751.0896808608,475668.4568017915,-1334082.6328790693,311.3321080937465,1637.4278679145125,1.0220911294133648,53.6
16350000,32700.000005744365,25.150000005123726,-1809507.930770008,473818.0707037978,-1335689.8600662102,310.12100276095,1634.35371215775,1.0240136430687925,53.6
16375000,32750.00000575455,25.200000005133912,-1808766.8083141856,472744.2660190823,-1336022.5422951034,309.41818155976887,1639.2928757045188,1.0209283061334593,53.6
16400000,32800.000005764734,25.250000005144095,-1812395.1251550447,474535.82221468136,-1337859.3029403633,310.59078184294606,1638.3840492903942,1.0214946242759873,53.6
16425000,32850.00000577492,25.30000000515428,-1810073.6804198408,473978.443687557,-1336095.2367322838,310.22596927365663,1635.7102384185407,1.0231644086716452,53.6
16450000,32900.00000578511,25.350000005164468,-1809932.9815591965,473386.0926118256,-1336546.888947371,309.8382666490617,1636.6940799726174,1.0225493690779783,53.6
16475000,32950.00000579529,25.400000005174654,-1811316.817478093,474288.9176800929,-1337027.8997980005,310.42917913805337,1633.3531258256185,1.0246409501948328,53.6
16500000,33000.00000580548,25.45000000518484,-1808298.18729076,473370.50905681617,-1334927.6782339436,309.8280669796001,1637.2578643135305,1.0221972575782188,53.6
16525000,33050.000005815666,25.500000005195027,-1811756.5602373013,474527.25534619705,-1337229.3048911043,310.5851746995948,1633.6316028436884,1.0244662847709356,53.6
16550000,33100.00000582585,25.550000005205213,-1811640.376253876,471416.5747375823,-1340223.8015162935,308.54918778972507,1634.0427061896778,1.024208542720543,53.6
16575000,33150.00000583604,25.6000000052154,-1811302.239145685,473761.3875259388,-1337540.851619746,310.08390277459614,1633.7831479778067,1.0243712581569584,53.6
16600000,33200.000005846225,25.650000005225586,-1811947.2958867392,472600.4981322111,-1339346.797754528,309.3240833309379,1636.2876356553325,1.0228033643848844,53.6
16625000,33250.00000585641,25.700000005235772,-1810792.0392984897,472633.0237432614,-1338159.0155552283,309.3453718290726,1637.3917057143524,1.0221137025483544,53.6
16650000,33300.0000058666,25.75000000524596,-1812093.1322261,474763.89223578345,-1337329.2399903168,310.74005707750786,1636.656894517036,1.022572601781345,53.6
16675000,33350.000005876784,25.800000005256145,-1811438.270655512,470645.8322473648,-1340792.438408147,308.0447253204451,1633.865704416403,1.0243194984299222,53.6
16700000,33400.00000588697,25.85000000526633,-1809085.6173334927,472852.6597783317,-1336232.9575551616,309.4891268938324,1638.2604106267174,1.0215717159455897,53.6
16725000,33450.00000589716,25.900000005276517,-1807151.6160409115,474427.75725431775,-1332723.8587865937,310.5200517126632,1639.5130848074357,1.0207911814538706,53.6
16750000,33500.00000590734,25.950000005286704,-1809317.0035627875,476056.4117748845,-1333260.591787903,311.5860304169348,1636.1933606202756,1.0228622967979808,53.6
16775000,33550.00000591753,26.00000000529689,-1810017.8774848117,472448.4384376358,-1337569.4390471757,309.2245579901437,1637.5115660067845,1.0220388872921875,53.6
16800000,33600.000005927715,26.050000005307076,-1811495.98154808,474326.72570006654,-1337169.2558480138,310.45392505171003,1633.3643906012192,1.024633883584074,53.6
16825000,33650.0000059379,26.100000005317263,-1808220.5013668416,474484.0567863181,-1333736.4445805235,310.55690059707354,1638.709642287265,1.0212916648941524,53.6
16850000,33700.00000594809,26.15000000532745,-1810028.4551430177,474720.7832203512,-1335307.6719226665,310.7118415831641,1636.7762800770572,1.0224980158991983,53.6
16875000,33750.000005958274,26.200000005337635,-1810445.3632638415,474221.9112401958,-1336223.452023646,310.3853224225392,1635.9854020525152,1.0229923181160143,53.6
16900000,33800.00000596846,26.25000000534782,-1809470.614473148,473956.9081170724,-1335513.7063560758,310.2118739211856,1637.832895873433,1.0218383713420012,53.6
16925000,33850.00000597865,26.300000005358008,-1808259.485445626,473267.4163232483,-1334992.0691223778,309.76059124600494,1635.5373995442872,1.0232725337347717,53.6
16950000,33900.00000598883,26.350000005368194,-1811734.3535492483,475624.3190053745,-1336110.034543874,311.3032192468856,1637.5255153792843,1.0220301809843997,53.6
16975000,33950.00000599902,26.40000000537838,-1809664.0841379487,475934.3885853867,-1333729.6955525624,311.5061644172465,1636.5338308419316,1.022649496948475,53.6
17000000,34000.000006009206,26.450000005388567,-1810888.3110752923,474100.673195414,-1336787.6378798785,310.30597031179195,1636.999370272703,1.0223586699186464,53.6
17025000,34050.00000601939,26.500000005398753,-1811194.6958596427,472167.6417547831,-1339027.0541048597,309.04077236810343,1633.8000645736238,1.0243606516727766,53.6
17050000,34100.00000602958,26.55000000540894,-1807067.0729183464,474573.2339955371,-1332493.838922809,310.6152684121832,1638.4884894238678,1.0214295124149089,53.6
17075000,34150.000006039765,26.600000005419126,-1808951.4898333857,474334.0745373023,-1334617.4152960833,310.45873497542044,1638.933307560923,1.0211522891924938,53.6
17100000,34200.00000604995,26.650000005429312,-1809111.8904958265,474534.5311587488,-1334577.3593370777,310.58993682755903,1636.376517448438,1.0227478095684643,53.6
17125000,34250.00000606014,26.7000000054395,-1808254.331574955,475576.6474250674,-1332677.6841498876,311.2720174856989,1637.083748893528,1.0223059754767068,53.6
17150000,34300.000006070324,26.750000005449685,-1810184.5757572325,471695.8243398907,-1338488.751417342,308.7319608244468,1635.9944581859768,1.0229866552881748,53.6
17175000,34350.00000608051,26.80000000545987,-1808935.5764353375,474433.6816847283,-1334501.8947506095,310.5239293408359,1642.297988653237,1.0190601890842566,53.6
17200000,34400.0000060907,26.850000005470058,-1808099.0195477009,472908.23403359856,-1335190.7855141023,309.5255010737903,1635.9695199043251,1.023002249423044,53.6
17225000,34450.00000610088,26.900000005480244,-1811978.0642389376,471341.9211093496,-1340636.143129588,308.5003258752505,1636.7556843250125,1.0225108822761435,53.6
17250000,34500.00000611107,26.95000000549043,-1810017.4374162003,475173.0183075525,-1334844.419108648,311.0078362009258,1635.6986903061702,1.0231716322621724,53.6
17275000,34550.000006121256,27.000000005500617,-1809922.378881136,475166.12713695184,-1334756.2517441842,311.0033258268624,1635.0743345735743,1.02356233197565,53.6
17300000,34600.00000613144,27.050000005510803,-1809151.232183324,473093.6767271621,-1336057.555456162,309.6468760859277,1635.0309218195332,1.023589509235218,53.6
17325000,34650.00000614163,27.10000000552099,-1808242.858210792,472949.8924388962,-1335292.9657718956,309.552767122139,1639.862253204374,1.0205738290392146,53.6
17350000,34700.000006151815,27.150000005531176,-1809334.468008358,472298.2728591758,-1337036.1951491823,309.1262723766318,1638.279747484826,1.0215596581835686,53.6
17375000,34750.000006162,27.200000005541362,-1810826.518680471,475628.3146897332,-1335198.203990738,311.3058344819655,1634.713198440273,1.023788454419095,53.6
17400000,34800.00000617219,27.25000000555155,-1808214.89678356,471681.7169324308,-1336533.1798511287,308.72272731559946,1633.9676978158934,1.0242555596948124,53.6
17425000,34850.000006182374,27.300000005561735,-1810861.3113374952,475244.79257383256,-1335616.5187636628,311.0548135300052,1636.6343181247707,1.0225867075592343,53.6
17450000,34900.00000619256,27.35000000557192,-1806366.486039333,473490.382263856,-1332876.103775477,309.9065257836642,1640.907919788758,1.0199234696027992,53.6
17475000,34950.00000620275,27.400000005582108,-1810531.157955168,473945.0144515454,-1336586.1435036224,310.2040893394911,1635.5195737037814,1.0232836865777415,53.6
17500000,35000.00000621293,27.450000005592294,-1810711.500875056,475234.003097409,-1335477.4977776469,311.04775165656764,1634.9667455749516,1.0236296875023747,53.6
17525000,35050.00000622312,27.50000000560248,-1808809.8184284857,472842.8228053147,-1335966.9956231709,309.48268844809814,1634.1427957076155,1.024145811030523,53.6
17550000,35100.000006233306,27.550000005612667,-1808848.2144072016,474606.235704049,-1334241.9787031529,310.6368685232159,1638.4809842955458,1.0214341911140432,53.6
17575000,35150.00000624349,27.600000005622853,-1809525.279419872,474629.9812469831,-1334895.2981728888,310.65241033565644,1640.871284624004,1.0199462410807911,53.6
17600000,35200.00000625368,27.65000000563304,-1809773.60442706,475153.18513424095,-1334620.4192928192,310.9948550928263,1638.105066036849,1.02166859351622,53.6
17625000,35250.000006263865,27.700000005643226,-1810737.056018581,474857.5596032225,-1335879.496415358,310.8013637682236,1637.6474498403516,1.0219540835927876,53.6
17650000,35300.00000627405,27.750000005653412,-1810586.5028162408,473512.8400140542,-1337073.662802187,309.9212247165287,1636.2768357022169,1.0228101152158813,53.6
17675000,35350.00000628424,27.8000000056636,-1807702.0269934533,475491.7950209008,-1332210.2319725528,311.21648032007806,1636.4001008406062,1.0227330699808357,53.6
17700000,35400.000006294424,27.850000005673785,-1810368.6790049383,473295.0652443072,-1337073.613760631,309.7786878777169,1634.310992848201,1.0240404097955609,53.6
17725000,35450.00000630461,27.90000000568397,-1811335.3074475727,474051.10418416257,-1337284.2032634106,310.273526653718,1637.6560903026796,1.0219486916452276,53.6
17750000,35500.0000063148,27.950000005694164,-1809745.0310612305,473481.37379016273,-1336263.6572710676,309.9006296031092,1633.91898542955,1.0242860960512554,53.6
17775000,35550.00000632498,28.000000005704344,-1809171.1523850048,475033.26111940655,-1334137.891265598,310.916363034302,1638.3882005776654,1.021492036050785,53.6
17800000,35600.00000633517,28.05000000571453,-1809715.591373792,475028.56663832406,-1334687.024735468,310.9132904263312,1640.8280720539717,1.019973102212145,53.6
17825000,35650.000006345355,28.100000005724716,-1811424.4717699336,474647.103112033,-1336777.3686579005,310.663616852011,1634.3458341837538,1.0240185790821397,53.6
17850000,35700.00000635554,28.150000005734903,-1808613.8188307972,474762.5682426008,-1333851.2505881968,310.7391905041987,1637.6683072289477,1.0219410679574754,53.6
17875000,35750.00000636573,28.20000000574509,-1809977.346141056,473397.1452512286,-1336580.2008898277,309.8455007665991,1637.0442411512763,1.022330647382307,53.6
17900000,35800.000006375914,28.250000005755275,-1809289.154595038,475055.0856517538,-1334234.068943284,310.9306475166272,1637.009846043489,1.0223521275052865,53.6
17925000,35850.0000063861,28.30000000576546,-1807051.943734468,473436.8206590334,-1333615.1230754345,309.87146891347686,1638.0884425133277,1.0216789615350976,53.6
17950000,35900.00000639629,28.350000005775648,-1812072.8104181516,474025.6183807059,-1338047.1920374455,310.2568458147784,1636.3056729591735,1.0227920898318728,53.6
17975000,35950.00000640647,28.400000005785834,-1811464.8178713263,473930.0467685882,-1337534.7711027383,310.19429276748446,1638.698128651414,1.0212988405783874,53.6
18000000,36000.00000641666,28.45000000579602,-1808127.4042822449,472824.9857751402,-1335302.4185071047,309.47101384549006,1637.45258936271,1.0220756983877135,53.6
18025000,36050.000006426846,28.500000005806207,-1810019.0665926868,474162.2807924218,-1335856.7858002651,310.34629340401466,1636.4020303488703,1.0227318640596292,53.6
18050000,36100.00000643703,28.550000005816393,-1810997.4671939043,473387.4186675667,-1337610.0485263376,309.8391345723462,1634.9957678067726,1.0236115174136964,53.6
18075000,36150.00000644722,28.60000000582658,-1807211.3113413192,474670.29703174205,-1332541.0143095772,310.67879761881346,1637.1488823378866,1.0222653033606337,53.6
18100000,36200.000006457405,28.650000005836766,-1811581.5472037925,477215.6608965432,-1334365.886307249,312.3447762780299,1638.1636852683064,1.0216320346373395,53.6
18125000,36250.00000646759,28.700000005846952,-1807349.7018153584,473803.09051818686,-1333546.6112971716,310.1111980057698,1639.6460836785168,1.0207083806128263,53.6
18150000,36300.00000647778,28.75000000585714,-1810886.320665508,474737.9578836965,-1336148.362781811,310.7230826567914,1637.2547655696312,1.0221991922359044,53.6
18175000,36350.00000648797,28.800000005867332,-1808659.160958764,472629.3219893566,-1336029.8389694076,309.34294897586386,1636.1560946876414,1.0228855940356774,53.6
18200000,36400.00000649815,28.85000000587751,-1808916.7374685835,473894.5761140076,-1335022.161354576,310.1710766943811,1636.0888032933965,1.022927664733574,53.6
18225000,36450.00000650834,28.900000005887698,-1806567.2911363328,473427.3449468073,-1333139.9461895255,309.8652669183249,1639.4829116379872,1.0208099681731897,53.6
18250000,36500.00000651852,28.950000005897884,-1808856.3595824975,473040.5681148648,-1335815.7914676329,309.6121157061127,1633.193303447351,1.0247412203546389,53.6
18275000,36550.00000652871,29.00000000590807,-1809912.960356753,475131.7899117089,-1334781.1704450443,310.98085160018604,1637.9219726585432,1.0217827996612123,53.6
18300000,36600.000006538896,29.050000005918257,-1807439.0240578884,474705.6540515316,-1332733.3700063569,310.7019393162491,1638.8855863705785,1.0211820231795206,53.6
18325000,36650.00000654908,29.100000005928443,-1811925.123412649,474007.781090575,-1337917.342322074,310.2451710420249,1639.746557055277,1.0206458380099797,53.6
18350000,36700.00000655927,29.15000000593863,-1811115.839704251,475572.474545547,-1335543.365158704,311.2692862737395,1634.1667664503896,1.024130788368024,53.6
18375000,36750.000006569455,29.200000005948816,-1806749.712719936,472166.2178783779,-1334583.494841558,309.03984041973365,1640.4003294159506,1.0202390653295783,53.6
18400000,36800.00000657964,29.250000005959002,-1810674.8659072649,474257.8608139062,-1336417.0050933587,310.4088519553645,1636.5139094361457,1.0226619457370176,53.6
18425000,36850.00000658983,29.30000000596919,-1811435.3640356688,476854.8552237998,-1334580.508811869,312.1086235773386,1634.8167928919493,1.0237235793798676,53.6
18450000,36900.000006600014,29.350000005979375,-1809932.8426346437,474029.87692338775,-1335902.9657112556,310.2596330945561,1638.696442167618,1.02129989166015,53.6
18475000,36950.0000066102,29.40000000598956,-1811298.2009926175,475938.5497186215,-1335359.6512739963,311.50888794108647,1635.3429466657103,1.0233942074730895,53.6
18500000,37000.00000662039,29.450000005999748,-1809537.6116081208,472975.01109161,-1336562.600516511,309.56920765543487,1638.9162093304012,1.0211629425115218,53.6
18525000,37050.00000663057,29.500000006009934,-1809105.8012126896,475077.93959341897,-1334027.8616192709,310.945605762723,1636.6064345844186,1.022604129791679,53.6
18550000,37100.00000664076,29.55000000602012,-1809915.0749684956,473729.1667398304,-1336185.9082286651,310.0628137889379,1635.7706726697393,1.0231266074224088,53.6
18575000,37150.00000665095,29.600000006030314,-1809064.4250804763,471358.8410351293,-1337705.584045347,308.5114002193371,1633.5631765081869,1.024509197389633,53.6
18600000,37200.00000666113,29.650000006040493,-1807417.88591809,473508.1476720632,-1333909.738246027,309.91815350862515,1637.5692768380643,1.0220028688381169,53.6
18625000,37250.00000667132,29.70000000605068,-1809230.8131706323,473534.4808326048,-1335696.3323380277,309.9353889554305,1636.361619379046,1.0227571210602868,53.6
18650000,37300.00000668151,29.750000006060873,-1811880.0514843715,473439.2299553359,-1338440.8215290357,309.8730458338847,1636.1484673096245,1.0228903625119188,53.6
18675000,37350.00000669169,29.800000006071052,-1809056.702777273,473183.1847847781,-1335873.5179924949,309.7054604462537,1635.5097071801283,1.0232898597313786,53.6
18700000,37400.00000670188,29.85000000608124,-1808659.9196944216,474863.6758856419,-1333796.24380878,310.805366966401,1639.6767004013095,1.0206893215229866,53.6
18725000,37450.00000671206,29.900000006091425,-1809049.914142047,477351.4015941604,-1331698.5125478867,312.4336205916247,1637.350315837672,1.0221395401224471,53.6
18750000,37500.00000672225,29.95000000610161,-1807319.6903249065,475359.8686194128,-1331959.8217054936,311.13013252025826,1642.2301923130544,1.0191022590398384,53.6
18775000,37550.00000673244,30.000000006111804,-1809955.3847493087,473746.9924065157,-1336208.3923427935,310.0744809539726,1638.3727504176136,1.0215016689108565,53.6
18800000,37600.00000674262,30.050000006121984,-1806721.2494813548,474512.75040330726,-1332208.4990780477,310.5756809978724,1637.9102980357438,1.0217900826783493,53.6
18825000,37650.00000675281,30.10000000613217,-1811079.12819892,473797.5542276377,-1337281.5739712822,310.1075744209324,1638.110921535735,1.0216649415173027,53.6
18850000,37700.000006763,30.150000006142363,-1811072.531662212,473004.9367665295,-1338067.5948956823,309.5887944565473,1636.93148621335,1.0224010674515993,53.6
18875000,37750.00000677318,30.200000006152543,-1807909.7176916795,473470.28969963326,-1334439.4279920463,309.89337490033984,1639.9236487048609,1.0205356207719778,53.6
18900000,37800.00000678337,30.25000000616273,-1807513.9367083705,474189.0570916591,-1333324.8796167113,310.36381889171366,1637.022942429103,1.022343948562067,53.6
18925000,37850.000006793554,30.300000006172915,-1811019.3666935405,476238.4532227303,-1334780.9134708105,311.70517926295946,1633.5241945714554,1.0245336459731595,53.6
18950000,37900.00000680374,30.3500000061831,-1809099.9432763848,473579.25116528646,-1335520.6921110984,309.96469180672227,1640.4102762427829,1.0202328789861634,53.6
18975000,37950.00000681393,30.400000006193288,-1808810.5754780995,472369.6338637834,-1336440.9416143158,309.1729792197753,1639.0763672236533,1.0210631623494684,53.6
19000000,38000.00000682411,30.450000006203474,-1809875.3466653312,475946.11321554746,-1333929.2334497836,311.51383836276966,1636.4891272894922,1.0226774324016663,53.6
19025000,38050.0000068343,30.50000000621366,-1811284.2200728096,474982.8894702177,-1336301.330602592,310.88339403771226,1634.862745944975,1.0236948043502554,53.6
19050000,38100.000006844486,30.550000006223847,-1811016.8134516785,475819.1411226639,-1335197.6723290146,311.4307332319138,1635.09324815267,1.0235504921450185,53.6
19075000,38150.00000685467,30.600000006234033,-1809566.302390566,473376.9951803502,-1336189.3072102158,309.8323122443099,1640.4791328976903,1.0201900562389157,53.6
19100000,38200.00000686486,30.65000000624422,-1808535.8817996264,473289.6195900272,-1335246.262209599,309.7751236156712,1634.0164578852537,1.024224995270634,53.6
19125000,38250.000006875045,30.700000006254406,-1808210.614481717,473582.4953578554,-1334628.119123862,309.9668151792039,1638.12420998237,1.0216566537818723,53.6
19150000,38300.00000688523,30.750000006264592,-1807907.2560590252,474732.6207639501,-1333174.6352950754,310.71958943221864,1638.0955874524886,1.0216745052420229,53.6
19175000,38350.00000689542,30.80000000627478,-1808622.703081254,474641.755034115,-1333980.948047139,310.6601164551513,1638.1959309661086,1.0216119251759306,53.6
19200000,38400.0000069056,30.850000006284958,-1808542.2237180024,473194.4315930629,-1335347.7921249396,309.71282165022376,1634.1355039555783,1.02415038091918,53.6
19225000,38450.00000691579,30.90000000629515,-1810358.3329280345,474475.0274704598,-1335883.3054575748,310.5509907750103,1634.242364755821,1.0240834131721468,53.6
19250000,38500.00000692598,30.950000006305338,-1808366.7062544024,473528.6797658607,-1334838.0264885414,309.93159207061973,1639.7232319585892,1.02066035671801,53.6
19275000,38550.00000693616,31.000000006315524,-1810032.1980675496,474247.5737431432,-1335784.6243244065,310.40211891393426,1635.450845520183,1.023326689049676,53.6
19300000,38600.00000694635,31.05000000632571,-1809632.579780017,475130.4832136713,-1334502.0965663458,310.9799963468076,1637.0063740206515,1.0223542958718796,53.6
19325000,38650.000006956536,31.100000006335897,-1810728.0594088875,476138.3386999868,-1334589.7207089006,311.6396528128221,1637.118846743533,1.0222840584718065,53.6
19350000,38700.00000696672,31.150000006346083,-1808773.603625532,473298.0389548125,-1335475.5646707197,309.78063421564883,1635.0833246466395,1.0235567041889724,53.6
19375000,38750.00000697691,31.20000000635627,-1808052.403928628,472977.58253008575,-1335074.8213985425,309.5708907003164,1636.7589963844275,1.0225088131769045,53.6
19400000,38800.000006987095,31.250000006366456,-1808268.5053555325,474891.76069710986,-1333376.7446584224,310.8237488948949,1638.627760163478,1.021342698772963,53.6
19425000,38850.00000699728,31.300000006376642,-1807966.6991816228,473058.2072526413,-1334908.4919289816,309.6236607851912,1642.7078538981773,1.018805927589727,53.6
19450000,38900.00000700747,31.35000000638683,-1810174.3485361785,474536.49304714496,-1335637.8554890335,310.59122091281097,1634.1960599704043,1.02411243047543,53.6
19475000,38950.00000701765,31.400000006397008,-1810510.0729690483,472820.6337291719,-1337689.4392398763,309.46816536641506,1639.4169070148823,1.0208510670400628,53.6
19500000,39000.00000702784,31.4500000064072,-1811112.020549616,474504.8046965256,-1336607.2158530902,310.5704804141312,1634.55016321151,1.0238905703336918,53.6
19525000,39050.00000703803,31.500000006417388,-1810251.3223083892,476498.9754911717,-1333752.3468172178,311.87569497801144,1637.7740073924476,1.021875112985982,53.6
19550000,39100.00000704821,31.550000006427574,-1811250.6647369936,475356.5391988204,-1335894.1255381731,311.1279533647627,1634.1186368490658,1.0241609520326662,53.6
19575000,39150.0000070584,31.60000000643776,-1810425.7758879696,473346.3715180604,-1337079.4043699095,309.8122686000407,1637.7881855722678,1.0218662667082807,53.6
19600000,39200.000007068586,31.650000006447947,-1809307.8234228883,472913.0302648667,-1336394.7931580215,309.528640278777,1635.7558067000875,1.0231359057351723,53.6
19625000,39250.00000707877,31.700000006458133,-1810700.636360187,474326.4494408245,-1336374.1869193627,310.4537442359108,1634.853162855756,1.0237008049861935,53.6
19650000,39300.00000708896,31.75000000646832,-1807353.564956165,472703.6889498569,-1334649.876006308,309.3916232620268,1639.7504456480565,1.0206434175953083,53.6
19675000,39350.000007099145,31.800000006478506,-1806527.6766453749,472586.9281990141,-1333940.7484463607,309.31520160702183,1637.0932395625262,1.0223000488945222,53.6
19700000,39400.00000710933,31.850000006488692,-1806896.9349922296,473344.7837642525,-1333552.1512279771,309.81122939146354,1635.9715199260029,1.02300099877372,53.6
19725000,39450.00000711952,31.90000000649888,-1809246.482262696,473758.0687767543,-1335488.413485942,310.08173060369626,1638.0361651409075,1.0217115680749913,53.6
19750000,39500.0000071297,31.950000006509065,-1810387.050534225,473906.68179371,-1336480.368740515,310.1790000425195,1638.6793775209003,1.021310527128005,53.6
19775000,39550.00000713989,32.00000000651925,-1810687.35174156,475569.4255823444,-1335117.9261592154,311.2672906817935,1636.2526811139908,1.0228252140801652,53.6
19800000,39600.00000715008,32.050000006529444,-1810011.099397787,473243.0281638746,-1336768.0712339124,309.74462883150846,1636.2570180059456,1.0228225030864808,53.6
19825000,39650.00000716026,32.100000006539624,-1807224.54099249,473575.7145299417,-1333648.8264625482,309.9623770260768,1635.9553398938317,1.0230111165249007,53.6
19850000,39700.00000717045,32.15000000654981,-1810131.412984052,473562.8233940973,-1336568.5895899544,309.9539395851645,1639.9247169561563,1.0205349559923769,53.6
19875000,39750.00000718064,32.20000000656,-1808707.8759127231,472524.75094428856,-1336183.1249684347,309.2745056653162,1636.5073598943216,1.022666038579708,53.6
19900000,39800.00000719082,32.25000000657018,-1808746.2069664395,475116.95327757736,-1333629.2536888618,310.9711408015927,1637.0641780322069,1.0223181969941906,53.6
19925000,39850.00000720101,32.30000000658037,-1810355.8481002096,473806.534497,-1336549.3136032096,310.1134521413316,1636.7729884744792,1.0225000721752544,53.6
19950000,39900.0000072112,32.35000000659056,-1808458.343288592,473380.5219132253,-1335077.8213753668,309.83462054364105,1638.109393467391,1.0216658945512462,53.6
19975000,39950.00000722138,32.40000000660074,-1808040.773723636,474070.550316605,-1333970.2234070308,310.2862544377891,1637.3705723514822,1.022126894858107,53.6
20000000,40000.00000723157,32.45000000661093,-1812383.2140618812,474642.25903531583,-1337740.9550265656,310.66044633146345,1635.8527865217743,1.0230752501929885,53.6
20025000,40050.00000724175,32.500000006621114,-1809716.0721491196,471879.34955029126,-1337836.722598828,308.85208081522035,1635.4463070878912,1.023329528824281,53.6
20050000,40100.00000725194,32.5500000066313,-1811132.6636385545,475058.1337744939,-1336074.5298640607,310.93264255847794,1635.8241849009737,1.0230931381852475,53.6
20075000,40150.000007262126,32.60000000664149,-1807552.859740966,472871.63084536185,-1334681.228895604,309.501543740497,1637.2950906321144,1.0221740164160211,53.6
20100000,40200.00000727231,32.65000000665167,-1810178.5919266324,473813.0517434735,-1336365.540183159,310.11771777647,1639.6459589677957,1.0207084582474388,53.6
20125000,40250.0000072825,32.70000000666186,-1807832.3902077908,473510.3482937789,-1334322.0419140118,309.9195938483998,1637.8364533423808,1.021836151854049,53.6
20150000,40300.000007292685,32.750000006672046,-1807469.4577771705,476559.9029390566,-1330909.554838114,311.9155729024766,1638.8048850560842,1.0212323102712662,53.6
20175000,40350.00000730287,32.80000000668223,-1810333.3338990195,474932.23883619695,-1335401.0950628223,310.850242441384,1633.924806740459,1.0242824467475664,53.6
20200000,40400.00000731306,32.85000000669242,-1808366.535421232,473667.25879572576,-1334699.276625506,310.02229411505533,1640.4075686938493,1.020234562915509,53.6
20225000,40450.00000732325,32.90000000670261,-1809536.7631246664,474116.965787962,-1335419.797336704,310.3166340569106,1638.5201337380772,1.0214097858117577,53.6
20250000,40500.00000733343,32.95000000671279,-1811223.65188275,472689.3312083454,-1338534.3206744045,309.38222590580466,1635.911804915839,1.023038340954916,53.6
20275000,40550.00000734362,33.00000000672298,-1809323.2010345769,471626.6725161492,-1337696.5285184274,308.6866999231696,1637.4659375412025,1.0220673667036513,53.6
20300000,40600.0000073538,33.050000006733164,-1811759.2561438167,473117.8363306124,-1338641.4198132043,309.6626889071593,1638.1024327521386,1.021670235870344,53.6
20325000,40650.00000736399,33.10000000674335,-1809974.112253908,472899.1556433936,-1337074.9566105143,309.51955913183434,1639.0438583714276,1.0210834141513274,53.6
20350000,40700.000007374176,33.15000000675354,-1811015.3027002888,474272.4645385685,-1336742.83816172,310.41841031123226,1635.4868000461515,1.0233041922456574,53.6
20375000,40750.00000738436,33.20000000676372,-1810282.576742975,474051.5911707112,-1336230.9855722638,310.27384539368626,1637.53718072739,1.0220229003327137,53.6
20400000,40800.00000739455,33.25000000677391,-1809076.045925581,474261.9353835582,-1334814.1105420226,310.411518822047,1636.8525837766845,1.022450351019509,53.6
20425000,40850.000007404735,33.300000006784096,-1809746.071848292,472840.3265013033,-1336905.7453469886,309.4810545798456,1634.7291173624053,1.0237784848109728,53.6
20450000,40900.00000741492,33.35000000679428,-1810082.9872296536,473449.10998845415,-1336633.8772411994,309.8795124630983,1637.1918523708878,1.022238472800881,53.6
20475000,40950.00000742511,33.40000000680447,-1810548.683196457,474685.2347727741,-1335863.4484236832,310.6885745933829,1634.7306019673254,1.0237775550513084,53.6
20500000,41000.000007435294,33.450000006814655,-1811213.6578050957,473286.5096188659,-1337927.1481862296,309.7730880931052,1631.220542212953,1.0259805192124516,53.6
20525000,41050.00000744548,33.50000000682484,-1807919.8863733213,473571.8809783477,-1334348.0053949738,309.9598679093125,1640.8098793418417,1.019984411308502,53.6
20550000,41100.00000745567,33.55000000683503,-1810889.5641557851,472456.1811763057,-1338433.3829794796,309.2296257282249,1635.845225878728,1.023079978700707,53.6
20575000,41150.00000746585,33.600000006845214,-1811110.804655917,471972.8521911933,-1339137.9524647235,308.91327968995785,1635.699600828469,1.0231710627073556,53.6
20600000,41200.00000747604,33.6500000068554,-1808714.95583506,472448.5427796042,-1336266.413055456,309.2246262835202,1634.6933850095306,1.0238008633282043,53.6
20625000,41250.00000748623,33.700000006865594,-1809818.3529594357,475266.8993531925,-1334551.4536062428,311.06928274721497,1638.2989394390586,1.0215476910597834,53.6
20650000,41300.00000749641,33.75000000687577,-1807285.971643325,473594.72500340414,-1333691.2466399209,309.9748196648398,1634.8918609158734,1.023676573881837,53.6
20675000,41350.0000075066,33.80000000688596,-1809510.1602626264,473081.2969574501,-1336428.8633051766,309.6387733417852,1636.3347002813648,1.0227739462848826,53.6
20700000,41400.00000751679,33.85000000689615,-1809452.7266367967,473446.86893543456,-1336005.8577013626,309.87804566043155,1637.6859235044378,1.0219300751320932,53.6
20725000,41450.00000752697,33.90000000690633,-1809014.5134828717,473573.68526409817,-1335440.8282187732,309.9610488412794,1636.630372505996,1.022589172830184,53.6
20750000,41500.00000753716,33.95000000691652,-1808565.0072498035,473278.5458552755,-1335286.461394528,309.767875690913,1634.817542193415,1.0237231101669075,53.6
20775000,41550.00000754734,34.000000006926705,-1809183.4400681788,475691.69812894426,-1333491.7419392343,311.3473198894288,1635.9796723396712,1.0229959009552898,53.6
20800000,41600.00000755753,34.05000000693689,-1810445.3009950584,472289.01126317104,-1338156.2897318874,309.120210523744,1639.0088852907277,1.0211052019725924,53.6
20825000,41650.00000756772,34.100000006947084,-1810842.7603519,474743.5892354241,-1336099.171116476,310.72676846058965,1638.5725173655678,1.0213771322983072,53.6
20850000,41700.0000075779,34.150000006957264,-1810756.950987679,475084.0282164822,-1335672.9227711968,310.9495908574388,1636.1482513742967,1.022890497510789,53.6
20875000,41750.00000758809,34.20000000696745,-1808936.6934536693,473481.9963580092,-1335454.6970956605,309.90103708306145,1637.174377041366,1.022249384255649,53.6
20900000,41800.00000759828,34.25000000697764,-1811478.5409434093,471652.3350692446,-1339826.2058741646,308.70349644738724,1633.5514259814388,1.024516566929726,53.6
20925000,41850.00000760846,34.30000000698782,-1809879.887898923,475975.8406546399,-1333904.047244283,311.533295415573,1635.0488856404302,1.023578263346011,53.6
20950000,41900.00000761865,34.35000000699801,-1808911.6048956213,473582.5270194657,-1335329.0778761555,309.96683590220067,1636.8849418327636,1.0224301391494195,53.6
20975000,41950.000007628834,34.400000007008195,-1810860.6668679807,472040.74291906506,-1338819.9239489157,308.9577151851564,1636.050038573672,1.0229519020755178,53.6
21000000,42000.00000763902,34.45000000701838,-1811249.8514541937,474093.88324282767,-1337155.968211366,310.3015261864304,1636.8896102233573,1.022427223190265,53.6
21025000,42050.00000764921,34.50000000702857,-1810181.502550926,475813.9315302752,-1334367.571020651,311.4273234759009,1635.664318853892,1.0231931329420647,53.6
21050000,42100.00000765939,34.550000007038754,-1811601.9737073171,476479.5974907371,-1335122.3762165802,311.8630117873569,1637.5582979488845,1.0220097207811911,53.6
21075000,42150.00000766958,34.60000000704894,-1809902.4891435653,473550.9377744808,-1336351.5513690845,309.9461602696385,1635.8444838772018,1.0230804427588205,53.6
21100000,42200.000007679766,34.65000000705913,-1808518.6047254647,473323.8861216057,-1335194.7186038594,309.79755157228857,1636.8364297879962,1.022460441613233,53.6
21125000,42250.00000768995,34.70000000706931,-1807783.4321710945,474589.16698433727,-1333194.2651867568,310.6256967912788,1638.025583904004,1.0217181680770029,53.6
21150000,42300.00000770014,34.7500000070795,-1811109.789211193,473650.3076729193,-1337459.481538274,310.0111993520488,1636.810104603602,1.022476886074069,53.6
21175000,42350.000007710325,34.800000007089686,-1808489.9051820007,473769.6649595495,-1334720.2402224515,310.0893204785005,1635.3741759469283,1.0233746646271944,53.6
21200000,42400.00000772051,34.85000000709987,-1808618.2716551004,473778.4574626895,-1334839.814192411,310.09507530310344,1640.167364404333,1.02038397737384,53.6
21225000,42450.0000077307,34.90000000711006,-1808083.4248562416,473876.4858069918,-1334206.93904925,310.15923631829827,1637.8144592671465,1.021849874007419,53.6
21250000,42500.00000774088,34.95000000712024,-1808828.972114713,471856.8208342661,-1336972.151280447,308.8373354341625,1637.0769306520472,1.0223102332662324,53.6
21275000,42550.00000775107,35.00000000713043,-1811654.967902896,474897.4403032519,-1336757.527599644,310.8274662819279,1635.12130533521,1.023532928956952,53.6
21300000,42600.00000776126,35.05000000714062,-1809116.9098745063,474182.7660336071,-1334934.1438408992,310.3597013002748,1634.3187353358271,1.024035558465138,53.6
21325000,42650.00000777144,35.100000007150804,-1810027.892496952,474676.666180915,-1335351.226316037,310.6829663220571,1635.1630466330796,1.023506800924671,53.6
21350000,42700.00000778163,35.15000000716099,-1809059.26147864,472823.2898782136,-1336235.9716004266,309.4699038556269,1637.6369489559306,1.0219606365847205,53.6
21375000,42750.000007791816,35.20000000717118,-1809617.373726694,475425.7644984909,-1334191.609228203,311.1732623571325,1639.1310881619063,1.0210290750609878,53.6
21400000,42800.000007802,35.25000000718136,-1812319.6020029616,473763.02683421865,-1338556.5751687428,310.08497572634496,1636.118240398136,1.0229092601781673,53.6
21425000,42850.00000781219,35.30000000719155,-1808116.609420268,473947.9187079151,-1334168.6907123527,310.20599021865405,1636.4426446603704,1.0227064812265407,53.6
21450000,42900.000007822375,35.350000007201736,-1810483.0114890104,473991.60709414666,-1336491.4043948636,310.23458491983763,1634.900838537135,1.0236709526353622,53.6
21475000,42950.00000783256,35.40000000721192,-1808873.661981048,472893.2409155368,-1335980.4210655112,309.51568785412786,1635.4585996473718,1.0233218371963158,53.6
21500000,43000.00000784275,35.45000000722211,-1810286.0717437572,474258.6615560466,-1336027.410187711,310.4093760530529,1637.4795457150435,1.0220588728751696,53.6
21525000,43050.00000785293,35.50000000723229,-1811681.1466023368,474954.83964841015,-1336726.306953927,310.86503501047366,1636.028545036997,1.0229653412384778,53.6
21550000,43100.00000786312,35.55000000724248,-1810047.037447416,473210.36740313953,-1336836.6700442766,309.723251875887,1640.760381176935,1.0200151820152863,53.6
21575000,43150.00000787331,35.60000000725267,-1807066.5179753937,475605.6455253314,-1331460.8724500623,311.29099717534785,1637.6106866075593,1.0219770257585814,53.6
21600000,43200.00000788349,35.650000007262854,-1808960.4593060017,474005.7545020251,-1334954.7048039767,310.24384460955605,1642.7357797166294,1.018788608316766,53.6
21625000,43250.00000789368,35.70000000727304,-1809940.80678509,473358.1584098453,-1336582.6483752446,309.81998329672655,1636.8328527467752,1.0224626760400042,53.6
21650000,43300.000007903865,35.75000000728323,-1810183.3609026829,472953.36831963056,-1337229.9925830525,309.55504213798474,1635.02058462302,1.023595980741452,53.6
21675000,43350.00000791405,35.80000000729341,-1813294.4021706404,474411.8843778391,-1338882.5177928014,310.5096626779796,1631.9099254697403,1.0255471044873514,53.6
21700000,43400.00000792424,35.8500000073036,-1809925.6828810095,473381.0207843708,-1336544.662096639,309.83494706225537,1632.4960974314406,1.0251788665730317,53.6
21725000,43450.000007934425,35.900000007313785,-1810635.5367069524,474836.5349567193,-1335799.0017502331,310.78760282312794,1635.0592692116657,1.0235717630325285,53.6
21750000,43500.00000794461,35.95000000732397,-1811078.719070767,474407.5637834983,-1336671.1552872688,310.50683478446444,1637.35518435545,1.0221365008890726,53.6
21775000,43550.0000079548,36.00000000733416,-1812219.343156221,473626.7875353984,-1338592.555620823,309.99580507081714,1635.771269388456,1.0231262341924792,53.6
21800000,43600.00000796498,36.050000007344345,-1811471.2721792825,473816.44189029024,-1337654.830288992,310.1199366781864,1634.2941503130342,1.02405096324251,53.6
21825000,43650.00000797517,36.10000000735453,-1808587.683138786,472852.71597742575,-1335734.9671613602,309.4891636769787,1635.0383721688156,1.0235848450637248,53.6
21850000,43700.00000798536,36.150000007364724,-1808920.407107042,474785.4959828264,-1334134.9111242157,310.75419705255433,1637.9118754071944,1.0217890986556253,53.6
21875000,43750.00000799554,36.2000000073749,-1810132.3640876897,473907.0761282396,-1336225.2879594502,310.1792581403576,1634.95189208916,1.023638987145436,53.6
21900000,43800.00000800573,36.25000000738509,-1807944.182770134,474015.23863937816,-1333928.9441307555,310.2500521190795,1636.898165094522,1.022421879709921,53.6
21925000,43850.00000801592,36.30000000739528,-1806948.206632944,473750.2444677337,-1333197.9621652102,310.0766094766026,1636.4981751638045,1.0226717782206778,53.6
21950000,43900.0000080261,36.35000000740546,-1809990.6727300584,473617.053831205,-1336373.6188988534,309.98943421607,1634.645712810945,1.0238307210751685,53.6
21975000,43950.00000803629,36.40000000741565,-1810215.7267348785,474574.9183213733,-1335640.808413505,310.6163708285948,1637.9878222315183,1.021741722456536,53.6
22000000,44000.00000804648,36.45000000742584,-1810479.804028688,475028.0558183635,-1335451.7482103244,310.91295608703894,1636.114662584902,1.0229114970496849,53.6
22025000,44050.00000805666,36.50000000743602,-1809522.8355661463,473266.07221204654,-1336256.7633540998,309.75971150515187,1638.7106716680175,1.0212910233544343,53.6
22050000,44100.00000806685,36.55000000744621,-1810038.473960841,471887.7125704371,-1338150.7613904038,308.8575545367901,1639.162531741552,1.0210094889562422,53.6
22075000,44150.00000807703,36.600000007456394,-1810232.308419105,473359.259022215,-1336873.0493968895,309.8207036639579,1638.3853130670796,1.0214938363410129,53.6
22100000,44200.00000808722,36.65000000746658,-1810997.951210945,475195.14290591737,-1335802.8083050274,311.02231708094035,1632.2308713907023,1.025345450931039,53.6
22125000,44250.000008097406,36.70000000747677,-1809787.31367644,473481.1259246248,-1336306.1877518154,309.90046737141324,1636.4512455747229,1.0227011060521345,53.6
22150000,44300.00000810759,36.75000000748695,-1812056.841063376,472441.1015566571,-1339615.7395067185,309.2197558919822,1636.3190643921334,1.0227837194278353,53.6
22175000,44350.00000811778,36.80000000749714,-1810594.8773315428,475862.7579619184,-1334732.1193696244,311.4592811045324,1639.2191938342116,1.0209741962177925,53.6
22200000,44400.000008127965,36.850000007507326,-1810110.3976292775,473110.9228259311,-1336999.474803347,309.65816391510657,1635.4981636490677,1.023297082226972,53.6
22225000,44450.00000813815,36.90000000751751,-1812007.7815248875,474119.5561880043,-1337888.225336883,310.3183295124205,1634.942096379065,1.0236451202499552,53.6
22250000,44500.00000814834,36.9500000075277,-1810720.0814975435,473682.8407363093,-1337037.2407612342,310.03249272785104,1637.4326596592482,1.022088138389728,53.6
22275000,44550.00000815853,37.00000000753789,-1809088.750166432,473968.213355173,-1335120.536811259,310.2192733683426,1640.150324993654,1.0203945780738952,53.6
22300000,44600.00000816871,37.05000000754807,-1811541.88805605,472885.8199615231,-1338656.0680945269,309.51083072890947,1634.9937592192528,1.0236127749189972,53.6
22325000,44650.0000081789,37.10000000755826,-1809318.0481449803,473718.6297847285,-1335599.418360252,310.0559171944763,1636.6329875374863,1.0225875389251424,53.6
22350000,44700.00000818908,37.150000007568444,-1810363.1657366888,475009.5104750649,-1335353.6552616244,310.900817882914,1634.159949237366,1.0241350607268904,53.6
22375000,44750.00000819927,37.20000000757863,-1809081.6050106816,473197.7403681028,-1335883.864642579,309.714987292897,1638.2115929773445,1.0216021581241532,53.6
22400000,44800.000008209456,37.25000000758882,-1810491.259142518,473521.646623545,-1336969.612518973,309.9269887739488,1640.736397408613,1.020030092276221,53.6
22425000,44850.00000821964,37.300000007599,-1807479.6092495727,473593.3298893925,-1333886.2793601807,309.97390654188604,1638.1464054610692,1.0216428112105242,53.6
22450000,44900.00000822983,37.35000000760919,-1808482.691805983,474831.1399942754,-1333651.5518117077,310.78407173964587,1638.2333861074735,1.0215885679306185,53.6
22475000,44950.000008240015,37.400000007619376,-1811450.1941653965,471975.0020336711,-1339475.1921317254,308.91468679396297,1635.8800174698936,1.0230582200264955,53.6
22500000,45000.0000082502,37.45000000762956,-1812061.545127504,473998.81220357766,-1338062.732923926,310.2393007715535,1636.7000132966969,1.022545662157501,53.6
22525000,45050.00000826039,37.50000000763975,-1808819.429366354,474567.35177470616,-1334252.077591648,310.6114184108106,1639.5109622300006,1.0207925030115652,53.6
22550000,45100.000008270574,37.550000007649935,-1808255.248171837,473704.9048043011,-1334550.343367536,310.0469339898325,1639.8589350243346,1.0205758941239826,53.6
22575000,45150.00000828076,37.60000000766012,-1811064.1666990751,475242.4290989937,-1335821.7376000814,311.0532666004296,1635.842339891041,1.023081783640064,53.6
22600000,45200.00000829095,37.65000000767031,-1810287.5473470476,472208.4496062615,-1338079.097740786,309.0674817162763,1637.878270346138,1.0218100631471072,53.6
22625000,45250.00000830113,37.700000007680494,-1808176.730627073,475374.228334344,-1332802.502292729,311.1395311681132,1638.3819551822205,1.0214959299057491,53.6
22650000,45300.00000831132,37.75000000769068,-1807586.080141956,473387.4306612424,-1334198.6494807135,309.83914242238603,1638.6793338983143,1.0213105543158787,53.6
22675000,45350.00000832151,37.80000000770087,-1810082.9305708325,473263.0496424472,-1336819.8809283853,309.7577331882133,1637.7963872796563,1.0218611494371872,53.6
22700000,45400.00000833169,37.85000000771105,-1809009.17942712,472261.8374355992,-1336747.3419915207,309.1024248478137,1639.5713264355818,1.0207549204267066,53.6
22725000,45450.00000834188,37.90000000772124,-1810789.4381834087,472716.5530009594,-1338072.8851824498,309.40004297557124,1638.918712195383,1.0211613830485964,53.6
22750000,45500.000008352064,37.950000007731425,-1811883.1434022188,472836.7995537125,-1339046.3438485062,309.4787461399798,1637.008639620502,1.0223528809460911,53.6
22775000,45550.00000836225,38.00000000774161,-1809065.388279777,473737.0257875328,-1335328.3624922442,310.06795765301763,1638.3824808719269,1.0214956021496229,53.6
22800000,45600.00000837244,38.0500000077518,-1811649.5668677476,473302.1626945279,-1338347.4041732196,309.783333264872,1637.5060601929663,1.0220423237105103,53.6
22825000,45650.00000838262,38.100000007761984,-1807986.4474528069,473523.70013589377,-1334462.7473169132,309.92833282844595,1638.5459852815277,1.0213936709027496,53.6
22850000,45700.00000839281,38.15000000777217,-1808950.1080183557,474759.7651358427,-1334190.3428825126,310.737355828967,1638.5930667157315,1.021364323360709,53.6
22875000,45750.000008403,38.200000007782364,-1808974.2977827964,473782.33760599216,-1335191.9601768043,310.0976149148368,1633.33686295591,1.0246511523782578,53.6
22900000,45800.00000841318,38.25000000779254,-1810541.4435595628,472594.38532915554,-1337947.0582304073,309.3200824100561,1635.3464453203137,1.0233920180270155,53.6
22925000,45850.00000842337,38.30000000780273,-1810065.6605885765,473658.2787111763,-1336407.3818774002,310.01641651561886,1634.6980937079618,1.0237979143007736,53.6
22950000,45900.00000843356,38.35000000781292,-1811683.6437662116,473407.8980267195,-1338275.745739492,309.85253861872826,1633.1497014129418,1.0247685790235417,53.6
22975000,45950.00000844374,38.4000000078231,-1810271.4376325808,474651.27053331793,-1335620.1670992633,310.6663444914737,1637.8771348869911,1.0218107715174471,53.6
23000000,46000.00000845393,38.45000000783329,-1809406.3314697144,473424.9976415672,-1335981.3338281475,309.8637305719932,1639.485238864827,1.0208085191474223,53.6
23025000,46050.000008464114,38.500000007843475,-1811571.125093873,472243.47478913,-1339327.6503047426,309.09040622149183,1637.7463540545557,1.0218923673414644,53.6
23050000,46100.0000084743,38.55000000785366,-1809117.4450750723,472625.49297158216,-1336491.9521034902,309.3404428265521,1636.7097800557322,1.0225395603077987,53.6
23075000,46150.00000848449,38.60000000786385,-1812923.3890437456,475137.3206817409,-1337786.0683620046,310.98447157176247,1634.45058389637,1.0239529511256085,53.6
23100000,46200.00000849467,38.650000007874034,-1810946.003121133,473862.6713786292,-1337083.3317425037,310.1501945686453,1635.629438835149,1.0232149526738497,53.6
23125000,46250.00000850486,38.70000000788422,-1812681.184733709,474212.0066351585,-1338469.1780985508,310.37883971063764,1634.3991275533897,1.023985188584232,53.6
23150000,46300.000008515046,38.75000000789441,-1813660.832615857,472211.69272741495,-1341449.139888442,309.0696043875005,1635.2498992344854,1.023452439674896,53.6
23175000,46350.00000852523,38.80000000790459,-1810221.3257324423,472745.6006663283,-1337475.7250661142,309.4190551063215,1635.5250323247128,1.0232802713333156,53.6
23200000,46400.00000853542,38.85000000791478,-1812438.9914221745,473956.4696382327,-1338482.521783942,310.2115869302373,1634.0471417106182,1.024205762569149,53.6
23225000,46450.000008545605,38.900000007924966,-1809462.8482544944,475695.0691650685,-1333767.779089426,311.3495262829115,1640.1968697538218,1.0203656217810326,53.6
23250000,46500.00000855579,38.95000000793515,-1810683.305397571,475186.8894806992,-1335496.4159168715,311.0169150908874,1633.6374119370132,1.0244626418449023,53.6
23275000,46550.00000856598,39.00000000794534,-1812105.899957735,471814.77515980974,-1340291.1247979254,308.8098159123663,1636.4661907545435,1.022691766139083,53.6
23300000,46600.00000857616,39.05000000795552,-1813201.784393852,472620.5460887082,-1340581.2383051435,309.3372050178397,1634.249768113331,1.0240787739451602,53.6
23325000,46650.00000858635,39.10000000796571,-1810880.5037003455,476287.2672085436,-1334593.236491802,311.73712874560937,1635.7958489455004,1.0231108606422568,53.6
23350000,46700.00000859654,39.1500000079759,-1809290.0627123143,474891.30314645095,-1334398.7595658635,310.82344942115606,1636.862069744221,1.0224444256999503,53.6
23375000,46750.00000860672,39.200000007986084,-1811153.1121508956,474190.7909371996,-1336962.3212136957,310.3649537195113,1638.2630229412334,1.0215700869845588,53.6
23400000,46800.00000861691,39.25000000799627,-1810174.390229361,474686.6958509332,-1335487.694378428,310.6895308908562,1636.7243886610047,1.02253043361737,53.6
23425000,46850.000008627096,39.30000000800646,-1809119.115183737,472898.17122686026,-1336220.9439568769,309.518914816513,1635.4266755466883,1.023341812796476,53.6
23450000,46900.00000863728,39.35000000801664,-1809952.4864527544,471325.9018071432,-1338626.5846456112,308.4898410027415,1638.3101759934864,1.021540684647689,53.6
23475000,46950.00000864747,39.40000000802683,-1807658.1349319725,472562.8622780517,-1335095.2726539206,309.29945010237753,1638.3995009104278,1.0214849906385308,53.6
23500000,47000.000008657655,39.450000008037016,-1812800.570655743,472127.15556500026,-1340673.4150907423,309.01427355231374,1633.652131158094,1.0244534114268553,53.6
23525000,47050.00000866784,39.5000000080472,-1808825.824148972,473140.0468014781,-1335685.7773474937,309.67722599200795,1639.6683665355654,1.0206945093328788,53.6
23550000,47100.00000867803,39.55000000805739,-1811012.0144411696,473100.6248063533,-1337911.3896348164,309.6514237075134,1637.0231863570282,1.0223437962256547,53.6
23575000,47150.00000868821,39.60000000806757,-1810566.203647226,473306.0176157285,-1337260.1860314975,309.78585636836306,1639.7040580303003,1.0206722918403213,53.6
23600000,47200.0000086984,39.65000000807776,-1810427.546762918,473698.55093028,-1336728.995832638,310.04277528440383,1638.4451022336043,1.0214565605940242,53.6
23625000,47250.00000870859,39.70000000808795,-1807907.207807634,474996.0626955703,-1332911.1451120635,310.89201611042023,1635.9675602158543,1.0230034748542582,53.6
23650000,47300.00000871877,39.750000008098134,-1810702.27461,475407.8547118818,-1335294.419898118,311.1615401343515,1639.8142392585976,1.0206037115559747,53.6
23675000,47350.00000872896,39.80000000810832,-1810082.198340592,474212.53671123896,-1335869.661629353,310.37918665334786,1640.470907929563,1.0201951712523276,53.6
23700000,47400.000008739145,39.850000008118506,-1811989.9437668547,473765.1583403488,-1338224.7854265058,310.0863708289368,1635.3737412724042,1.0233749366352891,53.6
23725000,47450.00000874933,39.90000000812869,-1807239.9100800725,476635.51264961855,-1330604.397430454,311.9650605871128,1637.0195211831576,1.022346085182946,53.6
23750000,47500.00000875952,39.95000000813888,-1811662.9388509504,470934.658112678,-1340728.2807382725,308.23376616230485,1639.1440564417985,1.0210209970700566,53.6
23775000,47550.0000087697,40.00000000814906,-1809934.1552448748,472961.1821066764,-1336972.9731381985,309.5601563782888,1638.4796996532664,1.0214349919647023,53.6
23800000,47600.00000877989,40.05000000815925,-1809561.5303339087,475662.46508009394,-1333899.0652538151,311.3281864224216,1636.1065491412771,1.0229165696623266,53.6
23825000,47650.00000879008,40.10000000816944,-1810407.512635209,473279.5065974732,-1337128.0060377354,309.7685045110281,1635.445998124356,1.0233297221486153,53.6
23850000,47700.00000880026,40.150000008179624,-1809842.4170679615,474155.9753539819,-1335686.44171398,310.3421664003972,1636.506899536906,1.022666326260679,53.6
23875000,47750.00000881045,40.20000000818981,-1812247.091752929,474951.5689949002,-1337295.5227580285,310.86289431891095,1636.7802288837522,1.022495549076262,53.6
23900000,47800.00000882064,40.250000008200004,-1810729.7831634155,475055.4894352029,-1335674.2937282124,310.9309117989242,1639.281310616722,1.0209355087565957,53.6
23925000,47850.00000883082,40.30000000821018,-1812998.07313227,474347.5943846407,-1338650.478747629,310.46758391739417,1636.3588341393418,1.0227588618910155,53.6
23950000,47900.00000884101,40.35000000822037,-1808513.084899866,473943.59802340507,-1334569.486876461,310.2031622661218,1637.5373064568655,1.022022821862194,53.6
23975000,47950.0000088512,40.40000000823056,-1807982.536162888,475124.4881598576,-1332858.04800303,310.97607249456286,1639.319798948165,1.0209115389953154,53.6
24000000,48000.00000886138,40.45000000824074,-1810603.1886651888,474439.2915942263,-1336163.8970709625,310.52760111037463,1634.842380788648,1.0237075564693383,53.6
24025000,48050.00000887157,40.50000000825093,-1810999.628899075,475308.8208222349,-1335690.8080768404,311.0967209747129,1637.43249726435,1.0220882397568982,53.6
24050000,48100.00000888176,40.55000000826112,-1811434.9918646945,473622.47574091307,-1337812.5161237812,309.99298293693886,1634.6888697296897,1.023803691234777,53.6
24075000,48150.00000889194,40.6000000082713,-1810616.2507412983,474292.9963598512,-1336323.254381447,310.4318486948617,1634.9517492572188,1.0236390765721384,53.6
24100000,48200.00000890213,40.65000000828149,-1810371.7495979725,474489.8458279637,-1335881.9037700086,310.5606896112779,1639.698444632103,1.0206757860437965,53.6
24125000,48250.00000891231,40.700000008291674,-1810342.9496082093,474100.39949831966,-1336242.5501098898,310.3057911729567,1638.296805202149,1.0215490218472083,53.6
24150000,48300.0000089225,40.75000000830186,-1810854.070860046,474323.6862981559,-1336530.38456189,310.45193571777247,1637.72283017652,1.0219070455708763,53.6
24175000,48350.000008932686,40.80000000831205,-1808764.4824732805,471735.75663873705,-1337028.7258345434,308.7580971103473,1638.1065653869289,1.0216676583884818,53.6
24200000,48400.00000894287,40.85000000832223,-1811012.521849702,474128.5839686932,-1336883.937881009,310.32423832969243,1635.0832811046082,1.0235567314461391,53.6
24225000,48450.00000895306,40.90000000833242,-1810482.0049145576,474590.20555587934,-1335891.7993586785,310.62637655186205,1637.473471283446,1.0220626643422197,53.6
24250000,48500.000008963245,40.950000008342606,-1807187.7733986648,473754.5888913496,-1333433.1845073153,310.07945296673404,1640.146356651302,1.020397046923705,53.6
24275000,48550.00000897343,41.00000000835279,-1808208.1269074853,473673.5076231953,-1334534.6192842904,310.0263840659473,1638.530435397917,1.021403364071921,53.6
24300000,48600.00000898362,41.05000000836298,-1811077.6839175364,475331.4076075848,-1335746.2763099517,311.111504363011,1635.3965211593704,1.0233606817649386,53.6
24325000,48650.00000899381,41.10000000837317,-1811043.6038504175,474274.039842123,-1336769.5640082948,310.41944137093253,1637.193123535037,1.0222376791053298,53.6
24350000,48700.00000900399,41.15000000838335,-1808811.196879064,472766.4192983823,-1336044.7775806815,309.4326812118838,1635.5619478496878,1.0232571753396345,53.6
24375000,48750.00000901418,41.20000000839354,-1810483.3735113507,473358.0701787524,-1337125.3033325984,309.8199255481587,1636.6865279784947,1.0225540873222438,53.6
24400000,48800.00000902436,41.250000008403724,-1808198.2701660665,474777.7758515043,-1333420.494314562,310.74914411132,1637.3311927567138,1.0221514781208576,53.6
24425000,48850.00000903455,41.30000000841391,-1811083.528485628,474020.5433499029,-1337062.985135725,310.2535241313327,1637.5789715269138,1.0219968184429975,53.6
24450000,48900.000009044736,41.3500000084241,-1813151.0528668985,475174.240118378,-1337976.8127485206,311.0086358943563,1635.6509411245693,1.0232015014762263,53.6
24475000,48950.00000905492,41.40000000843428,-1808194.060473289,474947.7932243392,-1333246.2672489502,310.8604230206955,1635.6223308663525,1.023219399287116,53.6
24500000,49000.00000906511,41.45000000844447,-1811388.8449743183,475004.0504375052,-1336384.7945368134,310.89724420679687,1634.628939585355,1.0238412267888717,53.6
24525000,49050.000009075295,41.500000008454656,-1811169.9640709676,474637.0338199906,-1336532.9302509767,310.65702635000537,1637.7839047550954,1.0218689376483538,53.6
24550000,49100.00000908548,41.55000000846484,-1811733.290872884,475143.827653636,-1336589.463219248,310.9887304820359,1639.0225533369542,1.0210966868285667,53.6
24575000,49150.00000909567,41.60000000847503,-1810197.9138267145,473957.6062118333,-1336240.307614881,310.21233083463125,1637.3757656980854,1.0221236529271167,53.6
24600000,49200.000009105854,41.650000008485215,-1811587.3831958324,475139.7074440804,-1336447.675751752,310.986033743355,1637.0951713629245,1.0222988425629196,53.6
24625000,49250.00000911604,41.7000000084954,-1810568.8177809168,473236.3098217051,-1337332.5079592117,309.74023157623407,1636.169222008639,1.022877387214918,53.6
24650000,49300.00000912623,41.750000008505594,-1807151.135536936,475632.09286408336,-1331519.0426728528,311.3083073534969,1639.4280369429391,1.020844136574878,53.6
24675000,49350.00000913641,41.800000008515774,-1810496.7536479395,472309.65808593767,-1338187.0955620017,309.1337241775621,1634.6298891702058,1.023840632021747,53.6
24700000,49400.0000091466,41.85000000852596,-1808349.8993295685,473602.5590118944,-1334747.340317674,309.9799471403812,1637.0456416661646,1.0223297727644858,53.6
24725000,49450.00000915679,41.90000000853615,-1809467.962074776,474458.6901969445,-1335009.2718778318,310.54029778553144,1637.8937634945878,1.0218003976514878,53.6
24750000,49500.00000916697,41.95000000854633,-1811204.7264908068,473844.1401954313,-1337360.5862953756,310.1380656325176,1633.9297999897692,1.024279316565584,53.6
24775000,49550.00000917716,42.00000000855652,-1808241.58205505,472247.52184855577,-1335994.0602064943,309.0930550823204,1636.3107294377878,1.0227889292302608,53.6
24800000,49600.000009187344,42.050000008566705,-1810912.724887399,473425.5887294434,-1337487.1361579555,309.8641174478348,1637.1388957787765,1.022271539186381,53.6
24825000,49650.00000919753,42.10000000857689,-1806874.8122669747,473819.44734439626,-1333055.3649225784,310.12190379277894,1636.4012179856495,1.022732371777261,53.6
24850000,49700.00000920772,42.15000000858708,-1811184.1568519948,475262.5671806588,-1335921.589671336,311.0664472755996,1635.591467785415,1.0232387071055775,53.6
24875000,49750.0000092179,42.200000008597264,-1810270.314532361,473017.161634339,-1337253.152898022,309.5967958150816,1636.7906604991217,1.0224890324944278,53.6
24900000,49800.00000922809,42.25000000860745,-1811156.0073465996,475323.56456349225,-1335832.442783107,311.10637097353293,1638.2170135280908,1.0215987778355256,53.6
24925000,49850.00000923828,42.300000008617644,-1809326.347446803,474593.4495686202,-1334732.8978781828,310.6284998066435,1639.8706319609776,1.020568614518299,53.6
24950000,49900.00000924846,42.35000000862782,-1811010.0671208703,473395.0882080089,-1337614.9789128616,309.8441544010942,1637.73019979662,1.0219024470926266,53.6
24975000,49950.00000925865,42.40000000863801,-1810140.795129802,473960.1047304276,-1336180.6903993743,310.21396615236137,1634.179892545048,1.024122562322818,53.6
25000000,50000.00000926884,42.4500000086482,-1808685.382402379,473937.1376192735,-1334748.2447831056,310.19893383514506,1633.3948760413398,1.0246147599689817,53.6
25025000,50050.00000927902,42.50000000865838,-1810552.0091274416,475275.99202864233,-1335276.017098799,311.075234039077,1637.958254671991,1.0217601663998503,53.6
25050000,50100.00000928921,42.55000000866857,-1810398.8536190884,472376.1828577991,-1338022.6707612893,309.17726563415414,1638.7475003141594,1.0212680712122038,53.6
25075000,50150.000009299394,42.600000008678755,-1808337.241197456,475156.1410297202,-1333181.1001677357,310.9967897705576,1637.7204405827226,1.02190853663289,53.6
25100000,50200.00000930958,42.65000000868894,-1810134.3039600048,472860.3806865277,-1337273.9232734772,309.4941803435424,1635.7725283154682,1.0231254467717157,53.6
25125000,50250.00000931977,42.70000000869913,-1812334.1625970376,472630.01229853247,-1339704.150298505,309.3434007935278,1634.3485138313456,1.0240169001202193,53.6
25150000,50300.00000932995,42.750000008709314,-1811764.5144788912,473106.6377261221,-1338657.876752769,309.65535925329254,1635.5199060074883,1.02328347866773,53.6
25175000,50350.00000934014,42.8000000087195,-1810505.014678432,473700.0057783663,-1336805.0089000654,310.0437275042015,1633.1590554284728,1.0247627096006149,53.6
25200000,50400.000009350326,42.85000000872969,-1809204.5343234015,473220.6630216423,-1335983.8713017595,309.7299905119406,1638.4646907655551,1.0214443486528173,53.6
25225000,50450.00000936051,42.90000000873987,-1809264.8682556627,474774.9642873266,-1334489.903968336,310.7473039005808,1638.3680352425347,1.021504608762653,53.6
25250000,50500.0000093707,42.95000000875006,-1810224.306620356,472187.6357751593,-1338036.6708451963,309.05385875300874,1637.3711029599156,1.022126563626446,53.6
25275000,50550.000009380885,43.000000008760246,-1807147.0436888903,474324.9226755276,-1332822.121013363,310.45274494522494,1638.9723458919775,1.021127966584963,53.6
25300000,50600.00000939107,43.05000000877043,-1809092.353942749,473780.9278636105,-1335311.4260791386,310.0966922173965,1639.8896292263962,1.0205567917635827,53.6
25325000,50650.00000940126,43.10000000878062,-1810622.6533440324,471939.147096694,-1338683.5062473384,308.8912192022927,1636.559120804984,1.0226336938114755,53.6
25350000,50700.00000941144,43.1500000087908,-1809834.206199483,474249.5897598373,-1335584.6164396456,310.4034384269655,1635.38169282518,1.023369960781729,53.6
25375000,50750.00000942163,43.20000000880099,-1809979.608945989,474613.39791965927,-1335366.2110263298,310.64155630028563,1635.9394809801695,1.0230210336674117,53.6
25400000,50800.00000943182,43.25000000881118,-1809877.9528044823,474067.1677662889,-1335810.7850381937,310.28404050809587,1636.043866311176,1.0229557613410245,53.6
25425000,50850.000009442,43.300000008821364,-1811103.1343146132,474509.7982690361,-1336593.3360455772,310.5737487819079,1635.4334292248966,1.023337586808932,53.6
25450000,50900.00000945219,43.35000000883155,-1812603.7831314576,474248.4595935696,-1338355.3235378882,310.4026987162667,1635.8673684875462,1.0230661305977404,53.6
25475000,50950.000009462376,43.40000000884174,-1806736.359639752,474428.4816677084,-1332307.8779720434,310.5205258520449,1636.0653439509492,1.022942332369237,53.6
25500000,51000.00000947256,43.45000000885192,-1809489.2102263272,473374.9866037374,-1336114.2236225898,309.8309976009229,1634.2069479114143,1.0241056073030372,53.6
25525000,51050.00000948275,43.50000000886211,-1811699.8642662875,474325.6244647882,-1337374.2398014993,310.4532042767757,1634.2528462475177,1.024076845080914,53.6
25550000,51100.000009492935,43.550000008872296,-1810297.0798721705,475293.01116863335,-1335004.068703537,311.0863733203465,1636.625972487266,1.0225919220298112,53.6
25575000,51150.00000950312,43.60000000888248,-1807387.696988536,475461.1253013452,-1331926.5716871908,311.19640653064056,1638.319260027121,1.0215350204831,53.6
25600000,51200.00000951331,43.65000000889267,-1810580.8190843072,474379.9865229239,-1336200.8325613833,310.48878505560964,1639.0991152162878,1.021048991676639,53.6
25625000,51250.00000952349,43.70000000890285,-1811417.8547863855,474130.9390886694,-1337286.9156977164,310.32577979088563,1635.6112151740867,1.0232263531352297,53.6
25650000,51300.00000953368,43.75000000891304,-1808039.400322545,473596.4238963148,-1334442.9764262305,309.9759316156193,1638.2478147355594,1.021579570438682,53.6
25675000,51350.000009543866,43.80000000892323,-1809740.8727054708,473299.8108095283,-1336441.0618959423,309.7817939210193,1636.717616952153,1.0225346642056623,53.6
25700000,51400.00000955405,43.850000008933414,-1808055.2872388056,473343.8866717074,-1334711.400567098,309.8106422309966,1634.4871159880906,1.0239300649598124,53.6
25725000,51450.00000956424,43.9000000089436,-1808954.8343032617,474229.8674750224,-1334724.9668282394,310.39052989704294,1637.4971350359865,1.022047894338992,53.6
25750000,51500.000009574425,43.950000008953786,-1809860.1337194024,472448.23666958895,-1337411.8970498135,309.2244259299441,1635.7498112802382,1.0231396557764538,53.6
25775000,51550.00000958461,44.00000000896397,-1810087.980294398,474146.5754508847,-1335941.4048435134,310.3360140234521,1639.201040335464,1.020985503100436,53.6
25800000,51600.0000095948,44.05000000897416,-1807266.4706232697,474635.8024574984,-1332630.6681657713,310.6562204048664,1634.4686203864574,1.0239416517240645,53.6
25825000,51650.00000960498,44.10000000898434,-1807540.7107100068,473213.5628536151,-1334327.1478563915,309.72534334594064,1637.690217818668,1.0219273954501755,53.6
25850000,51700.00000961517,44.15000000899453,-1810481.5587857007,473625.6998514731,-1336855.858934228,309.9950931654458,1638.5134659964413,1.0214139423211166,53.6
25875000,51750.00000962536,44.20000000900472,-1809589.848639508,472568.6782545336,-1337021.1703849742,309.3032567458344,1634.9360803095835,1.023648886953891,53.6
25900000,51800.00000963554,44.250000009014904,-1808640.4971298752,475366.8386143555,-1333273.6585155197,311.13469448603064,1639.0411798288103,1.02108508281925,53.6
25925000,51850.00000964573,44.30000000902509,-1809234.7025365308,474878.2137040148,-1334356.488832516,310.8148821856181,1635.6791543446272,1.0231838526549104,53.6
25950000,51900.00000965592,44.350000009035284,-1811174.7204593772,474310.7802999944,-1336863.940159383,310.4434885492515,1635.5092500594824,1.0232901457382737,53.6
25975000,51950.0000096661,44.40000000904546,-1808181.8703345824,473691.284688252,-1334490.5856463304,310.0380194204904,1636.2127811760329,1.0228501562289205,53.6
26000000,52000.00000967629,44.45000000905565,-1807301.388750908,474517.4936817232,-1332783.8950691847,310.5787855444265,1641.760488584736,1.0193938217458098,53.6
26025000,52050.00000968648,44.50000000906584,-1808741.226706276,474645.0571148127,-1334096.169591463,310.66227771627763,1634.6843381635665,1.023806529357108,53.6
26050000,52100.00000969666,44.55000000907602,-1808983.430959384,473506.2657120619,-1335477.165247322,309.9169217377012,1634.282170950035,1.0240584695828694,53.6
26075000,52150.00000970685,44.60000000908621,-1808998.8198386007,473088.1125581157,-1335910.7072804854,309.6432342541976,1640.5947130476975,1.020118183692455,53.6
26100000,52200.00000971704,44.6500000090964,-1809173.0640275748,472953.47328261903,-1336219.590744956,309.55511083782807,1637.5610929610905,1.0220079764006873,53.6
26125000,52250.00000972722,44.70000000910658,-1810226.629398506,473868.2533276332,-1336358.3760708729,310.1538480376232,1636.7669992322033,1.0225038136978184,53.6
26150000,52300.00000973741,44.75000000911677,-1809421.6188040413,473395.5713627999,-1336026.047441241,309.84447063311984,1636.9665644595611,1.0223791586129285,53.6
26175000,52350.00000974759,44.800000009126954,-1808719.0649672383,475357.39843282296,-1333361.6665344154,311.1285157462482,1634.2767552940363,1.0240618631013632,53.6
26200000,52400.00000975778,44.85000000913714,-1811147.2254650465,471803.2114304597,-1339344.0140345865,308.8022472788265,1637.712957605256,1.0219132058995752,53.6
26225000,52450.000009767966,44.90000000914733,-1808519.4470020188,475064.5145307162,-1333454.9324713026,310.93681885870865,1640.208871140499,1.0203581557792358,53.6
26250000,52500.00000977815,44.95000000915751,-1807410.910440488,476717.44866667775,-1330693.46177381,312.0186889338217,1637.64334376488,1.0219566459459468,53.6
26275000,52550.00000978834,45.0000000091677,-1810060.6530152448,474945.5742455768,-1335115.078769668,310.8589706659597,1636.3515904003534,1.0227633894010488,53.6
26300000,52600.000009798525,45.050000009177886,-1808709.481047446,473566.52291781775,-1335142.958129628,309.9563609786842,1635.9369562777435,1.0230226124713355,53.6
26325000,52650.00000980871,45.10000000918807,-1809464.73002364,472805.9135510034,-1336658.8164726368,309.45853078998863,1636.4968862911344,1.0226725836567994,53.6
26350000,52700.0000098189,45.15000000919826,-1808939.273666893,475139.50458979,-1333799.7690771031,310.9859009721928,1639.9621096248325,1.0205116868416702,53.6
26375000,52750.00000982909,45.20000000920845,-1810048.2151523093,473045.0707405067,-1337003.1444118023,309.6150627418327,1637.4167709045394,1.0220980562725848,53.6
26400000,52800.00000983927,45.25000000921863,-1812361.105902213,473903.3279240263,-1338457.7779781865,310.1768048847284,1633.168948550935,1.0247565019740308,53.6
26425000,52850.00000984946,45.30000000922882,-1809309.7903424976,473860.0334344903,-1335449.7569080074,310.1484679948141,1638.336879379165,1.021524034473215,53.6
26450000,52900.00000985964,45.350000009239004,-1809885.4673568765,473231.40011987824,-1336654.067236998,309.7370181030723,1638.1475198864775,1.0216421161908795,53.6
26475000,52950.00000986983,45.40000000924919,-1810264.9186443444,473432.7070288726,-1336832.211615472,309.86877648110817,1635.7375319962923,1.0231473363621857,53.6
26500000,53000.000009880016,45.45000000925938,-1809247.8866638928,474352.1604169243,-1334895.7262469688,310.470572453708,1634.76708393571,1.0237547081144185,53.6
26525000,53050.0000098902,45.50000000926956,-1812009.604515483,473636.5261939832,-1338373.0783214995,310.00217916828746,1636.6531637802382,1.022574932726788,53.6
26550000,53100.00000990039,45.55000000927975,-1809060.042681976,473658.62995858944,-1335401.412723387,310.0166464122959,1637.8945042808157,1.02179993551204,53.6
26575000,53150.000009910575,45.600000009289936,-1808160.7926669647,474339.3762800786,-1333821.4163868865,310.462205045238,1639.8142010087167,1.0206037353623123,53.6
26600000,53200.00000992076,45.65000000930012,-1807772.871944405,474567.97787340137,-1333204.894071004,310.6118282017561,1637.4883509122312,1.0220533770010105,53.6
26625000,53250.00000993095,45.70000000931031,-1809163.1981869263,474731.3280561197,-1334431.870130807,310.7187433356397,1635.5479952542166,1.0232659045811314,53.6
26650000,53300.00000994113,45.750000009320495,-1812636.505011801,474352.7224283993,-1338283.7825834013,310.47094029861086,1637.2246317591373,1.0222180062435535,53.6
26675000,53350.00000995132,45.80000000933068,-1809618.822955911,473872.9626575295,-1335745.8602983817,310.15693036436426,1639.7209366352797,1.0206617854644848,53.6
26700000,53400.00000996151,45.850000009340874,-1808761.1978524253,475364.2122412142,-1333396.985611211,311.1329754855903,1639.8790359185195,1.0205633843671005,53.6
26725000,53450.00000997169,45.900000009351054,-1808921.631834092,473903.41163071565,-1335018.220203376,310.1768596720066,1639.576799136296,1.0207515132754312,53.6
26750000,53500.00000998188,45.95000000936124,-1807481.4926408732,473064.8621326006,-1334416.630508273,309.6280165035014,1638.962316638797,1.0211342151428482,53.6
26775000,53550.00000999207,46.00000000937143,-1807749.761871526,474777.2416110847,-1332972.5202604411,310.7487944429876,1637.954027026751,1.021762803616422,53.6
26800000,53600.00001000225,46.05000000938161,-1806481.912678388,472884.3360131739,-1333597.576665214,309.5098594625552,1635.3565124102593,1.0233857181288484,53.6
26825000,53650.00001001244,46.1000000093918,-1807460.6495770395,473928.64709107287,-1333532.0024859663,310.1933766576494,1639.1795783186683,1.0209988710122289,53.6
26850000,53700.000010022624,46.150000009401985,-1809043.5936808148,474907.4573865329,-1334136.136294282,310.8340226125196,1636.65461490258,1.0225740260716405,53.6
26875000,53750.00001003281,46.20000000941217,-1812691.4807950135,475317.2895627756,-1337374.1912322382,311.1022638918598,1638.1514814524164,1.0216396455386505,53.6
26900000,53800.000010043,46.25000000942236,-1811670.237271644,473291.0598363353,-1338379.177435309,309.77606627838696,1636.4135230363268,1.0227246813166977,53.6
26925000,53850.00001005318,46.300000009432544,-1807610.3170670047,473034.7355219895,-1334575.581545015,309.60829818697823,1637.2239854199731,1.0222184097922054,53.6
26950000,53900.00001006337,46.35000000944273,-1810070.2235453203,474399.570165903,-1335670.6533794173,310.5016028423803,1639.1299735522707,1.0210297693615398,53.6
26975000,53950.00001007356,46.400000009452924,-1806846.186743068,472227.48882267886,-1334618.6979203888,309.07994316773244,1639.5438023704492,1.0207720564891123,53.6
27000000,54000.00001008374,46.4500000094631,-1811581.212519302,474654.1058066693,-1336927.1067126328,310.66820022022114,1633.1237293633174,1.0247848762213043,53.6
27025000,54050.00001009393,46.50000000947329,-1810038.209289602,475496.2790382138,-1334541.930251388,311.2194151763689,1634.545426055638,1.0238935377209235,53.6
27050000,54100.00001010412,46.55000000948348,-1811095.380573632,473102.7635666087,-1337992.6170070237,309.6528235580385,1635.13350688092,1.0235252912418873,53.6
27075000,54150.0000101143,46.60000000949366,-1808239.202121672,474431.8443772548,-1333807.3577444174,310.5227267956582,1640.5342268607735,1.0201557952571108,53.6
27100000,54200.00001012449,46.65000000950385,-1807483.538769655,471209.83999317023,-1336273.6987764847,308.4138768123549,1638.0538542176764,1.021700534778182,53.6
27125000,54250.000010134674,46.700000009514035,-1809080.5188036363,473820.0638458247,-1335260.454957812,310.12230730217,1636.2112528562247,1.022851111632541,53.6
27150000,54300.00001014486,46.75000000952422,-1809272.309430573,474127.9983683413,-1335144.311062232,310.3238550455174,1634.6082530187352,1.0238541838748931,53.6
27175000,54350.00001015505,46.80000000953441,-1807196.449687357,475122.5459587956,-1332073.9037285617,310.97480129496506,1639.3206332928053,1.0209110193946629,53.6
27200000,54400.00001016523,46.850000009544594,-1810369.2783243835,475542.8014219659,-1334826.4769024174,311.24986477124946,1635.25742454551,1.02344772983667,53.6
27225000,54450.00001017542,46.90000000955478,-1810807.1158179196,472772.0663208528,-1338035.0494970663,309.43637727241725,1637.759533892074,1.0218841436828112,53.6
27250000,54500.000010185606,46.95000000956497,-1809123.0388592072,473666.2389741415,-1335456.7998850658,310.02162662659947,1637.558390362778,1.0220096631051423,53.6
27275000,54550.00001019579,47.00000000957515,-1808417.975461956,473276.7046376168,-1335141.2708243392,309.7666705864607,1636.9064386818677,1.022416711976124,53.6
27300000,54600.00001020598,47.05000000958534,-1811279.591098913,474347.98477596085,-1336931.606322952,310.46783943434286,1637.0520077079325,1.0223257972072015,53.6
27325000,54650.000010216165,47.100000009595526,-1809061.8568227373,474714.86468334944,-1334346.992139388,310.7079678123155,1640.115957447706,1.0204159597679077,53.6
27350000,54700.00001022635,47.15000000960571,-1809839.5097867548,473400.9831116666,-1336438.5266750883,309.84801270356627,1638.9629791639436,1.021133802365315,53.6
27375000,54750.00001023654,47.2000000096159,-1807507.8472692536,473619.6854448992,-1333888.161824355,309.9911566465305,1640.0058799353517,1.020484450284797,53.6
27400000,54800.00001024672,47.25000000962608,-1809865.3089063847,471063.2169629687,-1338802.091943416,308.31790984957865,1637.370791372598,1.0221267581344191,53.6
27425000,54850.00001025691,47.30000000963627,-1809170.2275827453,475037.873036332,-1334132.3545464133,310.9193816027991,1636.5551069367634,1.0226362019560946,53.6
27450000,54900.0000102671,47.35000000964646,-1808906.1474801248,475514.6011135639,-1333391.5463665607,311.2314072482875,1638.488714987043,1.0214293717994247,53.6
27475000,54950.00001027728,47.400000009656644,-1812686.022771868,474621.58736673,-1338064.435405138,310.6469164156857,1637.4897052765975,1.022052531662765,53.6
27500000,55000.00001028747,47.45000000966683,-1807635.1135947865,474057.197039886,-1333577.9165549004,310.2775145187732,1635.5811803674535,1.0232451430345189,53.6
27525000,55050.000010297656,47.50000000967702,-1807550.4462702824,474699.8343432362,-1332850.6119270462,310.6981302302645,1638.550212420722,1.0213910359067715,53.6
27550000,55100.00001030784,47.5500000096872,-1811543.1393229144,472982.14648937,-1338560.992833544,309.5738778798212,1637.2931939803511,1.0221752005094735,53.6
27575000,55150.00001031803,47.60000000969739,-1810056.1375192923,473595.4344727359,-1336460.7030465566,309.9752840231119,1635.8032293241126,1.0231062445946917,53.6
27600000,55200.000010328215,47.650000009707576,-1811627.0245924247,474871.08232016006,-1336755.9422722647,310.8102145883928,1635.1300032001247,1.0235274844044489,53.6
27625000,55250.0000103384,47.70000000971776,-1807533.1592952276,474674.3868201189,-1332858.7724751085,310.6814744463785,1636.6245854399276,1.0225927886814647,53.6
27650000,55300.00001034859,47.75000000972795,-1809693.820275276,474953.0911039613,-1334740.7291713147,310.863890562021,1635.705546937298,1.0231673432808972,53.6
27675000,55350.00001035877,47.800000009738135,-1810453.6173347128,473534.6888752431,-1336918.9284594702,309.935525122444,1636.9967283899514,1.0223603198619169,53.6
27700000,55400.00001036896,47.85000000974832,-1812364.0284662545,474281.2382040828,-1338082.7902621718,310.4241528063277,1639.218985071708,1.020974326243818,53.6
27725000,55450.000010379146,47.90000000975851,-1810156.5745427124,474725.4601527439,-1335431.1143899686,310.7149027052554,1636.8127272113195,1.022475247795158,53.6
27750000,55500.00001038933,47.950000009768694,-1807423.3630056048,474883.82170663023,-1332539.5412989743,310.8185527070737,1636.3922385384155,1.0227379838616688,53.6
27775000,55550.00001039952,48.00000000977888,-1809976.5058577107,471569.4262058903,-1338407.0796518205,308.64923135825074,1638.0164709056016,1.0217238523397674,53.6
27800000,55600.000010409705,48.050000009789066,-1807817.529075761,472349.24636971264,-1335468.2827060488,309.1596353004613,1640.361531059356,1.0202631963508924,53.6
27825000,55650.00001041989,48.10000000979925,-1808148.023730062,473631.3901213889,-1334516.633608673,309.998817532078,1640.3584890268776,1.020265088421315,53.6
27850000,55700.00001043008,48.15000000980944,-1810707.6071509905,473030.5236700029,-1337677.0834809877,309.60554146695773,1637.9140007623623,1.021787772783363,53.6
27875000,55750.00001044026,48.20000000981962,-1809343.1425744144,475170.7296566801,-1334172.4129177346,311.0063382447536,1635.7811107560167,1.0231200787470678,53.6
27900000,55800.00001045045,48.25000000982981,-1808209.121523819,473727.62643616926,-1334481.4950876497,310.0618056371905,1641.6182029257682,1.0194821767125226,53.6
27925000,55850.00001046064,48.30000000984,-1810724.5567459576,472858.8877567021,-1337865.6689892556,309.49320319867775,1636.5461592435893,1.0226417931426994,53.6
27950000,55900.00001047082,48.350000009850184,-1811205.2273835696,475381.554087174,-1335823.6732963957,311.14432598273527,1637.2808324796597,1.0221829179512203,53.6
27975000,55950.00001048101,48.40000000986037,-1810133.2083736816,474729.9382765458,-1335403.2700971358,310.7178337041552,1637.7863851701395,1.021867390035607,53.6
28000000,56000.0000104912,48.450000009870564,-1809245.9486657232,475896.4320144022,-1333349.516651321,311.4813212747348,1636.751511093461,1.0225134893760284,53.6
28025000,56050.00001050138,48.50000000988074,-1809352.999483914,473243.36446945486,-1336109.6350144593,309.7448489485328,1640.4737140515108,1.020193426151485,53.6
28050000,56100.00001051157,48.55000000989093,-1810095.597843936,475142.5671867953,-1334953.0306571403,310.9879054876662,1635.526127409083,1.023279586184841,53.6
28075000,56150.00001052176,48.60000000990112,-1811378.891398799,474103.8633707298,-1337275.0280280688,310.3080583291748,1637.8931324436314,1.0218007913329228,53.6
28100000,56200.00001053194,48.6500000099113,-1808211.1048019072,474632.31856594345,-1333578.7862359637,310.65394014581904,1635.0138852137736,1.0236001748883272,53.6
28125000,56250.00001054213,48.70000000992149,-1809308.0709124552,472477.2953996756,-1336830.7755127796,309.24344530271736,1639.1045793264086,1.0210455879132676,53.6
28150000,56300.00001055232,48.75000000993168,-1809033.775119462,476549.626216997,-1332484.1489024651,311.9088466344272,1640.1710633533023,1.0203816761820037,53.6
28175000,56350.0000105625,48.80000000994186,-1812529.612712592,475359.9345602321,-1337169.6781523598,311.13017567950925,1635.6308722725448,1.0232140559467198,53.6
28200000,56400.00001057269,48.85000000995205,-1809814.953062226,473340.783152522,-1336474.169909704,309.8086109313452,1637.525051914473,1.0220304702471652,53.6
28225000,56450.00001058287,48.900000009962234,-1810313.328853,475010.6395714417,-1335302.6892815582,310.9015568933533,1637.1399013770624,1.022270911265391,53.6
28250000,56500.00001059306,48.95000000997242,-1810541.591198176,473938.9266163377,-1336602.6645818383,310.20010476043853,1635.8159387343778,1.0230982956092955,53.6
28275000,56550.000010603246,49.00000000998261,-1812590.1233250003,472719.7584394927,-1339870.3648855078,309.40214098295786,1634.06908194615,1.0241920108153757,53.6
28300000,56600.00001061343,49.05000000999279,-1808489.691441304,475869.89687598695,-1332619.7945653172,311.4639536303951,1635.824663285863,1.0230928389891856,53.6
28325000,56650.00001062362,49.10000001000298,-1811908.7019491307,475957.25378747616,-1335951.4481616546,311.5211300334582,1634.2130595031967,1.0241017773768366,53.6
28350000,56700.000010633805,49.150000010013166,-1811193.448200029,475050.594364237,-1336142.8538357925,310.9277079018794,1638.0407385521191,1.0217087154553766,53.6
28375000,56750.00001064399,49.20000001002335,-1809960.9895135844,475777.8159733411,-1334183.1735402434,311.40368530457704,1633.6321530018924,1.024465939761485,53.6
28400000,56800.00001065418,49.25000001003354,-1812179.0402221084,474546.7928437705,-1337632.247378338,310.5979622835084,1636.2753415285322,1.022811049200474,53.6
28425000,56850.00001066437,49.30000001004373,-1811277.0803593171,474491.0245574134,-1336786.0558019038,310.5614611073046,1636.5535037422935,1.0226372037471756,53.6
28450000,56900.00001067455,49.35000001005391,-1811650.9792007348,473257.1496551919,-1338393.8295455428,309.75387155845067,1635.0059991143544,1.023605112003389,53.6
28475000,56950.00001068474,49.4000000100641,-1809040.416037877,472998.0293570294,-1336042.3866808475,309.5842734538818,1635.1590241943024,1.0235093187185882,53.6
28500000,57000.00001069492,49.450000010074284,-1813177.8779710373,475216.5259435539,-1337961.3520274833,311.0363125983846,1636.1793916561537,1.0228710295364558,53.6
28525000,57050.00001070511,49.50000001008447,-1811824.2595830343,471814.0683790603,-1340010.1912039742,308.80935331381147,1637.1649040772934,1.0222552991953513,53.6
28550000,57100.000010715296,49.55000001009466,-1807630.8923165137,475235.6773318708,-1332395.2149846428,311.048847468024,1637.6475100963326,1.0219540459907728,53.6
28575000,57150.00001072548,49.60000001010484,-1810817.2860524869,474856.5677233734,-1335960.7183291134,310.8007145680507,1637.8617303563922,1.0218203819228948,53.6
28600000,57200.00001073567,49.65000001011503,-1809411.6333841644,475096.8994970485,-1334314.733887116,310.95801530277515,1636.503417738612,1.0226685020690711,53.6
28625000,57250.000010745855,49.700000010125216,-1810658.2410038551,473219.6650798932,-1337438.575923962,309.7293373441637,1639.1425295113631,1.021021948194201,53.6
28650000,57300.00001075604,49.7500000101354,-1808472.1595961896,475125.6127732807,-1333346.5468229093,310.9768085708421,1640.0516221584946,1.0204559882371345,53.6
28675000,57350.00001076623,49.80000001014559,-1807855.5774077429,473933.7209655679,-1333921.8564421749,310.19669758427415,1636.9804976482487,1.022370456614494,53.6
28700000,57400.00001077641,49.850000010155775,-1810974.963334576,475426.8080344413,-1335548.1553001348,311.1739453669952,1638.3347225155703,1.0215253793070704,53.6
28725000,57450.0000107866,49.90000001016596,-1808812.8521528488,472725.1724313578,-1336087.679721491,309.4056845214802,1641.727344334042,1.0194144019258866,53.6
28750000,57500.00001079679,49.950000010176154,-1809544.3311039812,473577.4413103288,-1335966.8897936526,309.96350722962615,1637.2205598550486,1.022220548584996,53.6
28775000,57550.00001080697,50.000000010186334,-1812363.5754942708,472960.3077893495,-1339403.2677049213,309.55958412454225,1637.0380198254793,1.0223345326018023,53.6
28800000,57600.00001081716,50.05000001019652,-1808710.3086668055,473244.8431044455,-1335465.4655623604,309.74581673721445,1636.6173962103892,1.022597280662486,53.6
28825000,57650.00001082735,50.10000001020671,-1809494.8828310731,475713.7914017504,-1333781.091429323,311.3617802663973,1637.532776690889,1.0220256489959598,53.6
28850000,57700.00001083753,50.15000001021689,-1806982.8240599197,472699.2844322416,-1334283.5396276778,309.3887404394753,1637.672208068891,1.0219386337532936,53.6
28875000,57750.00001084772,50.20000001022708,-1808369.855839176,474288.2561446801,-1334081.599694496,310.428746153247,1634.3939258377738,1.0239884475780778,53.6
28900000,57800.000010857904,50.250000010237265,-1809922.1032629025,475661.6404060681,-1334260.462856834,311.32764666095693,1637.5944491643088,1.021987159094077,53.6
28925000,57850.00001086809,50.30000001024745,-1806820.2826543776,474693.8957188167,-1332126.386935561,310.694243311901,1637.8648405046065,1.021818441584011,53.6
28950000,57900.00001087828,50.35000001025764,-1810759.914590421,473987.2549806557,-1336772.6596097653,310.231736396568,1636.1703210465685,1.0228767001342205,53.6
28975000,57950.00001088846,50.400000010267824,-1810290.606069725,473513.5432427729,-1336777.062826952,309.9216849902263,1633.5018596159296,1.0245476544747616,53.6
29000000,58000.00001089865,50.45000001027801,-1808636.989432176,472900.1909914144,-1335736.7984407612,309.52023678257467,1635.109477799619,1.0235403326643548,53.6
29025000,58050.00001090884,50.500000010288204,-1807467.537187499,474825.0191254214,-1332642.5180620777,310.7800655395785,1640.866835948342,1.0199490063326202,53.6
29050000,58100.00001091902,50.55000001029838,-1809583.6142499368,471970.3636258143,-1337613.250624123,308.9116508867557,1635.6685456571872,1.0231904888635213,53.6
29075000,58150.00001092921,50.60000001030857,-1808644.938100729,475738.8961020536,-1332906.0419986756,311.3782116676322,1640.8538913409088,1.0199570526550616,53.6
29100000,58200.0000109394,50.65000001031876,-1811066.5407189075,474698.4521291125,-1336368.088589795,310.6972255504801,1634.90117561097,1.0236707415812027,53.6
29125000,58250.00001094958,50.70000001032894,-1811570.3627321648,474569.8334914208,-1337000.5292407435,310.6130427314596,1636.642048343443,1.0225818776583595,53.6
29150000,58300.00001095977,50.75000001033913,-1808576.3071095217,473057.12935166055,-1335519.177757861,309.6229552829031,1639.073965347765,1.0210646586010363,53.6
29175000,58350.000010969954,50.800000010349315,-1808818.939734476,474956.3832076725,-1333862.5565268032,310.86604529306067,1636.9589397706293,1.022383920689035,53.6
29200000,58400.00001098014,50.8500000103595,-1809664.3569598773,474553.2846681044,-1335111.072291773,310.6022112794768,1640.084568316512,1.020435489230627,53.6
29225000,58450.00001099033,50.90000001036969,-1810853.481055569,475225.6901500508,-1335627.790905518,311.0423107083851,1638.825949632943,1.021219183906935,53.6
29250000,58500.00001100051,50.950000010379874,-1809479.825168792,475157.6621645782,-1334322.163004214,310.9977853760372,1637.3734542009236,1.0221250958697252,53.6
29275000,58550.0000110107,51.00000001039006,-1809097.4589811685,473141.0998387264,-1335956.3591424422,309.67791522061185,1638.691438327156,1.0213030102592973,53.6
29300000,58600.000011020886,51.05000001040025,-1807051.413871914,471945.1031136625,-1335106.3107582517,308.8951175043393,1640.250661898722,1.020332158813053,53.6
29325000,58650.00001103107,51.10000001041043,-1808410.312349432,474419.8642975635,-1333990.4480518687,310.51488565460266,1639.4349201698124,1.020839850523808,53.6
29350000,58700.00001104126,51.15000001042062,-1811777.4187824212,474450.3421401908,-1337327.0766422306,310.53483385772523,1635.948018164135,1.023015695038881,53.6
29375000,58750.000011051445,51.200000010430806,-1808687.7330901355,474323.54947141657,-1334364.1836187188,310.4518461626283,1636.1648217430152,1.0228801381188275,53.6
29400000,58800.00001106163,51.25000001044099,-1809774.685825175,473414.3103705029,-1336360.3754546717,309.8567355934894,1636.4636007942004,1.022693384709222,53.6
29425000,58850.00001107182,51.30000001045118,-1808215.4006850768,474450.8508229049,-1333764.5498621718,310.5351667981577,1639.217685756489,1.020975135512466,53.6
29450000,58900.000011082,51.35000001046136,-1810010.959994512,474663.6683365832,-1335347.2916579284,310.67445903884624,1638.3591555801722,1.0215101451653377,53.6
29475000,58950.00001109219,51.40000001047155,-1809277.3028471312,476266.8280996572,-1333010.4747474738,311.7237510436278,1639.994012411921,1.020491834838053,53.6
29500000,59000.00001110238,51.45000001048174,-1807740.349103616,474193.77654289134,-1333546.5725607243,310.3669078430204,1637.9539851713669,1.0217628297259924,53.6
29525000,59050.00001111256,51.500000010491924,-1808047.3114694003,473537.9916112668,-1334509.3198581336,309.93768681249094,1638.1292621350256,1.0216535028917106,53.6
29550000,59100.00001112275,51.55000001050211,-1810943.045319181,474544.44612569065,-1336398.5991934903,310.59642632148183,1637.0205705909025,1.022345429810669,53.6
29575000,59150.000011132935,51.6000000105123,-1809499.700364776,474858.3941241697,-1334641.306240606,310.8019099746453,1636.1305404256038,1.0229015701976392,53.6
29600000,59200.00001114312,51.65000001052248,-1811880.8072717276,473580.8065876887,-1338300.0006840387,309.9657098539115,1635.634410521382,1.023211842502248,53.6
29625000,59250.00001115331,51.70000001053267,-1807554.0842670037,472895.9599637776,-1334658.124303226,309.5174675118048,1638.6075136289974,1.021355318421045,53.6
29650000,59300.00001116349,51.75000001054285,-1811737.5689577768,474960.64728019777,-1336776.921677579,310.86883619220345,1635.479793478232,1.0233085761887388,53.6
29675000,59350.00001117368,51.80000001055304,-1810584.6881690947,476437.9289653599,-1334146.7592037348,311.83573911526497,1635.2185351122544,1.0234720698874495,53.6
29700000,59400.00001118387,51.85000001056323,-1811714.7913120876,475632.2164800719,-1336082.5748320154,311.3083882620073,1637.0462080259172,1.0223294190747525,53.6
29725000,59450.00001119405,51.900000010573414,-1811909.1330267985,473924.4763277221,-1337984.656699076,310.1906468307547,1633.079021540106,1.0248129311411651,53.6
29750000,59500.00001120424,51.9500000105836,-1810246.707916012,476120.93779518217,-1334125.7701208298,311.6282636607812,1636.5500594439811,1.0226393559988436,53.6
29775000,59550.000011214426,52.00000001059379,-1809412.198305704,475053.2861184924,-1334358.9121872112,310.9294696952353,1638.2613688524152,1.021571118424163,53.6
29800000,59600.00001122461,52.05000001060397,-1808805.629212398,473347.1874083569,-1335458.4418040412,309.8128026124234,1640.9283478914335,1.019910772460121,53.6
29825000,59650.0000112348,52.10000001061416,-1807478.797111014,474655.8533018964,-1332822.9438091174,310.66934398194246,1640.6222643113026,1.0201010526650405,53.6
29850000,59700.000011244985,52.150000010624346,-1809279.2556066653,473862.8855182546,-1335416.3700884106,310.1503347262278,1637.5548930839127,1.022011845781772,53.6
29875000,59750.00001125517,52.20000001063453,-1808932.3040294412,474812.2932146039,-1334120.0108148376,310.7717362409135,1639.9156077508792,1.02054062473677,53.6
29900000,59800.00001126536,52.25000001064472,-1808262.555641843,475310.6983400786,-1332951.8573017644,311.0979498381785,1636.0995198570747,1.0229209644874555,53.6
29925000,59850.00001127554,52.3000000106549,-1809990.5392255248,473416.4895908733,-1336574.049634652,309.8581619257639,1636.1603878332935,1.0228829100709065,53.6
29950000,59900.00001128573,52.35000001066509,-1807417.794929696,471847.9923243506,-1335569.8026053456,308.8315570425874,1637.3604559231655,1.0221332100670917,53.6
29975000,59950.00001129592,52.40000001067528,-1810371.7238089128,472412.9165725071,-1337958.8072364056,309.20130839897195,1639.267380681228,1.0209441843185865,53.6
30000000,60000.0000113061,52.450000010685464,-1809766.334593152,472138.2702720532,-1337628.0643210984,309.02154829405487,1634.8896015467035,1.0236779885726446,53.6
30025000,60050.00001131629,52.50000001069565,-1812031.678147924,473652.679887453,-1338378.998260471,310.0127520018852,1635.33308710395,1.023400377603489,53.6
30050000,60100.00001132648,52.550000010705844,-1810315.641774976,473970.3798733184,-1336345.261901657,310.2206913868212,1635.760653914562,1.0231328738984795,53.6
30075000,60150.00001133666,52.60000001071602,-1812221.2974464484,473664.0655711566,-1338557.2318752918,310.02020410189067,1635.578628983124,1.0232467392229116,53.6
30100000,60200.00001134685,52.65000001072621,-1808223.7653049976,473191.7158787562,-1335032.0494262413,309.7110441746564,1639.676499443788,1.020689446617904,53.6
30125000,60250.00001135704,52.7000000107364,-1808124.8589122144,473519.5892121652,-1334605.2697000494,309.9256421674775,1637.49267831614,1.0220506760192982,53.6
30150000,60300.00001136722,52.75000001074658,-1809984.2810007024,474877.2343246435,-1335107.0466760593,310.8142411671946,1635.4234423616829,1.0233438359137426,53.6
30175000,60350.00001137741,52.80000001075677,-1810954.9995957331,473197.4883862487,-1337757.511209485,309.71482236701064,1637.763030870073,1.0218819617393304,53.6
30200000,60400.0000113876,52.85000001076696,-1809113.8719909436,474024.3363907306,-1335089.5356002126,310.25600673319565,1639.2280715324937,1.0209686668463616,53.6
30225000,60450.00001139778,52.90000001077714,-1810497.33019638,474253.2202672095,-1336244.1099291702,310.40581464825465,1639.6962179790562,1.0206771720876402,53.6
30250000,60500.00001140797,52.95000001078733,-1810941.703967493,475130.0965411456,-1335811.6074263474,310.97974326386543,1636.9597374193934,1.0223834225074049,53.6
30275000,60550.00001141815,53.000000010797514,-1812755.103190898,474753.2132896519,-1338001.8899012462,310.7330675477969,1636.6529680522365,1.022575055016945,53.6
30300000,60600.00001142834,53.0500000108077,-1807360.8808104144,474851.1709126626,-1332509.709897752,310.79718227485034,1637.0133222732877,1.0223499565205532,53.6
30325000,60650.000011438526,53.10000001081789,-1810061.6290073525,472928.69973955816,-1337132.9292677944,309.53889618395345,1636.183632708595,1.0228683782144463,53.6
30350000,60700.00001144871,53.15000001082807,-1808664.144236493,474901.03847044456,-1333763.1057660484,310.82982133608664,1635.335102735387,1.0233991162118818,53.6
30375000,60750.0000114589,53.20000001083826,-1809934.752095162,473204.4475788852,-1336730.3045162768,309.7193772625123,1634.557830363365,1.0238857676131397,53.6
30400000,60800.000011469085,53.250000010848446,-1812109.0666822484,474547.8528070573,-1337561.213875191,310.598656045308,1634.398077175476,1.0239858466683551,53.6
30425000,60850.00001147927,53.30000001085863,-1811240.2146600727,472195.2914255775,-1339044.923234495,309.05886949052865,1636.161369107328,1.022882296605475,53.6
30450000,60900.00001148946,53.35000001086882,-1809187.148661619,473318.3672698772,-1335868.781391742,309.7939394014197,1638.6291534004658,1.0213418303809767,53.6
30475000,60950.00001149965,53.40000001087901,-1809424.0629793096,474980.5016164907,-1334443.561362819,310.8818311517904,1636.1897549547054,1.0228645508760028,53.6
30500000,61000.00001150983,53.45000001088919,-1809197.178063454,474359.0691257771,-1334838.108937677,310.4750943068193,1636.791429202508,1.0224885522922662,53.6
30525000,61050.00001152002,53.50000001089938,-1809077.5125879133,472596.2201612895,-1336481.292426624,309.3212833350871,1637.3354286050635,1.0221488337765308,53.6
30550000,61100.0000115302,53.550000010909564,-1807926.0829341933,474668.9977144223,-1333257.0852197711,310.67794719622503,1637.4655319259637,1.0220676198791172,53.6
30575000,61150.00001154039,53.60000001091975,-1809040.332544542,473405.8006141434,-1335634.5319303984,309.8511658308767,1637.463122956338,1.0220691235037282,53.6
30600000,61200.000011550575,53.650000010929936,-1813231.9288977245,473364.8232809578,-1339867.1056167667,309.8243455543956,1634.718676422845,1.023785023678753,53.6
30625000,61250.00001156076,53.70000001094012,-1811348.067941873,474778.4161022124,-1336569.651839661,310.74956316496923,1633.8217852039586,1.0243470334438816,53.6
30650000,61300.00001157095,53.75000001095031,-1809434.5632438408,473146.385274857,-1336288.1779689838,309.6813746174864,1634.561092705115,1.0238837240888554,53.6
30675000,61350.000011581134,53.800000010960495,-1807471.0501834943,474097.18655733735,-1333373.8636261572,310.3036882551051,1636.586486175968,1.0226165943482648,53.6
30700000,61400.00001159132,53.85000001097068,-1810156.319793652,474439.15882801375,-1335717.160965638,310.52751421290594,1639.0804677298413,1.0210606079441795,53.6
30725000,61450.00001160151,53.90000001098087,-1810257.5805340863,474708.49221107794,-1335549.0883230087,310.70379693405414,1635.5201590927068,1.0232833203218237,53.6
30750000,61500.00001161169,53.950000010991054,-1808589.522879743,474914.8865995152,-1333674.636280228,310.8388851433563,1636.4654754424537,1.0226922131657978,53.6
30775000,61550.00001162188,54.00000001100124,-1811222.8520723209,473181.8888558136,-1338040.963216507,309.7046122413944,1638.337545308124,1.0215236192581465,53.6
30800000,61600.00001163207,54.050000011011434,-1808792.4465508277,472768.6239331427,-1336023.8226176847,309.43412417825607,1641.6155243699657,1.0194838401592066,53.6
30825000,61650.00001164225,54.10000001102161,-1811109.368161221,474093.9585877473,-1337015.4095734735,310.3015755008054,1636.1669496753711,1.0228788078024178,53.6
30850000,61700.00001165244,54.1500000110318,-1807395.9241003424,474423.244865761,-1332972.679234581,310.51709828696966,1638.6458000475595,1.0213314547909549,53.6
30875000,61750.00001166263,54.20000001104199,-1807137.5786568515,474502.9837378324,-1332634.594919019,310.5692885694742,1636.4543959142684,1.022699137249493,53.6
30900000,61800.00001167281,54.25000001105217,-1809599.8331091627,473417.13262415386,-1336182.7004850088,309.8585828006485,1637.4277543774742,1.022091200283789,53.6
30925000,61850.000011683,54.30000001106236,-1810257.6515412957,473501.20392254175,-1336756.4476187536,309.91360872087296,1636.6391173791144,1.0225837089423455,53.6
30950000,61900.000011693184,54.350000011072545,-1810579.2645327772,473840.6508283223,-1336738.613704455,310.1357817896384,1636.384677087983,1.0227427097569175,53.6
30975000,61950.00001170337,54.40000001108273,-1809049.8830250725,473980.82239491225,-1335069.0606301604,310.2275261731417,1634.3709201126612,1.0240028614399823,53.6
31000000,62000.00001171356,54.45000001109292,-1809070.2366993008,475269.5058492874,-1333800.7308500134,311.07098873783167,1636.137684184631,1.0228971039706234,53.6
31025000,62050.00001172374,54.500000011103104,-1808521.248053984,474261.15848696086,-1334260.0895670229,310.4110103316227,1636.013588510881,1.0229746932438335,53.6
31050000,62100.00001173393,54.55000001111329,-1807737.0293849448,475464.73603257386,-1332272.2933523706,311.1987698081485,1637.1978605400348,1.0222347214023475,53.6
31075000,62150.00001174412,54.600000011123484,-1809994.290860488,474257.9899873161,-1335736.300873172,310.4089365012903,1638.9781189421726,1.0211243698176002,53.6
31100000,62200.0000117543,54.65000001113366,-1812533.9358408304,474121.8924358296,-1338412.0434050006,310.31985862150907,1635.0963337887677,1.0235485605742105,53.6
31125000,62250.00001176449,54.70000001114385,-1808588.3748646108,474806.2155672719,-1333782.159297339,310.76775832997777,1637.7480378453888,1.021891316720147,53.6
31150000,62300.00001177468,54.75000001115404,-1807486.960078173,473776.9203579606,-1333710.0397202126,310.0940692451049,1640.2015837639722,1.020362689206192,53.6
31175000,62350.00001178486,54.80000001116422,-1810192.4070497304,474498.3804390568,-1335694.0266106736,310.56627564168497,1638.9822770934486,1.021121779191905,53.6
31200000,62400.00001179505,54.85000001117441,-1810207.8944430572,474234.2962845826,-1335973.598158475,310.39342861903515,1633.6244498412464,1.024470770508057,53.6
31225000,62450.000011805234,54.900000011184595,-1809104.67550414,473465.7251799062,-1335638.9503242334,309.8903873540169,1636.3385188419245,1.0227715595389817,53.6
31250000,62500.00001181542,54.95000001119478,-1810738.4272074988,473676.43982798286,-1337061.987379516,310.0283032377672,1637.2773106695631,1.0221851166832845,53.6
31275000,62550.00001182561,55.00000001120497,-1810361.869618768,473968.14122616965,-1336393.7283925982,310.21922615883284,1639.3363061342266,1.0209012589956206,53.6
31300000,62600.00001183579,55.050000011215154,-1810400.6441149933,472807.82689924864,-1337592.8172157449,309.459783104987,1636.7232405305076,1.022531150903192,53.6
31325000,62650.00001184598,55.10000001122534,-1808862.1622294744,475139.51494574617,-1333722.6472837285,310.9859077503207,1635.538787992197,1.0232716650542968,53.6
31350000,62700.000011856166,55.15000001123553,-1809888.1961658355,474439.3938639455,-1335448.80230189,310.52766804743305,1639.2342296363422,1.0209648313779685,53.6
31375000,62750.00001186635,55.20000001124571,-1808907.8742338647,477162.4878026354,-1331745.3864312298,312.3099736940379,1634.204460294789,1.024107166215766,53.6
31400000,62800.00001187654,55.2500000112559,-1808894.9633457195,472674.2662710761,-1336220.697074643,309.3723656793984,1637.260354154454,1.0221957030859488,53.6
31425000,62850.000011886725,55.300000011266086,-1809543.3018595995,471911.0332817229,-1337632.2685778765,308.87281829057287,1635.9057444782795,1.0230421309409876,53.6
31450000,62900.00001189691,55.35000001127627,-1811605.9248198988,473137.76240525214,-1338468.1624146467,309.6757308205654,1634.3384756409066,1.0240231896843517,53.6
31475000,62950.0000119071,55.40000001128646,-1808780.3004424411,474126.8477449336,-1334653.4526975078,310.3231019453149,1640.444780041298,1.0202114202268542,53.6
31500000,63000.00001191728,55.45000001129664,-1808014.777297562,473308.070208254,-1334706.707089308,309.78719982082214,1638.845039269126,1.0212072885158414,53.6
31525000,63050.00001192747,55.50000001130683,-1810839.7760190528,474335.39223924105,-1336504.3837798117,310.4595974310165,1638.1847704426275,1.0216188851502173,53.6
31550000,63100.00001193766,55.55000001131702,-1810139.2949371675,473828.3476496273,-1336310.94728754,310.1277291754601,1639.7267613843633,1.0206581598001734,53.6
31575000,63150.00001194784,55.600000011327204,-1810757.122716478,474955.1270545445,-1335801.9956619334,310.86522312208035,1636.1111968821474,1.022913663838348,53.6
31600000,63200.00001195803,55.65000001133739,-1809169.581929762,474832.1993035287,-1334337.3826262332,310.78476507337075,1638.9527948797263,1.0211401475858115,53.6
31625000,63250.000011968215,55.700000011347576,-1811497.0022134548,475541.5951948735,-1335955.4070185814,311.24907527760496,1639.9569374966272,1.020514905351351,53.6
31650000,63300.0000119784,55.75000001135776,-1809475.575597126,472802.7209285244,-1336672.8546686016,309.4564411709009,1638.8350868454893,1.021213490169466,53.6
31675000,63350.00001198859,55.80000001136795,-1809472.128005496,473355.0646680345,-1336117.0633374618,309.81795839651284,1637.9163294577916,1.0217863200641533,53.6
31700000,63400.00001199877,55.85000001137813,-1811124.314122161,472813.861166309,-1338310.4529558518,309.4637326228872,1636.5594592897216,1.0226334823031829,53.6
31725000,63450.00001200896,55.90000001138832,-1810087.630778108,474802.8905326618,-1335284.740245446,310.76558204517295,1636.2188734150077,1.0228463477851433,53.6
31750000,63500.00001201915,55.95000001139851,-1809877.6638074908,473718.89602016064,-1336158.7677873303,310.0560914495423,1634.8850355387008,1.023680847563819,53.6
31775000,63550.00001202933,56.000000011408694,-1809303.654721681,472968.0189549578,-1336335.6357667232,309.5646311975831,1638.854579325564,1.021201343891291,53.6
31800000,63600.00001203952,56.05000001141888,-1809843.604774573,472798.1473934672,-1337045.4573811055,309.45344772390973,1636.6135418357987,1.0225996889726177,53.6
31825000,63650.000012049706,56.10000001142907,-1809146.549934349,473077.1005624847,-1336069.4493718643,309.6360267386159,1634.889841807768,1.023677838134397,53.6
31850000,63700.00001205989,56.15000001143925,-1810303.2967536503,473745.724593782,-1336557.572159869,310.07365115160627,1637.657838691465,1.021947600597031,53.6
31875000,63750.00001207008,56.20000001144944,-1809735.9702746456,476532.9349080683,-1333203.0353665776,311.8979219234833,1632.8126267811465,1.024980130236329,53.6
31900000,63800.000012080265,56.250000011459626,-1808059.9667805096,475009.9605976116,-1333050.0061828983,310.90111249484244,1635.8995036111655,1.0230460337907514,53.6
31925000,63850.00001209045,56.30000001146981,-1809770.2201240351,473903.8499426693,-1335866.370181366,310.17714655372555,1637.0842963520695,1.0223056336066272,53.6
31950000,63900.00001210064,56.35000001148,-1808798.8170442276,474459.2581425628,-1334339.5589016646,310.5406695144197,1638.2273959356337,1.021592303365081,53.6
31975000,63950.00001211082,56.40000001149018,-1809110.0466984452,473438.1979207983,-1335671.8487776471,309.87237035186854,1637.3255259152545,1.0221550158232156,53.6
32000000,64000.00001212101,56.45000001150037,-1810825.2425895128,474804.575882586,-1336020.666706927,310.7666851318656,1639.4897050110883,1.020805738355242,53.6
32025000,64050.0000121312,56.50000001151056,-1812356.8334369035,476477.13080980233,-1335879.7026271012,311.8613973078504,1636.0156019563378,1.0229734342682186,53.6
32050000,64100.00001214138,56.550000011520744,-1811649.34852178,473732.89155531005,-1337916.4569664702,310.0652517362917,1639.1921341562902,1.0209910503939077,53.6
32075000,64150.00001215157,56.60000001153093,-1809028.7140787663,475599.0625319872,-1333429.651546779,311.28668850790075,1637.1610937422402,1.0222576783962831,53.6
32100000,64200.00001216176,56.650000011541124,-1808642.9475061875,474950.5856751311,-1333692.3618310564,310.8622507214383,1639.304119453048,1.020921303734695,53.6
32125000,64250.00001217194,56.7000000115513,-1809706.270620272,476163.85293522105,-1333542.4176850503,311.65635226078484,1637.743219834567,1.0218943229810575,53.6
32150000,64300.00001218213,56.75000001156149,-1808339.890934772,473788.8854106467,-1334551.0055241252,310.10190055076106,1638.3273493334564,1.0215299766133772,53.6
32175000,64350.00001219232,56.80000001157168,-1810142.978714671,473484.3473498852,-1336658.6313647858,309.90257584235144,1636.5555364307013,1.02263593357776,53.6
32200000,64400.0000122025,56.85000001158186,-1808208.668145316,474154.6106112645,-1334054.0575340511,310.341273155909,1635.264997511541,1.0234429902165447,53.6
32225000,64450.00001221269,56.90000001159205,-1808866.8679431144,473141.777090502,-1335725.0908526126,309.6783584920124,1636.783307481854,1.0224936258816386,53.6
32250000,64500.00001222288,56.95000001160224,-1808132.5656374777,473690.5641971773,-1334442.0014403004,310.03754784832296,1641.571734358426,1.019511035564799,53.6
32275000,64550.00001223306,57.00000001161242,-1808456.589941701,474070.1432073004,-1334386.4467344005,310.28598797866994,1638.4644765847363,1.0214444821764854,53.6
32300000,64600.00001224325,57.05000001162261,-1806447.8951897584,473792.01387840847,-1332655.88131135,310.1039481796283,1639.678847000523,1.0206879852790636,53.6
32325000,64650.00001225343,57.100000011632794,-1809863.0196460264,474641.6329524844,-1335221.386693542,310.660036550901,1638.7269028156134,1.0212809077425469,53.6
32350000,64700.00001226362,57.15000001164298,-1810150.485197342,474285.6316379965,-1335864.8535593457,310.4270283744311,1640.2590885012212,1.020326916998769,53.6
32375000,64750.000012273806,57.20000001165317,-1807408.0590457069,476224.2446488343,-1331183.814396873,311.6958795391691,1638.1576957745583,1.0216357699667888,53.6
32400000,64800.00001228399,57.25000001166335,-1810995.0141080804,473175.9235847962,-1337819.0905232842,309.70070788243464,1639.044762167798,1.0210828511090573,53.6
32425000,64850.00001229418,57.30000001167354,-1809497.3977978656,474497.3012452989,-1335000.0965525669,310.56556929325484,1638.1954091148486,1.021612250612974,53.6
32450000,64900.000012304365,57.350000011683726,-1809872.1351600308,476425.10753915214,-1333447.0276208783,311.8273473003507,1634.8939972642536,1.0236752362233743,53.6
32475000,64950.00001231455,57.40000001169391,-1809238.3463535365,473935.03960991406,-1335303.3067436223,310.1975606566899,1633.9097437304824,1.0242918896049662,53.6
32500000,65000.00001232474,57.4500000117041,-1810518.4073553933,472786.633861038,-1337731.7734943554,309.44591194500424,1637.6734626621462,1.0219378508638188,53.6
32525000,65050.00001233493,57.50000001171429,-1812919.259813912,475668.3883297226,-1337250.8714841895,311.3320632777549,1633.0819737721365,1.0248110785179605,53.6
32550000,65100.00001234511,57.55000001172447,-1812349.7396636368,473618.1050838999,-1338731.6345797372,309.9901222766571,1635.443100226276,1.0233315354218724,53.6
32575000,65150.000012355296,57.60000001173466,-1809652.2842486808,473694.5563565697,-1335957.727892111,310.0401607762598,1634.7622112568877,1.0237577595844434,53.6
32600000,65200.00001236548,57.650000011744844,-1810099.143968679,473958.0592188597,-1336141.0847498192,310.2126273344947,1636.8566478424536,1.0224478124310037,53.6
32625000,65250.00001237567,57.70000001175503,-1809561.9220544267,474982.27930964815,-1334579.642744779,310.88299467850806,1632.043280987775,1.0254633062407117,53.6
32650000,65300.000012385855,57.750000011765216,-1811866.096481827,475940.0558535916,-1335926.0406282356,311.5098737289154,1631.8436482969703,1.025588756984329,53.6
32675000,65350.00001239604,57.8000000117754,-1812421.9069612848,473823.8632618348,-1338598.04369945,310.12479407668496,1637.5356762289198,1.022023839324097,53.6
32700000,65400.00001240623,57.85000001178559,-1810585.7646528345,474083.551111063,-1336502.2135417713,310.29476365190163,1634.2888465184617,1.024054286618272,53.6
32725000,65450.000012416414,57.900000011795775,-1811853.7504281483,472773.38437642896,-1339080.3660517195,309.4372399594742,1633.6840372552808,1.024433403696252,53.6
32750000,65500.0000124266,57.95000001180596,-1809796.4154788945,473148.72272170417,-1336647.6927571902,309.6829045113527,1637.1395945511215,1.0222711028551827,53.6
32775000,65550.00001238585,58.00000001176521,-1806328.682004474,476019.3807744472,-1330309.3012300269,311.5617930741678,1636.9111799326822,1.0224137505851043,53.6
32800000,65600.00001221414,58.0500000115935,-1810161.1320776625,475041.94384034816,-1335119.188237314,310.9220460048166,1637.803246974954,1.0218568695237515,53.6
32825000,65650.00001204242,58.100000011421784,-1808676.8142363504,473480.5644594604,-1335196.24977689,309.9000998840788,1640.8426221407622,1.0199640576535984,53.6
32850000,65700.00001187071,58.15000001125007,-1808581.386513356,473661.9062110318,-1334919.4803023243,310.0187907684434,1637.2874221010136,1.0221788039524853,53.6
32875000,65750.000011699,58.20000001107836,-1808332.777817644,473294.9155641751,-1335037.8622534692,309.7785899098353,1639.1718001783156,1.0210037158201484,53.6
32900000,65800.00001152729,58.250000010906646,-1807211.977988072,474236.00781229633,-1332975.9701757757,310.3945488394819,1638.02220787229,1.021720273880527,53.6
32925000,65850.00001135557,58.300000010734934,-1810592.7038463063,474204.28893035895,-1336388.4149159477,310.37378835759847,1639.6617188725486,1.0206986475237405,53.6
32950000,65900.00001118386,58.35000001056322,-1807959.5469600763,476310.9683378002,-1331648.5786222762,311.7526414886348,1637.838231168813,1.021835042680209,53.6
32975000,65950.00001101215,58.40000001039151,-1811527.4607557736,474441.79500571446,-1337085.6657500593,310.52923963057685,1635.3024124329634,1.02341957434021,53.6
33000000,66000.00001084043,58.450000010219796,-1809037.3358340117,473477.8880951005,-1335559.447738911,309.8983481636394,1637.0593439491113,1.022321215804188,53.6
33025000,66050.00001066872,58.50000001004808,-1809985.2792145528,473217.3740757041,-1336767.9051388486,309.72783784771053,1635.7532999602624,1.0231374736583558,53.6
33050000,66100.00001049701,58.55000000987637,-1810732.1207448768,474365.7802287744,-1336366.3405161025,310.4794868239473,1636.7183936098863,1.0225341789911886,53.6
33075000,66150.0000103253,58.60000000970466,-1812206.5484224884,472340.4173441583,-1339866.13107833,309.15385657139285,1634.5355544496229,1.0238997214185364,53.6
33100000,66200.00001015358,58.650000009532945,-1810404.2176216652,473398.61150233645,-1337005.606119329,309.84646044984464,1633.860887799288,1.0243225181208058,53.6
33125000,66250.00000998187,58.70000000936123,-1812227.6546809403,475588.0730891755,-1336639.581591765,311.2794957534761,1634.808202511103,1.0237289587114704,53.6
33150000,66300.00000981016,58.75000000918952,-1808818.533451437,474605.856007012,-1334212.677444425,310.6366200058352,1635.7945835297337,1.0231116520989758,53.6
33175000,66350.00000963845,58.80000000901781,-1810288.9801976208,473419.5699704388,-1336869.410227182,309.8601780801887,1634.603562198268,1.023857122028383,53.6
33200000,66400.00000946673,58.850000008846095,-1808683.0699384604,474818.3655098433,-1333864.7044286171,310.7757106488248,1637.6130106139417,1.0219755754274502,53.6
33225000,66450.00000929502,58.90000000867438,-1808922.78359314,474720.33207797294,-1334202.4515151666,310.71154630374065,1634.9961313271874,1.023611289826807,53.6
33250000,66500.00000912331,58.95000000850267,-1811863.81638072,472393.8923891011,-1339469.923991619,309.18885678684626,1637.1429971194016,1.0222689782104608,53.6
33275000,66550.0000089516,59.00000000833096,-1808606.2777923576,473887.305856809,-1334718.9719355488,310.1663182024785,1638.0451653508012,1.0217059542990357,53.6
33300000,66600.00000877988,59.050000008159245,-1806022.5087914784,472403.25073883607,-1333619.2580526422,309.1949819664953,1641.193746602062,1.0197458418999557,53.6
33325000,66650.00000860817,59.10000000798753,-1809031.2402352889,474909.85807519633,-1334121.3821600922,310.83559389909914,1636.749934630087,1.0225144742271846,53.6
33350000,66700.00000843646,59.15000000781582,-1812574.1235918372,471928.6629967675,-1340645.46059507,308.8843572023326,1635.0750776817754,1.0235618667874924,53.6
33375000,66750.00000826475,59.20000000764411,-1807920.1352658384,474427.3528077473,-1333492.7824580912,310.51978699634327,1638.2465428951327,1.0215803635343257,53.6
33400000,66800.00000809303,59.250000007472394,-1810581.482537942,473447.8490953137,-1337133.6334426282,309.87868718970907,1636.6606020426989,1.0225702853486294,53.6
33425000,66850.00000792132,59.30000000730068,-1810763.6479471368,474663.2281334736,-1336100.4198136637,310.6741709193375,1635.3959290177654,1.0233610523017769,53.6
33450000,66900.00000774961,59.35000000712897,-1809517.5923246264,473292.4330707917,-1336225.159253835,309.776965080845,1636.5760794320172,1.0226230970151382,53.6
33475000,66950.0000075779,59.40000000695726,-1810626.4627580289,472849.006660593,-1337777.456097436,309.4867358737208,1636.953725601911,1.0223871772760564,53.6
33500000,67000.00000740618,59.450000006785544,-1808996.767174472,474888.4856371146,-1334108.2815373575,310.8216053192218,1640.099834701416,1.0204259908082638,53.6
33525000,67050.00000723447,59.50000000661383,-1810710.7284557463,472251.82461953256,-1338458.903836214,309.09587131017764,1640.3558594534902,1.0202667239578416,53.6
33550000,67100.00000706276,59.55000000644212,-1810077.585258092,474527.5143961007,-1335550.070861991,310.5853442516251,1634.531481260189,1.0239022729371672,53.6
33575000,67150.00000689104,59.600000006270406,-1809777.69529052,472052.5062915599,-1337725.18899896,308.9654144881157,1636.8280382447165,1.0224656834717831,53.6
33600000,67200.00000671933,59.65000000609869,-1808564.9964245076,474030.9344042648,-1334534.062020243,310.2603252315813,1637.2558499942895,1.0221985151896078,53.6
33625000,67250.00000654762,59.70000000592698,-1810043.0893527083,474374.91046292667,-1335668.1788897817,310.485462698541,1636.7243408874908,1.0225304634634904,53.6
33650000,67300.0000063759,59.75000000575527,-1810645.55818284,474590.23610325984,-1336055.3220795805,310.6263965455787,1638.2850384783126,1.0215563589619006,53.6
33675000,67350.0000062042,59.800000005583556,-1810686.5022412415,475334.814960345,-1335351.6872808966,311.1137345262744,1638.2341219377834,1.021588109073229,53.6
33700000,67400.00000603248,59.85000000541184,-1811390.0907927968,473510.4346386679,-1337879.6561541287,309.919650362419,1637.6827890152797,1.02193203108398,53.6
33725000,67450.00000586077,59.90000000524013,-1809973.711211864,474587.5746861691,-1335386.1365256947,310.6246546083501,1637.9609280286666,1.0217584987597284,53.6
33750000,67500.00000568906,59.95000000506842,-1808277.054956749,475106.2744647737,-1333170.7804919754,310.9641513591469,1636.245554139434,1.022829669187321,53.6
33775000,67550.00000551734,60.000000004896705,-1811290.39921234,474466.7631122333,-1336823.6361001066,310.5455816291401,1637.0241090144532,1.022343220013558,53.6
33800000,67600.00000534563,60.05000000472499,-1810755.1647377403,475398.6562429424,-1335356.508494798,311.1555195990708,1636.431970094585,1.022713152415941,53.6
33825000,67650.00000517392,60.10000000455328,-1810305.8254854884,475103.482090696,-1335202.3433947924,310.9623237086147,1636.5518964204175,1.0226382081193266,53.6
33850000,67700.0000050022,60.15000000438157,-1810785.5882523693,472947.3602612467,-1337838.2279911228,309.5511097740546,1635.7945330191271,1.023111683690957,53.6
33875000,67750.0000048305,60.200000004209855,-1809859.820524755,474628.6904041414,-1335231.1301206136,310.65156545974054,1636.5469228521545,1.0226413159806815,53.6
33900000,67800.00000465878,60.25000000403814,-1811853.2218992785,474554.16697468807,-1337299.0549245905,310.6027887623112,1637.021477993639,1.0223448631235152,53.6
33925000,67850.00000448707,60.30000000386643,-1810936.3195245536,473807.7132456589,-1337128.6062788947,310.11422364993103,1635.887903225528,1.023053288400614,53.6
33950000,67900.00000431536,60.35000000369472,-1809299.324810252,472702.0679767173,-1336597.2568335342,309.39056231090115,1639.8676734058786,1.0205704557695945,53.6
33975000,67950.00000414364,60.400000003523004,-1808940.8916639565,474480.5793655608,-1334460.3122983957,310.5546245732599,1641.4254924196507,1.0196018683629566,53.6
34000000,68000.00000397193,60.45000000335129,-1810227.661603516,473349.4357912633,-1336878.2258122526,309.8142742126105,1634.1313702887462,1.0241529715900024,53.6
34025000,68050.00000380022,60.50000000317958,-1810016.5997754247,475562.0129128525,-1334454.5868625727,311.2624389789183,1637.9710028471204,1.021752214136032,53.6
34050000,68100.0000036285,60.55000000300787,-1810731.887993426,474781.62113998,-1335950.266853446,310.7516609100487,1633.9645260814625,1.0242575479060454,53.6
34075000,68150.0000034568,60.600000002836154,-1811769.620413578,475811.48929758143,-1335958.1311159967,311.4257249981332,1635.841236440027,1.023082473756321,53.6
34100000,68200.00000328508,60.65000000266444,-1810336.558407967,473309.0474816671,-1337027.5109263,309.7878394608646,1636.14507800691,1.0228924814469258,53.6
34125000,68250.00000311337,60.70000000249273,-1808996.7056042252,474959.3744270257,-1334037.3311771995,310.868003090795,1639.06603076492,1.0210696014904448,53.6
34150000,68300.00000294166,60.750000002321016,-1807640.1191025649,475609.04846219,-1332031.070640375,311.2932244483376,1641.1267829381925,1.019787451066596,53.6
34175000,68350.00000276994,60.800000002149304,-1810016.872938917,473396.2253159015,-1336620.6476230156,309.84489865519026,1635.3833573782797,1.023368919158288,53.6
34200000,68400.00000259823,60.85000000197759,-1813608.1389543265,474385.8957886557,-1339222.243165671,310.4926527582736,1631.664566189411,1.0257013197008915,53.6
34225000,68450.00000242652,60.90000000180588,-1809778.2198002497,475535.79774126486,-1334242.4220589849,311.2452807576452,1636.2107194392922,1.0228514450896538,53.6
34250000,68500.0000022548,60.950000001634166,-1810115.307958358,474739.4327008565,-1335375.8752575014,310.72404794664595,1636.375768685824,1.0227482775510257,53.6
34275000,68550.00000208309,61.00000000146245,-1811928.8943175736,475322.88184888125,-1336606.0124686926,311.10592412662515,1634.8133093536974,1.0237257607789472,53.6
34300000,68600.00000191138,61.05000000129074,-1809133.3696933624,471526.8424901924,-1337606.5272031697,308.6213596804275,1637.1207165721685,1.0222828908755583,53.6
34325000,68650.00000173967,61.10000000111903,-1811224.3059685703,473556.5425058809,-1337667.7634626897,309.9498286500348,1638.984283939816,1.0211205288842886,53.6
34350000,68700.00000156795,61.150000000947315,-1812467.5578832652,472970.6490392848,-1339496.9088439806,309.56635262705,1633.9532721639114,1.0242646025202693,53.6
34375000,68750.00000139624,61.2000000007756,-1808086.1623234984,475129.9062692356,-1332956.2560542626,310.97961872805894,1636.6512685232017,1.0225761168778496,53.6
34400000,68800.00000122453,61.25000000060389,-1810238.6393571373,474137.7483465152,-1336100.8910106225,310.33023655182785,1634.1590930052068,1.0241355973315442,53.6
34425000,68850.00000105282,61.30000000043218,-1809597.5081595536,473636.3952063857,-1335961.112953168,310.0020934349489,1639.0776533246194,1.021062361173077,53.6
34450000,68900.0000008811,61.350000000260465,-1810138.4289098892,472611.6245203276,-1337526.8043895618,309.3313657181096,1637.2080424965093,1.0222283640249283,53.6
34475000,68950.00000070939,61.40000000008875,-1807352.424411524,474426.18679950666,-1332926.2376120174,310.5190238265378,1641.9969035440754,1.0192470492711487,53.6
34500000,69000.00000053768,61.44999999991704,-1806626.1835803147,473175.3421666236,-1333450.8414136912,309.7003273355584,1636.9765782141974,1.0223729044892127,53.6
34525000,69050.00000036597,61.49999999974533,-1808849.354488492,474586.6321165494,-1334262.7223719426,310.6240376824587,1636.8534473823677,1.0224498115735772,53.6
34550000,69100.00000019425,61.549999999573615,-1809933.4494929016,474753.6004762257,-1335179.8490166755,310.73332096719133,1635.5167330027316,1.023285463901681,53.6
34575000,69150.00000002254,61.5999999994019,-1808431.526184048,474011.967785029,-1334419.5583990186,310.2479112960646,1635.4120457508598,1.0233509672366814,53.6
34600000,69199.99999985083,61.64999999923019,-1812901.7881077696,472806.0748045762,-1340095.7133031934,309.45863633286,1634.337914796643,1.0240235410911973,53.6
34625000,69249.99999967912,61.69999999905848,-1809091.3974819009,473167.7782041976,-1335923.619277703,309.69537660919855,1635.3127289972122,1.0234131179764792,53.6
34650000,69299.9999995074,61.749999998886764,-1807979.9362585533,474920.6403143509,-1333059.2959442027,310.8426510356361,1640.0858194890752,1.0204347107708227,53.6
34675000,69349.99999933569,61.79999999871505,-1812489.8975958908,473691.3702916041,-1338798.5273042866,310.03807544916265,1637.3721742844498,1.0221258948540788,53.6
34700000,69399.99999916398,61.84999999854334,-1809425.0847787235,476204.0822039741,-1333221.0025747493,311.682682917924,1636.0666004504678,1.0229415467492946,53.6
34725000,69449.99999899227,61.89999999837163,-1808249.0690854995,472505.6301040728,-1335743.4389814264,309.2619907898651,1636.9691076868587,1.0223775702246245,53.6
34750000,69499.99999882055,61.949999998199914,-1809861.7949223996,475306.2474793103,-1334555.547443089,311.09503668334133,1640.24762634671,1.0203340471080198,53.6
34775000,69549.99999864884,61.9999999980282,-1809327.0917559387,474634.7060397631,-1334692.3857161757,310.655502783086,1637.7580498616226,1.0218850696481496,53.6
34800000,69599.99999847713,62.04999999785649,-1814899.7778384727,473517.658435372,-1341382.1194031013,309.92437844523425,1633.312639569951,1.0246663488077328,53.6
34825000,69649.99999830541,62.099999997684776,-1810955.4775689407,473078.2299900879,-1337877.2475788533,309.6367659658478,1636.5399986584753,1.0226456427716808,53.6
34850000,69699.9999981337,62.14999999751306,-1809509.741476044,474912.02567645005,-1334597.715799594,310.8370126264883,1634.1216969872414,1.0241590341375466,53.6
34875000,69749.99999796199,62.19999999734135,-1809891.117476076,472850.2727823723,-1337040.8446937036,309.4875645693322,1635.4092141308936,1.023352739111883,53.6
34900000,69799.99999779028,62.24999999716964,-1807287.485345753,474144.8823265306,-1333142.6030192222,310.33490584827905,1639.7925731157736,1.0206171965211734,53.6
34925000,69849.99999761856,62.299999996997926,-1811410.7793739212,473244.0077025717,-1338166.7716713496,309.7452699542131,1634.3828510447124,1.0239953862584164,53.6
34950000,69899.99999744685,62.34999999682621,-1810800.7774730967,474089.7075818592,-1336711.0698912377,310.2987931539718,1638.2992189517008,1.0215475167720274,53.6
34975000,69949.99999727514,62.3999999966545,-1809403.999265869,472514.8494583383,-1336889.149807531,309.2680249949037,1634.0931964366305,1.0241768967028215,53.6
35000000,69999.99999710343,62.44999999648279,-1807530.8826889156,474992.133806586,-1332538.748882329,310.88944459391024,1637.123008174049,1.02228145991076,53.6
35025000,70049.99999693171,62.499999996311075,-1811491.539900645,473468.6382658375,-1338022.9016348072,309.8922940122598,1635.8111664973544,1.0231012803471828,53.6
35050000,70099.99999676,62.54999999613936,-1810720.3261056924,474916.0649047993,-1335804.2612008932,310.8396563617603,1637.8447474838736,1.021830977216075,53.6
35075000,70149.99999658829,62.59999999596765,-1806964.2054400528,472318.970633462,-1334645.2348065907,309.13981937898023,1638.1284585276878,1.0216540040784443,53.6
35100000,70199.99999641658,62.64999999579594,-1806493.8066534076,472855.6365592429,-1333638.1700941646,309.4910752413908,1640.805907873395,1.019986880117205,53.6
35125000,70249.99999624486,62.699999995624225,-1813045.6945630563,473698.8936572239,-1339346.8009058326,310.0429996043066,1634.6215874024845,1.0238458318106012,53.6
35150000,70299.99999607315,62.74999999545251,-1809829.5033932405,475273.9615510912,-1334555.541842149,311.07390506119884,1638.642076580203,1.021333775550556,53.6
35175000,70349.99999590144,62.7999999952808,-1808829.051913177,473460.1725238884,-1335368.8793892884,309.88675305773586,1639.8850372122797,1.0205596495317115,53.6
35200000,70399.99999572973,62.84999999510909,-1808422.022590626,474958.29162684886,-1333463.7309637773,310.86729438190986,1638.0513370608858,1.0217021048025032,53.6
35225000,70449.99999555801,62.899999994937374,-1806271.6739254016,473068.6721262903,-1333203.0017991113,309.6305102012655,1639.4752074316732,1.0208147651536907,53.6
35250000,70499.9999953863,62.94999999476566,-1809098.873335627,473672.90341286897,-1335425.969922758,310.0259886012662,1638.6112500823574,1.021352989469312,53.6
35275000,70549.99999521459,62.99999999459395,-1809671.0123062397,474470.5438935664,-1335200.468412673,310.5480562069807,1636.951057526068,1.0223888436707342,53.6
35300000,70599.99999504288,63.04999999442224,-1809261.8009013275,473026.0445478436,-1336235.7563534838,309.6026098146181,1635.3049366150624,1.0234179946364426,53.6
35325000,70649.99999487116,63.099999994250524,-1811077.195624345,475226.41608212655,-1335850.7795422184,311.042785841769,1637.4547829967062,1.0220743291529588,53.6
35350000,70699.99999469945,63.14999999407881,-1810351.740820407,475168.6281123019,-1335183.112708105,311.00496275257586,1633.7597639224484,1.0243859200152912,53.6
35375000,70749.99999452774,63.1999999939071,-1810223.4798220647,473325.477945082,-1336898.0018769829,309.7985934445244,1638.4475199087074,1.0214550533439808,53.6
35400000,70799.99999435603,63.249999993735386,-1805312.7168302247,473163.546450144,-1332149.1703800808,309.69260686297804,1637.9490536322792,1.0217659060508155,53.6
35425000,70849.99999418431,63.299999993563674,-1811380.6786940808,473515.566412941,-1337865.1122811397,309.9230091853132,1637.3503768475168,1.0221395020361737,53.6
35450000,70899.9999940126,63.34999999339196,-1808904.0598996088,471095.1525362957,-1337808.907363313,308.33881215921235,1636.3600520579785,1.0227581006666888,53.6
35475000,70949.99999384089,63.39999999322025,-1808344.2769279424,474444.0441677272,-1333900.2327602152,310.5307117407007,1640.6443067896564,1.0200873473449543,53.6
35500000,70999.99999366917,63.449999993048536,-1810038.61323566,473349.4374969503,-1336689.1757387095,309.8142753290081,1634.8553929641876,1.023699408554554,53.6
35525000,71049.99999349746,63.49999999287682,-1811144.899300795,473707.6681061192,-1337437.231194676,310.04874261213666,1638.089044207241,1.0216785862575664,53.6
35550000,71099.99999332575,63.54999999270511,-1810629.0433728043,472229.800008418,-1338399.2433643865,309.0814558733115,1635.6688206477952,1.0231903168435064,53.6
35575000,71149.99999315404,63.5999999925334,-1808060.8713963795,474018.6229320431,-1334042.2484643364,310.25226718916605,1638.7939645083684,1.0212391155295322,53.6
35600000,71199.99999298232,63.649999992361685,-1806375.6275929017,474148.1398869926,-1332227.4877059092,310.33703797024623,1640.6439412556492,1.0200875746195055,53.6
35625000,71249.99999281061,63.69999999218997,-1807258.97843929,473891.8180371921,-1333367.160402098,310.16927149191923,1636.5767773242662,1.0226226609337132,53.6
35650000,71299.9999926389,63.74999999201826,-1808377.7238031127,473688.2172089912,-1334689.506594122,310.03601170950776,1639.4199753776677,1.0208491564000377,53.6
35675000,71349.99999246719,63.79999999184655,-1807721.322374302,473331.6126067197,-1334389.7097675824,309.80260867217464,1634.4427325401866,1.0239578698781435,53.6
35700000,71399.99999229547,63.849999991674835,-1808985.6960955467,473850.7012728425,-1335134.9948227042,310.14235995565923,1640.740159298926,1.0200277535504323,53.6
35725000,71449.99999212376,63.89999999150312,-1809509.887459075,473646.3422576166,-1335863.5452014585,310.008603928518,1638.196081360587,1.0216118313869182,53.6
35750000,71499.99999195205,63.94999999133141,-1810219.878285735,472158.1460967493,-1338061.7321889857,309.0345573181225,1640.2097934342455,1.0203575820294934,53.6
35775000,71549.99999178034,63.9999999911597,-1808967.4301900824,472746.5077113461,-1336220.9224787366,309.4196487808305,1635.8493924284735,1.0230773728901446,53.6
35800000,71599.99999160862,64.04999999098798,-1809041.8780788537,475368.6275228157,-1333673.250556038,311.1358653533315,1637.913315352375,1.0217882003661525,53.6
35825000,71649.99999143691,64.09999999081627,-1810201.3406781412,472836.8833688638,-1337364.4573092775,309.47880099824795,1638.3018115332716,1.0215459001924403,53.6
35850000,71699.9999912652,64.14999999064456,-1807687.481765764,475150.3337299468,-1332537.148035817,310.992988806136,1634.6727268662914,1.0238138015907292,53.6
35875000,71749.99999109349,64.19999999047285,-1808945.8241704104,475721.3596451297,-1333224.464525281,311.3667337947051,1636.9214174832478,1.022407356257094,53.6
35900000,71799.99999092177,64.24999999030113,-1812125.7465569032,474756.1315267336,-1337369.6150301695,310.7349775775447,1636.789502300837,1.0224897560114357,53.6
35925000,71849.99999075006,64.29999999012942,-1807970.8355220445,473805.7869397281,-1334165.0485823164,310.11296285393394,1636.271540366314,1.022813425255194,53.6
35950000,71899.99999057835,64.34999998995771,-1808738.2953918453,472523.8800783778,-1336214.4153134678,309.27393567057305,1632.9847500932492,1.0248720931129904,53.6
35975000,71949.99999040664,64.399999989786,-1808143.4110959424,473176.86041620345,-1334966.5506797389,309.7013210525803,1639.1630720007545,1.021009152437087,53.6
36000000,71999.99999023492,64.44999998961428,-1809591.3073934785,472258.2534506637,-1337333.0539428145,309.10007907615415,1636.2091939776378,1.0228523987089484,53.6
36025000,72049.99999006321,64.49999998944257,-1809808.6889983509,473482.64850961743,-1336326.0404887334,309.9014639260276,1640.7654223557518,1.0200120480639865,53.6
36050000,72099.9999898915,64.54999998927086,-1810058.7509617435,474568.69273296907,-1335490.0582287742,310.6122960880181,1636.6057559407543,1.0226045538301567,53.6
36075000,72149.99998971978,64.59999998909915,-1808840.4299229344,473804.0469818108,-1335036.3829411238,310.1118240254944,1638.5414119364616,1.0213965217221863,53.6
36100000,72199.99998954807,64.64999998892743,-1806291.6038256756,474416.577870696,-1331875.0259549792,310.512734639142,1638.7248195069333,1.0212822060956044,53.6
36125000,72249.99998937636,64.69999998875572,-1809030.861020948,475010.35784454073,-1334020.503176407,310.9013724988896,1635.8468992736953,1.023078932137677,53.6
36150000,72299.99998920465,64.74999998858401,-1809773.00745748,475315.89298857073,-1334457.114468909,311.1013498131878,1634.8358773806117,1.0237116287973569,53.6
36175000,72349.99998903293,64.7999999884123,-1810059.1567145195,472485.079347136,-1337574.0773673835,309.2485400125672,1636.1399723422956,1.022895673439075,53.6
36200000,72399.99998886122,64.84999998824058,-1809005.8317115456,474840.61034984863,-1334165.221361697,310.79027022878864,1636.6851131725623,1.0225549712525597,53.6
36225000,72449.99998868951,64.89999998806887,-1807735.4588553824,474136.2962111619,-1333599.1626442205,310.3292861075544,1636.7840784426744,1.022493144264952,53.6
36250000,72499.9999885178,64.94999998789716,-1810710.757696326,472741.97027366265,-1337968.7874226633,309.4166789601095,1635.118777403164,1.0235345113629073,53.6
36275000,72549.99998834608,64.99999998772545,-1807409.300229436,475599.0699155573,-1331810.2303138785,311.28669334055775,1637.7906182137338,1.021864748910935,53.6
36300000,72599.99998817437,65.04999998755373,-1808373.0113490028,473672.1786394296,-1334700.8327095732,310.0255142262271,1636.7419236181388,1.022519478910911,53.6
36325000,72649.99998800266,65.09999998738202,-1808344.122327296,472999.2419844237,-1335344.8803428723,309.58506713661944,1639.9310590157977,1.0205310093060076,53.6
36350000,72699.99998783095,65.14999998721031,-1810461.2611963004,474474.9028860056,-1335986.3583102948,310.55090923262463,1638.3531484816713,1.0215138905800962,53.6
36375000,72749.99998765923,65.1999999870386,-1808281.3272443628,474804.8767072058,-1333476.450537157,310.7668820260714,1637.9984595785045,1.0217350871503987,53.6
36400000,72799.99998748752,65.24999998686688,-1810930.2260316133,475425.1106224337,-1335505.1154091798,311.1728343854889,1637.490825575437,1.022051832419602,53.6
36425000,72849.99998731581,65.29999998669517,-1808492.501661851,473923.4642884736,-1334569.0373733777,310.1899844359538,1635.72849376646,1.023152989770324,53.6
36450000,72899.9999871441,65.34999998652346,-1807132.061987975,473031.4749053663,-1334100.5870826084,309.6061640647078,1638.2100431367671,1.021603124618337,53.6
36475000,72949.99998697238,65.39999998635174,-1806933.0249896208,474858.2223963153,-1332074.8025933057,310.8017975762003,1638.3665026818378,1.0215055642984336,53.6
36500000,72999.99998680067,65.44999998618003,-1808868.747968887,475762.8916495034,-1333105.8563193835,311.39391711176154,1637.4362512826578,1.0220858964974515,53.6
36525000,73049.99998662896,65.49999998600832,-1812600.538119343,475143.6204818951,-1337456.917637448,310.9885948850378,1636.9865102771062,1.0223667014619184,53.6
36550000,73099.99998645725,65.5499999858366,-1806701.676928997,472639.5455870056,-1334062.1313419917,309.34964047319323,1637.8800478013131,1.0218089542615163,53.6
36575000,73149.99998628553,65.5999999856649,-1810412.6648259368,473246.9464721445,-1337165.7183537923,309.7471934227829,1634.7125163533312,1.0237888815967966,53.6
36600000,73199.99998611382,65.64999998549318,-1806840.4743571456,475034.12810023583,-1331806.34625691,310.9169304862013,1639.048909986153,1.0210802671311383,53.6
36625000,73249.99998594211,65.69999998532147,-1810474.0205375424,472333.9902993961,-1338140.030238146,309.14964997462147,1634.5904433568458,1.0238653392667,53.6
36650000,73299.9999857704,65.74999998514976,-1812078.571196584,474350.6195564237,-1337727.9516401603,310.4695639375008,1637.0890935378295,1.0223026379296984,53.6
36675000,73349.99998559868,65.79999998497804,-1808829.7099269163,474283.22076023655,-1334546.4891666798,310.4254504189358,1641.4203835937249,1.0196050418147495,53.6
36700000,73399.99998542697,65.84999998480633,-1812452.0861895736,474853.9339328614,-1337598.1522567123,310.7989907128304,1635.2429148733297,1.0234568109896405,53.6
36725000,73449.99998525526,65.89999998463462,-1808345.3460759225,473888.2551692911,-1334457.0909066312,310.1669395416741,1638.0470755917142,1.0217047628164806,53.6
36750000,73499.99998508354,65.9499999844629,-1809998.8493967063,473809.4460250562,-1336189.4033716505,310.1153577799221,1636.804556287594,1.0224803519887091,53.6
36775000,73549.99998491183,65.9999999842912,-1808275.28688825,473345.4252540733,-1334929.861634177,309.81164925613064,1634.7594032344923,1.0237595180907475,53.6
36800000,73599.99998474012,66.04999998411948,-1811911.0533267453,474961.4929505132,-1336949.5603762325,310.86938969605325,1632.638417654155,1.025089499764659,53.6
36825000,73649.9999845684,66.09999998394777,-1808338.2904989123,476080.0116525282,-1332258.278846384,311.6014768892676,1638.8305458427235,1.021216319829491,53.6
36850000,73699.9999843967,66.14999998377606,-1809866.904613944,472562.7623605917,-1337304.142253352,309.29938470490794,1635.9290134360183,1.023027579500238,53.6
36875000,73749.99998422498,66.19999998360434,-1810010.4097447805,474785.3040117536,-1335225.1057330268,310.75407140462056,1636.4105229668846,1.0227265563016243,53.6
36900000,73799.99998405327,66.24999998343263,-1807867.0642713327,473557.5694306348,-1334309.494840698,309.95050078762125,1638.740893779508,1.0212721884237328,53.6
36925000,73849.99998388156,66.29999998326092,-1811003.335916656,473179.1815227859,-1337824.1543938702,309.7028402514994,1637.7783591390162,1.0218723977580688,53.6
36950000,73899.99998370984,66.3499999830892,-1808718.917080529,474011.34863326896,-1334707.5684472602,310.24750605199193,1640.5259713753296,1.0201609289041638,53.6
36975000,73949.99998353813,66.39999998291749,-1810116.4182016104,473247.1453353092,-1336869.2728663012,309.7473235816938,1636.42498726035,1.0227175164634648,53.6
37000000,73999.99998336642,66.44999998274578,-1811988.8951252764,474003.1218127002,-1337985.773312576,310.2421214750792,1637.1574599073326,1.022259947399557,53.6
37025000,74049.9999831947,66.49999998257407,-1809984.4003194133,473346.3385165242,-1336638.0618028892,309.8122470000424,1639.434401626328,1.0208401734094643,53.6
37050000,74099.999983023,66.54999998240235,-1808890.984980261,474030.7552338506,-1334860.2297464104,310.2602079618697,1639.7517025347518,1.0206426352615376,53.6
37075000,74149.99998285128,66.59999998223064,-1809103.7182158064,473457.0615346448,-1335646.6566811616,309.88471686881985,1633.7971445878177,1.024362482449978,53.6
37100000,74199.99998267957,66.64999998205893,-1809645.900679312,475740.0217411356,-1333905.8789381762,311.3789484152204,1635.66038866987,1.02319559148256,53.6
37125000,74249.99998250786,66.69999998188722,-1808932.9420506556,473685.62648889713,-1335247.3155617584,310.0343160445192,1635.5867145228942,1.0232416807921163,53.6
37150000,74299.99998233614,66.7499999817155,-1812488.6444614148,473293.5292454615,-1339195.1152159534,309.7776825435355,1634.5961076242666,1.023861791327819,53.6
37175000,74349.99998216443,66.79999998154379,-1808115.31032924,472471.0211185345,-1335644.289210705,309.23933869201727,1639.2586497245647,1.0209496220324157,53.6
37200000,74399.99998199272,66.84999998137208,-1809642.9715911772,472331.746057924,-1337311.2255332535,309.1481810850649,1636.752481398502,1.0225128832061865,53.6
37225000,74449.999981821,66.89999998120037,-1807454.3149460675,473208.30960531504,-1334246.0053407524,309.721905016482,1639.220948383721,1.0209731034122274,53.6
37250000,74499.9999816493,66.94999998102865,-1807949.320874474,475571.6962162119,-1332377.624658262,311.26877684556695,1638.3416986207587,1.021521029623177,53.6
37275000,74549.99998147758,66.99999998085694,-1808511.13982608,473769.6403272754,-1334741.4994988043,310.08930435630936,1634.4774022006764,1.02393615023145,53.6
37300000,74599.99998130587,67.04999998068523,-1810926.6363630844,474661.6344179524,-1336265.001945132,310.67312780873004,1636.4614727976848,1.0226947145834633,53.6
37325000,74649.99998113415,67.09999998051352,-1807866.8357964288,475623.7745315503,-1332243.0612648786,311.30286288063706,1635.4929149159298,1.02330036626034,53.6
37350000,74699.99998096244,67.1499999803418,-1808869.3513221145,473652.9185427879,-1335216.4327793266,310.0129082053657,1642.1865469965674,1.0191293442943787,53.6
37375000,74749.99998079073,67.19999998017009,-1807051.3301295312,474591.4950888597,-1332459.8350406715,310.6272205704541,1639.8396410708874,1.020587901971151,53.6
37400000,74799.99998061902,67.24999997999838,-1808369.5671281405,474830.5926319486,-1333538.9744961918,310.7837134828293,1638.1832181100292,1.0216198532301497,53.6
37425000,74849.9999804473,67.29999997982667,-1808864.8227204492,473952.8593949444,-1334911.9633255051,310.2092239720936,1638.0200319632245,1.0217216311108193,53.6
37450000,74899.99998027559,67.34999997965495,-1810377.1420841825,475003.084239354,-1335374.0578448283,310.8966118156788,1636.7300225416673,1.022526913907731,53.6
37475000,74949.99998010388,67.39999997948324,-1808444.537049762,473484.0506839508,-1334960.4863658112,309.9023816700673,1638.79788855362,1.0212366702075495,53.6
37500000,74999.99997993217,67.44999997931153,-1810748.478750308,474690.1082943881,-1336058.37045592,310.6917643860552,1639.5084023105042,1.0207940968714238,53.6
37525000,75049.99997976045,67.49999997913982,-1806878.10845137,473741.3761049935,-1333136.7323463766,310.07080500075864,1640.4006366010217,1.0202388742773425,53.6
37550000,75099.99997958874,67.5499999789681,-1807503.3473420248,474532.074463345,-1332971.2728786794,310.5883288837316,1639.8843862423016,1.020560054653986,53.6
37575000,75149.99997941703,67.59999997879639,-1810792.57296816,473901.1344301111,-1336891.4385380486,310.17536921020564,1636.4462007160116,1.0227042588490802,53.6
37600000,75199.99997924532,67.64999997862468,-1808644.7843231987,473722.2202630288,-1334922.56406017,310.05826721614017,1637.0329448673442,1.0223377019362805,53.6
37625000,75249.9999790736,67.69999997845296,-1808820.2706463588,475727.64301180217,-1333092.6276345567,311.37084635202115,1638.2675249434476,1.0215672796831117,53.6
37650000,75299.99997890189,67.74999997828125,-1808961.398739247,473788.4876547343,-1335172.9110845122,310.1016402135768,1637.879126024004,1.0218095293224554,53.6
37675000,75349.99997873018,67.79999997810954,-1810393.5029557007,474003.57506556605,-1336389.9278901352,310.2424181358483,1635.5301519180668,1.0232770682258276,53.6
37700000,75399.99997855847,67.84999997793783,-1809166.1373489692,476022.59149505297,-1333143.5458539166,311.56389453874965,1638.0616653616498,1.0216956627699152,53.6
37725000,75449.99997838675,67.89999997776611,-1807392.4050260328,472581.6135259567,-1334810.791500076,309.3117230741421,1636.676141793487,1.022560576349401,53.6
37750000,75499.99997821504,67.9499999775944,-1809071.9714133565,473573.5337523887,-1335498.4376609677,309.960949674603,1636.401559481627,1.0227321583461573,53.6
37775000,75549.99997804333,67.99999997742269,-1810109.3421369856,474670.95660079527,-1335438.3855361904,310.6792293166081,1636.862331116596,1.02244426243715,53.6
37800000,75599.99997787162,68.04999997725098,-1809159.851789412,472954.065005264,-1336205.786784148,309.5554981291353,1641.842318802373,1.0193430146632196,53.6
37825000,75649.9999776999,68.09999997707926,-1808955.922230852,475755.33317151055,-1333200.5890593412,311.38896997504514,1637.551456894715,1.0220139903409855,53.6
37850000,75699.99997752819,68.14999997690755,-1812221.735979247,471482.5542866184,-1340739.1816926284,308.59237238983627,1638.412319161416,1.0214769989682797,53.6
37875000,75749.99997735648,68.19999997673584,-1810318.01898057,474881.8462618403,-1335436.1727187298,310.8172597489596,1636.0017995040462,1.022982064785634,53.6
37900000,75799.99997718477,68.24999997656413,-1806655.5494163183,472920.2569663288,-1333735.2924499898,309.5333702627996,1637.414973291426,1.022099178368632,53.6
37925000,75849.99997701305,68.29999997639241,-1807282.1814716056,473819.2977980343,-1333462.8836735715,310.1218059124519,1635.9590296652866,1.0230088092072065,53.6
37950000,75899.99997684134,68.3499999762207,-1810905.580939029,474563.0270285441,-1336342.5539104852,310.6085877998664,1639.4139844093336,1.020852886925108,53.6
37975000,75949.99997666963,68.39999997604899,-1810741.8310285108,473415.4516499927,-1337326.379378518,309.85748257795814,1633.8268355072933,1.0243438670965517,53.6
38000000,75999.99997649791,68.44999997587728,-1809130.9662693068,474012.5082949445,-1335118.4579743624,310.24826506787565,1636.1002686281438,1.022920496341561,53.6
38025000,76049.9999763262,68.49999997570556,-1809428.111536908,474826.8349995051,-1334601.276537403,310.7812540562826,1638.2580740068463,1.021573172996105,53.6
38050000,76099.99997615449,68.54999997553385,-1808197.5562734213,475956.6815570368,-1332240.8747163846,311.5207555000905,1644.3622503114052,1.017780904744511,53.6
38075000,76149.99997598278,68.59999997536214,-1807774.6964373544,475004.1746417325,-1332770.5217956216,310.8973255003184,1640.4523742028514,1.0202066973525632,53.6
38100000,76199.99997581106,68.64999997519043,-1806313.1638798164,472912.1955927412,-1333400.9682870752,309.5280939734067,1637.7864974108215,1.021867320005055,53.6
38125000,76249.99997563935,68.69999997501871,-1808969.783186636,474551.6375723262,-1334418.1456143097,310.6011332306941,1636.9230627436632,1.0224063286423026,53.6
38150000,76299.99997546764,68.749999974847,-1810373.3716909457,473844.843484465,-1336528.528206481,310.1385259456924,1634.566150192301,1.0238805561052202,53.6
38175000,76349.99997529593,68.79999997467529,-1810346.340881886,475144.34799827705,-1335201.992883609,310.9890710553737,1635.2707445132248,1.0234393934246324,53.6
38200000,76399.99997512421,68.84999997450358,-1808275.5699014813,474926.2569291605,-1333349.3129723207,310.84632719390135,1636.5131068799835,1.022662447256769,53.6
38225000,76449.9999749525,68.89999997433186,-1811016.6388266955,473492.64448738354,-1337523.9943393115,309.9080064427446,1637.9023728736297,1.021795026716642,53.6
38250000,76499.99997478079,68.94999997416015,-1812503.3831033332,472627.6349382736,-1339875.7481650598,309.34184477573746,1635.7072095319722,1.0231663032949108,53.6
38275000,76549.99997460908,68.99999997398844,-1808641.617441672,473870.8417062893,-1334770.7757353825,310.1555421701056,1636.9945367460086,1.022361688620182,53.6
38300000,76599.99997443736,69.04999997381672,-1809000.2995554628,474648.31998671615,-1334351.9795687466,310.6644133146626,1636.0986659705732,1.0229214983540384,53.6
38325000,76649.99997426565,69.09999997364501,-1808482.8304481069,475683.5216708151,-1332799.3087772918,311.3419682754849,1638.945479978816,1.02114470511325,53.6
38350000,76699.99997409394,69.1499999734733,-1807868.2718758788,473659.8772873982,-1334208.3945884807,310.0174628076275,1638.262717956782,1.0215702771634532,53.6
38375000,76749.99997392223,69.19999997330159,-1810690.7815455832,474872.6715494511,-1335818.109996132,310.8112547626956,1637.1649551197277,1.0222552673241592,53.6
38400000,76799.99997375051,69.24999997312987,-1812427.834123429,474999.70976056665,-1337428.1243628622,310.89440316892166,1633.5112037601652,1.0245417937735692,53.6
38425000,76849.9999735788,69.29999997295816,-1811519.8764476825,474010.25212938216,-1337509.6243183,310.246788373824,1635.8376743216627,1.023084701569585,53.6
38450000,76899.99997340709,69.34999997278645,-1809103.9304017655,472962.3521432041,-1336141.5782585617,309.5609221846683,1633.1936588701626,1.0247409973459318,53.6
38475000,76949.99997323538,69.39999997261474,-1809505.923068683,475456.9833825307,-1334048.939686152,311.1936955829256,1638.2565791782645,1.021574105131399,53.6
38500000,76999.99997306366,69.44999997244302,-1809087.4090504693,474149.4495399046,-1334937.9595105648,310.3378951576341,1635.5708232968457,1.0232516226207553,53.6
38525000,77049.99997289195,69.49999997227131,-1810197.6477166964,474187.0265069928,-1336010.6212097036,310.362489843727,1639.4621243587126,1.020822911358384,53.6
38550000,77099.99997272024,69.5499999720996,-1809824.6906251933,475112.73483622976,-1334711.9557889637,310.96837976873707,1636.6224423736253,1.0225941277099968,53.6
38575000,77149.99997254852,69.59999997192789,-1808566.6844292383,474081.8763674681,-1334484.8080617704,310.29366750720993,1639.202994732715,1.020984285794668,53.6
38600000,77199.99997237681,69.64999997175617,-1809209.677291615,472372.5900687293,-1336837.0872228858,309.17491410005715,1637.352851729086,1.0221379570581244,53.6
38625000,77249.9999722051,69.69999997158446,-1812383.58193832,473149.5344884262,-1339234.0474498938,309.6834358247943,1634.8789525593686,1.0236846564265054,53.6
38650000,77299.99997203339,69.74999997141275,-1808447.0192607464,475564.56284387095,-1332882.4564168756,311.2641079468478,1638.8746470349097,1.0211888394744404,53.6
38675000,77349.99997186167,69.79999997124104,-1811014.0981219127,474920.9153480645,-1336093.1827738488,310.84283104930864,1637.9918779592576,1.0217391925866983,53.6
38700000,77399.99997168996,69.84999997106932,-1812179.381340053,473736.6392501827,-1338442.7420898702,310.06770465854987,1637.7039719384975,1.0219188128784196,53.6
38725000,77449.99997151825,69.89999997089761,-1810122.497205912,473570.2604821768,-1336552.2367237357,309.9588072703699,1636.9969132263752,1.0223602044252755,53.6
38750000,77499.99997134654,69.9499999707259,-1809186.534356451,474426.90205880336,-1334759.6322976472,310.5194919744285,1636.725024334409,1.0225300364856638,53.6
38775000,77549.99997117482,69.99999997055419,-1807869.434122474,474355.7566703156,-1333513.6774521584,310.47292625525506,1638.7103934702525,1.0212911967352107,53.6
38800000,77599.99997100311,70.04999997038247,-1810828.2566301653,473568.522565927,-1337259.7340642386,309.95766977823223,1633.5429968216326,1.0245218534840947,53.6
38825000,77649.9999708314,70.09999997021076,-1807334.7880810408,472670.0192501885,-1334664.768830852,309.3695859408071,1638.910688675774,1.0211663822889074,53.6
38850000,77699.99997065969,70.14999997003905,-1807947.4178888008,472283.8150524141,-1335663.6028363863,309.116809526209,1636.620733689041,1.0225951953310932,53.6
38875000,77749.99997048797,70.19999996986733,-1810063.9986212223,474237.0052103584,-1335826.993410864,310.39520165140755,1637.1925614614936,1.0222380300553453,53.6
38900000,77799.99997031626,70.24999996969562,-1811456.8405749,473651.82320444577,-1337805.017370454,310.0121912900642,1635.0118522210998,1.02360144764464,53.6
38925000,77849.99997014455,70.29999996952391,-1811402.563345,474954.8174792749,-1336447.7458657252,310.8650205004436,1637.543017615832,1.0220192574154952,53.6
38950000,77899.99996997284,70.3499999693522,-1808769.506989783,474657.3617187338,-1334112.1452710489,310.6703312632876,1636.7778696374992,1.022497022897993,53.6
38975000,77949.99996980112,70.39999996918048,-1808366.166973444,476380.2051367381,-1331985.9618367054,311.797958007447,1638.577232950107,1.0213741929249798,53.6
39000000,77999.99996962941,70.44999996900877,-1808331.725709997,472867.9007182135,-1335463.8249917836,309.49910231657674,1638.7971624744905,1.0212371226727173,53.6
39025000,78049.9999694577,70.49999996883706,-1809199.1587395172,475488.1371458253,-1333711.0215936922,311.2140861862184,1637.8967394090032,1.0217985411299748,53.6
39050000,78099.99996928599,70.54999996866535,-1812872.2768434023,473057.0562415383,-1339815.2206018642,309.62290743123634,1633.8482425767627,1.0243304458988218,53.6
39075000,78149.99996911427,70.59999996849363,-1810547.8222365985,472122.0852257648,-1338425.7370108338,309.0109549395692,1634.2830792906666,1.024057900407352,53.6
39100000,78199.99996894256,70.64999996832192,-1810907.0519821905,474565.6743625084,-1336341.377619682,310.6103205194785,1638.0750094054697,1.021687339859416,53.6
39125000,78249.99996877085,70.69999996815021,-1810842.448633576,473349.0203901429,-1337493.428243433,309.81400232637407,1637.4412186585453,1.0220827958763243,53.6
39150000,78299.99996859914,70.7499999679785,-1808951.4680163944,474490.5932513236,-1334460.8747650709,310.5611788110282,1637.6016954154309,1.0219826368860097,53.6
39175000,78349.99996842742,70.79999996780678,-1808016.4714734992,473837.5413399245,-1334178.9301335746,310.13374658304826,1637.577902333387,1.0219974857165246,53.6
39200000,78399.99996825571,70.84999996763507,-1809764.576162897,475336.2705923407,-1334428.3055705563,311.1146872591523,1637.245413257671,1.022205031266299,53.6
39225000,78449.999968084,70.89999996746336,-1808558.3222595323,472308.8034576123,-1336249.51880192,309.13316481056097,1636.126873365128,1.0229038628327518,53.6
39250000,78499.99996791228,70.94999996729165,-1809946.828617976,473188.99037845776,-1336757.8382395182,309.7092602940115,1634.0676588649417,1.0241929027664505,53.6
39275000,78549.99996774057,70.99999996711993,-1808137.1609415489,474640.21138540015,-1333496.9495561486,310.65910611401625,1637.1676758812887,1.0222535684677267,53.6
39300000,78599.99996756886,71.04999996694822,-1809551.6498019823,472346.0610874616,-1337205.588714521,309.1575504856624,1637.2777846566469,1.022184820763712,53.6
39325000,78649.99996739715,71.09999996677651,-1810778.8982537535,474811.1590588176,-1335967.739194936,310.77099391901515,1635.262239621364,1.0234447162659217,53.6
39350000,78699.99996722543,71.1499999666048,-1810733.164763254,474481.96129952266,-1336251.203463731,310.5555290696742,1636.3273722533754,1.0227785266128977,53.6
39375000,78749.99996705372,71.19999996643308,-1808827.7086194288,475381.65713610273,-1333446.051483326,311.144393429798,1636.7012201039431,1.022544908192453,53.6
39400000,78799.99996688201,71.24999996626137,-1811480.1262361195,473446.85693614784,-1338033.2692999714,309.8780378067192,1636.240480702753,1.0228328406414091,53.6
39425000,78849.9999667103,71.29999996608966,-1808195.2935146212,475365.3552265045,-1332829.9382881168,311.1337235865309,1636.9368284826653,1.0223977307670338,53.6
39450000,78899.99996653858,71.34999996591795,-1808152.8788153888,475102.3539181682,-1333050.524897221,310.96158530284845,1636.7740426312066,1.0224994136388277,53.6
39475000,78949.99996636687,71.39999996574623,-1812439.993702611,471934.7650725114,-1340505.2286300994,308.8883511020288,1636.0901123413803,1.022926846281469,53.6
39500000,78999.99996619516,71.44999996557452,-1810801.1898801643,475686.00645128987,-1335115.1834288745,311.34359460141064,1636.8184626042876,1.0224716650537111,53.6
39525000,79049.99996602345,71.49999996540281,-1809039.829446191,474166.4743913429,-1334873.355054848,310.34903817713115,1636.9674061294877,1.0223786329422349,53.6
39550000,79099.99996585173,71.5499999652311,-1808103.9214073727,473008.68818645016,-1335095.2332209223,309.5912498169051,1638.6066459964682,1.0213558592226466,53.6
39575000,79149.99996568002,71.59999996505938,-1808652.081454819,473378.0514527678,-1335274.0300020513,309.8330035903805,1636.1615810486448,1.0228821641057124,53.6
39600000,79199.99996550831,71.64999996488767,-1809733.1556078363,474676.3596071999,-1335056.7960006364,310.68276566498247,1637.1711767164584,1.0222513825379378,53.6
39625000,79249.9999653366,71.69999996471596,-1808770.890755389,473739.59514491743,-1335031.2956104714,310.0696393357939,1634.441434384663,1.0239586831569416,53.6
39650000,79299.99996516488,71.74999996454424,-1809097.1687799615,473475.44139237417,-1335621.7273875875,309.8967467601686,1636.9383029744142,1.0223968098300529,53.6
39675000,79349.99996499317,71.79999996437253,-1809452.4230971225,472815.12030596944,-1336637.302791153,309.4645567485976,1639.751560549775,1.020642723638292,53.6
39700000,79399.99996482146,71.84999996420082,-1810713.2552392995,474344.6782016672,-1336368.5770376325,310.46567523209086,1638.138436299257,1.0216477812647615,53.6
39725000,79449.99996464975,71.8999999640291,-1809125.6707398444,472467.11272312456,-1336658.5580167198,309.2367805888577,1637.1208201467523,1.0222828261994976,53.6
39750000,79499.99996447803,71.9499999638574,-1810168.228984587,472961.7528207052,-1337206.4761638818,309.5605299191431,1638.0602631643328,1.0216965373524622,53.6
39775000,79549.99996430632,71.99999996368568,-1809935.8226121385,474394.8528778764,-1335540.9697342622,310.498515306924,1637.167289310654,1.0222538098439216,53.6
39800000,79599.99996413461,72.04999996351397,-1811327.4576073017,474873.566336958,-1336453.891270344,310.8118404144807,1639.4044018595775,1.020858853954092,53.6
39825000,79649.9999639629,72.09999996334226,-1810422.4209279884,473076.3309761543,-1337346.0899518342,309.6355230328704,1636.7812948369176,1.0224948831764435,53.6
39850000,79699.99996379118,72.14999996317054,-1810981.3638703425,473744.13153496286,-1337237.232335379,310.0726084708201,1634.0663110105822,1.0241937475686835,53.6
39875000,79749.99996361947,72.19999996299883,-1810819.8029209487,473407.9250786423,-1337411.8778423064,309.85255632461565,1637.8801659984758,1.0218088805229597,53.6
39900000,79799.99996344776,72.24999996282712,-1809415.5428714843,474407.6531317938,-1335007.8897396908,310.50689326425805,1635.6587635942783,1.0231966080577886,53.6
39925000,79849.99996327604,72.2999999626554,-1808021.1402691947,474287.9280090355,-1333733.2122601592,310.4285313835676,1639.2215043627093,1.0209727571261449,53.6
39950000,79899.99996310433,72.3499999624837,-1809456.192098712,472983.4157344989,-1336472.7763642129,309.57470861971154,1639.095217319784,1.0210514198109248,53.6
39975000,79949.99996293262,72.39999996231198,-1808957.740711496,476655.13615176047,-1332302.604559736,311.9779044623008,1635.4465887944575,1.0233293525552118,53.6
40000000,79999.9999627609,72.44999996214027,-1809873.090933931,471552.1461294948,-1338320.9448044363,308.63792129020794,1637.6686006337677,1.021940884866443,53.6
40025000,80049.9999625892,72.49999996196856,-1809306.0706698236,473354.6810935258,-1335951.3895762975,309.81770734126894,1636.2721514851012,1.0228130432524205,53.6
40050000,80099.99996241748,72.54999996179684,-1810768.1512421984,475785.99687142624,-1334982.1543707722,311.40903982453835,1638.4526106987173,1.0214518796097227,53.6
40075000,80149.99996224577,72.59999996162513,-1812756.289061591,473764.821817892,-1338991.4672436991,310.0861505699635,1636.4768817514223,1.0226850849603868,53.6
40100000,80199.99996207406,72.64999996145342,-1811102.7814597515,474584.2231040531,-1336518.5583556984,310.6224609478063,1637.732939796406,1.021900737404546,53.6
40125000,80249.99996190234,72.6999999612817,-1811706.469134207,474327.1283640404,-1337379.3407701664,310.45418860129394,1635.1224899064234,1.0235321874543115,53.6
40150000,80299.99996173063,72.74999996110999,-1811876.662987046,473775.4120119487,-1338101.2509750973,310.0930820101161,1634.6369885206857,1.0238361854054443,53.6
40175000,80349.99996155892,72.79999996093828,-1810269.013384431,473661.3883437417,-1336607.625040689,310.0184518165688,1637.9054184770764,1.0217931267397449,53.6
40200000,80399.9999613872,72.84999996076657,-1808405.259728129,471724.63936719816,-1336680.620360931,308.7508206901118,1637.8962304790698,1.0217988586249749,53.6
40225000,80449.9999612155,72.89999996059485,-1808949.1950141871,472240.8750780668,-1336708.3199361204,309.08870467177974,1637.3736635499408,1.0221249651842932,53.6
40250000,80499.99996104378,72.94999996042314,-1810822.0411978737,473186.3422719004,-1337635.6989259734,309.7075270687257,1637.1519579447486,1.0222633828998198,53.6
40275000,80549.99996087207,72.99999996025143,-1807567.5229045933,472837.4597819426,-1334730.0631226508,309.4791782692155,1638.5035224594346,1.021420140945163,53.6
40300000,80599.99996070036,73.04999996007972,-1810100.703720074,471478.6537058901,-1338622.050014184,308.5898194015025,1635.3466254694688,1.0233919052905445,53.6
40325000,80649.99996052864,73.099999959908,-1810395.141514157,474782.4941562541,-1335612.647357903,310.75223231223674,1636.1984475457716,1.0228591167287755,53.6
40350000,80699.99996035693,73.14999995973629,-1811418.385299928,474313.5373098799,-1337104.8479900477,310.4452930533918,1632.89954639714,1.0249255703097753,53.6
40375000,80749.99996018522,73.19999995956458,-1812280.0874058483,474477.7886178212,-1337802.2987880271,310.5527979871904,1639.5316193186634,1.020779641654704,53.6
40400000,80799.9999600135,73.24999995939287,-1811530.5813126191,472211.95545607177,-1339318.6258565474,309.0697763473297,1636.585849599841,1.0226169921112735,53.6
40425000,80849.99995984179,73.29999995922115,-1808991.4939037932,472854.77486603154,-1336136.719037762,309.4905112503164,1639.7707412710563,1.020630784979358,53.6
40450000,80899.99995967008,73.34999995904944,-1810791.041657649,473459.0440838101,-1337331.9975738388,309.8860144768538,1632.9673980786324,1.0248829834685242,53.6
40475000,80949.99995949837,73.39999995887773,-1810551.415341608,475075.64369554457,-1335475.7716460638,310.9441030632797,1637.3402031838164,1.0221458531314,53.6
40500000,80999.99995932665,73.44999995870602,-1809471.0969047789,475004.2302314904,-1334466.8666732884,310.8973618846451,1636.172313813726,1.022875454327115,53.6
40525000,81049.99995915494,73.4999999585343,-1810005.222775097,474223.9967764074,-1335781.2259986897,310.3866874371328,1637.074023053753,1.0223120489858937,53.6
40550000,81099.99995898323,73.54999995836259,-1810339.417856356,473123.9716624303,-1337215.4461939258,309.6667045734525,1634.3072751935435,1.0240427392403704,53.6
40575000,81149.99995881152,73.59999995819088,-1810013.6101077932,472078.8665769661,-1337934.743530827,308.98266768855007,1639.8850885716593,1.0205596175689169,53.6
40600000,81199.9999586398,73.64999995801917,-1811917.0127350548,474967.4420457059,-1336949.570689349,310.8732834676942,1634.53614079418,1.0238993541228778,53.6
40625000,81249.99995846809,73.69999995784745,-1808532.3490175884,474466.3065860401,-1334066.0424315482,310.5452828259294,1640.913060745292,1.0199202741975395,53.6
40650000,81299.99995829638,73.74999995767574,-1809362.1732533744,472974.3822034401,-1336387.791049934,309.5687960387366,1636.222253262246,1.0228442349521238,53.6
40675000,81349.99995812467,73.79999995750403,-1810927.2144948551,473843.4588306465,-1337083.755664209,310.1376196690912,1636.857368080512,1.0224473625409631,53.6
40700000,81399.99995795295,73.84999995733232,-1808489.909239376,475066.80584974407,-1333423.103389632,310.9383185612285,1638.7046621695113,1.0212947686582836,53.6
40725000,81449.99995778124,73.8999999571606,-1808644.6725331424,472679.83387395967,-1335964.838659183,309.37600975862625,1637.9993372888748,1.021734539660872,53.6
40750000,81499.99995760953,73.94999995698889,-1809160.943632549,473517.0597525827,-1335643.883879966,309.92398659840853,1639.9257021158226,1.0205343429219946,53.6
40775000,81549.99995743782,73.99999995681718,-1810666.1942200048,474993.1837103184,-1335673.010509686,310.8901317715812,1638.846078430484,1.0212066409875795,53.6
40800000,81599.9999572661,74.04999995664546,-1810608.1647990544,473439.20679660846,-1337168.9580024458,309.8730306761518,1636.727958800674,1.022528203206113,53.6
40825000,81649.99995709439,74.09999995647375,-1810221.467591419,474417.44824438624,-1335804.0193470323,310.5133043117194,1639.523673871462,1.0207845885492663,53.6
40850000,81699.99995692268,74.14999995630204,-1811910.4550687892,474786.9633139561,-1337123.4917548334,310.7551574426903,1635.6452611092973,1.0232050546917633,53.6
40875000,81749.99995675097,74.19999995613033,-1810444.5507864607,473472.1686288617,-1336972.382157599,309.8946046875778,1638.7181629639724,1.0212863545874156,53.6
40900000,81799.99995657925,74.24999995595861,-1811648.1771398373,475569.2031099502,-1336078.974029887,311.26714507028936,1635.6064847417344,1.0232293124674954,53.6
40925000,81849.99995640754,74.2999999557869,-1810416.9568585427,474410.3767933726,-1336006.58006517,310.50867594143364,1636.1048216535653,1.0229176497128103,53.6
40950000,81899.99995623583,74.34999995561519,-1809463.9913635105,475029.1082763081,-1334434.8830872024,310.91364493648,1637.0290111450356,1.0223401585773035,53.6
40975000,81949.99995606412,74.39999995544348,-1810546.604564488,474612.8476902367,-1335933.7568742512,310.641196166912,1634.2690593345485,1.0240666855255331,53.6
41000000,81999.9999558924,74.44999995527176,-1807377.1347831208,474524.31467529054,-1332852.8201078302,310.5832499865737,1641.364977735218,1.0196394595667095,53.6
41025000,82049.99995572069,74.49999995510005,-1807868.3020806387,474980.0160096307,-1332888.286071008,310.8815133148489,1639.1290577709228,1.021030339810837,53.6
41050000,82099.99995554898,74.54999995492834,-1811414.9588117253,474091.1695240504,-1337323.7892876752,310.29975001696704,1638.124247724606,1.0216566302429948,53.6
41075000,82149.99995537726,74.59999995475663,-1808964.4185591824,475316.8869958814,-1333647.531563301,311.10200040581606,1634.832386278326,1.0237138148820204,53.6
41100000,82199.99995520555,74.64999995458491,-1809285.8300312425,472303.7543192874,-1336982.0757119549,309.129860074129,1634.9083554607548,1.0236662460373829,53.6
41125000,82249.99995503384,74.6999999544132,-1809588.4436301363,473600.6457082364,-1335987.7979219002,309.9786948545659,1635.7059241915383,1.0231671073006925,53.6
41150000,82299.99995486213,74.74999995424149,-1809997.84172098,473093.1686754954,-1336904.6730454843,309.6465435585252,1635.777783791718,1.0231221596433906,53.6
41175000,82349.99995469041,74.79999995406978,-1809138.1108568653,475447.68060364,-1333690.4302532254,311.187606775224,1637.256760907468,1.0221979464736184,53.6
41200000,82399.9999545187,74.84999995389806,-1808415.8099887287,473433.3190263028,-1334982.490962426,309.8691770425651,1638.768675802912,1.021254874810006,53.6
41225000,82449.99995434699,74.89999995372635,-1808911.8396686355,473196.6529171413,-1335715.186751494,309.71427554000394,1636.0777281814917,1.0229345892446549,53.6
41250000,82499.99995417528,74.94999995355464,-1808606.5076427525,473707.5095225644,-1334898.9981201882,310.0486388168319,1637.830814933247,1.0218396696351528,53.6
41275000,82549.99995400356,74.99999995338293,-1810680.3272173544,473759.6885284137,-1336920.6386889408,310.082790755345,1637.4414413846914,1.022082656851773,53.6
41300000,82599.99995383185,75.04999995321121,-1811972.103714698,475643.0195932008,-1336329.084121497,311.31545906087223,1635.52087075882,1.0232828750593532,53.6
41325000,82649.99995366014,75.0999999530395,-1807968.752393161,475136.5701301376,-1332832.1822630237,310.9839803245302,1638.3069795907986,1.0215426777145749,53.6
41350000,82699.99995348843,75.14999995286779,-1810370.569774991,474849.6136363524,-1335520.9561386383,310.7961630142506,1636.2693817748052,1.0228147745662544,53.6
41375000,82749.99995331671,75.19999995269607,-1811707.5507851671,474984.9473323134,-1336722.603452854,310.88474093918376,1634.5360812068036,1.0238993914493564,53.6
41400000,82799.999953145,75.24999995252436,-1811106.7722830083,473635.5708170011,-1337471.2014660072,310.0015538597861,1635.1385223399443,1.0235221517836162,53.6
41425000,82849.99995297329,75.29999995235265,-1812480.5909609264,473552.1441431824,-1338928.446817744,309.94694985596834,1637.597242457631,1.0219854158633042,53.6
41450000,82899.99995280158,75.34999995218094,-1809303.5399426697,473710.6054065186,-1335592.9345361511,310.05066511911053,1637.3634893576811,1.0221313164288257,53.6
41475000,82949.99995262986,75.39999995200922,-1806700.283388493,474660.27592498186,-1332040.0074635108,310.67223865479457,1636.63557320098,1.0225859233747343,53.6
41500000,82999.99995245815,75.44999995183751,-1807593.88225393,473303.89833434107,-1334289.9839195888,309.7844692670479,1638.8891672050636,1.021179791983002,53.6
41525000,83049.99995228644,75.4999999516658,-1812773.0009521348,476384.27629204834,-1336388.7246600864,311.80062263939175,1635.780130977629,1.023120691562276,53.6
41550000,83099.99995211473,75.54999995149409,-1808887.4397915136,474791.03197626537,-1334096.4078152482,310.75782044292873,1635.8717978777588,1.0230633604790114,53.6
41575000,83149.99995194301,75.59999995132237,-1811675.351708021,474054.7688719893,-1337620.5828360317,310.2759252466251,1634.3501378353046,1.0240158825858114,53.6
41600000,83199.9999517713,75.64999995115066,-1813719.8520199088,474533.1332337843,-1339186.7187861246,310.58902186479463,1637.008858049626,1.0223527445316527,53.6
41625000,83249.99995159959,75.69999995097895,-1810474.4426644389,473564.79594113794,-1336909.646723301,309.95523064665844,1632.9310411111278,1.0249058023361848,53.6
41650000,83299.99995142788,75.74999995080724,-1809241.0590489889,470371.49221542286,-1338869.566833566,307.8651656728425,1634.8886841695655,1.0236785629840968,53.6
41675000,83349.99995125616,75.79999995063552,-1811317.915223508,473489.04589758953,-1337828.8693259186,309.90565111198697,1635.6487102511956,1.0232028970283222,53.6
41700000,83399.99995108445,75.84999995046381,-1809651.4127949115,472115.23138820747,-1337536.1814067038,309.0064690005401,1638.1253812392042,1.0216559232991198,53.6
41725000,83449.99995091274,75.8999999502921,-1809663.1247704616,476086.5904172432,-1333576.5343532185,311.6057827890137,1637.9424301864178,1.0217700378267789,53.6
41750000,83499.99995074102,75.94999995012039,-1808727.4407020155,474718.79927858233,-1334008.641423433,310.7105430636504,1638.7955625425925,1.0212381196914333,53.6
41775000,83549.99995056931,75.99999994994867,-1809265.303834416,471931.9658726842,-1337333.3379617317,308.88651898394164,1638.9105271354092,1.0211664829408875,53.6
41800000,83599.9999503976,76.04999994977696,-1811081.9183445256,474398.7518198009,-1336683.1665247248,310.5010672226361,1637.3282424272331,1.0221533199529116,53.6
41825000,83649.99995022589,76.09999994960525,-1811691.380858563,474550.3193114561,-1337141.0615471068,310.60027040926906,1638.511479170762,1.0214151808668794,53.6
41850000,83699.99995005417,76.14999994943354,-1809189.994518712,474044.7370456292,-1335145.257473083,310.26935926646803,1636.279463556902,1.0228084725891704,53.6
41875000,83749.99994988246,76.19999994926182,-1807723.0008745596,474647.58399930346,-1333075.416875256,310.6639315999106,1636.4712974405022,1.022688574781135,53.6
41900000,83799.99994971075,76.24999994909011,-1811325.122840966,473085.7660984968,-1338239.3567424694,309.6416984613375,1636.1773675050397,1.0228722949527702,53.6
41925000,83849.99994953904,76.2999999489184,-1812212.4304129565,474607.4424709932,-1337604.9879419634,310.63765837020145,1637.4915601929902,1.022051373902908,53.6
41950000,83899.99994936732,76.34999994874669,-1812649.1972936736,473142.1266148808,-1339507.070678793,309.67858726093766,1633.7911623082073,1.0243662332493046,53.6
41975000,83949.99994919561,76.39999994857497,-1810474.2693347456,473623.6064542536,-1336850.662880492,309.993723005705,1638.30453712528,1.0215442006809767,53.6
42000000,83999.9999490239,76.44999994840326,-1809431.2894138377,475715.62933883234,-1333715.6600750054,311.36298322366326,1634.7226274967236,1.0237825492221104,53.6
42025000,84049.99994885219,76.49999994823155,-1809334.6213933583,475106.7048316821,-1334227.9165616762,310.9644330407151,1635.0269358058897,1.0235920046324865,53.6
42050000,84099.99994868047,76.54999994805983,-1812349.61587759,473363.7756532436,-1338985.8402243466,309.8236598664126,1632.4078420154483,1.025234292420058,53.6
42075000,84149.99994850876,76.59999994788812,-1811613.905270676,476354.1974859879,-1335259.7077846883,311.7809356116609,1636.115395065736,1.022911039097227,53.6
42100000,84199.99994833705,76.64999994771641,-1810995.8462876205,473692.66346031526,-1337303.182827305,310.0389218473949,1636.013014226197,1.022975052335536,53.6
42125000,84249.99994816534,76.6999999475447,-1811490.8902673488,475326.3289463079,-1336164.561321041,311.10818030336605,1637.4244574985896,1.022093258217443,53.6
42150000,84299.99994799362,76.74999994737298,-1810701.9733031483,475330.8055483378,-1335371.1677548108,311.1111103062434,1633.987871988594,1.0242429136348845,53.6
42175000,84349.99994782191,76.79999994720127,-1808443.064978604,474372.5553714587,-1334070.5096071456,310.48392125600685,1637.033069720153,1.0223376239648965,53.6
42200000,84399.9999476502,76.84999994702956,-1809525.708441265,474624.1874895977,-1334901.520951667,310.64861823493004,1636.4755447623688,1.0226859204869352,53.6
42225000,84449.99994747849,76.89999994685785,-1810819.3647647416,475279.6572969081,-1335539.7074678335,311.07763301189004,1636.4322234911144,1.0227129940519346,53.6
42250000,84499.99994730677,76.94999994668613,-1813338.2029540075,473182.4195806431,-1340155.7833733642,309.7049596087206,1637.1887710172189,1.0222403967563374,53.6
42275000,84549.99994713506,76.99999994651442,-1807653.9051324828,474847.6201751529,-1332806.2849573295,310.7948582641274,1636.5767223007954,1.0226226953153876,53.6
42300000,84599.99994696335,77.04999994634271,-1808333.1896828252,474184.5010743697,-1334148.6886084557,310.3608369103632,1633.5411922307774,1.024522985284613,53.6
42325000,84649.99994679164,77.099999946171,-1809813.985574136,471331.5636464914,-1338482.4219276442,308.4935467611427,1638.4483313603046,1.0214545474620935,53.6
42350000,84699.99994661992,77.14999994599928,-1807945.0745494145,473441.30827677867,-1334503.7662726357,309.8744061263044,1634.571506785558,1.0238772007844772,53.6
42375000,84749.99994644821,77.19999994582757,-1810276.028301296,474834.1604825674,-1335441.8678187283,310.7860486943377,1636.3326221767848,1.0227752451841363,53.6
42400000,84799.9999462765,77.24999994565586,-1812494.2033278116,471812.0950366651,-1340682.1082911463,308.8080617317461,1637.0402946245763,1.0223331119857804,53.6
42425000,84849.99994610478,77.29999994548415,-1810949.189091592,473907.7730015694,-1337041.4160900228,310.1797142543584,1637.7229141788696,1.0219069931550546,53.6
42450000,84899.99994593307,77.34999994531243,-1812111.8604889857,472380.1946665364,-1339731.6658224491,309.1798914228807,1638.5081286707666,1.0214172695056225,53.6
42475000,84949.99994576136,77.39999994514072,-1811182.1460118012,474093.42577714834,-1337088.720234653,310.301226768312,1633.2549114274002,1.0247025661089249,53.6
42500000,84999.99994558965,77.44999994496901,-1809115.207737352,472906.7860034583,-1336208.4217338937,309.5245533164401,1636.0977370815467,1.0229220791143032,53.6
42525000,85049.99994541793,77.4999999447973,-1806381.831239176,472546.2715909542,-1333835.5596482218,309.28859124992493,1637.276274121052,1.0221857638217533,53.6
42550000,85099.99994524622,77.54999994462558,-1812770.452669096,474791.9251164279,-1337978.5275526682,310.75840501650225,1637.3284767789214,1.022153173651568,53.6
42575000,85149.99994507451,77.59999994445387,-1809550.735504044,475566.3603693168,-1333984.3751347277,311.2652844540944,1637.3906979396977,1.0221143316347934,53.6
42600000,85199.9999449028,77.64999994428216,-1811597.0498109304,470551.651634436,-1341045.398176494,307.98308270289203,1634.4340691779005,1.0239632973947133,53.6
42625000,85249.99994473108,77.69999994411044,-1812777.6923685295,472230.8120073531,-1340546.8803611766,309.0821182417266,1634.567097541896,1.0238799626925474,53.6
42650000,85299.99994455937,77.74999994393873,-1808918.2310775789,473708.0903157297,-1335210.140761849,310.04901895463155,1636.726491222593,1.02252912006057,53.6
42675000,85349.99994438766,77.79999994376702,-1811855.9288278297,472393.0041459094,-1339462.9246819203,309.1882754184132,1637.2836231601989,1.0221811756837624,53.6
42700000,85399.99994421595,77.84999994359531,-1807693.8527820453,474599.0224382143,-1333094.830343831,310.632147333012,1635.285793594451,1.0234299749959872,53.6
42725000,85449.99994404423,77.8999999434236,-1808444.4548364675,472053.2669944803,-1336391.187841987,308.96591237953663,1638.1893693642053,1.0216160171392152,53.6
42750000,85499.99994387252,77.94999994325188,-1809990.0668482147,474641.5706831056,-1335348.496165109,310.65999579466273,1638.43832075472,1.0214607883919276,53.6
42775000,85549.99994370081,77.99999994308017,-1810622.8484532936,474225.7453164147,-1336397.103136879,310.3878318826784,1634.372633048928,1.0240017882137162,53.6
42800000,85599.9999435291,78.04999994290846,-1809439.272230888,474959.5223052072,-1334479.7499256805,310.868099879273,1635.517863827558,1.0232847563847332,53.6
42825000,85649.99994335738,78.09999994273674,-1808303.3767157868,473466.8366186601,-1334836.5400971267,309.8911148072784,1637.569436493943,1.0220027691972942,53.6
42850000,85699.99994318567,78.14999994256503,-1810256.3992792096,474163.3973100001,-1336093.0019692096,310.3470241814425,1640.9702912109487,1.0198847034668943,53.6
42875000,85749.99994301396,78.19999994239332,-1810530.6878685867,473115.1017736808,-1337415.586094906,309.66089909881265,1638.1752804179305,1.0216248034353772,53.6
42900000,85799.99994284225,78.2499999422216,-1810431.506721523,473610.3720153148,-1336821.1347062078,309.9850608677909,1638.1996939206624,1.0216095785271917,53.6
42925000,85849.99994267053,78.2999999420499,-1808660.224688436,474105.3880944878,-1334554.836593948,310.309056283643,1636.744400758515,1.022517931372832,53.6
42950000,85899.99994249882,78.34999994187818,-1808396.948525261,474006.8840450404,-1334390.064480221,310.244583912327,1639.6855413283631,1.0206838181263846,53.6
42975000,85949.99994232711,78.39999994170647,-1808627.1094396224,474821.2094516515,-1333805.8999879712,310.7775720512066,1641.3679419433877,1.0196376181614166,53.6
43000000,85999.9999421554,78.44999994153476,-1807024.9030682324,475476.995160149,-1331547.9079080834,311.2067935902109,1639.809763277001,1.02060649736902,53.6
43025000,86049.99994198368,78.49999994136304,-1810700.173632742,471606.5745205945,-1339093.5991121477,308.67354548495734,1636.647378377871,1.0225785474378826,53.6
43050000,86099.99994181197,78.54999994119133,-1807816.88981724,475993.7527237714,-1331823.1370934683,311.54501913229893,1637.5504360913892,1.0220146274360375,53.6
43075000,86149.99994164026,78.59999994101962,-1811707.0261862196,473773.934238318,-1337933.0919479015,310.0921147852074,1635.765199111502,1.0231300309840992,53.6
43100000,86199.99994146854,78.6499999408479,-1810435.958300228,472742.0223840636,-1337693.935916165,309.4167130671451,1642.1285418250882,1.019165343164668,53.6
43125000,86249.99994129683,78.6999999406762,-1810140.8686297408,472846.7459827552,-1337294.122646985,309.4852562263174,1636.9292075826204,1.02240249064967,53.6
43150000,86299.99994112512,78.74999994050448,-1811127.425484579,473763.9016208492,-1337363.5238637298,310.08554828725784,1638.3995496081982,1.0214849602771692,53.6
43175000,86349.9999409534,78.79999994033277,-1810044.338714096,473520.8626827859,-1336523.47603131,309.9264756730154,1638.9965397146932,1.0211128933444804,53.6
43200000,86399.9999407817,78.84999994016106,-1810626.6847784417,473466.0953379632,-1337160.5894404785,309.8906296279928,1637.4393711654034,1.022083949073804,53.6
43225000,86449.99994060998,78.89999993998934,-1807318.6731429407,472726.0904435616,-1334592.5826993792,309.4062853741762,1638.344500206162,1.021519282812048,53.6
43250000,86499.99994043827,78.94999993981763,-1808882.5794661732,475650.5650683445,-1333232.0143978288,311.3203976870297,1633.9605184498748,1.0242600601129537,53.6
43275000,86549.99994026656,78.99999993964592,-1809109.0782898013,476036.0306864846,-1333073.0476033166,311.57269069022794,1639.1512425024086,1.0210165209005737,53.6
43300000,86599.99994009484,79.0499999394742,-1805652.7832977204,472622.0617528529,-1333030.7215448674,309.3381970426557,1637.470715247515,1.0220643845814887,53.6
43325000,86649.99993992313,79.09999993930249,-1808831.941966756,473504.8984206081,-1335327.043546148,309.916026825027,1638.755704190227,1.021262958579084,53.6
43350000,86699.99993975142,79.14999993913078,-1808105.4678716196,474831.0928772412,-1333274.374994378,310.7840409008434,1634.4141270344926,1.023975791182293,53.6
43375000,86749.9999395797,79.19999993895907,-1809857.2628197016,474904.179803699,-1334953.0830160028,310.831877385611,1635.5773832367252,1.023247518584349,53.6
43400000,86799.999939408,79.24999993878735,-1807232.9061924145,472985.0368226865,-1334247.869369728,309.5757696461379,1639.4144383449627,1.0208526042622943,53.6
43425000,86849.99993923628,79.29999993861564,-1808888.843887439,472226.014611311,-1336662.829276128,309.078978274378,1636.8972614418028,1.0224224441401597,53.6
43450000,86899.99993906457,79.34999993844393,-1811216.5089493652,473371.5184563208,-1337844.9904930447,309.8287276466492,1634.197617012621,1.024111454714437,53.6
43475000,86949.99993889286,79.39999993827222,-1811188.0608623289,474283.3306293186,-1336904.7302330104,310.4255223298906,1639.1922544127524,1.0209909754906916,53.6
43500000,86999.99993872114,79.4499999381005,-1810139.6600339275,473586.827101457,-1336552.8329324704,309.96965037007675,1637.8899785169572,1.021802758916102,53.6
43525000,87049.99993854943,79.49999993792879,-1809234.9707291024,474236.72604204726,-1334998.2446870552,310.3950189315792,1633.3530385666786,1.0246410049344272,53.6
43550000,87099.99993837772,79.54999993775708,-1811195.1566634893,471713.1181003364,-1339482.0385631532,308.7432798489047,1638.3725500990697,1.021501793806581,53.6
43575000,87149.999938206,79.59999993758537,-1810657.701215813,473491.8387471865,-1337165.8624686264,309.9074790737536,1637.79993120853,1.0218589382982295,53.6
43600000,87199.99993803429,79.64999993741365,-1812143.742885612,473618.6119081541,-1338525.130977458,309.99045400069974,1636.9100815414088,1.0224144366401011,53.6
43625000,87249.99993786258,79.69999993724194,-1809739.4099177343,474203.2445989343,-1335536.1653188,310.37310482708614,1634.8154020266504,1.023724450341568,53.6
43650000,87299.99993769087,79.74999993707023,-1810710.3540317256,474336.0382598039,-1336374.315771922,310.4600202611218,1637.300427075059,1.0221706848507035,53.6
43675000,87349.99993751915,79.79999993689852,-1810141.569855651,471359.4893622628,-1338782.080493388,308.5118245591274,1635.8401840837976,1.0230831319179343,53.6
43700000,87399.99993734744,79.8499999367268,-1810912.5587149505,474441.4031170108,-1336471.1555979396,310.52898313356826,1635.283885968786,1.023431168868992,53.6
43725000,87449.99993717573,79.89999993655509,-1811318.011846262,475487.0685081824,-1335830.9433380796,311.2133867469233,1637.0355021582811,1.0223361048939827,53.6
43750000,87499.99993700402,79.94999993638338,-1809610.7080040595,475001.7984574911,-1334608.909546568,310.895770252249,1638.838440518663,1.021211400386726,53.6
43775000,87549.9999368323,79.99999993621167,-1808796.827967893,473672.236269598,-1335124.5916982954,310.02555194603286,1635.7631820860354,1.0231312925844032,53.6
43800000,87599.99993666059,80.04999993603995,-1808037.2925987933,475409.0138389472,-1332628.278759846,311.162298800325,1637.639290254892,1.0219591755087731,53.6
43825000,87649.99993648888,80.09999993586824,-1810453.9149619096,475005.8501087744,-1335448.0648531355,310.8984221185169,1637.123104664984,1.0222813996581783,53.6
43850000,87699.99993631717,80.14999993569653,-1811247.8323912872,473933.97172952,-1337313.8606617672,310.1968617130254,1637.0452407191483,1.0223300231546777,53.6
43875000,87749.99993614545,80.19999993552481,-1808560.192135536,473942.1871349012,-1334618.005000635,310.2022388185273,1640.3529243473786,1.0202685495351624,53.6
43900000,87799.99993597374,80.2499999353531,-1808562.7490834808,476154.90222583554,-1332407.8468576453,311.65049388783183,1637.3228737658972,1.0221566715185046,53.6
43925000,87849.99993580203,80.29999993518139,-1809861.361955676,474016.00828007166,-1335845.3536756046,310.2505558604064,1639.1078299719943,1.021043562996253,53.6
43950000,87899.99993563032,80.34999993500968,-1807991.507968739,473393.734899157,-1334597.7730695817,309.84326864024183,1639.120017128805,1.0210359713508077,53.6
43975000,87949.9999354586,80.39999993483796,-1808832.255345272,473854.0784876247,-1334978.1768576473,310.14457039316585,1637.5565391063217,1.0220108184863108,53.6
44000000,87999.99993528689,80.44999993466625,-1809519.359937598,473462.6359005855,-1336056.7240370126,309.8883653745696,1638.7478049191282,1.0212678813823055,53.6
44025000,88049.99993511518,80.49999993449454,-1808471.0872747812,475084.6741005728,-1333386.4131742087,310.950013598221,1635.8400292498825,1.023083228753789,53.6
44050000,88099.99993494347,80.54999993432283,-1811129.2705945112,472290.958276379,-1338838.3123181325,309.1214848729632,1637.6740199036756,1.0219375031351476,53.6
44075000,88149.99993477175,80.59999993415111,-1808562.384123561,473061.5144506513,-1335500.8696729096,309.62582539567484,1637.6591002782002,1.0219468133296827,53.6
44100000,88199.99993460004,80.6499999339794,-1811829.342555157,474718.861939236,-1337110.4806159209,310.7105840759839,1635.8048715338657,1.023105217482545,53.6
44125000,88249.99993442833,80.69999993380769,-1811607.4271546688,474191.8992132568,-1337415.5279414118,310.36567910274056,1634.2074556887296,1.024105289095215,53.6
44150000,88299.99993425662,80.74999993363598,-1810609.5766674504,475302.8784086756,-1335306.6982587748,311.0928315763008,1632.4152913178982,1.025229613904507,53.6
44175000,88349.9999340849,80.79999993346426,-1809636.520839205,472724.311602163,-1336912.209237042,309.40512109591754,1637.030574272576,1.022339182390247,53.6
44200000,88399.99993391319,80.84999993329255,-1814133.3112314995,473483.32505077287,-1340649.986180727,309.90190673231655,1632.9048712208175,1.0249222280771435,53.6
44225000,88449.99993374148,80.89999993312084,-1810415.8182729487,473386.7065469181,-1337029.1117260312,309.83866847874765,1636.5930106379374,1.0226125175722822,53.6
44250000,88499.99993356976,80.94999993294913,-1808420.0590192291,473440.7998514597,-1334979.2591677697,309.87407335434085,1635.418190293624,1.023347122334002,53.6
44275000,88549.99993339805,80.99999993277741,-1808923.667945168,473112.9430330105,-1335810.7249121575,309.6594861708076,1635.056173276093,1.0235737011385606,53.6
44300000,88599.99993322634,81.0499999326057,-1811285.6727358373,475685.5544429444,-1335600.1182928928,311.3432987551987,1638.21057180843,1.0216027949338435,53.6
44325000,88649.99993305463,81.09999993243399,-1809460.68469602,474256.42270636506,-1335204.2619896545,310.4079106925038,1637.4667718971743,1.0220668459187254,53.6
44350000,88699.99993288291,81.14999993226228,-1808691.9287361428,474313.067976038,-1334378.8607601048,310.44498586738376,1636.6930232053553,1.0225500293097272,53.6
44375000,88749.9999327112,81.19999993209056,-1810962.9409685435,472843.8485714575,-1338119.092397086,309.48335982735625,1636.6332166275738,1.022587395786982,53.6
44400000,88799.99993253949,81.24999993191885,-1809093.95440956,474455.1758230944,-1334638.778586466,310.5379975753667,1637.0553384740117,1.0223237171748367,53.6
44425000,88849.99993236778,81.29999993174714,-1810453.985416544,474433.1161232051,-1336020.8692933386,310.5235591723735,1640.209074509159,1.020358029265565,53.6
44450000,88899.99993219606,81.34999993157543,-1809786.654316987,472564.6594488882,-1337221.9948680988,309.300626377527,1641.2369833535226,1.0197189777127806,53.6
44475000,88949.99993202435,81.39999993140371,-1812750.3140705507,471050.9910910402,-1341699.3229795103,308.3099078338335,1633.4186604297254,1.0245998404410082,53.6
44500000,88999.99993185264,81.449999931232,-1814015.190968904,475773.6620083777,-1338241.528960526,311.40096647247765,1633.4941529838356,1.0245524881693429,53.6
44525000,89049.99993168093,81.49999993106029,-1810781.7205827425,473588.00938794366,-1337193.7111947986,309.9704241942372,1637.6540687093775,1.0219499531843217,53.6
44550000,89099.99993150921,81.54999993088857,-1811030.8361921888,475336.1934357751,-1335694.6427564137,311.1146367590279,1634.1067499032388,1.0241684020635506,53.6
44575000,89149.9999313375,81.59999993071686,-1810151.237021721,472491.38162651134,-1337659.8553952095,309.2526649485298,1638.56334347992,1.0213828507205167,53.6
44600000,89199.99993116579,81.64999993054515,-1810721.6992895184,472948.4167290974,-1337773.2825604212,309.55180124803906,1638.1866366206125,1.0216177213495674,53.6
44625000,89249.99993099408,81.69999993037344,-1808282.0869316384,474702.48762725765,-1333579.5993043808,310.69986684427784,1638.7103544437896,1.0212912210576193,53.6
44650000,89299.99993082236,81.74999993020172,-1809756.1823260807,473840.32960212056,-1335915.8527239608,310.1355715422925,1637.3053257487534,1.0221676266058135,53.6
44675000,89349.99993065065,81.79999993003001,-1807429.744237409,474372.1583967963,-1333057.5858406126,310.4836614301624,1638.1431739282953,1.0216448265851754,53.6
44700000,89399.99993047894,81.8499999298583,-1808400.5132494248,475105.0894347055,-1333295.4238147198,310.96337573927127,1638.7414950524628,1.021271813707313,53.6
44725000,89449.99993030723,81.89999992968659,-1809345.0638625568,473246.9998557066,-1336098.06400685,309.74722836312145,1634.8583166373724,1.0236975778378006,53.6
44750000,89499.99993013551,81.94999992951487,-1811426.9734569264,470992.4706666232,-1340434.5027903034,308.271605342172,1634.9346178668184,1.0236498026039065,53.6
44775000,89549.9999299638,81.99999992934316,-1808506.544000227,474381.5574131652,-1334124.9865870618,310.48981322673046,1638.450534345262,1.0214531740614594,53.6
44800000,89599.99992979209,82.04999992917145,-1809348.4543383764,473135.61851777264,-1336212.8358206037,309.67432761419553,1638.618941058762,1.021348195675254,53.6
44825000,89649.99992962038,82.09999992899974,-1809143.550391332,473132.88498694287,-1336010.6654043894,309.67253847744786,1634.6854672035108,1.023805822237304,53.6
44850000,89699.99992944866,82.14999992882802,-1810752.980657732,474923.7697610584,-1335829.2108966736,310.8446993052379,1635.0394595153302,1.0235841643514598,53.6
44875000,89749.99992927695,82.19999992865631,-1811693.9662626348,473963.0691938835,-1337730.8970687513,310.21590643796134,1636.5853708781356,1.0226172912395433,53.6
44900000,89799.99992910524,82.2499999284846,-1809653.624461974,473725.722776659,-1335927.901685315,310.06055966361384,1638.73260642541,1.0212773531737491,53.6
44925000,89849.99992893352,82.29999992831289,-1811507.8650101156,474805.1381702719,-1336702.7268398434,310.76705315755254,1636.6787792914004,1.0225589284992422,53.6
44950000,89899.99992876181,82.34999992814117,-1809227.153123702,473267.35912510287,-1335959.793998599,309.7605538089646,1635.1829785970192,1.0234943249504742,53.6
44975000,89949.9999285901,82.39999992796946,-1810370.7836852744,474483.0502373414,-1335887.733447933,310.5562417957376,1635.7221301894513,1.0231569702219676,53.6
45000000,89999.99992841839,82.44999992779775,-1811951.3707196284,471356.4604654642,-1340594.910254164,308.5098421009425,1634.9912791101854,1.023614327631453,53.6
45025000,90049.99992824667,82.49999992762604,-1809065.4347528543,475809.4272463898,-1333256.0075064646,311.42437535483583,1640.7493630147362,1.020022031746863,53.6
45050000,90099.99992807496,82.54999992745432,-1809383.5035480624,474106.4514737937,-1335277.0520742687,310.30975228127807,1642.0378886076269,1.0192216089902766,53.6
45075000,90149.99992790323,82.5999999272826,-1807920.5908490475,473611.707008522,-1334308.8838405255,309.9859346407804,1640.310017720623,1.0202952373450112,53.6
45100000,90199.99992773154,82.6499999271109,-1812152.0064038576,474085.7744579981,-1338066.2319458595,310.29621886567173,1640.2373416438754,1.0203404448604672,53.6
45125000,90249.99992755982,82.69999992693919,-1810844.3765990008,474452.7401155213,-1336391.6364834795,310.5364033683878,1636.7790796785864,1.0224962669844888,53.6
45150000,90299.99992738813,82.74999992676749,-1810361.391847047,473469.7876885568,-1336891.6041584902,309.89304632659383,1634.7499628486405,1.0237654301171064,53.6
45175000,90349.9999272164,82.79999992659576,-1811828.4741351595,475571.4289640585,-1336257.045171101,311.26860192504176,1640.7581101843648,1.0200165938302794,53.6
45200000,90399.99992704469,82.84999992642405,-1810369.0895241983,473213.23562616034,-1337155.853898038,309.7251291706851,1637.5432529537875,1.0220191105369796,53.6
45225000,90449.99992687296,82.89999992625232,-1810876.503663118,474838.18915035616,-1336038.3145127618,310.7886855175652,1636.6404616086495,1.022582869058904,53.6
45250000,90499.99992670126,82.94999992608062,-1813114.35963946,473674.28175004193,-1339440.0778894182,310.02689074352844,1636.29056446538,1.0228015336606626,53.6
45275000,90549.99992652956,82.99999992590892,-1810910.6570542548,476687.92637404735,-1334222.7306802075,311.9993661524412,1636.5004181587017,1.022670376542099,53.6
45300000,90599.99992635784,83.0499999257372,-1807784.887610876,475948.7097310914,-1331836.1778797847,311.5155378209667,1637.9561691937072,1.0217614673251612,53.6
45325000,90649.99992618612,83.09999992556548,-1811565.375945406,474585.8680923668,-1336979.5078530393,310.62353761722204,1635.0079561718985,1.023603886777482,53.6
45350000,90699.9999260144,83.14999992539376,-1810837.8728328515,474993.6528166634,-1335844.220016188,310.8904388086891,1637.75412316732,1.0218875197291624,53.6
45375000,90749.9999258427,83.19999992522206,-1806696.879677872,473673.533772158,-1333023.3459057142,310.02640118083394,1638.6831555816254,1.0213081724487754,53.6
45400000,90799.999925671,83.24999992505036,-1810252.8120200587,473973.9324494027,-1336278.879570656,310.2230166009187,1633.744333611726,1.0243955950866717,53.6
45425000,90849.99992549929,83.29999992487865,-1810526.5654992545,474591.31509681855,-1335935.250402436,310.6271027629754,1639.3950714863029,1.0208646640204595,53.6
45450000,90899.99992532756,83.34999992470692,-1810925.9431986315,474990.7882580739,-1335935.1549405577,310.8885639123161,1639.62355734056,1.0207224038450704,53.6
45475000,90949.99992515583,83.3999999245352,-1810389.9818258656,473603.119389496,-1336786.8624363698,309.9803139158896,1640.2126440875354,1.0203558086705888,53.6
45500000,90999.99992498412,83.44999992436348,-1808503.187475616,473754.5768464031,-1334748.610629213,310.0794450831368,1635.9114285864607,1.0230385762973533,53.6
45525000,91049.99992481242,83.49999992419178,-1810352.1488235155,473004.17834793904,-1337347.9704755764,309.5882980602545,1636.387141474861,1.0227411695139947,53.6
45550000,91099.99992464072,83.54999992402009,-1811884.7849948667,473273.1376692155,-1338611.6473256513,309.7643359523768,1633.803163391937,1.0243587087780526,53.6
45575000,91149.999924469,83.59999992384836,-1809788.710205569,473907.2658793402,-1335881.4443262287,310.17938233528656,1635.0670456029277,1.0235668949174652,53.6
45600000,91199.99992429728,83.64999992367665,-1811182.4356264,474603.7671767695,-1336578.6684496305,310.6352528352492,1634.346134730111,1.024018390771324,53.6
45625000,91249.99992412556,83.69999992350492,-1809155.010745316,474587.58824254846,-1334567.4225027673,310.62466348120284,1637.4762542717708,1.0220609272859085,53.6
45650000,91299.99992395386,83.74999992333322,-1811143.0374079505,472772.0075086018,-1338371.0298993487,309.4363387789207,1638.993429039709,1.0211148313329292,53.6
45675000,91349.99992378216,83.79999992316152,-1807333.28213951,473090.50358774426,-1334242.7785517655,309.6447992187945,1640.6490205816683,1.0200844165050678,53.6
45700000,91399.99992361043,83.8499999229898,-1809650.0017343303,474889.619415227,-1334760.3823191037,310.822347393927,1637.5124147937363,1.0220383575293208,53.6
45725000,91449.99992343872,83.89999992281808,-1809926.3526098125,474005.04132098926,-1335921.311288823,310.2433778219182,1636.4089927298282,1.022727512672606,53.6
45750000,91499.999923267,83.94999992264636,-1809402.1478041168,471943.9906531282,-1337458.1571509887,308.8943893823073,1636.0982165882392,1.022921779316908,53.6
45775000,91549.9999230953,83.99999992247466,-1812461.8322220435,473764.3386790388,-1338697.4935430046,310.0858343483695,1635.1993381290636,1.0234840852886693,53.6
45800000,91599.99992292358,84.04999992230294,-1810573.012178124,474376.4953183731,-1336196.5168597507,310.4865000100972,1634.0704486375982,1.0241911542094295,53.6
45825000,91649.99992275189,84.09999992213125,-1810596.8074983216,473187.8783815773,-1337408.9291167443,309.70853247544784,1637.454769316768,1.0220743376917678,53.6
45850000,91699.99992258016,84.14999992195952,-1810825.8770669063,475042.0833263114,-1335783.7937405952,310.92213730046245,1639.0365467765405,1.021087969112768,53.6
45875000,91749.99992240845,84.1999999217878,-1808816.3784293383,474979.3115237544,-1333837.066905584,310.8810522183229,1636.12084025349,1.022907634738254,53.6
45900000,91799.99992223672,84.24999992161608,-1808488.9644548744,474753.2205851245,-1333735.7438697498,310.7330723227927,1637.7980741923077,1.0218600969322853,53.6
45925000,91849.99992206502,84.29999992144438,-1806539.944093397,471803.0993344402,-1334736.8447589567,308.8021739103078,1640.0845390164995,1.0204355074606462,53.6
45950000,91899.99992189332,84.34999992127268,-1811417.5779777665,475694.5475073234,-1335723.030470443,311.3491848501275,1634.1524709479063,1.0241397474244698,53.6
45975000,91949.9999217216,84.39999992110096,-1806306.803386232,472836.67572901066,-1333470.1276572212,309.4786650948634,1637.137985456951,1.022272107615006,53.6
46000000,91999.99992154988,84.44999992092924,-1809938.950400693,476954.69940557337,-1332984.25099512,312.1739730852741,1634.239267598029,1.024085353982153,53.6
46025000,92049.99992137816,84.49999992075752,-1809123.357498535,471015.3793016124,-1338107.9781969227,308.28659938586514,1635.520897055164,1.0232828586067362,53.6
46050000,92099.99992120646,84.54999992058582,-1810189.8067365428,473215.4059944764,-1336974.4007420666,309.7265497091578,1634.8047302756092,1.0237311330555745,53.6
46075000,92149.99992103476,84.59999992041412,-1811286.2500858416,475386.99226178543,-1335899.2578240563,311.14788534922627,1637.2071878536603,1.022228897641057,53.6
46100000,92199.99992086305,84.64999992024241,-1809262.2999231557,473316.7722338669,-1335945.5276892886,309.7928954265324,1636.192152183326,1.0228630522499564,53.6
46125000,92249.99992069132,84.69999992007068,-1808444.920330435,473060.51372575545,-1335384.4066046795,309.6251704062868,1638.32546655973,1.021531150561924,53.6
46150000,92299.9999205196,84.74999991989897,-1808493.2111995704,475238.36122976575,-1333254.8499698048,311.05060411927474,1635.5725367358186,1.0232505506541074,53.6
46175000,92349.9999203479,84.79999991972726,-1809272.7177807884,472350.7061300904,-1336922.011650698,309.160590735427,1636.9390334646785,1.0223963535815914,53.6
46200000,92399.99992017618,84.84999991955554,-1812078.5003538372,476679.9369376541,-1335398.5634161832,311.9941369470162,1637.6788428796965,1.0219344935218198,53.6
46225000,92449.99992000448,84.89999991938384,-1809820.1802471664,476324.7891073625,-1333495.3911398037,311.76168738869774,1638.9222267472562,1.0211591932408113,53.6
46250000,92499.99991983276,84.94999991921212,-1810975.3594735384,474848.0977246389,-1336127.2617488997,310.7951708273972,1635.862544600948,1.0230691474496223,53.6
46275000,92549.99991966104,84.9999999190404,-1808869.064057381,473286.1214173418,-1335582.9426400391,309.7728340094108,1636.8377064636306,1.0224596441301788,53.6
46300000,92599.99991948932,85.04999991886868,-1811135.6793783307,473913.5970150485,-1337222.0823632823,310.1835261581499,1635.4521085495046,1.0233258987534593,53.6
46325000,92649.99991931762,85.09999991869698,-1813872.3473797287,474307.443086894,-1339564.9042928352,310.441304293443,1637.3497112035252,1.02213991757417,53.6
46350000,92699.9999191459,85.14999991852527,-1812871.2298068895,472970.6982613739,-1339900.531545516,309.5663848436423,1636.46075002639,1.022695166274335,53.6
46375000,92749.9999189742,85.19999991835356,-1811916.3195847208,474116.48789642734,-1337799.8316882935,310.31632126976484,1633.2711921885116,1.0246923516768278,53.6
46400000,92799.99991880248,85.24999991818184,-1810415.8387896083,473905.51010190014,-1336510.328687708,310.1782331527331,1638.2889808735194,1.0215539006783252,53.6
46425000,92849.99991863075,85.29999991801012,-1811149.8243009744,473242.0316131206,-1337907.792687854,309.7439765741586,1636.7684123861616,1.0225029308879467,53.6
46450000,92899.99991845906,85.34999991783842,-1813358.7983558213,473084.23834209744,-1340274.560013724,309.6406985219603,1634.5558418036137,1.0238870132469535,53.6
46475000,92949.99991828734,85.3999999176667,-1810827.5930167744,474902.3856678843,-1335925.20734889,310.8307030969286,1638.0906603496137,1.0216775782681464,53.6
46500000,92999.99991811565,85.449999917495,-1810574.506788496,474151.9849977189,-1336422.521790777,310.33955465263534,1637.2462691508283,1.0222044968944648,53.6
46525000,93049.99991794392,85.49999991732328,-1807523.827086715,474313.4962784732,-1333210.330808242,310.4452661977234,1638.591748488965,1.021365145035657,53.6
46550000,93099.9999177722,85.54999991715157,-1811113.9966346584,471990.449264646,-1339123.5473700124,308.9247972373082,1638.7686600669706,1.0212548846163974,53.6
46575000,93149.9999176005,85.59999991697985,-1808635.2573365364,474356.2438456672,-1334279.0134908692,310.4732451187977,1637.002152288041,1.0223569324636912,53.6
46600000,93199.99991742878,85.64999991680814,-1808613.764305994,473135.5707476016,-1335478.1935583923,309.6742963479052,1640.94403446131,1.01990102264461,53.6
46625000,93249.99991725708,85.69999991663644,-1809657.8395685945,471796.5035308394,-1337861.336037755,308.7978568583565,1637.8138969363197,1.0218502248517274,53.6
46650000,93299.99991708536,85.74999991646472,-1808296.5419134095,474700.4693474802,-1333596.0725659295,310.6985458500247,1638.12029165917,1.0216590975468327,53.6
46675000,93349.99991691364,85.799999916293,-1806726.0186824205,474011.6857609776,-1332714.3329214426,310.2477267071115,1635.9229711607654,1.0230313580486998,53.6
46700000,93399.99991674192,85.84999991612128,-1812256.6666118784,471389.4478173716,-1340867.2187945065,308.53143281536313,1632.0494079231628,1.025459456512027,53.6
46725000,93449.99991657022,85.89999991594958,-1810574.5345006948,472520.8429051799,-1338053.691595515,309.2719477953612,1635.6842478212886,1.0231806664879712,53.6
46750000,93499.9999163985,85.94999991577787,-1809984.7279705647,472638.4372173403,-1337346.2907532244,309.3489150286961,1634.927723902554,1.0236541190058217,53.6
46775000,93549.9999162268,85.99999991560617,-1810035.5277375365,472917.1419938856,-1337118.3857436508,309.53133146681995,1636.828887720132,1.0224651528363162,53.6
46800000,93599.99991605508,86.04999991543444,-1810636.2107877692,473835.424865873,-1336800.7859218963,310.1323613191764,1639.0447470488596,1.0210828605277684,53.6
46825000,93649.99991588337,86.09999991526273,-1810123.83222833,472865.38311695086,-1337258.4491113792,309.49745450895523,1636.9610827638048,1.0223825822566266,53.6
46850000,93699.99991571164,86.149999915091,-1809564.526376556,473552.3379416088,-1336012.1884349468,309.9470766999323,1638.464162275646,1.0214446781217452,53.6
46875000,93749.99991553994,86.1999999149193,-1811296.137887272,475260.3126914837,-1336035.8251957884,311.0649716787684,1638.163845979347,1.0216319344107672,53.6
46900000,93799.99991536824,86.2499999147476,-1810358.1807693448,474595.74251076905,-1335762.4382585755,310.6300005715202,1637.0317242543126,1.022338464217611,53.6
46925000,93849.99991519652,86.29999991457588,-1810369.070108842,474569.4445737107,-1335799.6255351314,310.61278817901064,1631.5144779508094,1.0257956772481192,53.6
46950000,93899.9999150248,86.34999991440417,-1809424.7607970685,474969.7894419058,-1334454.9713551626,310.8748198735605,1637.6953144822576,1.0219242151149193,53.6
46975000,93949.99991485308,86.39999991423244,-1806470.0111741533,475544.5518481779,-1330925.4593259755,311.2510104513442,1637.34328628474,1.0221439284410496,53.6
47000000,93999.99991468138,86.44999991406074,-1807868.5603918403,474508.6611406375,-1333359.899251203,310.57300451439033,1637.65388342194,1.0219500688097842,53.6
47025000,94049.99991450968,86.49999991388904,-1812117.0267676287,474882.9665167366,-1337234.0602508923,310.8179929725179,1635.9287354505586,1.0230277533383678,53.6
47050000,94099.99991433795,86.54999991371731,-1809596.829447709,471859.2087917762,-1337737.6206559327,308.83889838801207,1638.1266977855823,1.0216551022042637,53.6
47075000,94149.99991416624,86.5999999135456,-1810565.698600458,472711.1195718885,-1337854.5790285694,309.39648671510747,1638.0998826913058,1.021671826323576,53.6
47100000,94199.99991399451,86.64999991337388,-1811026.089688552,475936.8878004456,-1335089.201888106,311.5078001908231,1633.60018047418,1.0244859904238448,53.6
47125000,94249.99991382282,86.69999991320218,-1810414.1622316856,477199.0586745448,-1333215.1035571408,312.33390987581225,1638.321381976042,1.0215336973940172,53.6
47150000,94299.9999136511,86.74999991303046,-1808940.9892725567,474223.56625541486,-1334717.4230171423,310.3864056547143,1640.6028016961147,1.0201131542134592,53.6
47175000,94349.9999134794,86.79999991285877,-1810616.2943239184,472697.97555742704,-1337918.3187664915,309.38788376136387,1637.5097734166354,1.0220400061232755,53.6
47200000,94399.99991330768,86.84999991268704,-1810775.226755482,474841.1312216718,-1335934.0955338103,310.79061114717507,1636.7291744186284,1.0225274437624237,53.6
47225000,94449.99991313597,86.89999991251533,-1809687.3144218875,474738.7370936101,-1334948.5773282775,310.7235926613157,1639.8240086856167,1.0205976312001424,53.6
47250000,94499.99991296424,86.9499999123436,-1809682.43594833,474149.0326441899,-1335533.40330414,310.3376222931633,1639.0146612144908,1.0211016035753722,53.6
47275000,94549.99991279254,86.9999999121719,-1810159.028926132,473134.5399632355,-1337024.4889628966,309.673621684145,1641.2228322299925,1.019727770040633,53.6
47300000,94599.99991262084,87.0499999120002,-1808670.450594656,474862.5213757083,-1333807.929218948,310.8046113224093,1639.2834363507768,1.0209341848626732,53.6
47325000,94649.99991244912,87.09999991182848,-1809126.405970674,473755.6887379425,-1335370.7172327316,310.0801728327531,1636.702895073822,1.022543861739901,53.6
47350000,94699.9999122774,87.14999991165676,-1807399.2579681997,471472.92803089606,-1335926.3299373034,308.5860718617179,1640.537318366229,1.0201538728276902,53.6
47375000,94749.99991210568,87.19999991148504,-1808592.7401904487,475576.4599075009,-1333016.2802829482,311.27189475265146,1638.418026524835,1.021473440694162,53.6
47400000,94799.99991193398,87.24999991131334,-1811654.9489037413,472955.3605878806,-1338699.5883158608,309.5563461073048,1638.1389136785324,1.0216474835406348,53.6
47425000,94849.99991176226,87.29999991114163,-1808324.2205992376,473496.0342290549,-1334828.1863701828,309.9102250792872,1637.438406398134,1.0220845512785264,53.6
47450000,94899.99991159057,87.34999991096993,-1809733.5918347423,475990.54681786586,-1333743.045016877,311.54292081901025,1636.814696353032,1.0224740177239318,53.6
47475000,94949.99991141884,87.3999999107982,-1810656.4607426887,471925.0066774839,-1338731.4540652048,308.881964086762,1635.883428069803,1.0230560870858394,53.6
47500000,94999.99991124713,87.44999991062649,-1807025.1515441984,474867.27039649646,-1332157.881147702,310.8077196274319,1637.8239720053166,1.021843938943293,53.6
47525000,95049.9999110754,87.49999991045476,-1811689.1436129408,474436.8422393926,-1337252.3013735483,310.52599797105995,1633.750032872384,1.0243920215304996,53.6
47550000,95099.9999109037,87.54999991028306,-1809617.876828989,473607.7061900282,-1336010.1706389608,309.98331604533223,1640.2901582211305,1.0203075903745322,53.6
47575000,95149.999910732,87.59999991011136,-1809937.5904054027,474657.4351982557,-1335280.155207147,310.6703793567319,1637.1005057458754,1.022295511470236,53.6
47600000,95199.99991056028,87.64999990993964,-1808852.1979053123,472607.1053442461,-1336245.0925610662,309.32840784987974,1637.599584300471,1.0219839543770826,53.6
47625000,95249.99991038856,87.69999990976793,-1808308.2325002488,474799.3871894821,-1333508.8453107665,310.76328905474674,1635.897566131896,1.023047245437815,53.6
47650000,95299.99991021684,87.7499999095962,-1808761.4831023328,473600.7051853691,-1335160.7779169637,309.9787337832375,1633.8299046958937,1.0243419428420677,53.6
47675000,95349.99991004514,87.7999999094245,-1810784.5260775527,474368.5738115166,-1336415.952266036,310.4813152655684,1633.5648836776795,1.0245081267184497,53.6
47700000,95399.99990987344,87.8499999092528,-1810546.3393172424,473474.88284937537,-1337071.4564678674,309.89638118543525,1636.9761491205963,1.0223731724794771,53.6
47725000,95449.99990970171,87.89999990908107,-1808429.4575662415,473685.8435043622,-1334743.6140618797,310.0344580843818,1639.2405509043597,1.0209608943155697,53.6
47750000,95499.99990953,87.94999990890936,-1810489.75432288,473910.6710041165,-1336579.0833187634,310.18161104030105,1636.0077969423469,1.02297831463736,53.6
47775000,95549.99990935827,87.99999990873764,-1811412.3246316656,473559.5990086255,-1337852.7256230405,309.9518291767237,1637.1884844878043,1.0222405756617872,53.6
47800000,95599.99990918658,88.04999990856594,-1812076.597985791,474573.1860541587,-1337503.4119316323,310.6152370338351,1635.5492906206412,1.023265094147411,53.6
47825000,95649.99990901486,88.09999990839422,-1809549.4033927184,474954.59982480167,-1334594.8035679166,310.8648780423406,1637.817139917678,1.0218482015237569,53.6
47850000,95699.99990884317,88.14999990822253,-1808188.1400252124,473311.47816997167,-1334876.6618552408,309.78943038265714,1637.287004825458,1.022179064462846,53.6
47875000,95749.99990867144,88.1999999080508,-1808104.2839253836,476553.6389345743,-1331550.644990809,311.91147301800305,1638.567800151002,1.0213800727046092,53.6
47900000,95799.99990849973,88.24999990787909,-1813627.005084116,475020.2302520136,-1338606.7748321025,310.9078341370044,1635.2377894858798,1.023460018848906,53.6
47925000,95849.999908328,88.29999990770736,-1809347.50895538,475345.5543530476,-1334001.9546023323,311.1207636191686,1637.722043670712,1.0219075363353682,53.6
47950000,95899.9999081563,88.34999990753566,-1809248.072185743,471637.5790943649,-1337610.493091378,308.6938384414788,1635.5918287615432,1.023238481276162,53.6
47975000,95949.9999079846,88.39999990736396,-1810174.101167584,474010.5442576645,-1336163.5569099193,310.2469795761471,1637.943213664094,1.0217695490833305,53.6
48000000,95999.99990781287,88.44999990719224,-1815165.8157903552,475267.1346226309,-1339898.6811677243,311.0694367345756,1631.690942431388,1.025684739265528,53.6
48025000,96049.99990764116,88.49999990702052,-1811815.9546430912,473378.7626375029,-1338437.1920055882,309.8334690714097,1634.4935653154575,1.0239260247724846,53.6
48050000,96099.99990746944,88.5499999068488,-1806836.2407241852,472159.8929043599,-1334676.3478198256,309.0357006297886,1637.6263592713033,1.0219672450768111,53.6
48075000,96149.99990729774,88.5999999066771,-1809975.0757965883,472461.5619485542,-1337513.5138480342,309.23314752401217,1637.6536728912656,1.0219502001878895,53.6
48100000,96199.99990712602,88.64999990650539,-1810986.8933541544,474986.5939778602,-1336000.299376294,310.8858186932834,1636.31834660331,1.022784168083028,53.6
48125000,96249.99990695433,88.69999990633369,-1810588.4821262592,475470.0175765791,-1335118.4645496802,311.2022266575688,1638.6613089861746,1.0213217885061947,53.6
48150000,96299.9999067826,88.74999990616196,-1809771.360363367,474274.5665720377,-1335496.7937913293,310.41978612352733,1636.6995385918408,1.0225459587344723,53.6
48175000,96349.99990661089,88.79999990599025,-1809067.205319796,474512.4544324376,-1334554.750887358,310.5754872805184,1638.57046414024,1.0213784121440284,53.6
48200000,96399.99990643916,88.84999990581852,-1810232.647403089,473044.70061515074,-1337187.9467879385,309.6148204892601,1634.089479695721,1.0241792261959233,53.6
48225000,96449.99990626746,88.89999990564682,-1809884.239098376,473543.0134305552,-1336341.2256678203,309.9409736682057,1637.2606383467646,1.022195525655336,53.6
48250000,96499.99990609576,88.94999990547512,-1808785.8276677115,472460.6569821864,-1336325.170685525,309.2325552100106,1639.1076041401927,1.021043703672867,53.6
48275000,96549.99990592404,88.9999999053034,-1809855.533864608,473644.6837979781,-1336210.85006663,310.00751844191893,1636.85706214241,1.02244755364232,53.6
48300000,96599.99990575232,89.04999990513168,-1811525.75864599,474602.7077649763,-1336923.0508810135,310.63455943441045,1636.0964711851095,1.0229228705794997,53.6
48325000,96649.9999055806,89.09999990495996,-1809617.4689439312,471586.89058205375,-1338030.5783618777,308.6606620532438,1637.003658136012,1.022355992017343,53.6
48350000,96699.9999054089,89.14999990478826,-1812616.153171833,474741.8682874553,-1337874.2848843774,310.72564207444526,1636.5614514521512,1.0226322374663324,53.6
48375000,96749.9999052372,89.19999990461656,-1808751.4955044596,472408.272201568,-1336343.2233028917,309.19826858883835,1635.6507951815888,1.0232015927726552,53.6
48400000,96799.99990506547,89.24999990444483,-1810784.30690635,475681.6948830193,-1335102.6120233308,311.34077261559327,1636.3438470502228,1.0227682292243163,53.6
48425000,96849.99990489376,89.29999990427312,-1810530.222144785,474197.514443909,-1336332.7077008763,310.36935435505416,1635.6849968591107,1.0231801979374744,53.6
48450000,96899.99990472203,89.3499999041014,-1810859.799718361,475290.557498453,-1335569.2422199084,311.084767356573,1638.7458271678795,1.0212691139186725,53.6
48475000,96949.99990455034,89.3999999039297,-1810862.4686580736,473797.59961367527,-1337064.8690443984,310.1076041267717,1634.461567443601,1.0239460701833916,53.6
48500000,96999.99990437862,89.44999990375798,-1807339.0696060937,472810.3497260756,-1334528.7198800182,309.4614343328184,1638.3346289093702,1.0215254376718923,53.6
48525000,97049.99990420692,89.49999990358629,-1810214.1273733024,472023.0185728071,-1338191.1088004953,308.9461143358544,1636.6990768158105,1.0225462472341849,53.6
48550000,97099.9999040352,89.54999990341456,-1812458.5618193112,475348.5972105489,-1337109.9646087624,311.122755214842,1635.4233755987664,1.0233438776897257,53.6
48575000,97149.99990386349,89.59999990324285,-1810145.4446731557,474756.9584556748,-1335388.4862174806,310.73551881488515,1636.0633452499508,1.0229435820493713,53.6
48600000,97199.99990369176,89.64999990307112,-1807611.367496048,475211.6857495847,-1332399.6817464633,311.0331446191535,1638.4788554944282,1.0214355182170691,53.6
48625000,97249.99990352006,89.69999990289942,-1810201.5562487,474600.8982969696,-1335600.6579517308,310.6333751105794,1635.2847646155285,1.023430618974269,53.6
48650000,97299.99990334836,89.74999990272772,-1811554.5401706607,473784.1352652061,-1337770.4049054552,310.09879150963667,1638.4326227504512,1.0214643407430293,53.6
48675000,97349.99990317663,89.799999902556,-1808077.7439443024,471423.837831143,-1336653.9061131591,308.5539415929197,1637.244523707905,1.0222055866520297,53.6
48700000,97399.99990300492,89.84999990238428,-1809948.7802289731,476849.2161190048,-1333099.5641099685,312.1049326990419,1636.3639145293655,1.022755686549716,53.6
48725000,97449.9999028332,89.89999990221256,-1807920.721091859,475812.4552224817,-1332108.2658693774,311.4263572104045,1639.816993056222,1.020601997623208,53.6
48750000,97499.9999026615,89.94999990204086,-1810608.149181081,473651.5894984064,-1336956.5596826747,310.0120383259715,1633.5333988898535,1.0245278731289105,53.6
48775000,97549.99990248978,89.99999990186915,-1809116.7813303184,474130.1136580514,-1334986.6676722667,310.32523953422015,1635.5431835184943,1.0232689150091998,53.6
48800000,97599.99990231809,90.04999990169745,-1810990.700720236,475650.43491929554,-1335340.26580094,311.3203125025337,1636.8269185668275,1.0224663828934537,53.6
48825000,97649.99990214636,90.09999990152572,-1809114.3541918164,474482.79683806497,-1334631.5573537515,310.5560759421272,1641.015975276283,1.0198563110075105,53.6
48850000,97699.99990197465,90.14999990135401,-1808269.481899879,473501.3642671589,-1334768.1176327202,309.9137136688193,1635.5183975706525,1.0232844224409676,53.6
48875000,97749.99990180292,90.19999990118228,-1810139.2624360595,473548.6400614663,-1336590.622374593,309.94465638215894,1640.6976375465947,1.0200541894801949,53.6
48900000,97799.99990163122,90.24999990101058,-1809674.7392280707,473481.1513321036,-1336193.587895967,309.9004840009876,1637.9606095753663,1.0217586974106387,53.6
48925000,97849.99990145952,90.29999990083888,-1810460.9314954365,473069.7517977025,-1337391.1796977338,309.63121686232745,1639.3634872722737,1.0208843321467134,53.6
48950000,97899.9999012878,90.34999990066716,-1810847.2567278843,475571.1502254967,-1335276.106502388,311.26841948649064,1640.8329990695577,1.0199700394852402,53.6
48975000,97949.99990111608,90.39999990049544,-1811937.69730582,473993.86763026216,-1337943.8296755578,310.2360644744816,1638.2189222787706,1.0215975875322425,53.6
49000000,97999.99990094436,90.44999990032372,-1810788.7871090584,475635.211345083,-1335153.5757639753,311.31034844587924,1635.4037380223508,1.023356165782953,53.6
49025000,98049.99990077266,90.49999990015202,-1809075.092373589,474909.6394045977,-1334165.4529689914,310.835450775927,1636.105159053195,1.0229174387654674,53.6
49050000,98099.99990060096,90.54999989998032,-1811473.6774965776,474828.8674277748,-1336644.810068803,310.78258431093525,1636.3985549941826,1.0227340361197104,53.6
49075000,98149.99990042923,90.5999998998086,-1806613.267748828,474198.3151369481,-1332414.95261188,310.369878420605,1639.1063739440938,1.021044469995298,53.6
49100000,98199.99990025752,90.64999989963688,-1809501.902016498,475521.43571957375,-1333980.4662969245,311.2358805999816,1638.864841545479,1.0211949493476389,53.6
49125000,98249.9999000858,90.69999989946515,-1810625.547769091,474549.3554393922,-1336076.192329699,310.59963954060987,1635.8106238311734,1.0231016197522804,53.6
49150000,98299.9998999141,90.74999989929346,-1808212.2207597247,474192.028617386,-1334020.1921423392,310.36576379967545,1639.3191974888346,1.0209119135634726,53.6
49175000,98349.99989974238,90.79999989912174,-1810392.7702656472,475079.47406261234,-1335313.296203035,310.94661009572417,1638.8683397716904,1.0211927695685483,53.6
49200000,98399.99989957068,90.84999989895005,-1811442.4870216409,474207.44107578543,-1337235.045945855,310.37585148385085,1636.875826106502,1.022435833040869,53.6
49225000,98449.99989939896,90.89999989877832,-1810698.300815523,475262.301007446,-1335435.9998080768,311.0662730612571,1633.3004750776229,1.0246739803159144,53.6
49250000,98499.99989922724,90.9499998986066,-1808824.8665221296,475491.2381023643,-1333333.6284197653,311.2161158085795,1636.8922571042842,1.022425569909113,53.6
49275000,98549.99989905552,90.99999989843488,-1808145.5084177216,472809.1077192813,-1335336.4006984406,309.46062142082474,1638.990754296609,1.0211164977363805,53.6
49300000,98599.99989888382,91.04999989826318,-1810172.7478308172,473802.662104776,-1336370.085726041,310.1109176027949,1638.0097528804658,1.0217280427705693,53.6
49325000,98649.9998987121,91.09999989809147,-1809813.012632384,471747.79583701806,-1338065.2167953658,308.76597694540254,1635.7505457440134,1.02313919637938,53.6
49350000,98699.9998985404,91.14999989791976,-1807355.502548188,473662.386731564,-1333693.115816624,310.0191052763073,1636.6725371211155,1.0225628284772847,53.6
49375000,98749.99989836868,91.19999989774804,-1810969.398281573,474352.44706237386,-1336616.9512191997,310.47076006743515,1635.268005187991,1.023441107842909,53.6
49400000,98799.99989819695,91.24999989757632,-1808183.3505994452,473077.18384007935,-1335106.1667593662,309.63608124504515,1638.33551048993,1.0215248879939045,53.6
49425000,98849.99989802526,91.29999989740462,-1809025.3963592465,473748.0882049034,-1335277.3081543427,310.0751981703809,1639.4269109968438,1.0208448376829675,53.6
49450000,98899.99989785354,91.3499998972329,-1808303.9311315415,473838.2590246412,-1334465.6721069005,310.1342163184125,1638.018817364107,1.021722388722501,53.6
49475000,98949.99989768185,91.3999998970612,-1809463.868840852,474522.12655785785,-1334941.742282994,310.581817831039,1639.1272497078442,1.0210314660731572,53.6
49500000,98999.99989751012,91.44999989688948,-1811697.6439271483,471683.4502626838,-1340014.1936644646,308.7238618061337,1638.1407080251747,1.021646364473315,53.6
49525000,99049.9998973384,91.49999989671777,-1810542.7562290055,473914.0973697596,-1336628.6588592462,310.1838536477801,1640.0261556961834,1.0204718339624446,53.6
49550000,99099.9998971667,91.54999989654605,-1809093.8806817916,473895.00827664026,-1335198.8724051511,310.17135955127765,1638.526259703948,1.0214059670621642,53.6
49575000,99149.99989699498,91.59999989637434,-1810033.8852564285,472884.2307088407,-1337149.6545475875,309.5097905392966,1636.535128971536,1.0226486857641848,53.6
49600000,99199.99989682328,91.64999989620264,-1812436.4593905872,474015.6271044729,-1338420.8322861143,310.25030637528494,1631.6557896962909,1.0257068368330178,53.6
49625000,99249.99989665156,91.69999989603092,-1811060.369985796,474139.2343113216,-1336921.135674474,310.3312091379834,1638.2883652783537,1.0215542845323868,53.6
49650000,99299.99989647984,91.7499998958592,-1810334.6184127096,472424.845192448,-1337909.7732202618,309.2091158588524,1639.017307929159,1.0210999546821125,53.6
49675000,99349.99989630812,91.79999989568748,-1806630.268678723,472417.2694042945,-1334212.9992744285,309.20415739237734,1640.6715439665963,1.0200704126332651,53.6
49700000,99399.99989613642,91.84999989551578,-1808161.8335795617,474588.0172622168,-1333573.8163173448,310.62494428098233,1638.954527396372,1.021139068152384,53.6
49725000,99449.9998959647,91.89999989534407,-1809666.1462433413,472527.3306010172,-1337138.815642324,309.2761940891669,1638.5455799209574,1.0213939235858154,53.6
49750000,99499.999895793,91.94999989517235,-1811316.9730767729,471732.62641219294,-1339584.34666458,308.7560483303308,1637.9279664155774,1.0217790605969994,53.6
49775000,99549.99989562128,91.99999989500064,-1810523.507107288,474705.35386422736,-1335818.1532430602,310.7017428391758,1634.9387038302768,1.0236472443454974,53.6
49800000,99599.99989544955,92.04999989482891,-1810069.1227311147,473339.82411664905,-1336729.2986144656,309.80798322804515,1637.6574992391013,1.021947812425529,53.6
49825000,99649.99989527786,92.09999989465722,-1810049.1484396,473393.5865358746,-1336655.5619037254,309.843171534258,1637.0421397632458,1.022331959696348,53.6
49850000,99699.99989510614,92.1499998944855,-1812167.5368877407,473356.7051872888,-1338810.831700452,309.8190321408625,1639.1979503329574,1.0209874277293458,53.6
49875000,99749.99989493444,92.1999998943138,-1810043.3122128872,473203.3798717189,-1336839.9323411682,309.718678432228,1635.6269282769956,1.0232165232279886,53.6
49900000,99799.99989476272,92.24999989414208,-1810774.994281738,475813.5646792727,-1334961.4296024654,311.42708336644165,1637.6830955465086,1.021931839805165,53.6
49925000,99849.999894591,92.29999989397037,-1809100.752221793,474552.0128278598,-1334548.7393939332,310.60137884104444,1636.5739685788656,1.022624415994438,53.6
49950000,99899.99989441928,92.34999989379864,-1810485.113326137,474362.45533833466,-1336122.6579878023,310.47731063350426,1634.3587023110456,1.0240105164693205,53.6
49975000,99949.99989424758,92.39999989362694,-1810670.5771878853,474053.21256942005,-1336617.3646184655,310.27490662335344,1635.748922298613,1.023140211822887,53.6
50000000,99999.99989407588,92.44999989345524,-1810817.410184238,474997.8969674138,-1335819.5132168245,310.8932166687328,1637.410920646411,1.0221017080971735,53.6
50025000,100049.99989390415,92.49999989328352,-1809973.9423370224,473433.5764722325,-1336540.3658647896,309.86934554477057,1638.8325881875317,1.0212150471699992,53.6
50050000,100099.99989373244,92.5499998931118,-1808803.9172290529,473433.33309642057,-1335370.584132632,309.8691862516673,1636.1630406483628,1.0228812516058694,53.6
50075000,100149.99989356071,92.59999989294008,-1809539.817029694,472147.3631434178,-1337392.4538862763,309.02749971414613,1633.8079770506797,1.0243556907286098,53.6
50100000,100199.99989338902,92.64999989276838,-1808293.1095867632,474677.95109841664,-1333615.1584883465,310.68380731974946,1636.664815482695,1.022567652837379,53.6
50125000,100249.9998932173,92.69999989259667,-1809243.102184169,474176.8483235472,-1335066.2538606217,310.3558280706719,1636.1324003048514,1.0229004074106895,53.6
50150000,100299.9998930456,92.74999989242497,-1809051.8583248972,475142.1233221273,-1333909.73500277,310.9876149716128,1639.868517206934,1.0205699306308904,53.6
50175000,100349.99989287388,92.79999989225324,-1808007.78877783,474493.2925943045,-1333514.4961835255,310.56294557131827,1637.8370449726365,1.0218357827396822,53.6
50200000,100399.99989270217,92.84999989208153,-1809798.875592491,474347.5166463362,-1335451.3589461544,310.467533036513,1640.8692771803935,1.0199474888855935,53.6
50225000,100449.99989253044,92.8999998919098,-1809702.133536984,476632.7532823936,-1333069.380254591,311.9632545400587,1638.174707455922,1.0216251607551403,53.6
50250000,100499.99989235874,92.9499998917381,-1805448.2849199052,475397.5763618053,-1330050.7085581005,311.1548128007408,1642.3891068242374,1.0190036526032349,53.6
50275000,100549.99989218704,92.9999998915664,-1812962.922177814,473455.8041688292,-1339507.1180089847,309.88389390411743,1635.1430761506515,1.023519301313708,53.6
50300000,100599.99989201532,93.04999989139468,-1808948.3591523943,474178.59819720266,-1334769.7609551917,310.3569733891102,1636.037910908966,1.0229594850401886,53.6
50325000,100649.9998918436,93.09999989122296,-1810001.005700388,471981.771874568,-1338019.23382582,308.9191177559235,1639.0673056261635,1.0210688073058147,53.6
50350000,100699.99989167188,93.14999989105124,-1811545.294778268,473815.5004263292,-1337729.7943519386,310.1193204759651,1635.99828285118,1.0229842637322024,53.6
50375000,100749.99989150018,93.19999989087954,-1809438.4267249303,476409.6677757257,-1333028.7589492046,311.81724174462744,1635.96860176546,1.0230028235527209,53.6
50400000,100799.99989132848,93.24999989070784,-1811402.1840392,475743.5669524827,-1335658.617086717,311.38126880898744,1637.7621524842511,1.021882509808307,53.6
50425000,100849.99989115677,93.29999989053613,-1805749.996479832,473404.23942112847,-1332345.757058703,309.85014400673526,1641.9064502512335,1.0193032000048352,53.6
50450000,100899.99989098504,93.3499998903644,-1808650.038963155,474369.2880564289,-1334280.750906726,310.4817827495293,1641.5057021761322,1.0195520470205992,53.6
50475000,100949.99989081331,93.39999989019267,-1809585.0178193348,472396.34480197984,-1337188.673017355,309.1904619276971,1639.371169602039,1.0208795481354795,53.6
50500000,100999.9998906416,93.44999989002096,-1811214.1322450824,473923.0824262792,-1337291.049818803,310.1897345014453,1636.9015030833132,1.0224197947752027,53.6
50525000,101049.9998904699,93.49999988984926,-1809591.3946898824,474721.75390474295,-1334869.6407851393,310.7124769105937,1637.8568074364375,1.0218234532169943,53.6
50550000,101099.9998902982,93.54999988967757,-1810346.4513251744,474797.5338416749,-1335548.9174834995,310.762076010931,1636.1297184865462,1.0229020840705572,53.6
50575000,101149.99989012648,93.59999988950584,-1810893.6491610596,474475.70396723406,-1336417.9451938253,310.5514335522511,1636.1270524413108,1.0229037508746257,53.6
50600000,101199.99988995476,93.64999988933413,-1812173.7515306596,474244.3168175983,-1337929.434713061,310.3999872075297,1634.0847654718502,1.0241821808836222,53.6
50625000,101249.99988978304,93.6999998891624,-1807884.6034415625,472257.92182455154,-1335626.6816170109,309.0998620219116,1636.4120308438353,1.022725613907061,53.6
50650000,101299.99988961134,93.7499998889907,-1811005.046013152,473711.5259489387,-1337293.5200642135,310.05126762787086,1635.5437106480658,1.0232685852134864,53.6
50675000,101349.99988943964,93.799999888819,-1810522.020278824,473046.3439383697,-1337475.6763404538,309.6158960688465,1636.6918490960638,1.02255076285373,53.6
50700000,101399.99988926791,93.84999988864728,-1808056.7921900423,472577.2947167701,-1335479.4974732725,309.3088963490371,1639.7000433585963,1.0206747908731084,53.6
50725000,101449.9998890962,93.89999988847556,-1812280.5021003175,472688.72975914064,-1339591.772341177,309.38183224831874,1634.6906607092096,1.023802569547667,53.6
50750000,101499.99988892447,93.94999988830384,-1812391.780785788,474635.282053643,-1337756.498732145,310.6558797927719,1637.9495797435611,1.0217655778584358,53.6
50775000,101549.99988875278,93.99999988813214,-1812439.0231540983,472195.64360843634,-1340243.379545662,309.05909999946886,1636.6440050149313,1.022580655122,53.6
50800000,101599.99988858106,94.04999988796042,-1806873.4199549607,476001.1908864697,-1330872.2290684916,311.5498875208584,1638.1733973656817,1.0216259777755825,53.6
50825000,101649.99988840937,94.09999988778873,-1808823.4920843383,475733.5436824149,-1333089.9484019233,311.37470842905145,1638.034426794018,1.021712652355698,53.6
50850000,101699.99988823764,94.149999887617,-1809065.619822627,474568.9208907393,-1334496.6989318875,310.6124454206858,1638.0820381797455,1.0216829559460805,53.6
50875000,101749.99988806593,94.19999988744529,-1810573.866422884,475171.3171695136,-1335402.5492533706,311.0067227806764,1636.9584432735094,1.02238423078284,53.6
50900000,101799.9998878942,94.24999988727356,-1807425.7823965328,474448.6488457471,-1332977.1335507857,310.53372557122606,1637.61875953895,1.021971987742032,53.6
50925000,101849.9998877225,94.29999988710186,-1811897.2746748144,474318.5345601109,-1337578.7401147033,310.4485638282915,1637.0754084413993,1.022311183846465,53.6
50950000,101899.9998875508,94.34999988693016,-1807741.7868701585,475243.0467976407,-1332498.7400725177,311.0536708934181,1639.7343098382937,1.0206534612395275,53.6
50975000,101949.99988737908,94.39999988675844,-1810974.7383807227,474013.5071188191,-1336961.2312619037,310.2489188130169,1637.6514551305347,1.0219515841460065,53.6
51000000,101999.99988720736,94.44999988658672,-1808880.292012684,472265.3641240119,-1336614.927888672,309.10473311804367,1634.1250654751168,1.0241569229972418,53.6
51025000,102049.99988703564,94.499999886415,-1807011.736074397,472858.96092942666,-1334152.7751449707,309.49325109131865,1641.4447054205625,1.0195899339910208,53.6
51050000,102099.99988686394,94.5499998862433,-1808866.97451739,476149.91296943615,-1332717.061547954,311.6472283450143,1636.644744037005,1.0225801933787415,53.6
51075000,102149.99988669224,94.5999998860716,-1808356.803864724,474790.9290493761,-1333565.874815348,310.75775307574264,1636.2726073729975,1.022812758282737,53.6
51100000,102199.99988652053,94.64999988589989,-1810118.4630719032,474042.5504191931,-1336075.91265271,310.2679280868129,1632.7154328337858,1.0250411462975608,53.6
51125000,102249.9998863488,94.69999988572816,-1809142.276019537,473968.0664850285,-1335174.2095345084,310.21917723963986,1636.396137946403,1.022735546754558,53.6
51150000,102299.99988617707,94.74999988555643,-1808722.414936361,471323.2761188386,-1337399.1388175222,308.488122450537,1634.3680920888603,1.024004633320184,53.6
51175000,102349.99988600536,94.79999988538472,-1811253.7342840403,472790.3305008431,-1338463.4037831975,309.44833145095834,1638.988013645181,1.0211182052073104,53.6
51200000,102399.99988583366,94.84999988521302,-1807046.2279671517,472251.33858724654,-1334794.8893799048,309.0955531947885,1637.6285353948529,1.0219658870600563,53.6
51225000,102449.99988566196,94.89999988504132,-1809279.118393984,474612.6405073741,-1334666.4778866095,310.6410605626346,1637.5298241352762,1.0220274917639645,53.6
51250000,102499.99988549024,94.9499998848696,-1805504.4210370472,473235.857058728,-1332268.563978319,309.7399352361045,1640.25684276146,1.0203283139682355,53.6
51275000,102549.99988531852,94.99999988469789,-1808973.03998694,474944.2572720466,-1334028.7827148936,310.8581086871179,1634.8653848077804,1.023693151987823,53.6
51300000,102599.9998851468,95.04999988452616,-1808687.833282926,475099.6925748047,-1333588.1407081217,310.9598434138753,1640.1356745966807,1.0204036926769553,53.6
51325000,102649.9998849751,95.09999988435446,-1808757.624780804,474750.7234383228,-1334006.9013424811,310.7314379029213,1633.8288978063476,1.024342574119428,53.6
51350000,102699.9998848034,95.14999988418276,-1810583.5754589664,474641.90199890273,-1335941.6734600635,310.66021264579945,1637.750624708898,1.021889702620102,53.6
51375000,102749.99988463167,95.19999988401104,-1810932.4308810672,472696.4506326827,-1338235.9802483844,309.3868856753472,1636.4564645277765,1.0226978444749546,53.6
51400000,102799.99988445996,95.24999988383932,-1813422.621217315,472106.230217073,-1341316.391000242,309.0005775996189,1634.314341926069,1.0240383113063145,53.6
51425000,102849.99988428823,95.2999998836676,-1810030.5041373211,473780.1322287477,-1336250.3719085737,310.0961714624977,1638.588871639597,1.021366938233281,53.6
51450000,102899.99988411654,95.3499998834959,-1809857.5664894253,473663.52226361097,-1336194.0442258143,310.0198484989889,1638.5356102717226,1.0214001382442488,53.6
51475000,102949.99988394482,95.39999988332418,-1809757.2795412904,474798.2493497944,-1334959.030191496,310.7625443216798,1638.3098983839775,1.0215408577464464,53.6
51500000,102999.99988377313,95.44999988315249,-1810250.5215266335,474239.7305270375,-1336010.7909995962,310.39698541187096,1636.9002390637238,1.022420584291032,53.6
51525000,103049.9998836014,95.49999988298076,-1806491.6093742603,474723.6409349328,-1331767.9684393278,310.71371200003176,1638.3270253734177,1.0215301786090016,53.6
51550000,103099.99988342969,95.54999988280905,-1810694.337021224,473813.8470106327,-1336880.4900105917,310.1182382907014,1633.0975606915465,1.0248012973217375,53.6
51575000,103149.99988325796,95.59999988263732,-1807721.7192410256,475034.5505845156,-1332687.1686565103,310.9172070084713,1638.2015995077727,1.0216083901715916,53.6
51600000,103199.99988308626,95.64999988246562,-1809739.919786041,474058.5490239445,-1335681.3707620965,310.2783994125285,1634.888077067338,1.0236789431187034,53.6
51625000,103249.99988291456,95.69999988229392,-1808258.8709250104,474116.7853520313,-1334142.085572979,310.31651595889946,1635.808652394441,1.0231028527694257,53.6
51650000,103299.99988274284,95.7499998821222,-1811635.7215676475,472837.4644348233,-1338798.2571328245,309.47918131459545,1635.2186294597816,1.0234720108359825,53.6
51675000,103349.99988257112,95.79999988195048,-1809779.2610632144,475937.1753918232,-1333842.085671391,311.5079884236743,1639.5797743831904,1.0207496609789972,53.6
51700000,103399.9998823994,95.84999988177876,-1808922.4144551728,475353.5200619824,-1333568.8943931905,311.12597729461766,1634.742469313695,1.0237701229798482,53.6
51725000,103449.9998822277,95.89999988160706,-1807977.11350206,474328.8509598068,-1333648.2625422534,310.4553160659464,1639.112353912437,1.0210407449220331,53.6
51750000,103499.99988205598,95.94999988143535,-1810790.911619597,474762.09161817713,-1336028.82000142,310.73887854639605,1636.0683510462998,1.022940452200154,53.6
51775000,103549.99988188429,95.99999988126365,-1810428.697233484,474087.12687262753,-1336341.5703608566,310.29710404124216,1640.1071587426122,1.0204214340072313,53.6
51800000,103599.99988171256,96.04999988109192,-1810105.636336146,474055.7936523368,-1336049.842683809,310.27659598066555,1631.5975624406767,1.0257434415053637,53.6
51825000,103649.99988154085,96.09999988092021,-1810148.8806453347,474642.0211946333,-1335506.8594507014,310.66029066118506,1638.241306816764,1.0215836286667703,53.6
51850000,103699.99988136912,96.14999988074848,-1811979.5649186056,474742.01505087054,-1337237.549867735,310.72573813329217,1635.2081912030185,1.0234785441102754,53.6
51875000,103749.99988119742,96.19999988057678,-1813194.335913608,473325.1656572649,-1339869.170256343,309.7983890474847,1634.993131855338,1.0236131676898934,53.6
51900000,103799.99988102572,96.24999988040508,-1807735.848786604,473070.2863806276,-1334665.562405976,309.6315667548348,1636.490045387956,1.0226768586624115,53.6
51925000,103849.999880854,96.29999988023336,-1809061.717405771,471604.9853928104,-1337456.7320129606,308.6725053770924,1638.1915285930615,1.0216146705916682,53.6
51950000,103899.99988068228,96.34999988006165,-1808489.9103226168,473137.9081536226,-1335352.0021689942,309.6758262150503,1636.164319634655,1.0228804520216934,53.6
51975000,103949.99988051056,96.39999987988992,-1809946.2469332404,474231.4123239839,-1335714.8346092566,310.3915410237573,1635.817423642164,1.0230973668952454,53.6
52000000,103999.99988033886,96.44999987971822,-1811996.1801252344,474373.7495348952,-1337622.4305903397,310.4847028538084,1634.6244563478062,1.0238440348487987,53.6
52025000,104049.99988016716,96.49999987954652,-1809596.9092907123,475442.7052313277,-1334154.2040593843,311.1843503197488,1638.3677000602183,1.021504817745216,53.6
52050000,104099.99987999543,96.5499998793748,-1810915.5493259528,473513.64181444654,-1337401.9075115067,309.92174950685865,1637.0556907890432,1.022323497157879,53.6
52075000,104149.99987982372,96.59999987920308,-1808082.2948216435,476691.98546575167,-1331390.3093558915,312.0020228885757,1640.8366551794204,1.019967766789473,53.6
52100000,104199.999879652,96.64999987903136,-1811049.7657234697,473669.6704947479,-1337380.095228722,310.023872608079,1636.873827094529,1.0224370816780202,53.6
52125000,104249.9998794803,96.69999987885966,-1812065.2473078696,475237.0139749943,-1336828.2333328752,311.0497223209084,1634.2351950894722,1.0240879059993775,53.6
52150000,104299.99987930858,96.74999987868794,-1810620.3266434893,472137.0183808389,-1338483.3082626504,309.0207289125608,1638.147249404836,1.021642284878668,53.6
52175000,104349.99987913689,96.79999987851625,-1809677.492643334,472907.57710705465,-1336769.915536279,309.52507110555746,1636.371362428156,1.0227510315056252,53.6
52200000,104399.99987896516,96.84999987834452,-1812700.9743017508,474361.4550688456,-1338339.5192329052,310.4766559421867,1633.4634750118275,1.0245717302234407,53.6
52225000,104449.99987879345,96.8999998781728,-1808917.776005441,472350.13416858256,-1336567.6418368588,309.16021637807904,1639.4063753374144,1.020857625068836,53.6
52250000,104499.99987862172,96.94999987800108,-1808518.8315443704,475129.0954818436,-1333389.7360625267,310.9790880556035,1635.10488153778,1.023543209824973,53.6
52275000,104549.99987845002,96.99999987782938,-1808072.978198361,471492.2166552,-1336580.7615431608,308.59869655436023,1636.4948493006598,1.0226738566056954,53.6
52300000,104599.99987827832,97.04999987765768,-1808830.876894744,475352.7081544091,-1333478.168740335,311.12544588898675,1635.4394542571458,1.0233338167873969,53.6
52325000,104649.9998781066,97.09999987748596,-1808881.838514488,474580.5137408784,-1334301.3247736096,310.6200331142169,1636.7689770341908,1.0225025781477173,53.6
52350000,104699.99987793488,97.14999987731424,-1810107.452871364,474205.3219728667,-1335902.1308984968,310.3744644993461,1633.958484631204,1.024261335028598,53.6
52375000,104749.99987776316,97.19999987714252,-1809760.1884114144,472627.7951495482,-1337132.3932618664,309.34194963640914,1638.457931187962,1.0214485626959122,53.6
52400000,104799.99987759146,97.24999987697082,-1809940.8401019133,474931.6546824381,-1335009.1854194754,310.84986010402577,1637.3266849450138,1.0221542922607814,53.6
52425000,104849.99987741974,97.2999998767991,-1810960.3264523288,473828.3378578763,-1337131.9885944524,310.1277227666129,1636.1405199368076,1.0228953310894724,53.6
52450000,104899.99987724805,97.34999987662741,-1809222.7813841272,474500.0797959924,-1334722.7015881347,310.5673878961756,1638.2996345090037,1.021547257654878,53.6
52475000,104949.99987707632,97.39999987645568,-1810878.2055816597,474487.0565372425,-1336391.1490444168,310.55886397884865,1635.3676336805,1.0233787586239045,53.6
52500000,104999.9998769046,97.44999987628397,-1812041.173652592,472564.1398766608,-1339477.0337759312,309.30028630974545,1636.219235831068,1.0228461212287407,53.6
52525000,105049.9998767329,97.49999987611226,-1813985.3448074944,475346.4861128418,-1338638.8586946526,311.12137346986776,1635.920266555964,1.0230330493875626,53.6
52550000,105099.99987656118,97.54999987594054,-1809245.5541485976,474380.4279085684,-1334865.1262400292,310.4890739491051,1636.9232572134845,1.0224062071783455,53.6
52575000,105149.99987638948,97.59999987576884,-1806032.1946851036,474040.1494215234,-1331992.04526358,310.26635659798416,1640.6455488597214,1.0200865750757957,53.6
52600000,105199.99987621776,97.64999987559712,-1807799.1136474216,473195.0269258647,-1334604.0867215572,309.71321130443255,1637.1715238044192,1.0222511658159006,53.6
52625000,105249.99987604604,97.6999998754254,-1808548.092504167,474725.9025744645,-1333822.1899297026,310.71519227687816,1637.511234927695,1.022039093932421,53.6
52650000,105299.99987587432,97.74999987525368,-1808885.7888730029,473342.3577867837,-1335543.4310862191,309.8096415529834,1638.3541148769982,1.0215132880325508,53.6
52675000,105349.99987570262,97.79999987508198,-1810769.3065831773,474087.5436931947,-1336681.762889983,310.2973768565277,1636.7120223265483,1.022538159444004,53.6
52700000,105399.9998755309,97.84999987491027,-1810071.9926534137,474637.8518229826,-1335434.1408304311,310.6575617451788,1638.7659200989283,1.0212565921242924,53.6
52725000,105449.9998753592,97.89999987473855,-1812373.0299082147,473134.695673676,-1339238.3342345387,309.6737235989536,1637.9648659856148,1.021756042271764,53.6
52750000,105499.99987518748,97.94999987456684,-1810916.224906669,474519.8188085086,-1336396.4060981604,310.5803073746285,1636.1428232886149,1.0228938910637142,53.6
52775000,105549.99987501575,97.99999987439512,-1809350.0257304525,473309.5513363973,-1336040.474394055,309.7881692413095,1635.733890327734,1.0231496142164918,53.6
52800000,105599.99987484406,98.04999987422342,-1807625.877521749,474526.6685305124,-1333099.2089912363,310.5847906199663,1634.2300916079307,1.0240911040886502,53.6
52825000,105649.99987467234,98.0999998740517,-1811549.0694826215,473989.07481208775,-1337559.994670534,310.2329275034157,1637.3059301882458,1.022167249255149,53.6
52850000,105699.99987450065,98.14999987388,-1810646.9903640335,474729.56689376326,-1335917.4234702704,310.7175906285782,1637.1006462081707,1.0222954237578683,53.6
52875000,105749.99987432892,98.19999987370828,-1808448.227512803,473767.9418508629,-1334680.28566194,310.08819267813413,1636.3944384063066,1.0227366089557175,53.6
52900000,105799.9998741572,98.24999987353657,-1808089.5450856064,474623.095359886,-1333466.44972572,310.647903419725,1639.3710527962728,1.0208796208735076,53.6
52925000,105849.9998739855,98.29999987336485,-1809578.76128994,474245.981406331,-1335332.7798836092,310.40107670571246,1638.6231476882676,1.0213455736974908,53.6
52950000,105899.99987381378,98.34999987319314,-1810502.7167585576,474065.48948396137,-1336437.2272745962,310.2829420472508,1637.2382044603337,1.022209532058479,53.6
52975000,105949.99987364208,98.39999987302144,-1813541.6966034668,473782.4495320752,-1339759.2470713917,310.09768817212955,1635.6164573358865,1.0232230736878527,53.6
53000000,105999.99987347035,98.44999987284972,-1809036.2107179535,474274.15706059954,-1334762.0536573543,310.41951809217585,1637.920074549117,1.0217839837577951,53.6
53025000,106049.99987329864,98.499999872678,-1809382.1654288005,473099.45449404686,-1336282.7109347535,309.6506577206327,1636.7065020815098,1.0225416082365602,53.6
53050000,106099.99987312692,98.54999987250628,-1810032.578264044,473591.47953428834,-1336441.0987297553,309.9726954568392,1636.3171930264482,1.0227848891291405,53.6
53075000,106149.99987295522,98.59999987233458,-1810205.949127688,476028.6974563983,-1334177.2516712898,311.56789098162994,1631.8267467283954,1.025599379471514,53.6
53100000,106199.9998727835,98.64999987216287,-1812853.796262308,475188.983047081,-1337664.813215227,311.0182853613473,1635.329232095247,1.0234027900946774,53.6
53125000,106249.9998726118,98.69999987199117,-1810460.3928314608,475610.2934228769,-1334850.0994085837,311.29403929369806,1636.4651335417316,1.0226924268331703,53.6
53150000,106299.99987244008,98.74999987181944,-1809962.018752385,472974.3185188909,-1336987.700233494,309.5687543562481,1636.5921344019,1.0226130650819036,53.6
53175000,106349.99987226837,98.79999987164773,-1812094.7388850932,473732.3915663316,-1338362.347318762,310.064924486039,1636.3900413836163,1.0227393570756411,53.6
53200000,106399.99987209664,98.849999871476,-1810258.3908096245,475251.4855948477,-1335006.9052147768,311.05919421220585,1637.307489288193,1.0221662759126855,53.6
53225000,106449.99987192494,98.8999998713043,-1811209.0662070236,474862.1363068176,-1336346.9299002057,310.80435928907013,1633.8454682731954,1.0243321852332117,53.6
53250000,106499.99987175324,98.9499998711326,-1811754.5510045355,474618.28459369874,-1337136.2664108367,310.6447547014168,1638.2102571322305,1.0216029911687794,53.6
53275000,106549.99987158152,98.99999987096088,-1809664.079778028,473256.3812744196,-1336407.698503608,309.7533686417611,1636.9376150120654,1.0223972395168683,53.6
53300000,106599.9998714098,99.04999987078916,-1807289.2519960124,472037.7009943499,-1335251.5510016624,308.95572420000553,1639.9089910234347,1.0205447424281766,53.6
53325000,106649.99987123808,99.09999987061744,-1808903.3433299756,474194.5918443373,-1334708.751485638,310.36744146999155,1637.5683574766658,1.0220034426095763,53.6
53350000,106699.99987106638,99.14999987044574,-1810298.1032657465,475118.9584488012,-1335179.1448169453,310.97245321610177,1636.1744307180898,1.0228741309171705,53.6
53375000,106749.99987089468,99.19999987027404,-1810915.2520109944,475955.6477874511,-1334959.6042235435,311.5200788824595,1636.4201740520496,1.022720524586022,53.6
53400000,106799.99987072295,99.24999987010231,-1810222.325465437,475022.7003005305,-1335199.6251649065,310.90945082064377,1635.7211221677458,1.0231576007478074,53.6
53425000,106849.99987055124,99.2999998699306,-1812350.4401509296,474764.0026129082,-1337586.4375380217,310.74012932098424,1635.6875915329374,1.0231785748776103,53.6
53450000,106899.99987037951,99.34999986975888,-1811348.571358663,471533.62877537945,-1339814.9425832836,308.6258014054214,1637.170346350612,1.0222519010194973,53.6
53475000,106949.99987020782,99.39999986958718,-1808841.0265394545,475163.9127601236,-1333677.1137793306,311.0018764841612,1635.1187426827612,1.0235345330968215,53.6
53500000,106999.9998700361,99.44999986941546,-1812464.0025769845,474547.5260393643,-1337916.4765376202,310.5984421709733,1637.1992473485443,1.022233855506634,53.6
53525000,107049.9998698644,99.49999986924377,-1809454.354373608,473516.9308729965,-1335937.4235006112,309.9239022447948,1637.6230994317905,1.0219692793966786,53.6
53550000,107099.99986969268,99.54999986907204,-1809711.7166710263,473253.3845570511,-1336458.3321139752,309.7514072454937,1636.1652026278691,1.0228799000013369,53.6
53575000,107149.99986952097,99.59999986890033,-1810235.354582673,474458.56294602,-1335776.7916366528,310.5402144979012,1635.2038572870104,1.0234812567200984,53.6
53600000,107199.99986934924,99.6499998687286,-1810737.1291136935,476569.1094842756,-1334168.0196294182,311.9215987238029,1634.1946750458214,1.024113298375994,53.6
53625000,107249.99986917754,99.6999998685569,-1807741.8213120736,474077.0727681045,-1333664.7485439691,310.29052347969474,1638.7584452265846,1.0212612503841343,53.6
53650000,107299.99986900584,99.7499998683852,-1810962.563371436,474506.9552142349,-1336455.6081572007,310.5718879600854,1635.0340295482508,1.0235875636864065,53.6
53675000,107349.99986883411,99.79999986821348,-1810019.014081777,473757.3010843358,-1336261.7129974412,310.08122813754454,1635.5674093240164,1.0232537584870105,53.6
53700000,107399.9998686624,99.84999986804176,-1808212.0580558795,475170.2837924339,-1333041.7742634458,311.0060464199464,1637.6218082975902,1.0219700851379565,53.6
53725000,107449.99986849067,99.89999986787004,-1811243.350293059,475616.5883193501,-1335626.7619737089,311.29815939744094,1636.5382838551093,1.022646714323876,53.6
53750000,107499.99986831898,99.94999986769834,-1807826.4524470791,473415.7136313717,-1334410.7388157074,309.85765404868283,1640.4249041504822,1.020223781421046,53.6
