time_ns,minimum_heavy_atom_bond_A,maximum_heavy_atom_bond_A,maximum_absolute_change_from_frame0_A,implausible_heavy_atom_bond_count
0.0,1.3556712,1.604316,0.0,0
0.05000000001018634,1.3393798,1.6321974,0.10878968,0
0.10000000002037268,1.3262625,1.6293488,0.096977234,0
0.15000000003055902,1.350887,1.6117585,0.10170722,0
0.20000000004074536,1.3217044,1.6007092,0.08598328,0
0.2500000000509317,1.348362,1.6116686,0.094500184,0
0.30000000006111804,1.3240669,1.6134562,0.09681034,0
0.3500000000713044,1.3395693,1.623992,0.12758982,0
0.4000000000814907,1.3674135,1.5728936,0.10132396,0
0.45000000009167707,1.3438159,1.5959744,0.09884548,0
0.5000000001018634,1.3325113,1.5989333,0.09636176,0
0.5500000001120497,1.3488477,1.6112353,0.12500858,0
0.6000000001222361,1.3602732,1.6073563,0.10011792,0
0.6500000001324215,1.3277531,1.5944977,0.110538125,0
0.7000000001426079,1.3307871,1.6339316,0.102053046,0
0.7500000001527942,1.2812355,1.624261,0.11878872,0
0.8000000001629806,1.3089063,1.6284357,0.11515725,0
0.8500000001731669,1.3444291,1.6593013,0.12159991,0
0.9000000001833532,1.3294716,1.630744,0.08404839,0
0.9500000001935396,1.3702903,1.618392,0.098433614,0
1.000000000203726,1.339078,1.5932205,0.10760999,0
1.0500000002139123,1.3465657,1.580862,0.13860321,0
1.1000000002240986,1.3386787,1.609661,0.10758293,0
1.150000000234285,1.3534346,1.6490756,0.106597066,0
1.2000000002444713,1.3174853,1.6028352,0.12441158,0
1.2500000002546576,1.3339077,1.6121484,0.10378516,0
1.300000000264844,1.3311486,1.6053565,0.098317504,0
1.3500000002750303,1.3392489,1.600874,0.09791982,0
1.4000000002852167,1.335319,1.6112564,0.102253675,0
1.450000000295403,1.358638,1.6104779,0.114154816,0
1.5000000003055893,1.3379648,1.6412339,0.1186254,0
1.5500000003157757,1.3598516,1.6083198,0.092625976,0
1.600000000325962,1.3367628,1.5724791,0.123954535,0
1.6500000003361501,1.3367441,1.6128485,0.13517594,0
1.700000000346333,1.3540971,1.6173166,0.10883701,0
1.750000000356521,1.3506354,1.6153246,0.10954702,0
1.8000000003667074,1.3561037,1.6101896,0.11319721,0
1.8500000003768937,1.3537426,1.6127968,0.12965131,0
1.90000000038708,1.335492,1.6377438,0.11513531,0
1.9500000003972664,1.3545055,1.6060071,0.08334434,0
2.0000000004074545,1.3381939,1.5828259,0.102045536,0
2.0500000004176373,1.3535486,1.5981792,0.09169543,0
2.1000000004278254,1.348576,1.5899036,0.07720816,0
2.1500000004380118,1.3464893,1.6176269,0.10967898,0
2.200000000448198,1.3694537,1.6364999,0.113092184,0
2.250000000458386,1.3428367,1.6438807,0.10440159,0
2.300000000468569,1.3253117,1.6549354,0.1081754,0
2.350000000478757,1.3365846,1.6008335,0.07891703,0
2.4000000004889435,1.3376434,1.5947901,0.10753703,0
2.45000000049913,1.354289,1.60855,0.101937056,0
2.500000000509316,1.3303151,1.6185081,0.122105956,0
2.5500000005195025,1.3237907,1.5996026,0.11510301,0
2.6000000005296906,1.346494,1.6334989,0.09565747,0
2.6500000005398734,1.3396233,1.6122831,0.098256946,0
2.7000000005500615,1.3511095,1.6311114,0.13470924,0
2.750000000560248,1.3269007,1.600268,0.093613386,0
2.800000000570434,1.3486891,1.6052966,0.09700012,0
2.8500000005806223,1.3511144,1.6356541,0.1348989,0
2.900000000590805,1.3703197,1.6422813,0.10024297,0
2.950000000600993,1.3569416,1.6148732,0.11668086,0
3.0000000006111796,1.3433263,1.6142049,0.095790386,0
3.050000000621366,1.3290086,1.5949255,0.12761009,0
3.1000000006315522,1.3368506,1.6140888,0.0931623,0
3.1500000006417386,1.3440332,1.644247,0.08107078,0
3.200000000651925,1.3576818,1.5940752,0.13873458,0
3.2500000006621113,1.3245525,1.5946276,0.09403634,0
3.3000000006722976,1.3357359,1.6592758,0.103105545,0
3.350000000682484,1.3470192,1.6179171,0.12095475,0
3.4000000006926703,1.3483543,1.6129321,0.116975665,0
3.4500000007028584,1.3158339,1.6073681,0.10000825,0
3.500000000713041,1.3016605,1.6491616,0.09844315,0
3.5500000007232293,1.3418537,1.5903592,0.10054505,0
3.6000000007334156,1.353533,1.6004155,0.09926164,0
3.650000000743602,1.3424697,1.6244833,0.10759711,0
3.70000000075379,1.3279169,1.633259,0.12629735,0
3.750000000763973,1.3516366,1.6238401,0.11869514,0
3.800000000774161,1.3161622,1.6138662,0.1690067,0
3.8500000007843473,1.3555219,1.6178479,0.109182596,0
3.9000000007945337,1.3617105,1.6049919,0.097715974,0
3.95000000080472,1.3531601,1.6070058,0.13816285,0
4.000000000814906,1.3593745,1.6436036,0.13463867,0
4.0500000008250945,1.3398669,1.601599,0.10047746,0
4.100000000835277,1.3600049,1.620441,0.095312715,0
4.150000000845465,1.3759421,1.6103616,0.091777086,0
4.200000000855652,1.3551654,1.6224883,0.11835909,0
4.250000000865838,1.3530731,1.6072202,0.10122776,0
4.300000000876026,1.3517997,1.6311293,0.13472712,0
4.350000000886209,1.3299848,1.6111898,0.10098517,0
4.400000000896397,1.3729798,1.6280485,0.10755646,0
4.450000000906583,1.3687967,1.6215839,0.10493803,0
4.50000000091677,1.339006,1.6347002,0.11209166,0
4.550000000926956,1.3518144,1.616288,0.09990585,0
4.6000000009371425,1.3819982,1.6419568,0.1253109,0
4.650000000947331,1.3427887,1.6294353,0.10682678,0
4.700000000957513,1.380675,1.6564105,0.13380194,0
4.7500000009677015,1.3513869,1.6397096,0.079539895,0
4.800000000977888,1.3208034,1.62468,0.103193045,0
4.850000000988074,1.3470986,1.6091048,0.092236996,0
4.900000000998262,1.3402536,1.6308825,0.108388186,0
4.950000001008445,1.3602533,1.608275,0.119197845,0
5.000000001018633,1.3141471,1.6348295,0.112221,0
5.0500000010288195,1.3617294,1.5767119,0.09277618,0
5.100000001039006,1.3690649,1.6199839,0.12398255,0
5.150000001049192,1.3645118,1.6095589,0.08335948,0
5.2000000010593785,1.3488269,1.6718037,0.10366666,0
5.250000001069565,1.3031485,1.6180099,0.13168085,0
5.300000001079751,1.3647591,1.591302,0.10867739,0
5.350000001089938,1.3156042,1.5870488,0.1198051,0
5.400000001100124,1.3057851,1.6447413,0.124088764,0
5.45000000111031,1.3334417,1.5945635,0.09363282,0
5.500000001120498,1.3090005,1.6276084,0.09884465,0
5.550000001130681,1.3364434,1.5678942,0.09001744,0
5.600000001140869,1.3589478,1.602657,0.10535586,0
5.650000001151056,1.3306643,1.5885901,0.11970818,0
5.700000001161242,1.3120236,1.6214715,0.09382129,0
5.75000000117143,1.3157895,1.6128669,0.08559239,0
5.800000001181615,1.3540032,1.6316316,0.11235237,0
5.850000001191801,1.3735917,1.5944678,0.074733496,0
5.900000001201987,1.3566384,1.6258754,0.12947321,0
5.950000001212174,1.3508738,1.5923041,0.10704136,0
6.00000000122236,1.3281708,1.6351439,0.13213158,0
6.050000001232546,1.354825,1.6050779,0.14521205,0
6.1000000012427344,1.3326786,1.6377287,0.096654296,0
6.150000001252917,1.3679677,1.6099,0.12372279,0
6.200000001263105,1.364771,1.6138752,0.10063958,0
6.250000001273292,1.312125,1.6060804,0.112342,0
6.300000001283478,1.294278,1.586052,0.10989356,0
6.350000001293666,1.3197421,1.588313,0.13673687,0
6.400000001303849,1.3579057,1.6028513,0.10714948,0
6.450000001314037,1.3145235,1.6192586,0.11086929,0
6.500000001324223,1.3413291,1.6934767,0.11810517,0
6.55000000133441,1.3624644,1.6378795,0.109634995,0
6.600000001344596,1.3663055,1.6256058,0.1080631,0
6.650000001354782,1.3213283,1.6176183,0.104751825,0
6.7000000013649705,1.3225287,1.5999091,0.116116166,0
6.750000001375153,1.3156892,1.6101949,0.1265409,0
6.800000001385341,1.3678128,1.5992552,0.09430146,0
6.850000001395528,1.3628817,1.5750259,0.099727035,0
6.900000001405714,1.3344699,1.6003754,0.11970985,0
6.950000001415902,1.3785121,1.5975571,0.091041565,0
7.000000001426085,1.3553433,1.6468225,0.11504269,0
7.050000001436273,1.3432834,1.6349422,0.114429235,0
7.1000000014464595,1.3224314,1.5822103,0.10314417,0
7.150000001456646,1.3570328,1.5910803,0.09361231,0
7.200000001466832,1.349606,1.5941601,0.12991738,0
7.2500000014770185,1.3470159,1.5848185,0.14433527,0
7.300000001487205,1.3272084,1.6108733,0.08296955,0
7.350000001497391,1.3522232,1.6009139,0.10057151,0
7.4000000015075775,1.314076,1.6146766,0.1431601,0
7.450000001517764,1.3183166,1.6241251,0.12772298,0
7.50000000152795,1.2760979,1.5879457,0.1275059,0
7.550000001538138,1.3629501,1.6088153,0.10584545,0
7.600000001548321,1.3159871,1.7060275,0.16918182,0
7.650000001558509,1.3220348,1.6166377,0.0980767,0
7.700000001568696,1.3332738,1.6079149,0.10276997,0
7.750000001578882,1.3351271,1.6486468,0.09529853,0
7.80000000158907,1.3280027,1.627482,0.11151123,0
7.850000001599255,1.3392966,1.6557682,0.11349809,0
7.900000001609441,1.331678,1.5922604,0.10116339,0
7.950000001619627,1.3421595,1.5905263,0.13146615,0
8.000000001629813,1.3406993,1.6354005,0.10437024,0
8.050000001639999,1.3321472,1.6092027,0.09641111,0
8.100000001650185,1.3560377,1.6117955,0.11964071,0
8.150000001660372,1.3660316,1.6172462,0.13968241,0
8.200000001670556,1.3678156,1.608126,0.086274385,0
8.250000001680746,1.3388509,1.6141342,0.14631808,0
8.300000001690933,1.3233953,1.612404,0.10605013,0
8.350000001701119,1.3609159,1.6204066,0.10416019,0
8.400000001711305,1.346875,1.5871773,0.13829398,0
8.450000001721488,1.3512344,1.5951298,0.1339345,0
8.500000001731678,1.3214359,1.6053615,0.10247707,0
8.550000001741864,1.325636,1.6040578,0.09656501,0
8.60000000175205,1.3410771,1.626686,0.13028383,0
8.650000001762237,1.3646834,1.6395929,0.10990608,0
8.700000001772423,1.3018537,1.7014878,0.20508564,0
8.75000000178261,1.3353083,1.6176686,0.09776223,0
8.800000001792792,1.3293309,1.5915403,0.11522102,0
8.850000001802979,1.3547561,1.6111387,0.0996598,0
8.900000001813165,1.3481032,1.605598,0.11569071,0
8.950000001823351,1.3251207,1.6370306,0.13936412,0
9.000000001833538,1.3110114,1.6103063,0.13589287,0
9.050000001843724,1.3547122,1.6140151,0.09972787,0
9.10000000185391,1.3219428,1.6420388,0.10252416,0
9.150000001864097,1.3407768,1.6060995,0.07310653,0
9.200000001874283,1.3445557,1.6057421,0.12651742,0
9.25000000188447,1.3481486,1.6047502,0.10834801,0
9.300000001894656,1.3583791,1.6088353,0.12188208,0
9.350000001904842,1.3380128,1.6331937,0.13027406,0
9.400000001915028,1.3536538,1.604373,0.10318887,0
9.450000001925215,1.2966818,1.6360897,0.10692203,0
9.500000001935401,1.3280588,1.6037765,0.09640813,0
9.550000001945588,1.3379138,1.5692263,0.07511282,0
9.600000001955774,1.3657628,1.6045452,0.109341264,0
9.65000000196596,1.3404995,1.6127743,0.120974064,0
9.700000001976147,1.3360344,1.6306798,0.12578607,0
9.750000001986333,1.3423752,1.5905803,0.121085286,0
9.80000000199652,1.3140388,1.6126125,0.11999917,0
9.850000002006706,1.3036287,1.623043,0.120838284,0
9.900000002016892,1.3346953,1.6109514,0.09492159,0
9.950000002027078,1.3322891,1.6251137,0.12082887,0
10.000000002037265,1.3463202,1.6701711,0.15352523,0
10.050000002047451,1.3170941,1.6074936,0.10737288,0
10.100000002057637,1.3376081,1.5999578,0.104347944,0
10.150000002067824,1.321996,1.623977,0.10339618,0
10.20000000207801,1.3222467,1.6358681,0.13219345,0
10.250000002088196,1.3276516,1.61067,0.11494589,0
10.300000002098383,1.3424157,1.6635673,0.16716516,0
10.350000002108569,1.3358686,1.595294,0.107349634,0
10.400000002118755,1.3257952,1.6093545,0.12348163,0
10.450000002128942,1.3409353,1.63216,0.103125215,0
10.500000002139128,1.3603251,1.5986779,0.09246957,0
10.550000002149318,1.308555,1.615587,0.11591196,0
10.6000000021595,1.3531433,1.6378548,0.11673212,0
10.65000000216969,1.3368727,1.5986838,0.14422333,0
10.700000002179873,1.3477372,1.6298562,0.097255945,0
10.75000000219006,1.3361329,1.5891948,0.09269261,0
10.800000002200246,1.3024848,1.6093185,0.12198222,0
10.850000002210432,1.3408864,1.6565083,0.13249326,0
10.900000002220619,1.3406227,1.6853589,0.10304487,0
10.950000002230805,1.3653791,1.5914416,0.077150345,0
11.000000002240991,1.3324819,1.599307,0.08528435,0
11.050000002251178,1.3522745,1.6028452,0.09178066,0
11.100000002261364,1.3540643,1.5987922,0.13089657,0
11.15000000227155,1.3500395,1.5891284,0.11978114,0
11.200000002281737,1.3725622,1.6335677,0.112606764,0
11.25000000229192,1.3218743,1.6158189,0.12762284,0
11.30000000230211,1.3281171,1.6469754,0.1235677,0
11.350000002312292,1.3591396,1.6126269,0.12602937,0
11.400000002322482,1.3380237,1.5951006,0.0986985,0
11.450000002332668,1.3354449,1.6055796,0.10121536,0
11.500000002342851,1.3339686,1.6229618,0.12655962,0
11.550000002353041,1.3103755,1.6009058,0.11712515,0
11.600000002363227,1.3726928,1.6056292,0.10847366,0
11.650000002373414,1.3253195,1.5957179,0.100090265,0
11.7000000023836,1.3384043,1.639598,0.09165442,0
11.750000002393787,1.3397331,1.6216555,0.10350895,0
11.80000000240397,1.3469297,1.6100346,0.09229493,0
11.85000000241416,1.3488595,1.6406314,0.11373103,0
11.900000002424346,1.2964711,1.6352563,0.10713267,0
11.950000002434532,1.354099,1.623639,0.12723684,0
12.000000002444722,1.328492,1.613561,0.11715889,0
12.050000002454905,1.3562665,1.5873809,0.09016597,0
12.10000000246509,1.3447822,1.6023959,0.11828399,0
12.15000000247528,1.328829,1.6162596,0.078255415,0
12.200000002485464,1.3521302,1.6484425,0.10322356,0
12.25000000249565,1.3238316,1.6627734,0.128981,0
12.300000002505836,1.3353891,1.6044009,0.09384811,0
12.350000002516023,1.3428158,1.6055007,0.10935545,0
12.400000002526209,1.3446755,1.6049397,0.08087039,0
12.450000002536395,1.363665,1.6178113,0.1509633,0
12.500000002546582,1.3379576,1.5977931,0.08668649,0
12.550000002556768,1.3538796,1.6129972,0.11201632,0
12.600000002566958,1.3578511,1.6251216,0.16032362,0
12.65000000257714,1.3598082,1.609754,0.10255194,0
12.70000000258733,1.3180875,1.601135,0.13506293,0
12.750000002597513,1.2869313,1.6633774,0.11151028,0
12.8000000026077,1.3349752,1.5959882,0.09721339,0
12.850000002617886,1.3201759,1.6399734,0.118335485,0
12.900000002628072,1.2917728,1.6002696,0.11289573,0
12.950000002638259,1.3536023,1.5993226,0.1226747,0
13.000000002648445,1.315141,1.5953417,0.13180625,0
13.050000002658631,1.3173821,1.6078745,0.10219014,0
13.100000002668818,1.3149184,1.6364182,0.13127327,0
13.150000002679004,1.3246136,1.6040936,0.10394728,0
13.20000000268919,1.3221467,1.6103258,0.10448396,0
13.250000002699377,1.3109623,1.6690364,0.12877774,0
13.30000000270956,1.3448308,1.6512678,0.11700404,0
13.35000000271975,1.3528438,1.655405,0.096931934,0
13.400000002729932,1.3249114,1.6093566,0.090942144,0
13.450000002740122,1.3387976,1.5947912,0.14638865,0
13.500000002750308,1.357837,1.6373156,0.117452025,0
13.550000002760491,1.3677354,1.6198633,0.103203654,0
13.600000002770681,1.3508763,1.59451,0.09947097,0
13.650000002780867,1.326285,1.6350311,0.12595248,0
13.700000002791054,1.3554552,1.603574,0.11216104,0
13.75000000280124,1.3588762,1.6598414,0.1372329,0
13.800000002811426,1.3421206,1.6275573,0.119350076,0
13.85000000282161,1.3468745,1.6003298,0.08778334,0
13.9000000028318,1.359715,1.6056554,0.10925329,0
13.950000002841985,1.344803,1.6056819,0.09997153,0
14.000000002852172,1.3375812,1.6250532,0.12865102,0
14.050000002862362,1.3550454,1.6306088,0.1250943,0
14.100000002872545,1.3410498,1.6241814,0.11695528,0
14.15000000288273,1.3570914,1.6425946,0.13744962,0
14.20000000289292,1.3554664,1.5910008,0.10528028,0
14.250000002903104,1.3443623,1.5873826,0.14338923,0
14.30000000291329,1.3204437,1.606269,0.1062932,0
14.350000002923476,1.357451,1.6032517,0.101940155,0
14.400000002933663,1.357583,1.6259625,0.09338343,0
14.450000002943849,1.3415838,1.607251,0.090500236,0
14.500000002954035,1.3050884,1.6225955,0.11937857,0
14.550000002964222,1.3355167,1.5913639,0.08570218,0
14.600000002974408,1.3556285,1.5936022,0.11289418,0
14.650000002984598,1.3078978,1.6322929,0.12641287,0
14.70000000299478,1.332262,1.6105539,0.11040878,0
14.75000000300497,1.3323698,1.607766,0.08378065,0
14.800000003015153,1.2812816,1.5842646,0.10086179,0
14.85000000302534,1.3308446,1.6246393,0.107993364,0
14.900000003035526,1.3255631,1.61977,0.123367906,0
14.950000003045712,1.3577983,1.6238188,0.12595236,0
15.000000003055899,1.3313913,1.6688337,0.14622521,0
15.050000003066085,1.3347512,1.6344802,0.1380781,0
15.100000003076271,1.3725556,1.6173706,0.10449016,0
15.150000003086458,1.3609439,1.6039875,0.10758531,0
15.200000003096644,1.3189588,1.6029246,0.113412976,0
15.25000000310683,1.3200945,1.6425079,0.14610577,0
15.300000003117017,1.348172,1.6290324,0.09825313,0
15.3500000031272,1.3317723,1.6361876,0.14553738,0
15.40000000313739,1.3275526,1.6051309,0.100550056,0
15.450000003147572,1.3573582,1.5981231,0.12781072,0
15.500000003157762,1.3393034,1.6231551,0.08851504,0
15.550000003167948,1.3541828,1.5926224,0.1202693,0
15.600000003178131,1.3529795,1.6823802,0.115389705,0
15.650000003188321,1.3190924,1.6045004,0.09494591,0
15.700000003198507,1.3359987,1.599714,0.10445833,0
15.750000003208694,1.2947502,1.6466978,0.10885358,0
15.80000000321888,1.3367064,1.5901034,0.11322594,0
15.850000003229066,1.3447429,1.58872,0.10656655,0
15.90000000323925,1.3595765,1.6043637,0.118344545,0
15.95000000324944,1.3446379,1.6581805,0.16177833,0
16.000000003259625,1.3398223,1.5768795,0.11629224,0
16.050000003269812,1.3556288,1.6141093,0.117750764,0
16.10000000328,1.3416184,1.5838581,0.09520757,0
16.150000003290184,1.348762,1.6169355,0.110501766,0
16.20000000330037,1.3395928,1.5814073,0.08149493,0
16.25000000331056,1.3120475,1.651696,0.089589834,0
16.300000003320744,1.3143606,1.617049,0.14003646,0
16.35000000333093,1.363456,1.6063617,0.087474585,0
16.400000003341116,1.3218199,1.5796186,0.10156071,0
16.450000003351303,1.3223307,1.6030203,0.102136254,0
16.50000000336149,1.3478372,1.6444886,0.121880054,0
16.550000003371675,1.3504548,1.6382729,0.12381852,0
16.60000000338186,1.3399632,1.6249822,0.12779665,0
16.650000003392048,1.3083341,1.7012129,0.1229378,0
16.700000003402238,1.3307037,1.5732663,0.09376323,0
16.75000000341242,1.3244874,1.5939139,0.088501215,0
16.80000000342261,1.3387836,1.6266046,0.118368745,0
16.850000003432793,1.3547612,1.6470103,0.1224035,0
16.90000000344298,1.3330073,1.6070919,0.10026991,0
16.950000003453166,1.3613718,1.6549761,0.101315856,0
17.000000003463352,1.3358488,1.650234,0.093539596,0
17.05000000347354,1.3438737,1.6128962,0.14727926,0
17.100000003483725,1.3201592,1.5945982,0.12943351,0
17.15000000349391,1.3578218,1.597832,0.08431268,0
17.200000003504098,1.3514156,1.5816073,0.086108804,0
17.250000003514284,1.334975,1.6186502,0.11262238,0
17.30000000352447,1.3269777,1.6128069,0.13321579,0
17.350000003534657,1.3583281,1.6152455,0.10348737,0
17.40000000354484,1.3585472,1.6076,0.110572696,0
17.45000000355503,1.3169017,1.6025531,0.10909736,0
17.500000003565212,1.336889,1.6121273,0.09371281,0
17.550000003575402,1.3508391,1.6091526,0.10112381,0
17.60000000358559,1.3296821,1.5983322,0.13256896,0
17.650000003595775,1.3571897,1.6036414,0.09599519,0
17.70000000360596,1.3457061,1.5874041,0.08486283,0
17.750000003616144,1.3311158,1.6209176,0.12898564,0
17.800000003626334,1.3567514,1.6149209,0.08957803,0
17.85000000363652,1.3421786,1.6208153,0.12598121,0
17.900000003646706,1.3466551,1.5844364,0.082915425,0
17.95000000365689,1.3263059,1.5820196,0.13818872,0
18.00000000366708,1.367082,1.5990176,0.12076616,0
18.050000003677265,1.3397593,1.6132213,0.122165084,0
18.10000000368745,1.3422,1.6020257,0.15332687,0
18.15000000369764,1.338335,1.5897977,0.11352658,0
18.200000003707824,1.3532655,1.6212094,0.093776345,0
18.25000000371801,1.3497169,1.6462003,0.08617413,0
18.3000000037282,1.3397272,1.5823847,0.09128451,0
18.350000003738383,1.321745,1.5999513,0.107997894,0
18.40000000374857,1.3702004,1.6103233,0.11400819,0
18.450000003758756,1.3241571,1.6389245,0.11631596,0
18.500000003768942,1.3072736,1.5933626,0.121225595,0
18.55000000377913,1.3400764,1.5791683,0.08439052,0
18.600000003789315,1.3626146,1.5844072,0.11508942,0
18.6500000037995,1.3535166,1.6101134,0.11986303,0
18.700000003809688,1.3644071,1.5897925,0.094187975,0
18.750000003819878,1.3179581,1.5919204,0.08507872,0
18.80000000383006,1.3551229,1.629065,0.096562505,0
18.85000000384025,1.319084,1.6189392,0.08519375,0
18.900000003850433,1.350316,1.6470859,0.102914095,0
18.95000000386062,1.340343,1.604396,0.09182,0
19.000000003870806,1.3327289,1.6006267,0.12271845,0
19.050000003880992,1.3251007,1.6882732,0.11876953,0
19.10000000389118,1.3472862,1.6203215,0.101840615,0
19.150000003901365,1.3311499,1.6178546,0.093006015,0
19.20000000391155,1.3575232,1.6195807,0.1231786,0
19.250000003921738,1.3312523,1.6651409,0.16873872,0
19.300000003931924,1.329075,1.5897787,0.09511578,0
19.35000000394211,1.3186127,1.5890374,0.1240741,0
19.400000003952297,1.3371568,1.6427388,0.12432432,0
19.45000000396248,1.3167896,1.6323557,0.12130642,0
19.50000000397267,1.3060873,1.6224743,0.09751654,0
19.550000003982852,1.320549,1.6199566,0.09163809,0
19.600000003993042,1.3448672,1.6229916,0.09675217,0
19.65000000400323,1.2947667,1.6234922,0.14294922,0
19.700000004013415,1.3541119,1.6659564,0.16081142,0
19.7500000040236,1.3215277,1.5803006,0.10293925,0
19.800000004033784,1.3562417,1.6248213,0.15989327,0
19.850000004043974,1.3376532,1.602887,0.09187484,0
19.90000000405416,1.3347768,1.60685,0.14227569,0
19.950000004064346,1.3485366,1.5900129,0.119132996,0
20.000000004074533,1.3347888,1.5844535,0.09631562,0
20.050000004084723,1.3484578,1.6771907,0.10289419,0
20.100000004094905,1.3416697,1.5638041,0.08740115,0
20.15000000410509,1.3681651,1.6696991,0.110309124,0
20.20000000411528,1.3538228,1.5789999,0.12485719,0
20.250000004125464,1.3452814,1.6099133,0.09432888,0
20.30000000413565,1.3297795,1.6444511,0.10625875,0
20.35000000414584,1.3299844,1.6001987,0.13297248,0
20.400000004156023,1.3659965,1.6293252,0.094940424,0
20.45000000416621,1.3282509,1.6300788,0.12493384,0
20.500000004176396,1.3381329,1.6077648,0.080729246,0
20.550000004186582,1.3296778,1.5810351,0.12350702,0
20.60000000419677,1.332747,1.5941348,0.10808003,0
20.650000004206955,1.2849047,1.6196418,0.12323964,0
20.70000000421714,1.2886709,1.6219728,0.13579607,0
20.750000004227328,1.3470925,1.6280637,0.10570216,0
20.800000004237518,1.3368716,1.6270182,0.12187326,0
20.8500000042477,1.326608,1.5708821,0.08379495,0
20.90000000425789,1.3437071,1.604111,0.12372267,0
20.950000004268073,1.3401234,1.6184831,0.100800395,0
21.00000000427826,1.3673816,1.6109524,0.11790991,0
21.050000004288446,1.3479569,1.5959262,0.12736273,0
21.100000004298632,1.3361981,1.6390572,0.12241125,0
21.15000000430882,1.3441318,1.5847319,0.10329127,0
21.200000004319005,1.3444972,1.6463499,0.14033306,0
21.25000000432919,1.3628063,1.5933924,0.10007012,0
21.300000004339378,1.3321178,1.6105847,0.10691643,0
21.350000004349564,1.3313069,1.617185,0.0969367,0
21.40000000435975,1.3484433,1.5860984,0.09413481,0
21.450000004369937,1.3324158,1.6091316,0.117078185,0
21.50000000438012,1.3390285,1.6062307,0.0997318,0
21.55000000439031,1.3410301,1.597731,0.099914074,0
21.600000004400492,1.31599,1.6042398,0.09647465,0
21.650000004410682,1.3521361,1.5857496,0.12893379,0
21.70000000442087,1.3416566,1.6193464,0.104151726,0
21.750000004431055,1.3228704,1.6881609,0.19175875,0
21.80000000444124,1.3645813,1.6106572,0.09224272,0
21.850000004451424,1.3579319,1.6043347,0.1386838,0
21.900000004461614,1.3453388,1.6319168,0.13551462,0
21.9500000044718,1.3115325,1.6135663,0.17363644,0
22.000000004481986,1.3301225,1.6086206,0.1122185,0
22.050000004492173,1.3593376,1.6122824,0.11588025,0
22.100000004502363,1.3701429,1.6008769,0.09831357,0
22.150000004512545,1.3556193,1.6220162,0.11054921,0
22.20000000452273,1.3422287,1.623881,0.09050655,0
22.25000000453292,1.3036683,1.6329286,0.14386702,0
22.300000004543104,1.3332516,1.5906918,0.09762704,0
22.35000000455329,1.3105254,1.5983961,0.093078375,0
22.40000000456348,1.3254931,1.6384047,0.11999023,0
22.450000004573663,1.3533635,1.6196496,0.10763991,0
22.50000000458385,1.3639219,1.5825652,0.13058043,0
22.550000004594036,1.3309896,1.6064179,0.091652036,0
22.600000004604222,1.3043772,1.5986829,0.099226594,0
22.65000000461441,1.3500715,1.632009,0.13191795,0
22.700000004624595,1.3370199,1.6307079,0.1174202,0
22.75000000463478,1.3636886,1.6029356,0.09055352,0
22.800000004644968,1.3314658,1.6246338,0.111196995,0
22.850000004655158,1.3238723,1.5903909,0.10970855,0
22.90000000466534,1.3179402,1.57668,0.12564373,0
22.95000000467553,1.3357289,1.6020036,0.104286075,0
23.000000004685713,1.3329887,1.6145673,0.10706985,0
23.0500000046959,1.3149209,1.5725464,0.12733054,0
23.100000004706086,1.3528454,1.6226394,0.093449235,0
23.150000004716272,1.3461679,1.5953231,0.10376358,0
23.20000000472646,1.3601937,1.6073169,0.13490939,0
23.250000004736645,1.3540573,1.6285536,0.09833574,0
23.30000000474683,1.3424128,1.6348403,0.109963536,0
23.350000004757018,1.3630111,1.5696305,0.093192935,0
23.400000004767204,1.3504106,1.6353096,0.08389795,0
23.45000000477739,1.3160138,1.6048205,0.11593282,0
23.500000004787577,1.3225764,1.5855691,0.10511899,0
23.55000000479776,1.3486267,1.5835285,0.10859585,0
23.60000000480795,1.3453532,1.6118599,0.11131811,0
23.650000004818132,1.3377924,1.6211033,0.11595833,0
23.700000004828322,1.3518248,1.5880835,0.11496043,0
23.75000000483851,1.3564456,1.6139884,0.114133,0
23.800000004848695,1.3209785,1.5826058,0.103488445,0
23.85000000485888,1.3341951,1.6213624,0.1065774,0
23.900000004869064,1.3567812,1.5843337,0.13908708,0
23.950000004879254,1.3459246,1.6241615,0.13424635,0
24.00000000488944,1.3405368,1.5927666,0.08732915,0
24.050000004899626,1.3288124,1.626229,0.15635657,0
24.100000004909813,1.365833,1.5781515,0.068593025,0
24.150000004920003,1.338322,1.6068493,0.08336079,0
24.200000004930185,1.3422241,1.5845503,0.10237718,0
24.25000000494037,1.346993,1.5768981,0.10293925,0
24.30000000495056,1.3507845,1.6298188,0.10721028,0
24.350000004960744,1.3374257,1.5941733,0.13998652,0
24.40000000497093,1.3669796,1.5761025,0.09334171,0
24.45000000498112,1.2901975,1.5871572,0.110420585,0
24.500000004991303,1.3142723,1.6205882,0.12418604,0
24.55000000500149,1.3451982,1.6061649,0.09556067,0
24.600000005011676,1.3296621,1.6061954,0.114969134,0
24.650000005021862,1.3146378,1.6057603,0.08896601,0
24.70000000503205,1.3402452,1.5833317,0.107581735,0
24.75000000504224,1.317059,1.6274791,0.12192583,0
24.80000000505242,1.3354595,1.604295,0.15629375,0
24.850000005062608,1.3491507,1.6471677,0.12630653,0
24.900000005072798,1.3504064,1.6237619,0.1027993,0
24.95000000508298,1.3553268,1.5802628,0.09334147,0
25.00000000509317,1.3278263,1.6586225,0.13104689,0
25.050000005103353,1.3104842,1.6320326,0.1139828,0
25.10000000511354,1.3692095,1.6042678,0.09912288,0
25.150000005123726,1.3534397,1.5877314,0.09012401,0
25.200000005133912,1.3178205,1.5974963,0.11446357,0
25.250000005144095,1.3368561,1.6069863,0.09754133,0
25.30000000515428,1.351626,1.6252297,0.10561299,0
25.350000005164468,1.3394965,1.5854194,0.10883665,0
25.400000005174654,1.3598518,1.6236899,0.14627457,0
25.45000000518484,1.3531302,1.6182755,0.10176957,0
25.500000005195027,1.3458755,1.624708,0.091713786,0
25.550000005205213,1.361006,1.6185063,0.12416291,0
25.6000000052154,1.280961,1.5961936,0.14350593,0
25.650000005225586,1.3521112,1.6422164,0.09288132,0
25.700000005235772,1.3238013,1.6096687,0.112669826,0
25.75000000524596,1.327153,1.64837,0.12693954,0
25.800000005256145,1.3595773,1.6454047,0.121997,0
25.85000000526633,1.3458204,1.6066504,0.08948386,0
25.900000005276517,1.342191,1.5795405,0.093123555,0
25.950000005286704,1.3462405,1.5762342,0.112612486,0
26.00000000529689,1.2999375,1.6363896,0.104744434,0
26.050000005307076,1.3549663,1.5888493,0.12366772,0
26.100000005317263,1.3389413,1.6002402,0.09558821,0
26.15000000532745,1.3234966,1.6370182,0.11538029,0
26.200000005337635,1.3432127,1.6492624,0.110797286,0
26.25000000534782,1.3704994,1.6060795,0.106450796,0
26.300000005358008,1.3006802,1.6115737,0.10122883,0
26.350000005368194,1.3048242,1.5875905,0.10479176,0
26.40000000537838,1.3454368,1.6121339,0.106138945,0
26.450000005388567,1.3653356,1.6074176,0.103045344,0
26.500000005398753,1.3432063,1.6197978,0.11901426,0
26.55000000540894,1.3336303,1.6248579,0.12438536,0
26.600000005419126,1.3300607,1.6355321,0.14515543,0
26.650000005429312,1.3190823,1.5912135,0.1125859,0
26.7000000054395,1.3381733,1.6474122,0.12400448,0
26.750000005449685,1.3100073,1.6426932,0.15464318,0
26.80000000545987,1.3283528,1.6252904,0.14731205,0
26.850000005470058,1.3231392,1.6179056,0.106158376,0
26.900000005480244,1.3352287,1.5865712,0.13815093,0
26.95000000549043,1.3184117,1.6325023,0.12735736,0
27.000000005500617,1.3438783,1.6188066,0.15610254,0
27.050000005510803,1.3371557,1.6025636,0.12313366,0
27.10000000552099,1.3516128,1.596849,0.1273725,0
27.150000005531176,1.2988825,1.6494086,0.12680006,0
27.200000005541362,1.3558425,1.606974,0.090332866,0
27.25000000555155,1.316987,1.6174377,0.10185373,0
27.300000005561735,1.3509803,1.6147949,0.10866046,0
27.35000000557192,1.3237244,1.5899007,0.09259355,0
27.400000005582108,1.3459904,1.5978396,0.112906694,0
27.450000005592294,1.3450153,1.6042644,0.09308088,0
27.50000000560248,1.3326365,1.6336617,0.11025405,0
27.550000005612667,1.3491216,1.6680449,0.15139902,0
27.600000005622853,1.3319991,1.6088078,0.15280259,0
27.65000000563304,1.3471423,1.6342784,0.119300365,0
27.700000005643226,1.3266606,1.6223052,0.13195229,0
27.750000005653412,1.3697093,1.6267169,0.1239171,0
27.8000000056636,1.3529385,1.6096096,0.123952985,0
27.850000005673785,1.3682127,1.5838836,0.083933234,0
27.90000000568397,1.335506,1.6077068,0.108867526,0
27.950000005694164,1.3573463,1.6052641,0.08797872,0
28.000000005704344,1.3236306,1.6432685,0.12662256,0
28.05000000571453,1.335571,1.6468098,0.1251719,0
28.100000005724716,1.3444251,1.6195579,0.114412904,0
28.150000005734903,1.3204652,1.640266,0.13512099,0
28.20000000574509,1.3498197,1.629786,0.107177496,0
28.250000005755275,1.3427536,1.6091616,0.096398115,0
28.30000000576546,1.3087058,1.5895619,0.115101814,0
28.350000005775648,1.2683522,1.6225395,0.120435,0
28.400000005785834,1.3735676,1.5975735,0.08396685,0
28.45000000579602,1.3749709,1.6116463,0.099491715,0
28.500000005806207,1.3426185,1.6229956,0.12659347,0
28.550000005816393,1.3377151,1.6153367,0.14745378,0
28.60000000582658,1.325777,1.5889139,0.15939188,0
28.650000005836766,1.3310642,1.625329,0.12892687,0
28.700000005846952,1.3637991,1.618166,0.12066257,0
28.75000000585714,1.3536937,1.6103296,0.10147667,0
28.800000005867332,1.3520676,1.636939,0.12570786,0
28.85000000587751,1.3485315,1.6175294,0.10839486,0
28.900000005887698,1.3353711,1.575738,0.11630976,0
28.950000005897884,1.3048137,1.6205008,0.102086306,0
29.00000000590807,1.3269706,1.6226511,0.10601759,0
29.050000005918257,1.3412534,1.6203,0.13514733,0
29.100000005928443,1.3141769,1.5947886,0.11077857,0
29.15000000593863,1.3324795,1.6072549,0.1303109,0
29.200000005948816,1.3599536,1.6109898,0.12383592,0
29.250000005959002,1.3401527,1.5985665,0.09256673,0
29.30000000596919,1.3419151,1.614191,0.118386745,0
29.350000005979375,1.3298918,1.6338904,0.13748825,0
29.40000000598956,1.3724946,1.58826,0.10667336,0
29.450000005999748,1.3583947,1.6100091,0.13108408,0
29.500000006009934,1.3335353,1.5900271,0.1351775,0
29.55000000602012,1.3531127,1.6398492,0.0984,0
29.600000006030314,1.3099961,1.5835507,0.1751728,0
29.650000006040493,1.3297138,1.6282918,0.13820899,0
29.70000000605068,1.3349476,1.6022171,0.12159097,0
29.750000006060873,1.3346362,1.6309183,0.13658571,0
29.800000006071052,1.3369157,1.6116123,0.1077286,0
29.85000000608124,1.309105,1.5808225,0.12587142,0
29.900000006091425,1.3430874,1.6182203,0.093881726,0
29.95000000610161,1.3700852,1.6296483,0.109341145,0
30.000000006111804,1.3400645,1.6070626,0.13098931,0
30.050000006121984,1.328677,1.6553789,0.11336589,0
30.10000000613217,1.3484144,1.6666722,0.102104425,0
30.150000006142363,1.3456242,1.6609282,0.09379709,0
30.200000006152543,1.3471293,1.6189959,0.10435343,0
30.25000000616273,1.3562608,1.5972836,0.109407425,0
30.300000006172915,1.3472519,1.6030616,0.113209486,0
30.3500000061831,1.3426723,1.5520097,0.097972155,0
30.400000006193288,1.3192444,1.6303004,0.11400664,0
30.450000006203474,1.3546464,1.6678143,0.08431828,0
30.50000000621366,1.3044856,1.6401427,0.13462937,0
30.550000006223847,1.3536514,1.6012532,0.09926033,0
30.600000006234033,1.3397074,1.6245599,0.07378101,0
30.65000000624422,1.3629712,1.5917666,0.09629369,0
30.700000006254406,1.3387984,1.6400316,0.12161708,0
30.750000006264592,1.3432491,1.6433413,0.1628418,0
30.80000000627478,1.3849468,1.5892427,0.09284055,0
30.850000006284958,1.3643724,1.6093367,0.1050334,0
30.90000000629515,1.3321925,1.6133795,0.10522449,0
30.950000006305338,1.3041625,1.6325439,0.120304465,0
31.000000006315524,1.3389701,1.5797296,0.1152097,0
31.05000000632571,1.3203263,1.6115762,0.10649037,0
31.100000006335897,1.3218601,1.6065382,0.10458326,0
31.150000006346083,1.3326757,1.6084741,0.14679837,0
31.20000000635627,1.3230048,1.6045864,0.11379039,0
31.250000006366456,1.3482417,1.5879803,0.08690643,0
31.300000006376642,1.341387,1.632341,0.13257253,0
31.35000000638683,1.3796855,1.5728116,0.09975469,0
31.400000006397008,1.3420651,1.5908288,0.13538098,0
31.4500000064072,1.308838,1.5973182,0.10318756,0
31.500000006417388,1.3205458,1.626296,0.1226325,0
31.550000006427574,1.322162,1.6152217,0.08194506,0
31.60000000643776,1.3518654,1.5993333,0.110435605,0
31.650000006447947,1.330667,1.5974464,0.1219244,0
31.700000006458133,1.3360463,1.5867482,0.11962068,0
31.75000000646832,1.3279455,1.617173,0.09875846,0
31.800000006478506,1.3405292,1.6079639,0.15749645,0
31.850000006488692,1.3454349,1.6299713,0.08168626,0
31.90000000649888,1.3395574,1.5919684,0.11015344,0
31.950000006509065,1.3281441,1.5943899,0.091639996,0
32.00000000651925,1.3455882,1.6147804,0.13958073,0
32.050000006529444,1.3551134,1.5935633,0.11200452,0
32.100000006539624,1.3222383,1.574084,0.10506725,0
32.15000000654981,1.3320373,1.5964966,0.1213783,0
32.20000000656,1.3696907,1.6069824,0.12440574,0
32.25000000657018,1.3670113,1.6096113,0.117311835,0
32.30000000658037,1.3364528,1.5746748,0.10451126,0
32.35000000659056,1.3390954,1.5800458,0.11674011,0
32.40000000660074,1.3603598,1.6215732,0.111904025,0
32.45000000661093,1.3637941,1.6352208,0.09436703,0
32.500000006621114,1.335618,1.6184007,0.12421155,0
32.5500000066313,1.3519957,1.6240923,0.15506065,0
32.60000000664149,1.3169415,1.5944963,0.07418692,0
32.65000000665167,1.3487768,1.6104306,0.11801112,0
32.70000000666186,1.3116717,1.6027758,0.112795234,0
32.750000006672046,1.3551956,1.6121799,0.10703492,0
32.80000000668223,1.3669349,1.6141562,0.09154773,0
32.85000000669242,1.3505294,1.6479241,0.14023161,0
32.90000000670261,1.3247583,1.6136446,0.12864816,0
32.95000000671279,1.3621904,1.6194428,0.094462395,0
33.00000000672298,1.3325526,1.6058304,0.10630643,0
33.050000006733164,1.3343427,1.6094214,0.15082622,0
33.10000000674335,1.3450669,1.5986092,0.113482356,0
33.15000000675354,1.3442004,1.5956953,0.080266595,0
33.20000000676372,1.3254966,1.5766536,0.15967238,0
33.25000000677391,1.3048675,1.6386654,0.12201953,0
33.300000006784096,1.2869508,1.6008497,0.12681735,0
33.35000000679428,1.2975993,1.6564679,0.13483,0
33.40000000680447,1.3427132,1.6658185,0.13407397,0
33.450000006814655,1.3477716,1.604121,0.120388985,0
33.50000000682484,1.3670602,1.6232265,0.11205387,0
33.55000000683503,1.344239,1.6275197,0.12237477,0
33.600000006845214,1.3691883,1.6048414,0.11269319,0
33.6500000068554,1.3639591,1.6370866,0.09942663,0
33.700000006865594,1.3168004,1.5900164,0.10876906,0
33.75000000687577,1.3433338,1.613545,0.13004577,0
33.80000000688596,1.265253,1.5901406,0.1235342,0
33.85000000689615,1.3425813,1.6006674,0.100271225,0
33.90000000690633,1.3246126,1.5914066,0.110717654,0
33.95000000691652,1.3635732,1.6171968,0.12736058,0
34.000000006926705,1.3195803,1.6394383,0.14303613,0
34.05000000693689,1.3422861,1.6239327,0.14288282,0
34.100000006947084,1.3346575,1.5925585,0.107231855,0
34.150000006957264,1.31515,1.6046227,0.118404865,0
34.20000000696745,1.3312532,1.5823483,0.11071122,0
34.25000000697764,1.3098259,1.6862677,0.12281418,0
34.30000000698782,1.3511219,1.6301625,0.14053011,0
34.35000000699801,1.3382714,1.6357749,0.12083173,0
34.400000007008195,1.3493186,1.588342,0.09480429,0
34.45000000701838,1.360785,1.6086568,0.08524907,0
34.50000000702857,1.3459729,1.6174407,0.11403203,0
34.550000007038754,1.3139756,1.5976881,0.11182058,0
34.60000000704894,1.3566495,1.6182054,0.09479773,0
34.65000000705913,1.3437984,1.6013501,0.09850347,0
34.70000000706931,1.3604681,1.6357881,0.119142175,0
34.7500000070795,1.3397305,1.6389507,0.118950605,0
34.800000007089686,1.362699,1.640501,0.09305072,0
34.85000000709987,1.3403268,1.6152987,0.12222707,0
34.90000000711006,1.3315237,1.6426061,0.12419164,0
34.95000000712024,1.3468943,1.6409755,0.12925124,0
35.00000000713043,1.3395537,1.626793,0.13853943,0
35.05000000714062,1.3463343,1.5872043,0.0745033,0
35.100000007150804,1.3540995,1.6315451,0.11540198,0
35.15000000716099,1.324074,1.5864223,0.091641426,0
35.20000000717118,1.346998,1.6124549,0.11794078,0
35.25000000718136,1.351391,1.6219072,0.09714258,0
35.30000000719155,1.3488314,1.6223617,0.10194409,0
35.350000007201736,1.355233,1.6186521,0.12247169,0
35.40000000721192,1.355259,1.5885158,0.084384084,0
35.45000000722211,1.342728,1.6111345,0.105989575,0
35.50000000723229,1.3188281,1.6096301,0.13435674,0
35.55000000724248,1.3089383,1.6328566,0.109457135,0
35.60000000725267,1.3252991,1.609787,0.10420668,0
35.650000007262854,1.2833567,1.6055093,0.15388107,0
35.70000000727304,1.3110279,1.5930514,0.12658739,0
35.75000000728323,1.3269831,1.5838219,0.12548196,0
35.80000000729341,1.3498611,1.6049874,0.09956801,0
35.8500000073036,1.3353909,1.6500912,0.09616041,0
35.900000007313785,1.3330746,1.6054629,0.103643775,0
35.95000000732397,1.3112011,1.6159117,0.13127983,0
36.00000000733416,1.3020277,1.5834877,0.122439265,0
36.050000007344345,1.3583766,1.5786104,0.1182456,0
36.10000000735453,1.2963278,1.6260383,0.113762856,0
36.150000007364724,1.3532593,1.6327035,0.110095024,0
36.2000000073749,1.3704997,1.5756977,0.0829314,0
36.25000000738509,1.3281322,1.6028382,0.08897936,0
36.30000000739528,1.3124369,1.6984468,0.17583823,0
36.35000000740546,1.319052,1.6063418,0.09070754,0
36.40000000741565,1.329696,1.5842372,0.108042,0
36.45000000742584,1.3283967,1.5937719,0.1013155,0
36.50000000743602,1.3025941,1.594864,0.1218729,0
36.55000000744621,1.3346093,1.6032952,0.10003924,0
36.600000007456394,1.3611329,1.6391581,0.111968875,0
36.65000000746658,1.3511059,1.6255889,0.116422296,0
36.70000000747677,1.3603085,1.6321474,0.118685246,0
36.75000000748695,1.3452163,1.6089156,0.08141208,0
36.80000000749714,1.3390317,1.6405998,0.11852634,0
36.850000007507326,1.3060509,1.6001201,0.11454129,0
36.90000000751751,1.3529848,1.6159904,0.13106418,0
36.9500000075277,1.3500597,1.6051652,0.11171508,0
37.00000000753789,1.3346566,1.6314223,0.112802625,0
37.05000000754807,1.3283782,1.6242452,0.10163665,0
37.10000000755826,1.3547091,1.6166883,0.1109432,0
37.150000007568444,1.3164005,1.6110628,0.118599296,0
37.20000000757863,1.3302344,1.5904652,0.09423256,0
37.25000000758882,1.3556827,1.6118735,0.12378466,0
37.300000007599,1.3273683,1.5825989,0.14601135,0
37.35000000760919,1.3569474,1.6347157,0.120120764,0
37.400000007619376,1.3379879,1.6068687,0.1104666,0
37.45000000762956,1.3295579,1.6123555,0.15561104,0
37.50000000763975,1.3181553,1.6257035,0.10728145,0
37.550000007649935,1.3139298,1.5866284,0.09974146,0
37.60000000766012,1.3420051,1.6214961,0.13778174,0
37.65000000767031,1.3598771,1.6357033,0.11309481,0
37.700000007680494,1.3277824,1.6664089,0.11255574,0
37.75000000769068,1.3311065,1.6076803,0.08020949,0
37.80000000770087,1.318578,1.5941601,0.08170247,0
37.85000000771105,1.3201262,1.5827684,0.100389004,0
37.90000000772124,1.3413156,1.6491339,0.13677752,0
37.950000007731425,1.3375802,1.6040854,0.09648359,0
38.00000000774161,1.35622,1.613085,0.10350394,0
38.0500000077518,1.3104695,1.657272,0.1204108,0
38.100000007761984,1.33936,1.6315728,0.14191842,0
38.15000000777217,1.2921987,1.6191342,0.13226831,0
38.200000007782364,1.345557,1.5831027,0.08029723,0
38.25000000779254,1.3532062,1.6004264,0.11482477,0
38.30000000780273,1.3284363,1.641732,0.13693464,0
38.35000000781292,1.3382989,1.6171675,0.11478412,0
38.4000000078231,1.2991291,1.6162895,0.12533784,0
38.45000000783329,1.3244374,1.6201353,0.12373316,0
38.500000007843475,1.3445129,1.6522043,0.14705932,0
38.55000000785366,1.3096755,1.5802394,0.12799549,0
38.60000000786385,1.3793993,1.5808825,0.100640655,0
38.650000007874034,1.3284527,1.58123,0.1273613,0
38.70000000788422,1.3243128,1.6423209,0.12631297,0
38.75000000789441,1.3174844,1.6014181,0.10345781,0
38.80000000790459,1.3380982,1.5714169,0.09580505,0
38.85000000791478,1.3403578,1.6268946,0.113072634,0
38.900000007924966,1.3254858,1.6363043,0.18218422,0
38.95000000793515,1.3048966,1.6067809,0.14158392,0
39.00000000794534,1.3341682,1.6144155,0.09394395,0
39.05000000795552,1.3563837,1.6004348,0.12878525,0
39.10000000796571,1.3389995,1.6441681,0.11201036,0
39.1500000079759,1.3378997,1.6252959,0.093651295,0
39.200000007986084,1.3531747,1.6072323,0.09345937,0
39.25000000799627,1.2860507,1.581505,0.12407172,0
39.30000000800646,1.3360858,1.6076336,0.087106705,0
39.35000000801664,1.3382759,1.5997388,0.11611009,0
39.40000000802683,1.3519692,1.63544,0.11914134,0
39.450000008037016,1.3198282,1.617033,0.11009097,0
39.5000000080472,1.3083222,1.6038496,0.11614478,0
39.55000000805739,1.3338596,1.5974431,0.10610676,0
39.60000000806757,1.3520736,1.5810913,0.12953663,0
39.65000000807776,1.349846,1.5734282,0.098511934,0
39.70000000808795,1.3569391,1.6389512,0.116342664,0
39.750000008098134,1.354767,1.5945227,0.10812473,0
39.80000000810832,1.3509213,1.6059656,0.11134124,0
39.850000008118506,1.3686489,1.6326869,0.08855617,0
39.90000000812869,1.3403385,1.6355591,0.09729993,0
39.95000000813888,1.3109984,1.5981433,0.101741195,0
40.00000000814906,1.3519504,1.6021111,0.13321853,0
40.05000000815925,1.3248703,1.5990148,0.11543608,0
40.10000000816944,1.341629,1.5958109,0.098398685,0
40.150000008179624,1.3527942,1.594585,0.09827912,0
40.20000000818981,1.3292812,1.6007063,0.14148808,0
40.250000008200004,1.3080325,1.5880733,0.13692403,0
40.30000000821018,1.3705144,1.5951071,0.09484792,0
40.35000000822037,1.372826,1.5877159,0.13492239,0
40.40000000823056,1.3266462,1.599937,0.09929752,0
40.45000000824074,1.3549495,1.6363034,0.11628866,0
40.50000000825093,1.3346243,1.6043669,0.09245634,0
40.55000000826112,1.3441528,1.5963099,0.090500355,0
40.6000000082713,1.3279061,1.591518,0.09398663,0
40.65000000828149,1.3179753,1.633826,0.11428547,0
40.700000008291674,1.3344944,1.6244171,0.11204076,0
40.75000000830186,1.3630427,1.5830026,0.1286745,0
40.80000000831205,1.3650833,1.6103007,0.09981632,0
40.85000000832223,1.3263125,1.6189564,0.110705614,0
40.90000000833242,1.3410169,1.6192175,0.1314826,0
40.950000008342606,1.3211406,1.6398551,0.08554709,0
41.00000000835279,1.355577,1.6000454,0.09643555,0
41.05000000836298,1.2947192,1.5918376,0.10584128,0
41.10000000837317,1.3466502,1.6008216,0.122410655,0
41.15000000838335,1.3468823,1.6215159,0.086043715,0
41.20000000839354,1.353934,1.6215962,0.0999583,0
41.250000008403724,1.3371248,1.582939,0.14804411,0
41.30000000841391,1.3116231,1.6357595,0.117344975,0
41.3500000084241,1.3320566,1.6186051,0.09872699,0
41.40000000843428,1.3574129,1.6141356,0.11697471,0
41.45000000844447,1.3644308,1.6279782,0.084825635,0
41.500000008454656,1.3423301,1.6046025,0.0994575,0
41.55000000846484,1.3545823,1.638711,0.09672415,0
41.60000000847503,1.354914,1.5937586,0.10034704,0
41.650000008485215,1.3695121,1.6002326,0.11374247,0
41.7000000084954,1.3330216,1.6312716,0.13445711,0
41.750000008505594,1.3639718,1.5939833,0.11857855,0
41.800000008515774,1.3345252,1.6014814,0.08335793,0
41.85000000852596,1.3369095,1.5941912,0.11525333,0
41.90000000853615,1.3183159,1.6036272,0.10712016,0
41.95000000854633,1.3070385,1.6443369,0.10537946,0
42.00000000855652,1.3449116,1.5897571,0.12741315,0
42.050000008566705,1.3344575,1.6030772,0.14740694,0
42.10000000857689,1.3509395,1.6126306,0.12849402,0
42.15000000858708,1.3305534,1.5848627,0.1043576,0
42.200000008597264,1.2888353,1.6104915,0.13616157,0
42.25000000860745,1.3222514,1.6036279,0.10860729,0
42.300000008617644,1.3602965,1.6042306,0.088166595,0
42.35000000862782,1.3569039,1.597336,0.12118924,0
42.40000000863801,1.3104517,1.5946625,0.123661995,0
42.4500000086482,1.3460164,1.6181333,0.12860179,0
42.50000000865838,1.3511862,1.6605217,0.14387584,0
42.55000000866857,1.313879,1.6058466,0.08120477,0
42.600000008678755,1.3435881,1.5950968,0.09869468,0
42.65000000868894,1.3408968,1.6105855,0.12486303,0
42.70000000869913,1.3229277,1.6181297,0.10943699,0
42.750000008709314,1.3525579,1.5768284,0.07758331,0
42.8000000087195,1.3238436,1.6218529,0.10484338,0
42.85000000872969,1.3276988,1.6453356,0.10170007,0
42.90000000873987,1.3055494,1.6107796,0.118917584,0
42.95000000875006,1.3501645,1.6133757,0.14713168,0
43.000000008760246,1.3322085,1.598306,0.087852,0
43.05000000877043,1.3116246,1.6027503,0.11284232,0
43.10000000878062,1.3380411,1.6065626,0.0864259,0
43.1500000087908,1.3222082,1.6051323,0.16296077,0
43.20000000880099,1.3366066,1.6222408,0.087860346,0
43.25000000881118,1.3731779,1.618381,0.11323607,0
43.300000008821364,1.3423903,1.6284885,0.11503959,0
43.35000000883155,1.3346964,1.6170584,0.11191344,0
43.40000000884174,1.347898,1.6218231,0.12542093,0
43.45000000885192,1.3337754,1.6165656,0.10595894,0
43.50000000886211,1.3681114,1.6632574,0.11688495,0
43.550000008872296,1.3370563,1.6337299,0.11641765,0
43.60000000888248,1.3560097,1.6682197,0.17181754,0
43.65000000889267,1.3183771,1.5905542,0.089781046,0
43.70000000890285,1.3324041,1.5845178,0.10772848,0
43.75000000891304,1.3379024,1.6431737,0.124415755,0
43.80000000892323,1.3153242,1.5823574,0.08858287,0
43.850000008933414,1.3298862,1.5965534,0.1001513,0
43.9000000089436,1.3583405,1.5977798,0.08365691,0
43.950000008953786,1.3375324,1.6236637,0.12726152,0
44.00000000896397,1.3465704,1.581949,0.105911374,0
44.05000000897416,1.3420596,1.6213481,0.11813879,0
44.10000000898434,1.3400627,1.6217,0.09132993,0
44.15000000899453,1.344125,1.6571957,0.13056922,0
44.20000000900472,1.3237226,1.6124656,0.105113626,0
44.250000009014904,1.3370185,1.6235222,0.11533594,0
44.30000000902509,1.3556666,1.6003876,0.120649934,0
44.350000009035284,1.3524537,1.5988007,0.13273859,0
44.40000000904546,1.3754524,1.6234767,0.100684166,0
44.45000000905565,1.3514745,1.5942322,0.10171032,0
44.50000000906584,1.3576983,1.5869845,0.097033024,0
44.55000000907602,1.3374882,1.642332,0.13308287,0
44.60000000908621,1.3404691,1.6144942,0.119311094,0
44.6500000090964,1.3481021,1.586265,0.08758211,0
44.70000000910658,1.3514469,1.5845484,0.11777222,0
44.75000000911677,1.3355563,1.6058042,0.0828594,0
44.800000009126954,1.3276906,1.6373426,0.12456167,0
44.85000000913714,1.3420302,1.6159351,0.11953294,0
44.90000000914733,1.3263942,1.6084694,0.11619699,0
44.95000000915751,1.3349786,1.6234833,0.10087478,0
45.0000000091677,1.3524723,1.6111344,0.08852589,0
45.050000009177886,1.3412073,1.6106465,0.09354746,0
45.10000000918807,1.3074982,1.5951718,0.085633755,0
45.15000000919826,1.3276362,1.6104612,0.10531628,0
45.20000000920845,1.3402897,1.6059854,0.09264767,0
45.25000000921863,1.3577518,1.6251812,0.11080086,0
45.30000000922882,1.3522063,1.6006107,0.095543146,0
45.350000009239004,1.358721,1.6206502,0.09407365,0
45.40000000924919,1.318079,1.5824664,0.0855248,0
45.45000000925938,1.3620965,1.5973867,0.11075938,0
45.50000000926956,1.3603176,1.6175343,0.10088837,0
45.55000000927975,1.3560348,1.6047077,0.10048473,0
45.600000009289936,1.3574839,1.6483754,0.11408067,0
45.65000000930012,1.3525093,1.6328456,0.09835887,0
45.70000000931031,1.3439579,1.6358156,0.13941348,0
45.750000009320495,1.3455492,1.5902278,0.12995577,0
45.80000000933068,1.3523691,1.6051565,0.08165789,0
45.850000009340874,1.3463591,1.6269149,0.1388098,0
45.900000009351054,1.3229852,1.6043674,0.122697234,0
45.95000000936124,1.3229059,1.5936966,0.09969151,0
46.00000000937143,1.3534302,1.5829467,0.07996464,0
46.05000000938161,1.3056391,1.6241767,0.10076904,0
46.1000000093918,1.3343887,1.6453006,0.1090194,0
46.150000009401985,1.3676833,1.5920198,0.105989575,0
46.20000000941217,1.3464477,1.6033111,0.12817276,0
46.25000000942236,1.3431288,1.6248323,0.107203126,0
46.300000009432544,1.3734068,1.6126785,0.109699965,0
46.35000000944273,1.3468828,1.5920784,0.11886513,0
46.400000009452924,1.3051498,1.6764054,0.119317174,0
46.4500000094631,1.3772321,1.5952922,0.090298414,0
46.50000000947329,1.371795,1.623409,0.106763124,0
46.55000000948348,1.3139284,1.649366,0.15296388,0
46.60000000949366,1.3230565,1.6262482,0.12050784,0
46.65000000950385,1.3273884,1.6092563,0.12156308,0
46.700000009514035,1.3535701,1.6401149,0.105853915,0
46.75000000952422,1.3303244,1.62975,0.12460506,0
46.80000000953441,1.3294613,1.6449361,0.15283275,0
46.850000009544594,1.338399,1.6099514,0.11818552,0
46.90000000955478,1.3342309,1.6252898,0.080351114,0
46.95000000956497,1.3419663,1.6421862,0.1417073,0
47.00000000957515,1.3228581,1.6215241,0.18251967,0
47.05000000958534,1.3329322,1.6409893,0.14558685,0
47.100000009595526,1.3329034,1.6104017,0.14518976,0
47.15000000960571,1.3261063,1.6145012,0.12855291,0
47.2000000096159,1.3203013,1.6629113,0.10505867,0
47.25000000962608,1.3291082,1.6223731,0.105727196,0
47.30000000963627,1.2998737,1.6035256,0.12215614,0
47.35000000964646,1.3421715,1.6093307,0.087067366,0
47.400000009656644,1.3367312,1.5916234,0.07844174,0
47.45000000966683,1.3328546,1.60195,0.1066277,0
47.50000000967702,1.3089108,1.6157658,0.12830973,0
47.5500000096872,1.3034343,1.587196,0.121032715,0
47.60000000969739,1.3576609,1.6297351,0.11205602,0
47.650000009707576,1.3262014,1.5865825,0.092713,0
47.70000000971776,1.3365657,1.633144,0.09578681,0
47.75000000972795,1.3372767,1.6449752,0.14452231,0
47.800000009738135,1.3336542,1.6248692,0.112252355,0
47.85000000974832,1.3057628,1.6305628,0.11372006,0
47.90000000975851,1.3533945,1.5835809,0.08174944,0
47.950000009768694,1.3594109,1.6221666,0.12268162,0
48.00000000977888,1.3640547,1.6154181,0.1372788,0
48.050000009789066,1.3374035,1.6460142,0.1477654,0
48.10000000979925,1.3300418,1.6178689,0.121466756,0
48.15000000980944,1.3222145,1.6173491,0.12751007,0
48.20000000981962,1.3574053,1.5892017,0.115065575,0
48.25000000982981,1.3321574,1.6266527,0.08857119,0
48.30000000984,1.3688524,1.6419282,0.09398174,0
48.350000009850184,1.3234313,1.6350002,0.10712743,0
48.40000000986037,1.3414806,1.6198192,0.11059606,0
48.450000009870564,1.3448353,1.6129327,0.13172996,0
48.50000000988074,1.34904,1.6185997,0.09789896,0
48.55000000989093,1.3359079,1.5750253,0.08855903,0
48.60000000990112,1.3537714,1.6252027,0.10365844,0
48.6500000099113,1.3162513,1.6185294,0.09592092,0
48.70000000992149,1.3054981,1.6243069,0.118968844,0
48.75000000993168,1.3639766,1.633321,0.12456679,0
48.80000000994186,1.3470292,1.6940552,0.107150555,0
48.85000000995205,1.3448961,1.6090913,0.10032964,0
48.900000009962234,1.3462796,1.5810392,0.13888931,0
48.95000000997242,1.3344055,1.6267037,0.12091851,0
49.00000000998261,1.3527585,1.5810114,0.100426316,0
49.05000000999279,1.344739,1.6057234,0.09946334,0
49.10000001000298,1.3406377,1.6483438,0.12177682,0
49.150000010013166,1.3579285,1.6357898,0.08968425,0
49.20000001002335,1.3494396,1.6012938,0.096811175,0
49.25000001003354,1.3484095,1.5991021,0.101976395,0
49.30000001004373,1.3453315,1.5758275,0.10909176,0
49.35000001005391,1.2857604,1.617658,0.13870656,0
49.4000000100641,1.3375056,1.6069939,0.13625634,0
49.450000010074284,1.3352392,1.5974187,0.10105252,0
49.50000001008447,1.3201408,1.632517,0.08818543,0
49.55000001009466,1.3345529,1.6058074,0.09304273,0
49.60000001010484,1.3618064,1.6037378,0.12288737,0
49.65000001011503,1.355068,1.5928386,0.12441301,0
49.700000010125216,1.3509252,1.601078,0.08392787,0
49.7500000101354,1.3003427,1.6040801,0.12412429,0
49.80000001014559,1.302341,1.5989635,0.10422158,0
49.850000010155775,1.3063676,1.6220021,0.11724579,0
49.90000001016596,1.3181317,1.6060147,0.12912393,0
49.950000010176154,1.3308544,1.6367948,0.12591887,0
50.000000010186334,1.3432007,1.5948976,0.11389446,0
50.05000001019652,1.3402551,1.6155046,0.10482812,0
50.10000001020671,1.3506589,1.6355163,0.13527226,0
50.15000001021689,1.3457538,1.5969508,0.08030486,0
50.20000001022708,1.3614902,1.5922922,0.11588955,0
50.250000010237265,1.3288993,1.6261191,0.08641553,0
50.30000001024745,1.3483328,1.6555855,0.13893962,0
50.35000001025764,1.3315655,1.6178931,0.10588336,0
50.400000010267824,1.3590277,1.5958995,0.13238442,0
50.45000001027801,1.3381631,1.6007793,0.09459925,0
50.500000010288204,1.3466095,1.6189077,0.10240781,0
50.55000001029838,1.3170214,1.5849943,0.08922279,0
50.60000001030857,1.3319279,1.589688,0.12343836,0
50.65000001031876,1.3403856,1.5942811,0.08738589,0
50.70000001032894,1.3428069,1.6060901,0.09932053,0
50.75000001033913,1.3338268,1.6082788,0.08901787,0
50.800000010349315,1.3427587,1.6081144,0.12928176,0
50.8500000103595,1.3175867,1.6040279,0.11988139,0
50.90000001036969,1.336163,1.6060449,0.109642744,0
50.950000010379874,1.3076823,1.5868835,0.09841883,0
51.00000001039006,1.3475285,1.622991,0.09164274,0
51.05000001040025,1.2899494,1.5864649,0.13451755,0
51.10000001041043,1.3505216,1.5984105,0.13464737,0
51.15000001042062,1.3113772,1.5930076,0.11021209,0
51.200000010430806,1.3119025,1.5998585,0.11440575,0
51.25000001044099,1.330888,1.6163121,0.105374575,0
51.30000001045118,1.3486907,1.6149056,0.09635067,0
51.35000001046136,1.3543332,1.601753,0.09896517,0
51.40000001047155,1.3209431,1.6207142,0.09730649,0
51.45000001048174,1.3352013,1.6428542,0.083096266,0
51.500000010491924,1.3448172,1.6066439,0.11024177,0
51.55000001050211,1.3502723,1.6216749,0.13489664,0
51.6000000105123,1.3352106,1.6003463,0.110853314,0
51.65000001052248,1.3458998,1.6433041,0.12488961,0
51.70000001053267,1.3382862,1.6214198,0.14688277,0
51.75000001054285,1.3030679,1.6019256,0.1476705,0
51.80000001055304,1.3498491,1.5926772,0.12353051,0
51.85000001056323,1.3491721,1.614567,0.112077594,0
51.900000010573414,1.3340527,1.628211,0.12306607,0
51.9500000105836,1.3456793,1.6275411,0.09209216,0
52.00000001059379,1.3606498,1.6105547,0.08129358,0
52.05000001060397,1.3295178,1.6213484,0.13737595,0
52.10000001061416,1.3069546,1.606685,0.105498314,0
52.150000010624346,1.3215603,1.5958859,0.08748722,0
52.20000001063453,1.3334124,1.6071723,0.083966374,0
52.25000001064472,1.3358861,1.5903062,0.13710427,0
52.3000000106549,1.2625827,1.6801006,0.12620449,0
52.35000001066509,1.3284955,1.6000583,0.12186527,0
52.40000001067528,1.3309574,1.669743,0.104148746,0
52.450000010685464,1.314697,1.5799332,0.1704719,0
52.50000001069565,1.3344771,1.5974361,0.12701142,0
52.550000010705844,1.3149272,1.6386831,0.13353813,0
52.60000001071602,1.366929,1.6461616,0.08709121,0
52.65000001072621,1.3200493,1.6219025,0.12597609,0
52.7000000107364,1.3501757,1.6052516,0.07616186,0
52.75000001074658,1.357465,1.6011106,0.09153569,0
52.80000001075677,1.3318112,1.6171081,0.09977722,0
52.85000001076696,1.3213992,1.6107608,0.12534928,0
52.90000001077714,1.3180863,1.6125847,0.121593,0
52.95000001078733,1.3323717,1.639451,0.15279722,0
53.000000010797514,1.3176436,1.6137499,0.12857783,0
53.0500000108077,1.3383026,1.5958108,0.09940863,0
53.10000001081789,1.3502333,1.6205794,0.13386655,0
53.15000001082807,1.3110278,1.5982367,0.09525263,0
53.20000001083826,1.3439983,1.603228,0.09020281,0
53.250000010848446,1.3264657,1.5852969,0.101532936,0
53.30000001085863,1.3423111,1.5836809,0.11872721,0
53.35000001086882,1.3651453,1.6234118,0.11152434,0
53.40000001087901,1.3463455,1.5978329,0.07812142,0
53.45000001088919,1.3503958,1.5910505,0.12256813,0
53.50000001089938,1.3135931,1.5866877,0.10821378,0
53.550000010909564,1.3501303,1.6413355,0.12301707,0
53.60000001091975,1.3537824,1.615196,0.109999776,0
53.650000010929936,1.351516,1.6280818,0.08829677,0
53.70000001094012,1.3674908,1.6042717,0.10139418,0
53.75000001095031,1.3611256,1.601685,0.084451914,0
53.800000010960495,1.3163924,1.6356878,0.12926102,0
53.85000001097068,1.350084,1.6248951,0.12710977,0
53.90000001098087,1.3266051,1.6024472,0.10604501,0
53.950000010991054,1.2976644,1.5961351,0.106060505,0
54.00000001100124,1.3320978,1.5997634,0.105379224,0
54.050000011011434,1.3169558,1.6458216,0.12523699,0
54.10000001102161,1.3187217,1.5603328,0.11916196,0
54.1500000110318,1.3487722,1.6159588,0.08860946,0
54.20000001104199,1.3548744,1.6332581,0.13472152,0
54.25000001105217,1.3707638,1.6117179,0.115315795,0
54.30000001106236,1.3715637,1.5967036,0.07641041,0
54.350000011072545,1.3274293,1.612966,0.10782099,0
54.40000001108273,1.3183516,1.5940355,0.10611534,0
54.45000001109292,1.3006006,1.5839595,0.1204741,0
54.500000011103104,1.3232002,1.5929049,0.13868272,0
54.55000001111329,1.3386608,1.5989001,0.10586667,0
54.600000011123484,1.3463057,1.6021779,0.10358858,0
54.65000001113366,1.3429346,1.6179609,0.12238741,0
54.70000001114385,1.3411654,1.6151518,0.09690881,0
54.75000001115404,1.3756586,1.6444182,0.12777233,0
54.80000001116422,1.3425636,1.5963256,0.0986613,0
54.85000001117441,1.3528739,1.6102421,0.10361028,0
54.900000011184595,1.3400584,1.6332505,0.10528529,0
54.95000001119478,1.331012,1.5969906,0.112259865,0
55.00000001120497,1.3191578,1.6324128,0.10445106,0
55.050000011215154,1.3363495,1.6086621,0.112259984,0
55.10000001122534,1.3235061,1.649325,0.13091052,0
55.15000001123553,1.3620931,1.5925575,0.095719814,0
55.20000001124571,1.3268664,1.610459,0.12907565,0
55.2500000112559,1.3434501,1.6122532,0.09656334,0
55.300000011266086,1.3457597,1.6145961,0.09975386,0
55.35000001127627,1.3279531,1.6114081,0.116957426,0
55.40000001128646,1.3066543,1.6087015,0.08602607,0
55.45000001129664,1.3271074,1.627918,0.07968557,0
55.50000001130683,1.3527406,1.6214235,0.13242829,0
55.55000001131702,1.323607,1.596083,0.10344231,0
55.600000011327204,1.3464305,1.6114563,0.090372324,0
55.65000001133739,1.3292301,1.6056247,0.097619295,0
55.700000011347576,1.3394545,1.6215897,0.11574197,0
55.75000001135776,1.3297457,1.5974495,0.15542328,0
55.80000001136795,1.345467,1.6214359,0.12503374,0
55.85000001137813,1.3440119,1.5953428,0.09988117,0
55.90000001138832,1.3483799,1.6356056,0.13920343,0
55.95000001139851,1.3652502,1.5993387,0.0998863,0
56.000000011408694,1.3312144,1.6529708,0.09325254,0
56.05000001141888,1.3575376,1.6305851,0.1276313,0
56.10000001142907,1.333695,1.6387229,0.15147388,0
56.15000001143925,1.3545487,1.6605017,0.12737167,0
56.20000001144944,1.3526609,1.6232854,0.13210535,0
56.250000011459626,1.3511021,1.6420664,0.12542045,0
56.30000001146981,1.3534122,1.6547952,0.102172256,0
56.35000001148,1.3204477,1.6341445,0.09810078,0
56.40000001149018,1.360949,1.6045983,0.12593806,0
56.45000001150037,1.3504237,1.615681,0.111490846,0
56.50000001151056,1.3052633,1.590811,0.1362474,0
56.550000011520744,1.3441577,1.621696,0.12529385,0
56.60000001153093,1.3633305,1.6114197,0.09290981,0
56.650000011541124,1.35234,1.6275058,0.12580872,0
56.7000000115513,1.3436766,1.6086649,0.10144031,0
56.75000001156149,1.2835586,1.6048301,0.10522854,0
56.80000001157168,1.3419162,1.6163247,0.097910166,0
56.85000001158186,1.3396562,1.607526,0.11768079,0
56.90000001159205,1.3202602,1.6078526,0.10808301,0
56.95000001160224,1.3556216,1.6119243,0.0980618,0
57.00000001161242,1.3178296,1.5943278,0.17862034,0
57.05000001162261,1.3552923,1.5976316,0.109494805,0
57.100000011632794,1.325972,1.620556,0.108854175,0
57.15000001164298,1.338535,1.6259962,0.13532817,0
57.20000001165317,1.3622582,1.6294528,0.11064625,0
57.25000001166335,1.3451562,1.5999496,0.10078263,0
57.30000001167354,1.3096855,1.6391014,0.13395643,0
57.350000011683726,1.3299885,1.6272806,0.12785077,0
57.40000001169391,1.347889,1.5924842,0.10852778,0
57.4500000117041,1.3576092,1.614948,0.11367321,0
57.50000001171429,1.3565547,1.6357858,0.1131773,0
57.55000001172447,1.3520007,1.6508698,0.1149559,0
57.60000001173466,1.3176973,1.6118103,0.10355723,0
57.650000011744844,1.3286589,1.6111214,0.15651,0
57.70000001175503,1.3332801,1.5863055,0.09928739,0
57.750000011765216,1.3336669,1.6292853,0.10317397,0
57.8000000117754,1.3314976,1.6313547,0.13119626,0
57.85000001178559,1.3632927,1.593471,0.11714542,0
57.900000011795775,1.3060367,1.6311078,0.1144619,0
57.95000001180596,1.3427078,1.6560061,0.12705958,0
58.00000001176521,1.3441811,1.622581,0.12919855,0
58.0500000115935,1.355633,1.6357542,0.11314571,0
58.100000011421784,1.3604492,1.6288266,0.10163081,0
58.15000001125007,1.3193004,1.6161126,0.12190533,0
58.20000001107836,1.3469293,1.5994022,0.10258865,0
58.250000010906646,1.3125913,1.6238084,0.10881519,0
58.300000010734934,1.3742458,1.6065147,0.11320782,0
58.35000001056322,1.3549031,1.6444315,0.10876584,0
58.40000001039151,1.3522338,1.6111965,0.106051564,0
58.450000010219796,1.3354394,1.6148521,0.093045115,0
58.50000001004808,1.3273969,1.6174507,0.12428987,0
58.55000000987637,1.3548886,1.6071855,0.11034036,0
58.60000000970466,1.3206578,1.5852667,0.08483529,0
58.650000009532945,1.3541636,1.589541,0.093138814,0
58.70000000936123,1.3239242,1.6037316,0.112683654,0
58.75000000918952,1.3294326,1.6018428,0.105392456,0
58.80000000901781,1.3296889,1.6014451,0.106435895,0
58.850000008846095,1.3240756,1.6434718,0.12086332,0
58.90000000867438,1.2920977,1.6012514,0.12469745,0
58.95000000850267,1.3725626,1.6224086,0.11924791,0
59.00000000833096,1.3461223,1.6490486,0.12830758,0
59.050000008159245,1.3100237,1.617247,0.09358013,0
59.10000000798753,1.3306172,1.6262425,0.1344254,0
59.15000000781582,1.3588407,1.6244806,0.09125137,0
59.20000000764411,1.3454924,1.6237049,0.08698511,0
59.250000007472394,1.3294573,1.597814,0.09266901,0
59.30000000730068,1.3558246,1.6215186,0.09651601,0
59.35000000712897,1.3059406,1.6089665,0.12749612,0
59.40000000695726,1.3156269,1.6045786,0.10884011,0
59.450000006785544,1.354743,1.6049975,0.10268688,0
59.50000000661383,1.3298844,1.6306447,0.12410116,0
59.55000000644212,1.3294612,1.6607803,0.13817179,0
59.600000006270406,1.3386037,1.5953141,0.10707724,0
59.65000000609869,1.3090155,1.586967,0.12884355,0
59.70000000592698,1.3412721,1.6380813,0.09384179,0
59.75000000575527,1.3268925,1.6423111,0.08252907,0
59.800000005583556,1.3353572,1.6086695,0.112267375,0
59.85000000541184,1.3486384,1.6276488,0.07360232,0
59.90000000524013,1.3152801,1.6201836,0.11096382,0
59.95000000506842,1.3386168,1.6210055,0.12460339,0
60.000000004896705,1.3513544,1.5701877,0.1393851,0
60.05000000472499,1.3546224,1.6063069,0.1067965,0
60.10000000455328,1.3425039,1.6186129,0.103525996,0
60.15000000438157,1.3416777,1.6328984,0.10909426,0
60.200000004209855,1.2999831,1.658352,0.10362065,0
60.25000000403814,1.366563,1.6026198,0.10621762,0
60.30000000386643,1.3237247,1.6303947,0.11743975,0
60.35000000369472,1.3542235,1.601641,0.1232816,0
60.400000003523004,1.3389872,1.6200345,0.10656762,0
60.45000000335129,1.3278633,1.6340528,0.13720965,0
60.50000000317958,1.343337,1.5867977,0.0892787,0
60.55000000300787,1.3670053,1.5569787,0.11420798,0
60.600000002836154,1.349824,1.5907563,0.083845735,0
60.65000000266444,1.3220222,1.6491275,0.12487984,0
60.70000000249273,1.2763155,1.6026475,0.11536133,0
60.750000002321016,1.3328928,1.6202016,0.10584438,0
60.800000002149304,1.3096306,1.6496766,0.12646747,0
60.85000000197759,1.3272007,1.6097589,0.09429693,0
60.90000000180588,1.3403637,1.6052033,0.098493695,0
60.950000001634166,1.3626087,1.6240163,0.12761414,0
61.00000000146245,1.3244467,1.6485399,0.12479174,0
61.05000000129074,1.334583,1.6170821,0.0944736,0
61.10000000111903,1.3613353,1.5587947,0.1064738,0
61.150000000947315,1.356908,1.618125,0.09643018,0
61.2000000007756,1.3375788,1.6213224,0.098713875,0
61.25000000060389,1.3518858,1.6229501,0.1056515,0
61.30000000043218,1.3637458,1.6266323,0.12550569,0
61.350000000260465,1.3657014,1.6090817,0.10146332,0
61.40000000008875,1.3322968,1.602133,0.11612487,0
61.44999999991704,1.3539059,1.6032805,0.12693703,0
61.49999999974533,1.3495995,1.6077893,0.09996343,0
61.549999999573615,1.351108,1.6487949,0.13038039,0
61.5999999994019,1.335499,1.6344868,0.11284888,0
61.64999999923019,1.3463074,1.572875,0.11812925,0
61.69999999905848,1.344337,1.593616,0.13175714,0
61.749999998886764,1.3480515,1.5732449,0.09942222,0
61.79999999871505,1.3548374,1.636449,0.12156713,0
61.84999999854334,1.3173687,1.6316073,0.12580872,0
61.89999999837163,1.3126069,1.6484661,0.15206397,0
61.949999998199914,1.3110075,1.593175,0.09640491,0
61.9999999980282,1.363461,1.5845914,0.09665418,0
62.04999999785649,1.3582455,1.6307411,0.099563956,0
62.099999997684776,1.3317817,1.6046613,0.09209156,0
62.14999999751306,1.3732691,1.597486,0.08465111,0
62.19999999734135,1.3596977,1.5745006,0.0996331,0
62.24999999716964,1.3020096,1.6175284,0.12888598,0
62.299999996997926,1.3156902,1.6102047,0.08675182,0
62.34999999682621,1.3480957,1.6373351,0.11763239,0
62.3999999966545,1.3224578,1.5989436,0.11199117,0
62.44999999648279,1.3203495,1.6096442,0.09732044,0
62.499999996311075,1.3473951,1.6084437,0.11204159,0
62.54999999613936,1.3441211,1.6457103,0.16646361,0
62.59999999596765,1.3454976,1.6017021,0.10529995,0
62.64999999579594,1.3304688,1.602034,0.12397134,0
62.699999995624225,1.3502675,1.6233544,0.10716236,0
62.74999999545251,1.3490798,1.6208899,0.09611416,0
62.7999999952808,1.3379334,1.627515,0.11730158,0
62.84999999510909,1.3425456,1.5954561,0.10284209,0
62.899999994937374,1.3468605,1.5759332,0.101962805,0
62.94999999476566,1.3451581,1.6283982,0.11175227,0
62.99999999459395,1.3426834,1.6549873,0.13237882,0
63.04999999442224,1.3627528,1.5958321,0.124474764,0
63.099999994250524,1.3336592,1.6111813,0.090807796,0
63.14999999407881,1.3300818,1.6199161,0.14870715,0
63.1999999939071,1.3309739,1.6421443,0.09587109,0
63.249999993735386,1.3277118,1.6160321,0.11566162,0
63.299999993563674,1.3062527,1.6297805,0.11821425,0
63.34999999339196,1.330658,1.6213168,0.124914646,0
63.39999999322025,1.3519852,1.6376425,0.120996594,0
63.449999993048536,1.271719,1.6097646,0.11706817,0
63.49999999287682,1.346602,1.593365,0.11002159,0
63.54999999270511,1.3452743,1.5990691,0.11597884,0
63.5999999925334,1.3368359,1.6039019,0.13061726,0
63.649999992361685,1.3265603,1.6147219,0.10957694,0
63.69999999218997,1.3187612,1.6435304,0.14712822,0
63.74999999201826,1.3188512,1.5930492,0.14690864,0
63.79999999184655,1.3441565,1.5935473,0.112071276,0
63.849999991674835,1.340012,1.5919785,0.14855433,0
63.89999999150312,1.3502178,1.6375006,0.114892125,0
63.94999999133141,1.3109814,1.6353216,0.13891947,0
63.9999999911597,1.3294126,1.6209145,0.12768877,0
64.04999999098798,1.3838135,1.6022974,0.09356499,0
64.09999999081627,1.3398371,1.5999769,0.09483194,0
64.14999999064456,1.3310311,1.6461343,0.12948835,0
64.19999999047285,1.3472391,1.6314716,0.114825726,0
64.24999999030113,1.3444779,1.6078668,0.10782385,0
64.29999999012942,1.3634014,1.6169506,0.097708225,0
64.34999998995771,1.3069732,1.6251287,0.11998379,0
64.399999989786,1.3431962,1.6183311,0.102752686,0
64.44999998961428,1.337064,1.5800169,0.1093061,0
64.49999998944257,1.3785503,1.6309196,0.13451743,0
64.54999998927086,1.34484,1.6069808,0.11330104,0
64.59999998909915,1.3473423,1.6255022,0.120357275,0
64.64999998892743,1.3356735,1.6949267,0.0958997,0
64.69999998875572,1.3450217,1.646632,0.14014721,0
64.74999998858401,1.3389611,1.5874305,0.12866497,0
64.7999999884123,1.3393974,1.6522909,0.13745534,0
64.84999998824058,1.3544446,1.600539,0.096960425,0
64.89999998806887,1.3420058,1.5967054,0.109211326,0
64.94999998789716,1.3616408,1.6074461,0.11443317,0
64.99999998772545,1.3569694,1.614387,0.13396573,0
65.04999998755373,1.3389553,1.6054034,0.088849545,0
65.09999998738202,1.317932,1.613823,0.13492739,0
65.14999998721031,1.3442855,1.5914872,0.11001718,0
65.1999999870386,1.3564672,1.6131972,0.11280799,0
65.24999998686688,1.3430712,1.6354777,0.13907552,0
65.29999998669517,1.3386865,1.5964903,0.14721704,0
65.34999998652346,1.3075182,1.6230707,0.13515079,0
65.39999998635174,1.3102319,1.6042752,0.12539232,0
65.44999998618003,1.3290148,1.627797,0.12151265,0
65.49999998600832,1.3324099,1.6391026,0.10572982,0
65.5499999858366,1.3537767,1.6424216,0.108922005,0
65.5999999856649,1.3343467,1.5882323,0.101569295,0
65.64999998549318,1.2945104,1.5732958,0.1299566,0
65.69999998532147,1.3582157,1.608319,0.08857584,0
65.74999998514976,1.34898,1.6079891,0.093853235,0
65.79999998497804,1.2876997,1.663805,0.10108745,0
65.84999998480633,1.3462286,1.5949451,0.10965192,0
65.89999998463462,1.3051112,1.5749123,0.088798285,0
65.9499999844629,1.3311088,1.6233419,0.09994757,0
65.9999999842912,1.3617736,1.6346338,0.13306725,0
66.04999998411948,1.3526207,1.6555792,0.15917706,0
66.09999998394777,1.346698,1.603339,0.08983433,0
66.14999998377606,1.3376893,1.6326656,0.1310389,0
66.19999998360434,1.305192,1.6148839,0.118481755,0
66.24999998343263,1.320613,1.5987195,0.10385394,0
66.29999998326092,1.3235413,1.6296532,0.13325107,0
66.3499999830892,1.3148925,1.6447971,0.100969434,0
66.39999998291749,1.3287194,1.6570766,0.11731756,0
66.44999998274578,1.3435806,1.6195041,0.096086025,0
66.49999998257407,1.302678,1.628064,0.10964954,0
66.54999998240235,1.3481401,1.6132779,0.11182189,0
66.59999998223064,1.3049697,1.5997739,0.1194973,0
66.64999998205893,1.3423778,1.6112119,0.11953187,0
66.69999998188722,1.3590364,1.6417148,0.11910629,0
66.7499999817155,1.3380105,1.6210625,0.09765482,0
66.79999998154379,1.3299061,1.592099,0.120226264,0
66.84999998137208,1.3271306,1.6363084,0.124810815,0
66.89999998120037,1.3368378,1.6362112,0.11440647,0
66.94999998102865,1.3282082,1.613091,0.11368847,0
66.99999998085694,1.3681664,1.6218008,0.10473049,0
67.04999998068523,1.3387713,1.5825671,0.08697498,0
67.09999998051352,1.3572316,1.6086411,0.09664178,0
67.1499999803418,1.3410013,1.6479311,0.12532258,0
67.19999998017009,1.3227023,1.6059173,0.105492115,0
67.24999997999838,1.3603683,1.5949184,0.11631203,0
67.29999997982667,1.3043605,1.6093403,0.112155676,0
67.34999997965495,1.3417667,1.5872166,0.14340222,0
67.39999997948324,1.3270905,1.5976787,0.097376466,0
67.44999997931153,1.3165574,1.6262914,0.10790956,0
67.49999997913982,1.3081555,1.5994656,0.1770134,0
67.5499999789681,1.3429539,1.5859092,0.10136831,0
67.59999997879639,1.314534,1.6032969,0.11516845,0
67.64999997862468,1.3636981,1.5749793,0.08948672,0
67.69999997845296,1.3217041,1.6049066,0.10276282,0
67.74999997828125,1.3582386,1.6408579,0.100528955,0
67.79999997810954,1.3191094,1.604808,0.101794004,0
67.84999997793783,1.3575473,1.6113199,0.118682265,0
67.89999997776611,1.3685453,1.6099447,0.09810996,0
67.9499999775944,1.3356004,1.6485808,0.11883974,0
67.99999997742269,1.345209,1.632905,0.12957764,0
68.04999997725098,1.3524181,1.6160507,0.13506651,0
68.09999997707926,1.3431697,1.6166021,0.10563898,0
68.14999997690755,1.3198264,1.6288508,0.11359739,0
68.19999997673584,1.3242359,1.622911,0.12650883,0
68.24999997656413,1.3630092,1.6412938,0.13614881,0
68.29999997639241,1.3194182,1.6121798,0.12365186,0
68.3499999762207,1.3298554,1.5867454,0.10544455,0
68.39999997604899,1.3187943,1.6335493,0.12840438,0
68.44999997587728,1.3213754,1.5941119,0.11162138,0
68.49999997570556,1.3610122,1.6549748,0.111968994,0
68.54999997553385,1.3431108,1.5934855,0.14205813,0
68.59999997536214,1.3372658,1.5974176,0.12822795,0
68.64999997519043,1.3277354,1.5714667,0.09536588,0
68.69999997501871,1.3347125,1.6186606,0.11053014,0
68.749999974847,1.3381058,1.5998424,0.1186986,0
68.79999997467529,1.3554859,1.5925,0.10437727,0
68.84999997450358,1.3686309,1.6019458,0.107260466,0
68.89999997433186,1.340401,1.613741,0.14476788,0
68.94999997416015,1.3350055,1.6041445,0.12671351,0
68.99999997398844,1.330322,1.6337405,0.12859559,0
69.04999997381672,1.3275707,1.5896152,0.13964331,0
69.09999997364501,1.3453588,1.6369812,0.11756289,0
69.1499999734733,1.2966244,1.6083037,0.18854451,0
69.19999997330159,1.3465931,1.608054,0.12554789,0
69.24999997312987,1.336887,1.629112,0.114641786,0
69.29999997295816,1.3189052,1.5867994,0.10637379,0
69.34999997278645,1.357628,1.5963757,0.0998019,0
69.39999997261474,1.3496609,1.6057334,0.09226036,0
69.44999997244302,1.3647213,1.6131245,0.10967386,0
69.49999997227131,1.362226,1.5913004,0.1162982,0
69.5499999720996,1.3497303,1.6319501,0.1196748,0
69.59999997192789,1.3634315,1.636256,0.11371255,0
69.64999997175617,1.3577543,1.5796101,0.09644961,0
69.69999997158446,1.3122997,1.6441727,0.097417116,0
69.74999997141275,1.3195026,1.6129861,0.09457159,0
69.79999997124104,1.3324041,1.6091015,0.099122286,0
69.84999997106932,1.3264582,1.6207552,0.11799657,0
69.89999997089761,1.3511918,1.606109,0.12436974,0
69.9499999707259,1.3297714,1.6305488,0.11202359,0
69.99999997055419,1.3577766,1.6147177,0.10171127,0
70.04999997038247,1.3367826,1.6172541,0.12085199,0
70.09999997021076,1.3411486,1.610148,0.0943439,0
70.14999997003905,1.3222201,1.6003249,0.09102309,0
70.19999996986733,1.3309795,1.6400082,0.09828472,0
70.24999996969562,1.3570379,1.6005813,0.0835346,0
70.29999996952391,1.3491632,1.6185603,0.14523995,0
70.3499999693522,1.3526903,1.6072493,0.13106394,0
70.39999996918048,1.3363674,1.6044166,0.099271655,0
70.44999996900877,1.3096161,1.5975521,0.12614918,0
70.49999996883706,1.3568556,1.644019,0.10525334,0
70.54999996866535,1.3387256,1.5975739,0.09889865,0
70.59999996849363,1.3415437,1.6039585,0.10984874,0
70.64999996832192,1.3241973,1.6226115,0.16097164,0
70.69999996815021,1.324612,1.5996864,0.12311351,0
70.7499999679785,1.36079,1.6171378,0.12094128,0
70.79999996780678,1.3459812,1.6100059,0.13128698,0
70.84999996763507,1.3570578,1.6065712,0.11338043,0
70.89999996746336,1.3465865,1.6150849,0.12679315,0
70.94999996729165,1.3274801,1.6333617,0.104411244,0
70.99999996711993,1.3338594,1.6769059,0.11524594,0
71.04999996694822,1.3326783,1.6623135,0.12340212,0
71.09999996677651,1.3303171,1.5999482,0.09948766,0
71.1499999666048,1.3275764,1.626148,0.13669562,0
71.19999996643308,1.354073,1.6254116,0.10280311,0
71.24999996626137,1.3525821,1.5848197,0.13636768,0
71.29999996608966,1.3548303,1.5945266,0.10772371,0
71.34999996591795,1.3589277,1.6115446,0.11698735,0
71.39999996574623,1.3417817,1.5898476,0.117456675,0
71.44999996557452,1.3329202,1.6254375,0.10420847,0
71.49999996540281,1.3660228,1.5907054,0.11914611,0
71.5499999652311,1.3587428,1.5937018,0.08735883,0
71.59999996505938,1.3499713,1.6239281,0.12497926,0
71.64999996488767,1.3498406,1.617774,0.116229296,0
71.69999996471596,1.327523,1.6172506,0.10913479,0
71.74999996454424,1.3523581,1.5817939,0.11631453,0
71.79999996437253,1.3670137,1.610644,0.09663987,0
71.84999996420082,1.3300347,1.6108687,0.09973848,0
71.8999999640291,1.3241203,1.6535621,0.10963142,0
71.9499999638574,1.3366175,1.6226536,0.100045085,0
71.99999996368568,1.3130407,1.620245,0.107863426,0
72.04999996351397,1.2867272,1.6241431,0.10205996,0
72.09999996334226,1.3449277,1.6065814,0.10456133,0
72.14999996317054,1.333273,1.6731669,0.11849332,0
72.19999996299883,1.3100834,1.6129749,0.1519692,0
72.24999996282712,1.3685285,1.6009274,0.15602458,0
72.2999999626554,1.3355297,1.6094393,0.119095325,0
72.3499999624837,1.3727437,1.6276966,0.12255168,0
72.39999996231198,1.3205315,1.5928135,0.111144066,0
72.44999996214027,1.3185363,1.6184835,0.101837635,0
72.49999996196856,1.3162532,1.5961916,0.11205745,0
72.54999996179684,1.3478401,1.6074334,0.08402574,0
72.59999996162513,1.3677465,1.6120125,0.091646194,0
72.64999996145342,1.3439558,1.5971849,0.121500134,0
72.6999999612817,1.3385516,1.6150908,0.12401962,0
72.74999996110999,1.3353955,1.598342,0.123991966,0
72.79999996093828,1.3656634,1.6030095,0.08735263,0
72.84999996076657,1.336458,1.6012508,0.08460486,0
72.89999996059485,1.3321986,1.6231611,0.10910392,0
72.94999996042314,1.3183222,1.6050594,0.09714639,0
72.99999996025143,1.3231997,1.6058623,0.14910161,0
73.04999996007972,1.3498538,1.6507448,0.12813628,0
73.099999959908,1.355891,1.6425402,0.12247765,0
73.14999995973629,1.3577558,1.5845896,0.11544073,0
73.19999995956458,1.3448428,1.5989436,0.09585464,0
73.24999995939287,1.3219182,1.6107986,0.10565364,0
73.29999995922115,1.3406032,1.6317503,0.10914183,0
73.34999995904944,1.3566773,1.6173922,0.0863601,0
73.39999995887773,1.3489784,1.6157407,0.1105957,0
73.44999995870602,1.3623054,1.6185601,0.104972124,0
73.4999999585343,1.3138944,1.5720667,0.14836264,0
73.54999995836259,1.3343585,1.6028363,0.15081048,0
73.59999995819088,1.351763,1.573552,0.08277798,0
73.64999995801917,1.3441656,1.5929861,0.1256516,0
73.69999995784745,1.352586,1.6007421,0.10468423,0
73.74999995767574,1.339155,1.6287417,0.1179831,0
73.79999995750403,1.3467556,1.642881,0.11554241,0
73.84999995733232,1.347502,1.6047406,0.12283802,0
73.8999999571606,1.3436058,1.5925655,0.12807012,0
73.94999995698889,1.3419058,1.6196955,0.11965728,0
73.99999995681718,1.3578194,1.638522,0.11395979,0
74.04999995664546,1.3059106,1.5911262,0.11773026,0
74.09999995647375,1.3451419,1.6433846,0.09857619,0
74.14999995630204,1.31815,1.637044,0.12725365,0
74.19999995613033,1.3383948,1.5993367,0.09707868,0
74.24999995595861,1.3314546,1.6128296,0.10778308,0
74.2999999557869,1.2940873,1.6296917,0.10190046,0
74.34999995561519,1.3373172,1.6404953,0.13115299,0
74.39999995544348,1.3481504,1.6070585,0.09556985,0
74.44999995527176,1.339766,1.5892123,0.09634018,0
74.49999995510005,1.3166242,1.6139411,0.1439395,0
74.54999995492834,1.3461255,1.585645,0.093606114,0
74.59999995475663,1.3560598,1.6222978,0.12725592,0
74.64999995458491,1.357554,1.6441584,0.121549845,0
74.6999999544132,1.3104048,1.6015856,0.11882055,0
74.74999995424149,1.3253727,1.6548377,0.11167693,0
74.79999995406978,1.337389,1.6683228,0.072490096,0
74.84999995389806,1.3423759,1.6296679,0.10705936,0
74.89999995372635,1.3291425,1.5652992,0.13281894,0
74.94999995355464,1.3269621,1.6163638,0.16193783,0
74.99999995338293,1.3146577,1.6087573,0.11682284,0
75.04999995321121,1.3472264,1.6199877,0.12034178,0
75.0999999530395,1.3394378,1.6219436,0.12554145,0
75.14999995286779,1.3409103,1.575709,0.13732708,0
75.19999995269607,1.3441975,1.5970757,0.10058856,0
75.24999995252436,1.3479109,1.6302599,0.10964489,0
75.29999995235265,1.3136755,1.6172075,0.08992827,0
75.34999995218094,1.3405454,1.6035408,0.14351666,0
75.39999995200922,1.3397925,1.6707879,0.096515775,0
75.44999995183751,1.3713834,1.6144289,0.10343099,0
75.4999999516658,1.289752,1.6223176,0.148247,0
75.54999995149409,1.3672103,1.6694605,0.114245534,0
75.59999995132237,1.3548213,1.5919973,0.079004526,0
75.64999995115066,1.3401494,1.6065576,0.11416483,0
75.69999995097895,1.3378847,1.6289293,0.106734395,0
75.74999995080724,1.3387238,1.6131992,0.11230028,0
75.79999995063552,1.3385491,1.6073847,0.10223973,0
75.84999995046381,1.3255311,1.5949688,0.083345294,0
75.8999999502921,1.3431464,1.6284871,0.12334216,0
75.94999995012039,1.3622742,1.5929419,0.10862744,0
75.99999994994867,1.3670387,1.5961943,0.10340202,0
76.04999994977696,1.3159071,1.6330922,0.13953745,0
76.09999994960525,1.3611544,1.5983644,0.104424715,0
76.14999994943354,1.3597195,1.6088163,0.0926497,0
76.19999994926182,1.314642,1.6042076,0.13158691,0
76.24999994909011,1.3571292,1.6090121,0.12312901,0
76.2999999489184,1.3372189,1.5725656,0.08724809,0
76.34999994874669,1.3044999,1.588011,0.12777245,0
76.39999994857497,1.3719978,1.6221391,0.098196626,0
76.44999994840326,1.293134,1.625248,0.131333,0
76.49999994823155,1.3523233,1.5871257,0.109145045,0
76.54999994805983,1.3391976,1.578758,0.09893775,0
76.59999994788812,1.3385166,1.5945408,0.12128568,0
76.64999994771641,1.3236113,1.6430527,0.13790774,0
76.6999999475447,1.318916,1.5885618,0.10696387,0
76.74999994737298,1.3397318,1.6090904,0.12314105,0
76.79999994720127,1.3430251,1.599115,0.090069294,0
76.84999994702956,1.3345256,1.5964274,0.10037136,0
76.89999994685785,1.3524683,1.6251129,0.10393262,0
76.94999994668613,1.3526595,1.5822403,0.14832675,0
76.99999994651442,1.3381569,1.6058731,0.12551498,0
77.04999994634271,1.3576747,1.6066839,0.11997986,0
77.099999946171,1.3580071,1.578372,0.11063039,0
77.14999994599928,1.337091,1.6158645,0.11946237,0
77.19999994582757,1.3486166,1.6166437,0.09548378,0
77.24999994565586,1.3408269,1.6038334,0.10407257,0
77.29999994548415,1.329851,1.59168,0.0788573,0
77.34999994531243,1.3285172,1.6267704,0.106850624,0
77.39999994514072,1.3369648,1.5999391,0.12056887,0
77.44999994496901,1.3452412,1.6172056,0.10274124,0
77.4999999447973,1.3440087,1.6631085,0.13051116,0
77.54999994462558,1.3477135,1.6499789,0.15656602,0
77.59999994445387,1.3671745,1.5907074,0.1338011,0
77.64999994428216,1.3278852,1.5926867,0.07985151,0
77.69999994411044,1.3543319,1.6352445,0.112461805,0
77.74999994393873,1.3392698,1.6197938,0.097185254,0
77.79999994376702,1.3063513,1.6312013,0.10859275,0
77.84999994359531,1.3365461,1.6254256,0.17097282,0
77.8999999434236,1.3366939,1.632004,0.12602198,0
77.94999994325188,1.3272799,1.5844406,0.11147773,0
77.99999994308017,1.3457615,1.5851551,0.10400331,0
78.04999994290846,1.346961,1.6020848,0.11155295,0
78.09999994273674,1.3575578,1.6273932,0.08214831,0
78.14999994256503,1.3394576,1.6197133,0.1532433,0
78.19999994239332,1.3296509,1.5995319,0.09085667,0
78.2499999422216,1.37702,1.5784736,0.09635961,0
78.2999999420499,1.3416061,1.6057081,0.1435628,0
78.34999994187818,1.312117,1.5876505,0.10751891,0
78.39999994170647,1.3169366,1.6115433,0.10293746,0
78.44999994153476,1.3619652,1.599574,0.09697044,0
78.49999994136304,1.3406594,1.6067319,0.11032975,0
78.54999994119133,1.3634489,1.6074598,0.106285095,0
78.59999994101962,1.351836,1.606271,0.10407603,0
78.6499999408479,1.3305694,1.6059921,0.13777077,0
78.6999999406762,1.3179554,1.5794648,0.10651159,0
78.74999994050448,1.3308482,1.6105341,0.09550476,0
78.79999994033277,1.3497245,1.5914695,0.10412288,0
78.84999994016106,1.3581847,1.6199358,0.119142294,0
78.89999993998934,1.3787757,1.6154366,0.11801255,0
78.94999993981763,1.2998812,1.6302276,0.14260066,0
78.99999993964592,1.3638089,1.6151376,0.11873543,0
79.0499999394742,1.3366239,1.630653,0.107245326,0
79.09999993930249,1.305469,1.5994573,0.13105702,0
79.14999993913078,1.3493007,1.6267483,0.1410259,0
79.19999993895907,1.3613534,1.5785768,0.08334756,0
79.24999993878735,1.3385286,1.6278113,0.16260529,0
79.29999993861564,1.3134646,1.6170566,0.107513666,0
79.34999993844393,1.3367337,1.6335571,0.13715494,0
79.39999993827222,1.3647003,1.595964,0.13020527,0
79.4499999381005,1.3344111,1.5992227,0.09244418,0
79.49999993792879,1.3461008,1.595698,0.095492005,0
79.54999993775708,1.3370336,1.5639688,0.10849893,0
79.59999993758537,1.3354812,1.592787,0.09573257,0
79.64999993741365,1.3394719,1.628992,0.088585615,0
79.69999993724194,1.3508981,1.5853584,0.084699035,0
79.74999993707023,1.3491313,1.619951,0.123548865,0
79.79999993689852,1.3540905,1.6317692,0.13536704,0
79.8499999367268,1.2968771,1.6483943,0.18829179,0
79.89999993655509,1.3570087,1.6254872,0.11035061,0
79.94999993638338,1.3518081,1.6435425,0.12868059,0
79.99999993621167,1.3406007,1.5997698,0.1445682,0
80.04999993603995,1.357864,1.5677543,0.11877704,0
80.09999993586824,1.3442302,1.6253228,0.1489048,0
80.14999993569653,1.3475381,1.5822532,0.096509576,0
80.19999993552481,1.3304081,1.606933,0.09085107,0
80.2499999353531,1.324511,1.6219387,0.0973655,0
80.29999993518139,1.3538492,1.5941415,0.09091008,0
80.34999993500968,1.3345997,1.6101372,0.08641434,0
80.39999993483796,1.3387238,1.591327,0.12904418,0
80.44999993466625,1.3561958,1.6116525,0.09100473,0
80.49999993449454,1.3165174,1.5944003,0.10355401,0
80.54999993432283,1.3303504,1.5981283,0.09411657,0
80.59999993415111,1.3218309,1.5974282,0.12209129,0
80.6499999339794,1.3377621,1.6092534,0.11001551,0
80.69999993380769,1.3273301,1.5996943,0.12212038,0
80.74999993363598,1.3289725,1.628108,0.12693095,0
80.79999993346426,1.314336,1.5793273,0.110131025,0
80.84999993329255,1.3118504,1.612861,0.11261654,0
80.89999993312084,1.3431542,1.6012092,0.09691048,0
80.94999993294913,1.3238666,1.6003482,0.10849416,0
80.99999993277741,1.3409055,1.6092169,0.11082113,0
81.0499999326057,1.3048859,1.5959082,0.116404295,0
81.09999993243399,1.3302121,1.62048,0.11154854,0
81.14999993226228,1.3438118,1.6698523,0.1412704,0
81.19999993209056,1.3114856,1.5880475,0.11298132,0
81.24999993191885,1.3200543,1.6079502,0.105549455,0
81.29999993174714,1.3258047,1.6292789,0.1108644,0
81.34999993157543,1.3475797,1.5976804,0.08794832,0
81.39999993140371,1.3318216,1.6051542,0.14773011,0
81.449999931232,1.3516085,1.6068662,0.09086108,0
81.49999993106029,1.33892,1.646458,0.15005589,0
81.54999993088857,1.3120497,1.5923686,0.11241722,0
81.59999993071686,1.359622,1.6112858,0.0946399,0
81.64999993054515,1.3205037,1.5731347,0.07568383,0
81.69999993037344,1.3422363,1.6092706,0.1138767,0
81.74999993020172,1.3583308,1.5909781,0.091560006,0
81.79999993003001,1.3715357,1.6048863,0.110456586,0
81.8499999298583,1.358404,1.6281023,0.13170016,0
81.89999992968659,1.3524461,1.6166079,0.08778143,0
81.94999992951487,1.3678858,1.6308217,0.108213186,0
81.99999992934316,1.3199633,1.6052885,0.121768475,0
82.04999992917145,1.3112651,1.6637919,0.12184203,0
82.09999992899974,1.3231207,1.6201187,0.10829961,0
82.14999992882802,1.3047296,1.625088,0.13355279,0
82.19999992865631,1.3159753,1.6087652,0.11384821,0
82.2499999284846,1.3621968,1.6184349,0.10711992,0
82.29999992831289,1.3401104,1.6559172,0.11060858,0
82.34999992814117,1.2924962,1.6231568,0.13197076,0
82.39999992796946,1.3313936,1.6211641,0.11601913,0
82.44999992779775,1.349376,1.5836751,0.12745667,0
82.49999992762604,1.3325226,1.6078424,0.13158834,0
82.54999992745432,1.299004,1.6328495,0.1193583,0
82.5999999272826,1.2899925,1.598728,0.16319239,0
82.6499999271109,1.2989157,1.625929,0.14775586,0
82.69999992693919,1.3130718,1.5843302,0.1086179,0
82.74999992676749,1.3343585,1.57254,0.08869791,0
82.79999992659576,1.3493867,1.596957,0.09136295,0
82.84999992642405,1.3435739,1.6481473,0.118222475,0
82.89999992625232,1.3643934,1.6196811,0.08913934,0
82.94999992608062,1.3738275,1.6423761,0.11134148,0
82.99999992590892,1.3443179,1.6444796,0.070244074,0
83.0499999257372,1.3376007,1.6021187,0.10065377,0
83.09999992556548,1.3626404,1.6053103,0.105986714,0
83.14999992539376,1.3620902,1.5959293,0.10116947,0
83.19999992522206,1.2914288,1.6378088,0.11520028,0
83.24999992505036,1.305818,1.6684768,0.16542315,0
83.29999992487865,1.3422693,1.6154892,0.1413995,0
83.34999992470692,1.3304765,1.6095711,0.11465061,0
83.3999999245352,1.3514316,1.5898035,0.09340131,0
83.44999992436348,1.3396542,1.615418,0.08869541,0
83.49999992419178,1.337254,1.6149151,0.14123738,0
83.54999992402009,1.3646375,1.6084645,0.092428446,0
83.59999992384836,1.3442845,1.6231741,0.11235249,0
83.64999992367665,1.3724089,1.6115096,0.11276007,0
83.69999992350492,1.3281269,1.608548,0.1121459,0
83.74999992333322,1.3228171,1.603142,0.11293149,0
83.79999992316152,1.3572266,1.5904839,0.103086114,0
83.8499999229898,1.3300073,1.6149223,0.14481544,0
83.89999992281808,1.350141,1.6191686,0.10252273,0
83.94999992264636,1.285721,1.6222315,0.103066206,0
83.99999992247466,1.3340061,1.5744823,0.12573767,0
84.04999992230294,1.3628204,1.581857,0.09091878,0
84.09999992213125,1.3520839,1.6303183,0.12517333,0
84.14999992195952,1.3442931,1.5948865,0.13837028,0
84.1999999217878,1.3358166,1.6202931,0.10415399,0
84.24999992161608,1.3433826,1.6214931,0.10668993,0
84.29999992144438,1.3444648,1.6343338,0.12638342,0
84.34999992127268,1.342727,1.6227612,0.12164569,0
84.39999992110096,1.3467227,1.6434057,0.12428355,0
84.44999992092924,1.3417366,1.6329597,0.16114235,0
84.49999992075752,1.348138,1.6733676,0.16822267,0
84.54999992058582,1.362381,1.5957941,0.08413744,0
84.59999992041412,1.3256345,1.6083575,0.095731616,0
84.64999992024241,1.3109791,1.5894549,0.099865794,0
84.69999992007068,1.3324444,1.5868508,0.15087032,0
84.74999991989897,1.3492775,1.5890443,0.09050238,0
84.79999991972726,1.3733258,1.6076429,0.08976495,0
84.84999991955554,1.340363,1.590276,0.0749805,0
84.89999991938384,1.3555168,1.6505842,0.1107291,0
84.94999991921212,1.3479315,1.629811,0.13417232,0
84.9999999190404,1.3265524,1.5938103,0.112731576,0
85.04999991886868,1.3469985,1.5802708,0.099717736,0
85.09999991869698,1.3601023,1.5847396,0.09269321,0
85.14999991852527,1.3344893,1.6390265,0.11368823,0
85.19999991835356,1.3450533,1.5962051,0.1694187,0
85.24999991818184,1.3087938,1.628761,0.105353355,0
85.29999991801012,1.3696654,1.5882958,0.113461256,0
85.34999991783842,1.3229483,1.6335703,0.119505286,0
85.3999999176667,1.3475834,1.6087902,0.12632108,0
85.449999917495,1.343611,1.6063063,0.10116136,0
85.49999991732328,1.316958,1.6352148,0.16821098,0
85.54999991715157,1.3683592,1.6405321,0.11680961,0
85.59999991697985,1.3400745,1.6132654,0.09061015,0
85.64999991680814,1.3361838,1.6188802,0.117535114,0
85.69999991663644,1.3359576,1.6437192,0.124421,0
85.74999991646472,1.3238413,1.6217787,0.1376102,0
85.799999916293,1.3186154,1.5855448,0.10407257,0
85.84999991612128,1.3568106,1.6277653,0.13124728,0
85.89999991594958,1.3269355,1.582294,0.103690624,0
85.94999991577787,1.3496168,1.6067667,0.10289562,0
85.99999991560617,1.3182373,1.6224779,0.108368754,0
86.04999991543444,1.3527842,1.609065,0.107236624,0
86.09999991526273,1.3495424,1.6039859,0.10754061,0
86.149999915091,1.3447592,1.5984483,0.0940578,0
86.1999999149193,1.3446722,1.6071918,0.094055176,0
86.2499999147476,1.34691,1.5959989,0.09297943,0
86.29999991457588,1.3372889,1.6270132,0.1103673,0
86.34999991440417,1.345473,1.6078851,0.1368295,0
86.39999991423244,1.3448973,1.5917159,0.10005903,0
86.44999991406074,1.3241105,1.6076814,0.12031484,0
86.49999991388904,1.3193725,1.6004318,0.095286846,0
86.54999991371731,1.3683,1.6049373,0.09979236,0
86.5999999135456,1.3362174,1.5931902,0.09377015,0
86.64999991337388,1.3706963,1.5929514,0.09402561,0
86.69999991320218,1.3463514,1.600514,0.10504377,0
86.74999991303046,1.3438756,1.6107984,0.13865328,0
86.79999991285877,1.3620948,1.6158233,0.115683675,0
86.84999991268704,1.322835,1.6353664,0.12596428,0
86.89999991251533,1.3480825,1.61431,0.11411905,0
86.9499999123436,1.3187431,1.5949844,0.14669204,0
86.9999999121719,1.3322983,1.5911375,0.09582996,0
87.0499999120002,1.3255643,1.6153144,0.1019268,0
87.09999991182848,1.3469739,1.6004831,0.10551345,0
87.14999991165676,1.3251446,1.5814954,0.1273843,0
87.19999991148504,1.3552259,1.6471014,0.11880827,0
87.24999991131334,1.3003337,1.593278,0.10304093,0
87.29999991114163,1.3224531,1.5899012,0.091561794,0
87.34999991096993,1.3530337,1.6091715,0.13213527,0
87.3999999107982,1.3508224,1.6020118,0.11350882,0
87.44999991062649,1.3524681,1.6013095,0.10032654,0
87.49999991045476,1.3120282,1.6193967,0.108621955,0
87.54999991028306,1.317752,1.6309543,0.102116466,0
87.59999991011136,1.3065271,1.6367359,0.14033377,0
87.64999990993964,1.3532186,1.5961295,0.100384474,0
87.69999990976793,1.3381082,1.6022061,0.08258104,0
87.7499999095962,1.3345888,1.6557763,0.14944887,0
87.7999999094245,1.3165802,1.6132915,0.11688936,0
87.8499999092528,1.3306354,1.5804107,0.099544525,0
87.89999990908107,1.3181843,1.629269,0.12449658,0
87.94999990890936,1.3689063,1.5932851,0.08629227,0
87.99999990873764,1.3504905,1.6056311,0.102544904,0
88.04999990856594,1.3192286,1.6869547,0.1136322,0
88.09999990839422,1.3263572,1.6121464,0.107001424,0
88.14999990822253,1.3652873,1.5948408,0.06731367,0
88.1999999080508,1.3521929,1.6149682,0.09974265,0
88.24999990787909,1.3391925,1.6542369,0.10184336,0
88.29999990770736,1.3637056,1.5928521,0.11487067,0
88.34999990753566,1.3481848,1.630691,0.107283354,0
88.39999990736396,1.3281285,1.5994154,0.10301328,0
88.44999990719224,1.3499087,1.6059015,0.12202668,0
88.49999990702052,1.3583369,1.5972006,0.14020514,0
88.5499999068488,1.3575733,1.5962874,0.10910082,0
88.5999999066771,1.3401287,1.5961103,0.098154664,0
88.64999990650539,1.3627344,1.5825012,0.10739422,0
88.69999990633369,1.3291651,1.6393375,0.1429354,0
88.74999990616196,1.3202884,1.5994945,0.11850381,0
88.79999990599025,1.3522184,1.6469011,0.12848663,0
88.84999990581852,1.3444401,1.6538236,0.0872252,0
88.89999990564682,1.2853534,1.6106306,0.12865019,0
88.94999990547512,1.3115442,1.6542504,0.1138258,0
88.9999999053034,1.3531255,1.6139863,0.09806132,0
89.04999990513168,1.3381244,1.6095691,0.11638951,0
89.09999990495996,1.3616991,1.5873252,0.12478745,0
89.14999990478826,1.3486466,1.6112802,0.117749095,0
89.19999990461656,1.3666265,1.6347228,0.12957788,0
89.24999990444483,1.3375094,1.6397005,0.15532064,0
89.29999990427312,1.3252217,1.594971,0.12193596,0
89.3499999041014,1.3452606,1.6585599,0.14191401,0
89.3999999039297,1.3623595,1.5828453,0.10149968,0
89.44999990375798,1.3784217,1.5764738,0.10697937,0
89.49999990358629,1.3085916,1.6092373,0.13012528,0
89.54999990341456,1.3237404,1.598443,0.09778011,0
89.59999990324285,1.3515809,1.6308885,0.08296859,0
89.64999990307112,1.3584878,1.629213,0.08339369,0
89.69999990289942,1.345091,1.6084793,0.12154043,0
89.74999990272772,1.3210739,1.6150053,0.10339308,0
89.799999902556,1.3388039,1.6096698,0.12274134,0
89.84999990238428,1.3377984,1.6216943,0.10278571,0
89.89999990221256,1.3182054,1.6222821,0.108852744,0
89.94999990204086,1.3397427,1.6571331,0.1337254,0
89.99999990186915,1.306144,1.6134365,0.105442286,0
90.04999990169745,1.310931,1.5932376,0.12525201,0
90.09999990152572,1.3572948,1.6376137,0.12787414,0
90.14999990135401,1.3651037,1.6225157,0.11416364,0
90.19999990118228,1.3360758,1.5971982,0.08371532,0
90.24999990101058,1.357864,1.623775,0.07694459,0
90.29999990083888,1.3454549,1.6330516,0.12790668,0
90.34999990066716,1.2851573,1.5861892,0.13930964,0
90.39999990049544,1.3520136,1.603149,0.14513016,0
90.44999990032372,1.3212748,1.5885109,0.0974617,0
90.49999990015202,1.3341155,1.5912653,0.105268,0
90.54999989998032,1.3298407,1.6135675,0.10842252,0
90.5999998998086,1.3537314,1.5989325,0.11802578,0
90.64999989963688,1.3563417,1.5896084,0.12987864,0
90.69999989946515,1.2897729,1.6300673,0.1226933,0
90.74999989929346,1.3136758,1.6280944,0.11079121,0
90.79999989912174,1.3312409,1.599745,0.10334289,0
90.84999989895005,1.3601134,1.6122255,0.12065053,0
90.89999989877832,1.3320314,1.606716,0.104175925,0
90.9499998986066,1.3580769,1.5944998,0.11107385,0
90.99999989843488,1.3157392,1.6121732,0.1049937,0
91.04999989826318,1.3313639,1.6040016,0.09310305,0
91.09999989809147,1.3445663,1.5907817,0.09850752,0
91.14999989791976,1.3296766,1.6023972,0.08334756,0
91.19999989774804,1.3129014,1.5812098,0.12399006,0
91.24999989757632,1.3434361,1.6221814,0.14173281,0
91.29999989740462,1.3634219,1.64256,0.1259141,0
91.3499998972329,1.3044465,1.5929327,0.10320091,0
91.3999998970612,1.3193996,1.6449091,0.109834194,0
91.44999989688948,1.3701448,1.5998082,0.12756586,0
91.49999989671777,1.3388774,1.6114469,0.12707865,0
91.54999989654605,1.330588,1.5851431,0.08521354,0
91.59999989637434,1.3367653,1.5996132,0.099532485,0
91.64999989620264,1.3442328,1.6139425,0.14093614,0
91.69999989603092,1.3589504,1.6206784,0.1368413,0
91.7499998958592,1.3447756,1.6323502,0.14310396,0
91.79999989568748,1.3588579,1.596751,0.11263013,0
91.84999989551578,1.3571559,1.6369178,0.11850333,0
91.89999989534407,1.3378906,1.6032851,0.101029515,0
91.94999989517235,1.3307545,1.6188247,0.106869936,0
91.99999989500064,1.3492835,1.6211559,0.108733654,0
92.04999989482891,1.301625,1.6125233,0.122841954,0
92.09999989465722,1.3370438,1.6262077,0.121062756,0
92.1499998944855,1.3152772,1.6126974,0.1363815,0
92.1999998943138,1.329764,1.5946472,0.09597564,0
92.24999989414208,1.296605,1.5799925,0.18856394,0
92.29999989397037,1.3268814,1.6209425,0.10454118,0
92.34999989379864,1.3550787,1.6040545,0.12539124,0
92.39999989362694,1.3326731,1.5986297,0.11334419,0
92.44999989345524,1.3669262,1.6057818,0.10539484,0
92.49999989328352,1.3509084,1.6251919,0.10854602,0
92.5499998931118,1.3323364,1.6341823,0.12903738,0
92.59999989294008,1.3170522,1.6383033,0.13315833,0
92.64999989276838,1.3394103,1.6098084,0.09339523,0
92.69999989259667,1.3167478,1.6267968,0.113064885,0
92.74999989242497,1.3398678,1.5897553,0.104937196,0
92.79999989225324,1.3317562,1.602633,0.09290528,0
92.84999989208153,1.3399857,1.6108289,0.085822105,0
92.8999998919098,1.3154835,1.6071208,0.08572805,0
92.9499998917381,1.3137925,1.6384107,0.1106745,0
92.9999998915664,1.3550436,1.596122,0.12000942,0
93.04999989139468,1.366548,1.6227938,0.122151494,0
93.09999989122296,1.3403025,1.6438069,0.14740479,0
93.14999989105124,1.3579652,1.6213304,0.11225593,0
93.19999989087954,1.3337005,1.6023059,0.08918238,0
93.24999989070784,1.345347,1.6416376,0.12428856,0
93.29999989053613,1.3398076,1.6000423,0.100973606,0
93.3499998903644,1.3568957,1.6289067,0.11547959,0
93.39999989019267,1.3653241,1.5980895,0.09863722,0
93.44999989002096,1.336961,1.6145111,0.10108316,0
93.49999988984926,1.3311647,1.6047118,0.09095788,0
93.54999988967757,1.3410949,1.6630576,0.099642396,0
93.59999988950584,1.3678728,1.5961907,0.081959724,0
93.64999988933413,1.353156,1.5883344,0.09703219,0
93.6999998891624,1.3519055,1.6157205,0.119318366,0
93.7499998889907,1.3645921,1.6650605,0.1132673,0
93.799999888819,1.3499206,1.6077776,0.118498445,0
93.84999988864728,1.3405318,1.645014,0.12523854,0
93.89999988847556,1.3152426,1.5930471,0.10922432,0
93.94999988830384,1.3405325,1.6115522,0.10009742,0
93.99999988813214,1.3344462,1.6081095,0.10296452,0
94.04999988796042,1.3510276,1.5994035,0.09052122,0
94.09999988778873,1.3425186,1.63977,0.1141057,0
94.149999887617,1.3287258,1.6304853,0.105909586,0
94.19999988744529,1.3382127,1.6207237,0.11791587,0
94.24999988727356,1.3645601,1.5766118,0.113770366,0
94.29999988710186,1.3799161,1.5909245,0.13012266,0
94.34999988693016,1.3260326,1.6476233,0.10492635,0
94.39999988675844,1.3419567,1.6211153,0.11345661,0
94.44999988658672,1.3285921,1.5982313,0.120918155,0
94.499999886415,1.357583,1.6027465,0.089776635,0
94.5499998862433,1.3287872,1.6151717,0.14506185,0
94.5999998860716,1.3182793,1.6430554,0.10739386,0
94.64999988589989,1.3121638,1.5915011,0.11435008,0
94.69999988572816,1.3439748,1.6393219,0.122676015,0
94.74999988555643,1.3266437,1.6370057,0.10128915,0
94.79999988538472,1.3127743,1.640264,0.12284505,0
94.84999988521302,1.3350215,1.664206,0.1073761,0
94.89999988504132,1.3501985,1.6006511,0.09792626,0
94.9499998848696,1.3165584,1.6235707,0.10096216,0
94.99999988469789,1.3428919,1.6243488,0.11551952,0
95.04999988452616,1.3799407,1.6010575,0.1161356,0
95.09999988435446,1.3288519,1.6074599,0.11843634,0
95.14999988418276,1.3418319,1.6171405,0.10703361,0
95.19999988401104,1.3266683,1.6238743,0.116154075,0
95.24999988383932,1.3427694,1.5957755,0.14117825,0
95.2999998836676,1.32012,1.5921293,0.12715864,0
95.3499998834959,1.335207,1.5816748,0.18657184,0
95.39999988332418,1.3398523,1.6000929,0.09344423,0
95.44999988315249,1.343189,1.5944369,0.09803474,0
95.49999988298076,1.3300047,1.6459734,0.14082849,0
95.54999988280905,1.3331358,1.6245108,0.13005257,0
95.59999988263732,1.3165737,1.6441367,0.14773452,0
95.64999988246562,1.3495548,1.591627,0.10478079,0
95.69999988229392,1.3662684,1.6618532,0.08894098,0
95.7499998821222,1.3536952,1.6085298,0.124795556,0
95.79999988195048,1.315152,1.603677,0.10698593,0
95.84999988177876,1.3355718,1.6100074,0.12589109,0
95.89999988160706,1.338997,1.6064749,0.10366106,0
95.94999988143535,1.3205242,1.5988388,0.09504533,0
95.99999988126365,1.3258145,1.6246521,0.14756513,0
96.04999988109192,1.34709,1.587075,0.08550167,0
96.09999988092021,1.3604183,1.6385736,0.09520531,0
96.14999988074848,1.3434559,1.614449,0.14171302,0
96.19999988057678,1.3394338,1.6219442,0.11677921,0
96.24999988040508,1.34671,1.5991528,0.092062235,0
96.29999988023336,1.3406727,1.5996568,0.09381306,0
96.34999988006165,1.3654966,1.6124008,0.10979295,0
96.39999987988992,1.337358,1.6023464,0.10342252,0
96.44999987971822,1.3380606,1.6124278,0.12494111,0
96.49999987954652,1.3468728,1.6143042,0.11546564,0
96.5499998793748,1.3138859,1.6291444,0.12653267,0
96.59999987920308,1.3366609,1.5964507,0.0919826,0
96.64999987903136,1.3281729,1.5984995,0.10691404,0
96.69999987885966,1.3468342,1.610858,0.13217306,0
96.74999987868794,1.3587552,1.6116471,0.10855293,0
96.79999987851625,1.3173921,1.6104972,0.08621168,0
96.84999987834452,1.3377478,1.5893346,0.14753044,0
96.8999998781728,1.3646079,1.5846831,0.100562096,0
96.94999987800108,1.366569,1.6052866,0.09411478,0
96.99999987782938,1.361761,1.6027548,0.13459098,0
97.04999987765768,1.3122153,1.5936971,0.1080327,0
97.09999987748596,1.3464355,1.6051235,0.09488368,0
97.14999987731424,1.3077798,1.614858,0.09903014,0
97.19999987714252,1.3393407,1.6030836,0.10128164,0
97.24999987697082,1.3420656,1.6112647,0.089666724,0
97.2999998767991,1.3208709,1.6203382,0.10369229,0
97.34999987662741,1.3321836,1.6058671,0.13320279,0
97.39999987645568,1.31639,1.6430509,0.12044239,0
97.44999987628397,1.3346574,1.6386563,0.12584579,0
97.49999987611226,1.3143227,1.6063244,0.11014426,0
97.54999987594054,1.358055,1.6078289,0.12711394,0
97.59999987576884,1.3114712,1.5734543,0.09654868,0
97.64999987559712,1.3306845,1.609896,0.13922024,0
97.6999998754254,1.3315687,1.5597993,0.10611904,0
97.74999987525368,1.3683634,1.6431358,0.096704364,0
97.79999987508198,1.3168072,1.5965374,0.11526358,0
97.84999987491027,1.3154458,1.5993629,0.12482679,0
97.89999987473855,1.3199025,1.6007485,0.11788392,0
97.94999987456684,1.3430212,1.6149949,0.11148739,0
97.99999987439512,1.2890868,1.6146803,0.2019937,0
98.04999987422342,1.330877,1.6167403,0.11159539,0
98.0999998740517,1.3334723,1.6394091,0.1224165,0
98.14999987388,1.3585483,1.5885688,0.084112644,0
98.19999987370828,1.2972186,1.5997916,0.14268124,0
98.24999987353657,1.3521616,1.5848289,0.11430001,0
98.29999987336485,1.3499067,1.6248281,0.11188054,0
98.34999987319314,1.3319452,1.616072,0.13274121,0
98.39999987302144,1.3292729,1.6151737,0.12480497,0
98.44999987284972,1.3237591,1.6422831,0.13052762,0
98.499999872678,1.3603169,1.6149712,0.12202191,0
98.54999987250628,1.2949461,1.5977263,0.093841076,0
98.59999987233458,1.3497757,1.6317432,0.113328695,0
98.64999987216287,1.351822,1.6091467,0.10560787,0
98.69999987199117,1.2917087,1.6197456,0.14366484,0
98.74999987181944,1.3389145,1.6101097,0.118608475,0
98.79999987164773,1.347552,1.6078513,0.11939764,0
98.849999871476,1.3372678,1.6238561,0.10487628,0
98.8999998713043,1.3195815,1.5950665,0.13864934,0
98.9499998711326,1.3459918,1.6559778,0.08787334,0
98.99999987096088,1.3766732,1.634575,0.13074028,0
99.04999987078916,1.3244758,1.6004038,0.10400164,0
99.09999987061744,1.3593581,1.6198943,0.11474931,0
99.14999987044574,1.3171434,1.6101052,0.14723384,0
99.19999987027404,1.3357853,1.6054235,0.092213035,0
99.24999987010231,1.3461274,1.6218399,0.11416972,0
99.2999998699306,1.263705,1.6215913,0.09898281,0
99.34999986975888,1.3456255,1.6415309,0.08080244,0
99.39999986958718,1.3141582,1.6026748,0.14058185,0
99.44999986941546,1.3277478,1.6077821,0.09359598,0
99.49999986924377,1.2922174,1.6367697,0.08950174,0
99.54999986907204,1.3463986,1.6102891,0.10663676,0
99.59999986890033,1.3096203,1.6259485,0.10930264,0
99.6499998687286,1.357964,1.6188203,0.10999715,0
99.6999998685569,1.3681005,1.6442586,0.097451806,0
99.7499998683852,1.3646357,1.6085589,0.11371982,0
99.79999986821348,1.3315166,1.6049597,0.10315859,0
99.84999986804176,1.2921752,1.6144772,0.09661198,0
99.89999986787004,1.3596588,1.6435404,0.13839543,0
99.94999986769834,1.3567287,1.6576647,0.109008074,0
