window_ns,ligand_pose_rmsd_A_mean,ligand_pose_rmsd_A_max,ligand_sasa_nm2_mean,contact_atoms_4A_mean,contact_atoms_4A_min,contact_atoms_8A_mean,contact_atoms_8A_min
0-20,2.3053079,2.863344,0.17297098,56.25,44,354.675,342
20-40,2.3071892,2.6003764,0.18688443,60.8,52,353.95,343
40-60,2.2128322,2.453591,0.2174901,59.3,51,349.125,339
60-80,2.1277115,2.4721353,0.1767705,61.325,49,352.575,344
80-90,2.1648822,2.347578,0.16216484,60.5,52,353.05,347
90-100,2.0572972,2.231085,0.21236794,59.7,51,353.9,343
