window_ns,ligand_pose_rmsd_A_mean,ligand_pose_rmsd_A_max,ligand_sasa_nm2_mean,contact_atoms_4A_mean,contact_atoms_4A_min,contact_atoms_8A_mean,contact_atoms_8A_min
0-20,1.0013353,1.517409,0.12098104,49.7,41,352.1,340
20-40,1.3777477,1.8151503,0.23701091,47.25,38,346.75,333
40-60,1.136158,1.772516,0.20077613,45.425,39,340.35,322
60-80,1.1119906,1.3729502,0.18097967,46.125,38,343.825,331
80-90,1.1278892,1.4046317,0.15538481,48.7,42,347.9,340
90-100,1.3761137,1.6411021,0.20845251,44.45,39,345.55,340
